t_s,lin_ax_raw_mps2,lin_ax_filt_mps2,lin_ay_raw_mps2,lin_ay_filt_mps2,lin_az_raw_mps2,lin_az_filt_mps2,roll_deg,pitch_deg,raw_ax_mps2,raw_ay_mps2,raw_az_mps2,bike_long_acc_raw_mps2,bike_long_acc_filt_mps2,speed_kmh,hall_f_hz,hall_r_hz,gps_fix
0.007,0.3555,0.2153,-0.1445,0.1717,0.5312,0.1791,-2.69,1.23,0.1523,-0.5742,9.8828,0.3508,0.3485,40.74,0.00,0.00,1
0.024,0.3164,0.2600,0.1250,0.0855,-0.0039,0.2563,-2.70,1.24,0.1133,-0.3047,9.3437,0.3138,0.3413,40.74,0.00,0.00,1
0.048,0.2109,0.2630,0.0469,0.0869,0.4922,0.2438,-2.72,1.28,-0.6133,-0.4609,8.3125,-0.4073,0.2523,40.74,0.00,0.00,1
0.058,-0.4023,0.2059,-0.0234,0.0752,-1.0391,0.1595,-2.71,1.28,-0.6133,-0.4609,8.3125,-0.4063,0.1511,40.74,0.00,0.00,1
0.075,0.0977,0.0734,0.2461,0.0688,0.8398,-0.0301,-2.72,1.29,-0.1133,-0.1914,10.1875,0.0959,0.1040,40.74,0.00,0.00,1
0.096,0.2969,0.1258,-0.2539,0.0186,0.0352,0.0884,-2.74,1.32,-1.1484,-0.3828,8.2734,-0.9355,0.0694,40.74,0.00,0.00,1
0.115,-0.1250,-0.0994,0.0156,0.0101,-0.2734,-0.1811,-2.75,1.31,-0.3437,-0.4219,9.0781,-0.1314,-0.0951,40.74,0.00,0.00,1
0.126,-0.1250,-0.1033,0.0156,0.0109,-0.2734,-0.1953,-2.75,1.31,-0.5352,-0.6523,8.8125,-0.3227,-0.1160,40.74,0.00,0.00,1
0.145,0.6016,-0.0784,0.2148,-0.0044,0.9531,-0.1569,-2.75,1.29,0.3828,-0.2305,10.3086,0.5915,-0.0347,40.74,0.00,0.00,1
0.164,0.2109,0.1222,0.1406,0.0644,0.4180,0.1787,-2.76,1.25,0.0000,-0.3047,9.7695,0.2017,0.0924,40.74,0.00,0.00,1
0.177,0.2109,0.1358,0.1406,0.0761,0.4180,0.2155,-2.77,1.27,0.0000,-0.8438,9.5430,0.2049,0.1097,40.74,0.00,0.00,1
0.195,0.4023,0.1767,0.1406,-0.0116,0.3398,0.2313,-2.78,1.27,0.1914,-0.3047,9.6914,0.3958,0.1845,40.74,0.00,0.00,1
0.219,0.2500,0.2302,-0.1367,-0.0023,0.3398,0.2683,-2.79,1.29,-0.6914,-0.4219,8.3125,-0.4822,0.1563,40.74,0.00,0.00,1
0.228,-0.4805,0.1748,0.0234,-0.0102,-1.0391,0.1690,-2.79,1.29,-0.6914,-0.4219,8.3125,-0.4822,0.0582,40.74,0.00,0.00,1
0.245,0.2109,0.0443,0.2539,0.0178,1.0313,-0.0080,-2.79,1.30,0.0000,-0.1914,10.3828,0.2108,0.0581,40.74,0.00,0.00,1
0.266,0.2969,0.1201,-0.3594,-0.0374,-0.0820,0.0999,-2.80,1.32,-1.0352,-0.3437,8.4219,-0.8222,0.0483,40.74,0.00,0.00,1
0.284,-0.2031,-0.0863,-0.1289,-0.0349,-0.3398,-0.1545,-2.81,1.32,-0.4219,-0.5742,9.0039,-0.2084,-0.1124,40.74,0.00,0.00,1
0.296,-0.2031,-0.1042,-0.1289,-0.0493,-0.3398,-0.1830,-2.81,1.32,-0.5742,-0.6914,8.7773,-0.3613,-0.1394,40.74,0.00,0.00,1
0.317,-0.3633,-0.1677,-0.2461,-0.0978,-0.5703,-0.2785,-2.81,1.28,0.2695,-0.3437,10.0312,0.4766,-0.1361,40.74,0.00,0.00,1
0.336,0.2031,-0.0173,0.1758,-0.0438,0.5703,-0.0298,-2.81,1.25,0.0000,-0.2695,9.9219,0.2022,0.0121,40.74,0.00,0.00,1
0.348,0.2031,0.0166,0.1758,-0.0101,0.5703,0.0624,-2.81,1.27,0.0781,-0.8047,9.3437,0.2831,0.0480,40.74,0.00,0.00,1
0.365,0.2109,0.0983,0.1406,-0.0585,0.3008,0.0970,-2.81,1.28,0.0000,-0.3047,9.6523,0.2060,0.1110,40.74,0.00,0.00,1
0.388,0.2891,0.1487,-0.1289,-0.0320,0.4180,0.1845,-2.82,1.30,-0.9180,-0.6133,8.1211,-0.7072,0.0871,40.74,0.00,0.00,1
0.398,-0.7070,0.0906,-0.1680,-0.0500,-1.2305,0.0885,-2.82,1.31,-0.9180,-0.6133,8.1211,-0.7061,-0.0347,40.74,0.00,0.00,1
0.416,0.2109,-0.0622,0.0234,-0.0682,0.5391,-0.1440,-2.81,1.30,0.0000,-0.4219,9.8828,0.2102,-0.0227,40.74,0.00,0.00,1
0.437,-0.2500,-0.0711,-0.2070,-0.0879,-0.1211,-0.0572,-2.82,1.29,-0.7266,-0.4961,8.3125,-0.5185,-0.1221,40.74,0.00,0.00,1
0.449,-0.5156,-0.1198,-0.0508,-0.0937,-1.0391,-0.1405,-2.82,1.29,-0.7266,-0.4961,8.3125,-0.5184,-0.1830,40.74,0.00,0.00,1
0.468,-0.1328,-0.1960,0.0312,-0.0665,0.0703,-0.2764,-2.82,1.28,0.1523,-0.6133,9.6484,0.3589,-0.1496,40.74,0.00,0.00,1
0.486,0.3633,-0.0683,-0.1680,-0.0829,0.3008,-0.1271,-2.81,1.30,0.1523,-0.3828,9.6094,0.3626,-0.0045,40.74,0.00,0.00,1
0.504,0.3320,0.0764,0.1484,-0.0396,1.0391,0.0699,-2.81,1.32,0.1133,-0.3047,10.3828,0.3262,0.1123,40.74,0.00,0.00,1
0.517,0.3320,0.1156,0.1484,-0.0107,1.0391,0.2188,-2.81,1.33,0.2695,-0.9570,9.6484,0.4852,0.1581,40.74,0.00,0.00,1
0.536,-0.0859,0.1878,0.2539,-0.0825,-0.3047,0.2422,-2.81,1.33,-0.3047,-0.1914,9.0430,-0.0885,0.1426,40.74,0.00,0.00,1
0.555,-0.1641,0.1039,0.1016,0.0008,0.0781,0.1177,-2.80,1.32,-0.3828,-0.3437,9.4219,-0.1698,0.0591,40.74,0.00,0.00,1
0.568,-0.8984,-0.0142,-0.1680,0.0015,-1.6133,-0.0264,-2.80,1.30,-1.1094,-0.6133,7.7383,-0.8991,-0.1528,40.74,0.00,0.00,1
0.586,0.1328,-0.1824,0.2930,-0.0097,0.7695,-0.2858,-2.79,1.28,-0.0781,-0.1523,10.1094,0.1289,-0.1370,40.74,0.00,0.00,1
0.607,0.0195,-0.1000,-0.1680,-0.0085,-0.1484,-0.1292,-2.80,1.29,-0.6914,-0.5352,8.7734,-0.4827,-0.1249,40.74,0.00,0.00,1
0.619,-0.4805,-0.1217,-0.0898,-0.0268,-0.5703,-0.1659,-2.79,1.30,-0.6914,-0.5352,8.7734,-0.4806,-0.1796,40.74,0.00,0.00,1
0.638,0.2500,-0.1318,0.0234,-0.0309,0.1562,-0.1922,-2.79,1.32,0.0781,-0.4609,9.8477,0.2916,-0.0713,40.74,0.00,0.00,1
0.657,0.2969,-0.0131,-0.0156,-0.0241,0.5078,-0.0155,-2.79,1.33,-0.1133,-0.2305,9.3086,0.1013,0.0167,40.74,0.00,0.00,1
0.675,0.2187,0.0457,0.3672,0.0563,0.7773,0.0739,-2.79,1.33,0.0000,-0.0781,10.1094,0.2146,0.0701,40.74,0.00,0.00,1
0.688,0.2187,0.0723,0.3672,0.1041,0.7773,0.1819,-2.79,1.32,0.3828,-0.8438,9.7656,0.5963,0.1228,40.74,0.00,0.00,1
0.706,-0.0937,0.1752,0.0234,0.0104,-0.2656,0.2315,-2.79,1.31,-0.3047,-0.4219,9.0820,-0.0922,0.1317,40.74,0.00,0.00,1
0.725,-0.0195,0.1048,0.0625,0.0172,0.1641,0.1249,-2.79,1.29,-0.2305,-0.3828,9.5000,-0.0223,0.0835,40.74,0.00,0.00,1
0.738,-0.7852,0.0161,-0.2812,-0.0003,-1.3672,0.0111,-2.79,1.28,-0.9961,-0.7266,7.9727,-0.7895,-0.1096,40.74,0.00,0.00,1
0.755,0.3555,-0.1674,0.4062,-0.0411,0.8164,-0.2841,-2.79,1.26,0.1523,-0.0391,10.1484,0.3552,-0.0883,40.74,0.00,0.00,1
0.778,-0.2500,-0.0822,-0.1289,0.0292,-0.2969,-0.0799,-2.79,1.27,-0.7656,-0.4961,8.3906,-0.5612,-0.1353,40.74,0.00,0.00,1
0.789,-0.5547,-0.1323,-0.0508,0.0112,-0.9453,-0.1651,-2.80,1.28,-0.7656,-0.4961,8.3906,-0.5596,-0.2005,40.74,0.00,0.00,1
0.808,0.0664,-0.1809,0.1094,0.0147,0.2773,-0.2433,-2.81,1.29,0.0391,-0.7266,9.4648,0.2473,-0.1332,40.74,0.00,0.00,1
0.826,0.2578,-0.0684,-0.2734,-0.0432,0.1172,-0.1311,-2.80,1.31,-0.0391,-0.3437,9.4219,0.1729,-0.0306,40.74,0.00,0.00,1
0.840,0.1797,-0.0082,0.1094,-0.0353,0.0781,-0.0821,-2.80,1.30,0.0000,-0.2305,10.1875,0.2103,0.0172,40.74,0.00,0.00,1
0.857,0.2266,0.0555,0.2227,0.0308,0.8555,0.1353,-2.81,1.32,0.4609,-0.9570,9.7305,0.6751,0.1098,40.74,0.00,0.00,1
0.877,-0.0039,0.1892,0.3398,-0.0424,0.0508,0.2226,-2.81,1.32,-0.2305,-0.1133,9.3828,-0.0164,0.1492,40.74,0.00,0.00,1
0.895,-0.0508,0.1180,-0.0078,0.0601,-0.0273,0.1578,-2.81,1.30,-0.2695,-0.4609,9.3047,-0.0597,0.0830,40.74,0.00,0.00,1
0.908,-0.8164,0.0194,-0.2734,0.0238,-1.4141,0.0059,-2.81,1.29,-1.0352,-0.7266,7.9297,-0.8270,-0.1183,40.74,0.00,0.00,1
0.925,0.1719,-0.1865,0.2227,-0.0378,0.7773,-0.3013,-2.80,1.28,-0.0391,-0.2305,10.1133,0.1670,-0.1399,40.74,0.00,0.00,1
0.949,0.0273,-0.0865,-0.2383,-0.0198,-0.0977,-0.0680,-2.81,1.30,-0.7266,-0.6133,8.4648,-0.5168,-0.1206,40.74,0.00,0.00,1
0.959,-0.5078,-0.1118,-0.1602,-0.0471,-0.8633,-0.1338,-2.81,1.31,-0.7266,-0.6133,8.4648,-0.5151,-0.1812,40.74,0.00,0.00,1
0.976,0.1484,-0.1716,0.1484,-0.0545,0.2109,-0.2547,-2.81,1.32,-0.0781,-0.3047,9.5391,0.1360,-0.1318,40.74,0.00,0.00,1
0.996,0.5312,0.0222,-0.1992,-0.0623,0.4414,-0.0450,-2.80,1.32,-0.1523,-0.1914,9.5391,0.0612,0.0535,40.74,0.00,0.00,1
1.015,0.4492,0.0945,0.0703,0.0065,0.5156,0.0799,-2.80,1.30,0.2305,-0.3828,9.8437,0.4408,0.1397,40.74,0.00,0.00,1
1.027,0.4492,0.1490,0.0703,0.0163,0.5156,0.1468,-2.79,1.28,0.0391,-0.8047,9.8828,0.2462,0.1702,40.74,0.00,0.00,1
1.046,0.2578,0.1918,-0.3516,-0.0618,0.5547,0.2600,-2.80,1.29,-0.5352,-0.4219,8.5781,-0.3264,0.1462,40.74,0.00,0.00,1
1.065,-0.1641,0.0636,-0.0430,-0.0579,-0.0586,0.0466,-2.79,1.30,-0.3828,-0.4961,9.2656,-0.1730,0.0189,40.74,0.00,0.00,1
1.078,-0.1641,0.0287,-0.0430,-0.0556,-0.0586,0.0304,-2.79,1.31,-0.9180,-0.6523,8.1953,-0.7055,-0.0530,40.74,0.00,0.00,1
1.095,0.3711,-0.1032,0.3008,-0.0556,0.8633,-0.1441,-2.78,1.32,0.1523,-0.1523,10.1914,0.3654,-0.0383,40.74,0.00,0.00,1
1.116,0.1133,0.0107,-0.1133,0.0123,0.0586,0.0772,-2.79,1.34,-0.1133,-0.5742,9.3828,0.1040,0.0183,40.74,0.00,0.00,1
1.129,-0.5391,-0.0188,-0.0430,-0.0098,-0.6328,0.0178,-2.79,1.34,-0.7656,-0.4961,8.6992,-0.5483,-0.1071,40.74,0.00,0.00,1
1.146,0.2266,-0.1051,0.0703,-0.0102,0.1328,-0.1055,-2.78,1.34,0.0000,-0.3828,9.4648,0.2179,-0.0626,40.74,0.00,0.00,1
1.167,0.3398,0.0330,-0.1602,-0.0337,0.5547,0.0691,-2.77,1.33,-0.2695,-0.3047,9.1172,-0.0538,0.0407,40.74,0.00,0.00,1
1.180,-0.0508,0.0489,0.1484,-0.0285,-0.2109,0.0825,-2.76,1.31,-0.2695,-0.3047,9.1172,-0.0570,0.0257,40.74,0.00,0.00,1
1.199,0.4414,0.0905,0.1484,0.0318,0.6719,0.1180,-2.76,1.29,0.1523,-0.7266,9.7656,0.3606,0.1320,40.74,0.00,0.00,1
1.217,0.3633,0.1728,-0.2734,-0.0285,0.4414,0.2241,-2.76,1.30,-0.6523,-0.3047,8.6562,-0.4414,0.1330,40.74,0.00,0.00,1
1.235,-0.3164,0.0211,-0.0430,-0.0076,-0.2969,0.0125,-2.76,1.31,-0.5352,-0.4961,9.0430,-0.3232,-0.0368,40.74,0.00,0.00,1
1.248,-0.3164,-0.0308,-0.0430,-0.0131,-0.2969,-0.0351,-2.75,1.33,-0.8438,-0.6523,8.5039,-0.6291,-0.1051,40.74,0.00,0.00,1
1.265,0.4883,-0.1266,0.2227,-0.0354,0.6328,-0.1573,-2.75,1.32,0.2695,-0.2305,9.9609,0.4836,-0.0372,40.74,0.00,0.00,1
1.286,0.0352,0.0115,0.1094,0.0287,0.5547,0.0605,-2.75,1.34,-0.1914,-0.3437,9.8828,0.0254,0.0092,40.74,0.00,0.00,1
1.299,0.1406,0.0252,-0.3203,0.0122,-0.0977,0.1177,-2.75,1.34,-0.0781,-0.7656,9.2266,0.1387,0.0379,40.74,0.00,0.00,1
1.316,0.1797,0.0611,0.1406,-0.0452,0.1719,0.0782,-2.74,1.32,-0.0391,-0.3047,9.5000,0.1745,0.0746,40.74,0.00,0.00,1
1.339,0.4102,0.1731,0.1016,0.0168,0.7852,0.2890,-2.74,1.32,-0.9570,-0.6133,7.8906,-0.7440,0.1125,40.74,0.00,0.00,1
1.350,-0.7383,0.1177,-0.1680,0.0083,-1.4375,0.1874,-2.73,1.32,-0.9570,-0.6133,7.8906,-0.7429,-0.0189,40.74,0.00,0.00,1
1.368,0.2187,-0.0271,0.2930,0.0190,0.5547,-0.0606,-2.73,1.34,-0.9180,-0.5742,8.8437,-0.7012,-0.0672,40.74,0.00,0.00,1
1.387,-0.6992,-0.1606,-0.1289,0.0033,-0.4805,-0.1152,-2.74,1.34,-0.5352,-0.4961,8.5039,-0.3178,-0.2161,40.74,0.00,0.00,1
1.405,0.0664,-0.2050,0.0234,-0.0137,0.3242,-0.2453,-2.73,1.33,-0.1523,-0.4219,9.6523,0.0628,-0.1662,40.74,0.00,0.00,1
1.418,0.0664,-0.1633,0.0234,-0.0080,0.3242,-0.1578,-2.73,1.33,0.2305,-0.4961,9.7695,0.4456,-0.1004,40.74,0.00,0.00,1
1.436,0.2187,0.0051,0.1406,-0.0030,0.1328,0.0151,-2.73,1.32,0.0000,-0.3047,9.4609,0.2136,0.0345,40.74,0.00,0.00,1
1.456,0.3320,0.0748,0.2148,0.0437,0.6719,0.0916,-2.74,1.32,0.1133,-0.2305,10.0000,0.3263,0.1101,40.74,0.00,0.00,1
1.469,0.5625,0.1501,-0.4375,0.0294,0.4805,0.2047,-2.73,1.34,0.3437,-0.8828,9.8047,0.5605,0.2096,40.74,0.00,0.00,1
1.486,-0.3477,0.2179,0.1758,-0.0807,-0.3320,0.2321,-2.74,1.35,-0.5742,-0.2695,9.0000,-0.3553,0.1267,40.74,0.00,0.00,1
1.508,-0.1172,0.0605,0.1016,-0.0047,-0.1055,0.0746,-2.74,1.37,-1.1484,-0.6523,7.7773,-0.9268,-0.0359,40.74,0.00,0.00,1
1.520,-0.9219,-0.0312,-0.2070,-0.0130,-1.5586,-0.0693,-2.74,1.35,-1.1484,-0.6523,7.7773,-0.9295,-0.1732,40.74,0.00,0.00,1
1.539,0.3320,-0.1422,0.3320,0.0036,0.9688,-0.1888,-2.74,1.33,-0.1133,-0.5352,9.3867,0.1024,-0.0924,40.74,0.00,0.00,1
1.557,0.1055,-0.0579,-0.0898,0.0034,0.0508,-0.0637,-2.74,1.32,-0.6914,-0.4609,8.6992,-0.4783,-0.0842,40.74,0.00,0.00,1
1.576,0.2187,-0.1108,0.1016,0.0020,0.2422,-0.1501,-2.73,1.31,0.0000,-0.3437,9.5820,0.2115,-0.0658,40.74,0.00,0.00,1
1.588,0.2187,-0.0602,0.1016,0.0173,0.2422,-0.0899,-2.74,1.32,0.0391,-0.6133,9.6094,0.2521,-0.0198,40.74,0.00,0.00,1
1.606,0.1797,0.0397,0.2539,0.0033,0.1250,0.0211,-2.74,1.33,-0.0391,-0.1914,9.4609,0.1756,0.0561,40.74,0.00,0.00,1
1.626,0.2578,0.0857,0.3008,0.0782,0.7383,0.0996,-2.75,1.34,0.0391,-0.1523,10.0742,0.2558,0.1076,40.74,0.00,0.00,1
1.639,0.2578,0.1121,0.3008,0.1124,0.7383,0.1977,-2.75,1.36,0.3828,-0.8438,9.8477,0.6028,0.1583,40.74,0.00,0.00,1
1.656,-0.1172,0.2034,0.1094,0.0205,-0.2109,0.2592,-2.76,1.37,-0.3437,-0.3437,9.1211,-0.1221,0.1496,40.74,0.00,0.00,1
1.679,-0.0781,0.1001,0.1094,0.0508,0.0195,0.1343,-2.76,1.38,-0.9180,-0.6914,7.9687,-0.6947,0.0196,40.74,0.00,0.00,1
1.690,-0.6914,0.0236,-0.2383,0.0320,-1.3594,0.0064,-2.77,1.36,-0.9180,-0.6914,7.9687,-0.6969,-0.0905,40.74,0.00,0.00,1
1.709,0.3711,-0.0569,0.2617,0.0166,0.9297,-0.1076,-2.77,1.35,-0.3047,-0.5352,9.3086,-0.0857,-0.0310,40.74,0.00,0.00,1
1.728,-0.0859,-0.0367,-0.0820,0.0101,-0.0273,-0.0253,-2.77,1.34,-0.8047,-0.6133,8.1172,-0.5873,-0.0870,40.74,0.00,0.00,1
1.747,-0.0508,-0.1525,0.1484,-0.0188,0.2422,-0.2462,-2.78,1.32,-0.2695,-0.3047,9.5781,-0.0554,-0.1397,40.74,0.00,0.00,1
1.758,-0.0508,-0.1368,0.1484,0.0069,0.2422,-0.1712,-2.78,1.32,0.2695,-0.6523,9.7305,0.4826,-0.0838,40.74,0.00,0.00,1
1.777,0.0664,-0.0269,0.1836,0.0018,0.0859,-0.0449,-2.78,1.33,0.2695,-0.6523,9.7305,0.4853,0.0775,40.74,0.00,0.00,1
1.795,0.5625,0.0446,0.0781,0.0554,0.6719,0.0466,-2.79,1.35,0.3437,-0.3828,10.0039,0.5627,0.2332,40.74,0.00,0.00,1
1.809,0.5625,0.1242,0.0781,0.0589,0.6719,0.1426,-2.80,1.36,0.0000,-0.6914,9.6523,0.2211,0.2566,40.74,0.00,0.00,1
1.826,-0.3867,0.1293,0.1172,0.0057,-0.6719,0.1448,-2.80,1.36,-0.6133,-0.3437,8.6602,-0.3932,0.1084,40.74,0.00,0.00,1
1.849,-0.3164,-0.0358,-0.0742,0.0143,-0.2891,-0.0748,-2.80,1.34,-0.7266,-0.6523,8.5820,-0.5092,-0.0565,40.74,0.00,0.00,1
1.860,-0.5078,-0.0943,-0.1914,-0.0087,-0.7461,-0.1443,-2.80,1.34,-0.7266,-0.6523,8.5820,-0.5103,-0.1262,40.74,0.00,0.00,1
1.879,0.3711,-0.1002,0.1172,-0.0236,0.5547,-0.1497,-2.80,1.32,-0.1914,-0.2695,9.8437,0.0222,-0.0362,40.74,0.00,0.00,1
1.897,0.0273,-0.0426,0.1914,0.0328,0.5156,0.0414,-2.81,1.35,0.2305,-0.8828,9.3828,0.4489,0.0151,40.74,0.00,0.00,1
1.917,0.2266,0.0846,0.1562,-0.0408,0.4414,0.1041,-2.81,1.36,0.0000,-0.3047,9.7695,0.2211,0.1126,40.74,0.00,0.00,1
1.928,0.2266,0.1160,0.1562,0.0028,0.4336,0.1776,-2.82,1.36,0.1914,-0.4219,9.7305,0.4115,0.1517,40.74,0.00,0.00,1
1.947,0.4180,0.1898,0.0391,0.0204,0.4023,0.2433,-2.82,1.34,-1.1484,-0.6133,7.9336,-0.9310,0.1178,40.74,0.00,0.00,1
1.966,0.2891,-0.0171,0.1172,-0.0060,0.3633,-0.0739,-2.82,1.31,0.0781,-0.3437,9.6914,0.2902,0.0300,40.74,0.00,0.00,1
1.979,0.2891,0.0299,0.1172,0.0129,0.3633,-0.0067,-2.82,1.30,-0.5742,-0.6914,9.4648,-0.3643,0.0175,40.74,0.00,0.00,1
1.996,-0.6250,-0.0877,-0.0742,-0.0376,-1.2070,-0.0531,-2.82,1.32,-0.8438,-0.5352,8.1211,-0.6301,-0.1712,40.74,0.00,0.00,1
2.016,-0.0508,-0.1941,0.1562,-0.0296,0.2500,-0.2638,-2.82,1.33,-0.2695,-0.3047,9.5781,-0.0543,-0.1741,40.74,0.00,0.00,1
2.030,0.1055,-0.1499,-0.2305,-0.0194,-0.1328,-0.1807,-2.82,1.35,-0.1133,-0.6914,9.1992,0.1047,-0.1126,40.74,0.00,0.00,1
2.047,0.4102,-0.0531,0.2305,-0.0424,0.5547,-0.1121,-2.81,1.33,0.1914,-0.2305,9.8867,0.4072,0.0161,40.74,0.00,0.00,1
2.068,0.2578,0.0860,0.0391,0.0107,0.4023,0.1061,-2.82,1.35,0.1523,-0.7656,9.7695,0.3703,0.1198,40.74,0.00,0.00,1
2.089,0.1406,0.1583,0.1562,-0.0402,-0.0586,0.1782,-2.82,1.34,-0.0781,-0.3047,9.2695,0.1393,0.1540,40.74,0.00,0.00,1
2.099,0.1406,0.1544,0.1562,0.0033,-0.0586,0.1258,-2.82,1.33,-0.0391,-0.3047,9.6875,0.1757,0.1533,40.74,0.00,0.00,1
2.117,0.1797,0.1591,0.1562,0.0467,0.3555,0.1651,-2.82,1.31,-1.0742,-0.4961,7.8945,-0.8622,0.0762,40.74,0.00,0.00,1
2.135,0.2891,-0.0375,0.2305,0.0510,0.6992,-0.1091,-2.81,1.29,0.0781,-0.2305,10.0352,0.2859,0.0103,40.74,0.00,0.00,1
2.149,0.2891,0.0127,0.2305,0.0786,0.6992,0.0150,-2.81,1.29,-0.4609,-0.5352,9.2656,-0.2532,0.0095,40.74,0.00,0.00,1
2.166,-0.4805,-0.0644,-0.1914,0.0346,-0.9766,-0.0417,-2.82,1.31,-0.6914,-0.6523,8.3555,-0.4794,-0.1298,40.74,0.00,0.00,1
2.187,0.0586,-0.1393,0.0000,-0.0142,0.2109,-0.2118,-2.82,1.32,-0.1523,-0.4609,9.5430,0.0613,-0.1092,40.74,0.00,0.00,1
2.200,0.4102,-0.0674,-0.1523,-0.0233,0.3633,-0.1061,-2.82,1.33,0.1914,-0.6133,9.6875,0.4067,0.0049,40.74,0.00,0.00,1
2.217,0.2500,0.0553,0.3086,-0.0230,0.2773,0.0202,-2.82,1.30,0.0391,-0.1523,9.6094,0.2484,0.0840,40.74,0.00,0.00,1
2.239,0.3242,0.1530,0.2305,0.0854,0.6992,0.2411,-2.82,1.28,0.1523,-0.8438,9.6484,0.3596,0.1807,40.74,0.00,0.00,1
2.257,0.3633,0.2102,-0.3828,-0.0092,0.3164,0.2863,-2.82,1.28,-0.4609,-0.2695,8.8125,-0.2537,0.1823,40.74,0.00,0.00,1
2.269,-0.2500,0.1499,0.1914,-0.0037,-0.5234,0.1639,-2.82,1.27,-0.3828,-0.4219,9.2266,-0.1772,0.0917,40.74,0.00,0.00,1
2.287,-0.1719,0.0537,0.0391,0.0179,-0.1055,0.0615,-2.83,1.30,-0.8438,-0.6523,8.2773,-0.6333,-0.0205,40.74,0.00,0.00,1
2.306,0.3242,-0.0757,0.2305,-0.0065,0.5859,-0.1334,-2.83,1.31,0.1133,-0.2305,9.9258,0.3253,-0.0171,40.74,0.00,0.00,1
2.319,0.3242,-0.0143,0.2305,0.0299,0.5859,-0.0229,-2.84,1.33,-0.0781,-0.3437,10.0039,0.1371,0.0207,40.74,0.00,0.00,1
2.336,0.1055,0.0462,-0.3828,0.0262,-0.3633,0.1246,-2.85,1.33,-0.1133,-0.8438,8.9648,0.1025,0.0530,40.74,0.00,0.00,1
2.356,0.0664,0.0599,0.2305,-0.0408,0.2109,0.0322,-2.85,1.32,-0.1523,-0.2305,9.5391,0.0608,0.0579,40.74,0.00,0.00,1
2.370,0.5156,0.0973,0.1172,0.0102,0.6719,0.1086,-2.84,1.31,0.3047,-0.3437,10.0000,0.5162,0.1595,40.74,0.00,0.00,1
2.387,-0.8906,0.1034,-0.2227,0.0134,-1.3203,0.1090,-2.85,1.33,-1.1094,-0.6914,8.0078,-0.8936,-0.0514,40.74,0.00,0.00,1
2.409,0.0273,-0.0945,0.2383,0.0037,0.6328,-0.0783,-2.85,1.35,-0.3437,-0.4961,9.0430,-0.1258,-0.0900,40.74,0.00,0.00,1
2.421,-0.1250,-0.0879,-0.0273,0.0185,-0.2891,-0.0428,-2.86,1.35,-0.3437,-0.4961,9.0430,-0.1253,-0.0955,40.74,0.00,0.00,1
2.440,-0.0859,-0.0946,0.0078,0.0083,-0.0977,-0.0974,-2.86,1.35,-0.1523,-0.4609,9.3047,0.0672,-0.0820,40.74,0.00,0.00,1
2.457,0.0664,-0.0584,0.0078,0.0081,-0.0195,-0.0802,-2.85,1.35,0.4961,-0.3828,10.4922,0.7140,0.0117,40.74,0.00,0.00,1
2.476,-0.7695,0.0509,-0.2578,0.0027,-1.0938,0.0964,-2.87,1.38,-0.9961,-0.7266,8.2383,-0.7717,-0.0774,40.74,0.00,0.00,1
2.489,-0.7695,-0.0751,-0.2578,-0.0373,-1.0938,-0.0864,-2.87,1.38,-0.2695,-0.4219,9.7266,-0.0462,-0.1261,40.74,0.00,0.00,1
2.506,-0.6562,-0.1603,0.0078,-0.0356,-0.9375,-0.1482,-2.87,1.38,-0.8828,-0.4609,8.3945,-0.6595,-0.1976,40.74,0.00,0.00,1
2.526,0.2266,-0.2588,-0.0664,-0.0267,0.4805,-0.3039,-2.87,1.39,0.0000,-0.5352,9.8047,0.2260,-0.1590,40.74,0.00,0.00,1
2.540,0.2266,-0.1842,-0.0664,-0.0328,0.4805,-0.1834,-2.87,1.40,0.2305,-0.4609,9.8086,0.4581,-0.0812,40.74,0.00,0.00,1
2.558,0.6562,0.0387,0.0859,-0.0170,0.8984,0.0764,-2.87,1.42,0.4219,-0.3828,10.2266,0.6532,0.1458,40.74,0.00,0.00,1
2.579,-0.5703,0.0608,-0.0273,0.0007,-1.0547,0.0566,-2.86,1.40,-0.0391,-0.4609,10.0312,0.1875,0.0309,40.74,0.00,0.00,1
2.597,0.1875,0.0496,0.0078,0.0005,0.7070,0.1313,-2.86,1.37,-0.4219,-0.6914,9.0430,-0.1996,0.0440,40.74,0.00,0.00,1
2.610,-0.1953,0.0213,-0.2305,-0.0345,-0.2891,0.1057,-2.85,1.38,-0.8438,-0.5352,8.4648,-0.6194,-0.0432,40.74,0.00,0.00,1
2.627,-0.6172,-0.1335,-0.0664,-0.0537,-0.8633,-0.1333,-2.85,1.40,-0.3828,-0.4609,9.1602,-0.1563,-0.1692,40.74,0.00,0.00,1
2.648,0.2344,-0.1364,-0.1914,-0.0545,0.0586,-0.1676,-2.85,1.41,0.0000,-0.6523,9.3867,0.2292,-0.0797,40.74,0.00,0.00,1
2.659,0.2344,-0.0544,-0.1914,-0.0848,0.0586,-0.1176,-2.84,1.41,0.3828,-0.2305,10.1133,0.6126,0.0194,40.74,0.00,0.00,1
2.676,0.6094,0.1105,0.2305,-0.0217,0.7852,0.0932,-2.83,1.40,0.1133,-0.3047,10.4961,0.3409,0.1653,40.74,0.00,0.00,1
2.696,0.6875,0.2320,-0.4219,-0.0030,0.2852,0.3670,-2.82,1.38,0.4609,-0.8828,9.6094,0.6853,0.3010,40.74,0.00,0.00,1
2.710,0.6875,0.3019,-0.4219,-0.0674,0.2852,0.3545,-2.82,1.39,-0.3047,-0.2695,9.3828,-0.0792,0.2990,40.74,0.00,0.00,1
2.727,0.0742,0.3622,0.0000,-0.1342,-0.0977,0.3042,-2.81,1.39,-0.1523,-0.4609,9.2305,0.0736,0.2254,40.74,0.00,0.00,1
2.749,-0.8477,0.1224,-0.1992,-0.1190,-1.3594,-0.0266,-2.80,1.40,0.0781,-0.3437,10.0312,0.3057,0.0049,40.74,0.00,0.00,1
2.767,0.2969,0.1006,0.1094,-0.0735,0.7070,0.0527,-2.79,1.40,-0.0781,-0.5352,9.8477,0.1500,0.0778,40.74,0.00,0.00,1
2.778,0.1484,0.1189,-0.0820,-0.0607,0.5156,0.1379,-2.79,1.42,-0.0781,-0.5352,9.8477,0.1527,0.0893,40.74,0.00,0.00,1
2.797,-0.7305,-0.0673,-0.1602,-0.0840,-1.4375,-0.1872,-2.78,1.44,-0.3437,-0.2695,9.5430,-0.1097,-0.0925,40.74,0.00,0.00,1
2.817,-0.1484,-0.1221,-0.3125,-0.0692,-0.4414,-0.2292,-2.77,1.46,-0.3437,-0.2695,9.5430,-0.1060,-0.0966,40.74,0.00,0.00,1
2.829,-0.1484,-0.1279,-0.3125,-0.1231,-0.4414,-0.2761,-2.77,1.46,0.2305,-0.1914,10.1484,0.4677,-0.0528,40.74,0.00,0.00,1
2.847,0.4570,0.0002,0.2617,-0.0497,0.8242,-0.0429,-2.76,1.45,0.0391,-0.3828,9.5820,0.2757,0.0790,40.74,0.00,0.00,1
2.866,0.2656,0.1017,-0.1680,-0.0169,0.4414,0.1052,-2.75,1.44,0.0391,-0.6133,9.7656,0.2725,0.1453,40.74,0.00,0.00,1
2.880,0.2656,0.1269,-0.1680,-0.0401,0.4414,0.1568,-2.75,1.43,0.0781,-0.3047,9.4609,0.3111,0.1679,40.74,0.00,0.00,1
2.897,0.3047,0.1853,0.0625,-0.0024,0.4414,0.1910,-2.74,1.41,0.0781,-0.3828,9.7656,0.3078,0.2157,40.74,0.00,0.00,1
2.916,-0.5781,0.1485,-0.0156,0.0097,-1.0625,0.1417,-2.73,1.41,-0.8047,-0.4609,8.2734,-0.5760,0.0462,40.74,0.00,0.00,1
2.931,0.1484,0.0458,0.1758,0.0194,0.3945,-0.0082,-2.72,1.40,-0.0781,-0.2695,9.7305,0.1484,0.0690,40.74,0.00,0.00,1
2.958,-0.5781,-0.0420,-0.1680,0.0430,-1.3203,-0.0509,-2.72,1.43,-0.0781,-0.2695,9.7305,0.1537,0.1017,40.74,0.00,0.00,1
2.968,-0.5781,-0.1607,-0.1680,-0.0037,-1.3203,-0.3318,-2.73,1.43,-0.3047,-0.0781,9.8086,-0.0723,0.0952,40.74,0.00,0.00,1
2.987,-0.0781,-0.1684,0.3672,0.0682,0.4805,-0.2136,-2.73,1.43,-0.0781,-0.6523,9.0039,0.1543,0.0658,40.74,0.00,0.00,1
2.999,0.1484,-0.1136,-0.2070,0.0461,-0.3242,-0.1836,-2.72,1.42,0.2695,-0.1133,10.0312,0.4998,0.1127,40.74,0.00,0.00,1
3.017,0.4961,0.0376,0.3320,0.0936,0.6992,0.0030,-2.72,1.40,0.0781,-0.3047,9.6875,0.3057,0.2064,40.74,0.00,0.00,1
3.035,0.3320,0.1402,-0.1289,0.0991,0.3164,0.1397,-2.73,1.39,0.1133,-0.5742,9.6523,0.3393,0.2474,40.74,0.00,0.00,1
3.050,0.3320,0.1697,-0.1289,0.0640,0.3164,0.1669,-2.73,1.39,-0.0391,-0.2305,9.3828,0.1869,0.2493,40.74,0.00,0.00,1
3.067,0.2969,0.1914,0.0234,0.0701,0.5078,0.1871,-2.73,1.38,0.0781,-0.4219,9.8437,0.3014,0.2489,40.74,0.00,0.00,1
3.086,-0.7383,0.1385,0.0234,0.0569,-1.2617,0.1365,-2.74,1.39,-0.9570,-0.4219,8.0781,-0.7316,0.0351,40.74,0.00,0.00,1
3.109,0.1406,0.0426,0.1016,0.0659,0.4336,0.0659,-2.75,1.40,-0.3437,-0.4961,9.6094,-0.1172,0.0581,40.74,0.00,0.00,1
3.118,-0.1172,0.0371,-0.0430,0.0598,0.2773,0.1098,-2.76,1.41,-0.3437,-0.4961,9.6094,-0.1140,0.0317,40.74,0.00,0.00,1
3.139,-0.6562,-0.0983,-0.0430,0.0248,-1.4141,-0.0929,-2.76,1.42,-0.3437,-0.3437,9.5039,-0.1135,-0.1276,40.74,0.00,0.00,1
3.157,-0.1172,-0.1373,0.1094,0.0393,0.1641,-0.1183,-2.78,1.41,0.0000,-0.6133,9.5430,0.2287,-0.0965,40.74,0.00,0.00,1
3.169,0.2266,-0.0800,-0.1602,0.0134,0.2031,-0.0498,-2.78,1.40,0.1133,-0.1523,9.6094,0.3398,-0.0159,40.74,0.00,0.00,1
3.187,0.3320,0.0303,0.3008,0.0662,0.2773,0.0384,-2.79,1.37,0.0781,-0.2695,10.2656,0.2999,0.0811,40.74,0.00,0.00,1
3.206,0.6406,0.1507,-0.3828,0.0676,0.3945,0.2620,-2.80,1.37,0.4219,-0.8438,9.7266,0.6436,0.2313,40.74,0.00,0.00,1
3.220,0.6406,0.2259,-0.3828,-0.0016,0.3945,0.2824,-2.82,1.37,-0.2305,-0.2695,9.2266,-0.0077,0.2426,40.74,0.00,0.00,1
3.238,-0.0859,0.1764,0.0781,0.0222,0.0117,0.1882,-2.82,1.38,-0.3047,-0.3828,9.3437,-0.0813,0.1410,40.74,0.00,0.00,1
3.256,-0.9297,0.0210,-0.2656,0.0138,-1.6758,-0.0070,-2.84,1.40,-1.1484,-0.7266,7.6602,-0.9213,-0.1203,40.74,0.00,0.00,1
3.278,0.1797,-0.1327,0.3906,0.0193,0.8555,-0.1871,-2.85,1.40,-0.1914,-0.5352,9.2266,0.0357,-0.0912,40.74,0.00,0.00,1
3.288,0.0273,-0.0969,-0.0664,0.0398,-0.1055,-0.1038,-2.86,1.40,-0.1914,-0.5352,9.2266,0.0352,-0.0718,40.74,0.00,0.00,1
3.309,-0.4727,-0.1313,-0.0664,0.0036,-0.6406,-0.1866,-2.87,1.39,0.0000,-0.3047,9.5000,0.2250,-0.1223,40.74,0.00,0.00,1
3.327,0.2109,-0.0769,0.1641,0.0347,0.1641,-0.1373,-2.88,1.37,0.1914,-0.5742,9.8867,0.4132,-0.0093,40.74,0.00,0.00,1
3.340,0.4102,0.0174,-0.1055,0.0220,0.5469,-0.0118,-2.89,1.37,-0.2305,-0.3047,9.3047,-0.0082,0.0505,40.74,0.00,0.00,1
3.357,-0.0117,0.0355,0.1641,0.0455,-0.0273,0.0196,-2.90,1.37,0.1914,-0.3437,9.8437,0.4132,0.0676,40.74,0.00,0.00,1
3.377,0.2578,0.1268,-0.2148,0.0492,0.6992,0.1707,-2.92,1.40,0.0391,-0.6914,10.0352,0.2657,0.1527,40.74,0.00,0.00,1
3.390,0.2578,0.1469,-0.2148,0.0087,0.6992,0.2519,-2.93,1.40,-0.5352,-0.4219,8.4258,-0.3080,0.1242,40.74,0.00,0.00,1
3.407,-0.1641,0.0341,0.1797,0.0205,0.1641,0.0339,-2.95,1.40,-0.3828,-0.3047,9.5000,-0.1557,0.0106,40.74,0.00,0.00,1
3.425,-0.7383,-0.0794,-0.2422,0.0410,-1.4063,-0.0474,-2.95,1.40,-0.9570,-0.7266,7.9297,-0.7304,-0.1731,40.74,0.00,0.00,1
3.449,0.3711,-0.1336,0.2148,0.0147,1.0078,-0.1398,-2.97,1.38,-0.2695,-0.5742,9.0781,-0.0456,-0.0833,40.74,0.00,0.00,1
3.458,-0.0586,-0.0905,-0.0898,0.0210,-0.2578,-0.0648,-2.97,1.36,-0.2695,-0.5742,9.0781,-0.0493,-0.0781,40.74,0.00,0.00,1
3.476,-0.6328,-0.1274,-0.0898,-0.0104,-0.6797,-0.1533,-2.99,1.36,-0.8438,-0.5742,8.6562,-0.6236,-0.1969,40.74,0.00,0.00,1
3.498,0.2109,-0.1130,0.1406,0.0135,0.2031,-0.1374,-2.99,1.35,-0.2305,-0.7656,9.3047,-0.0114,-0.0737,40.74,0.00,0.00,1
3.509,-0.0195,-0.0816,-0.2734,-0.0001,-0.0273,-0.1035,-3.00,1.35,-0.2305,-0.7656,9.3047,-0.0119,-0.0642,40.74,0.00,0.00,1
3.527,0.5547,0.0666,0.2227,0.0165,0.3164,-0.0015,-3.01,1.35,0.0000,-0.2695,10.0742,0.2181,0.1217,40.74,0.00,0.00,1
3.547,0.2109,0.1290,0.2227,0.0750,0.7383,0.1820,-3.03,1.36,-0.0781,-0.7656,9.2695,0.1431,0.1432,40.74,0.00,0.00,1
3.560,0.1406,0.1363,-0.2656,0.0327,-0.0664,0.1815,-3.04,1.37,0.0391,-0.4961,9.4648,0.2619,0.1529,40.74,0.00,0.00,1
3.577,0.2578,0.1635,0.0039,0.0077,0.1172,0.1519,-3.05,1.39,0.0781,-0.5352,9.9648,0.3037,0.1874,40.74,0.00,0.00,1
3.596,-0.3555,0.1545,-0.0430,-0.0069,-0.9922,0.1531,-3.05,1.41,-0.5742,-0.5352,8.3555,-0.3443,0.0840,40.74,0.00,0.00,1
3.620,0.0742,0.0467,0.3008,0.0336,0.9219,0.0566,-3.06,1.43,0.1133,-0.8438,9.2305,0.3453,0.0792,40.74,0.00,0.00,1
3.628,0.3398,0.0721,-0.3516,0.0225,-0.1133,0.1067,-3.07,1.44,0.1133,-0.8438,9.2305,0.3474,0.1204,40.74,0.00,0.00,1
3.646,-1.0000,0.0409,0.0703,-0.0499,-0.9922,-0.0260,-3.08,1.43,-1.2266,-0.4219,8.3555,-0.9935,-0.1119,40.74,0.00,0.00,1
3.668,0.0742,-0.0762,-0.0039,-0.0253,-0.2266,-0.1859,-3.08,1.43,-0.7266,-0.7656,8.8828,-0.4946,-0.0923,40.74,0.00,0.00,1
3.679,-0.5000,-0.0991,-0.2656,-0.0430,-0.4570,-0.2106,-3.08,1.41,-0.7266,-0.7656,8.8828,-0.4973,-0.1545,40.74,0.00,0.00,1
3.698,0.3711,-0.0200,0.0781,-0.0300,0.3867,-0.0938,-3.08,1.40,-0.2305,-0.3047,9.9219,-0.0038,-0.0335,40.74,0.00,0.00,1
3.717,-0.0117,0.0062,0.1953,0.0266,0.5781,0.0849,-3.08,1.37,-0.3437,-0.9180,8.6602,-0.1209,-0.0352,40.74,0.00,0.00,1
3.730,-0.1250,-0.0152,-0.4180,-0.0303,-0.6875,-0.0004,-3.08,1.37,0.0391,-0.3828,9.8477,0.2620,-0.0235,40.74,0.00,0.00,1
3.747,0.2500,0.0367,0.1172,-0.0218,0.5000,0.0676,-3.09,1.36,0.2695,-0.4609,9.8867,0.4903,0.0753,40.74,0.00,0.00,1
3.766,-0.2773,0.1157,0.0391,0.0034,-0.8398,0.1158,-3.09,1.38,-0.4961,-0.4609,8.5039,-0.2726,0.0480,40.74,0.00,0.00,1
3.786,0.2578,0.0471,0.2305,0.0288,1.0391,-0.0049,-3.10,1.39,0.0391,-0.2695,10.3867,0.2647,0.0757,40.74,0.00,0.00,1
3.798,0.1875,0.0881,-0.3828,0.0244,-0.1484,0.1311,-3.10,1.41,-0.0391,-0.8828,9.1953,0.1898,0.1007,40.74,0.00,0.00,1
3.816,-0.7305,0.0428,0.1562,-0.0480,-0.8008,-0.0004,-3.10,1.42,-0.9570,-0.3437,8.5430,-0.7271,-0.0770,40.74,0.00,0.00,1
3.839,-0.2773,-0.1320,-0.0742,-0.0329,-0.3047,-0.1747,-3.10,1.40,-0.5742,-0.6523,8.6992,-0.3470,-0.1585,40.74,0.00,0.00,1
3.849,-0.3555,-0.1606,-0.1523,-0.0455,-0.6484,-0.2222,-3.10,1.39,-0.5742,-0.6523,8.6992,-0.3486,-0.1877,40.74,0.00,0.00,1
3.869,0.4883,-0.0974,0.1953,-0.0285,0.6914,-0.1617,-3.10,1.37,-0.2695,-0.3437,9.8477,-0.0477,-0.0476,40.74,0.00,0.00,1
3.887,-0.0586,-0.0524,0.1562,0.0263,0.5000,0.0379,-3.10,1.36,0.0391,-0.9570,9.1211,0.2599,-0.0234,40.74,0.00,0.00,1
3.900,0.2578,-0.0051,-0.4570,-0.0391,-0.2266,0.0285,-3.11,1.37,0.0781,-0.3047,9.9609,0.3005,0.0428,40.74,0.00,0.00,1
3.917,0.2969,0.0781,0.1953,-0.0133,0.6172,0.1429,-3.10,1.38,0.1523,-0.4961,9.6914,0.3758,0.1219,40.74,0.00,0.00,1
3.936,-0.4336,0.1093,0.0781,0.0095,-0.7617,0.1394,-3.10,1.39,-0.6523,-0.4219,8.5781,-0.4262,0.0314,40.74,0.00,0.00,1
3.951,-0.4336,0.0260,0.0781,0.0200,-0.7617,0.0010,-3.10,1.38,0.1133,-0.1914,10.1523,0.3378,0.0221,40.74,0.00,0.00,1
3.968,0.3398,0.0870,-0.3437,0.0530,0.2695,0.1432,-3.11,1.41,0.1133,-0.8438,9.6094,0.3426,0.1308,40.74,0.00,0.00,1
3.987,-0.5000,0.0916,0.0781,-0.0258,-0.8789,0.0872,-3.11,1.41,-0.7266,-0.4219,8.4609,-0.4972,0.0050,40.74,0.00,0.00,1
4.010,-0.3164,-0.0819,0.0391,0.0037,-0.2266,-0.1420,-3.10,1.39,-0.4219,-0.7266,8.8437,-0.1957,-0.1038,40.74,0.00,0.00,1
4.019,-0.2031,-0.1089,-0.2266,-0.0122,-0.4961,-0.1765,-3.10,1.38,-0.4219,-0.7266,8.8437,-0.1984,-0.1183,40.74,0.00,0.00,1
4.040,0.2500,-0.0714,0.1562,-0.0265,0.3867,-0.1499,-3.10,1.35,0.1133,-0.2695,9.8867,0.3325,-0.0102,40.74,0.00,0.00,1
4.057,0.3320,0.0379,0.2305,0.0418,0.5391,0.0360,-3.10,1.36,0.5352,-0.8438,10.2305,0.7560,0.1209,40.74,0.00,0.00,1
4.070,0.7539,0.1678,-0.3437,-0.0047,0.8828,0.2001,-3.10,1.36,0.0391,-0.4609,9.5039,0.2593,0.2216,40.74,0.00,0.00,1
4.087,0.2578,0.2242,0.0391,-0.0161,0.1562,0.2330,-3.10,1.36,-0.1914,-0.3047,9.5039,0.0289,0.2141,40.74,0.00,0.00,1
4.106,-1.2148,0.0694,-0.2656,0.0101,-1.8750,0.0443,-3.09,1.34,-1.4180,-0.7656,7.4687,-1.2009,-0.1211,40.74,0.00,0.00,1
4.127,0.3164,-0.1724,0.3086,-0.0221,0.9609,-0.2731,-3.09,1.31,0.1133,-0.1914,10.3086,0.3245,-0.0899,40.74,0.00,0.00,1
4.138,0.3164,-0.0973,0.3086,0.0287,0.9609,-0.0836,-3.08,1.30,-0.2305,-0.7266,9.3086,-0.0209,-0.0540,40.74,0.00,0.00,1
4.156,-0.5547,-0.0959,-0.0742,-0.0155,-0.7930,-0.0706,-3.09,1.32,-0.7656,-0.5742,8.5430,-0.5528,-0.1604,40.74,0.00,0.00,1
4.180,-0.0586,-0.1761,0.1562,-0.0001,-0.1406,-0.2167,-3.09,1.32,0.2305,-0.6523,9.8086,0.4433,-0.1135,40.74,0.00,0.00,1
4.189,0.4414,-0.1181,-0.1523,-0.0008,0.4727,-0.1559,-3.09,1.33,0.2305,-0.6523,9.8086,0.4459,-0.0276,40.74,0.00,0.00,1
4.210,0.2500,0.0433,0.1953,0.0009,0.4336,0.0524,-3.09,1.32,0.1914,-0.3828,9.9258,0.4053,0.0915,40.74,0.00,0.00,1
4.227,0.4023,0.1356,0.1172,0.0388,0.5859,0.1942,-3.09,1.34,0.2305,-0.8828,9.8437,0.4470,0.1844,40.74,0.00,0.00,1
4.240,0.4414,0.2006,-0.3828,-0.0207,0.5078,0.2689,-3.08,1.33,-0.5742,-0.4219,8.6211,-0.3593,0.1778,40.74,0.00,0.00,1
4.258,-0.3633,0.0908,0.0781,-0.0214,-0.7187,0.0652,-3.07,1.32,-0.3437,-0.4609,9.3477,-0.1310,0.0436,40.74,0.00,0.00,1
4.277,-0.8633,-0.0586,-0.2266,-0.0198,-1.5195,-0.1174,-3.08,1.31,-1.0742,-0.7266,7.8125,-0.8625,-0.1778,40.74,0.00,0.00,1
4.291,-0.8633,-0.2367,-0.2266,-0.0655,-1.5195,-0.4277,-3.07,1.31,0.2695,-0.1133,10.4922,0.4807,-0.2219,40.74,0.00,0.00,1
4.308,0.4805,-0.1170,0.3867,0.0245,1.1602,-0.1443,-3.07,1.31,-0.1523,-0.7656,9.3086,0.0589,-0.0564,40.74,0.00,0.00,1
4.326,-0.6719,-0.0914,-0.1133,-0.0248,-0.9453,-0.1098,-3.07,1.34,-0.8828,-0.6133,8.3945,-0.6662,-0.1771,40.74,0.00,0.00,1
4.350,-0.0508,-0.1939,0.1562,-0.0136,-0.0664,-0.2597,-3.07,1.34,-0.0391,-0.6914,9.5391,0.1786,-0.1513,40.74,0.00,0.00,1
4.359,0.1797,-0.1535,-0.1914,-0.0153,0.2031,-0.2084,-3.07,1.36,-0.0391,-0.6914,9.5391,0.1813,-0.1002,40.74,0.00,0.00,1
4.376,0.4102,-0.0406,0.1953,-0.0343,0.3555,-0.0795,-3.06,1.35,0.1914,-0.3047,9.6914,0.4101,0.0304,40.74,0.00,0.00,1
4.397,0.1797,0.0621,0.3086,0.0690,1.0078,0.2132,-3.07,1.37,0.5742,-1.0352,9.5000,0.7961,0.1312,40.74,0.00,0.00,1
4.417,0.0273,0.2149,0.3086,-0.0211,0.3555,0.2601,-3.06,1.36,-0.1914,-0.1914,9.6914,0.0283,0.1878,40.74,0.00,0.00,1
4.428,0.0273,0.1861,0.3086,0.0296,0.3555,0.2747,-3.06,1.34,-0.1523,-0.5742,9.1172,0.0647,0.1660,40.74,0.00,0.00,1
4.447,0.0586,0.1480,-0.0742,0.0240,-0.2187,0.1706,-3.05,1.32,-0.9180,-0.5742,8.3906,-0.7041,0.0753,40.74,0.00,0.00,1
4.467,0.2109,-0.0262,0.1094,0.0036,0.6250,-0.0426,-3.05,1.31,0.0000,-0.3828,9.9648,0.2117,0.0120,40.74,0.00,0.00,1
4.478,0.2109,0.0102,0.1094,0.0198,0.6250,0.0599,-3.05,1.29,0.0781,-0.7266,9.8867,0.2872,0.0485,40.74,0.00,0.00,1
4.497,-0.9375,0.0027,-0.0430,-0.0318,-1.4453,0.0710,-3.04,1.32,-1.1484,-0.5352,7.8945,-0.9357,-0.1405,40.74,0.00,0.00,1
4.517,-0.0937,-0.1965,0.1094,-0.0228,-0.0273,-0.2456,-3.04,1.32,-0.3047,-0.3828,9.3086,-0.0919,-0.1795,40.74,0.00,0.00,1
4.529,-0.4414,-0.2015,-0.2344,-0.0210,-0.6406,-0.2463,-3.04,1.33,-0.6523,-0.7266,8.6953,-0.4369,-0.2366,40.74,0.00,0.00,1
4.547,0.5234,-0.1924,0.2617,-0.0419,0.8906,-0.2357,-3.04,1.33,0.3047,-0.2305,10.2305,0.5196,-0.0816,40.74,0.00,0.00,1
4.567,0.1055,-0.0819,0.0703,0.0019,0.4727,-0.0087,-3.04,1.37,-0.0391,-0.9570,9.1211,0.1839,-0.0225,40.74,0.00,0.00,1
4.580,0.1797,-0.0472,-0.4648,-0.0304,-0.2187,0.0099,-3.03,1.38,-0.0391,-0.9570,9.1211,0.1850,0.0094,40.74,0.00,0.00,1
4.599,0.3047,0.0494,0.2617,-0.0669,0.5078,0.0435,-3.02,1.38,0.1133,-0.5742,9.6523,0.3378,0.1054,40.74,0.00,0.00,1
4.617,0.3398,0.1296,-0.0820,-0.0498,0.3164,0.1329,-3.02,1.37,-0.6523,-0.3047,8.5781,-0.4294,0.1098,40.74,0.00,0.00,1
4.636,0.2187,0.0341,0.1875,0.0157,0.8906,0.0234,-3.01,1.36,0.0000,-0.3047,10.2266,0.2197,0.0693,40.74,0.00,0.00,1
4.648,0.2187,0.0625,0.1875,0.0421,0.8906,0.1566,-3.01,1.34,-0.1133,-0.7266,9.2656,0.1032,0.0828,40.74,0.00,0.00,1
4.666,-0.7773,0.0130,0.0234,-0.0074,-1.1016,0.0526,-3.00,1.34,-0.9961,-0.4609,8.2383,-0.7785,-0.1052,40.74,0.00,0.00,1
4.687,-0.1641,-0.1621,-0.0117,-0.0015,-0.0664,-0.1919,-2.99,1.34,-0.3828,-0.4961,9.2656,-0.1653,-0.1606,40.74,0.00,0.00,1
4.699,-0.2422,-0.1688,-0.2422,-0.0222,-0.6406,-0.2101,-2.99,1.35,-0.4609,-0.7266,8.6953,-0.2418,-0.1787,40.74,0.00,0.00,1
4.717,0.6016,-0.1221,0.1797,-0.0508,0.9297,-0.2065,-2.99,1.35,0.3828,-0.3047,10.2695,0.6014,-0.0098,40.74,0.00,0.00,1
4.740,0.2266,0.0554,0.1406,0.0288,0.4727,0.1111,-2.99,1.38,0.0000,-0.7266,9.3867,0.2240,0.0816,40.74,0.00,0.00,1
4.750,0.2266,0.0817,-0.2422,0.0154,0.0508,0.1329,-2.98,1.38,0.0000,-0.7266,9.3867,0.2234,0.1034,40.74,0.00,0.00,1
4.770,0.3398,0.1485,0.2148,-0.0022,0.3555,0.1517,-2.97,1.37,0.1133,-0.5352,9.7656,0.3362,0.1765,40.74,0.00,0.00,1
4.788,0.3398,0.2028,-0.0508,0.0006,0.4336,0.2268,-2.96,1.35,-0.6523,-0.4609,8.4219,-0.4332,0.1599,40.74,0.00,0.00,1
4.801,-0.4336,0.1143,0.0156,-0.0006,-0.9102,0.0662,-2.96,1.34,0.0391,-0.1523,10.1914,0.2555,0.0833,40.74,0.00,0.00,1
4.818,0.2578,0.1119,0.3320,0.0740,0.8555,0.1800,-2.96,1.33,0.0781,-0.8438,9.3867,0.2930,0.1351,40.74,0.00,0.00,1
4.836,-0.6250,0.0990,0.0156,-0.0057,-0.7539,0.1177,-2.95,1.34,-0.8438,-0.4609,8.5820,-0.6268,-0.0146,40.74,0.00,0.00,1
4.857,-0.1250,-0.0663,0.0937,0.0066,-0.1797,-0.0836,-2.95,1.34,-0.3437,-0.3828,9.1602,-0.1273,-0.0779,40.74,0.00,0.00,1
4.869,-0.6641,-0.1224,-0.3281,-0.0079,-1.0234,-0.1723,-2.95,1.34,-0.8828,-0.8047,8.3164,-0.6658,-0.2080,40.74,0.00,0.00,1
4.887,0.3320,-0.2274,0.3242,-0.0649,0.9297,-0.3062,-2.94,1.34,0.1133,-0.1523,10.2656,0.3308,-0.1434,40.74,0.00,0.00,1
4.910,0.1055,-0.0715,-0.0195,0.0150,0.1641,-0.0025,-2.95,1.38,-0.8438,-0.6914,8.4258,-0.6203,-0.1029,40.74,0.00,0.00,1
4.920,-0.6172,-0.1021,-0.2148,-0.0059,-0.9102,-0.0628,-2.95,1.38,-0.8438,-0.6914,8.4258,-0.6193,-0.1822,40.74,0.00,0.00,1
4.940,0.3398,-0.1307,0.1719,-0.0178,0.3164,-0.1633,-2.94,1.41,-0.0781,-0.6523,9.7305,0.1501,-0.0742,40.74,0.00,0.00,1
4.958,0.1484,-0.0396,-0.1758,-0.0409,0.3945,-0.0100,-2.94,1.40,0.0781,-0.3047,9.3437,0.3058,0.0020,40.74,0.00,0.00,1
4.971,0.3047,0.0260,0.1719,-0.0174,0.0117,0.0208,-2.93,1.39,0.0391,-0.1133,10.2656,0.2646,0.0656,40.74,0.00,0.00,1
4.988,0.2656,0.0964,0.3633,0.0787,0.9297,0.2213,-2.93,1.38,0.4961,-0.9570,9.6484,0.7206,0.1587,40.74,0.00,0.00,1
5.007,-0.0430,0.1843,0.2070,0.0277,0.1250,0.2712,-2.92,1.38,-0.2695,-0.2695,9.4648,-0.0456,0.2003,40.74,0.00,0.00,1
5.028,-0.0859,0.1164,-0.0195,0.0604,-0.2187,0.2022,-2.91,1.35,-0.3047,-0.4961,9.1172,-0.0856,0.1216,40.74,0.00,0.00,1
5.039,-0.0859,0.0853,-0.0195,0.0481,-0.2187,0.1376,-2.92,1.35,-0.9180,-0.6523,8.1953,-0.6999,0.0406,40.74,0.00,0.00,1
5.056,0.2969,-0.0673,0.1719,0.0086,0.6250,-0.1033,-2.91,1.34,0.0781,-0.3047,9.9609,0.2946,0.0082,40.74,0.00,0.00,1
5.080,0.3320,0.0622,-0.0195,0.0348,0.7383,0.1624,-2.91,1.35,-1.1094,-0.6523,7.7383,-0.8908,0.0184,40.74,0.00,0.00,1
5.090,-0.8906,0.0059,-0.1758,0.0140,-1.5977,0.0640,-2.91,1.35,-1.1094,-0.6523,7.7383,-0.8908,-0.1212,40.74,0.00,0.00,1
5.107,-0.1641,-0.1903,0.1719,-0.0120,-0.0273,-0.2817,-2.90,1.36,-0.3828,-0.3047,9.3086,-0.1621,-0.1784,40.74,0.00,0.00,1
5.128,-0.0781,-0.1623,-0.3359,-0.0617,-0.2187,-0.2373,-2.90,1.39,0.3828,-0.2305,10.0352,0.6084,-0.0901,40.74,0.00,0.00,1
5.147,0.4180,-0.0016,0.1641,-0.0183,0.8164,-0.0195,-2.90,1.38,0.1914,-0.3047,10.1484,0.4159,0.0783,40.74,0.00,0.00,1
5.159,0.4180,0.0629,0.1641,0.0097,0.8164,0.1089,-2.89,1.41,0.3047,-0.7656,9.6094,0.5340,0.1399,40.74,0.00,0.00,1
5.178,0.5312,0.1886,-0.2969,-0.0485,0.2773,0.1902,-2.89,1.40,0.0000,-0.2305,9.6875,0.2277,0.2268,40.74,0.00,0.00,1
5.196,0.0742,0.2068,0.0078,0.0001,-0.0273,0.2115,-2.88,1.38,-0.1523,-0.4609,9.3047,0.0721,0.1924,40.74,0.00,0.00,1
5.209,0.0742,0.1865,0.0078,0.0013,-0.0273,0.1748,-2.88,1.37,-0.8828,-0.5742,8.1562,-0.6610,0.1151,40.74,0.00,0.00,1
5.226,0.1406,0.0032,0.2383,-0.0011,0.6641,-0.0726,-2.87,1.36,-0.0781,-0.2305,10.0000,0.1415,0.0281,40.74,0.00,0.00,1
5.250,0.2578,0.0680,-0.1836,0.0157,0.3945,0.1371,-2.87,1.36,-1.1094,-0.5352,8.0117,-0.8887,0.0082,40.74,0.00,0.00,1
5.260,-0.8828,0.0059,-0.0664,-0.0055,-1.3281,0.0388,-2.87,1.37,-1.1094,-0.5352,8.0117,-0.8870,-0.1294,40.74,0.00,0.00,1
5.277,-0.1562,-0.1880,0.1250,-0.0075,-0.0664,-0.2479,-2.87,1.39,-0.3828,-0.3437,9.2656,-0.1578,-0.1830,40.74,0.00,0.00,1
5.298,-0.1172,-0.1703,-0.2969,-0.0633,-0.4102,-0.2725,-2.88,1.41,0.1914,-0.2305,9.9648,0.4207,-0.1213,40.74,0.00,0.00,1
5.311,0.4180,-0.1194,0.2383,-0.0563,0.6250,-0.2108,-2.87,1.40,0.1914,-0.2305,9.9648,0.4191,-0.0383,40.74,0.00,0.00,1
5.329,0.1562,0.0236,0.1641,0.0327,0.2031,0.0093,-2.88,1.43,0.3437,-0.6914,10.0703,0.5757,0.0762,40.74,0.00,0.00,1
5.348,0.5703,0.1529,-0.2227,-0.0156,0.7383,0.1827,-2.87,1.42,0.2695,-0.3047,9.8828,0.4999,0.2115,40.74,0.00,0.00,1
5.367,0.1875,0.2494,-0.0664,0.0050,0.1641,0.2872,-2.87,1.40,-0.0391,-0.5352,9.5039,0.1881,0.2406,40.74,0.00,0.00,1
5.379,0.1875,0.2399,-0.0664,-0.0059,0.1641,0.2683,-2.86,1.39,-0.8047,-0.4609,8.2734,-0.5791,0.1711,40.74,0.00,0.00,1
5.396,0.2266,0.0693,0.3164,0.0192,0.7773,0.0321,-2.86,1.38,0.0000,-0.1523,10.1094,0.2240,0.0929,40.74,0.00,0.00,1
5.418,0.5234,0.1376,-0.3359,0.0513,0.3945,0.2128,-2.86,1.38,0.3047,-0.8047,9.7305,0.5287,0.1971,40.74,0.00,0.00,1
5.430,-0.6914,0.1258,0.0469,-0.0038,-0.8320,0.1549,-2.86,1.38,-0.9180,-0.4219,8.5000,-0.6940,-0.0001,40.74,0.00,0.00,1
5.447,-0.0781,-0.0569,-0.0273,0.0046,-0.1797,-0.0728,-2.86,1.39,-0.3047,-0.4961,9.1562,-0.0791,-0.0611,40.74,0.00,0.00,1
5.469,-0.6914,-0.2392,-0.2969,-0.0844,-1.1016,-0.3763,-2.86,1.40,0.1914,-0.0391,10.3086,0.4192,-0.2200,40.74,0.00,0.00,1
5.481,0.4180,-0.2199,0.4297,-0.0589,0.9688,-0.3221,-2.86,1.40,0.1914,-0.0391,10.3086,0.4192,-0.1218,40.74,0.00,0.00,1
5.500,0.0820,-0.0540,-0.1055,0.0255,-0.1406,-0.0524,-2.86,1.43,-0.8438,-0.5742,8.6172,-0.6117,-0.0891,40.74,0.00,0.00,1
5.519,-0.6094,-0.1685,-0.1133,-0.0134,-0.7187,-0.2054,-2.86,1.44,0.0391,-0.3047,9.5391,0.2738,-0.1661,40.74,0.00,0.00,1
5.538,0.0430,-0.0868,-0.3359,-0.0088,0.0508,-0.1311,-2.86,1.47,-0.1914,-0.8047,9.3867,0.0476,-0.0660,40.74,0.00,0.00,1
5.549,0.0430,-0.0669,-0.3359,-0.0590,0.0508,-0.1032,-2.86,1.47,0.0391,-0.1133,9.3867,0.2780,-0.0301,40.74,0.00,0.00,1
5.567,0.2422,0.0334,0.1172,0.0236,0.8906,0.0165,-2.86,1.47,0.0000,-0.3437,10.2305,0.2390,0.0660,40.74,0.00,0.00,1
5.587,0.6562,0.1258,-0.3359,0.0139,0.3945,0.2247,-2.87,1.46,0.4219,-0.8047,9.7305,0.6598,0.2083,40.74,0.00,0.00,1
5.600,0.0039,0.1910,0.2383,-0.0176,-0.1055,0.2223,-2.86,1.46,-0.2305,-0.2305,9.2305,0.0069,0.1637,40.74,0.00,0.00,1
5.617,-0.1094,0.1181,0.0078,0.0496,-0.0664,0.1137,-2.86,1.43,-0.3437,-0.4609,9.2656,-0.1117,0.0839,40.74,0.00,0.00,1
5.640,-0.7617,-0.0596,-0.2305,-0.0012,-1.4063,-0.1535,-2.86,1.41,-0.1133,-0.1523,10.1094,0.1161,-0.0980,40.74,0.00,0.00,1
5.651,0.1133,-0.0975,0.3164,0.0073,0.7773,-0.1712,-2.86,1.40,-0.1133,-0.1523,10.1094,0.1145,-0.0653,40.74,0.00,0.00,1
5.671,0.1211,-0.0244,0.0078,0.0653,-0.0273,0.0285,-2.86,1.43,-0.6914,-0.6523,8.7734,-0.4593,-0.0493,40.74,0.00,0.00,1
5.688,-0.4570,-0.1111,-0.1836,0.0066,-0.5625,-0.1057,-2.86,1.44,-0.0391,-0.3437,9.5820,0.1946,-0.1131,40.74,0.00,0.00,1
5.707,0.5781,-0.0134,-0.0352,0.0149,0.6992,0.0033,-2.86,1.44,0.3437,-0.4961,10.0312,0.5785,0.0767,40.74,0.00,0.00,1
5.719,0.5781,0.0775,-0.0352,0.0072,0.6992,0.1102,-2.86,1.43,-0.4609,-0.3828,8.7773,-0.2289,0.0890,40.74,0.00,0.00,1
5.736,0.4961,0.0777,0.1992,0.0346,0.8906,0.0694,-2.85,1.40,0.2695,-0.2695,10.2305,0.4968,0.1408,40.74,0.00,0.00,1
5.757,0.0742,0.1866,-0.2656,0.0519,-0.0664,0.2728,-2.85,1.39,-0.1523,-0.7266,9.2656,0.0733,0.1681,40.74,0.00,0.00,1
5.770,0.0742,0.1694,-0.2656,0.0032,-0.0664,0.2207,-2.85,1.40,-0.8047,-0.3828,8.3906,-0.5774,0.1016,40.74,0.00,0.00,1
5.787,-0.2617,-0.0228,-0.0352,0.0015,-0.1797,-0.0652,-2.85,1.41,-0.4961,-0.4961,9.1602,-0.2678,-0.0613,40.74,0.00,0.00,1
5.810,-0.4180,-0.1282,-0.2656,-0.0464,-0.8320,-0.2044,-2.85,1.42,0.3047,-0.2305,10.2305,0.5357,-0.0984,40.74,0.00,0.00,1
5.821,0.5312,-0.0968,0.2305,-0.0404,0.8906,-0.1630,-2.84,1.41,0.3047,-0.2305,10.2305,0.5341,-0.0013,40.74,0.00,0.00,1
5.841,-0.1094,0.0189,0.0781,0.0286,0.3555,0.1140,-2.85,1.42,0.1133,-0.8047,9.3086,0.3442,0.0345,40.74,0.00,0.00,1
5.858,0.3477,0.0837,-0.3437,-0.0507,-0.0273,0.0978,-2.85,1.42,-0.0781,-0.2305,9.9609,0.1528,0.1071,40.74,0.00,0.00,1
5.876,0.4570,0.1419,-0.1133,-0.0153,0.3164,0.2154,-2.84,1.40,0.2305,-0.5742,9.6484,0.4582,0.1901,40.74,0.00,0.00,1
5.889,0.4570,0.1903,-0.1133,-0.0303,0.3164,0.2309,-2.84,1.40,-0.6914,-0.4219,8.4219,-0.4637,0.1575,40.74,0.00,0.00,1
5.908,-0.4648,0.0619,0.0391,-0.0201,-0.9180,-0.0180,-2.84,1.39,-0.0391,-0.1523,10.3477,0.1860,0.0329,40.74,0.00,0.00,1
5.927,0.2656,0.0736,-0.5352,0.0090,-0.1875,0.1241,-2.84,1.41,0.0391,-0.9961,9.1602,0.2684,0.1030,40.74,0.00,0.00,1
5.940,0.2656,0.1031,-0.5352,-0.0746,-0.1875,0.0763,-2.84,1.41,-0.9570,-0.2695,8.6211,-0.7277,0.0488,40.74,0.00,0.00,1
5.958,-0.1484,-0.0774,-0.0352,-0.0437,-0.3047,-0.1328,-2.84,1.43,-0.3828,-0.4961,9.0430,-0.1508,-0.0883,40.74,0.00,0.00,1
5.980,-0.4570,-0.1490,-0.3047,-0.0822,-0.8008,-0.2676,-2.84,1.43,0.3828,-0.1523,10.3477,0.6148,-0.1110,40.74,0.00,0.00,1
5.991,0.6094,-0.1110,0.3086,-0.0673,1.0000,-0.2054,-2.84,1.42,0.3828,-0.1523,10.3477,0.6127,0.0002,40.74,0.00,0.00,1
6.008,0.0820,0.0511,0.0781,0.0209,0.5000,0.0964,-2.84,1.42,-0.1523,-0.3828,9.8477,0.0781,0.0558,40.74,0.00,0.00,1
6.028,0.0039,0.0443,-0.3047,-0.0443,-0.4570,0.0222,-2.84,1.42,0.0391,-0.2695,9.8867,0.2705,0.0585,40.74,0.00,0.00,1
6.048,0.2656,0.0908,0.1914,-0.0084,0.5391,0.1067,-2.84,1.40,0.2305,-0.5742,9.6484,0.4577,0.1329,40.74,0.00,0.00,1
6.059,0.2656,0.1177,0.1914,0.0223,0.5391,0.1732,-2.84,1.39,-0.5742,-0.3828,8.6562,-0.3481,0.1183,40.74,0.00,0.00,1
6.079,-0.3477,0.0239,0.0781,0.0452,-0.6875,0.0055,-2.84,1.38,0.1133,-0.2305,10.1875,0.3378,0.0407,40.74,0.00,0.00,1
6.097,0.2187,0.0809,-0.2578,0.0622,0.1562,0.1493,-2.84,1.41,0.0000,-0.7266,9.5039,0.2288,0.1176,40.74,0.00,0.00,1
6.110,0.2187,0.1021,-0.2578,0.0130,0.1562,0.1504,-2.84,1.42,-0.7656,-0.3828,8.3164,-0.5352,0.0736,40.74,0.00,0.00,1
6.127,-0.2695,-0.0515,0.0391,0.0128,-0.1484,-0.1138,-2.84,1.42,-0.4961,-0.4219,9.1992,-0.2646,-0.0739,40.74,0.00,0.00,1
6.148,-0.0781,-0.0980,-0.1914,0.0018,-0.3789,-0.1421,-2.84,1.42,-0.3047,-0.6523,8.9609,-0.0732,-0.0855,40.74,0.00,0.00,1
6.161,0.3320,-0.0608,0.2305,-0.0072,0.5000,-0.1242,-2.83,1.41,0.1133,-0.2305,9.8437,0.3426,0.0094,40.74,0.00,0.00,1
6.179,0.4883,0.0631,0.1172,0.0512,0.8086,0.0775,-2.83,1.39,0.2695,-0.3437,10.1484,0.4951,0.1377,40.74,0.00,0.00,1
6.200,0.4492,0.1970,-0.3437,-0.0571,0.5000,0.2393,-2.84,1.40,-0.1133,-0.2695,9.2305,0.1139,0.2191,40.74,0.00,0.00,1
6.212,0.1055,0.2082,0.1992,-0.0577,-0.1133,0.2302,-2.83,1.41,-0.1133,-0.2695,9.2305,0.1150,0.2031,40.74,0.00,0.00,1
6.230,0.0352,0.1624,0.0781,0.0113,0.0039,0.1311,-2.84,1.42,-1.1875,-0.5742,7.8516,-0.9560,0.0719,40.74,0.00,0.00,1
6.248,-0.9609,-0.0941,-0.1133,-0.0121,-1.4922,-0.2361,-2.83,1.41,0.0391,-0.2695,9.8867,0.2673,-0.1220,40.74,0.00,0.00,1
6.266,-0.0508,-0.0687,0.0859,0.0330,0.4258,-0.0973,-2.84,1.38,-0.2695,-0.3828,9.7656,-0.0450,-0.0583,40.74,0.00,0.00,1
6.280,-0.0508,-0.0659,0.0859,0.0411,0.4258,-0.0169,-2.84,1.39,0.0781,-0.6523,9.2656,0.3032,-0.0284,40.74,0.00,0.00,1
6.297,0.1875,0.0291,0.1250,0.0046,0.1953,0.0138,-2.84,1.40,-0.0391,-0.3437,9.5430,0.1876,0.0592,40.74,0.00,0.00,1
6.317,0.4961,0.0987,0.1992,0.0447,0.7695,0.1112,-2.85,1.42,0.2695,-0.2695,10.1094,0.4994,0.1646,40.74,0.00,0.00,1
6.331,-0.7305,0.0616,-0.2969,0.0288,-1.3750,0.0407,-2.85,1.42,-0.9570,-0.7656,7.9687,-0.7271,0.0276,40.74,0.00,0.00,1
6.348,0.2266,-0.0865,0.3164,-0.0145,0.6172,-0.2014,-2.85,1.40,0.0000,-0.1523,9.9648,0.2272,0.0246,40.74,0.00,0.00,1
6.370,-0.5078,-0.0925,-0.1055,0.0335,-0.4570,-0.0873,-2.86,1.39,-0.6133,-0.5352,8.5039,-0.3882,-0.1041,40.74,0.00,0.00,1
6.389,-0.3867,-0.1835,-0.0664,0.0027,-0.8398,-0.2769,-2.85,1.39,-0.2695,-0.4219,9.5000,-0.0434,-0.1569,40.74,0.00,0.00,1
6.400,-0.0508,-0.1769,0.0469,0.0048,0.1562,-0.2485,-2.86,1.40,0.2305,-0.5352,9.6875,0.4582,-0.0914,40.74,0.00,0.00,1
6.418,0.4570,-0.0287,-0.0664,-0.0083,0.3477,-0.0913,-2.85,1.42,0.1133,-0.3437,9.7305,0.3448,0.0560,40.74,0.00,0.00,1
6.437,0.3789,0.1068,0.2383,0.0352,0.7305,0.0969,-2.86,1.43,0.1523,-0.2305,10.0703,0.3844,0.1627,40.74,0.00,0.00,1
6.450,0.3789,0.1486,0.2383,0.0664,0.7305,0.1942,-2.86,1.43,0.1523,-0.8047,9.5391,0.3844,0.1967,40.74,0.00,0.00,1
6.467,-0.3086,0.1721,0.1250,-0.0010,-0.6094,0.1609,-2.86,1.42,-0.5352,-0.3437,8.7383,-0.3042,0.1082,40.74,0.00,0.00,1
6.487,-0.0781,0.0542,0.0078,0.0254,0.0781,-0.0026,-2.87,1.40,-0.3047,-0.4609,9.4258,-0.0775,0.0413,40.74,0.00,0.00,1
6.501,-0.8086,-0.0246,-0.1836,0.0074,-1.3359,-0.1033,-2.87,1.40,-0.3047,-0.4609,9.4258,-0.0775,0.0231,40.74,0.00,0.00,1
6.518,0.3047,-0.2028,0.2773,-0.0209,0.7695,-0.3551,-2.86,1.40,0.0781,-0.1914,10.1133,0.3048,0.0733,40.74,0.00,0.00,1
6.540,0.0352,-0.0712,0.0078,0.0394,0.1953,-0.0599,-2.87,1.43,-0.4609,-0.5742,8.8164,-0.2284,0.0557,40.74,0.00,0.00,1
6.552,-0.2344,-0.0764,-0.1055,0.0255,-0.5312,-0.0788,-2.87,1.43,-0.4609,-0.5742,8.8164,-0.2278,0.0122,40.74,0.00,0.00,1
6.571,0.2656,-0.0535,0.1250,0.0162,0.3086,-0.1041,-2.87,1.43,0.1914,-0.4961,9.7695,0.4245,0.0843,40.74,0.00,0.00,1
6.588,0.4180,0.0707,-0.0273,0.0134,0.4258,0.0389,-2.87,1.42,-0.2695,-0.3828,9.2656,-0.0380,0.1437,40.74,0.00,0.00,1
6.608,0.2656,0.0831,0.3164,0.0501,0.5781,0.0812,-2.86,1.41,0.0391,-0.1523,9.9219,0.2673,0.1487,40.74,0.00,0.00,1
6.620,0.2656,0.1111,0.3164,0.0910,0.5781,0.1575,-2.87,1.39,0.1914,-0.8438,9.8437,0.4175,0.1788,40.74,0.00,0.00,1
6.639,-0.0781,0.1673,0.0469,0.0055,-0.4961,0.1991,-2.87,1.39,-0.3047,-0.4219,8.8477,-0.0785,0.1504,40.74,0.00,0.00,1
6.657,-0.0117,0.0874,0.0859,0.0227,0.2344,0.0205,-2.87,1.37,-0.2305,-0.3828,9.5781,-0.0086,0.0875,40.74,0.00,0.00,1
6.671,-0.0117,0.0721,0.0859,0.0324,0.2344,0.0534,-2.87,1.37,-1.1094,-0.7656,7.7344,-0.8875,0.0025,40.74,0.00,0.00,1
6.688,0.4023,-0.1039,0.3906,-0.0029,1.0391,-0.1952,-2.86,1.36,0.1914,-0.0781,10.3828,0.4117,-0.0133,40.74,0.00,0.00,1
6.707,-0.0508,0.0034,-0.1836,0.0628,-0.0352,0.0689,-2.87,1.39,-0.2695,-0.6523,9.3047,-0.0445,0.0060,40.74,0.00,0.00,1
6.722,-0.7383,-0.0636,-0.1055,0.0145,-1.1836,-0.0460,-2.88,1.40,-0.9570,-0.5742,8.1562,-0.7304,-0.1571,40.74,0.00,0.00,1
6.742,0.0664,-0.1700,0.0859,0.0030,0.2344,-0.2160,-2.87,1.41,-0.0781,-0.8438,9.4219,0.1507,-0.1179,40.74,0.00,0.00,1
6.759,0.1406,-0.0865,-0.3750,-0.0755,0.0781,-0.1229,-2.87,1.42,0.0391,-0.1133,9.5820,0.2695,-0.0319,40.74,0.00,0.00,1
6.778,0.2969,0.0070,0.1250,-0.0172,0.6562,0.0025,-2.86,1.41,0.0781,-0.3437,10.0039,0.3064,0.0590,40.74,0.00,0.00,1
6.790,0.2969,0.0711,0.1250,0.0143,0.6562,0.1472,-2.87,1.41,0.2305,-0.8828,9.6523,0.4593,0.1261,40.74,0.00,0.00,1
6.808,0.4492,0.1689,-0.4141,-0.0736,0.3086,0.2146,-2.86,1.40,-0.0391,-0.3047,9.3437,0.1876,0.1986,40.74,0.00,0.00,1
6.826,0.0273,0.1758,0.1641,-0.0257,0.1953,0.1755,-2.86,1.37,-0.1914,-0.3047,9.5430,0.0310,0.1602,40.74,0.00,0.00,1
6.841,0.0273,0.1530,0.1641,0.0034,0.1953,0.1786,-2.85,1.37,-1.0742,-0.6914,7.9727,-0.8523,0.0697,40.74,0.00,0.00,1
6.858,0.1719,-0.0596,0.2383,-0.0146,0.7695,-0.0895,-2.85,1.36,-0.0391,-0.2305,10.1133,0.1812,-0.0158,40.74,0.00,0.00,1
6.877,-0.2031,-0.0240,0.0078,0.0387,-0.3047,0.0682,-2.86,1.39,-0.4219,-0.4609,9.0391,-0.1968,-0.0439,40.74,0.00,0.00,1
6.899,-0.5078,-0.1525,-0.1836,-0.0142,-0.7617,-0.1601,-2.85,1.39,0.1133,-0.3828,9.7305,0.3395,-0.1325,40.74,0.00,0.00,1
6.909,0.3320,-0.1399,0.0859,-0.0187,0.3867,-0.1606,-2.85,1.38,0.1133,-0.3828,9.7305,0.3379,-0.0603,40.74,0.00,0.00,1
6.931,0.4102,0.0681,-0.0273,-0.0096,0.5000,0.0870,-2.85,1.37,-0.1523,-0.3828,9.2305,0.0706,0.0994,40.74,0.00,0.00,1
6.948,0.0586,0.0873,0.0781,0.0087,-0.1211,0.0667,-2.84,1.35,0.1523,-0.2695,10.0742,0.3716,0.1146,40.74,0.00,0.00,1
6.960,0.3633,0.1277,0.1914,0.0415,0.7227,0.1547,-2.84,1.34,0.1133,-0.8047,9.7695,0.3298,0.1678,40.74,0.00,0.00,1
6.979,0.3242,0.1859,-0.3437,-0.0344,0.4180,0.2483,-2.83,1.34,-0.4961,-0.3828,8.6602,-0.2785,0.1653,40.74,0.00,0.00,1
6.998,-0.1328,0.0724,0.0391,-0.0234,0.1094,0.0548,-2.82,1.35,-0.3437,-0.4219,9.4609,-0.1256,0.0477,40.74,0.00,0.00,1
7.011,-0.1328,0.0409,0.0391,-0.0138,0.1094,0.0632,-2.82,1.36,-0.9570,-0.6523,8.0078,-0.7362,-0.0276,40.74,0.00,0.00,1
7.028,0.3242,-0.1050,0.2695,-0.0243,0.8398,-0.1585,-2.81,1.37,0.1133,-0.1914,10.1875,0.3347,-0.0320,40.74,0.00,0.00,1
7.047,0.1055,-0.0008,0.0000,0.0375,0.2617,0.0784,-2.81,1.39,-0.1133,-0.4609,9.6094,0.1118,0.0226,40.74,0.00,0.00,1
7.062,-0.5078,-0.0263,-0.1914,0.0139,-0.9258,0.0240,-2.80,1.38,-0.7266,-0.6523,8.4219,-0.5020,-0.0934,40.74,0.00,0.00,1
7.079,0.1055,-0.1138,0.0781,-0.0228,0.1484,-0.1595,-2.80,1.37,-0.1133,-0.3828,9.5039,0.1097,-0.0738,40.74,0.00,0.00,1
7.100,0.4414,0.0125,-0.0820,-0.0130,0.4844,-0.0029,-2.79,1.35,-0.1914,-0.3047,9.4219,0.0279,0.0515,40.74,0.00,0.00,1
7.119,0.0195,0.0408,0.1484,0.0184,0.0625,0.0419,-2.78,1.33,0.2305,-0.3047,9.8867,0.4460,0.0775,40.74,0.00,0.00,1
7.130,0.4414,0.1009,0.1484,0.0472,0.5234,0.1173,-2.77,1.32,0.1133,-0.7266,9.8047,0.3272,0.1493,40.74,0.00,0.00,1
7.148,0.3242,0.1715,-0.2734,-0.0174,0.4492,0.2160,-2.76,1.34,-0.6133,-0.3437,8.6211,-0.3962,0.1424,40.74,0.00,0.00,1
7.167,-0.1719,0.0360,0.0703,0.0007,-0.1289,0.0067,-2.75,1.35,-0.3828,-0.3828,9.2305,-0.1641,0.0102,40.74,0.00,0.00,1
7.181,-0.1719,0.0040,0.0703,0.0114,-0.1289,-0.0141,-2.75,1.36,-0.8828,-0.6523,8.3516,-0.6625,-0.0564,40.74,0.00,0.00,1
7.198,0.2578,-0.1218,0.2148,-0.0118,0.8008,-0.1578,-2.74,1.35,0.0391,-0.2305,10.1523,0.2572,-0.0591,40.74,0.00,0.00,1
7.218,0.0664,-0.0294,0.1758,0.0493,0.2187,0.0675,-2.74,1.36,-0.1523,-0.2695,9.5820,0.0679,-0.0112,40.74,0.00,0.00,1
7.239,-0.4727,-0.1446,-0.0508,0.0349,-0.6641,-0.1233,-2.73,1.36,-0.0781,-0.3047,9.5391,0.1417,-0.1433,40.74,0.00,0.00,1
7.249,0.1328,-0.1465,0.1406,0.0370,0.1797,-0.1389,-2.72,1.34,-0.0781,-0.3047,9.5391,0.1395,-0.0998,40.74,0.00,0.00,1
7.270,0.5156,0.0075,0.0625,0.0603,0.7617,0.0591,-2.72,1.33,-0.5352,-0.3828,8.6953,-0.3202,0.0222,40.74,0.00,0.00,1
7.288,-0.3242,-0.0343,0.0625,0.0610,-0.6641,-0.0572,-2.72,1.31,0.0781,-0.2695,10.1914,0.2898,-0.0265,40.74,0.00,0.00,1
7.301,0.2891,-0.0042,0.1758,0.0787,0.8320,0.0383,-2.72,1.32,-0.2695,-0.6914,9.0781,-0.0562,0.0160,40.74,0.00,0.00,1
7.318,-0.0586,0.0020,-0.2461,0.0129,-0.2812,0.0170,-2.72,1.33,-0.9180,-0.2305,8.3906,-0.7020,-0.0556,40.74,0.00,0.00,1
7.338,-0.2852,-0.1688,0.0234,0.0400,-0.2734,-0.2224,-2.72,1.33,-0.4961,-0.4219,9.0781,-0.2801,-0.1826,40.74,0.00,0.00,1
7.351,-0.2852,-0.1867,0.0234,0.0374,-0.2734,-0.2303,-2.72,1.33,-0.6133,-0.5352,8.7383,-0.3984,-0.2071,40.74,0.00,0.00,1
7.368,0.5859,-0.1615,0.2930,0.0390,0.7539,-0.2100,-2.71,1.32,0.3828,-0.1523,10.1094,0.5956,-0.1090,40.74,0.00,0.00,1
7.387,-0.2187,0.0290,0.2148,0.1194,-0.0430,0.0549,-2.72,1.27,-0.4219,-0.2305,9.3047,-0.2177,-0.0489,40.74,0.00,0.00,1
7.409,0.7383,0.0915,-0.3203,0.0697,0.6758,0.1319,-2.72,1.27,0.0000,-0.3047,9.8086,0.2053,0.1224,40.74,0.00,0.00,1
7.419,0.2031,0.1480,0.1406,0.0467,0.4492,0.1973,-2.72,1.27,0.0000,-0.3047,9.8086,0.2042,0.1350,40.74,0.00,0.00,1
7.441,0.4336,0.2022,-0.0977,0.0421,0.4492,0.2832,-2.73,1.28,-0.5352,-0.5352,8.5039,-0.3277,0.1636,40.74,0.00,0.00,1
7.459,-0.3320,0.0984,-0.0977,0.0025,-0.8555,0.0415,-2.72,1.28,0.2305,-0.1133,10.1133,0.4374,0.0856,40.74,0.00,0.00,1
7.472,0.4336,0.1207,0.3242,0.0451,0.7617,0.0914,-2.73,1.29,0.3437,-0.5742,10.1875,0.5523,0.1728,40.74,0.00,0.00,1
7.489,0.5547,0.2363,-0.1367,0.0223,0.8398,0.2988,-2.73,1.31,-0.5742,-0.4961,8.5781,-0.3625,0.2079,40.74,0.00,0.00,1
7.507,-0.0195,0.1509,0.1680,0.0126,0.4180,0.1911,-2.74,1.32,-0.2305,-0.2695,9.7695,-0.0171,0.0994,40.74,0.00,0.00,1
7.521,-0.0195,0.1247,0.1680,0.0365,0.4180,0.2259,-2.74,1.33,-1.2266,-0.8438,7.4727,-1.0106,0.0022,40.74,0.00,0.00,1
7.539,-1.0156,-0.1366,-0.3984,-0.0516,-1.8828,-0.2288,-2.74,1.31,0.4961,-0.1133,10.6914,0.7073,-0.1482,40.74,0.00,0.00,1
7.558,-0.0586,-0.0090,-0.0156,0.0079,0.3320,0.0399,-2.75,1.31,-0.2695,-0.4609,9.6914,-0.0578,-0.0256,40.74,0.00,0.00,1
7.572,-0.0586,-0.0166,-0.0156,0.0043,0.3320,0.0847,-2.75,1.31,-0.7656,-0.6914,8.5820,-0.5539,-0.0702,40.74,0.00,0.00,1
7.589,0.1328,-0.1166,0.2070,-0.0316,0.8672,-0.0140,-2.74,1.31,-0.0781,-0.2305,10.2266,0.1331,-0.0828,40.74,0.00,0.00,1
7.611,-0.4023,-0.1138,-0.4805,-0.0558,-0.7500,0.0380,-2.74,1.31,0.0391,-0.2695,9.8867,0.2513,-0.1083,40.74,0.00,0.00,1
7.629,0.2422,-0.0530,0.1758,-0.0310,0.5156,0.0946,-2.74,1.29,-0.4961,-0.4219,9.1562,-0.2876,-0.0501,40.74,0.00,0.00,1
7.640,-0.2930,-0.0505,0.0234,-0.0115,-0.2031,0.1018,-2.74,1.27,-0.4961,-0.4219,9.1562,-0.2919,-0.0872,40.74,0.00,0.00,1
7.659,0.6641,0.0926,-0.1758,-0.0457,1.4063,0.3715,-2.74,1.27,-0.2305,-0.2305,9.5430,-0.0251,0.0710,40.74,0.00,0.00,1
7.678,-0.0273,0.1016,0.2070,0.0022,0.1719,0.3918,-2.73,1.28,0.0000,-0.3828,9.8477,0.2074,0.0624,40.74,0.00,0.00,1
7.691,0.2109,0.1097,0.0547,0.0241,0.4766,0.3899,-2.73,1.30,-1.3789,-0.4609,7.4727,-1.1688,-0.0152,40.74,0.00,0.00,1
7.709,-1.1680,-0.1668,-0.0234,0.0155,-1.8984,-0.1111,-2.72,1.30,-0.4219,-0.3437,9.2266,-0.2123,-0.2658,40.74,0.00,0.00,1
7.727,-0.1328,-0.2304,-0.1289,0.0176,-0.0195,-0.2114,-2.73,1.32,-0.3437,-0.5742,9.3437,-0.1309,-0.2293,40.74,0.00,0.00,1
7.751,-0.8633,-0.3093,0.0234,-0.0089,-1.2461,-0.3344,-2.73,1.32,0.1133,-0.2305,9.7695,0.3261,-0.3079,40.74,0.00,0.00,1
7.759,0.3242,-0.2994,0.2070,0.0107,0.4023,-0.3426,-2.73,1.31,0.1133,-0.2305,9.7695,0.3245,-0.2108,40.74,0.00,0.00,1
7.778,-0.5937,-0.1960,-0.2148,0.0327,-1.1680,-0.2569,-2.73,1.31,-0.8047,-0.6523,8.1992,-0.5935,-0.2619,40.74,0.00,0.00,1
7.799,0.4805,-0.0939,-0.0586,-0.0171,0.1328,-0.2796,-2.72,1.29,-0.5352,-0.3047,9.3828,-0.3272,-0.0740,40.74,0.00,0.00,1
7.810,-0.3320,-0.0706,0.1328,-0.0082,0.0195,-0.2254,-2.72,1.27,-0.5352,-0.3047,9.3828,-0.3309,-0.1135,40.74,0.00,0.00,1
7.831,0.5000,0.0762,-0.5977,-0.1673,0.0625,-0.1297,-2.72,1.23,0.0000,-0.0781,10.0312,0.1989,0.0732,40.74,0.00,0.00,1
7.848,0.1953,0.1290,0.3594,-0.0775,0.6758,0.0605,-2.72,1.20,0.4609,-0.3828,10.1094,0.6540,0.1442,40.74,0.00,0.00,1
7.861,0.6562,0.2145,0.0547,-0.0276,0.7539,0.2087,-2.71,1.21,-0.6133,-0.2305,8.3555,-0.4192,0.1714,40.74,0.00,0.00,1
7.879,-0.4180,0.1020,0.2070,0.0294,-1.0078,-0.0266,-2.71,1.21,-0.1523,-0.4609,9.3477,0.0417,0.0410,40.74,0.00,0.00,1
7.897,-0.3008,0.0280,-0.2070,0.0099,-0.0898,-0.0864,-2.72,1.22,-0.4961,-0.6523,9.2656,-0.2988,-0.0338,40.74,0.00,0.00,1
7.912,-0.3008,-0.0225,-0.2070,-0.0234,-0.0898,-0.0870,-2.72,1.22,-0.4961,-0.6523,8.8125,-0.3004,-0.0747,40.74,0.00,0.00,1
7.929,0.4648,-0.0561,0.0937,-0.0635,0.8984,-0.1019,-2.71,1.19,0.2695,-0.3437,10.2656,0.4609,0.0168,40.74,0.00,0.00,1
7.947,0.5703,0.1001,0.0156,-0.0252,0.7148,0.1671,-2.72,1.18,0.3828,-0.4219,10.0703,0.5732,0.1677,40.74,0.00,0.00,1
7.969,0.6172,0.2974,0.1680,0.0341,0.4023,0.2951,-2.72,1.19,0.1914,0.1523,10.2266,0.3834,0.3247,40.74,0.00,0.00,1
7.980,0.3867,0.3281,0.5977,0.0890,0.8672,0.3488,-2.72,1.20,0.1914,0.1523,10.2266,0.3850,0.3340,40.74,0.00,0.00,1
8.001,0.8555,0.4201,-0.2070,0.1388,0.7852,0.5129,-2.74,1.25,-0.1914,-0.1914,9.3047,0.0102,0.4169,40.74,0.00,0.00,1
8.019,0.0117,0.3568,0.2539,0.1428,-0.0586,0.4034,-2.74,1.28,0.0391,-0.1914,9.8828,0.2465,0.3215,40.74,0.00,0.00,1
8.031,0.2500,0.3171,0.2539,0.1674,0.5156,0.3893,-2.75,1.31,-1.3008,-0.6133,7.2383,-1.0885,0.1988,40.74,0.00,0.00,1
8.048,-1.0898,0.0015,-0.1680,0.0985,-2.1211,-0.1584,-2.76,1.31,0.1523,-0.1523,9.9648,0.3641,-0.0499,40.74,0.00,0.00,1
8.068,0.0195,0.0141,0.2617,0.1359,0.2109,-0.0882,-2.78,1.32,-0.1914,-0.1914,9.5820,0.0220,0.0158,40.74,0.00,0.00,1
8.088,0.9453,0.0897,-0.0078,0.1500,1.0977,0.0676,-2.81,1.37,0.7266,-0.4609,10.4531,0.9491,0.2227,40.74,0.00,0.00,1
8.100,0.4570,0.2400,0.3086,0.1404,0.6406,0.2590,-2.83,1.40,0.2305,-0.1523,10.0000,0.4583,0.2745,40.74,0.00,0.00,1
8.117,0.5469,0.3087,0.3086,0.1881,0.5547,0.3604,-2.86,1.48,0.3047,-0.1523,9.9258,0.5449,0.3456,40.74,0.00,0.00,1
8.141,-0.7539,0.1901,-0.0664,0.1716,-1.6289,0.0912,-2.89,1.50,-0.2305,-0.2695,9.9258,0.0134,0.1072,40.74,0.00,0.00,1
8.150,0.0117,0.1064,0.1992,0.1563,0.5547,0.0017,-2.90,1.53,-0.2305,-0.2695,9.9258,0.0188,0.0936,40.74,0.00,0.00,1
8.170,0.3555,0.1269,-0.4141,0.0767,0.0195,0.1080,-2.93,1.55,-0.9180,-0.2695,8.9648,-0.6649,0.0839,40.74,0.00,0.00,1
8.188,-0.6680,-0.0348,0.2070,0.0750,-0.4023,-0.0104,-2.97,1.59,-0.1523,-0.4609,9.5039,0.1077,-0.0656,40.74,0.00,0.00,1
8.202,0.1055,-0.0561,0.0156,0.0748,0.1328,-0.0150,-2.98,1.62,-1.1875,-0.6914,8.0117,-0.9221,-0.1089,40.74,0.00,0.00,1
8.219,-0.9297,-0.2394,-0.2148,0.0070,-1.3594,-0.3033,-3.02,1.66,0.1133,-0.4609,9.9648,0.3856,-0.2338,40.74,0.00,0.00,1
8.238,-0.3867,-0.2068,0.1094,0.0037,0.0547,-0.2137,-3.03,1.68,-0.6523,-0.3828,9.4219,-0.3774,-0.1750,40.74,0.00,0.00,1
8.252,-0.3867,-0.2344,0.1094,0.0199,0.0547,-0.1725,-3.06,1.73,-0.0781,-0.8438,9.2305,0.2049,-0.1589,40.74,0.00,0.00,1
8.269,0.1953,-0.1488,-0.3516,-0.0567,-0.1367,-0.1504,-3.09,1.77,-0.1914,-0.1523,10.0000,0.0991,-0.0631,40.74,0.00,0.00,1
8.287,-0.0547,-0.0714,-0.2266,-0.0049,-0.5547,-0.0225,-3.12,1.83,-0.3437,-0.7266,8.8125,-0.0425,-0.0389,40.74,0.00,0.00,1
8.311,-0.3242,-0.1071,0.2383,-0.0090,-0.6719,-0.2219,-3.15,1.84,-0.6914,-0.2695,9.1562,-0.3891,-0.1224,40.74,0.00,0.00,1
8.320,-0.3945,-0.1461,0.2383,0.0289,-0.2109,-0.2542,-3.16,1.85,-0.6914,-0.2695,9.1562,-0.3864,-0.1629,40.74,0.00,0.00,1
8.341,0.5273,-0.0892,-0.4414,-0.0041,0.3242,-0.1572,-3.19,1.88,-0.7656,-0.3828,8.9609,-0.4569,-0.0564,40.74,0.00,0.00,1
8.358,-0.4687,-0.1348,0.1328,-0.0010,-0.4023,-0.1815,-3.22,1.89,-0.4609,-0.7266,9.1211,-0.1501,-0.1450,40.74,0.00,0.00,1
8.377,-1.3711,-0.2572,-0.3203,-0.0616,-2.3945,-0.3851,-3.23,1.90,-1.6836,-0.8438,6.9687,-1.3700,-0.4163,40.74,0.00,0.00,1
8.389,-1.3711,-0.4283,-0.3203,-0.1014,-2.3945,-0.6938,-3.24,1.89,-0.5352,-0.4219,9.0391,-0.2232,-0.4712,40.74,0.00,0.00,1
8.410,0.1914,-0.3925,-0.1289,-0.0748,0.2461,-0.6416,-3.27,1.88,-0.1133,-0.6523,9.6094,0.1965,-0.2934,40.74,0.00,0.00,1
8.422,0.1914,-0.2632,-0.1211,-0.0856,0.2461,-0.4452,-3.28,1.88,-1.2266,-0.7656,7.8945,-0.9173,-0.2742,40.74,0.00,0.00,1
8.439,-0.9219,-0.3807,-0.2344,-0.1207,-1.4688,-0.6286,-3.29,1.86,-0.2695,-0.3828,9.6094,0.0365,-0.3805,40.74,0.00,0.00,1
8.457,-1.0742,-0.3825,-0.4648,-0.1000,-1.7734,-0.5887,-3.30,1.86,-1.3789,-0.9961,7.5898,-1.0728,-0.4838,40.74,0.00,0.00,1
8.481,0.6406,-0.3549,-0.0820,-0.1656,0.7617,-0.6032,-3.31,1.82,-0.7266,-0.7656,9.1562,-0.4280,-0.2840,40.74,0.00,0.00,1
8.490,-0.4297,-0.2876,-0.2344,-0.1649,-0.1953,-0.4701,-3.31,1.79,-0.7266,-0.7656,9.1562,-0.4317,-0.3067,40.74,0.00,0.00,1
8.508,0.4492,-0.2576,-0.5781,-0.2121,0.1953,-0.3609,-3.31,1.79,0.1523,-1.1094,9.5391,0.4462,-0.1477,40.74,0.00,0.00,1
8.529,-0.1992,-0.1601,0.1484,-0.1761,0.1172,-0.1886,-3.31,1.77,0.0000,-0.8047,9.3828,0.2906,-0.1273,40.74,0.00,0.00,1
8.548,-0.8516,-0.1533,0.2617,-0.1346,-1.6445,-0.2533,-3.30,1.78,-1.1484,-0.2695,7.6953,-0.8567,-0.1849,40.74,0.00,0.00,1
8.560,-0.8594,-0.3090,0.2617,-0.0469,-1.6523,-0.5624,-3.29,1.73,-0.5352,-0.6523,9.3047,-0.2509,-0.2862,40.74,0.00,0.00,1
8.580,-0.2461,-0.3294,-0.1211,-0.0441,-0.0430,-0.5153,-3.29,1.68,-0.4219,-1.0352,8.9258,-0.1462,-0.2688,40.74,0.00,0.00,1
8.592,-0.1484,-0.2960,-0.5039,-0.1199,-0.4180,-0.4684,-3.28,1.65,-1.1484,-0.6914,8.5820,-0.8787,-0.3011,40.74,0.00,0.00,1
8.609,-0.8750,-0.4149,-0.1680,-0.1545,-0.7617,-0.5302,-3.26,1.58,-0.0781,-0.8438,9.6914,0.1804,-0.3816,40.74,0.00,0.00,1
8.628,-0.2695,-0.3070,-0.4336,-0.2113,-0.4180,-0.3557,-3.24,1.55,-0.5352,-0.9570,8.9219,-0.2820,-0.2926,40.74,0.00,0.00,1
8.648,0.4102,-0.2420,0.0547,-0.2353,0.6250,-0.2899,-3.21,1.50,0.1523,-0.4609,9.9648,0.3969,-0.1393,40.74,0.00,0.00,1
8.660,0.1055,-0.1220,-0.0195,-0.1771,0.1250,-0.1275,-3.20,1.49,-0.1523,-0.5352,9.4648,0.0901,-0.0884,40.74,0.00,0.00,1
8.678,0.7109,-0.0091,-0.2500,-0.1508,1.1602,0.0270,-3.17,1.46,0.4609,-0.7656,10.4961,0.6980,0.0968,40.74,0.00,0.00,1
8.699,0.2109,0.1257,0.1719,-0.0913,0.0508,0.1678,-3.14,1.42,0.1133,-0.4219,10.0352,0.3439,0.1422,40.74,0.00,0.00,1
8.711,0.3555,0.1504,0.0859,-0.0577,0.6992,0.2017,-3.13,1.39,0.1133,-0.4219,10.0352,0.3391,0.1725,40.74,0.00,0.00,1
8.730,-0.9531,0.0193,-0.1055,-0.0382,-1.7109,0.0011,-3.09,1.34,0.0781,-0.2695,9.6094,0.2954,-0.0407,40.74,0.00,0.00,1
8.749,0.3125,0.0236,0.2305,0.0171,0.2852,-0.0427,-3.07,1.31,-0.1523,-0.0391,9.5039,0.0590,0.0348,40.74,0.00,0.00,1
8.762,0.0820,0.0521,0.4609,0.0997,0.1719,0.0125,-3.06,1.28,0.9961,-0.5742,10.6133,1.2037,0.1312,40.74,0.00,0.00,1
8.779,1.2227,0.3131,-0.0742,0.0837,1.2813,0.3032,-3.05,1.26,-0.1133,-0.1914,9.3828,0.0895,0.3455,40.74,0.00,0.00,1
8.798,0.2969,0.3216,0.5703,0.1594,0.7461,0.3449,-3.04,1.20,0.0781,0.0781,10.0742,0.2718,0.2980,40.74,0.00,0.00,1
8.817,-1.4375,0.1759,-0.0430,0.2269,-2.3555,0.2105,-3.03,1.18,-1.6484,-0.5352,6.9687,-1.4596,-0.0925,40.74,0.00,0.00,1
8.830,0.2031,-0.0499,0.4922,0.2100,1.0898,-0.0817,-3.03,1.14,0.0000,0.0000,10.4141,0.1835,-0.0310,40.74,0.00,0.00,1
8.848,0.0508,0.0096,0.0781,0.2569,-0.0195,0.1618,-3.03,1.13,-0.1523,-0.4219,9.3086,0.0290,-0.0042,40.74,0.00,0.00,1
8.870,0.2734,0.0579,0.2305,0.2193,0.8242,0.2296,-3.05,1.12,-0.0391,-0.2695,9.4219,0.1396,0.0622,40.74,0.00,0.00,1
8.881,0.1562,0.0816,0.2305,0.2210,0.0937,0.2625,-3.05,1.09,-0.0391,-0.2695,9.4219,0.1348,0.0734,40.74,0.00,0.00,1
8.901,0.6094,0.1767,0.1953,0.2189,0.8242,0.3172,-3.07,1.05,-0.5352,-0.2695,8.3945,-0.3676,0.1467,40.74,0.00,0.00,1
8.919,-0.3477,0.0876,0.2305,0.2200,-0.9375,0.0711,-3.09,1.01,0.2695,-0.3437,10.1484,0.4306,0.0638,40.74,0.00,0.00,1
8.932,0.4492,0.1137,0.1641,0.2121,0.8242,0.1185,-3.11,1.01,0.0000,-0.4961,9.5039,0.1601,0.1232,40.74,0.00,0.00,1
8.950,0.1797,0.1492,0.0195,0.1665,0.1719,0.1742,-3.15,1.00,-0.6133,-0.1914,8.8164,-0.4543,0.0844,40.74,0.00,0.00,1
8.969,0.0273,0.0225,0.0469,0.1806,0.5625,0.0647,-3.17,0.99,-0.1523,-0.4609,9.8867,0.0051,0.0025,40.74,0.00,0.00,1
8.983,0.0273,0.0233,0.0469,0.1601,0.5625,0.1412,-3.19,0.99,-0.3828,-0.8828,8.6211,-0.2254,-0.0155,40.74,0.00,0.00,1
9.000,0.6328,0.0246,0.1328,0.0440,0.9063,0.0546,-3.22,0.95,0.4609,-0.3828,10.2305,0.6120,0.0983,40.74,0.00,0.00,1
9.018,0.3164,0.1718,-0.0117,0.0577,0.2187,0.2411,-3.25,0.92,0.1523,-0.5352,9.5430,0.2981,0.1745,40.74,0.00,0.00,1
9.041,1.0078,0.3273,-0.0820,0.0232,1.3984,0.4147,-3.29,0.93,-0.0391,-0.1914,9.3437,0.1083,0.3426,40.74,0.00,0.00,1
9.051,0.1250,0.3612,0.3398,0.0408,0.0195,0.4555,-3.30,0.95,-0.0391,-0.1914,9.3437,0.1110,0.3071,40.74,0.00,0.00,1
9.071,0.4023,0.3233,0.1953,0.1205,0.5547,0.3891,-3.35,0.98,-1.3398,-0.6133,7.2070,-1.1845,0.1924,40.74,0.00,0.00,1
9.089,-1.1602,-0.0001,-0.0664,0.0838,-2.1250,-0.1570,-3.38,0.98,0.1914,-0.4961,9.8828,0.3462,-0.0755,40.74,0.00,0.00,1
9.108,-0.3633,-0.0501,-0.2109,0.0462,-0.0977,-0.1743,-3.41,0.99,-0.5352,-0.7656,9.2266,-0.3776,-0.0668,40.74,0.00,0.00,1
9.120,-0.3633,-0.0982,-0.2109,0.0067,-0.0977,-0.1625,-3.45,0.96,-0.7266,-0.8047,8.3164,-0.5738,-0.1306,40.74,0.00,0.00,1
9.139,0.1641,-0.1853,-0.0508,-0.0610,0.6406,-0.2682,-3.48,0.94,0.0000,-0.6133,9.9648,0.1490,-0.1217,40.74,0.00,0.00,1
9.157,-0.2187,-0.0969,-0.3555,-0.0819,-0.6250,-0.0596,-3.51,0.95,-0.3828,-0.9180,8.6953,-0.2327,-0.1136,40.74,0.00,0.00,1
9.170,-0.2187,-0.1156,-0.3555,-0.1239,-0.6250,-0.1465,-3.52,0.94,0.2695,-0.3828,9.8047,0.4180,-0.0800,40.74,0.00,0.00,1
9.188,0.0430,0.0030,-0.0430,-0.0673,0.1797,-0.0186,-3.55,0.91,-0.1133,-0.6133,9.5039,0.0310,0.0039,40.74,0.00,0.00,1
9.211,0.9688,0.1588,-0.3789,-0.1106,1.4805,0.2488,-3.59,0.93,0.1133,-0.6523,9.7656,0.2607,0.2191,40.74,0.00,0.00,1
9.221,0.2773,0.2279,-0.0742,-0.1274,0.4492,0.3555,-3.60,0.95,0.1133,-0.6523,9.7656,0.2629,0.2258,40.74,0.00,0.00,1
9.238,0.4414,0.2551,-0.2187,-0.1239,0.8711,0.4158,-3.62,0.99,0.2695,-0.8047,10.1875,0.4267,0.2724,40.74,0.00,0.00,1
9.259,-0.9375,0.0134,-0.2187,-0.1562,-1.6523,0.0126,-3.63,0.99,0.0000,-0.7266,9.6914,0.1577,-0.0561,40.74,0.00,0.00,1
9.279,-0.4805,-0.0483,-0.1719,-0.1579,0.1094,-0.0005,-3.65,0.99,-0.6523,-0.7656,9.4258,-0.4957,-0.1273,40.74,0.00,0.00,1
9.290,-0.4805,-0.1440,-0.1719,-0.1610,0.1094,0.0238,-3.65,0.99,-0.7266,-1.1484,8.2734,-0.5700,-0.2148,40.74,0.00,0.00,1
9.309,0.1719,-0.2216,-0.2578,-0.2495,0.9531,-0.1134,-3.65,0.97,0.0000,-0.8438,10.2656,0.1539,-0.1757,40.74,0.00,0.00,1
9.328,0.0586,-0.0965,-0.5625,-0.2767,-0.1172,0.1646,-3.64,1.00,-0.1133,-1.1484,9.1992,0.0455,-0.0873,40.74,0.00,0.00,1
9.340,0.0586,-0.0727,-0.5625,-0.3206,-0.1172,0.1213,-3.63,1.01,0.0391,-0.5352,9.2656,0.1994,-0.0544,40.74,0.00,0.00,1
9.358,-0.0195,-0.0032,-0.0664,-0.2385,0.2656,0.0842,-3.62,1.01,-0.1914,-0.6523,9.5781,-0.0305,-0.0192,40.74,0.00,0.00,1
9.378,0.8398,0.0609,-0.6094,-0.2331,0.7148,0.1716,-3.60,1.02,0.6523,-1.1875,10.0312,0.8154,0.1648,40.74,0.00,0.00,1
9.391,-0.1172,0.1568,-0.0742,-0.2736,-0.3164,0.2093,-3.59,1.03,-0.3047,-0.6523,9.0000,-0.1411,0.0971,40.74,0.00,0.00,1
9.408,0.0664,0.0938,0.0430,-0.2077,0.2187,0.1030,-3.56,1.03,-0.1133,-0.5352,9.5430,0.0508,0.0720,40.74,0.00,0.00,1
9.429,-1.1133,-0.1766,-0.0820,-0.1499,-1.8906,-0.3244,-3.53,1.01,0.3828,-0.4609,10.1914,0.5426,-0.2063,40.74,0.00,0.00,1
9.451,-0.2422,-0.0851,-0.0898,-0.0884,0.0664,-0.1395,-3.51,0.99,-0.4219,-0.6523,9.3828,-0.2653,-0.1295,40.74,0.00,0.00,1
9.461,-0.2422,-0.1198,-0.0898,-0.0887,0.0664,-0.0939,-3.49,1.00,-0.8047,-0.7266,8.1172,-0.6466,-0.1898,40.74,0.00,0.00,1
9.479,-0.6250,-0.2393,-0.1562,-0.1037,-1.1992,-0.3285,-3.47,1.00,-0.2305,-0.4609,9.5781,-0.0718,-0.2731,40.74,0.00,0.00,1
9.493,-0.0508,-0.2364,0.1016,-0.0758,0.2578,-0.2974,-3.45,1.01,-0.4219,-0.8047,8.5430,-0.2606,-0.2433,40.74,0.00,0.00,1
9.510,-0.2422,-0.2261,-0.2422,-0.1015,-0.7773,-0.3690,-3.42,1.01,0.4219,-0.1133,10.3828,0.5832,-0.1805,40.74,0.00,0.00,1
9.529,0.0273,-0.2091,0.2500,-0.1021,0.4492,-0.3867,-3.39,1.01,-0.1523,-0.3047,9.7695,0.0079,-0.0913,40.74,0.00,0.00,1
9.548,0.1875,-0.1293,-0.2891,-0.0453,0.0273,-0.1834,-3.38,1.04,0.0000,-0.8438,9.3477,0.1656,-0.0281,40.74,0.00,0.00,1
9.561,0.2266,-0.0560,0.2852,-0.0533,0.4492,-0.1030,-3.37,1.06,0.0391,-0.2695,9.7656,0.2078,0.0239,40.74,0.00,0.00,1
9.578,0.5391,0.0491,-0.3359,-0.0070,0.4102,0.0505,-3.35,1.10,0.3437,-0.8828,9.7305,0.5189,0.1449,40.74,0.00,0.00,1
9.600,0.5391,0.1881,-0.3359,-0.1003,0.4102,0.1525,-3.32,1.10,0.1523,-0.4609,9.7656,0.3275,0.1332,40.74,0.00,0.00,1
9.612,0.3477,0.2267,0.0859,-0.1028,0.4492,0.1952,-3.31,1.12,0.1523,-0.4609,9.7656,0.3313,0.1636,40.74,0.00,0.00,1
9.630,0.4258,0.2799,-0.0352,-0.0570,0.8711,0.3466,-3.29,1.11,-0.8438,-0.5352,8.1602,-0.6653,0.1568,40.74,0.00,0.00,1
9.649,-0.6484,0.0835,0.0039,-0.0422,-1.1602,0.0458,-3.27,1.10,-0.2305,-0.4609,9.5000,-0.0537,-0.0275,40.74,0.00,0.00,1
9.668,-0.8867,-0.0602,-0.2734,-0.0335,-1.6211,-0.1294,-3.25,1.10,-1.0742,-0.8047,7.6992,-0.8990,-0.2233,40.74,0.00,0.00,1
9.680,-0.8867,-0.1871,-0.2734,-0.0704,-1.6211,-0.3585,-3.24,1.09,0.2695,-0.3828,10.1484,0.4436,-0.2197,40.74,0.00,0.00,1
9.698,-0.0820,-0.0877,0.1094,-0.0231,0.3711,-0.1301,-3.22,1.07,-0.2695,-0.4219,9.6875,-0.0986,-0.1139,40.74,0.00,0.00,1
9.718,0.2734,-0.0576,-0.3203,-0.0199,0.1484,-0.0058,-3.20,1.11,0.0781,-0.8438,9.4648,0.2554,-0.0312,40.74,0.00,0.00,1
9.731,0.4648,0.0309,0.2187,-0.0433,0.8398,0.0837,-3.19,1.13,0.2695,-0.3047,10.1523,0.4500,0.0751,40.74,0.00,0.00,1
9.749,0.4336,0.1764,-0.1289,0.0183,0.2656,0.2955,-3.18,1.17,0.2305,-0.6523,9.5781,0.4190,0.1961,40.74,0.00,0.00,1
9.771,-0.4492,0.1285,0.3242,0.0377,-0.8086,0.1203,-3.14,1.17,-0.1133,-0.3828,9.4219,0.0752,0.0649,40.74,0.00,0.00,1
9.782,0.0898,0.0829,0.1328,0.0664,0.1094,0.0511,-3.14,1.19,-0.1133,-0.3828,9.4219,0.0784,0.0670,40.74,0.00,0.00,1
9.801,0.6328,0.1686,-0.1445,0.0464,1.2227,0.2420,-3.12,1.20,-0.5742,-0.5742,8.6953,-0.3814,0.1433,40.74,0.00,0.00,1
9.819,-0.3711,0.0781,-0.0664,0.0096,-0.6172,0.1129,-3.10,1.19,-0.3437,-0.4961,9.4648,-0.1526,0.0127,40.74,0.00,0.00,1
9.833,-0.1406,0.0141,0.0117,0.0047,0.1484,0.0689,-3.08,1.19,-1.4570,-0.6133,7.3164,-1.2659,-0.1129,40.74,0.00,0.00,1
9.850,-1.2539,-0.2762,-0.1055,-0.0192,-1.9961,-0.3831,-3.05,1.15,-0.0391,-0.1133,9.9648,0.1457,-0.3278,40.74,0.00,0.00,1
9.870,0.0430,-0.2186,0.2305,0.0801,0.3789,-0.2046,-3.04,1.13,-0.1523,-0.2695,9.6914,0.0281,-0.1925,40.74,0.00,0.00,1
9.888,-0.1797,-0.1623,-0.2266,0.0862,-0.1562,-0.0819,-3.03,1.16,-0.3828,-0.7266,9.1602,-0.1965,-0.1796,40.74,0.00,0.00,1
9.901,-0.1797,-0.1649,-0.2266,0.0381,-0.1562,-0.0933,-3.02,1.16,0.0781,-0.4609,9.5820,0.2650,-0.1452,40.74,0.00,0.00,1
9.918,0.2109,-0.0433,-0.4258,-0.0140,0.1484,-0.0045,-3.00,1.20,0.0000,-0.9180,9.4648,0.1938,-0.0210,40.74,0.00,0.00,1
9.941,0.0586,0.0200,0.1484,-0.0662,-0.3086,-0.0226,-2.97,1.20,0.0391,-0.1914,9.5391,0.2313,0.0240,40.74,0.00,0.00,1
9.952,0.2578,0.0419,0.3008,-0.0210,0.2266,-0.0237,-2.97,1.22,0.0391,-0.1914,9.5391,0.2350,0.0564,40.74,0.00,0.00,1
9.972,1.0547,0.2379,-0.2812,-0.0007,1.2617,0.2206,-2.94,1.20,-0.4961,-0.4961,8.6953,-0.3023,0.2377,40.74,0.00,0.00,1
9.989,-0.2852,0.1730,-0.0117,-0.0206,-0.6172,0.1001,-2.91,1.19,0.1523,-0.8438,9.6484,0.3435,0.1360,40.74,0.00,0.00,1
10.008,-0.9375,0.0825,-0.5195,-0.1090,-2.1094,-0.0875,-2.89,1.19,-1.1484,-0.9961,7.2031,-0.9562,-0.0046,40.74,0.00,0.00,1
10.020,-0.9375,-0.0742,-0.5195,-0.1720,-2.1094,-0.3981,-2.85,1.18,0.1914,-0.7266,10.0000,0.3804,-0.0441,40.74,0.00,0.00,1
10.039,0.3945,-0.0242,-0.2578,-0.2127,0.6797,-0.2661,-2.81,1.15,0.0781,-0.6133,9.6484,0.2634,0.0666,40.74,0.00,0.00,1
10.058,-0.6406,0.0127,-0.1523,-0.1981,-1.2695,-0.1688,-2.77,1.16,-0.8438,-0.6133,8.0430,-0.6580,-0.0701,40.74,0.00,0.00,1
10.071,-0.6406,-0.0877,-0.1523,-0.1911,-1.2695,-0.3379,-2.74,1.14,0.1914,-0.1914,10.1484,0.3745,-0.0780,40.74,0.00,0.00,1
10.088,-0.4883,-0.0532,-0.3984,-0.1133,-1.1523,-0.2166,-2.69,1.16,-0.6914,-0.8438,8.1562,-0.5057,-0.1183,40.74,0.00,0.00,1
10.112,0.6641,-0.0246,0.2070,-0.1175,0.9531,-0.2122,-2.63,1.14,-0.1133,-0.4609,9.5820,0.0702,0.0299,40.74,0.00,0.00,1
10.122,0.0898,0.0353,-0.0312,-0.0867,0.2656,-0.0882,-2.62,1.15,-0.1133,-0.4609,9.5820,0.0713,0.0362,40.74,0.00,0.00,1
10.139,0.6992,0.0995,-0.4609,-0.1054,1.1445,0.0824,-2.56,1.18,0.4961,-0.8828,10.4531,0.6865,0.1824,40.74,0.00,0.00,1
10.160,0.1250,0.1769,0.1914,-0.0822,0.1875,0.2327,-2.51,1.21,0.0000,-0.4609,10.0039,0.1952,0.1659,40.74,0.00,0.00,1
10.180,-0.8633,0.0976,0.1758,-0.0403,-1.4219,0.1904,-2.45,1.23,-1.0742,-0.2305,7.8906,-0.8758,-0.0607,40.74,0.00,0.00,1
10.190,-0.8633,-0.1150,0.1758,0.0075,-1.4219,-0.1665,-2.42,1.22,-0.1523,0.2305,10.3437,0.0434,-0.1680,40.74,0.00,0.00,1
10.210,0.0586,-0.1232,0.6367,0.1573,1.0391,0.0221,-2.38,1.21,0.0000,-0.3828,9.6914,0.1952,-0.0956,40.74,0.00,0.00,1
10.228,-0.8633,-0.1040,0.0469,0.1471,-0.3008,0.1288,-2.34,1.22,-1.0742,-0.3437,9.0000,-0.8785,-0.2340,40.74,0.00,0.00,1
10.241,-0.8633,-0.2206,0.0469,0.1317,-0.3008,0.0628,-2.32,1.20,-0.0391,-0.5352,9.5430,0.1545,-0.2505,40.74,0.00,0.00,1
10.258,-0.8633,-0.2289,-0.5000,0.0185,-0.9922,-0.0075,-2.27,1.21,-1.0742,-0.8828,8.3164,-0.8796,-0.3411,40.74,0.00,0.00,1
10.279,0.5156,-0.2985,0.0312,-0.0861,1.0000,-0.1274,-2.22,1.20,0.3047,-0.3437,10.3086,0.4977,-0.1890,40.74,0.00,0.00,1
10.292,0.1328,-0.1490,0.2539,-0.0423,0.4648,0.0793,-2.19,1.20,-0.0781,-0.1133,9.7656,0.1143,-0.1219,40.74,0.00,0.00,1
10.309,-0.1250,-0.0897,-0.0234,0.0195,0.0430,0.1549,-2.15,1.23,-0.3437,-0.3828,9.3477,-0.1454,-0.1123,40.74,0.00,0.00,1
10.331,0.3789,0.0383,0.3906,0.1211,0.4258,0.2194,-2.10,1.27,-0.2305,-0.5352,9.3437,-0.0258,0.0409,40.74,0.00,0.00,1
10.343,-0.0039,0.0600,-0.1836,0.1165,0.0430,0.2205,-2.08,1.30,-0.2305,-0.5352,9.3437,-0.0209,0.0314,40.74,0.00,0.00,1
10.360,0.1133,0.0562,0.2305,0.0778,-0.3789,0.0952,-2.03,1.30,-0.0781,0.0781,9.7656,0.1325,0.0501,40.74,0.00,0.00,1
10.379,0.1562,0.0819,0.4141,0.1617,0.4648,0.1474,-2.00,1.33,0.5352,-0.5352,10.2305,0.7511,0.1239,40.74,0.00,0.00,1
10.398,-0.4180,0.1862,0.2891,0.1129,-0.2266,0.2934,-1.97,1.35,-0.6523,-0.0391,9.0820,-0.4338,0.0755,40.74,0.00,0.00,1
10.411,-0.4180,0.0934,0.2891,0.1399,-0.2266,0.2135,-1.95,1.34,-0.1133,-0.2305,9.6875,0.1037,0.0401,40.74,0.00,0.00,1
10.428,-0.9141,-0.0109,-0.0234,0.1252,-1.6055,0.0781,-1.91,1.34,-1.1484,-0.3437,7.6953,-0.9309,-0.1670,40.74,0.00,0.00,1
10.448,0.1211,-0.1842,0.3594,0.1137,0.4648,-0.2338,-1.87,1.33,-0.1133,0.0391,9.7656,0.1026,-0.1549,40.74,0.00,0.00,1
10.462,-0.3789,-0.1566,0.4258,0.1734,-0.1094,-0.1251,-1.86,1.34,-0.6133,0.1133,9.1953,-0.3969,-0.2085,40.74,0.00,0.00,1
10.479,0.4648,-0.1522,-0.0312,0.2084,0.9219,-0.0381,-1.85,1.37,0.2305,-0.3437,10.2266,0.4533,-0.0738,40.74,0.00,0.00,1
10.502,0.2422,0.0240,-0.0391,0.1255,0.5039,0.2249,-1.82,1.40,0.3437,-0.3828,10.2656,0.5708,0.0692,40.74,0.00,0.00,1
10.513,0.5859,0.0850,-0.0781,0.0971,0.9609,0.3044,-1.81,1.42,0.3437,-0.3828,10.2656,0.5751,0.1469,40.74,0.00,0.00,1
10.532,-0.9453,0.0206,-0.1250,0.0302,-1.8750,0.0926,-1.77,1.41,-0.2695,0.0000,9.5430,-0.0408,-0.0685,40.74,0.00,0.00,1
10.549,-0.0273,-0.0502,0.2969,0.0795,0.2344,0.0014,-1.75,1.39,-0.4961,-0.3437,8.7383,-0.2706,-0.0792,40.74,0.00,0.00,1
10.568,-0.6680,-0.1414,0.0195,0.0599,-1.0703,-0.1874,-1.72,1.39,-0.9180,-0.2695,8.2383,-0.6925,-0.2379,40.74,0.00,0.00,1
10.581,-0.6680,-0.2223,0.0195,0.0537,-1.0703,-0.3230,-1.71,1.40,-0.1133,-0.4609,9.5039,0.1138,-0.2431,40.74,0.00,0.00,1
10.602,0.0195,-0.1554,-0.5625,-0.0451,-0.7227,-0.2923,-1.68,1.43,-0.2305,-0.8438,8.5781,0.0019,-0.1463,40.74,0.00,0.00,1
10.618,0.5273,-0.0535,0.0430,-0.1746,0.2031,-0.3633,-1.63,1.44,0.2695,-0.2305,9.5000,0.5035,0.0155,40.74,0.00,0.00,1
10.632,0.3359,0.0597,0.3516,-0.1018,0.3164,-0.2289,-1.62,1.45,0.0781,0.0781,9.6094,0.3148,0.0816,40.74,0.00,0.00,1
10.650,0.9023,0.1992,-0.0039,0.0243,1.0078,0.0123,-1.59,1.44,0.6523,-0.2695,10.3047,0.8863,0.2875,40.74,0.00,0.00,1
10.670,-0.2109,0.2679,0.2969,0.0609,-0.5625,0.1105,-1.55,1.41,-0.1133,0.0000,9.6484,0.1164,0.2026,40.74,0.00,0.00,1
10.689,0.1367,0.2090,0.2578,0.1192,0.3555,0.1228,-1.52,1.41,-1.5313,-0.5742,7.1680,-1.3016,0.0645,40.74,0.00,0.00,1
10.702,-1.2813,-0.0248,-0.3242,0.0605,-2.1406,-0.2091,-1.50,1.42,0.3047,0.0391,10.8398,0.5348,-0.0909,40.74,0.00,0.00,1
10.720,0.5547,0.0252,0.2891,0.0871,1.5352,0.0566,-1.48,1.42,0.0781,-0.2305,9.6133,0.3093,0.0684,40.74,0.00,0.00,1
10.739,-0.1719,0.0852,0.1562,0.0934,-0.0273,0.1776,-1.46,1.43,-0.4219,-0.0781,9.2695,-0.1891,0.0604,40.74,0.00,0.00,1
10.751,-0.1719,0.0457,0.1562,0.1031,-0.0273,0.1461,-1.44,1.43,-0.4219,0.1523,9.0000,-0.1896,0.0220,40.74,0.00,0.00,1
10.769,-0.1719,-0.0160,0.3867,0.1692,-0.2930,0.0381,-1.42,1.41,0.1523,0.1133,10.0039,0.3814,0.0071,40.74,0.00,0.00,1
10.789,0.0508,0.0640,0.3398,0.2300,-0.1094,0.1412,-1.39,1.39,-0.1914,0.1133,9.1992,0.0339,0.0579,40.74,0.00,0.00,1
10.802,0.0508,0.0620,0.3398,0.2469,-0.1094,0.1027,-1.39,1.38,0.3047,-0.0781,10.3086,0.5284,0.0936,40.74,0.00,0.00,1
10.820,0.3945,0.1851,-0.2422,0.1931,0.2812,0.2875,-1.38,1.39,0.1523,-0.4609,9.5820,0.3782,0.2084,40.74,0.00,0.00,1
10.842,-0.7539,0.0801,0.3789,0.1401,-1.0703,0.0778,-1.38,1.41,-0.3828,0.2305,9.0391,-0.1532,-0.0092,40.74,0.00,0.00,1
10.853,-0.1406,0.0010,0.4570,0.1830,-0.2656,-0.0342,-1.38,1.42,-0.3828,0.2305,9.0391,-0.1521,-0.0312,40.74,0.00,0.00,1
10.873,-0.6406,-0.1241,0.0273,0.2104,-1.0313,-0.2307,-1.38,1.43,0.4609,0.1914,10.3437,0.6932,-0.1061,40.74,0.00,0.00,1
10.889,0.7031,0.0268,0.4180,0.2450,1.0469,0.0022,-1.38,1.42,-0.3047,-0.0781,9.8437,-0.0735,0.0588,40.74,0.00,0.00,1
10.910,0.2031,0.0615,-0.3477,0.1878,-0.0820,0.1630,-1.39,1.42,-0.0391,-0.5742,9.2266,0.1916,0.0722,40.74,0.00,0.00,1
10.921,0.2031,0.0833,-0.3477,0.1056,-0.0820,0.1254,-1.40,1.42,-0.1133,-0.0781,9.6094,0.1179,0.0847,40.74,0.00,0.00,1
10.940,0.1289,0.1008,0.1484,0.0868,0.3008,0.1513,-1.40,1.42,0.2305,-0.2695,9.7695,0.4606,0.1212,40.74,0.00,0.00,1
10.959,-0.3711,0.1404,-0.0859,0.0501,-0.8086,0.1453,-1.41,1.42,-0.6133,-0.3047,8.5000,-0.3826,0.0504,40.74,0.00,0.00,1
10.972,-0.3711,0.0618,-0.0859,0.0292,-0.8086,-0.0012,-1.41,1.41,0.0391,-0.1133,10.1914,0.2681,0.0358,40.74,0.00,0.00,1
10.989,0.4336,0.1114,-0.5859,-0.0111,0.2266,0.1499,-1.41,1.44,0.1914,-0.8047,9.5430,0.4248,0.1497,40.74,0.00,0.00,1
11.009,-0.8242,0.1022,-0.2773,-0.1494,-1.1133,0.0645,-1.40,1.45,-1.0742,-0.4961,8.1992,-0.8387,-0.0519,40.74,0.00,0.00,1
11.023,-0.3242,-0.0628,-0.1250,-0.1655,-0.3086,-0.1318,-1.40,1.44,-0.5742,-0.3437,9.0000,-0.3393,-0.1155,40.74,0.00,0.00,1
11.040,-0.3711,-0.1407,-0.3164,-0.1694,-0.9609,-0.2341,-1.38,1.44,-0.6133,-0.5352,8.3516,-0.3794,-0.1876,40.74,0.00,0.00,1
11.060,0.4727,-0.0193,0.1328,-0.1116,0.8398,-0.0417,-1.36,1.42,-0.2695,-0.0781,9.3867,-0.0389,-0.0432,40.74,0.00,0.00,1
11.079,-0.0352,0.0078,0.1328,-0.0423,0.0742,0.0389,-1.35,1.41,0.4609,-0.6133,10.1914,0.6905,0.0159,40.74,0.00,0.00,1
11.092,0.7031,0.1117,-0.4023,-0.0858,0.8789,0.1703,-1.34,1.42,-0.1914,-0.0391,9.4609,0.0398,0.1133,40.74,0.00,0.00,1
11.109,0.0508,0.1351,0.1719,-0.0485,0.1484,0.2096,-1.32,1.43,0.0391,-0.1914,9.6133,0.2713,0.1109,40.74,0.00,0.00,1
11.128,-0.7930,0.0858,0.0508,-0.0156,-1.3750,0.0995,-1.30,1.44,-1.0352,-0.1523,7.9297,-0.8018,-0.0716,40.74,0.00,0.00,1
11.142,-0.7930,-0.0492,0.0508,-0.0054,-1.3750,-0.1270,-1.29,1.42,0.1523,0.1133,10.1914,0.3835,-0.0891,40.74,0.00,0.00,1
11.159,0.3945,0.0340,-0.1797,0.0494,0.3789,0.0483,-1.28,1.43,0.1523,-0.3828,9.6914,0.3841,0.0723,40.74,0.00,0.00,1
11.179,-0.6758,0.0506,0.3164,0.0241,-0.7695,0.0502,-1.27,1.43,-0.9180,0.1133,8.5430,-0.6857,-0.0761,40.74,0.00,0.00,1
11.193,0.1289,0.0034,0.3945,0.0752,0.2656,0.0071,-1.27,1.43,-0.1133,0.1914,9.5781,0.1190,-0.0461,40.74,0.00,0.00,1
11.210,-0.4922,-0.0107,-0.1875,0.1192,-0.9609,-0.0177,-1.26,1.42,-0.7266,-0.3828,8.3516,-0.4964,-0.1355,40.74,0.00,0.00,1
11.232,0.5391,-0.0164,0.4727,0.1161,0.6875,-0.0861,-1.27,1.40,-0.4609,0.3437,9.6484,-0.2340,-0.0284,40.74,0.00,0.00,1
11.250,-0.2266,-0.0283,0.5469,0.2336,0.3398,0.0564,-1.28,1.39,0.1523,-0.2305,9.4609,0.3787,-0.0380,40.74,0.00,0.00,1
11.262,0.3867,0.0220,-0.0273,0.2147,0.1484,0.0897,-1.29,1.40,0.0000,0.3828,9.8047,0.2275,0.0423,40.74,0.00,0.00,1
11.280,0.2344,0.0917,0.5859,0.2818,0.4961,0.1833,-1.32,1.41,0.2695,0.1133,9.7656,0.4981,0.1164,40.74,0.00,0.00,1
11.299,-0.4102,0.1437,0.2422,0.3047,-0.8867,0.1714,-1.35,1.42,-0.6523,0.0391,8.4219,-0.4217,0.0433,40.74,0.00,0.00,1
11.312,-0.4102,0.0586,0.2422,0.2951,-0.8867,0.0088,-1.35,1.42,0.0391,0.1914,10.1875,0.2692,0.0271,40.74,0.00,0.00,1
11.329,0.1562,0.0833,-0.2422,0.2709,0.1094,0.1427,-1.40,1.44,-0.0781,-0.4609,9.4219,0.1558,0.0847,40.74,0.00,0.00,1
11.348,-0.8008,0.0274,0.1406,0.1560,-0.9922,0.0451,-1.44,1.44,-1.0352,-0.0781,8.3125,-0.8007,-0.1069,40.74,0.00,0.00,1
11.363,-0.8008,-0.0998,0.1406,0.1537,-0.9922,-0.1142,-1.45,1.43,-0.4219,0.0000,9.0781,-0.1901,-0.1648,40.74,0.00,0.00,1
11.380,-0.4180,-0.1817,-0.1172,0.1461,-0.8867,-0.2508,-1.49,1.41,-0.6523,-0.3437,8.4219,-0.4227,-0.2246,40.74,0.00,0.00,1
11.402,0.5039,-0.1206,0.2344,0.1103,0.8008,-0.2084,-1.52,1.39,-0.0391,0.0000,9.7305,0.1869,-0.0565,40.74,0.00,0.00,1
11.420,0.1953,-0.0118,0.2422,0.1472,0.4180,-0.0069,-1.57,1.40,0.2695,-0.8047,9.5781,0.4966,0.0372,40.74,0.00,0.00,1
11.432,0.5039,0.0814,-0.5547,0.0459,0.2734,0.0649,-1.59,1.41,-0.1523,-0.2695,9.4219,0.0763,0.1055,40.74,0.00,0.00,1
11.449,0.0820,0.1079,-0.0195,-0.0060,0.1172,0.0895,-1.62,1.41,0.1914,-0.4609,9.6875,0.4206,0.1248,40.74,0.00,0.00,1
11.469,-0.7930,0.0991,-0.1641,-0.0596,-1.3359,0.0376,-1.65,1.43,-1.0352,-0.4219,7.9687,-0.8032,-0.0449,40.74,0.00,0.00,1
11.482,-0.7930,-0.0380,-0.1641,-0.0756,-1.3359,-0.1734,-1.67,1.42,0.0781,-0.2695,9.5820,0.3084,-0.0726,40.74,0.00,0.00,1
11.500,-0.7227,-0.0646,-0.3164,-0.0869,-0.4180,-0.1686,-1.70,1.40,-0.9570,-0.5742,8.8828,-0.7294,-0.1721,40.74,0.00,0.00,1
11.518,-0.1484,-0.2053,-0.2695,-0.1483,-0.3789,-0.2362,-1.72,1.40,-0.3828,-0.5352,8.9219,-0.1557,-0.2032,40.74,0.00,0.00,1
11.533,-0.1484,-0.1966,-0.2695,-0.1669,-0.3789,-0.2581,-1.73,1.39,0.0000,-0.5352,9.9219,0.2260,-0.1654,40.74,0.00,0.00,1
11.550,0.5391,-0.0472,-0.1562,-0.1928,0.9219,0.0076,-1.75,1.42,0.3047,-0.4219,10.2305,0.5350,0.0363,40.74,0.00,0.00,1
11.572,0.4258,0.1352,-0.0039,-0.1570,0.4258,0.2431,-1.75,1.41,0.0781,-0.0391,10.1094,0.3074,0.1649,40.74,0.00,0.00,1
11.589,0.3203,0.1943,0.2266,-0.0625,0.8086,0.3796,-1.77,1.44,0.4961,-0.6523,10.0312,0.7296,0.2399,40.74,0.00,0.00,1
11.602,0.7305,0.2852,-0.3789,-0.0916,0.7305,0.4626,-1.78,1.43,-0.5742,-0.3437,8.5391,-0.3412,0.2625,40.74,0.00,0.00,1
11.620,-0.3320,0.1763,-0.0703,-0.1048,-0.7617,0.2083,-1.78,1.42,-0.1133,-0.2305,9.6133,0.1170,0.1278,40.74,0.00,0.00,1
11.640,-1.0313,0.0393,-0.1875,-0.0793,-1.7578,0.0158,-1.78,1.42,-1.2656,-0.4609,7.5508,-1.0348,-0.1307,40.74,0.00,0.00,1
11.652,-1.0313,-0.1976,-0.1875,-0.1033,-1.7578,-0.3767,-1.79,1.41,0.4219,0.1914,10.9922,0.6517,-0.1960,40.74,0.00,0.00,1
11.670,0.6562,-0.0606,0.4648,0.0172,1.6914,-0.0050,-1.80,1.42,0.0000,-0.3047,9.6133,0.2309,0.0109,40.74,0.00,0.00,1
11.689,-0.3320,0.0204,0.1289,0.0435,-0.1875,0.1414,-1.81,1.47,-0.5742,-0.1523,9.1172,-0.3353,-0.0391,40.74,0.00,0.00,1
11.703,-0.3320,-0.0337,0.1289,0.0566,-0.1875,0.0909,-1.82,1.48,-0.0391,0.0000,9.4219,0.2020,-0.0414,40.74,0.00,0.00,1
11.720,0.1367,0.0111,-0.1016,0.0939,-0.1875,0.0580,-1.85,1.51,-0.1133,-0.3828,9.1211,0.1336,0.0264,40.74,0.00,0.00,1
11.739,0.4414,0.0711,0.5195,0.0881,0.3086,0.0281,-1.86,1.51,0.1914,0.2305,9.6094,0.4367,0.1241,40.74,0.00,0.00,1
11.760,0.1367,0.1299,0.3672,0.2015,0.5039,0.1669,-1.90,1.54,0.5742,-0.3047,9.8047,0.8255,0.1833,40.74,0.00,0.00,1
11.771,0.8320,0.1866,-0.0078,0.1969,0.5039,0.2187,-1.91,1.55,0.5742,-0.3047,9.8047,0.8271,0.2822,40.74,0.00,0.00,1
11.790,-0.5078,0.1101,0.6094,0.2637,-0.7227,0.0445,-1.96,1.54,-0.2695,-0.1914,8.9258,-0.0183,0.0507,40.74,0.00,0.00,1
11.809,-0.0117,0.0446,0.1211,0.2537,-0.3789,-0.0970,-2.01,1.52,-1.4922,-0.1133,7.2031,-1.2436,-0.0671,40.74,0.00,0.00,1
11.822,-1.2422,-0.1568,0.2070,0.2375,-2.1016,-0.4240,-2.03,1.51,0.1133,0.1133,10.1914,0.3597,-0.1995,40.74,0.00,0.00,1
11.840,0.3633,-0.1093,0.4336,0.2790,0.8867,-0.2384,-2.09,1.50,-0.3437,0.0000,9.5039,-0.1000,-0.0781,40.74,0.00,0.00,1
11.859,-0.5156,-0.1116,0.1758,0.2912,-1.0313,-0.1491,-2.16,1.52,-0.7656,-0.1523,8.2734,-0.5181,-0.1779,40.74,0.00,0.00,1
11.873,-0.5156,-0.1736,0.1758,0.2735,-1.0313,-0.2846,-2.20,1.52,-0.3047,0.3828,9.5391,-0.0566,-0.1932,40.74,0.00,0.00,1
11.890,-0.0547,-0.1595,0.3125,0.3633,-0.6484,-0.2508,-2.28,1.54,-0.3047,-0.0391,8.6562,-0.0539,-0.1459,40.74,0.00,0.00,1
11.909,0.4023,-0.0932,0.6719,0.3776,0.0820,-0.3051,-2.37,1.52,0.1523,0.3047,9.3828,0.4005,-0.0191,40.74,0.00,0.00,1
11.930,0.2891,0.0507,0.6445,0.4719,0.5391,-0.0720,-2.48,1.52,0.7656,-0.1914,10.4141,1.0138,0.1436,40.74,0.00,0.00,1
11.941,1.0156,0.1454,0.2070,0.4634,1.1133,0.0678,-2.55,1.52,0.7656,-0.1914,10.4141,1.0128,0.2771,40.74,0.00,0.00,1
11.961,-0.1328,0.1623,0.4609,0.4325,-0.4414,0.0374,-2.67,1.50,-0.2305,0.0000,9.4258,0.0135,0.1261,40.74,0.00,0.00,1
11.980,0.0117,0.1106,0.4297,0.4336,0.1328,0.0287,-2.81,1.48,-1.3008,-0.1523,7.3516,-1.0594,0.0081,40.74,0.00,0.00,1
11.992,-1.0586,-0.0757,0.2930,0.4117,-1.9336,-0.2657,-2.88,1.46,0.1523,0.0391,10.6094,0.3905,-0.1126,40.74,0.00,0.00,1
12.010,0.3867,-0.0346,0.4922,0.4222,1.3203,-0.0186,-3.03,1.44,-0.2305,-0.5352,9.1562,0.0040,-0.0015,40.74,0.00,0.00,1
12.029,-0.2617,-0.0208,0.1484,0.3064,-0.2500,0.0164,-3.17,1.45,-0.4961,-0.3437,9.0430,-0.2599,-0.0579,40.74,0.00,0.00,1
12.043,-0.2617,-0.0578,0.1484,0.2821,-0.2500,-0.0245,-3.24,1.46,-0.1523,-0.1133,9.3047,0.0850,-0.0613,40.74,0.00,0.00,1
12.060,0.5469,0.0074,0.1797,0.2907,0.5195,0.0150,-3.40,1.47,0.3047,-0.3437,9.8086,0.5437,0.0900,40.74,0.00,0.00,1
12.079,-0.1875,0.1016,-0.0273,0.2427,-0.5937,0.0691,-3.56,1.44,-0.4219,-0.5742,8.6953,-0.1882,0.0568,40.74,0.00,0.00,1
12.094,0.3867,0.0836,0.0273,0.1873,0.9023,0.0421,-3.64,1.42,0.1523,-0.5352,10.1914,0.3834,0.1293,40.74,0.00,0.00,1
12.111,-0.1562,0.1261,-0.7539,0.0794,-0.3555,0.1854,-3.80,1.41,-0.3828,-1.3398,8.9219,-0.1538,0.0824,40.74,0.00,0.00,1
12.131,-0.6094,-0.0398,-0.5703,-0.1765,-0.7773,-0.0638,-3.95,1.42,-0.1914,-1.3008,9.7305,0.0398,-0.0761,40.74,0.00,0.00,1
12.150,0.0430,-0.0569,-0.6758,-0.3115,0.4492,0.0053,-4.09,1.44,0.0391,-1.2266,9.3867,0.2731,-0.0243,40.74,0.00,0.00,1
12.162,0.2734,0.0006,-0.5781,-0.3771,0.1055,0.0507,-4.16,1.44,0.6133,-0.6523,10.3477,0.8474,0.0875,40.74,0.00,0.00,1
12.181,0.8398,0.2033,-0.0039,-0.3070,1.0625,0.2781,-4.28,1.42,0.0391,-0.9180,9.6484,0.2705,0.2563,40.74,0.00,0.00,1
12.199,0.6484,0.2881,-0.5469,-0.2964,0.9102,0.3925,-4.40,1.41,0.4219,-1.2266,10.1875,0.6502,0.3448,40.74,0.00,0.00,1
12.213,0.6484,0.3434,-0.5469,-0.3349,0.9102,0.4720,-4.45,1.41,-0.2695,-1.1875,9.2656,-0.0412,0.3364,40.74,0.00,0.00,1
12.230,0.4570,0.3169,-0.3711,-0.3732,0.9844,0.4720,-4.50,1.40,0.2305,-1.0742,10.2656,0.4578,0.3058,40.74,0.00,0.00,1
12.248,-0.9922,0.2503,-0.4609,-0.3781,-1.6953,0.4323,-4.64,1.44,-1.2266,-1.1875,7.5898,-0.9922,0.0372,40.74,0.00,0.00,1
12.272,0.3477,0.0325,0.1289,-0.3157,1.0625,0.1305,-4.73,1.46,-0.4961,-1.1875,8.6602,-0.2580,0.0183,40.74,0.00,0.00,1
12.281,-0.2539,0.0328,-0.4375,-0.2928,-0.6250,0.1387,-4.77,1.46,-0.4961,-1.1875,8.6602,-0.2585,-0.0242,40.74,0.00,0.00,1
12.298,-0.1016,-0.0363,-0.1992,-0.3147,0.1055,-0.0195,-4.85,1.47,-0.3437,-0.9570,9.3867,-0.1050,-0.0568,40.74,0.00,0.00,1
12.321,0.3203,0.0348,-0.4219,-0.3246,0.4102,0.0906,-4.92,1.46,-0.1914,-1.3398,9.2266,0.0468,0.0487,40.74,0.00,0.00,1
12.334,0.0508,0.0566,-0.5664,-0.3684,-0.0430,0.0917,-4.95,1.46,-0.0391,-1.0742,9.2266,0.1991,0.0604,40.74,0.00,0.00,1
12.350,0.1953,0.0869,-0.2930,-0.3640,-0.0430,0.0535,-5.01,1.45,-0.0781,-1.0352,9.8477,0.1585,0.0964,40.74,0.00,0.00,1
12.369,0.8555,0.1687,-0.5820,-0.3534,0.9922,0.2283,-5.07,1.47,0.6133,-1.3789,10.2656,0.8521,0.2709,40.74,0.00,0.00,1
12.383,0.8555,0.2742,-0.5820,-0.3885,0.9922,0.3456,-5.09,1.47,-0.1133,-0.8047,9.3437,0.1267,0.3022,40.74,0.00,0.00,1
12.400,0.2734,0.2763,0.0859,-0.2825,0.4102,0.3326,-5.14,1.51,0.0391,-0.7266,9.6914,0.2844,0.2773,40.74,0.00,0.00,1
12.419,-1.1367,0.1641,-0.2461,-0.1835,-2.2695,0.1447,-5.19,1.54,-1.3789,-1.0742,7.0078,-1.1277,-0.0325,40.74,0.00,0.00,1
12.442,0.3945,-0.0442,-0.1992,-0.1976,0.7930,-0.2080,-5.24,1.54,-0.0781,-1.3008,9.5391,0.1731,0.0098,40.74,0.00,0.00,1
12.451,0.1641,0.0048,-0.4648,-0.2191,0.2578,-0.0971,-5.26,1.54,-0.0781,-1.3008,9.5391,0.1737,0.0349,40.74,0.00,0.00,1
12.469,-0.2930,0.0134,-0.4219,-0.2854,-0.4687,-0.0545,-5.30,1.55,-0.5352,-1.2656,8.8164,-0.2817,-0.0266,40.74,0.00,0.00,1
12.490,-0.0625,-0.0401,-0.3437,-0.3146,0.1406,-0.0609,-5.32,1.55,0.1914,-0.9961,9.6523,0.4438,0.0044,40.74,0.00,0.00,1
12.510,-0.2109,0.0430,-0.1055,-0.2649,-0.5859,-0.0034,-5.34,1.56,-0.4609,-0.9570,8.6953,-0.2064,0.0107,40.74,0.00,0.00,1
12.520,-0.2109,0.0040,-0.1055,-0.2404,-0.5859,-0.0929,-5.35,1.56,0.0391,-0.9570,9.9648,0.2930,0.0173,40.74,0.00,0.00,1
12.540,-0.1328,0.0388,-0.4805,-0.2244,-0.3945,0.0120,-5.38,1.57,-0.3828,-1.3398,8.8867,-0.1267,0.0187,40.74,0.00,0.00,1
12.553,-0.1328,0.0008,-0.4805,-0.2811,-0.3945,-0.0779,-5.38,1.57,-0.8438,-0.9570,8.6602,-0.5871,-0.0502,40.74,0.00,0.00,1
12.570,-0.5937,-0.1391,-0.0977,-0.2529,-0.6250,-0.2187,-5.39,1.56,-0.4219,-1.3008,9.3477,-0.1673,-0.1690,40.74,0.00,0.00,1
12.589,-0.3633,-0.1898,-0.3906,-0.2918,-0.6250,-0.2165,-5.40,1.57,-0.6133,-1.2656,8.6562,-0.3566,-0.2104,40.74,0.00,0.00,1
12.609,0.4414,-0.1746,-0.2422,-0.3080,0.6406,-0.2311,-5.39,1.56,0.1914,-1.1094,9.9219,0.4460,-0.0742,40.74,0.00,0.00,1
12.621,0.2109,-0.0567,-0.2344,-0.2928,0.5273,-0.0472,-5.39,1.56,-0.0391,-1.1094,9.8086,0.2160,-0.0100,40.74,0.00,0.00,1
12.639,0.5937,0.0498,-0.1992,-0.2734,0.9102,0.1464,-5.39,1.58,0.3437,-1.0742,10.1875,0.6015,0.1395,40.74,0.00,0.00,1
12.660,-0.0195,0.0995,-0.0156,-0.2075,-0.2422,0.1517,-5.39,1.57,0.1133,-0.8047,9.7695,0.3705,0.1184,40.74,0.00,0.00,1
12.672,0.3633,0.1119,0.0625,-0.1718,0.4883,0.1497,-5.38,1.58,0.1133,-0.8047,9.7695,0.3710,0.1572,40.74,0.00,0.00,1
12.692,-1.0156,-0.1802,-0.6172,-0.2733,-2.0430,-0.4349,-5.36,1.55,-0.1523,-1.0742,9.5000,0.1011,-0.2135,40.74,0.00,0.00,1
12.710,0.0977,-0.1708,-0.1992,-0.2783,0.2187,-0.3904,-5.35,1.55,-0.8047,-1.1094,8.9648,-0.5523,-0.1769,40.74,0.00,0.00,1
12.723,-0.5547,-0.2116,-0.2422,-0.2674,-0.3164,-0.3378,-5.34,1.54,0.9180,-1.0352,10.8750,1.1698,-0.1223,40.74,0.00,0.00,1
12.740,1.1680,0.0724,-0.1680,-0.2438,1.5977,0.0919,-5.32,1.57,0.2695,-0.6914,9.9258,0.5252,0.1929,40.74,0.00,0.00,1
12.759,0.4805,0.2589,0.6680,-0.0811,0.5273,0.3247,-5.30,1.55,0.2305,-0.1914,9.8047,0.4839,0.2969,40.74,0.00,0.00,1
12.780,-1.0586,0.1986,0.1680,0.0913,-2.2344,0.1613,-5.28,1.53,-1.3008,-0.6914,7.0469,-1.0516,0.0102,40.74,0.00,0.00,1
12.791,0.1953,0.0207,0.3984,0.1267,0.1406,-0.1789,-5.28,1.51,-0.0391,-0.4609,9.4219,0.2074,0.0540,40.74,0.00,0.00,1
12.808,-0.4570,0.0180,-0.5117,0.1310,-0.5078,-0.1402,-5.28,1.51,-0.6914,-1.3789,8.7734,-0.4449,-0.0470,40.74,0.00,0.00,1
12.831,-0.3789,-0.1468,-1.1719,-0.3082,-1.2383,-0.4921,-5.25,1.52,-0.0781,-0.5352,10.0742,0.1689,-0.1299,40.74,0.00,0.00,1
12.842,0.1562,-0.1397,0.3242,-0.3212,0.7930,-0.4442,-5.23,1.51,-0.0781,-0.5352,10.0742,0.1673,-0.0842,40.74,0.00,0.00,1
12.862,0.0820,-0.0502,0.5547,-0.0658,0.1797,-0.1166,-5.23,1.51,0.0391,-0.2305,9.4609,0.2850,-0.0040,40.74,0.00,0.00,1
12.880,0.2734,0.0297,0.6289,0.1266,0.1797,-0.0326,-5.24,1.49,0.1133,-0.8828,9.8047,0.3566,0.0832,40.74,0.00,0.00,1
12.893,0.3398,0.0938,-0.0234,0.1376,0.5273,0.0678,-5.25,1.46,0.8047,-2.0703,10.3086,1.0422,0.1977,40.74,0.00,0.00,1
12.910,1.0313,0.3166,-1.2109,-0.1709,1.0234,0.3079,-5.23,1.44,-0.0391,-0.9570,9.6484,0.1957,0.3691,40.74,0.00,0.00,1
12.929,0.2656,0.3272,0.4375,-0.1669,0.7539,0.3975,-5.21,1.45,0.0391,-0.4219,10.0352,0.2755,0.3275,40.74,0.00,0.00,1
12.949,-0.8008,0.2244,0.4453,0.0051,-1.4297,0.3239,-5.20,1.51,-1.0352,-0.4219,7.8516,-0.7896,0.0771,40.74,0.00,0.00,1
12.961,0.4258,0.0957,0.7148,0.1241,0.5625,0.0952,-5.21,1.50,0.1914,-0.1523,9.8437,0.4359,0.1566,40.74,0.00,0.00,1
12.979,0.0820,0.1807,-0.0156,0.2671,0.0273,0.2117,-5.23,1.49,-0.1523,-0.8828,9.3047,0.0899,0.1756,40.74,0.00,0.00,1
13.002,1.0391,0.2941,-0.6641,0.0711,1.4063,0.3606,-5.23,1.49,-0.4609,-1.0742,9.4258,-0.2187,0.3164,40.74,0.00,0.00,1
13.012,-0.2266,0.3072,-0.2070,-0.0053,0.1328,0.4194,-5.22,1.50,-0.4609,-1.0742,9.4258,-0.2166,0.2345,40.74,0.00,0.00,1
13.032,0.0898,0.1739,-0.2070,-0.0741,0.3633,0.3571,-5.22,1.56,-1.9531,-1.1484,7.1680,-1.6986,0.0268,40.74,0.00,0.00,1
13.049,-1.7109,-0.2485,-0.2891,-0.1299,-2.1250,-0.1919,-5.21,1.56,-0.3047,-0.6523,10.0703,-0.0506,-0.3306,40.74,0.00,0.00,1
13.063,-0.0625,-0.3190,0.2148,-0.0877,0.7852,-0.1727,-5.22,1.56,-0.3047,-1.1094,9.5430,-0.0501,-0.2685,40.74,0.00,0.00,1
13.080,-0.0703,-0.2480,-0.2500,-0.1048,0.2500,-0.0195,-5.22,1.54,-0.3437,-1.1094,9.6133,-0.0928,-0.2107,40.74,0.00,0.00,1
13.099,0.2734,-0.1678,0.0156,-0.1331,0.4805,0.1059,-5.19,1.54,0.0391,-0.8438,9.7656,0.2905,-0.0856,40.74,0.00,0.00,1
13.114,0.2734,-0.1001,0.0156,-0.1102,0.4805,0.1635,-5.19,1.55,0.5742,-0.9570,10.1875,0.8278,0.0153,40.74,0.00,0.00,1
13.131,0.8164,0.1260,-0.0977,-0.0996,0.9023,0.3467,-5.17,1.60,-0.7656,-0.9570,8.1562,-0.5041,0.1404,40.74,0.00,0.00,1
13.149,0.1367,0.0342,-0.1445,-0.1043,0.3242,0.0763,-5.15,1.61,-0.1133,-0.9961,9.6094,0.1494,0.0650,40.74,0.00,0.00,1
13.173,-0.3242,-0.0016,-0.3672,-0.1522,-0.5156,0.0318,-5.14,1.58,-0.6133,-0.7266,8.8867,-0.3544,-0.0412,40.74,0.00,0.00,1
13.182,-0.3633,-0.0543,0.1328,-0.1452,-0.4023,-0.0432,-5.13,1.58,-0.6133,-0.7266,8.8867,-0.3549,-0.0894,40.74,0.00,0.00,1
13.199,0.0586,-0.1082,0.1602,-0.0642,0.4023,-0.0807,-5.11,1.58,-0.1914,-0.6914,9.6914,0.0664,-0.0716,40.74,0.00,0.00,1
13.220,-0.0195,-0.0686,-0.1055,-0.0465,-0.3633,-0.0854,-5.09,1.61,0.1523,-0.5352,9.5430,0.4149,-0.0163,40.74,0.00,0.00,1
13.233,0.4023,0.0070,0.3086,0.0041,0.2500,-0.0527,-5.08,1.60,-0.1133,-0.7266,9.6914,0.1482,0.0576,40.74,0.00,0.00,1
13.250,0.1367,0.0604,0.1172,0.0481,0.4023,0.0668,-5.06,1.61,0.3828,-1.1094,9.4609,0.6453,0.1234,40.74,0.00,0.00,1
13.272,-0.3633,0.1474,0.1094,-0.0085,-0.6406,0.0493,-5.04,1.59,-0.6133,-0.7266,8.6602,-0.3541,0.0802,40.74,0.00,0.00,1
13.290,-0.1406,-0.0105,-0.0820,0.0164,-0.2930,-0.1581,-5.02,1.56,-0.3828,-0.9180,9.0039,-0.1273,-0.0180,40.74,0.00,0.00,1
13.301,-0.1406,-0.0305,-0.0820,0.0012,-0.2930,-0.1788,-5.02,1.56,-1.3789,-0.9570,7.3164,-1.1239,-0.1146,40.74,0.00,0.00,1
13.319,0.3203,-0.2340,0.3672,-0.0008,0.6250,-0.4879,-5.00,1.54,0.0781,-0.4609,9.9219,0.3289,-0.1371,40.74,0.00,0.00,1
13.339,-0.0273,-0.1046,0.3672,0.1036,0.4336,-0.1876,-4.99,1.54,-0.2695,-0.4609,9.7305,-0.0182,-0.0816,40.74,0.00,0.00,1
13.352,0.3203,-0.0597,0.2539,0.1529,0.2812,-0.0623,-4.98,1.54,0.0781,-0.5742,9.5781,0.3289,0.0092,40.74,0.00,0.00,1
13.370,-0.1094,0.0137,0.2930,0.1846,-0.2187,-0.0049,-4.98,1.51,-0.3437,-0.5352,9.0820,-0.0973,0.0058,40.74,0.00,0.00,1
13.390,0.3867,0.0815,0.4062,0.2466,0.5469,0.0917,-4.99,1.47,-1.1875,-0.8047,7.5859,-0.9486,0.0309,40.74,0.00,0.00,1
13.411,0.0664,-0.0480,0.3672,0.2347,0.9688,-0.0645,-4.98,1.43,-0.1523,-0.4609,10.2656,0.0807,-0.0895,40.74,0.00,0.00,1
13.422,0.0664,-0.0227,0.3672,0.2640,0.9688,0.1641,-4.99,1.39,-0.0391,-0.8047,9.8086,0.1870,-0.0443,40.74,0.00,0.00,1
13.441,0.1797,0.0277,0.0234,0.2172,0.5117,0.2912,-5.01,1.40,-0.5742,-0.4961,9.1992,-0.3466,-0.0212,40.74,0.00,0.00,1
13.454,-0.3477,-0.0197,0.3398,0.2229,-0.1016,0.2458,-5.02,1.41,-0.0781,-0.4961,9.8477,0.1517,-0.0530,40.74,0.00,0.00,1
13.471,0.1406,-0.0046,0.3398,0.2561,0.5469,0.2908,-5.06,1.42,-0.1523,-0.8438,9.1953,0.0791,-0.0007,40.74,0.00,0.00,1
13.489,1.0234,0.1004,0.3086,0.2114,1.0469,0.2861,-5.08,1.39,0.8047,-0.5352,10.3437,1.0302,0.2371,40.74,0.00,0.00,1
13.506,1.0234,0.3047,0.3086,0.2329,1.0469,0.4544,-5.11,1.39,0.4609,-0.6133,10.6484,0.6860,0.3850,40.74,0.00,0.00,1
13.522,1.2852,0.5295,-0.2227,0.2118,1.2383,0.6378,-5.15,1.38,1.0742,-1.0742,10.5312,1.2977,0.6055,40.74,0.00,0.00,1
13.539,0.2109,0.6578,0.1328,0.1171,0.1953,0.7246,-5.19,1.40,0.0000,-0.7266,9.5039,0.2267,0.5648,40.74,0.00,0.00,1
13.560,0.3633,0.5648,-0.0586,0.0792,0.5391,0.6506,-5.23,1.44,-1.5313,-1.2656,7.1289,-1.2970,0.3786,40.74,0.00,0.00,1
13.573,-1.3125,0.3998,-0.3984,0.0308,-2.1797,0.4160,-5.25,1.44,-1.5313,-1.2656,7.1289,-1.2964,0.1213,40.74,0.00,0.00,1
13.592,0.4492,0.0866,-0.0820,-0.0669,1.0391,0.0255,-5.28,1.46,-0.3437,-1.4180,9.6484,-0.1062,0.0922,40.74,0.00,0.00,1
13.610,-0.1250,0.0624,-0.5430,-0.1732,0.3477,0.1599,-5.32,1.47,-0.6914,-0.9570,9.0391,-0.4522,0.0085,40.74,0.00,0.00,1
13.629,-0.0039,-0.0610,-0.0820,-0.1685,0.2734,0.0931,-5.33,1.48,-0.2305,-0.9570,9.5781,0.0098,-0.0460,40.74,0.00,0.00,1
13.641,-0.0039,-0.0522,-0.0820,-0.1553,0.2734,0.1208,-5.34,1.49,0.0000,-1.0742,9.5781,0.2424,-0.0187,40.74,0.00,0.00,1
13.660,0.3398,0.0387,-0.3437,-0.1735,0.5039,0.1913,-5.34,1.48,0.1133,-1.2266,9.8047,0.3546,0.0952,40.74,0.00,0.00,1
13.680,0.1484,0.1088,-0.3437,-0.2218,0.6953,0.2953,-5.35,1.49,-0.0781,-1.2266,10.0039,0.1643,0.1265,40.74,0.00,0.00,1
13.692,0.3125,0.1307,-0.7656,-0.2825,0.3086,0.3529,-5.36,1.51,0.0781,-1.6484,9.6133,0.3248,0.1701,40.74,0.00,0.00,1
13.710,-0.4570,0.1207,-0.1133,-0.3673,-0.7617,0.2547,-5.35,1.55,-0.6914,-0.9961,8.5391,-0.4383,0.0450,40.74,0.00,0.00,1
13.733,-0.1016,-0.0217,-0.4180,-0.3275,-0.0352,0.0198,-5.34,1.59,-1.5313,-1.2656,7.0469,-1.2722,-0.1146,40.74,0.00,0.00,1
13.743,-1.2891,-0.1289,-0.3906,-0.3392,-2.2578,-0.1665,-5.33,1.59,-1.5313,-1.2656,7.0469,-1.2711,-0.2922,40.74,0.00,0.00,1
13.763,0.2031,-0.2952,-0.0078,-0.2980,0.5391,-0.4499,-5.29,1.59,-0.4609,-0.9180,8.6602,-0.2009,-0.2367,40.74,0.00,0.00,1
13.780,-0.2266,-0.2490,-0.0508,-0.2252,-0.6484,-0.4322,-5.26,1.57,-0.2305,-1.2266,9.1992,0.0252,-0.2091,40.74,0.00,0.00,1
13.799,0.2734,-0.1544,-0.2500,-0.2445,-0.0039,-0.3462,-5.22,1.54,0.0391,-1.1094,9.3086,0.2899,-0.0707,40.74,0.00,0.00,1
13.811,0.2734,-0.0887,-0.2500,-0.2453,-0.0039,-0.2936,-5.20,1.53,0.1914,-1.4180,9.7695,0.4416,-0.0032,40.74,0.00,0.00,1
13.830,-0.1484,0.0320,-0.0586,-0.2944,-0.5078,-0.1413,-5.14,1.55,-0.3828,-0.9180,8.8125,-0.1305,0.0221,40.74,0.00,0.00,1
13.850,0.1953,0.0083,-0.0742,-0.2288,0.0664,-0.1993,-5.09,1.54,-0.0391,-0.9180,9.3867,0.2127,0.0545,40.74,0.00,0.00,1
13.862,0.1211,0.0311,-0.1133,-0.2082,0.2187,-0.1463,-5.07,1.54,-0.0391,-0.9180,9.3867,0.2122,0.0787,40.74,0.00,0.00,1
13.879,-0.6484,0.0002,0.3008,-0.1443,-1.1992,-0.1353,-5.02,1.54,-0.8828,-0.5352,8.1211,-0.6316,-0.0624,40.74,0.00,0.00,1
13.903,0.0820,-0.1087,0.2930,0.0062,0.1875,-0.2850,-4.97,1.52,-1.0352,-0.7266,7.7734,-0.7872,-0.1210,40.74,0.00,0.00,1
13.913,-0.8008,-0.1500,0.0937,0.0343,-1.5352,-0.3502,-4.94,1.50,-1.0352,-0.7266,7.7734,-0.7910,-0.2239,40.74,0.00,0.00,1
13.933,0.9531,-0.1025,0.3906,0.1002,1.4531,-0.2952,-4.89,1.47,-0.2695,-0.5352,9.3477,-0.0308,0.0011,40.74,0.00,0.00,1
13.950,-0.0508,-0.0253,0.2773,0.1575,0.0352,-0.1132,-4.86,1.45,-0.0391,-0.6914,9.4258,0.1969,0.0096,40.74,0.00,0.00,1
13.964,0.1797,0.0045,0.1133,0.1588,0.1016,-0.0701,-4.85,1.44,-0.0781,-0.3828,9.7656,0.1568,0.0477,40.74,0.00,0.00,1
13.981,0.1406,0.0455,0.4219,0.2142,0.4492,0.0555,-4.82,1.44,0.1914,-0.5742,9.8047,0.4253,0.0998,40.74,0.00,0.00,1
14.003,-0.4336,0.0869,0.4922,0.2517,-0.7031,0.1055,-4.81,1.44,-0.6523,-0.3047,8.6172,-0.4185,0.0244,40.74,0.00,0.00,1
14.019,0.3320,-0.0293,0.4141,0.3274,0.6016,-0.0658,-4.80,1.44,0.1133,-0.3828,9.9219,0.3466,0.0424,40.74,0.00,0.00,1
14.032,0.3320,0.0262,0.4141,0.3407,0.6016,0.0367,-4.80,1.43,0.0391,-0.8438,9.6914,0.2713,0.0830,40.74,0.00,0.00,1
14.050,-0.4727,0.0510,0.3750,0.2687,-0.8164,0.0689,-4.80,1.42,-0.6914,-0.4219,8.5039,-0.4607,-0.0148,40.74,0.00,0.00,1
14.069,0.0273,-0.0575,-0.0469,0.2651,0.4102,-0.0840,-4.80,1.40,-0.1914,-0.8438,9.7266,0.0350,-0.0315,40.74,0.00,0.00,1
14.083,-0.1328,-0.0516,-0.0859,0.1930,-0.3477,-0.0353,-4.80,1.40,-0.3437,-0.8828,8.9648,-0.1173,-0.0505,40.74,0.00,0.00,1
14.104,0.7461,0.0557,0.4922,0.1867,1.0313,0.0700,-4.80,1.37,0.2305,-0.6133,10.0352,0.4532,0.1506,40.74,0.00,0.00,1
14.121,0.4414,0.1841,0.1836,0.2050,0.7227,0.2743,-4.82,1.39,0.4961,-0.8828,10.1914,0.7215,0.2584,40.74,0.00,0.00,1
14.140,-0.2422,0.2728,0.1445,0.1397,-0.4648,0.3640,-4.82,1.40,-0.4609,-0.6523,8.8477,-0.2333,0.2051,40.74,0.00,0.00,1
14.152,-0.2422,0.1588,0.1445,0.1408,-0.4648,0.1806,-4.83,1.39,-0.1523,-0.6523,9.7305,0.0731,0.1323,40.74,0.00,0.00,1
14.171,-1.1680,0.0093,0.0391,0.1336,-1.6875,0.0425,-4.85,1.37,-1.3789,-0.7656,7.6250,-1.1561,-0.1598,40.74,0.00,0.00,1
14.190,0.1719,-0.2849,0.3086,0.1229,0.8008,-0.3483,-4.86,1.35,-0.0391,-0.4961,10.1094,0.1795,-0.2040,40.74,0.00,0.00,1
14.202,0.1719,-0.2147,0.3086,0.1515,0.8008,-0.1718,-4.88,1.35,-0.1133,-1.1094,9.3437,0.1052,-0.1510,40.74,0.00,0.00,1
14.219,-0.0195,-0.1133,-0.2305,0.0370,0.1484,-0.0483,-4.89,1.37,-0.2305,-1.0352,9.4609,-0.0077,-0.0886,40.74,0.00,0.00,1
14.240,0.2578,-0.0645,-0.1836,-0.0351,0.3398,0.0228,-4.91,1.38,0.0391,-0.9961,9.6484,0.2629,-0.0056,40.74,0.00,0.00,1
14.253,0.3320,0.0127,-0.1836,-0.0679,0.3008,0.0899,-4.91,1.39,0.1133,-0.9961,9.6094,0.3388,0.0705,40.74,0.00,0.00,1
14.271,-0.1719,0.0630,0.3164,-0.0607,-0.3086,0.1009,-4.91,1.36,-0.3828,-0.4961,9.0039,-0.1627,0.0356,40.74,0.00,0.00,1
14.293,0.0586,0.0483,0.1211,0.0124,0.2266,0.1131,-4.92,1.35,0.2695,-1.2656,10.1133,0.4881,0.0800,40.74,0.00,0.00,1
14.310,-0.4805,0.0677,-0.0312,-0.0501,-0.7305,0.1499,-4.92,1.35,-0.6914,-0.8438,8.5781,-0.4728,0.0481,40.74,0.00,0.00,1
14.322,-0.4805,-0.0536,-0.0312,-0.0459,-0.7305,-0.0450,-4.92,1.35,-0.1133,-0.8828,9.7656,0.1053,-0.0209,40.74,0.00,0.00,1
14.340,0.0977,-0.0467,-0.0703,-0.0504,0.4570,0.0234,-4.93,1.36,-1.2266,-0.9961,7.4297,-1.0058,-0.0738,40.74,0.00,0.00,1
14.359,0.4805,-0.1936,0.1211,-0.0649,1.3359,-0.2348,-4.92,1.34,0.2695,-0.6914,10.6523,0.4870,-0.0610,40.74,0.00,0.00,1
14.372,0.4805,-0.0900,0.1211,-0.0364,1.3359,0.0064,-4.93,1.36,-0.1523,-1.0352,9.1953,0.0684,-0.0101,40.74,0.00,0.00,1
14.389,-0.0508,-0.0223,-0.2617,-0.0833,-0.1953,0.0413,-4.93,1.37,-0.2695,-1.0742,9.1172,-0.0478,-0.0089,40.74,0.00,0.00,1
14.410,-0.0195,-0.0279,0.0469,-0.1092,0.0352,-0.0074,-4.91,1.37,-0.2305,-0.7656,9.3477,-0.0087,-0.0112,40.74,0.00,0.00,1
14.423,0.4883,0.0146,-0.2305,-0.0969,0.4570,0.0358,-4.91,1.36,0.2695,-1.0352,9.7656,0.4907,0.0999,40.74,0.00,0.00,1
14.441,-0.5156,0.0686,0.0781,-0.1101,-0.8867,0.0478,-4.88,1.34,-0.7266,-0.7266,8.4219,-0.5102,-0.0106,40.74,0.00,0.00,1
14.462,0.3242,0.0768,0.1836,-0.0051,0.6094,0.1042,-4.86,1.31,-0.0781,-1.3008,9.3828,0.1339,0.1068,40.74,0.00,0.00,1
14.474,0.1328,0.0995,-0.5039,-0.0311,0.0664,0.1384,-4.85,1.32,-0.0781,-1.3008,9.3828,0.1355,0.1112,40.74,0.00,0.00,1
14.493,-0.5547,0.0053,0.0703,-0.1041,-0.9688,-0.0452,-4.83,1.33,-0.1523,-0.7656,9.6875,0.0624,-0.0261,40.74,0.00,0.00,1
14.511,0.0586,-0.0178,0.0234,-0.0650,0.3711,-0.0106,-4.82,1.34,-0.4961,-0.9570,8.5430,-0.2787,-0.0280,40.74,0.00,0.00,1
14.529,0.9688,0.0111,0.3984,-0.0438,1.4063,-0.0315,-4.79,1.31,0.7656,-0.3828,10.7266,0.9771,0.1645,40.74,0.00,0.00,1
14.542,0.9688,0.1582,0.3984,0.0241,1.4063,0.1894,-4.79,1.31,0.1523,-0.4961,9.8477,0.3649,0.2404,40.74,0.00,0.00,1
14.559,0.3945,0.2637,-0.2148,0.0796,0.5312,0.3561,-4.77,1.30,0.1914,-0.9961,9.8437,0.4023,0.2908,40.74,0.00,0.00,1
14.580,-0.1016,0.2611,0.1680,0.0267,-0.3164,0.3379,-4.76,1.30,-0.3047,-0.6133,9.0000,-0.0938,0.2128,40.74,0.00,0.00,1
14.593,0.2031,0.2052,0.0547,0.0489,0.4492,0.2544,-4.75,1.30,0.0000,-0.7266,9.7656,0.2104,0.2123,40.74,0.00,0.00,1
14.610,-1.0547,0.1040,-0.1016,0.0381,-1.6953,0.1381,-4.74,1.32,-1.2656,-0.8828,7.6250,-1.0520,-0.0675,40.74,0.00,0.00,1
14.633,0.2109,-0.0966,0.1992,0.0367,0.4102,-0.1636,-4.73,1.33,-0.4609,-0.7656,9.2266,-0.2452,-0.0809,40.74,0.00,0.00,1
14.644,-0.2500,-0.0863,0.0078,0.0463,-0.0898,-0.1154,-4.73,1.33,-0.4609,-0.7656,9.2266,-0.2458,-0.1062,40.74,0.00,0.00,1
14.663,-0.2852,-0.1475,0.1602,0.0566,-0.4336,-0.1595,-4.72,1.34,-0.1133,-0.7266,9.5039,0.1029,-0.1328,40.74,0.00,0.00,1
14.681,0.0977,-0.1018,0.0469,0.0609,0.1797,-0.1015,-4.72,1.32,0.0391,-0.6914,9.6875,0.2531,-0.0543,40.74,0.00,0.00,1
14.701,0.3164,0.0147,0.0820,0.0661,0.1328,0.0280,-4.72,1.30,0.1133,-0.6914,9.4609,0.3236,0.0662,40.74,0.00,0.00,1
14.712,0.3164,0.0611,0.0820,0.0685,0.1328,0.0441,-4.72,1.29,0.0781,-0.4961,9.8867,0.2858,0.1025,40.74,0.00,0.00,1
14.730,0.4336,0.1379,-0.2617,0.0725,0.4023,0.1504,-4.72,1.29,0.2305,-1.0352,9.7266,0.4387,0.1780,40.74,0.00,0.00,1
14.750,-0.5547,0.1427,0.5039,0.0389,-0.6328,0.1391,-4.72,1.32,-0.7656,-0.2695,8.6992,-0.5520,0.0328,40.74,0.00,0.00,1
14.763,-0.5547,0.0356,0.5039,0.1104,-0.6328,0.0205,-4.72,1.32,-0.0391,-0.6133,9.7656,0.1745,0.0011,40.74,0.00,0.00,1
14.780,-1.0156,-0.0546,-0.1094,0.1271,-1.4766,-0.0510,-4.74,1.33,-1.2266,-0.8828,7.8555,-1.0119,-0.2020,40.74,0.00,0.00,1
14.803,0.4336,-0.1596,0.2852,0.1071,0.9375,-0.1662,-4.75,1.31,-0.5352,-0.7266,9.3047,-0.3236,-0.1273,40.74,0.00,0.00,1
14.814,-0.3320,-0.1298,0.0547,0.1160,-0.0195,-0.0732,-4.75,1.29,-0.5352,-0.7266,9.3047,-0.3274,-0.1580,40.74,0.00,0.00,1
14.834,0.4414,-0.0799,-0.3281,0.0363,0.2109,-0.0195,-4.77,1.30,0.1523,-0.6914,10.0000,0.3628,-0.0041,40.74,0.00,0.00,1
14.851,0.3633,0.0506,0.0898,0.0254,0.6719,0.1478,-4.77,1.31,0.2305,-0.8438,9.6875,0.4425,0.1064,40.74,0.00,0.00,1
14.869,-0.4414,0.1088,-0.1289,0.0005,-0.6250,0.1615,-4.77,1.33,-0.6523,-0.9180,8.6953,-0.4371,0.0267,40.74,0.00,0.00,1
14.882,-0.4414,0.0243,-0.1289,-0.0194,-0.6250,0.0407,-4.77,1.31,-0.0391,-0.8828,9.6094,0.1735,0.0041,40.74,0.00,0.00,1
14.902,0.1719,0.0279,-0.0937,-0.0427,0.2930,0.0551,-4.79,1.34,0.0781,-1.1484,9.9258,0.2944,0.0623,40.74,0.00,0.00,1
14.919,-0.4336,0.0524,-0.0937,-0.1158,-0.9688,0.0981,-4.78,1.34,-0.6523,-0.8828,8.3516,-0.4349,-0.0201,40.74,0.00,0.00,1
14.933,-0.4336,-0.0222,-0.0937,-0.1124,-0.9688,-0.0658,-4.78,1.34,-0.2695,-0.7266,9.3867,-0.0527,-0.0532,40.74,0.00,0.00,1
14.950,-0.6719,-0.1052,-0.3281,-0.0946,-0.9297,-0.1597,-4.77,1.32,-0.8828,-1.1094,8.3906,-0.6697,-0.1896,40.74,0.00,0.00,1
14.973,0.7383,-0.0818,0.0547,-0.1154,1.0547,-0.1174,-4.75,1.29,0.2695,-0.8047,9.9258,0.4773,0.0262,40.74,0.00,0.00,1
14.984,0.4727,0.0229,-0.0234,-0.0955,0.5937,0.0257,-4.75,1.29,0.2695,-0.8047,9.9258,0.4773,0.0954,40.74,0.00,0.00,1
15.001,0.8633,0.1817,-0.3750,-0.1032,0.9375,0.2143,-4.74,1.30,0.6523,-1.1484,10.2695,0.8633,0.2893,40.74,0.00,0.00,1
15.021,0.1719,0.2611,0.0078,-0.1111,-0.0586,0.2404,-4.72,1.30,-0.1523,-0.7656,9.4258,0.0581,0.2404,40.74,0.00,0.00,1
15.041,-1.1367,0.1029,-0.1523,-0.0834,-1.6289,0.0439,-4.69,1.29,-1.3398,-0.9180,7.6992,-1.1316,-0.0848,40.74,0.00,0.00,1
15.052,-1.1367,-0.0875,-0.1523,-0.0940,-1.6289,-0.2131,-4.68,1.27,0.0781,-0.5742,9.8086,0.2826,-0.1327,40.74,0.00,0.00,1
15.071,0.2812,-0.0713,0.1914,-0.0345,0.4805,-0.1478,-4.66,1.24,-0.3828,-0.9570,9.5820,-0.1826,-0.0526,40.74,0.00,0.00,1
15.090,-0.3711,-0.0971,-0.2383,-0.0698,-1.0547,-0.1033,-4.64,1.26,-0.5742,-0.9961,8.2734,-0.3708,-0.1385,40.74,0.00,0.00,1
15.103,-0.3711,-0.1392,-0.2383,-0.0957,-1.0547,-0.2495,-4.62,1.26,-0.1914,-0.6914,9.5820,0.0120,-0.1435,40.74,0.00,0.00,1
15.121,0.3555,-0.0822,-0.0078,-0.0638,0.1328,-0.1633,-4.61,1.29,0.1523,-0.7656,9.4609,0.3611,-0.0132,40.74,0.00,0.00,1
15.140,0.4336,0.0482,0.3281,-0.0211,0.3633,-0.0609,-4.57,1.28,0.2305,-0.4219,9.6914,0.4365,0.1097,40.74,0.00,0.00,1
15.154,0.1641,0.1119,0.4062,0.0625,0.8242,0.0698,-4.57,1.29,-0.0391,-0.3437,10.1484,0.1691,0.1227,40.74,0.00,0.00,1
15.171,0.5937,0.1611,-0.4766,0.0893,0.3242,0.2438,-4.55,1.28,0.3828,-1.2266,9.6484,0.5904,0.2291,40.74,0.00,0.00,1
15.192,-0.3711,0.0349,0.2812,0.1113,-0.1719,0.1305,-4.53,1.28,-0.1914,-0.8438,9.4609,0.0146,0.0563,40.74,0.00,0.00,1
15.211,0.0117,0.0045,-0.1016,0.0748,0.1328,0.1122,-4.51,1.27,-1.0742,-0.6914,8.1953,-0.8698,-0.0266,40.74,0.00,0.00,1
15.223,-0.8711,-0.1295,0.0430,0.0580,-1.1289,-0.0770,-4.50,1.26,0.1914,-0.4961,10.1523,0.3947,-0.1122,40.74,0.00,0.00,1
15.242,0.3945,-0.0597,0.2383,0.0969,0.8242,0.0569,-4.48,1.25,-0.1914,-0.7266,9.4609,0.0103,0.0006,40.74,0.00,0.00,1
15.261,-0.2578,-0.0350,-0.0703,0.0735,-0.6719,0.0580,-4.46,1.28,-0.4609,-0.8047,8.6562,-0.2549,-0.0546,40.74,0.00,0.00,1
15.273,-0.2578,-0.0692,-0.0703,0.0514,-0.6719,-0.0541,-4.46,1.29,-0.0781,-0.6523,9.5039,0.1300,-0.0544,40.74,0.00,0.00,1
15.290,0.3633,-0.0059,-0.1172,0.0356,0.2109,-0.0223,-4.45,1.30,0.1523,-0.8438,9.5430,0.3621,0.0596,40.74,0.00,0.00,1
15.311,-0.0273,0.0676,0.2656,0.0229,-0.2500,0.0070,-4.42,1.27,-0.2305,-0.4609,9.0781,-0.0256,0.0598,40.74,0.00,0.00,1
15.324,0.2422,0.0681,0.1133,0.0644,-0.0195,-0.0315,-4.42,1.27,0.0391,-0.6133,9.3047,0.2440,0.1006,40.74,0.00,0.00,1
15.342,0.1250,0.1081,-0.0859,0.0623,0.3242,-0.0006,-4.41,1.25,-0.0781,-0.8047,9.6523,0.1230,0.1142,40.74,0.00,0.00,1
15.363,-0.6406,-0.0037,0.2578,0.0646,-1.0547,-0.1016,-4.40,1.24,-0.2305,-0.6914,9.5820,-0.0303,-0.0512,40.74,0.00,0.00,1
15.382,-0.0352,-0.0504,0.0273,0.0684,0.2500,-0.0832,-4.39,1.25,-0.9961,-0.8438,8.0820,-0.7938,-0.1063,40.74,0.00,0.00,1
15.392,-0.7930,-0.1634,-0.1250,0.0359,-1.2461,-0.2393,-4.39,1.24,0.5352,-0.5742,10.3828,0.7358,-0.1363,40.74,0.00,0.00,1
15.410,0.7305,-0.0048,0.1367,0.0482,1.0547,-0.0156,-4.38,1.24,-0.4219,-0.5352,9.3828,-0.2218,0.0341,40.74,0.00,0.00,1
15.430,0.5391,0.0373,-0.2461,0.0557,0.4805,0.1005,-4.37,1.23,0.3437,-0.9570,9.8047,0.5418,0.1157,40.74,0.00,0.00,1
15.443,0.5391,0.1144,-0.2461,0.0093,0.4805,0.1589,-4.37,1.23,-0.3047,-0.5352,9.3437,-0.1067,0.1293,40.74,0.00,0.00,1
15.460,0.3867,0.1149,-0.0156,0.0266,0.7461,0.1959,-4.36,1.21,0.1914,-0.7266,10.0703,0.3857,0.1575,40.74,0.00,0.00,1
15.480,-0.9219,0.1029,0.0195,0.0150,-1.3984,0.2119,-4.35,1.18,-1.1094,-0.6914,7.9297,-0.9199,-0.0537,40.74,0.00,0.00,1
15.494,-0.9219,-0.0545,0.0195,0.0157,-1.3984,-0.0354,-4.34,1.16,-0.0781,-0.5742,10.1875,0.1081,-0.1047,40.74,0.00,0.00,1
15.512,0.2266,-0.0484,-0.4375,0.0043,0.1719,0.0860,-4.33,1.15,0.0391,-1.1484,9.5000,0.2242,-0.0067,40.74,0.00,0.00,1
15.533,-0.5781,-0.0782,0.0977,-0.0641,-0.5156,0.0097,-4.33,1.16,-0.1914,-0.7656,9.6094,-0.0051,-0.1100,40.74,0.00,0.00,1
15.545,-0.0039,-0.1091,-0.0547,-0.0515,0.2852,-0.0069,-4.32,1.16,-0.1914,-0.7656,9.6094,-0.0057,-0.0940,40.74,0.00,0.00,1
15.564,-0.1953,-0.1026,-0.2539,-0.0832,-0.5156,-0.0304,-4.32,1.16,0.7266,-0.4609,10.7305,0.9134,-0.0288,40.74,0.00,0.00,1
15.581,0.9063,0.1149,0.2422,-0.0218,1.3984,0.2556,-4.31,1.14,0.2695,-0.6133,9.9219,0.4526,0.2008,40.74,0.00,0.00,1
15.599,0.6328,0.2697,-0.1797,0.0034,0.7852,0.4307,-4.29,1.14,0.4609,-0.8828,10.1094,0.6429,0.3284,40.74,0.00,0.00,1
15.613,0.6328,0.3255,-0.1797,-0.0247,0.7852,0.4852,-4.29,1.14,-0.4219,-0.5742,8.8125,-0.2388,0.3063,40.74,0.00,0.00,1
15.632,0.1797,0.2159,0.0508,0.0037,0.4414,0.2951,-4.28,1.14,0.0000,-0.6523,9.7656,0.1835,0.2140,40.74,0.00,0.00,1
15.650,-1.1211,0.0995,-0.1797,0.0013,-1.8203,0.1640,-4.27,1.16,-1.3008,-0.8828,7.5078,-1.1140,-0.0831,40.74,0.00,0.00,1
15.664,-1.1211,-0.0880,-0.1797,-0.0265,-1.8203,-0.1408,-4.27,1.15,0.0781,-0.3047,10.2695,0.2632,-0.1314,40.74,0.00,0.00,1
15.681,0.0273,-0.0676,0.0508,0.0574,-0.0273,-0.0100,-4.27,1.16,-0.1523,-0.6523,9.3047,0.0333,-0.0475,40.74,0.00,0.00,1
15.703,0.1406,-0.0178,0.0508,0.0552,0.0859,0.0015,-4.27,1.17,0.0000,-0.5742,9.6875,0.1878,0.0159,40.74,0.00,0.00,1
15.715,0.1797,0.0096,0.1211,0.0601,0.3555,0.0360,-4.26,1.16,0.0000,-0.5742,9.6875,0.1862,0.0421,40.74,0.00,0.00,1
15.735,0.5312,0.1216,0.0430,0.0689,0.5469,0.1743,-4.27,1.18,-0.6523,-0.5352,8.5430,-0.4619,0.1101,40.74,0.00,0.00,1
15.751,-0.4648,0.0173,0.1602,0.0875,-0.7930,-0.0165,-4.27,1.18,-0.0391,-0.5352,9.8047,0.1514,-0.0029,40.74,0.00,0.00,1
15.772,0.1484,0.0269,-0.2539,0.0807,0.0859,0.0468,-4.28,1.21,-0.0391,-0.9570,9.4219,0.1552,0.0509,40.74,0.00,0.00,1
15.783,0.1484,0.0538,-0.2539,0.0067,0.0859,0.0554,-4.28,1.22,-0.9570,-0.4961,8.3945,-0.7612,0.0009,40.74,0.00,0.00,1
15.802,-0.7695,-0.1225,0.2070,0.0348,-0.9453,-0.1641,-4.28,1.21,-0.3047,-0.5742,9.2656,-0.1105,-0.1633,40.74,0.00,0.00,1
15.820,-0.4258,-0.1828,-0.1797,0.0467,-0.8711,-0.2456,-4.29,1.20,-0.6133,-0.8828,8.4648,-0.4195,-0.2136,40.74,0.00,0.00,1
15.834,-0.4258,-0.2201,-0.1797,0.0119,-0.8711,-0.3416,-4.29,1.19,0.4609,-0.3828,10.2305,0.6530,-0.1595,40.74,0.00,0.00,1
15.851,0.2656,-0.0162,0.0039,0.0615,0.1641,-0.0822,-4.30,1.19,0.0781,-0.6914,9.5000,0.2697,0.0325,40.74,0.00,0.00,1
15.874,0.5703,0.1267,-0.1875,0.0125,0.6992,0.0839,-4.31,1.21,-0.1523,-0.5742,8.8828,0.0420,0.1578,40.74,0.00,0.00,1
15.891,0.0352,0.1341,0.1211,0.0240,-0.4492,0.0043,-4.31,1.20,0.0000,-0.5742,9.7695,0.1932,0.1371,40.74,0.00,0.00,1
15.902,0.1875,0.1311,0.1211,0.0389,0.4336,0.0052,-4.32,1.20,0.0000,-0.5742,9.7695,0.1938,0.1458,40.74,0.00,0.00,1
15.922,-1.1133,-0.1408,-0.0234,0.0303,-1.8672,-0.3825,-4.32,1.16,0.1133,-0.4219,10.0352,0.3001,-0.0975,40.74,0.00,0.00,1
15.941,0.3008,-0.1037,0.2812,0.0825,0.6992,-0.2356,-4.33,1.15,-0.3437,-0.7266,9.5039,-0.1596,-0.0218,40.74,0.00,0.00,1
15.953,-0.1641,-0.0856,-0.0234,0.0797,0.1641,-0.1109,-4.34,1.15,-0.3828,-0.7266,8.6953,-0.1981,-0.0553,40.74,0.00,0.00,1
15.971,-0.2031,-0.1165,-0.0234,0.0504,-0.6406,-0.2110,-4.35,1.16,-0.0781,-0.5742,9.6875,0.1076,-0.0712,40.74,0.00,0.00,1
15.990,0.4180,-0.0343,0.0195,0.0613,0.4336,-0.0687,-4.37,1.17,0.2305,-0.6914,9.7656,0.4189,0.0584,40.74,0.00,0.00,1
16.004,0.4180,0.0352,0.0195,0.0549,0.4336,0.0084,-4.37,1.18,-0.0391,-0.4219,9.4609,0.1499,0.0923,40.74,0.00,0.00,1
16.021,0.3789,0.1077,0.1758,0.1102,0.5469,0.0996,-4.40,1.18,0.1914,-0.5352,9.8828,0.3814,0.1628,40.74,0.00,0.00,1
16.040,0.3398,0.1815,-0.3555,0.0863,0.4023,0.2149,-4.43,1.18,0.1523,-1.0742,9.7266,0.3419,0.2159,40.74,0.00,0.00,1
16.055,-0.5391,0.1355,0.1445,0.0584,-0.6328,0.1609,-4.43,1.18,-0.7266,-0.5742,8.6992,-0.5370,0.1002,40.74,0.00,0.00,1
16.072,-0.3086,-0.0374,0.1055,0.0797,0.0195,-0.0120,-4.46,1.18,-0.4961,-0.6133,9.3477,-0.3065,-0.0296,40.74,0.00,0.00,1
16.093,-0.7695,-0.2006,-0.1562,0.0483,-1.0938,-0.1723,-4.48,1.19,0.4219,-0.3437,10.3828,0.6131,-0.1440,40.74,0.00,0.00,1
16.112,0.6094,-0.0568,0.3828,0.1096,1.0547,0.0419,-4.51,1.20,0.1523,-0.7266,9.9219,0.3452,0.0492,40.74,0.00,0.00,1
16.123,0.3398,0.0492,0.0078,0.1125,0.5937,0.1952,-4.52,1.20,0.4961,-1.2266,10.0039,0.6900,0.1425,40.74,0.00,0.00,1
16.142,0.6914,0.2094,-0.4922,-0.0279,0.6719,0.3255,-4.54,1.22,-0.3047,-0.6914,9.1602,-0.1081,0.2344,40.74,0.00,0.00,1
16.161,0.1875,0.1704,0.0156,-0.0350,0.4023,0.2503,-4.56,1.21,0.0000,-0.7266,9.7305,0.1944,0.1843,40.74,0.00,0.00,1
16.174,0.1875,0.1730,0.0156,-0.0272,0.4023,0.2736,-4.57,1.21,-1.4922,-0.9180,7.2383,-1.2972,0.0666,40.74,0.00,0.00,1
16.191,0.4180,-0.1074,0.0156,-0.0516,0.6992,-0.1678,-4.58,1.20,0.2305,-0.7266,10.0352,0.4228,-0.0176,40.74,0.00,0.00,1
16.211,-0.1094,-0.0006,-0.3242,-0.0597,0.0117,0.0231,-4.60,1.21,-0.3047,-1.0742,9.3477,-0.1097,-0.0106,40.74,0.00,0.00,1
16.225,-0.1094,-0.0173,-0.3242,-0.1003,0.0117,0.0214,-4.60,1.22,-0.1914,-1.1094,9.1211,0.0052,-0.0165,40.74,0.00,0.00,1
16.242,-0.0742,-0.0406,-0.0547,-0.1423,0.0508,0.0218,-4.61,1.21,-0.2695,-0.8047,9.3828,-0.0740,-0.0276,40.74,0.00,0.00,1
16.264,0.5312,0.0409,-0.2070,-0.1358,0.4336,0.0905,-4.61,1.20,-0.6133,-0.7266,8.6953,-0.4204,0.0532,40.74,0.00,0.00,1
16.282,-0.4258,-0.0318,0.0234,-0.1050,-0.6406,-0.0500,-4.60,1.18,-0.1133,-0.9961,9.8047,0.0764,-0.0418,40.74,0.00,0.00,1
16.293,0.0742,-0.0422,-0.2461,-0.1180,0.4727,-0.0097,-4.60,1.19,-0.2695,-1.3789,9.0820,-0.0788,-0.0279,40.74,0.00,0.00,1
16.311,-0.0820,-0.0438,-0.6289,-0.2390,-0.2578,-0.0346,-4.58,1.20,-0.8438,-0.6133,8.4219,-0.6514,-0.0879,40.74,0.00,0.00,1
16.331,-0.1562,-0.1417,-0.0234,-0.1941,-0.1055,-0.1779,-4.57,1.20,-0.3437,-0.7656,9.2266,-0.1509,-0.1708,40.74,0.00,0.00,1
16.344,-0.1562,-0.1439,-0.0234,-0.1679,-0.1055,-0.1667,-4.56,1.18,-0.2695,-1.0352,9.0430,-0.0794,-0.1622,40.74,0.00,0.00,1
16.361,0.8008,-0.0565,0.0430,-0.1682,0.8906,-0.1051,-4.53,1.15,0.6133,-0.6914,10.2266,0.7986,0.0603,40.74,0.00,0.00,1
16.380,0.2578,0.1432,-0.1484,-0.1236,0.8906,0.1773,-4.52,1.13,0.0781,-0.8828,10.2305,0.2591,0.1501,40.74,0.00,0.00,1
16.395,0.2578,0.1608,-0.1484,-0.1274,0.8906,0.2868,-4.51,1.14,0.5352,-1.0742,9.9258,0.7183,0.2038,40.74,0.00,0.00,1
16.412,-0.1562,0.2554,0.1211,-0.1520,-0.2578,0.3388,-4.49,1.16,-0.3437,-0.6133,9.0820,-0.1580,0.1853,40.74,0.00,0.00,1
16.434,-0.0039,0.1385,0.2656,-0.0367,0.0859,0.1882,-4.48,1.16,-1.3008,-0.5742,7.6562,-1.1144,0.0228,40.74,0.00,0.00,1
16.451,-1.1133,-0.1474,0.1523,0.0240,-1.6758,-0.2307,-4.46,1.14,0.1914,-0.1914,10.1484,0.3735,-0.1812,40.74,0.00,0.00,1
16.470,0.1406,-0.0726,-0.0781,0.1272,0.5859,-0.0350,-4.46,1.14,-0.0391,-0.8047,9.9258,0.1436,-0.0428,40.74,0.00,0.00,1
16.482,0.1406,-0.0398,-0.0781,0.0957,0.5859,0.0604,-4.46,1.14,-0.5352,-0.7656,8.2734,-0.3525,-0.0538,40.74,0.00,0.00,1
16.501,-0.1250,-0.0990,0.0352,0.0519,0.1641,-0.1298,-4.44,1.12,-0.3047,-0.6914,9.5039,-0.1247,-0.1050,40.74,0.00,0.00,1
16.514,-0.1250,-0.1047,0.0273,0.0470,0.1641,-0.0648,-4.44,1.12,0.1133,-0.9180,9.3867,0.2933,-0.0759,40.74,0.00,0.00,1
16.532,0.2930,-0.0180,-0.1914,-0.0070,0.0508,-0.0250,-4.44,1.12,0.2305,-0.2695,9.8086,0.4105,0.0382,40.74,0.00,0.00,1
16.550,0.2187,0.1060,0.3047,0.1002,0.4336,0.1174,-4.44,1.13,0.0391,-0.4219,9.7695,0.2207,0.1227,40.74,0.00,0.00,1
16.572,0.4180,0.1750,-0.3164,0.0745,0.3945,0.2192,-4.45,1.14,-0.4609,-0.5352,8.8867,-0.2777,0.1556,40.74,0.00,0.00,1
16.582,-0.2734,0.1570,0.1836,0.0545,-0.4492,0.1786,-4.45,1.14,-0.4609,-0.5352,8.8867,-0.2777,0.0891,40.74,0.00,0.00,1
16.604,-0.3164,0.0037,-0.3164,0.0217,-0.1797,0.0060,-4.43,1.14,-1.1484,-0.9180,7.5859,-0.9663,-0.0984,40.74,0.00,0.00,1
16.621,-0.9688,-0.2315,-0.1992,-0.0482,-1.7500,-0.3942,-4.43,1.10,0.1523,-0.5742,10.3086,0.3286,-0.2417,40.74,0.00,0.00,1
16.633,0.3242,-0.2413,0.1445,-0.0439,0.9688,-0.3850,-4.42,1.09,0.1523,-0.5742,10.3086,0.3270,-0.1544,40.74,0.00,0.00,1
16.652,0.2852,-0.0571,-0.1641,-0.0480,0.3164,-0.0678,-4.42,1.09,-0.4219,-0.7656,9.0820,-0.2472,-0.0466,40.74,0.00,0.00,1
16.672,-0.2500,-0.0785,-0.0469,-0.0550,-0.2578,-0.0859,-4.41,1.10,-0.0781,-0.6133,9.5039,0.0971,-0.0758,40.74,0.00,0.00,1
16.684,0.1016,-0.0625,0.1055,-0.0298,0.1641,-0.0592,-4.41,1.09,0.3047,-0.6914,10.0039,0.4794,-0.0070,40.74,0.00,0.00,1
16.702,0.4844,0.0688,0.0273,-0.0087,0.6641,0.1148,-4.41,1.12,-0.4219,-0.4219,8.7773,-0.2429,0.0740,40.74,0.00,0.00,1
16.721,0.3320,0.0503,0.0664,0.0616,0.9297,0.0736,-4.41,1.11,0.1523,-0.6523,10.2656,0.3307,0.0925,40.74,0.00,0.00,1
16.735,0.3320,0.0936,0.0664,0.0623,0.9297,0.2051,-4.41,1.11,-0.2695,-1.1875,9.0039,-0.0922,0.0952,40.74,0.00,0.00,1
16.752,-0.8945,-0.0091,0.1055,-0.0421,-1.1758,0.0268,-4.40,1.11,-1.0742,-0.6133,8.1562,-0.8964,-0.1467,40.74,0.00,0.00,1
16.770,-0.3945,-0.2202,-0.1328,-0.0193,-0.1406,-0.2315,-4.39,1.11,-0.5742,-0.8438,9.1992,-0.3969,-0.2490,40.74,0.00,0.00,1
16.791,-0.3164,-0.2624,0.0195,-0.0243,-0.6016,-0.3025,-4.39,1.12,0.4219,-0.2695,10.4180,0.6018,-0.1987,40.74,0.00,0.00,1
16.803,0.6016,-0.1972,0.4414,0.0162,1.0820,-0.2138,-4.39,1.11,0.4219,-0.2695,10.4180,0.5992,-0.0762,40.74,0.00,0.00,1
16.822,0.3711,0.0397,0.1836,0.1215,0.8164,0.1872,-4.41,1.13,0.3437,-0.8828,9.8477,0.5248,0.1021,40.74,0.00,0.00,1
16.842,0.5234,0.1674,-0.1641,0.0622,0.5078,0.2974,-4.41,1.13,-0.4219,-0.3828,9.0781,-0.2403,0.1608,40.74,0.00,0.00,1
16.854,-0.2422,0.1286,0.3359,0.0889,-0.2578,0.2263,-4.41,1.12,0.0000,-0.6133,9.6484,0.1800,0.1055,40.74,0.00,0.00,1
16.872,0.1797,0.1168,0.1055,0.1080,0.3164,0.2161,-4.42,1.12,-1.3398,-0.6523,7.6289,-1.1604,0.0193,40.74,0.00,0.00,1
16.890,0.3320,-0.1224,0.4492,0.1267,0.6250,-0.1378,-4.43,1.10,0.1523,-0.2695,9.9648,0.3286,-0.0533,40.74,0.00,0.00,1
16.911,-0.0117,-0.0210,-0.1914,0.1669,-0.0664,0.0232,-4.45,1.11,-0.1914,-0.9180,9.2695,-0.0130,-0.0208,40.74,0.00,0.00,1
16.923,-0.0117,-0.0189,-0.1172,0.0935,-0.3320,-0.0179,-4.46,1.12,-0.1914,-0.8438,9.0000,-0.0114,-0.0188,40.74,0.00,0.00,1
16.941,0.1484,-0.0041,-0.1172,0.0338,0.1641,-0.0673,-4.47,1.13,-0.0391,-0.8438,9.5039,0.1421,0.0173,40.74,0.00,0.00,1
16.962,0.5625,0.1744,0.0352,0.0176,0.5469,0.1324,-4.48,1.12,-0.3047,-0.2695,8.9258,-0.1252,0.1772,40.74,0.00,0.00,1
16.973,-0.1250,0.1790,0.4570,0.0540,-0.4102,0.1195,-4.49,1.11,-0.3047,-0.2695,8.9258,-0.1273,0.1304,40.74,0.00,0.00,1
16.994,0.3711,0.1516,0.3906,0.1812,0.8555,0.1333,-4.51,1.09,-0.0781,-1.0352,9.3047,0.0961,0.1608,40.74,0.00,0.00,1
17.012,0.1016,0.1542,-0.3008,0.0876,-0.0273,0.1427,-4.54,1.12,-0.8438,-0.4961,8.4219,-0.6647,0.0822,40.74,0.00,0.00,1
17.024,-0.6641,0.0249,0.2461,0.0856,-0.9102,-0.0305,-4.55,1.12,-0.3047,-0.8438,9.4258,-0.1245,-0.0397,40.74,0.00,0.00,1
17.042,-0.1172,-0.0494,-0.1016,0.0542,0.0859,-0.0595,-4.57,1.14,-0.5742,-0.8828,8.6562,-0.3908,-0.0848,40.74,0.00,0.00,1
17.060,0.8320,-0.0515,0.4453,0.0385,1.1211,-0.0830,-4.59,1.12,0.6523,-0.3047,10.4570,0.8309,0.0812,40.74,0.00,0.00,1
17.075,0.8320,0.0842,0.4453,0.1010,1.1211,0.1019,-4.61,1.11,0.1914,-0.8047,10.2305,0.3689,0.1593,40.74,0.00,0.00,1
17.093,0.4844,0.2175,-0.1602,0.0697,0.5469,0.3565,-4.64,1.11,0.3047,-0.9180,9.8828,0.4822,0.2556,40.74,0.00,0.00,1
17.111,-0.5039,0.2141,0.1445,0.0289,-0.7187,0.3093,-4.67,1.13,-0.6914,-0.6133,8.6172,-0.5102,0.1001,40.74,0.00,0.00,1
17.134,-0.0039,0.0461,0.0391,0.0521,0.1641,0.0944,-4.70,1.15,-1.3789,-0.6914,7.4336,-1.1938,-0.0602,40.74,0.00,0.00,1
17.143,-1.1914,-0.0565,0.0742,0.0529,-1.9063,-0.0605,-4.72,1.15,-1.3789,-0.6914,7.4336,-1.1949,-0.2345,40.74,0.00,0.00,1
17.164,0.6406,-0.1620,0.5430,0.1322,1.2383,-0.2068,-4.76,1.13,0.0391,-0.7266,10.0312,0.2209,-0.0746,40.74,0.00,0.00,1
17.182,0.2187,-0.0278,0.0547,0.1406,0.6992,0.0838,-4.80,1.14,0.2305,-0.7656,9.6914,0.4134,0.0244,40.74,0.00,0.00,1
17.195,0.4180,0.0574,0.0156,0.1156,0.3555,0.1672,-4.82,1.15,-0.3828,-0.9180,9.1602,-0.1983,0.0618,40.74,0.00,0.00,1
17.212,-0.1953,0.0239,-0.1289,0.0553,-0.1797,0.1021,-4.85,1.16,0.3437,-0.8828,10.1484,0.5294,0.0463,40.74,0.00,0.00,1
17.231,-1.0781,-0.0062,0.0703,0.0250,-1.7422,0.0391,-4.87,1.18,-1.2656,-0.7266,7.5859,-1.0762,-0.0628,40.74,0.00,0.00,1
17.245,-1.0781,-0.1709,0.0703,0.0320,-1.7422,-0.2345,-4.91,1.17,-0.0781,-0.9961,9.9219,0.1092,-0.1238,40.74,0.00,0.00,1
17.262,0.1172,-0.1636,-0.1992,-0.0168,0.5859,-0.1469,-4.95,1.18,-0.4219,-0.6914,9.4219,-0.2324,-0.0845,40.74,0.00,0.00,1
17.280,-0.2656,-0.1685,0.3828,0.0312,-0.7109,-0.1010,-4.99,1.20,-0.4609,-0.4219,8.6172,-0.2671,-0.1423,40.74,0.00,0.00,1
17.304,-0.2656,-0.2016,0.0078,0.0935,-0.1328,-0.2201,-5.02,1.21,0.1523,-0.9570,9.4648,0.3467,-0.1358,40.74,0.00,0.00,1
17.313,0.3477,-0.1624,-0.1445,0.0681,0.1328,-0.1855,-5.05,1.23,0.1523,-0.9570,9.4648,0.3499,-0.0612,40.74,0.00,0.00,1
17.334,0.4258,0.0235,-0.2891,-0.0266,0.4414,-0.0296,-5.08,1.22,-0.0781,-0.9961,9.9648,0.1178,0.0761,40.74,0.00,0.00,1
17.352,0.1250,0.0710,-0.1680,-0.0742,0.6328,0.1464,-5.12,1.24,0.2695,-1.4922,9.6133,0.4693,0.1168,40.74,0.00,0.00,1
17.371,-0.4883,0.0864,0.0703,-0.1518,-0.5156,0.1433,-5.13,1.25,-0.6914,-0.7656,8.8125,-0.4906,0.0694,40.74,0.00,0.00,1
17.382,-0.4883,-0.0019,0.0703,-0.1177,-0.5156,0.0421,-5.16,1.24,-0.1133,-0.8828,9.5430,0.0871,0.0296,40.74,0.00,0.00,1
17.401,0.0898,-0.0119,-0.0469,-0.0903,0.2109,0.0447,-5.19,1.24,-1.3789,-0.9570,7.4727,-1.1785,-0.0553,40.74,0.00,0.00,1
17.415,-1.1758,-0.1838,-0.1133,-0.0909,-1.8594,-0.2365,-5.19,1.24,0.4961,-0.3047,10.7266,0.6954,-0.1541,40.74,0.00,0.00,1
17.432,0.6914,-0.0519,0.5391,0.0471,1.3984,0.0242,-5.22,1.23,-0.1133,-1.1875,9.3867,0.0845,0.0377,40.74,0.00,0.00,1
17.451,-0.2187,0.0062,-0.3359,-0.0333,-0.4023,0.0759,-5.25,1.25,-0.4219,-1.1875,8.9258,-0.2204,-0.0138,40.74,0.00,0.00,1
17.470,-0.0273,-0.0423,-0.1836,-0.1070,-0.0586,-0.0323,-5.27,1.26,-0.2305,-1.0352,9.2695,-0.0274,-0.0297,40.74,0.00,0.00,1
17.483,0.2109,-0.0199,-0.3359,-0.1361,0.2500,-0.0134,-5.28,1.28,0.0000,-1.1875,9.5820,0.2069,0.0224,40.74,0.00,0.00,1
17.502,0.0898,0.0359,0.2773,-0.1437,-0.0977,0.0335,-5.28,1.27,-0.1133,-0.5742,9.2266,0.0915,0.0494,40.74,0.00,0.00,1
17.521,0.1328,0.0638,0.0937,-0.0408,0.4023,0.0994,-5.30,1.28,0.2695,-1.4922,9.9258,0.4770,0.1044,40.74,0.00,0.00,1
17.541,-0.4023,0.1153,0.0937,-0.1429,-0.6328,0.1589,-5.30,1.29,-0.6133,-0.7656,8.6992,-0.4042,0.0364,40.74,0.00,0.00,1
17.553,-0.4023,0.0007,0.0937,-0.0905,-0.6328,-0.0163,-5.31,1.29,-0.3047,-0.9570,9.4609,-0.0967,-0.0367,40.74,0.00,0.00,1
17.572,-0.0937,-0.0453,-0.0977,-0.0806,0.1328,-0.0217,-5.31,1.30,-1.1875,-1.1484,7.6602,-0.9779,-0.1241,40.74,0.00,0.00,1
17.591,0.6719,-0.1803,0.3242,-0.0916,1.0898,-0.2591,-5.31,1.29,0.4609,-0.5352,10.4141,0.6689,-0.0506,40.74,0.00,0.00,1
17.602,0.6719,-0.0494,0.3242,-0.0278,1.0898,-0.0519,-5.31,1.31,-0.3828,-1.0742,9.5000,-0.1717,-0.0071,40.74,0.00,0.00,1
17.620,0.3633,0.0000,-0.3672,-0.0728,0.1719,0.0770,-5.32,1.31,0.1523,-1.2266,9.5039,0.3651,0.0556,40.74,0.00,0.00,1
17.641,0.0977,0.0818,0.0547,-0.1226,0.2109,0.1070,-5.31,1.30,-0.1133,-0.8047,9.5391,0.0973,0.0842,40.74,0.00,0.00,1
17.653,0.4414,0.1128,-0.0586,-0.0924,0.4336,0.1478,-5.30,1.30,0.2305,-0.9180,9.7695,0.4405,0.1631,40.74,0.00,0.00,1
17.670,-0.6016,0.1226,0.1328,-0.0675,-0.9844,0.1154,-5.29,1.27,-0.8047,-0.7266,8.3555,-0.5994,0.0117,40.74,0.00,0.00,1
17.692,0.0898,0.0336,0.1328,0.0114,0.6992,0.1600,-5.29,1.26,-0.0391,-1.3008,9.3828,0.1636,0.0486,40.74,0.00,0.00,1
17.704,0.1641,0.0482,-0.4414,-0.0159,0.0508,0.1909,-5.29,1.27,-0.0391,-1.3008,9.3828,0.1662,0.0666,40.74,0.00,0.00,1
17.724,-0.6328,-0.0347,0.0547,-0.0848,-0.9453,-0.0098,-5.28,1.28,-0.3828,-1.0352,9.2305,-0.1759,-0.0903,40.74,0.00,0.00,1
17.742,-0.1719,-0.1023,-0.1758,-0.0962,-0.1055,-0.0893,-5.27,1.31,-0.1914,-1.0352,9.1992,0.0197,-0.0985,40.74,0.00,0.00,1
17.755,0.0195,-0.0883,-0.1836,-0.1150,-0.1406,-0.0983,-5.26,1.30,0.3437,-0.6914,10.0352,0.5543,-0.0296,40.74,0.00,0.00,1
17.772,0.5547,0.0607,0.1602,-0.0584,0.6992,0.0756,-5.25,1.28,0.2305,-0.7656,10.3477,0.4373,0.1259,40.74,0.00,0.00,1
17.791,0.4727,0.1979,-0.4492,-0.0478,0.3164,0.3204,-5.24,1.28,0.2695,-1.3008,9.6523,0.4759,0.2404,40.74,0.00,0.00,1
17.810,-0.3633,0.2089,0.2383,-0.1066,-0.6406,0.2427,-5.23,1.29,-0.5742,-0.6133,8.6992,-0.3663,0.1207,40.74,0.00,0.00,1
17.823,-0.3242,0.0854,0.2383,-0.0303,-0.2187,0.0810,-5.22,1.29,-0.5352,-0.6133,9.1211,-0.3267,0.0217,40.74,0.00,0.00,1
17.840,-1.0547,-0.1127,-0.1914,0.0269,-1.7500,-0.1437,-5.21,1.30,-1.2656,-1.0352,7.5859,-1.0556,-0.2581,40.74,0.00,0.00,1
17.863,0.5156,-0.1926,0.3086,0.0293,1.2383,-0.2323,-5.20,1.30,0.1523,-0.9180,10.1094,0.3618,-0.0973,40.74,0.00,0.00,1
17.874,0.3633,-0.0960,-0.0664,0.0422,0.7773,-0.0433,-5.20,1.28,0.1523,-0.9180,10.1094,0.3591,-0.0272,40.74,0.00,0.00,1
17.894,-0.0195,0.0018,-0.2578,-0.0242,-0.4102,0.0541,-5.19,1.29,-0.1914,-0.6914,9.4648,0.0170,-0.0005,40.74,0.00,0.00,1
17.912,0.0195,0.0044,0.1602,0.0020,0.1250,0.0408,-5.17,1.28,0.3437,-0.7656,10.0000,0.5511,0.0469,40.74,0.00,0.00,1
17.925,0.5547,0.0899,0.0859,0.0256,0.6641,0.1423,-5.18,1.29,-0.6523,-0.5352,8.4648,-0.4434,0.0792,40.74,0.00,0.00,1
17.943,-0.4414,0.0013,0.3164,0.0937,-0.8711,-0.0495,-5.17,1.29,-0.3047,-0.6914,9.8477,-0.0963,-0.0412,40.74,0.00,0.00,1
17.961,-0.1641,-0.0567,-0.3359,0.0856,-0.1797,0.0065,-5.18,1.32,-0.3828,-1.1875,9.1602,-0.1696,-0.0757,40.74,0.00,0.00,1
17.980,-0.8242,-0.1399,-0.0391,-0.0102,-1.2148,-0.1291,-5.17,1.32,-1.0352,-0.8828,8.1211,-0.8219,-0.2466,40.74,0.00,0.00,1
17.993,-0.8242,-0.2450,-0.0391,-0.0146,-1.2148,-0.2959,-5.16,1.31,-0.3437,-0.7266,9.3477,-0.1321,-0.2799,40.74,0.00,0.00,1
18.010,0.2109,-0.2189,-0.2305,-0.0064,0.0859,-0.2554,-5.16,1.30,0.0000,-1.0742,9.4258,0.2100,-0.1538,40.74,0.00,0.00,1
18.034,0.7070,0.0038,0.2305,-0.0120,1.0078,0.0026,-5.16,1.29,0.2305,-0.8047,10.4141,0.4389,0.0893,40.74,0.00,0.00,1
18.044,0.4414,0.0906,0.0391,0.0099,1.0820,0.1629,-5.16,1.30,0.2305,-0.8047,10.4141,0.4405,0.1432,40.74,0.00,0.00,1
18.061,0.2969,0.1785,-0.3828,-0.0156,0.0508,0.3411,-5.16,1.32,0.0781,-1.2266,9.3867,0.2919,0.1947,40.74,0.00,0.00,1
18.082,-0.2773,0.0918,0.1172,-0.0301,-0.7187,0.0718,-5.15,1.32,-0.3437,-0.6523,9.3477,-0.1305,0.0443,40.74,0.00,0.00,1
18.095,-0.1328,0.0323,0.1914,0.0139,0.0117,0.0090,-5.15,1.31,-1.0742,-0.9180,7.9687,-0.8626,-0.0532,40.74,0.00,0.00,1
18.112,-0.8633,-0.1762,-0.0742,0.0054,-1.3672,-0.2954,-5.14,1.29,0.0391,-0.5742,10.0352,0.2475,-0.1944,40.74,0.00,0.00,1
18.131,0.2422,-0.1264,0.2695,0.0589,0.6992,-0.1420,-5.15,1.28,-0.1914,-0.9570,9.7695,0.0149,-0.0882,40.74,0.00,0.00,1
18.151,0.5547,-0.0211,-0.2656,0.0100,0.4727,0.0726,-5.14,1.29,0.3437,-1.1094,9.8086,0.5522,0.0659,40.74,0.00,0.00,1
18.163,0.5547,0.0674,-0.2656,-0.0324,0.4727,0.1340,-5.14,1.30,0.1914,-0.6133,9.7695,0.4009,0.1286,40.74,0.00,0.00,1
18.181,0.4023,0.1903,0.1523,0.0226,0.5078,0.2443,-5.13,1.29,0.1914,-0.6914,9.8477,0.3993,0.2209,40.74,0.00,0.00,1
18.204,-0.9063,0.0616,-0.1133,0.0260,-1.3672,0.0462,-5.12,1.26,-0.3437,-0.8828,9.5430,-0.1406,-0.0273,40.74,0.00,0.00,1
18.214,-0.1406,-0.0258,-0.0391,0.0105,0.2031,-0.0453,-5.13,1.25,-0.3437,-0.8828,9.5430,-0.1417,-0.0449,40.74,0.00,0.00,1
18.231,-0.1797,-0.0615,-0.1914,-0.0157,-0.0273,0.0067,-5.12,1.25,-0.3828,-1.0352,9.3047,-0.1813,-0.0814,40.74,0.00,0.00,1
18.252,-0.5234,-0.1779,0.0391,-0.0246,-1.0234,-0.2253,-5.12,1.26,-0.1523,-0.8047,9.5391,0.0513,-0.1862,40.74,0.00,0.00,1
18.271,0.1719,-0.1391,-0.2734,-0.0326,0.0117,-0.1956,-5.11,1.27,-0.0391,-1.1094,9.3437,0.1657,-0.1011,40.74,0.00,0.00,1
18.283,0.1641,-0.0715,-0.2734,-0.0859,0.0117,-0.1497,-5.10,1.28,0.3437,-0.5352,10.1484,0.5501,-0.0111,40.74,0.00,0.00,1
18.303,0.5547,0.0818,0.3008,-0.0120,0.8164,0.0742,-5.10,1.28,0.1133,-0.7656,10.2695,0.3207,0.1296,40.74,0.00,0.00,1
18.316,0.3242,0.1510,0.0703,0.0218,0.9297,0.2558,-5.09,1.27,0.2695,-1.3398,9.5430,0.4753,0.1840,40.74,0.00,0.00,1
18.333,0.4805,0.2347,-0.5039,-0.0915,0.2031,0.2862,-5.08,1.28,-0.3828,-0.6914,9.0391,-0.1765,0.2147,40.74,0.00,0.00,1
18.350,-0.1719,0.1335,0.1367,-0.0504,-0.0273,0.1376,-5.07,1.26,-0.3828,-0.6914,9.3086,-0.1786,0.0806,40.74,0.00,0.00,1
18.371,-0.9766,-0.0175,-0.0156,-0.0095,-1.5664,-0.0323,-5.06,1.27,-1.1875,-0.8438,7.7734,-0.9817,-0.1706,40.74,0.00,0.00,1
18.384,0.0117,-0.1507,0.3672,0.0197,0.6914,-0.1912,-5.06,1.27,-0.1914,-0.4609,10.0352,0.0138,-0.1298,40.74,0.00,0.00,1
18.401,0.0977,-0.0977,-0.2070,0.0723,0.0781,0.0101,-5.06,1.30,-0.1133,-1.0352,9.4219,0.0962,-0.0708,40.74,0.00,0.00,1
18.422,-0.1328,-0.0933,-0.1289,0.0104,-0.1875,-0.0294,-5.05,1.30,0.0391,-0.5352,9.7305,0.2491,-0.0581,40.74,0.00,0.00,1
18.435,0.2500,-0.0688,0.2930,0.0228,0.3867,-0.0078,-5.04,1.28,0.0391,-0.5352,9.7305,0.2459,-0.0114,40.74,0.00,0.00,1
18.454,0.5078,0.1140,-0.0156,0.0274,0.5000,0.1588,-5.04,1.27,-0.3437,-0.7266,9.0820,-0.1386,0.0453,40.74,0.00,0.00,1
18.472,-0.1406,0.0822,0.1016,0.0411,-0.2656,0.0862,-5.03,1.25,0.0391,-0.7266,9.8047,0.2405,0.0230,40.74,0.00,0.00,1
18.491,-0.0273,0.0932,-0.2070,0.0370,0.0039,0.1365,-5.03,1.26,-0.2305,-1.0352,9.3437,-0.0274,0.0375,40.74,0.00,0.00,1
18.503,-0.0273,0.0747,-0.2070,-0.0005,0.0039,0.1162,-5.03,1.26,-0.8438,-0.6914,8.4258,-0.6396,-0.0214,40.74,0.00,0.00,1
18.522,-0.2109,-0.0996,-0.0977,0.0063,-0.0742,-0.1161,-5.02,1.28,-0.4219,-0.9180,9.2695,-0.2156,-0.1382,40.74,0.00,0.00,1
18.541,-0.4414,-0.1496,-0.2539,-0.0357,-0.6875,-0.1533,-5.01,1.28,-0.6523,-1.0742,8.6562,-0.4456,-0.2108,40.74,0.00,0.00,1
18.554,0.4727,-0.1213,0.4375,-0.0139,0.9609,-0.1034,-5.01,1.28,0.2695,-0.3828,10.3047,0.4763,-0.1053,40.74,0.00,0.00,1
18.571,0.3164,0.0346,0.1289,0.0894,0.5391,0.1647,-5.02,1.26,0.1133,-0.6914,9.8828,0.3164,0.0244,40.74,0.00,0.00,1
18.593,0.6250,0.1781,-0.2891,0.0387,0.5000,0.2863,-5.01,1.27,-0.0391,-0.4609,9.5430,0.1661,0.1752,40.74,0.00,0.00,1
18.605,0.1641,0.2099,0.3594,0.0402,0.1953,0.2948,-5.01,1.27,-0.0391,-0.4609,9.5430,0.1661,0.1738,40.74,0.00,0.00,1
18.624,0.1719,0.1954,-0.0234,0.0902,0.1562,0.2549,-5.02,1.29,-1.1484,-0.9180,8.0117,-0.9401,0.0831,40.74,0.00,0.00,1
18.643,-0.9375,-0.0568,-0.0977,0.0416,-1.3359,-0.1033,-5.01,1.29,-0.0391,-0.6133,9.7305,0.1688,-0.1183,40.74,0.00,0.00,1
18.656,0.1719,-0.0813,0.2070,0.0576,0.3867,-0.1115,-5.01,1.31,-0.5352,-1.0742,9.4258,-0.3231,-0.0935,40.74,0.00,0.00,1
18.673,-0.3242,-0.1193,-0.2539,-0.0021,0.0781,-0.0385,-5.01,1.31,-0.6914,-1.1094,8.3125,-0.4799,-0.1713,40.74,0.00,0.00,1
18.690,0.1719,-0.1813,-0.0234,-0.0766,0.4258,-0.1968,-5.00,1.30,-0.0391,-0.8438,9.7656,0.1709,-0.1323,40.74,0.00,0.00,1
18.711,0.1719,-0.0811,-0.2891,-0.0828,-0.0352,-0.0571,-4.99,1.30,-0.0391,-1.1094,9.3086,0.1714,-0.0463,40.74,0.00,0.00,1
18.724,0.1719,-0.0423,-0.2891,-0.1145,-0.0352,-0.0537,-4.99,1.30,0.3047,-0.4609,9.8828,0.5147,0.0146,40.74,0.00,0.00,1
18.741,0.0977,0.0948,0.0469,-0.0167,0.6172,0.1217,-4.98,1.30,-0.1133,-0.7656,9.9609,0.0961,0.0922,40.74,0.00,0.00,1
18.764,0.6797,0.1852,-0.5273,-0.0832,0.4648,0.2672,-4.98,1.32,-0.3828,-0.6914,9.1172,-0.1696,0.1900,40.74,0.00,0.00,1
18.775,-0.1641,0.1936,0.1211,-0.0996,-0.2266,0.2423,-4.97,1.32,-0.3828,-0.6914,9.1172,-0.1686,0.1350,40.74,0.00,0.00,1
18.794,0.2578,0.1365,-0.4141,-0.1065,0.3477,0.1706,-4.96,1.35,-1.2656,-0.6914,7.7344,-1.0477,0.0476,40.74,0.00,0.00,1
18.812,-1.0469,-0.1178,0.1211,-0.0753,-1.6055,-0.2114,-4.93,1.32,0.0391,-0.6133,9.8477,0.2522,-0.1596,40.74,0.00,0.00,1
18.831,0.0273,-0.0830,-0.2695,-0.0253,0.4258,-0.0955,-4.92,1.32,-0.1914,-1.0742,9.7656,0.0223,-0.0697,40.74,0.00,0.00,1
18.843,0.0273,-0.0660,-0.2695,-0.0628,0.4258,-0.0154,-4.91,1.32,-0.7656,-0.9570,8.0117,-0.5514,-0.1014,40.74,0.00,0.00,1
18.862,-0.0117,-0.1542,0.0000,-0.0879,0.3867,-0.2268,-4.89,1.31,-0.2305,-0.8047,9.7305,-0.0179,-0.1365,40.74,0.00,0.00,1
18.881,-0.3633,-0.1354,-0.1992,-0.0754,-0.8789,-0.1189,-4.87,1.31,-0.5742,-0.9961,8.4609,-0.3622,-0.1723,40.74,0.00,0.00,1
18.894,-0.3633,-0.1704,-0.1992,-0.0944,-0.8789,-0.2356,-4.86,1.30,0.4961,-0.3047,10.2266,0.7059,-0.1162,40.74,0.00,0.00,1
18.912,0.1719,0.0246,0.1836,0.0412,0.2344,-0.0072,-4.85,1.29,-0.0391,-0.6133,9.5820,0.1686,0.0451,40.74,0.00,0.00,1
18.931,0.5937,0.1001,-0.2461,0.0472,0.9219,0.1163,-4.83,1.31,0.3828,-1.0352,10.2656,0.5942,0.1745,40.74,0.00,0.00,1
18.945,-0.0195,0.1603,0.2539,0.0223,-0.1133,0.2118,-4.83,1.31,-0.2305,-0.5352,9.2266,-0.0191,0.1317,40.74,0.00,0.00,1
18.965,0.0664,0.1122,-0.0547,0.0539,0.3086,0.1658,-4.82,1.33,-0.8438,-0.3828,8.0820,-0.6291,0.0480,40.74,0.00,0.00,1
18.983,-0.6250,-0.0538,0.4062,0.1251,-1.2617,-0.1413,-4.82,1.31,0.0781,-0.2695,10.3477,0.2895,-0.0710,40.74,0.00,0.00,1
19.002,0.3633,0.0166,-0.1680,0.1981,0.1562,0.0507,-4.82,1.31,0.1523,-0.9570,9.5039,0.3643,0.0687,40.74,0.00,0.00,1
19.013,0.3633,0.0699,-0.1680,0.1418,0.1562,0.0669,-4.82,1.31,-0.9570,-0.3828,8.2773,-0.7451,0.0254,40.74,0.00,0.00,1
19.032,-0.7383,-0.0907,0.4062,0.1811,-1.0703,-0.1792,-4.83,1.30,-0.2695,-0.6133,9.4648,-0.0597,-0.1385,40.74,0.00,0.00,1
19.051,-0.4414,-0.1493,-0.0156,0.1772,-0.9531,-0.2318,-4.84,1.29,-0.6523,-0.8047,8.3906,-0.4447,-0.1969,40.74,0.00,0.00,1
19.064,-0.4414,-0.1942,-0.0156,0.1475,-0.9531,-0.3426,-4.84,1.27,0.4219,-0.1523,10.0703,0.6274,-0.1493,40.74,0.00,0.00,1
19.081,0.4336,0.0087,0.3008,0.2516,0.5781,-0.0855,-4.87,1.25,0.2305,-0.4961,9.9258,0.4328,0.0720,40.74,0.00,0.00,1
19.101,0.5469,0.1382,-0.1914,0.2262,0.7695,0.1180,-4.90,1.27,0.3437,-0.9961,10.1094,0.5487,0.2000,40.74,0.00,0.00,1
19.115,-0.2930,0.1615,0.3437,0.1766,-0.5703,0.1550,-4.92,1.27,-0.4961,-0.4609,8.7773,-0.2911,0.0913,40.74,0.00,0.00,1
19.132,0.0898,0.0632,0.0859,0.2034,0.3867,0.0259,-4.94,1.27,-0.1133,-0.7266,9.7305,0.0912,0.0673,40.74,0.00,0.00,1
19.152,-1.1758,-0.2078,0.0469,0.1547,-1.9141,-0.3603,-4.97,1.24,0.1523,-0.3437,10.4141,0.3515,-0.2347,40.74,0.00,0.00,1
19.166,0.3555,-0.2340,0.4687,0.1719,1.0742,-0.3599,-4.99,1.22,0.1523,-0.3437,10.4141,0.3488,-0.1451,40.74,0.00,0.00,1
19.184,-0.1406,-0.1092,-0.0977,0.1861,-0.1875,-0.0648,-5.04,1.21,0.0781,-0.8438,9.6094,0.2736,-0.0840,40.74,0.00,0.00,1
19.202,0.2891,-0.0230,-0.0234,0.1220,0.2695,0.0016,-5.08,1.23,-0.1914,-0.7656,9.5430,0.0062,-0.0038,40.74,0.00,0.00,1
19.221,0.4805,0.0438,-0.1680,0.0784,0.4648,0.0934,-5.12,1.23,0.2695,-0.9961,9.8047,0.4682,0.1016,40.74,0.00,0.00,1
19.234,0.4805,0.1109,-0.1680,0.0405,0.4648,0.1505,-5.13,1.22,-0.9180,-0.6914,8.0117,-0.7208,0.0627,40.74,0.00,0.00,1
19.252,0.2812,-0.0224,0.2227,0.0643,1.0742,-0.0602,-5.17,1.20,0.0781,-0.6133,10.4141,0.2705,0.0146,40.74,0.00,0.00,1
19.272,0.1641,0.0543,-0.5742,0.0455,-0.1055,0.1671,-5.22,1.19,-0.0391,-1.4180,9.2305,0.1517,0.0607,40.74,0.00,0.00,1
19.285,-0.5625,0.0205,0.1602,-0.0329,-0.6797,0.0609,-5.24,1.19,-0.7656,-0.6914,8.6602,-0.5743,-0.0798,40.74,0.00,0.00,1
19.302,-0.0664,-0.1052,-0.3359,-0.0178,0.0859,-0.0879,-5.26,1.19,-0.2695,-1.1875,9.4219,-0.0787,-0.1104,40.74,0.00,0.00,1
19.324,-0.1016,-0.0974,-0.2500,-0.1131,-0.3711,-0.0988,-5.29,1.21,0.3047,-0.5742,10.0312,0.4993,-0.0597,40.74,0.00,0.00,1
19.336,0.5078,-0.0493,0.2852,-0.0913,0.6992,-0.0550,-5.31,1.20,0.3047,-0.5742,10.0312,0.4972,0.0259,40.74,0.00,0.00,1
19.355,0.4336,0.1293,-0.0156,-0.0092,1.0078,0.2495,-5.35,1.20,0.4219,-1.3398,9.9258,0.6149,0.1811,40.74,0.00,0.00,1
19.373,0.6250,0.2579,-0.4727,-0.1121,0.5859,0.3712,-5.38,1.20,-0.6133,-0.7656,8.6992,-0.4202,0.2213,40.74,0.00,0.00,1
19.391,-0.1016,0.1142,-0.1211,-0.0884,0.0117,0.1487,-5.40,1.20,-0.3047,-0.9961,9.3437,-0.1111,0.0710,40.74,0.00,0.00,1
19.404,-0.1016,0.0810,-0.1211,-0.0934,0.0117,0.1277,-5.42,1.22,-1.3789,-1.0742,7.4687,-1.1825,-0.0425,40.74,0.00,0.00,1
19.421,0.3555,-0.1634,0.2773,-0.0853,1.0547,-0.2094,-5.45,1.21,0.1523,-0.6133,10.3867,0.3471,-0.0925,40.74,0.00,0.00,1
19.442,-0.0586,-0.0493,-0.2578,-0.0253,0.2109,0.0816,-5.48,1.23,-0.2695,-1.1484,9.5391,-0.0715,-0.0603,40.74,0.00,0.00,1
19.455,0.3164,-0.0208,-0.2578,-0.0610,0.4023,0.1168,-5.48,1.23,0.1133,-1.1484,9.7266,0.3113,-0.0032,40.74,0.00,0.00,1
19.472,0.0117,0.0505,0.2461,-0.0765,0.3242,0.1915,-5.52,1.22,-0.1914,-0.6523,9.6523,0.0056,0.0185,40.74,0.00,0.00,1
19.495,0.3555,0.0901,-0.1367,-0.0253,0.3945,0.2476,-5.55,1.21,-0.7266,-0.7266,8.6602,-0.5311,0.0410,40.74,0.00,0.00,1
19.512,-0.5234,-0.0292,0.1797,0.0131,-0.6797,0.0515,-5.57,1.20,0.1133,-0.8438,10.1484,0.3066,-0.0545,40.74,0.00,0.00,1
19.524,0.3164,-0.0096,0.0625,0.0320,0.8164,0.1195,-5.59,1.20,0.0781,-1.3008,9.5391,0.2715,0.0226,40.74,0.00,0.00,1
19.543,0.2812,0.0751,-0.3945,-0.0605,0.2031,0.1814,-5.60,1.23,-0.8828,-0.6914,8.4609,-0.6852,0.0173,40.74,0.00,0.00,1
19.562,-0.3242,-0.0971,-0.1211,-0.0268,-0.2969,-0.0699,-5.63,1.24,-0.5352,-1.0352,9.0430,-0.3354,-0.1447,40.74,0.00,0.00,1
19.574,-0.3242,-0.1320,-0.1211,-0.0413,-0.2969,-0.1048,-5.64,1.25,-0.8828,-1.4180,8.1602,-0.6809,-0.2014,40.74,0.00,0.00,1
19.592,0.9688,-0.1649,0.2695,-0.1152,1.5430,-0.2020,-5.64,1.22,0.7656,-0.6523,10.8789,0.9627,-0.0012,40.74,0.00,0.00,1
19.611,0.3945,0.1107,-0.1875,-0.0427,0.4336,0.2041,-5.67,1.21,0.1914,-1.1094,9.7656,0.3864,0.1449,40.74,0.00,0.00,1
19.625,0.3945,0.1543,-0.1875,-0.0649,0.4336,0.2394,-5.68,1.22,0.2695,-1.2266,10.0039,0.4667,0.1886,40.74,0.00,0.00,1
19.642,-0.0273,0.2183,0.2773,-0.0934,-0.0664,0.3125,-5.69,1.22,-0.2305,-0.6523,9.2695,-0.0338,0.1727,40.74,0.00,0.00,1
19.664,0.3555,0.1934,-0.2187,-0.0432,0.1641,0.2187,-5.69,1.24,-0.9180,-0.8438,8.3125,-0.7181,0.1260,40.74,0.00,0.00,1
19.676,-0.7148,0.1327,0.0859,-0.0458,-1.0234,0.1153,-5.69,1.24,-0.9180,-0.8438,8.3125,-0.7182,-0.0036,40.74,0.00,0.00,1
19.695,0.1719,-0.0201,0.2383,0.0225,0.5469,-0.0317,-5.70,1.25,0.0391,-1.6836,9.5391,0.2399,0.0083,40.74,0.00,0.00,1
19.713,0.2500,0.0517,-0.7539,-0.1359,0.2031,0.0563,-5.71,1.26,-0.9570,-0.9961,8.3125,-0.7540,-0.0053,40.74,0.00,0.00,1
19.732,-0.0586,-0.0575,-0.1445,-0.1652,-0.1406,-0.1029,-5.71,1.26,-0.2695,-1.0742,9.1992,-0.0655,-0.1118,40.74,0.00,0.00,1
19.744,-0.0586,-0.0577,-0.1445,-0.1621,-0.1406,-0.1087,-5.71,1.25,-0.3437,-1.2656,8.8437,-0.1423,-0.1110,40.74,0.00,0.00,1
19.763,0.8555,0.0000,0.4336,-0.1488,1.1992,-0.0832,-5.70,1.23,0.6523,-0.4961,10.5312,0.8506,0.0980,40.74,0.00,0.00,1
19.782,0.3164,0.2485,-0.0273,0.0129,0.6250,0.3081,-5.70,1.21,0.1133,-0.9570,9.9648,0.3083,0.2343,40.74,0.00,0.00,1
19.795,0.3164,0.2590,-0.0273,0.0067,0.6250,0.3568,-5.70,1.23,0.4219,-1.4570,10.0000,0.6196,0.2707,40.74,0.00,0.00,1
19.812,-0.1797,0.3017,0.0469,-0.1008,-0.3398,0.3774,-5.69,1.24,-0.3828,-0.8828,9.0039,-0.1835,0.2120,40.74,0.00,0.00,1
19.835,0.0898,0.1790,-0.2187,-0.0912,0.4258,0.2505,-5.68,1.26,-1.1875,-1.1094,7.6602,-0.9850,0.0685,40.74,0.00,0.00,1
19.846,-0.9844,0.0793,-0.1875,-0.1083,-1.6836,0.1086,-5.66,1.25,-1.1875,-1.1094,7.6602,-0.9861,-0.0935,40.74,0.00,0.00,1
19.865,0.3555,-0.0775,0.1172,-0.0885,0.6562,-0.1430,-5.64,1.25,-0.3047,-1.3789,9.6523,-0.1022,-0.0544,40.74,0.00,0.00,1
19.882,-0.1016,-0.0559,-0.4648,-0.1590,0.3086,0.0068,-5.62,1.25,-0.6523,-1.1484,8.3555,-0.4504,-0.0960,40.74,0.00,0.00,1
19.903,-0.0352,-0.1369,-0.1602,-0.1920,0.0781,-0.1736,-5.59,1.25,-0.2305,-1.0742,9.4219,-0.0296,-0.1236,40.74,0.00,0.00,1
19.914,-0.0352,-0.1144,-0.1602,-0.1849,0.0781,-0.1179,-5.58,1.24,-0.1133,-1.3398,9.1953,0.0865,-0.0936,40.74,0.00,0.00,1
19.933,0.0820,-0.0660,-0.4336,-0.2384,-0.1484,-0.1125,-5.55,1.23,0.2305,-0.6523,9.6133,0.4287,-0.0153,40.74,0.00,0.00,1
19.952,0.1562,0.0604,0.0156,-0.1306,0.6172,0.0216,-5.52,1.22,-0.0391,-0.8828,9.9648,0.1580,0.0759,40.74,0.00,0.00,1
19.965,0.1562,0.0751,0.0156,-0.1082,0.6172,0.1131,-5.50,1.24,0.4961,-1.4180,10.0039,0.6953,0.1317,40.74,0.00,0.00,1
19.982,-0.2187,0.1833,0.2383,-0.1587,-0.6172,0.1942,-5.46,1.25,-0.4219,-0.6523,8.7344,-0.2206,0.1212,40.74,0.00,0.00,1
20.006,-0.0664,0.0697,-0.0742,-0.0714,0.0352,0.0178,-5.41,1.25,-1.3398,-0.9961,7.5117,-1.1386,-0.0378,40.74,0.00,0.00,1
20.023,-1.1445,-0.2075,-0.1133,-0.0808,-1.8438,-0.3931,-5.37,1.22,0.5352,-0.4219,10.4961,0.7310,-0.2011,40.74,0.00,0.00,1
20.033,0.7305,-0.2015,0.4531,-0.0405,1.1445,-0.3769,-5.35,1.20,0.5352,-0.4219,10.4961,0.7283,-0.0583,40.74,0.00,0.00,1
20.053,0.0430,-0.0359,0.1484,0.0604,0.4922,-0.0026,-5.33,1.20,0.4219,-0.8438,9.6875,0.6156,0.0214,40.74,0.00,0.00,1
20.072,0.6172,0.1136,0.0234,0.0577,0.3398,0.1040,-5.29,1.23,-0.2305,-0.6133,9.3437,-0.0331,0.1385,40.74,0.00,0.00,1
20.085,-0.0352,0.1248,0.2461,0.0843,-0.0039,0.1034,-5.28,1.22,0.3047,-0.6914,10.0039,0.5010,0.1431,40.74,0.00,0.00,1
20.103,0.5000,0.1979,0.1680,0.1129,0.6484,0.2173,-5.25,1.21,-1.0742,-0.7266,7.8945,-0.8801,0.1340,40.74,0.00,0.00,1
20.121,0.3008,0.0026,0.1680,0.1229,0.8008,-0.0530,-5.22,1.17,0.1133,-0.6914,10.1523,0.3021,0.0495,40.74,0.00,0.00,1
20.135,0.3008,0.0484,0.1680,0.1298,0.8008,0.0782,-5.22,1.17,-0.2305,-1.1094,9.5430,-0.0433,0.0605,40.74,0.00,0.00,1
20.153,-0.5039,0.0001,0.2461,0.0640,-0.9609,0.0587,-5.20,1.18,-0.6914,-0.6133,8.3906,-0.5015,-0.0763,40.74,0.00,0.00,1
20.172,-0.1953,-0.1182,0.1992,0.1119,-0.1953,-0.1692,-5.19,1.19,-0.3828,-0.6523,9.1602,-0.1913,-0.1282,40.74,0.00,0.00,1
20.186,0.2344,-0.0956,-0.0312,0.1069,0.2617,-0.1367,-5.19,1.19,0.0391,-0.8828,9.6094,0.2306,-0.0731,40.74,0.00,0.00,1
20.203,0.5391,0.0223,0.3555,0.0986,0.5312,-0.0021,-5.17,1.19,0.3437,-0.4961,9.8867,0.5353,0.0808,40.74,0.00,0.00,1
20.225,0.4180,0.1799,0.0078,0.1328,0.8008,0.2211,-5.17,1.18,0.3047,-1.2266,9.9258,0.4946,0.2092,40.74,0.00,0.00,1
20.243,0.4922,0.2638,-0.3750,0.0126,0.5703,0.3345,-5.16,1.19,-0.5352,-0.7266,8.5820,-0.3436,0.2233,40.74,0.00,0.00,1
20.255,-0.3398,0.1866,0.1250,0.0036,-0.7695,0.1809,-5.15,1.19,-0.5742,-0.6523,9.3437,-0.3832,0.0946,40.74,0.00,0.00,1
20.272,-0.3789,0.0286,0.1914,0.0528,-0.0039,0.0808,-5.15,1.20,-1.2266,-0.8438,7.5898,-1.0334,-0.0928,40.74,0.00,0.00,1
20.291,0.3398,-0.1856,0.1914,0.0626,1.1055,-0.2180,-5.14,1.19,0.1523,-0.6523,10.4531,0.3433,-0.1086,40.74,0.00,0.00,1
20.305,0.3398,-0.1049,0.1914,0.0824,1.1055,-0.0147,-5.15,1.20,-0.0391,-1.1094,9.4258,0.1541,-0.0542,40.74,0.00,0.00,1
20.322,-0.4570,-0.0544,-0.0078,0.0090,-0.5469,0.0226,-5.14,1.22,-0.6523,-0.8438,8.8125,-0.4560,-0.1180,40.74,0.00,0.00,1
20.341,0.1562,-0.1195,-0.0469,0.0011,0.0273,-0.0930,-5.12,1.22,-0.0391,-0.8828,9.3867,0.1572,-0.0779,40.74,0.00,0.00,1
20.356,0.0039,-0.0707,-0.0078,-0.0064,0.1016,-0.0604,-5.12,1.23,-0.1914,-0.8438,9.4609,0.0060,-0.0594,40.74,0.00,0.00,1
20.373,0.4648,-0.0084,0.1016,0.0019,0.1406,-0.0021,-5.10,1.19,0.2695,-0.7266,9.5039,0.4615,0.0635,40.74,0.00,0.00,1
20.393,0.0352,0.0869,0.1758,0.0473,0.9063,0.1642,-5.09,1.18,0.3828,-1.3008,9.3828,0.5727,0.1219,40.74,0.00,0.00,1
20.412,0.5703,0.1907,-0.4727,-0.0598,0.0273,0.1801,-5.07,1.19,-0.3437,-0.5742,9.2266,-0.1528,0.1918,40.74,0.00,0.00,1
20.425,-0.1562,0.1631,0.2539,-0.0396,-0.1289,0.1223,-5.07,1.18,-0.1523,-0.6914,9.4258,0.0370,0.1305,40.74,0.00,0.00,1
20.443,0.0430,0.1166,0.1367,0.0177,0.0625,0.0934,-5.07,1.19,-1.1094,-0.7656,7.8555,-0.9179,0.0279,40.74,0.00,0.00,1
20.462,0.3398,-0.0796,0.2539,0.0526,0.7148,-0.1847,-5.05,1.18,0.1523,-0.5742,10.0703,0.3427,-0.0154,40.74,0.00,0.00,1
20.475,0.3398,-0.0152,0.2539,0.0835,0.7148,-0.0465,-5.05,1.19,-0.2305,-1.0742,9.5039,-0.0390,0.0092,40.74,0.00,0.00,1
20.493,-0.0352,0.0025,-0.2461,0.0212,0.1406,0.0423,-5.04,1.21,-0.6914,-1.0352,8.2344,-0.4967,-0.0405,40.74,0.00,0.00,1
20.512,0.0430,-0.0979,-0.0625,-0.0489,0.2539,-0.1728,-5.03,1.21,-0.1523,-0.8828,9.6094,0.0429,-0.0765,40.74,0.00,0.00,1
20.526,0.0430,-0.0763,-0.0625,-0.0510,0.2539,-0.1072,-5.02,1.22,0.0781,-0.8047,9.6133,0.2739,-0.0396,40.74,0.00,0.00,1
20.543,0.3477,0.0357,0.2461,-0.0143,0.3320,0.0221,-5.01,1.19,0.1523,-0.5742,9.6875,0.3433,0.0824,40.74,0.00,0.00,1
20.565,0.3711,0.1456,0.2461,0.0745,0.8672,0.2100,-5.01,1.16,0.3047,-1.3398,9.9258,0.4913,0.1904,40.74,0.00,0.00,1
20.583,0.4844,0.2346,-0.5195,-0.0463,0.5625,0.3289,-5.00,1.18,-0.3437,-0.8438,8.8125,-0.1539,0.2246,40.74,0.00,0.00,1
20.596,-0.1562,0.1915,-0.0312,-0.0760,-0.5469,0.2102,-4.99,1.18,-0.5352,-0.8047,9.2695,-0.3448,0.1256,40.74,0.00,0.00,1
20.613,-0.3477,0.0505,0.0078,-0.0547,-0.0898,0.0967,-4.98,1.21,-1.2266,-0.8438,7.6289,-1.0319,-0.0623,40.74,0.00,0.00,1
20.633,0.1484,-0.1863,0.3164,-0.0166,0.8672,-0.2252,-4.96,1.19,-0.0391,-0.4961,10.2305,0.1529,-0.1306,40.74,0.00,0.00,1
20.645,0.1484,-0.1349,0.3164,0.0345,0.8672,-0.0574,-4.96,1.21,-0.1133,-0.8047,9.3086,0.0814,-0.0925,40.74,0.00,0.00,1
20.662,0.0742,-0.0710,0.0078,0.0462,-0.0586,-0.0001,-4.95,1.20,-0.4961,-0.8828,8.9219,-0.3025,-0.0741,40.74,0.00,0.00,1
20.681,0.3008,-0.0813,0.0781,0.0228,0.3242,-0.0673,-4.93,1.19,0.1133,-0.7266,9.6914,0.3041,-0.0174,40.74,0.00,0.00,1
20.696,0.3008,-0.0226,0.0781,0.0313,0.3242,-0.0072,-4.92,1.19,0.0391,-0.8438,9.4648,0.2304,0.0261,40.74,0.00,0.00,1
20.713,0.2187,0.0660,0.2695,0.0387,0.2461,0.0526,-4.91,1.17,0.0391,-0.5352,9.6094,0.2267,0.0949,40.74,0.00,0.00,1
20.735,0.1016,0.1001,0.2695,0.1174,0.5937,0.1720,-4.91,1.15,0.2305,-1.1484,9.5039,0.4149,0.1305,40.74,0.00,0.00,1
20.753,0.4102,0.1688,-0.3516,0.0231,0.1328,0.1896,-4.90,1.18,-0.3828,-0.3437,9.0820,-0.1935,0.1633,40.74,0.00,0.00,1
20.764,-0.1953,0.1574,0.4531,0.0299,-0.2969,0.1465,-4.89,1.17,-0.3828,-0.3437,9.0820,-0.1941,0.1084,40.74,0.00,0.00,1
20.784,0.0352,0.0882,0.1445,0.1059,0.0117,0.0636,-4.90,1.20,-1.0352,-0.7656,7.9687,-0.8421,0.0141,40.74,0.00,0.00,1
20.803,-0.8477,-0.1222,0.0312,0.0918,-1.3984,-0.2632,-4.90,1.18,0.2695,-0.5352,10.3047,0.4599,-0.1250,40.74,0.00,0.00,1
20.815,0.4570,-0.0824,0.2617,0.1138,0.9375,-0.1556,-4.90,1.20,-0.1914,-0.8047,9.5430,0.0016,-0.0319,40.74,0.00,0.00,1
20.833,0.0039,-0.0297,0.0000,0.0978,0.1719,-0.0150,-4.90,1.20,-0.8047,-0.8438,8.3164,-0.6111,-0.0713,40.74,0.00,0.00,1
20.851,0.0352,-0.1406,0.0703,0.0621,0.1719,-0.2011,-4.91,1.20,-0.1523,-0.7266,9.5430,0.0402,-0.1110,40.74,0.00,0.00,1
20.866,0.0352,-0.1136,0.0703,0.0634,0.1719,-0.1438,-4.91,1.19,0.1133,-0.6914,9.6875,0.3047,-0.0667,40.74,0.00,0.00,1
20.883,0.3008,0.0124,0.3086,0.0936,0.1719,-0.0051,-4.91,1.17,0.1133,-0.4961,9.5430,0.3010,0.0588,40.74,0.00,0.00,1
20.901,0.4102,0.1030,0.2695,0.1514,1.0156,0.1126,-4.93,1.15,0.2305,-0.5352,10.3828,0.4155,0.1528,40.74,0.00,0.00,1
20.924,0.5312,0.2345,-0.5742,0.0050,0.2461,0.2501,-4.94,1.18,-0.4961,-0.5742,8.9258,-0.3057,0.2151,40.74,0.00,0.00,1
20.934,-0.3086,0.2129,0.2383,-0.0190,-0.4414,0.1945,-4.95,1.19,-0.4961,-0.5742,8.9258,-0.3051,0.1352,40.74,0.00,0.00,1
20.954,-0.2656,0.0417,0.1992,0.0627,-0.2969,-0.0001,-4.96,1.20,-1.2656,-0.5742,7.8555,-1.0720,-0.0687,40.74,0.00,0.00,1
20.973,-1.0781,-0.2253,0.2383,0.1101,-1.5234,-0.3557,-4.98,1.17,0.2695,-0.1523,10.2656,0.4579,-0.2315,40.74,0.00,0.00,1
20.985,0.4570,-0.1782,0.6602,0.2032,0.8984,-0.2421,-5.00,1.17,0.0391,-0.6523,9.8867,0.2274,-0.0974,40.74,0.00,0.00,1
21.003,0.2187,-0.0508,0.1680,0.2239,0.5156,-0.0034,-5.03,1.17,0.1914,-0.9961,9.6523,0.3797,0.0066,40.74,0.00,0.00,1
21.022,0.1484,0.0681,0.1367,0.1339,0.0859,0.0907,-5.06,1.18,-0.0391,-0.6914,9.4609,0.1503,0.0830,40.74,0.00,0.00,1
21.036,0.1484,0.0804,0.1367,0.1344,0.0859,0.0899,-5.07,1.18,0.3047,-0.8438,9.9609,0.4951,0.1210,40.74,0.00,0.00,1
21.053,-0.5312,0.1208,-0.3125,0.0698,-0.9492,0.1076,-5.11,1.20,-0.7266,-1.1484,8.4258,-0.5329,0.0214,40.74,0.00,0.00,1
21.072,0.1484,-0.0097,-0.1133,-0.0227,0.5859,-0.0693,-5.13,1.21,-0.0391,-0.9570,9.9648,0.1551,0.0162,40.74,0.00,0.00,1
21.094,0.2656,0.0858,-0.3906,-0.1370,0.0117,0.0258,-5.15,1.21,-0.9180,-0.7266,8.4219,-0.7232,0.0376,40.74,0.00,0.00,1
21.104,-0.7305,0.0337,0.1094,-0.1360,-0.9492,-0.0533,-5.16,1.22,-0.9180,-0.7266,8.4219,-0.7221,-0.0791,40.74,0.00,0.00,1
21.125,-0.2422,-0.1518,-0.1602,-0.0937,-0.0273,-0.2171,-5.17,1.19,-0.8047,-0.9570,8.3906,-0.6130,-0.1894,40.74,0.00,0.00,1
21.143,-0.6250,-0.2622,-0.1133,-0.1022,-0.9766,-0.3734,-5.19,1.17,0.3828,-0.8047,10.3086,0.5702,-0.2155,40.74,0.00,0.00,1
21.155,0.5703,-0.1589,0.0391,-0.0812,0.9375,-0.2129,-5.19,1.15,-0.1914,-0.8047,9.4219,-0.0061,-0.0880,40.74,0.00,0.00,1
21.172,-0.0039,-0.0791,0.0391,-0.0471,0.0547,-0.0820,-5.21,1.16,0.3828,-1.2266,9.9648,0.5697,-0.0187,40.74,0.00,0.00,1
21.193,0.2266,0.0819,0.0781,-0.1005,0.2109,0.0869,-5.22,1.17,0.0391,-0.7656,9.5781,0.2270,0.1061,40.74,0.00,0.00,1
21.206,0.2266,0.1041,0.0781,-0.0731,0.2109,0.1059,-5.23,1.17,-0.0781,-1.0352,9.5820,0.1103,0.1154,40.74,0.00,0.00,1
21.223,-0.9219,0.0301,0.0469,-0.0773,-1.5156,0.0036,-5.24,1.18,-1.1094,-0.8047,7.8555,-0.9204,-0.1142,40.74,0.00,0.00,1
21.242,0.0352,-0.1633,0.1992,-0.0299,0.8242,-0.2401,-5.24,1.16,-0.1523,-0.6523,10.1914,0.0345,-0.1319,40.74,0.00,0.00,1
21.257,0.0352,-0.1328,0.1992,0.0053,0.8242,-0.0766,-5.25,1.15,0.1133,-1.3398,9.6484,0.2980,-0.0854,40.74,0.00,0.00,1
21.274,-0.8086,-0.0890,0.0469,-0.0808,-0.9766,-0.0233,-5.26,1.15,-0.9961,-0.8047,8.3906,-0.8108,-0.2001,40.74,0.00,0.00,1
21.291,-0.1562,-0.2409,0.1328,-0.0377,0.1328,-0.2049,-5.27,1.14,-0.3437,-0.7266,9.5039,-0.1601,-0.2295,40.74,0.00,0.00,1
21.313,-0.4336,-0.2734,-0.3281,-0.0816,-0.7852,-0.2929,-5.27,1.14,0.3437,-0.3828,10.3867,0.5264,-0.2213,40.74,0.00,0.00,1
21.327,0.5234,-0.1619,0.4766,-0.0125,1.0156,-0.1253,-5.28,1.13,0.0000,-0.7266,9.4648,0.1805,-0.0838,40.74,0.00,0.00,1
21.343,0.1797,-0.0436,0.1328,0.0501,0.0937,-0.0057,-5.30,1.14,0.4609,-1.3008,10.3086,0.6430,0.0283,40.74,0.00,0.00,1
21.363,0.1875,0.1270,0.1406,-0.0380,0.1719,0.2062,-5.31,1.16,0.0000,-0.7266,9.5430,0.1858,0.1368,40.74,0.00,0.00,1
21.376,0.1875,0.1363,0.1406,-0.0106,0.1719,0.2010,-5.32,1.16,-0.0781,-1.0742,9.4258,0.1083,0.1381,40.74,0.00,0.00,1
21.393,0.1094,0.1335,-0.2070,-0.0446,0.0547,0.1668,-5.32,1.16,-1.2266,-0.7266,7.6992,-1.0396,0.0381,40.74,0.00,0.00,1
21.411,0.1875,-0.1023,0.1758,0.0014,0.4414,-0.1912,-5.33,1.15,0.0000,-0.6914,9.8086,0.1837,-0.0589,40.74,0.00,0.00,1
21.431,0.2266,-0.0170,-0.2812,0.0143,0.4492,-0.0112,-5.34,1.14,0.0391,-1.1484,9.8086,0.2212,0.0181,40.74,0.00,0.00,1
21.444,-0.5039,-0.0215,-0.0508,-0.0327,-1.0469,-0.0290,-5.35,1.14,-0.6914,-0.9180,8.3164,-0.5087,-0.0986,40.74,0.00,0.00,1
21.466,-0.0117,-0.1104,-0.0508,-0.0388,0.1484,-0.1924,-5.36,1.14,-0.2695,-1.3398,8.7383,-0.0863,-0.1029,40.74,0.00,0.00,1
21.483,-0.0820,-0.0980,-0.4648,-0.1339,-0.6250,-0.2669,-5.36,1.16,0.6133,-0.4961,10.3047,0.7992,-0.0268,40.74,0.00,0.00,1
21.501,0.3789,0.1241,0.0312,-0.0352,0.6758,0.0364,-5.38,1.17,0.1914,-0.8438,10.0352,0.3789,0.1613,40.74,0.00,0.00,1
21.514,0.3789,0.1805,0.0312,-0.0205,0.6758,0.1779,-5.38,1.18,0.4961,-1.4180,10.0742,0.6852,0.2342,40.74,0.00,0.00,1
21.533,0.6836,0.3042,-0.5430,-0.1329,0.7148,0.3277,-5.38,1.18,-0.2695,-0.5742,9.0391,-0.0799,0.3010,40.74,0.00,0.00,1
21.546,-0.0820,0.2706,0.3008,-0.0941,-0.3203,0.2544,-5.39,1.17,0.0781,-0.9961,9.8867,0.2667,0.2443,40.74,0.00,0.00,1
21.563,0.2656,0.2475,-0.1055,-0.0720,0.5234,0.2781,-5.39,1.17,-1.4570,-1.1094,7.3125,-1.2695,0.1277,40.74,0.00,0.00,1
21.582,0.4180,-0.0467,0.5078,-0.0590,0.7227,-0.1448,-5.39,1.15,0.2305,-0.3828,10.0703,0.4143,0.0239,40.74,0.00,0.00,1
21.605,-0.2734,0.0055,-0.1836,0.0280,-0.0820,0.0273,-5.40,1.16,-0.5742,-0.8438,8.7734,-0.3882,-0.0478,40.74,0.00,0.00,1
21.614,-0.3867,-0.0464,0.0469,0.0140,-0.5781,-0.0292,-5.41,1.16,-0.5742,-0.8438,8.7734,-0.3876,-0.1000,40.74,0.00,0.00,1
21.632,-0.0039,-0.1123,0.1641,0.0327,0.2266,-0.1205,-5.42,1.17,-0.1914,-0.7266,9.5781,-0.0027,-0.0963,40.74,0.00,0.00,1
21.653,-0.0742,-0.0909,-0.1445,0.0092,-0.2422,-0.1059,-5.43,1.19,0.0391,-0.7656,9.3437,0.2299,-0.0655,40.74,0.00,0.00,1
21.674,0.0039,-0.0177,0.0859,0.0301,0.6094,-0.0357,-5.45,1.18,-0.1914,-0.8047,9.9648,-0.0017,-0.0164,40.74,0.00,0.00,1
21.684,-0.0039,-0.0141,0.0937,0.0436,0.6094,0.1070,-5.45,1.17,0.4609,-1.4922,9.6875,0.6496,0.0388,40.74,0.00,0.00,1
21.703,0.6484,0.1331,-0.5937,-0.0943,0.3398,0.1899,-5.46,1.17,-0.3047,-0.8047,9.3867,-0.1165,0.1506,40.74,0.00,0.00,1
21.716,-0.1172,0.1296,0.0937,-0.0992,0.0352,0.1763,-5.46,1.16,-0.2695,-0.9570,9.2305,-0.0830,0.0939,40.74,0.00,0.00,1
21.733,-0.0820,0.0674,-0.0664,-0.0799,-0.1211,0.1017,-5.45,1.15,-1.1094,-0.9961,7.8516,-0.9244,-0.0239,40.74,0.00,0.00,1
21.751,-0.0430,-0.1514,0.1328,-0.0658,0.7227,-0.1875,-5.46,1.14,-0.2305,-0.7656,10.0742,-0.0477,-0.1367,40.74,0.00,0.00,1
21.772,-0.1172,-0.1266,-0.1758,-0.0341,-0.1211,0.0031,-5.48,1.17,-0.3047,-1.0742,9.2305,-0.1176,-0.1270,40.74,0.00,0.00,1
21.784,0.1094,-0.1064,-0.2109,-0.0683,0.1094,-0.0059,-5.47,1.16,-0.0781,-1.1094,9.4609,0.1085,-0.0748,40.74,0.00,0.00,1
21.803,0.3789,-0.0236,0.0937,-0.0844,0.4180,0.0514,-5.47,1.16,0.1914,-0.8047,9.7656,0.3775,0.0370,40.74,0.00,0.00,1
21.826,0.5312,0.1780,0.2070,0.0179,0.6484,0.2611,-5.46,1.15,-0.5742,-0.9180,8.5781,-0.3897,0.1572,40.74,0.00,0.00,1
21.835,-0.3867,0.1588,-0.0195,0.0288,-0.7695,0.2071,-5.46,1.14,-0.5742,-0.9180,8.5781,-0.3914,0.0729,40.74,0.00,0.00,1
21.856,0.2187,0.0659,-0.0195,0.0123,0.5312,0.0740,-5.46,1.12,-0.1523,-1.4180,9.3477,0.0278,0.0725,40.74,0.00,0.00,1
21.874,0.0352,0.0686,-0.5195,-0.1074,-0.0039,0.0852,-5.45,1.14,-0.8828,-0.6914,8.3164,-0.7005,0.0018,40.74,0.00,0.00,1
21.886,-0.6953,-0.0510,0.2070,-0.0870,-1.0391,-0.0935,-5.45,1.14,-0.4961,-0.6523,9.2305,-0.3127,-0.1224,40.74,0.00,0.00,1
21.904,-0.3086,-0.1482,0.2383,0.0033,-0.1211,-0.1585,-5.44,1.16,-0.3828,-1.0352,8.6953,-0.1973,-0.1669,40.74,0.00,0.00,1
21.923,0.5703,-0.1095,0.1250,-0.0036,1.0664,-0.1597,-5.43,1.14,0.3828,-0.7656,10.4180,0.5661,-0.0081,40.74,0.00,0.00,1
21.942,0.4180,0.0711,-0.2578,0.0023,0.3008,0.1268,-5.44,1.14,0.2305,-1.1484,9.6484,0.4127,0.1211,40.74,0.00,0.00,1
21.954,0.4922,0.1538,-0.2187,-0.0522,0.6484,0.1931,-5.43,1.14,0.3047,-1.1094,10.0039,0.4880,0.2022,40.74,0.00,0.00,1
21.973,-0.0039,0.2101,0.3945,-0.0504,-0.1562,0.2579,-5.43,1.14,-0.1914,-0.4961,9.1992,-0.0086,0.1733,40.74,0.00,0.00,1
21.995,-0.0039,0.1259,0.5078,0.1569,0.1484,0.1813,-5.43,1.16,-1.3398,-0.9570,7.6992,-1.1544,0.0104,40.74,0.00,0.00,1
22.005,-1.1523,0.0141,-0.0664,0.1649,-1.6523,0.0322,-5.43,1.16,-1.3398,-0.9570,7.6992,-1.1528,-0.1682,40.74,0.00,0.00,1
22.026,0.1484,-0.1838,0.0078,0.0974,0.5703,-0.2007,-5.44,1.17,-0.3437,-1.3008,9.3086,-0.1562,-0.1594,40.74,0.00,0.00,1
22.043,-0.1562,-0.1570,-0.4102,-0.0205,-0.0430,-0.1178,-5.42,1.17,0.0391,-1.4180,9.5430,0.2266,-0.1282,40.74,0.00,0.00,1
22.056,0.2266,-0.0980,-0.5273,-0.1247,0.1875,-0.0658,-5.42,1.17,0.1133,-0.9961,9.8477,0.3008,-0.0437,40.74,0.00,0.00,1
22.073,0.3008,0.0104,-0.1055,-0.1455,0.4844,0.0717,-5.41,1.18,0.4219,-0.8047,9.9648,0.6111,0.0789,40.74,0.00,0.00,1
22.092,-0.4961,0.0738,0.0859,-0.0918,-0.8164,0.1013,-5.41,1.19,-0.6914,-0.8047,8.5430,-0.4995,0.0596,40.74,0.00,0.00,1
22.112,0.0039,-0.0479,0.3086,-0.0236,0.5625,-0.0487,-5.39,1.21,-0.1914,-0.5742,9.9219,0.0026,0.0119,40.74,0.00,0.00,1
22.124,0.0039,-0.0399,0.3086,0.0274,0.5625,0.0452,-5.38,1.21,-0.1133,-1.4180,9.0820,0.0812,0.0168,40.74,0.00,0.00,1
22.142,-0.7227,-0.0672,0.0703,-0.0676,-1.0469,-0.0790,-5.36,1.21,-0.9180,-0.8047,8.3164,-0.7240,-0.1394,40.74,0.00,0.00,1
22.166,-0.2656,-0.2205,-0.1602,-0.0560,-0.2422,-0.2854,-5.33,1.19,-0.3828,-1.2656,8.8437,-0.1921,-0.2039,40.74,0.00,0.00,1
22.175,-0.1875,-0.2211,-0.3906,-0.0904,-0.5117,-0.3003,-5.32,1.18,-0.3828,-1.2656,8.8437,-0.1932,-0.2022,40.74,0.00,0.00,1
22.192,0.4570,-0.1600,0.2930,-0.1209,0.7930,-0.2559,-5.30,1.17,0.2695,-0.5742,10.1523,0.4570,-0.0558,40.74,0.00,0.00,1
22.213,0.4258,0.0434,0.0625,-0.0308,0.8672,0.1181,-5.28,1.18,0.4219,-1.1875,10.0352,0.6115,0.1216,40.74,0.00,0.00,1
22.227,0.6172,0.1574,-0.3203,-0.0689,0.6758,0.2545,-5.26,1.18,-0.4961,-0.6523,8.8867,-0.3065,0.1566,40.74,0.00,0.00,1
22.244,-0.3008,0.0847,0.2148,-0.0218,-0.4727,0.1198,-5.24,1.17,-0.2305,-0.8438,9.5391,-0.0425,0.0463,40.74,0.00,0.00,1
22.264,-1.2305,-0.0615,-0.1680,-0.0124,-1.8516,-0.0663,-5.22,1.17,-1.4180,-1.0352,7.5117,-1.2300,-0.1613,40.74,0.00,0.00,1
22.277,-1.2305,-0.3202,-0.1758,-0.0480,-1.8516,-0.4614,-5.20,1.15,0.3828,-0.5352,10.5742,0.5675,-0.2545,40.74,0.00,0.00,1
22.294,0.5703,-0.1798,0.3242,0.0264,1.2148,-0.1771,-5.19,1.14,-0.1133,-0.9180,9.4648,0.0688,-0.0617,40.74,0.00,0.00,1
22.312,-0.1094,-0.0795,0.1250,0.0341,-0.0898,-0.0336,-5.17,1.15,-0.3047,-0.7266,9.2695,-0.1200,-0.0591,40.74,0.00,0.00,1
22.336,-0.0352,-0.0783,0.1602,0.0705,-0.3555,-0.0936,-5.16,1.15,0.4961,-0.6523,10.4141,0.6808,-0.0005,40.74,0.00,0.00,1
22.345,0.6914,-0.0135,0.1992,0.0874,1.0586,-0.0207,-5.15,1.16,0.4961,-0.6523,10.4141,0.6819,0.1043,40.74,0.00,0.00,1
22.363,-0.3789,0.1008,0.0469,0.1069,-1.0859,0.1139,-5.14,1.14,-0.5742,-0.8047,8.2773,-0.3922,0.0306,40.74,0.00,0.00,1
22.383,0.3086,0.0894,0.1602,0.1115,0.5625,0.0696,-5.13,1.13,-0.8438,-0.9961,8.5820,-0.6628,0.0440,40.74,0.00,0.00,1
22.403,-0.3398,-0.0842,0.3477,0.0795,-0.7031,-0.1364,-5.12,1.14,-0.5352,-0.4961,8.6602,-0.3521,-0.1281,40.74,0.00,0.00,1
22.415,-0.3398,-0.1408,0.3477,0.1388,-0.7031,-0.2618,-5.12,1.16,-0.1523,-0.9180,9.4648,0.0334,-0.1465,40.74,0.00,0.00,1
22.434,0.0430,-0.1125,-0.0742,0.1047,0.1016,-0.2089,-5.12,1.16,0.4961,-0.8438,10.0039,0.6818,-0.0437,40.74,0.00,0.00,1
22.452,0.2734,0.0910,0.2305,0.0832,0.2539,0.0189,-5.11,1.13,0.0781,-0.6133,9.6094,0.2590,0.1101,40.74,0.00,0.00,1
22.464,0.2734,0.1190,0.2305,0.1058,0.2539,0.0550,-5.11,1.12,0.1523,-0.9180,9.8867,0.3316,0.1387,40.74,0.00,0.00,1
22.483,0.0352,0.1661,-0.0742,0.0619,0.2539,0.1777,-5.11,1.12,-0.1523,-0.9180,9.6094,0.0269,0.1365,40.74,0.00,0.00,1
22.503,-0.8008,0.0621,0.0391,0.0324,-1.1602,0.0862,-5.11,1.13,-0.9961,-0.8047,8.1992,-0.8141,-0.0807,40.74,0.00,0.00,1
22.515,-0.3008,-0.0889,0.0391,0.0338,-0.0898,-0.1040,-5.11,1.13,-0.4961,-0.8047,9.2695,-0.3141,-0.1323,40.74,0.00,0.00,1
22.532,-0.5703,-0.1705,-0.1914,0.0169,-0.9688,-0.1703,-5.11,1.14,-0.7656,-1.0352,8.3906,-0.5826,-0.2430,40.74,0.00,0.00,1
22.554,0.6094,-0.0457,0.4609,0.0902,0.9844,-0.0103,-5.10,1.12,0.1914,-0.9180,9.8437,0.3713,0.0267,40.74,0.00,0.00,1
22.566,0.3789,0.0364,-0.0820,0.1037,0.4844,0.1025,-5.10,1.11,0.1914,-0.9180,9.8437,0.3686,0.0792,40.74,0.00,0.00,1
22.586,0.7617,0.2120,-0.2812,0.0098,0.7539,0.2741,-5.09,1.12,-0.0781,-0.9180,9.1953,0.1012,0.2349,40.74,0.00,0.00,1
22.603,0.1094,0.2235,-0.0898,-0.0304,-0.1641,0.2070,-5.09,1.13,0.0000,-0.8438,9.8047,0.1815,0.2037,40.74,0.00,0.00,1
22.622,-1.0703,0.1077,-0.0156,-0.0296,-1.7344,0.0798,-5.08,1.14,-1.2656,-0.8438,7.6250,-1.0820,-0.0832,40.74,0.00,0.00,1
22.634,-1.0703,-0.0732,-0.0156,-0.0275,-1.7344,-0.1989,-5.08,1.13,0.0000,-0.5352,9.8477,0.1810,-0.1357,40.74,0.00,0.00,1
22.652,-0.3086,-0.0945,-0.1680,0.0272,-0.2812,-0.1544,-5.07,1.14,-0.4961,-0.9961,9.0820,-0.3130,-0.1365,40.74,0.00,0.00,1
22.672,-0.4258,-0.1646,-0.0156,-0.0159,-0.8164,-0.2332,-5.07,1.14,-0.6133,-0.8438,8.5430,-0.4297,-0.2123,40.74,0.00,0.00,1
22.685,0.1094,-0.1796,0.1016,-0.0065,0.3320,-0.2704,-5.06,1.14,-0.0781,-0.7266,9.6914,0.1038,-0.1422,40.74,0.00,0.00,1
22.703,0.5000,-0.0664,-0.2812,-0.0065,0.4492,-0.0901,-5.06,1.14,0.3047,-1.1094,9.8047,0.4877,0.0124,40.74,0.00,0.00,1
22.725,0.2266,0.0800,0.0234,-0.0282,0.2539,0.0668,-5.05,1.14,-0.0391,-0.6523,9.8867,0.1429,0.0885,40.74,0.00,0.00,1
22.736,0.1484,0.0963,0.1758,-0.0081,0.5234,0.1171,-5.05,1.14,-0.0391,-0.6523,9.8867,0.1445,0.0971,40.74,0.00,0.00,1
22.756,0.4648,0.1627,-0.4727,-0.0450,0.3711,0.2322,-5.04,1.16,-0.6523,-0.6133,8.7383,-0.4656,0.1280,40.74,0.00,0.00,1
22.774,-0.4570,0.0443,0.2148,-0.0141,-0.6250,0.0512,-5.02,1.15,-0.4961,-0.8438,9.0820,-0.3109,-0.0280,40.74,0.00,0.00,1
22.792,-0.8477,-0.1260,-0.1758,-0.0158,-1.1992,-0.1553,-5.01,1.14,-1.0352,-0.9961,8.1602,-0.8522,-0.2441,40.74,0.00,0.00,1
22.804,-0.8477,-0.2369,-0.1758,-0.0404,-1.1992,-0.3157,-5.00,1.12,0.3437,-0.6914,10.1523,0.5230,-0.2278,40.74,0.00,0.00,1
22.823,0.0742,-0.0906,0.1992,0.0039,0.7148,-0.0581,-4.99,1.11,-0.1133,-0.6133,10.0742,0.0638,-0.0734,40.74,0.00,0.00,1
22.842,0.3789,-0.0195,-0.2969,0.0196,-0.1641,0.0908,-4.98,1.12,0.1914,-1.1094,9.1953,0.3717,0.0337,40.74,0.00,0.00,1
22.855,0.0352,0.0412,0.0859,-0.0198,0.2187,0.0650,-4.97,1.13,-0.1523,-0.7266,9.5820,0.0295,0.0327,40.74,0.00,0.00,1
22.873,0.5703,0.0819,-0.1055,0.0009,0.6406,0.1512,-4.96,1.14,0.3828,-0.9180,10.0039,0.5652,0.1500,40.74,0.00,0.00,1
22.894,-0.4648,0.0894,0.1914,0.0103,-0.8164,0.0942,-4.94,1.12,-0.1523,-0.2305,9.5781,0.0268,0.0371,40.74,0.00,0.00,1
22.906,0.0352,0.0443,0.5742,0.0687,0.2187,0.0372,-4.94,1.11,-0.1523,-0.2305,9.5781,0.0257,0.0354,40.74,0.00,0.00,1
22.926,-0.6172,-0.0590,-0.0391,0.1468,-0.7422,-0.0485,-4.93,1.11,-0.4219,-0.6914,8.8867,-0.2443,-0.1226,40.74,0.00,0.00,1
22.944,-0.2344,-0.1326,0.1133,0.1278,-0.4727,-0.1856,-4.93,1.12,-0.0781,-0.8047,9.6523,0.1020,-0.1291,40.74,0.00,0.00,1
22.957,0.1094,-0.1023,0.0000,0.1072,0.2930,-0.1315,-4.93,1.13,0.5742,-0.7266,10.2266,0.7554,-0.0255,40.74,0.00,0.00,1
22.975,0.7617,0.1021,0.0781,0.0941,0.8672,0.1159,-4.93,1.13,-0.8828,-0.6914,8.1992,-0.7016,0.0795,40.74,0.00,0.00,1
22.993,0.0273,-0.0284,0.1523,0.1017,0.3711,-0.0804,-4.94,1.10,-0.1523,-0.6523,9.7305,0.0241,-0.0264,40.74,0.00,0.00,1
23.013,-0.4648,-0.0520,-0.0781,0.0977,-0.5117,-0.0230,-4.94,1.10,-0.6523,-0.8828,8.8477,-0.4769,-0.1232,40.74,0.00,0.00,1
23.025,-0.4648,-0.1154,-0.0781,0.0707,-0.5117,-0.0981,-4.95,1.10,-0.7266,-0.4961,8.5820,-0.5500,-0.1833,40.74,0.00,0.00,1
23.042,-0.0430,-0.2159,0.3164,0.1318,0.2930,-0.2288,-4.96,1.12,-0.2305,-0.4961,9.6523,-0.0518,-0.1979,40.74,0.00,0.00,1
23.066,0.1094,-0.1335,0.0078,0.1474,-0.0898,-0.1097,-4.98,1.11,0.2695,-0.4961,9.9648,0.4472,-0.0772,40.74,0.00,0.00,1
23.076,0.4492,-0.0690,0.3164,0.1506,0.6016,-0.0513,-4.98,1.09,0.2695,-0.4961,9.9648,0.4434,0.0027,40.74,0.00,0.00,1
23.093,0.2930,0.0654,-0.0625,0.1673,0.7930,0.1491,-5.01,1.07,0.1133,-0.8828,10.1484,0.2839,0.0924,40.74,0.00,0.00,1
23.114,0.7148,0.2364,-0.4453,0.0042,0.6016,0.3263,-5.03,1.09,-0.6133,-0.6523,8.7383,-0.4394,0.2104,40.74,0.00,0.00,1
23.132,-0.2812,0.1301,-0.0547,-0.0042,-0.2812,0.1604,-5.03,1.10,-0.4609,-0.8828,9.0820,-0.2855,0.0500,40.74,0.00,0.00,1
23.144,-0.2812,0.0669,-0.0547,-0.0120,-0.2812,0.0926,-5.06,1.11,-1.3008,-0.9961,7.6602,-1.1231,-0.0684,40.74,0.00,0.00,1
23.164,-1.1211,-0.2177,-0.1758,-0.0509,-1.6992,-0.3273,-5.07,1.09,0.0391,-0.5352,10.2656,0.2135,-0.2610,40.74,0.00,0.00,1
23.183,0.2578,-0.1426,0.0625,0.0194,0.4492,-0.0926,-5.09,1.09,0.0781,-0.7656,9.8086,0.2532,-0.0901,40.74,0.00,0.00,1
23.195,0.2578,-0.0811,0.0625,0.0261,0.4492,-0.0094,-5.09,1.10,-0.2695,-0.8438,9.0820,-0.0929,-0.0649,40.74,0.00,0.00,1
23.212,0.2187,-0.0394,0.0625,0.0226,0.1797,-0.0233,-5.11,1.10,0.0391,-0.7656,9.5391,0.2146,-0.0061,40.74,0.00,0.00,1
23.232,0.3320,0.0428,-0.0078,0.0283,0.5234,0.0617,-5.13,1.10,0.1523,-0.8438,9.8867,0.3285,0.0816,40.74,0.00,0.00,1
23.246,-0.2031,0.0640,0.2227,0.0387,-0.4336,0.0874,-5.14,1.11,-0.3828,-0.6133,8.9219,-0.2051,0.0180,40.74,0.00,0.00,1
23.263,0.1797,0.0189,0.1094,0.0818,0.5234,0.0162,-5.16,1.11,0.0000,-0.7266,9.8867,0.1782,0.0393,40.74,0.00,0.00,1
23.283,0.1484,0.0668,-0.3906,-0.0194,-0.0898,0.0534,-5.18,1.13,-0.9570,-0.7266,8.3516,-0.7756,0.0007,40.74,0.00,0.00,1
23.297,-0.7695,0.0059,0.1172,-0.0358,-1.0078,-0.0421,-5.19,1.14,-0.9570,-0.7266,8.3516,-0.7745,-0.1183,40.74,0.00,0.00,1
23.317,-0.3008,-0.1865,-0.1133,-0.0191,-0.1289,-0.2363,-5.21,1.12,-0.5742,-1.1484,8.8125,-0.3943,-0.2184,40.74,0.00,0.00,1
23.333,-0.3867,-0.2379,-0.2969,-0.0864,-0.5469,-0.2983,-5.22,1.09,0.4219,-0.5742,10.4531,0.5970,-0.1896,40.74,0.00,0.00,1
23.353,0.1484,-0.0430,0.0859,-0.0106,0.4180,0.0305,-5.24,1.08,-0.0391,-0.7656,9.7695,0.1328,-0.0243,40.74,0.00,0.00,1
23.365,0.1484,-0.0136,0.0859,0.0042,0.4180,0.0901,-5.25,1.09,0.1523,-1.1484,9.3828,0.3264,0.0155,40.74,0.00,0.00,1
23.382,-0.1562,0.0562,0.3555,-0.0243,-0.3125,0.0655,-5.27,1.10,-0.3437,-0.4961,9.0430,-0.1680,0.0122,40.74,0.00,0.00,1
23.403,0.2266,0.0266,0.0547,0.0593,0.3008,0.0073,-5.29,1.12,0.0391,-0.8047,9.6523,0.2179,0.0463,40.74,0.00,0.00,1
23.416,-0.8086,-0.0120,0.0547,0.0583,-1.2695,-0.0533,-5.30,1.12,-0.9961,-0.8047,8.0781,-0.8167,-0.1447,40.74,0.00,0.00,1
23.434,0.2266,-0.1551,0.1406,0.0642,0.6836,-0.2420,-5.32,1.11,0.0391,-0.7266,10.0312,0.2163,-0.1069,40.74,0.00,0.00,1
23.455,-0.5391,-0.1944,-0.0898,0.0392,-0.4648,-0.1806,-5.34,1.10,-0.4961,-0.8047,8.9609,-0.3193,-0.2396,40.74,0.00,0.00,1
23.467,-0.3086,-0.2289,0.0625,0.0316,-0.3867,-0.2180,-5.36,1.11,-0.4961,-0.8047,8.9609,-0.3182,-0.2517,40.74,0.00,0.00,1
23.485,0.1875,-0.1799,-0.0078,0.0313,0.3008,-0.1699,-5.38,1.12,0.3828,-0.8828,9.8047,0.5623,-0.1026,40.74,0.00,0.00,1
23.505,0.5781,0.0108,-0.0078,0.0202,0.4570,-0.0019,-5.40,1.13,0.0000,-0.8047,9.4609,0.1816,0.0558,40.74,0.00,0.00,1
23.523,0.1562,0.0909,-0.0742,0.0213,0.3086,0.0735,-5.42,1.14,-0.0391,-0.9570,9.6484,0.1441,0.0899,40.74,0.00,0.00,1
23.535,0.1562,0.1009,-0.0742,0.0066,0.3086,0.1096,-5.43,1.15,-0.0391,-1.5313,9.6875,0.1447,0.0983,40.74,0.00,0.00,1
23.553,-0.3789,0.0770,-0.1914,-0.1472,-0.5703,0.1151,-5.44,1.15,-0.5742,-1.0742,8.7773,-0.3894,-0.0040,40.74,0.00,0.00,1
23.572,-0.1875,-0.0370,-0.1133,-0.1535,0.0781,-0.0274,-5.45,1.13,-0.3828,-0.9961,9.4219,-0.2011,-0.0717,40.74,0.00,0.00,1
23.586,-0.6875,-0.1103,-0.4180,-0.1690,-1.0313,-0.0928,-5.45,1.13,-0.8828,-1.3008,8.3164,-0.7011,-0.2110,40.74,0.00,0.00,1
23.603,0.5391,-0.2090,-0.0352,-0.2232,0.8828,-0.2596,-5.44,1.13,0.3437,-0.9180,10.2305,0.5249,-0.1065,40.74,0.00,0.00,1
23.625,0.0898,-0.0229,-0.3047,-0.2005,0.0430,0.0009,-5.44,1.16,0.5742,-1.3398,10.0703,0.7608,0.0357,40.74,0.00,0.00,1
23.637,0.7773,0.0494,-0.4570,-0.2287,0.7383,0.0630,-5.43,1.16,0.5742,-1.3398,10.0703,0.7613,0.1472,40.74,0.00,0.00,1
23.656,-0.0273,0.1740,-0.1523,-0.2597,-0.1484,0.1570,-5.41,1.16,0.0781,-1.0352,9.7305,0.2646,0.1529,40.74,0.00,0.00,1
23.674,0.2812,0.1852,-0.1602,-0.2310,0.3867,0.1888,-5.39,1.15,-1.2266,-1.2266,7.9297,-1.0417,0.0799,40.74,0.00,0.00,1
23.693,0.1172,-0.0608,-0.2734,-0.2549,0.4258,-0.1073,-5.36,1.14,-0.0781,-1.1484,9.7695,0.1041,-0.0489,40.74,0.00,0.00,1
23.705,0.1172,-0.0335,-0.2734,-0.2577,0.4258,-0.0254,-5.35,1.13,-0.2695,-1.0742,9.6133,-0.0884,-0.0409,40.74,0.00,0.00,1
23.724,-0.4883,-0.0679,-0.0234,-0.2296,-1.0313,-0.0199,-5.31,1.16,-0.6914,-0.8828,8.3164,-0.5055,-0.1492,40.74,0.00,0.00,1
23.743,-0.1016,-0.1562,0.1328,-0.1586,0.0039,-0.2239,-5.28,1.16,-0.3047,-0.7266,9.3437,-0.1188,-0.1646,40.74,0.00,0.00,1
23.756,0.2422,-0.1203,-0.2148,-0.1417,0.0781,-0.1830,-5.28,1.16,0.0391,-1.0742,9.4258,0.2249,-0.1048,40.74,0.00,0.00,1
23.773,0.5391,0.0270,0.0078,-0.1504,0.6172,-0.0509,-5.22,1.15,0.3437,-0.8438,9.9648,0.5274,0.0748,40.74,0.00,0.00,1
23.796,0.3867,0.1782,0.1250,-0.0785,0.8828,0.2177,-5.19,1.14,0.2305,-1.2656,9.6914,0.4125,0.1888,40.74,0.00,0.00,1
23.807,0.4336,0.2140,-0.4141,-0.0903,0.3477,0.2770,-5.17,1.14,0.2305,-1.2656,9.6914,0.4136,0.2233,40.74,0.00,0.00,1
23.826,-0.3320,0.1712,0.3086,-0.0897,-0.5312,0.1661,-5.12,1.15,-0.3437,-0.7656,9.3828,-0.1590,0.0870,40.74,0.00,0.00,1
23.844,-0.1406,0.0709,0.0703,-0.0295,0.0430,0.0954,-5.09,1.18,-1.1484,-1.0352,7.5508,-0.9584,-0.0460,40.74,0.00,0.00,1
23.862,0.2031,-0.1376,0.0625,-0.0510,0.6172,-0.2511,-5.06,1.18,0.0000,-0.7656,9.9609,0.1895,-0.1028,40.74,0.00,0.00,1
23.876,0.2031,-0.0622,0.0625,-0.0258,0.6172,-0.0590,-5.04,1.20,-0.1914,-0.7656,9.5430,0.0018,-0.0526,40.74,0.00,0.00,1
23.893,0.0117,-0.0293,0.0547,-0.0025,0.1953,0.0394,-4.99,1.19,-0.1133,-0.8828,9.1953,0.0789,-0.0311,40.74,0.00,0.00,1
23.912,0.1641,0.0128,0.2383,0.0078,0.3867,0.0379,-4.95,1.18,-0.0391,-0.5742,9.7266,0.1509,0.0224,40.74,0.00,0.00,1
23.926,0.1641,0.0360,0.2383,0.0432,0.3867,0.0915,-4.94,1.18,0.3828,-0.6523,10.1094,0.5727,0.0759,40.74,0.00,0.00,1
23.943,-0.7539,0.0921,-0.0391,0.0700,-1.4141,0.1260,-4.90,1.18,-0.9570,-0.8438,7.9297,-0.7666,-0.0510,40.74,0.00,0.00,1
23.966,0.0898,-0.0667,0.1055,0.0550,0.3867,-0.1224,-4.87,1.19,-0.6523,-0.8438,8.9219,-0.4604,-0.0986,40.74,0.00,0.00,1
23.977,-0.4492,-0.0858,-0.0469,0.0506,-0.4258,-0.1092,-4.85,1.19,-0.6523,-0.8438,8.9219,-0.4604,-0.1542,40.74,0.00,0.00,1
23.994,-0.1016,-0.1610,0.0625,0.0317,-0.4258,-0.1990,-4.82,1.20,-0.3047,-0.7266,8.9258,-0.1117,-0.1638,40.74,0.00,0.00,1
24.014,0.1250,-0.0906,-0.0156,0.0249,0.3398,-0.1069,-4.79,1.18,0.2695,-0.7266,9.7656,0.4599,-0.0416,40.74,0.00,0.00,1
24.035,0.2031,0.0599,0.1289,0.0370,0.1875,0.0491,-4.76,1.18,0.0000,-0.6523,9.5430,0.1903,0.0698,40.74,0.00,0.00,1
24.045,0.2031,0.0916,0.1289,0.0573,0.1875,0.0798,-4.75,1.17,0.0781,-0.5352,9.8477,0.2663,0.1022,40.74,0.00,0.00,1
24.064,0.2812,0.1405,0.2383,0.1018,0.4922,0.1777,-4.71,1.19,0.3437,-1.0352,10.0742,0.5346,0.1706,40.74,0.00,0.00,1
24.083,-0.5234,0.1782,0.0820,0.0340,-0.7344,0.2337,-4.69,1.21,-0.7266,-0.6914,8.6172,-0.5326,0.0586,40.74,0.00,0.00,1
24.096,-0.5234,0.0704,0.0820,0.0414,-0.7344,0.0850,-4.68,1.20,-0.3047,-0.7266,9.5391,-0.1118,0.0014,40.74,0.00,0.00,1
24.113,-0.8320,-0.0708,-0.1172,0.0306,-1.3438,-0.0554,-4.65,1.19,-1.0352,-0.8828,8.0078,-0.8433,-0.1990,40.74,0.00,0.00,1
24.133,0.3164,-0.1948,0.1836,0.0127,0.4922,-0.2739,-4.61,1.17,0.1133,-0.5742,9.8437,0.3009,-0.1286,40.74,0.00,0.00,1
24.147,-0.0742,-0.1476,0.1055,0.0327,0.1875,-0.1806,-4.61,1.17,-0.2695,-0.6523,9.5430,-0.0820,-0.1214,40.74,0.00,0.00,1
24.165,0.3555,-0.0924,-0.0156,0.0437,0.1484,-0.0793,-4.57,1.17,0.1523,-0.7656,9.5000,0.3404,-0.0168,40.74,0.00,0.00,1
24.184,0.2422,0.0352,0.0586,0.0399,0.4180,0.0580,-4.55,1.18,0.2695,-0.6133,9.7656,0.4592,0.0851,40.74,0.00,0.00,1
24.204,0.4727,0.1449,0.1289,0.0607,0.4180,0.1601,-4.52,1.19,-0.8047,-0.8828,8.1172,-0.6129,0.1060,40.74,0.00,0.00,1
24.215,-0.6016,0.0525,-0.1406,0.0344,-1.2305,-0.0361,-4.50,1.18,-0.0781,-0.4961,10.1484,0.1115,0.0045,40.74,0.00,0.00,1
24.235,0.1250,0.0278,0.2383,0.0686,0.8008,0.0747,-4.48,1.19,0.0000,-1.0742,9.1992,0.1907,0.0415,40.74,0.00,0.00,1
24.253,-0.6406,0.0156,0.1914,0.0050,-0.7344,0.0046,-4.45,1.20,-0.8438,-0.5352,8.6211,-0.6515,-0.0938,40.74,0.00,0.00,1
24.266,-0.6406,-0.0852,0.1914,0.0336,-0.7344,-0.1089,-4.43,1.19,-0.2695,-0.7656,9.4609,-0.0789,-0.1338,40.74,0.00,0.00,1
24.284,-0.4102,-0.1392,-0.1914,0.0099,-1.1914,-0.1869,-4.41,1.19,-0.6133,-0.9180,8.1602,-0.4221,-0.1910,40.74,0.00,0.00,1
24.304,0.9609,-0.1064,0.2227,-0.0141,1.5273,-0.2543,-4.37,1.18,0.7656,-0.4961,10.8789,0.9552,0.0484,40.74,0.00,0.00,1
24.317,0.3945,0.0123,-0.1250,-0.0055,0.2617,-0.0819,-4.37,1.18,0.1914,-0.8438,9.6133,0.3810,0.0995,40.74,0.00,0.00,1
24.335,0.6641,0.1422,-0.0937,-0.0369,0.9141,0.0678,-4.34,1.20,0.4609,-0.8047,10.2695,0.6542,0.2398,40.74,0.00,0.00,1
24.355,0.0508,0.2259,0.1680,-0.0161,-0.1211,0.1973,-4.30,1.21,-0.2305,-0.7266,9.2266,-0.0362,0.2013,40.74,0.00,0.00,1
24.374,-0.0273,0.1590,-0.0234,-0.0063,-0.1211,0.1070,-4.28,1.20,-0.5352,-0.5742,8.6562,-0.3420,0.1096,40.74,0.00,0.00,1
24.386,-0.3398,0.0697,0.1211,0.0121,-0.7031,-0.0329,-4.26,1.18,-0.1523,-0.4609,9.5039,0.0365,0.0393,40.74,0.00,0.00,1
24.404,0.0508,0.0400,0.2344,0.0681,0.1406,-0.0362,-4.23,1.18,0.9961,-0.9961,10.4922,1.1855,0.1307,40.74,0.00,0.00,1
24.423,-0.1016,0.2653,0.3437,0.0246,-0.1641,0.2025,-4.20,1.19,-0.3047,-0.3437,9.1992,-0.1137,0.2028,40.74,0.00,0.00,1
24.436,-0.1016,0.2090,0.3437,0.0736,-0.1641,0.1462,-4.19,1.18,-0.2305,-0.6523,8.8437,-0.0406,0.1599,40.74,0.00,0.00,1
24.453,-0.0352,0.1219,0.0664,0.0807,-0.7422,-0.0766,-4.16,1.16,-0.2305,-0.6133,8.6172,-0.0443,0.0911,40.74,0.00,0.00,1
24.473,0.0742,0.0861,0.2578,0.0919,0.2539,-0.1857,-4.14,1.13,-0.1133,-0.4219,9.6133,0.0680,0.0778,40.74,0.00,0.00,1
24.487,1.6055,0.2060,-0.2773,0.0858,1.0234,-0.0268,-4.12,1.13,1.4180,-0.9570,10.3867,1.5993,0.4145,40.74,0.00,0.00,1
24.504,0.9531,0.6309,0.3281,0.0105,1.4805,0.3678,-4.10,1.12,0.7656,-0.3437,10.8398,0.9448,0.6738,40.74,0.00,0.00,1
24.527,-1.0469,0.4336,-0.0195,0.0654,-2.3867,0.1531,-4.08,1.13,0.4219,0.1133,10.4570,0.6037,0.3341,40.74,0.00,0.00,1
24.544,0.6016,0.3785,0.7773,0.2176,1.0977,0.2039,-4.06,1.11,-0.1523,-0.9961,8.8477,0.0252,0.3638,40.74,0.00,0.00,1
24.556,0.0273,0.3397,-0.3320,0.1711,-0.5117,0.1545,-4.04,1.10,-0.3828,-0.4609,9.0039,-0.2069,0.2701,40.74,0.00,0.00,1
24.574,-0.2031,0.2001,0.2031,0.1469,-0.3555,0.0002,-4.03,1.09,-0.8438,-0.8047,7.8945,-0.6694,0.0974,40.74,0.00,0.00,1
24.593,1.4375,0.0984,-0.1484,0.0663,1.8281,-0.1731,-4.01,1.06,1.2656,-0.8047,11.1914,1.4346,0.3016,40.74,0.00,0.00,1
24.606,1.4375,0.3041,-0.1484,0.0333,1.8281,0.1343,-4.01,1.07,0.3437,-0.6133,9.9219,0.5138,0.4020,40.74,0.00,0.00,1
24.624,-0.2500,0.3603,-0.3789,-0.0096,-0.6641,0.2365,-4.00,1.08,-0.4219,-1.0352,8.6992,-0.2497,0.3167,40.74,0.00,0.00,1
24.643,-0.6641,0.1541,0.2344,-0.0653,-1.2383,-0.0649,-3.99,1.10,-0.8438,-0.4219,8.1172,-0.6673,0.0638,40.74,0.00,0.00,1
24.657,-0.6641,0.0284,0.2344,-0.0192,-1.2383,-0.2451,-3.97,1.09,0.9961,-0.8828,10.6914,1.1698,0.0983,40.74,0.00,0.00,1
24.675,1.0898,0.3057,0.0352,-0.0426,0.6016,0.0860,-3.98,1.11,0.9180,-0.6133,9.9648,1.0960,0.4473,40.74,0.00,0.00,1
24.693,0.2852,0.4637,-0.2344,-0.0421,-0.4805,0.1457,-3.96,1.11,0.1133,-0.8828,8.8867,0.2914,0.4531,40.74,0.00,0.00,1
24.715,-0.7461,0.1746,-0.0039,-0.0566,-1.8594,-0.3730,-3.95,1.10,1.7617,-0.4961,11.4922,1.9377,0.2606,40.74,0.00,0.00,1
24.728,1.9336,0.3824,0.1523,-0.0210,2.1250,-0.0899,-3.95,1.11,1.4180,-0.8047,9.3086,1.5950,0.6045,40.74,0.00,0.00,1
24.745,1.5898,0.7463,-0.1562,-0.0401,-0.0586,0.0550,-3.95,1.12,0.6914,-0.5352,9.2695,0.8712,0.8282,40.74,0.00,0.00,1
24.765,-0.6016,0.7090,-0.0781,-0.0186,-3.5430,-0.2704,-3.94,1.12,-0.7656,-0.7266,5.8242,-0.5864,0.5200,40.74,0.00,0.00,1
24.776,-0.6094,0.4178,-0.0781,-0.0318,-3.5352,-0.9935,-3.94,1.08,2.9102,0.0391,11.9180,3.0835,0.5679,40.74,0.00,0.00,1
24.794,3.0664,0.9400,0.6875,0.1245,2.5547,-0.3666,-3.94,1.07,2.0703,-1.3398,10.4922,2.2410,1.2136,40.74,0.00,0.00,1
24.813,1.2578,1.3492,0.1367,-0.0099,-0.1641,0.1231,-3.93,1.04,1.1094,-0.4961,9.1992,1.2753,1.3498,40.74,0.00,0.00,1
24.827,1.2578,1.3352,0.1445,0.0132,-0.1641,0.0790,-3.92,1.04,1.1094,-0.4961,9.1992,1.2758,1.3384,40.74,0.00,0.00,1
24.844,2.5078,1.4088,-0.0937,0.0389,1.2891,0.1124,-3.91,0.97,2.3750,-0.7266,10.6523,2.5291,1.3476,40.74,0.00,0.00,1
24.863,1.4961,1.6396,-0.1250,-0.0012,0.5234,0.3849,-3.91,0.91,1.3789,-0.7656,9.8828,1.5218,1.4596,40.74,0.00,0.00,1
24.884,0.8086,1.4385,-0.4023,-0.1048,-0.2031,0.2713,-3.90,0.89,1.1484,-0.8438,8.5000,1.2881,1.2821,40.74,0.00,0.00,1
24.895,1.2578,1.3777,-0.2109,-0.1352,-0.8555,0.1462,-3.90,0.90,1.1484,-0.8438,8.5000,1.2898,1.2833,40.74,0.00,0.00,1
24.914,2.1406,1.5391,-0.1719,-0.1480,1.0977,0.2944,-3.89,0.86,1.1875,-0.8828,9.2656,1.3219,1.4669,40.74,0.00,0.00,1
24.934,1.2734,1.5177,-0.2500,-0.1721,-0.0898,0.2594,-3.87,0.79,1.8008,-0.4961,10.5352,1.9245,1.4723,40.74,0.00,0.00,1
24.946,1.8789,1.5567,0.1367,-0.1299,1.1758,0.3765,-3.86,0.78,2.4141,-0.6133,11.5352,2.5346,1.6208,40.74,0.00,0.00,1
24.964,2.4922,1.7838,0.0195,-0.0802,2.1719,0.8236,-3.86,0.81,-0.6523,0.4609,5.9375,-0.5264,1.6356,40.74,0.00,0.00,1
24.983,1.7266,1.3397,0.2422,0.1903,2.0469,0.1328,-3.86,0.80,1.6484,-0.3828,11.4180,1.7739,1.4075,40.74,0.00,0.00,1
24.997,1.7266,1.3991,0.2422,0.1983,2.0469,0.4268,-3.86,0.80,0.9180,-0.6914,7.9687,1.0424,1.4052,40.74,0.03,0.03,1
25.014,0.1758,1.2364,0.0586,0.1373,0.0937,0.1214,-3.86,0.79,0.1133,-0.5742,9.4609,0.2360,1.1034,40.74,0.03,0.03,1
25.034,0.7539,0.9818,-0.3633,0.0812,-0.7852,0.0432,-3.86,0.85,0.6914,-0.9961,8.5781,0.8238,0.9870,40.74,0.03,0.03,1
25.054,0.1016,0.7598,-0.0586,-0.0029,-1.9375,-0.4942,-3.85,0.79,1.6836,-0.7266,11.7969,1.8069,0.8388,40.74,0.03,0.03,1
25.066,1.7305,0.7890,-0.0937,-0.0142,2.4297,-0.3665,-3.85,0.78,1.6836,-0.7266,11.7969,1.8048,0.9871,40.74,0.03,12.13,1
25.085,1.5703,1.1152,-0.2187,-0.0810,-0.9023,-0.2108,-3.84,0.75,2.3359,-0.6133,12.6055,2.4523,1.3125,40.74,0.03,12.13,1
25.105,2.3750,1.4223,0.0117,-0.0691,3.2344,0.5086,-3.83,0.79,-0.4219,-1.0742,6.8906,-0.2985,1.4161,40.74,11.46,12.13,1
25.116,-0.3828,1.2096,-0.4492,-0.1220,-2.4727,0.2352,-3.83,0.80,0.9961,-0.4609,9.1211,1.1206,1.1503,40.74,11.46,12.13,1
25.135,1.0273,1.0701,0.1562,-0.0808,-0.2500,-0.0408,-3.80,0.73,1.5313,-1.5313,10.8008,1.6439,1.1822,40.74,11.46,12.13,1
25.153,0.4375,1.1141,-0.3867,-0.2613,-1.7422,0.1113,-3.78,0.71,0.4219,-0.9961,7.6250,0.5314,1.0937,40.74,11.46,13.84,1
25.167,0.4375,1.0102,-0.3867,-0.2806,-1.7422,-0.1734,-3.76,0.71,1.8398,-0.5742,10.4961,1.9494,1.1208,40.74,13.77,13.84,1
25.184,1.8086,1.2133,-1.0391,-0.2831,1.6211,0.1454,-3.74,0.73,1.8008,-1.6484,10.9922,1.9136,1.3956,40.74,13.77,13.84,1
25.204,0.2617,1.2584,1.0703,-0.3287,-2.3281,0.2480,-3.71,0.69,0.2695,0.4609,7.0469,0.3759,1.2027,40.74,13.77,13.84,1
25.218,1.2578,1.1850,-0.8906,-0.2707,-0.2578,0.0179,-3.71,0.69,1.2656,-1.4922,9.1211,1.3720,1.2287,40.74,15.64,15.25,1
25.235,2.9258,1.3391,0.7070,-0.3187,1.9258,0.1144,-3.64,0.62,2.9492,0.1133,11.3008,3.0433,1.6385,40.74,15.64,15.25,1
25.256,0.4961,1.5068,-0.5625,-0.1640,-2.5547,0.0437,-3.59,0.57,1.5313,-0.2695,10.7266,1.6168,1.5102,40.74,15.64,15.25,1
25.274,1.5000,1.4423,0.3164,-0.0825,1.3516,0.1713,-3.56,0.63,2.8359,-0.8438,8.3164,2.9321,1.6471,40.74,15.64,18.14,1
25.286,2.7969,1.6543,-0.2656,-0.0836,-1.0625,0.0617,-3.53,0.60,2.9492,-0.4219,11.0703,3.0401,1.9394,40.74,18.11,18.14,1
25.304,2.8945,2.0000,0.1562,-0.0419,1.6953,0.3532,-3.48,0.53,0.0000,-1.8008,7.2383,0.0785,2.0126,40.74,18.11,18.14,1
25.324,2.7109,1.6866,0.0273,-0.2686,0.1172,-0.0957,-3.41,0.41,2.7969,-0.5352,9.5039,2.8545,1.9672,40.74,18.11,20.02,1
25.337,2.7109,1.8439,0.0273,-0.2231,0.1172,-0.0630,-3.38,0.38,1.5703,-0.3828,9.5039,1.6232,2.0046,40.74,20.14,20.02,1
25.354,1.0078,1.7519,-0.4102,-0.1433,-2.4492,-0.2069,-3.33,0.36,1.1094,-0.9570,6.9336,1.1590,1.7719,40.74,20.14,20.02,1
25.373,2.3711,1.6500,2.4258,0.0079,-0.9180,-0.7203,-3.29,0.32,2.4883,1.8789,8.4609,2.5314,1.9020,40.74,22.85,23.21,1
25.388,2.3711,1.7607,2.4258,0.3793,-0.9180,-0.7507,-3.28,0.25,2.7187,-1.0352,9.7266,2.7490,2.0151,40.74,22.85,23.21,1
25.405,3.0937,2.0656,1.5352,0.4108,0.2305,-0.4582,-3.26,0.15,3.2578,0.9961,9.6133,3.2704,2.3792,40.74,22.85,25.22,1
25.426,3.8047,2.5253,-0.3867,0.4989,1.2969,-0.0596,-3.25,0.06,2.1836,0.4961,8.5781,2.1816,2.7407,40.74,24.50,25.22,1
25.444,1.9883,2.4862,1.0273,0.5607,-0.8086,-0.1409,-3.23,-0.00,2.8359,0.4219,10.4922,2.8231,2.6323,40.74,24.50,27.68,1
25.457,2.6250,2.4738,0.9531,0.6526,1.1133,0.0066,-3.24,-0.00,1.8008,-1.3789,8.1992,1.7884,2.5918,40.74,26.47,27.68,1
25.474,1.5820,2.2858,-0.8477,0.3393,-1.1836,-0.1879,-3.26,-0.02,1.8008,1.0742,8.5430,1.7846,2.3633,40.74,26.47,28.18,1
25.493,3.2148,2.1749,-0.8008,0.4394,-0.0742,-0.3686,-3.29,-0.06,3.4492,-1.3398,9.3047,3.4265,2.5299,40.74,28.82,28.18,1
25.507,3.2148,2.3347,-0.8008,0.2489,-0.0742,-0.3234,-3.31,-0.12,2.1445,0.4961,9.6133,2.1116,2.5617,40.74,28.82,31.56,1
25.524,1.8711,2.2869,1.0352,0.3575,0.2305,-0.1853,-3.34,-0.23,3.7148,-2.3359,11.7187,3.6636,2.5556,40.74,30.67,31.56,1
25.543,-0.7578,2.2514,0.5469,-0.0255,-2.4883,0.1684,-3.35,-0.25,-0.4609,0.0000,6.8906,-0.5155,2.0090,40.74,30.67,33.23,1
25.567,4.2070,1.9881,-0.4883,0.0106,1.2656,-0.1607,-3.37,-0.26,2.9883,-0.3047,10.8750,2.9314,2.4375,40.74,32.12,33.75,1
25.575,2.6680,2.2058,0.2422,-0.0076,1.4961,0.0768,-3.37,-0.25,2.9883,-0.3047,10.8750,2.9330,2.5136,40.74,34.21,33.75,1
25.597,3.9180,2.5554,-1.9414,-0.2578,1.2656,0.5253,-3.40,-0.29,1.6484,1.0742,8.0820,1.5871,2.8060,40.74,34.21,36.35,1
25.614,1.2969,2.3617,1.6211,0.0531,-1.3008,0.1673,-3.40,-0.41,2.5664,-3.4102,12.6797,2.4836,2.5291,40.74,34.83,38.41,1
25.628,2.1992,2.2647,-2.8633,-0.2887,3.2969,0.5486,-3.39,-0.42,-0.3437,0.1523,6.4375,-0.4271,2.2861,40.74,34.83,38.41,1
25.644,-0.7187,1.6003,0.6992,-0.2304,-2.9453,-0.0535,-3.36,-0.35,2.9492,-1.6484,10.5352,2.8765,1.7821,40.74,36.50,36.81,1
25.665,0.8047,1.6021,1.5039,-0.2158,-3.6367,-0.2603,-3.35,-0.34,1.1875,0.9570,5.7461,1.1165,1.7660,40.74,37.58,40.24,1
25.677,0.7812,1.4220,1.4883,0.1624,-3.6367,-1.0076,-3.32,-0.42,6.9336,-3.1406,15.1328,6.8486,2.0788,40.74,37.58,40.24,1
25.694,6.5117,2.5085,-2.6094,-0.3684,5.7656,0.3276,-3.30,-0.53,2.9102,1.7227,8.9609,2.8070,3.1054,40.74,40.25,40.29,1
25.713,2.2344,2.7071,-2.1484,-0.1069,2.0703,0.6269,-3.28,-0.52,2.6797,-2.6797,11.4531,2.5776,2.9515,40.74,39.28,43.50,1
25.728,2.2344,2.6345,-2.1484,-0.4205,2.0703,0.8486,-3.26,-0.48,-1.5703,0.6523,4.1328,-1.6648,2.5553,40.74,39.28,43.50,1
25.745,2.0000,1.6140,-0.5859,-0.2077,-1.2617,-0.4911,-3.22,-0.41,2.4531,-1.1094,8.1211,2.3704,2.0107,40.74,43.00,41.58,1
25.764,0.1055,1.5719,1.4336,-0.1534,-1.7891,-0.7519,-3.19,-0.44,0.5742,0.9180,7.5859,0.4872,1.6968,40.74,43.08,46.24,1
25.784,4.4102,2.0247,-0.0977,0.0487,-1.0625,-0.9447,-3.18,-0.60,5.2852,0.5352,15.0547,5.1693,2.7843,40.74,44.72,45.30,1
25.796,4.7539,2.4186,1.0430,0.1175,5.6797,-0.4234,-3.17,-0.69,5.2852,0.5352,15.0547,5.1554,3.1485,40.74,44.72,49.34,1
25.815,2.4883,2.6963,-1.1016,-0.1264,1.3125,0.7405,-3.17,-0.66,2.2617,0.7266,8.5820,2.1368,2.9901,40.74,43.83,49.34,1
25.835,1.7148,2.4662,1.2344,0.1140,-0.7930,0.4368,-3.15,-0.66,2.2617,0.3437,7.7734,2.1362,2.7482,40.74,48.17,45.78,1
25.847,1.6836,2.2951,0.8516,0.3032,-1.5977,0.0410,-3.14,-0.71,3.5234,-1.8008,10.9961,3.3893,2.7118,40.74,47.64,51.03,1
25.865,2.9453,2.4009,-1.2930,-0.0159,1.6211,0.2886,-3.16,-0.69,1.9531,1.3789,7.4336,1.8221,2.7789,40.74,47.64,49.29,1
25.883,2.8242,2.2539,-1.8594,0.1508,5.5664,0.3324,-3.19,-0.62,3.4102,-2.3750,14.9414,3.2924,2.7770,40.74,48.90,53.50,1
25.898,2.8242,2.3415,-1.8594,-0.1580,5.5664,1.1363,-3.19,-0.60,1.8398,-0.0781,7.8555,1.7246,2.7309,40.74,47.97,50.07,1
25.915,0.1875,1.9706,0.8125,-0.0550,-2.1367,0.5868,-3.20,-0.61,0.8047,0.3047,7.2344,0.6872,2.1582,40.74,52.15,54.02,1
25.933,2.3555,1.6384,-2.0117,-0.0349,-0.3789,-0.0450,-3.22,-0.65,2.9883,-2.5273,9.0039,2.8641,2.2221,40.74,52.13,54.02,1
25.956,1.4219,1.6569,2.0469,0.3380,-0.7266,-0.2750,-3.22,-0.66,4.3281,-2.7578,13.0664,4.2026,2.2937,40.74,53.15,54.44,1
25.966,3.6875,1.8020,-2.2344,0.2580,3.6797,0.0081,-3.25,-0.57,4.3281,-2.7578,13.0664,4.2175,2.5892,40.74,52.47,55.67,1
25.987,0.7227,1.9894,-0.3203,-0.2977,-0.0352,0.6892,-3.26,-0.55,1.4922,0.8438,5.2539,1.3862,2.3189,40.74,56.57,56.54,1
26.005,0.8359,1.6552,1.3672,0.0693,-4.1328,-0.4231,-3.27,-0.58,4.8281,-3.2578,11.8789,4.7171,2.3210,40.74,56.42,56.10,1
26.017,4.1406,1.9815,-2.7266,-0.2722,2.4922,-0.2265,-3.29,-0.59,0.2305,2.2227,6.2422,0.1167,2.4829,40.74,57.40,59.00,1
26.035,-0.4648,1.5746,2.7539,0.2446,-3.1406,-0.7021,-3.30,-0.70,2.9492,-2.2617,10.9922,2.8176,2.0258,40.74,56.69,59.92,1
26.053,1.9922,1.6231,-1.0781,-0.1211,1.1914,-0.2189,-3.32,-0.63,2.7187,-1.6094,10.5742,2.5981,2.2469,40.74,60.63,60.01,1
26.068,1.9922,1.6798,-1.0781,-0.2681,1.1914,-0.0023,-3.33,-0.60,1.4570,1.7227,6.2461,1.3428,2.2009,40.74,59.36,61.38,1
26.085,3.8945,1.6800,-2.6016,0.0123,0.6836,-0.5196,-3.35,-0.62,4.6367,-3.1406,10.0703,4.5185,2.6109,40.74,63.09,64.63,1
26.103,1.7539,2.1368,3.0000,-0.2809,-0.9570,-0.3096,-3.38,-0.66,2.5273,2.4531,8.4219,2.4026,2.6837,40.74,60.64,64.62,1
26.126,0.5508,1.8215,-1.8203,0.0972,0.3086,-0.3359,-3.43,-0.70,3.7148,-0.6133,10.5703,3.5835,2.4396,40.74,62.10,65.49,1
26.136,2.9102,1.8150,-0.0586,-0.0564,1.1914,-0.1663,-3.44,-0.73,3.7148,-0.6133,10.5703,3.5770,2.6143,40.74,63.68,63.97,1
26.155,-0.4297,1.6754,1.2539,0.1445,-2.1797,-0.2212,-3.47,-0.73,3.0273,-2.0312,7.8555,2.8898,2.2094,40.74,65.72,68.34,1
26.175,2.1914,1.6584,-1.4688,-0.1434,-1.5313,-0.6332,-3.51,-0.83,3.6406,1.3398,13.1445,3.4858,2.4474,40.74,64.00,67.28,1
26.187,2.7812,1.8670,1.9023,0.0810,3.7578,-0.0195,-3.51,-0.88,1.8008,-3.4844,10.7695,1.6384,2.5284,40.74,65.14,69.78,1
26.205,0.9258,1.7156,-2.9219,-0.4701,1.3828,0.5261,-3.55,-0.96,2.1055,1.6094,8.6992,1.9285,2.2968,40.74,66.02,67.95,1
26.223,1.0234,1.5130,-1.9180,-0.1869,-1.6836,0.1514,-3.59,-0.94,1.9141,-2.4883,7.6992,1.7408,2.1302,40.74,68.97,70.40,1
26.238,1.0234,1.4378,-1.9180,-0.4528,-1.6836,-0.1305,-3.60,-0.96,1.3008,-0.2695,8.3906,1.1238,2.0207,40.74,68.34,72.19,1
26.256,0.0586,1.0881,0.0039,-0.3452,-0.3437,-0.4104,-3.61,-1.04,0.9961,-0.5742,9.0391,0.8057,1.6445,40.74,67.02,71.44,1
26.273,3.9883,1.0483,-2.7852,-0.4477,5.0664,0.0467,-3.62,-1.07,4.9414,-3.3711,14.4414,4.7452,2.2293,40.74,71.28,72.74,1
26.295,0.1875,1.4668,1.9648,-0.5150,-1.3672,0.7698,-3.64,-1.06,1.0742,-2.9102,4.8633,0.8808,2.0060,40.74,72.60,74.17,1
26.306,0.1133,1.2644,-2.3164,-0.4766,-4.5117,0.1900,-3.64,-1.04,1.0742,-2.9102,4.8633,0.8836,1.8336,40.74,70.92,75.10,1
26.327,2.8555,1.2931,1.5898,-0.5038,2.8750,-0.2783,-3.63,-1.03,3.2187,-2.8711,11.1094,3.0294,2.2430,40.74,71.86,76.20,1
26.345,2.2344,1.5988,-2.2695,-0.7642,1.7266,0.3618,-3.64,-1.02,-0.3828,2.0703,5.8633,-0.5697,2.1784,40.74,73.77,76.75,1
26.358,-1.3828,1.1838,2.6719,-0.3383,-3.5156,-0.1413,-3.63,-1.06,3.5234,-2.4141,7.1641,3.3297,1.8812,40.74,74.73,77.56,1
26.375,2.5078,1.3170,-1.8125,-0.4771,-2.2109,-0.8096,-3.60,-1.16,5.3242,0.3437,14.9375,5.1142,2.4328,40.74,75.20,79.28,1
26.395,0.5625,1.9292,-2.1172,-0.3968,-0.6406,0.4218,-3.56,-1.18,1.6094,-2.7187,8.7383,1.3959,2.5236,40.74,74.83,78.68,1
26.413,-0.5859,1.3714,2.1641,-0.6424,-3.0547,-0.1335,-3.51,-1.14,0.4609,1.5703,6.3203,0.2542,1.8865,40.74,78.39,78.28,1
26.425,-0.5859,1.0707,2.1641,-0.2113,-3.0547,-0.5822,-3.49,-1.10,4.1367,-1.8789,8.5781,3.9365,1.9309,40.74,78.39,81.88,1
26.444,3.3047,1.5640,0.3555,-0.2501,1.7734,-0.5800,-3.45,-1.13,4.3672,-0.2305,11.1523,4.1620,2.6653,40.74,77.35,83.95,1
26.467,-1.3164,1.4477,-0.6094,-0.1918,-0.9844,-0.2012,-3.39,-1.14,3.9453,-0.1914,10.4531,3.7382,2.2051,40.74,79.99,82.16,1
26.476,2.8594,1.3572,0.3789,-0.1769,1.0820,-0.1562,-3.36,-1.11,3.9453,-0.1914,10.4531,3.7426,2.4412,40.74,82.26,83.31,1
26.497,2.2617,1.7775,-0.3867,-0.1050,0.6250,0.1957,-3.29,-1.17,1.4570,-0.1523,7.1680,1.2439,2.5662,40.74,81.32,86.04,1
26.515,0.3320,1.4878,0.4102,-0.0086,-2.2109,-0.3102,-3.22,-1.24,-0.3047,-0.5352,8.6992,-0.5299,2.0469,40.74,80.40,85.35,1
26.536,3.8008,1.0110,0.2109,0.0387,2.3398,-0.2823,-3.16,-1.23,4.9414,-0.3437,11.7227,4.7180,2.3302,40.74,86.24,85.26,1
26.546,3.7930,1.6272,0.2109,0.0768,2.3477,0.2992,-3.12,-1.25,2.9102,-0.8828,8.9258,2.6836,2.6954,40.74,83.04,86.87,1
26.564,1.7461,1.7884,-0.3437,-0.0079,-0.4570,0.2594,-3.06,-1.26,0.1914,-0.1914,5.4766,-0.0366,2.4739,40.74,84.92,90.09,1
26.578,-0.9805,1.3602,0.3477,0.0240,-3.9062,-0.4289,-3.02,-1.26,2.0312,-0.0391,11.8398,1.8027,2.0654,40.74,86.64,90.95,1
26.595,0.8516,1.1019,0.4844,0.1460,2.4531,-0.0077,-2.94,-1.24,6.2070,-2.3359,13.5234,5.9823,2.3257,40.74,86.46,88.85,1
26.613,0.1016,1.8083,0.2461,-0.2253,-0.5703,0.9329,-2.87,-1.07,1.2656,-0.2695,8.8164,1.0699,2.4856,40.74,89.58,90.42,1
26.633,-1.6016,1.1880,1.1133,-0.0223,-5.6680,0.0988,-2.79,-1.07,-0.4219,0.6133,3.7148,-0.6181,1.7117,40.74,87.83,93.37,1
26.646,-0.0469,0.6950,0.1094,0.1487,0.7695,-0.6625,-2.74,-1.12,1.1484,-0.3828,10.1523,0.9442,1.5424,40.74,90.22,94.06,1
26.664,3.7461,0.7881,-0.7031,0.0726,4.2461,0.0218,-2.67,-1.06,4.9414,-1.1875,13.6328,4.7473,2.2136,40.74,90.74,91.07,1
26.686,-0.5820,0.6691,-0.2891,-0.0558,-1.8438,-0.1279,-2.58,-1.03,-0.8047,0.4609,3.6445,-0.9929,1.5921,40.74,92.27,93.71,1
26.697,-2.0312,0.3610,0.9219,0.0053,-5.7422,-0.7033,-2.55,-1.14,-0.8047,0.4609,3.6445,-1.0122,1.1921,40.74,89.45,95.98,1
26.717,0.6641,-0.0406,-0.0742,0.1648,1.6875,-1.2800,-2.45,-1.20,4.1367,0.3828,14.0937,3.9184,1.3854,40.74,94.26,96.73,1
26.734,2.9023,0.6546,0.8359,0.2984,4.7070,0.2299,-2.40,-1.09,3.1406,-1.5703,6.5898,2.9415,2.0284,40.74,97.38,97.71,1
26.753,-0.0391,0.9796,1.8477,0.1633,-0.8711,-0.2171,-2.31,-1.24,1.2266,1.4180,8.5039,1.0027,1.9109,40.74,95.14,100.07,1
26.766,-0.0391,0.8231,1.8477,0.4220,-0.8711,-0.3175,-2.28,-1.32,0.6133,-2.2969,7.1680,0.3743,1.7200,40.74,93.19,99.63,1
26.784,0.9180,0.4729,2.8281,0.2270,3.3047,-0.4450,-2.21,-1.33,2.2227,2.4141,12.6797,1.9835,1.6163,40.74,95.47,98.59,1
26.803,3.9297,0.8401,-1.3164,0.6331,-0.7266,0.2959,-2.19,-1.25,5.2109,-1.7227,8.6602,4.9840,2.3852,40.74,95.95,101.29,1
26.816,1.8047,1.3539,2.2070,0.4835,2.4531,0.3240,-2.16,-1.28,3.1016,1.8008,11.8359,2.8697,2.4928,40.74,98.16,103.33,1
26.834,1.0859,1.4242,-2.1289,0.6254,-2.1367,0.5607,-2.10,-1.47,2.4141,-2.5273,7.2344,2.1504,2.4408,40.74,96.86,101.81,1
26.856,-1.2305,0.9531,1.1094,0.1838,0.3555,0.0239,-2.05,-1.60,1.4570,-1.8398,5.8633,1.1701,1.7899,40.74,99.55,104.21,1
26.867,0.1055,0.7246,-1.4570,0.1207,-3.5156,-0.2349,-2.03,-1.65,1.4570,-1.8398,5.8633,1.1625,1.6936,40.74,100.35,105.92,1
26.887,0.4414,0.5651,0.7187,-0.0830,0.8906,-0.6765,-2.01,-1.65,2.6797,0.6133,10.6094,2.3844,1.6799,40.74,99.46,103.11,1
26.905,1.3281,0.7263,0.9883,0.2040,1.2266,-0.1577,-2.00,-1.62,1.4180,-0.5352,7.3906,1.1278,1.7798,40.74,101.88,104.00,1
26.918,0.0508,0.6633,-0.1680,0.2000,-1.9805,-0.3440,-2.00,-1.68,2.9883,1.3789,9.8086,2.6883,1.7590,40.74,99.26,106.61,1
26.936,1.6133,0.8354,1.7461,0.5192,0.4258,-0.2756,-2.00,-1.79,3.4102,-1.5313,11.0312,3.0922,2.0523,40.74,100.95,106.09,1
26.955,0.7852,1.1170,-0.0156,0.2040,-0.1445,0.1669,-2.02,-1.88,2.1836,-0.3828,9.2266,1.8503,2.1316,40.74,108.66,107.77,1
26.975,0.2266,0.9782,0.4453,0.1786,-0.7578,0.0295,-2.04,-2.00,1.6484,0.0781,8.6172,1.2938,1.9287,40.74,105.34,109.41,1
26.986,0.0547,0.7981,-0.5508,0.1580,-1.1758,-0.1782,-2.05,-2.07,1.4922,-0.9180,8.1992,1.1250,1.7517,40.74,105.95,110.85,1
27.003,1.0195,0.6645,1.5156,0.1223,2.9219,-0.1333,-2.12,-2.21,2.4883,1.1484,12.3008,2.0987,1.7894,40.74,107.19,110.74,1
27.027,0.4375,0.6961,-0.3516,0.3105,-2.8633,0.0197,-2.19,-2.26,1.3789,0.2695,9.6914,0.9791,1.6860,40.74,106.73,113.88,1
27.037,-0.1133,0.6123,0.6523,0.2891,0.3242,-0.1682,-2.23,-2.32,1.3789,0.2695,9.6914,0.9702,1.5760,40.74,107.34,113.92,1
27.057,1.4492,0.6050,0.6680,0.4153,1.1680,0.1293,-2.34,-2.41,3.5234,-0.8828,10.5312,3.0980,1.8561,40.74,112.40,114.46,1
27.076,2.0078,0.9680,-0.4766,0.2337,1.1680,0.4239,-2.44,-2.48,2.2969,-0.5742,9.6875,1.8601,2.1078,40.74,108.68,116.14,1
27.088,0.7656,1.0073,-0.1523,0.1263,0.3242,0.4590,-2.50,-2.55,1.9531,-1.3398,11.0352,1.5047,2.0229,40.74,109.53,115.19,1
27.105,0.4141,0.8610,-0.9258,-0.1239,1.6641,0.7173,-2.63,-2.62,1.6836,-2.0312,6.3633,1.2232,1.8517,40.74,112.46,113.56,1
27.125,0.6211,0.6671,0.2148,-0.4420,1.3672,0.0667,-2.75,-2.68,2.1836,-0.2305,10.7305,1.7134,1.7456,40.74,112.46,116.71,1
27.139,0.6211,0.6601,0.2148,-0.3411,1.3672,0.2664,-2.81,-2.75,2.6055,-3.0273,7.9336,2.1226,1.7725,40.74,110.44,117.54,1
27.156,1.0195,0.7372,-2.5586,-0.7972,-1.4297,-0.0404,-2.95,-2.86,1.3789,-0.3828,10.7305,0.8781,1.7693,40.74,111.76,118.85,1
27.174,0.7266,0.5555,-1.7969,-0.7952,-0.8477,0.1036,-3.07,-2.95,2.3359,-2.2969,8.5000,1.8184,1.6728,40.74,113.46,120.55,1
27.198,-0.1094,0.4854,-1.9375,-1.1583,0.9922,0.0619,-3.20,-3.08,2.7969,-0.9570,9.1211,2.2578,1.5894,40.74,116.24,119.63,1
27.207,1.1563,0.4953,-0.4258,-1.1570,-0.2344,0.1067,-3.28,-3.08,2.7969,-0.9570,9.1211,2.2575,1.6920,40.74,113.84,122.09,1
27.228,0.8789,0.6780,-1.2930,-1.0409,2.3633,0.3894,-3.39,-3.13,2.0703,-2.5273,8.4258,1.5228,1.7691,40.74,115.66,123.17,1
27.246,0.4219,0.6339,-1.9570,-1.2594,-0.9258,0.2213,-3.51,-3.13,0.3828,-1.6836,6.2422,-0.1657,1.5645,40.74,119.30,121.46,1
27.265,-0.3906,0.1530,0.1719,-1.1519,-1.3438,-0.6478,-3.62,-3.12,1.2656,-0.4219,8.0078,0.7194,1.1707,40.74,116.21,124.55,1
27.275,-0.3906,0.0695,0.1719,-0.9486,-1.3438,-0.7547,-3.66,-3.19,2.5273,-2.5273,9.2656,1.9697,1.2006,40.74,120.64,124.69,1
27.296,-1.2266,0.0995,0.0430,-1.0024,-2.6406,-0.8024,-3.78,-3.27,0.4609,-0.5742,6.7031,-0.1108,1.0023,40.74,123.49,123.92,1
27.314,1.0859,-0.1708,-0.6250,-0.6963,2.6914,-1.0009,-3.86,-3.43,2.7969,-1.2656,12.0234,2.1973,1.1319,40.74,119.15,125.08,1
27.326,1.0859,0.0223,-0.6250,-0.6853,2.6914,-0.4338,-3.89,-3.51,1.3398,-2.0703,9.1211,0.7269,1.1769,40.74,120.55,124.25,1
27.343,-0.3164,-0.0287,-0.0703,-0.7826,0.0859,-0.1693,-3.95,-3.55,1.4180,-0.7266,9.4219,0.7987,1.0385,40.74,125.19,126.10,1
27.367,2.0820,0.2416,-0.6289,-0.6256,1.7031,0.1661,-4.01,-3.62,3.9062,-0.8047,13.4844,3.2742,1.6436,40.74,122.70,127.58,1
27.377,2.1484,0.5296,-0.1250,-0.5858,4.1562,0.5984,-4.03,-3.64,3.9062,-0.8047,13.4844,3.2711,1.8936,40.74,124.89,125.79,1
27.395,-0.3867,0.7859,-0.5703,-0.4907,-5.4609,0.8381,-4.11,-3.73,1.3789,-1.2656,3.8711,0.7290,1.7221,40.74,121.91,131.60,1
27.414,0.1484,0.5046,0.5820,-0.2628,3.3047,0.6306,-4.15,-3.69,5.3633,-2.4531,11.2227,4.7205,1.8438,40.74,123.15,128.73,1
27.435,-1.5352,0.9508,0.9883,-0.4171,0.0859,0.9960,-4.20,-3.67,0.2305,0.2695,9.4258,-0.4089,1.6892,40.74,125.57,130.38,1
27.447,-1.5273,0.4018,0.9883,-0.1061,0.0859,0.7946,-4.21,-3.75,0.0781,-2.2969,5.7461,-0.5760,1.2094,40.74,123.81,130.24,1
27.466,-1.6719,-0.1773,-1.5703,-0.3620,-3.5898,-0.2199,-4.25,-3.89,2.8359,0.8047,13.4453,2.1580,0.9185,40.74,130.68,130.21,1
27.479,1.0781,-0.0857,1.5313,-0.1530,4.1016,0.2157,-4.25,-3.97,2.3750,-0.5742,7.1289,1.6845,1.1531,40.74,126.45,131.65,1
27.496,0.6016,0.1389,0.1602,0.0212,-2.2109,-0.0793,-4.27,-4.19,-1.5703,-1.3008,8.6992,-2.2990,0.9790,40.74,126.94,131.08,1
27.514,1.7500,-0.4148,1.4336,0.0241,2.5391,-0.1063,-4.28,-4.33,3.5234,0.6914,11.8789,2.7705,0.9827,40.74,128.78,131.35,1
27.534,4.2031,0.3954,0.2891,0.3323,6.6289,0.9712,-4.30,-4.40,5.9766,-0.4609,15.9687,5.2121,2.0290,40.74,127.00,133.28,1
27.547,-2.0195,0.4825,-0.6289,0.2522,-3.6445,1.0183,-4.30,-4.40,-0.2695,-1.3789,5.7070,-1.0340,1.5585,40.74,130.19,132.21,1
27.564,-2.2383,-0.2446,0.7422,0.1120,-3.1836,-0.2672,-4.29,-4.41,-0.4961,0.0000,6.1680,-1.2624,0.7732,40.74,128.57,130.67,1
27.587,2.2109,0.2324,-1.0117,-0.1384,4.0469,0.6354,-4.30,-4.42,2.5273,-0.2305,9.0039,1.7591,1.6060,40.74,127.18,136.24,1
27.598,0.8008,0.4235,0.5195,-0.1500,-0.3555,0.8072,-4.30,-4.40,2.5273,-0.2305,9.0039,1.7619,1.6299,40.74,129.97,134.75,1
27.617,-3.7578,-0.1481,1.9453,0.2973,-6.4883,-0.5312,-4.30,-4.48,-0.8438,-1.6836,6.4414,-1.6214,0.4742,40.74,130.21,138.81,1
27.635,-2.5703,-0.9090,-0.9336,0.1275,-2.9219,-1.4314,-4.30,-4.57,4.7891,0.7266,13.9805,3.9956,0.3265,40.74,130.12,134.97,1
27.653,3.6055,0.1672,0.5195,0.3743,4.1250,0.1600,-4.30,-4.59,5.3242,-0.2305,13.4883,4.5265,1.6948,40.74,132.31,137.10,1
27.666,3.6055,0.6953,0.5195,0.3966,4.1250,0.7691,-4.30,-4.59,-1.6094,-1.0352,4.6719,-2.4070,1.5750,40.74,133.62,139.66,1
27.684,-1.4336,-0.1258,-0.2383,0.2157,-3.7422,-0.5137,-4.31,-4.60,0.2695,-0.9961,5.6328,-0.5285,0.6324,40.74,135.56,138.79,1
27.705,3.4062,-0.1095,0.3281,0.1322,7.9023,-0.4977,-4.30,-4.59,5.0937,-0.4219,17.2734,4.2965,1.3709,40.74,134.25,139.96,1
27.717,1.7227,0.5339,-0.5430,0.1059,0.7383,0.7882,-4.31,-4.60,3.4102,-1.3008,10.1094,2.6108,1.6454,40.74,136.63,136.57,1
27.735,-4.3320,0.3866,1.1797,0.0597,-5.1992,0.2990,-4.31,-4.65,-2.6445,0.4219,4.1758,-3.4516,0.5776,40.74,134.59,142.07,1
27.757,-5.0898,-1.3384,-0.8828,0.1247,-6.5469,-1.7824,-4.31,-4.67,3.9844,0.4219,11.5703,3.1734,-0.4217,40.74,138.91,143.02,1
27.768,2.3047,-1.3231,1.1875,0.1356,2.1953,-1.8149,-4.31,-4.68,3.9844,0.4219,11.5703,3.1714,0.1302,40.74,136.84,143.53,1
27.787,3.9883,0.1723,0.9961,0.4648,5.1836,0.0113,-4.30,-4.78,-1.4570,-1.8398,3.9844,-2.2868,1.0697,40.74,138.64,145.10,1
27.805,-3.1367,-0.3223,-1.0742,0.1573,-5.3828,-0.8603,-4.30,-4.85,-3.8281,0.6914,2.8711,-4.6687,-0.0742,40.74,140.67,140.79,1
27.824,1.0234,-1.4357,-0.8125,0.2738,4.8047,-1.8154,-4.29,-5.00,2.7187,-1.5703,14.1758,1.8524,-0.1980,40.74,139.00,147.78,1
27.836,1.0234,-1.0580,-0.8125,0.1069,4.8047,-0.7985,-4.29,-5.04,5.7852,-0.4609,14.7812,4.9109,0.3611,40.74,141.68,145.67,1
27.854,0.3594,-0.0886,1.1406,0.1603,-1.1328,0.4022,-4.30,-5.09,2.0703,0.3828,8.2383,1.1872,1.0783,40.74,138.31,148.32,1
27.875,-5.6484,-0.4422,-0.5078,0.3064,-10.5000,-0.7825,-4.24,-5.42,-3.9062,-1.2656,-1.1484,-4.8454,-0.2256,40.74,143.64,147.84,1
27.887,-3.4492,-1.4184,1.1719,0.2606,-4.8711,-2.4828,-4.23,-5.61,-1.6836,0.4219,4.4766,-2.6545,-0.7610,40.74,140.39,150.29,1
27.904,2.7305,-1.6180,-1.9766,0.3194,6.3945,-2.3957,-4.18,-5.79,4.5195,-2.7187,15.7461,3.5175,-0.0413,40.74,144.80,148.77,1
27.927,5.7656,0.3307,0.1914,-0.1303,8.0937,0.8620,-4.09,-6.02,3.5625,1.4570,14.3633,2.5214,1.7093,40.74,140.59,150.63,1
27.938,1.7344,0.8430,2.1836,0.0785,5.0273,1.7275,-4.06,-6.11,3.5625,1.4570,14.3633,2.5066,1.8317,40.74,141.84,147.45,1
27.958,-5.0391,0.1065,2.3594,0.8231,-1.4531,1.8571,-4.01,-6.10,-4.4102,1.4180,3.8320,-5.4644,0.0429,40.74,142.69,145.90,1
27.975,-6.2109,-1.6122,2.1289,1.2078,-5.5117,0.0201,-4.01,-6.09,3.6016,0.0000,13.6328,2.5493,-0.8772,40.74,142.07,296.12,1
27.994,1.8711,-1.1383,-1.5586,0.9737,1.0313,0.3591,-4.01,-6.12,3.6758,-2.2617,10.3867,2.6185,0.1045,40.74,143.47,147.82,1
28.006,1.8711,-0.6760,-1.5586,0.5847,1.0313,0.4623,-4.03,-6.12,-2.3750,-1.1875,6.5078,-3.4335,0.0064,40.74,140.27,148.61,1
28.025,-4.1797,-1.2928,-0.4844,0.2146,-2.8398,-0.2331,-3.98,-6.18,-0.4219,-2.8711,8.1602,-1.4894,-0.8158,40.74,141.42,150.06,1
28.044,-0.7461,-1.6014,1.3086,-0.2231,4.5234,-0.1955,-3.97,-6.16,1.0352,0.6133,13.8711,-0.0286,-0.7217,40.74,142.43,148.02,1
28.057,-0.7461,-1.4700,1.3086,0.0122,4.5234,0.5294,-3.95,-6.13,0.2695,-1.2266,9.8047,-0.7900,-0.6758,40.74,140.10,145.94,1
28.074,-2.2109,-1.4915,2.2578,0.1539,1.3281,0.8074,-3.94,-6.52,-0.4609,1.5703,10.6914,-1.5867,-0.8864,40.74,140.69,147.41,1
28.097,-1.7422,-1.6648,-0.2031,0.4932,1.0586,0.9435,-3.95,-7.03,-1.3789,-1.6094,8.9609,-2.5918,-1.1299,40.74,141.12,151.52,1
28.108,-3.1133,-1.7864,-0.9297,0.3281,-0.3945,0.8450,-3.96,-7.20,-1.3789,-1.6094,8.9609,-2.6200,-1.3588,40.74,141.60,149.57,1
28.125,-4.0937,-2.2411,-0.5937,-0.0017,-4.1562,0.1925,-3.94,-7.51,-2.3750,-1.2656,5.2109,-3.6689,-1.9488,40.74,141.86,145.50,1
28.145,-3.6719,-2.7794,-0.0937,-0.0929,-1.0156,-0.5950,-3.92,-7.74,1.0742,0.0391,11.8398,-0.2596,-2.1578,40.74,141.46,147.56,1
28.165,-2.6133,-2.3794,0.4336,0.1112,0.5547,0.0967,-3.92,-7.91,-0.9180,-0.2305,9.9258,-2.2795,-1.9591,40.74,139.57,147.78,1
28.176,-2.6133,-2.4153,0.4336,0.1608,0.5547,0.1670,-3.92,-7.99,1.5313,-0.5352,12.7891,0.1560,-1.8145,40.74,138.97,145.82,1
28.196,-0.1484,-1.9260,0.1211,0.1690,3.4258,0.9124,-3.93,-8.05,-2.2227,0.0000,5.9375,-3.6086,-1.5585,40.74,141.92,149.12,1
28.214,-1.7344,-2.2080,0.7695,0.3135,1.3594,0.2081,-3.92,-8.17,-0.0781,0.1133,10.7305,-1.4849,-1.7881,40.74,140.41,146.43,1
28.227,-1.7344,-2.1352,0.7695,0.3835,1.3594,0.3849,-3.92,-8.21,-1.9922,-0.1523,9.2695,-3.4054,-1.8956,40.74,138.06,148.65,1
28.244,-2.8125,-2.4714,1.2617,0.5004,0.6914,0.3655,-3.92,-8.21,-1.1875,0.6133,10.0742,-2.6009,-2.2326,40.74,139.59,146.84,1
28.264,-2.6758,-2.5572,0.7695,0.6770,0.9609,0.4795,-3.95,-8.22,-1.0742,0.1133,10.3437,-2.4879,-2.3120,40.74,135.30,143.72,1
28.278,-2.3047,-2.5537,-1.2969,0.5321,2.7148,0.7263,-3.96,-8.17,-0.7266,-1.9531,12.1055,-2.1323,-2.2727,40.74,138.47,142.51,1
28.295,-4.9961,-2.6984,-0.2617,0.0962,-2.8789,0.8428,-3.97,-8.12,-3.4492,-0.9180,6.5117,-4.8461,-2.8337,40.74,138.47,146.20,1
28.316,-7.8984,-4.1241,-0.9922,-0.1875,-7.7812,-1.5110,-3.97,-8.18,-0.8047,-1.3008,8.7383,-2.2129,-4.0700,40.74,138.06,145.41,1
28.335,-2.3437,-3.9652,-0.6445,-0.3388,-0.6562,-1.7124,-3.96,-8.33,-1.8789,-0.9570,6.1680,-3.3116,-3.6346,40.74,136.86,144.78,1
28.347,-3.4258,-3.7725,-0.3086,-0.3548,-3.2227,-1.8729,-3.94,-8.41,1.0742,-0.9961,11.4961,-0.3722,-3.3299,40.74,139.28,147.69,1
28.366,-0.4727,-3.0206,-0.3477,-0.3504,2.1016,-1.0774,-3.94,-8.54,1.8398,-0.7266,13.3320,0.3707,-2.4346,40.74,136.02,143.02,1
28.385,-2.0977,-2.1261,-0.6523,-0.3189,0.5391,0.2576,-3.94,-8.53,-0.5742,-1.3008,9.9219,-2.0406,-2.0126,40.74,137.67,145.88,1
28.397,-2.0977,-2.1217,-0.6523,-0.3701,0.5391,0.3008,-3.92,-8.54,-0.3437,0.3437,9.2305,-1.8127,-1.9989,40.74,138.05,145.22,1
28.414,-3.7383,-2.1947,-0.0508,-0.0834,-3.9141,-0.1166,-3.92,-8.55,-2.2227,-0.6914,5.4805,-3.6930,-2.3511,40.74,138.33,144.82,1
28.434,-2.2266,-2.5115,1.2930,0.0334,-0.2266,-0.8986,-3.91,-8.59,-0.7266,0.6523,9.1602,-2.2032,-2.4026,40.74,138.22,142.69,1
28.448,-2.7266,-2.4884,-0.6680,0.1553,-0.7656,-0.7930,-3.89,-8.62,-1.2266,-1.3008,8.6172,-2.7089,-2.4700,40.74,135.26,145.88,1
28.465,-2.4414,-2.5452,-0.0195,-0.0719,-0.1797,-0.7352,-3.88,-8.65,-0.9570,-0.6523,9.1953,-2.4441,-2.4932,40.74,134.72,146.03,1
28.486,-2.0117,-2.3835,0.2500,0.0251,1.4258,-0.0612,-3.86,-8.68,-1.0352,-0.9961,9.6094,-2.5269,-2.3492,40.74,135.45,145.20,1
28.499,-2.5117,-2.3664,-0.3711,0.0100,0.2383,0.0722,-3.83,-8.73,-1.0352,-0.9961,9.6094,-2.5353,-2.3778,40.74,138.06,142.05,1
28.518,-0.5039,-2.1075,-0.1094,-0.0797,2.8828,0.5350,-3.81,-8.75,-0.8438,-0.2305,9.3086,-2.3485,-2.0120,40.74,137.97,142.57,1
28.535,-2.3047,-2.0513,0.3867,0.0217,-0.0664,0.5482,-3.78,-8.81,-0.4961,-0.6133,8.4219,-2.0103,-2.0817,40.74,138.22,145.54,1
28.554,-1.8594,-2.0281,0.3789,0.0660,-0.1055,0.1558,-3.74,-8.85,-0.4219,-0.2305,9.2656,-1.9429,-2.0428,40.74,135.48,144.82,1
28.567,-1.8594,-2.0022,0.3789,0.1140,-0.1055,0.1157,-3.73,-8.87,-1.4570,-0.7656,7.3516,-2.9818,-2.1108,40.74,135.92,143.60,1
28.584,-1.4609,-2.1308,-0.3867,0.0341,0.5469,-0.2973,-3.71,-8.90,-0.0391,-0.9961,9.9219,-1.5684,-2.0951,40.74,135.24,144.61,1
28.604,-1.4766,-1.9421,0.0664,-0.0490,0.9297,-0.0272,-3.65,-8.85,-0.0781,-0.5352,10.3047,-1.5989,-1.9527,40.74,136.59,143.31,1
28.618,-3.8047,-2.0253,-0.7461,-0.0884,-3.1680,-0.1433,-3.63,-8.85,-2.4141,-1.3398,6.2031,-3.9352,-2.3914,40.74,137.67,143.80,1
28.635,-2.3789,-2.5163,1.0078,-0.1739,-1.2852,-1.0222,-3.59,-8.88,-0.9961,0.4219,8.0781,-2.5225,-2.6053,40.74,141.88,143.70,1
28.657,-2.6836,-2.5162,-1.3359,-0.1311,-5.3437,-1.7353,-3.53,-8.96,1.0352,-0.1133,5.3203,-0.5049,-2.4807,40.74,141.94,144.18,1
28.669,-0.3398,-2.3544,0.4570,-0.1727,-4.0430,-2.1855,-3.52,-9.04,1.0352,-0.1133,5.3203,-0.5175,-2.1792,40.74,142.23,152.02,1
28.688,3.4570,-1.0844,0.4844,0.0462,2.2539,-1.8515,-3.48,-9.30,4.6719,0.3828,15.0586,3.0744,-0.5553,40.74,137.68,148.46,1
28.706,3.2500,0.1577,0.9375,0.2707,5.7031,0.0762,-3.41,-9.47,3.9062,-1.1094,15.3203,2.2802,0.4057,40.74,137.68,150.85,1
28.725,-0.6094,0.7473,0.7695,0.1792,2.3320,1.7797,-3.34,-9.49,0.8047,0.2305,11.6836,-0.8244,0.3578,40.74,137.67,144.22,1
28.737,-0.6094,0.5389,0.7695,0.2699,2.3320,1.8645,-3.31,-9.47,-1.6836,-0.6133,5.2148,-3.3100,-0.0224,40.74,137.87,146.41,1
28.756,-0.1094,-0.3144,0.3320,0.2318,3.5117,0.8004,-3.24,-9.38,1.2656,-0.1914,12.8711,-0.3455,-0.4864,40.74,139.78,144.86,1
28.775,-4.0312,-0.5567,-0.0195,0.2363,-2.6953,1.2298,-3.19,-9.31,-2.6797,-0.5352,6.6680,-4.2786,-1.3085,40.74,138.03,145.94,1
28.788,-4.0312,-1.0904,-0.0195,0.1970,-2.6953,0.6269,-3.17,-9.31,-2.9883,0.1133,8.9609,-4.5877,-1.7895,40.74,142.15,143.58,1
28.805,-3.6562,-2.1210,0.3086,0.2799,-4.9141,-0.2148,-3.12,-9.21,-2.3359,-0.1914,4.4492,-3.9184,-2.5935,40.74,139.94,144.89,1
28.828,-1.0273,-2.2406,0.6836,0.3473,0.4180,-0.9978,-3.09,-9.17,2.6055,0.6133,11.3750,1.0297,-2.1177,40.74,139.14,147.56,1
28.839,1.3164,-1.8668,1.1055,0.4327,2.0273,-0.6516,-3.07,-9.17,2.6055,0.6133,11.3750,1.0307,-1.6341,40.74,141.08,147.06,1
28.859,-0.8906,-1.1206,0.4141,0.5558,-3.6445,-0.6095,-3.07,-9.16,2.1055,-0.1914,11.8398,0.5314,-1.2170,40.74,142.39,147.60,1
28.876,0.8320,-0.6741,0.3008,0.4906,2.4844,-0.1139,-3.09,-9.18,2.5273,-0.3047,9.9219,0.9503,-0.6885,40.74,141.42,147.67,1
28.895,0.4062,-0.2181,0.3477,0.4256,0.7930,0.2172,-3.10,-9.15,1.6484,-0.1523,10.1523,0.0771,-0.3571,40.74,144.51,149.52,1
28.907,0.4062,-0.1222,0.3477,0.4136,0.7930,0.3057,-3.14,-9.13,1.8398,-0.1523,10.7305,0.2717,-0.2746,40.74,139.63,147.80,1
28.926,0.6055,0.0718,0.3555,0.3966,1.3750,0.5727,-3.19,-9.07,-0.1133,-0.9180,9.5820,-1.6719,-0.2739,40.74,140.83,146.91,1
28.944,-0.4453,-0.2232,0.7070,0.2564,0.8320,0.5673,-3.25,-9.05,0.7656,0.1914,10.1914,-0.7893,-0.5556,40.74,142.41,149.97,1
28.958,-0.4453,-0.2574,0.7070,0.3256,0.8320,0.6080,-3.28,-9.09,-1.4180,-0.9570,7.0469,-2.9797,-0.7672,40.74,142.63,149.63,1
28.975,-3.1875,-0.9838,-0.1211,0.1572,-2.4180,-0.2143,-3.35,-9.11,-1.9922,-0.6523,6.9336,-3.5567,-1.6492,40.74,140.31,146.37,1
28.995,-0.0469,-1.3575,0.2031,0.1042,2.9062,-0.4133,-3.44,-9.14,1.1484,-0.3437,12.2617,-0.4216,-1.4967,40.74,142.65,147.36,1
29.009,-0.9258,-1.1378,-1.0625,0.0248,-1.9961,-0.0709,-3.49,-9.16,0.2695,-1.6094,7.3516,-1.3046,-1.4539,40.74,141.32,152.60,1
29.026,-0.8125,-1.0686,-0.3203,-0.2242,0.4570,-0.4206,-3.57,-9.20,0.3828,-0.8828,9.8047,-1.1978,-1.3875,40.74,144.36,152.65,1
29.046,0.6445,-0.6588,-0.8867,-0.3823,-0.6484,-0.3661,-3.66,-9.34,0.4219,-1.3398,7.9336,-1.1816,-0.9447,40.74,147.30,149.14,1
29.066,-0.7812,-0.6047,-0.7539,-0.4960,-1.4063,-0.6139,-3.75,-9.41,2.5664,-1.5703,11.8750,0.9503,-0.8433,40.74,143.43,153.63,1
29.077,1.3633,-0.3144,-0.9688,-0.5860,2.5391,-0.1832,-3.80,-9.44,2.1836,-1.4570,12.0234,0.5625,-0.4781,40.74,143.80,152.91,1
29.096,0.9805,0.0767,-0.8477,-0.6678,2.6914,0.6226,-3.89,-9.51,1.2656,-1.3008,9.4219,-0.3669,-0.2590,40.74,147.17,152.72,1
29.115,0.0312,0.1220,0.0117,-0.6270,-0.6406,0.5308,-3.95,-9.50,1.2266,-0.6133,8.6953,-0.4047,-0.3048,40.74,146.93,152.81,1
29.128,0.0312,0.1080,0.0117,-0.5289,-0.6406,0.3509,-3.99,-9.51,-1.4180,-1.8398,6.4375,-3.0510,-0.5319,40.74,145.31,153.00,1
29.145,-0.1680,-0.4725,0.4180,-0.5602,-1.2852,-0.4968,-4.09,-9.58,1.0352,-0.2305,8.0391,-0.6086,-0.8506,40.74,145.54,153.94,1
29.165,-0.5039,-0.4130,-0.1797,-0.3306,0.7070,-0.5610,-4.16,-9.61,0.6914,-0.8438,10.0352,-0.9587,-0.8600,40.74,147.28,152.91,1
29.179,-1.0430,-0.4763,0.0195,-0.2813,-0.4805,-0.3754,-4.21,-9.62,0.1523,-0.6523,8.8477,-1.4988,-1.0013,40.74,146.71,153.73,1
29.196,0.4219,-0.5198,1.3789,-0.0872,1.9023,-0.2146,-4.31,-9.62,1.6094,0.6914,11.2187,-0.0413,-0.8203,40.74,149.10,151.52,1
29.216,-1.1797,-0.5532,0.0039,0.1083,-0.9297,-0.1196,-4.38,-9.57,-0.1914,-0.9180,8.6172,-1.8342,-1.1173,40.74,145.24,151.17,1
29.236,-1.3555,-0.7698,-0.2148,0.0303,-0.7031,-0.2992,-4.45,-9.59,0.4219,-0.1914,11.4531,-1.2245,-1.2722,40.74,148.39,154.68,1
29.248,-0.7422,-0.8052,0.5273,0.0900,2.1328,0.0470,-4.50,-9.58,0.6523,-1.6836,7.5078,-0.9923,-1.2428,40.74,148.41,152.21,1
29.266,-0.5039,-0.7346,-0.9648,-0.1162,-1.8125,-0.2346,-4.54,-9.53,0.9180,0.0781,12.1836,-0.7184,-1.1491,40.74,147.80,155.88,1
29.285,0.8516,-0.4902,-0.7578,-0.0287,0.4102,0.3573,-4.58,-9.50,1.9922,-1.4922,9.7305,0.3608,-0.7630,40.74,145.79,153.14,1
29.298,0.8516,-0.2841,-0.7578,-0.1407,0.4102,0.3654,-4.62,-9.45,-0.1914,-1.3398,6.3594,-1.8141,-0.7637,40.74,149.12,157.46,1
29.316,0.9961,-0.3268,0.5430,-0.2144,1.3672,-0.2291,-4.63,-9.39,2.1055,-0.1914,10.6875,0.4937,-0.6117,40.74,150.72,157.88,1
29.335,0.4844,0.0074,-1.2891,-0.1462,1.5273,0.2364,-4.66,-9.30,1.5703,-2.0312,10.8398,-0.0272,-0.4133,40.74,150.74,154.61,1
29.357,-0.0742,0.0106,-0.7812,-0.3918,-1.6133,-0.2142,-4.68,-9.20,0.4609,-0.2695,9.0820,-1.1191,-0.5164,40.74,148.24,158.48,1
29.366,-0.6016,-0.0446,0.4805,-0.3507,-0.2344,-0.3188,-4.66,-9.15,0.4609,-0.2695,9.0820,-1.1113,-0.6078,40.74,153.56,156.54,1
29.388,0.0625,-0.1325,-1.0586,-0.3037,-0.7305,-0.3662,-4.64,-9.07,0.4609,0.0781,8.9219,-1.0970,-0.6431,40.74,153.75,155.35,1
29.406,-0.5703,-0.2172,0.8203,-0.1020,-0.3945,-0.3952,-4.65,-8.99,1.5313,-0.4961,9.7695,-0.0139,-0.6831,40.74,149.84,159.69,1
29.418,0.5000,-0.1310,0.2461,0.0139,0.4492,-0.2654,-4.62,-8.95,-0.1133,-1.3398,9.8477,-1.6512,-0.6650,40.74,150.42,159.16,1
29.435,-1.1289,-0.3125,-0.6055,-0.1087,0.5234,-0.0463,-4.60,-8.85,0.5352,1.3008,9.9609,-0.9853,-0.8888,40.74,154.37,155.16,1
29.456,-0.2266,-0.3834,0.7344,0.3668,0.3711,0.1596,-4.57,-8.72,0.7656,0.0000,9.6875,-0.7342,-0.8655,40.74,149.75,159.85,1
29.468,-0.2266,-0.3594,0.7344,0.4233,0.3711,0.1921,-4.56,-8.68,-2.0703,-1.3789,5.5937,-3.5620,-1.0709,40.74,152.46,156.23,1
29.486,-1.2383,-0.9693,1.9063,0.3407,-1.2695,-0.7109,-4.53,-8.61,-0.2695,1.1875,8.0430,-1.7502,-1.5183,40.74,153.35,158.23,1
29.505,-1.6289,-1.0768,-0.4297,0.5978,-2.9531,-1.0040,-4.50,-8.60,-0.6523,-1.1484,6.3594,-2.1311,-1.6683,40.74,152.88,161.55,1
29.519,-1.6289,-1.1616,-0.4297,0.4400,-2.9531,-1.3034,-4.48,-8.67,-0.8047,0.1914,8.0430,-2.2961,-1.7535,40.74,150.29,158.10,1
29.536,0.9297,-1.1504,0.9805,0.5275,1.9570,-1.1302,-4.46,-8.71,1.9141,0.2695,11.2617,0.4172,-1.3392,40.74,152.79,162.68,1
29.558,1.0938,-0.4161,-0.0234,0.5278,2.6094,0.0225,-4.43,-8.66,-1.3789,0.0391,6.3203,-2.8677,-0.9704,40.74,154.54,163.35,1
29.575,-2.3477,-0.7495,0.7422,0.5409,-2.9844,-0.4818,-4.39,-8.64,0.9570,0.0391,9.7656,-0.5283,-1.3202,40.74,152.04,158.13,1
29.589,-0.0117,-0.7444,0.7344,0.5842,0.4648,-0.5059,-4.38,-8.62,-0.0781,-0.7266,9.2656,-1.5606,-1.2272,40.74,151.56,162.42,1
29.606,-1.0391,-0.7640,-0.0312,0.4574,-0.0273,-0.3395,-4.34,-8.57,-1.4922,-0.5742,7.2070,-2.9660,-1.4334,40.74,156.49,161.47,1
29.625,0.7383,-0.9987,0.9844,0.4015,3.8359,-0.3463,-4.31,-8.50,1.6836,0.3047,13.1445,0.2216,-1.2499,40.74,155.18,161.13,1
29.638,0.7383,-0.7319,0.9844,0.4910,3.8359,0.2961,-4.29,-8.45,-0.2305,-0.6523,8.5781,-1.6834,-1.1756,40.74,156.18,163.59,1
29.657,-2.6055,-0.8847,0.3672,0.4134,-2.1797,0.0935,-4.24,-8.43,-1.6836,-0.3047,7.1289,-3.1342,-1.6698,40.74,153.94,162.05,1
29.674,0.2422,-1.2435,0.9258,0.4423,3.0391,-0.2624,-4.22,-8.37,1.1484,0.2695,12.3398,-0.2919,-1.5398,40.74,158.93,161.08,1
29.689,0.2422,-1.0153,0.9258,0.5166,3.0391,0.2447,-4.20,-8.37,0.4961,-0.8047,7.5859,-0.9441,-1.4003,40.74,153.47,164.02,1
29.706,-2.0156,-0.9001,0.1523,0.3739,-1.2539,-0.1132,-4.15,-8.37,-1.1094,-0.4961,8.0391,-2.5500,-1.5998,40.74,156.59,159.85,1
29.725,-0.3242,-1.0811,1.0625,0.3839,0.9297,-0.2620,-4.14,-8.33,0.5742,0.4219,10.2305,-0.8583,-1.4954,40.74,159.41,161.32,1
29.747,-1.3203,-1.0435,-0.1250,0.3524,-3.2461,-0.7799,-4.10,-8.35,-0.5352,-0.2305,8.5000,-1.9718,-1.6279,40.74,154.99,162.23,1
29.759,-1.4336,-1.1222,0.4102,0.3290,-0.7852,-0.9477,-4.09,-8.37,1.3008,-0.2695,11.4570,-0.1396,-1.5580,40.74,156.45,161.32,1
29.775,0.3945,-0.8059,0.3633,0.3416,2.1641,-0.2489,-4.07,-8.39,1.3398,-0.9570,10.2656,-0.1035,-1.1539,40.74,156.52,162.87,1
29.797,-1.6406,-0.5483,0.0430,0.1834,-0.2109,0.1419,-4.04,-8.31,-0.7656,-0.5742,9.0820,-2.1957,-1.2592,40.74,154.56,162.21,1
29.808,-1.6406,-0.7901,0.0430,0.1523,-0.2109,0.0638,-4.03,-8.26,1.4570,-0.0391,11.5742,0.0355,-1.2867,40.74,153.35,165.51,1
29.827,0.5977,-0.5359,0.5703,0.2380,2.2734,0.5357,-3.99,-8.25,-0.1523,-1.2266,8.2383,-1.5716,-1.0396,40.74,156.64,165.65,1
29.845,-3.2344,-0.7837,-0.0898,0.0567,-2.2695,0.0887,-3.95,-8.24,-2.3750,-0.6914,7.0117,-3.7925,-1.7122,40.74,155.91,161.52,1
29.859,-3.2344,-1.1601,-0.0898,0.0342,-2.2695,-0.2735,-3.93,-8.25,0.2695,0.1914,10.6523,-1.1495,-1.8204,40.74,160.15,165.51,1
29.876,-0.2773,-1.0923,-0.6641,0.1257,-0.8984,-0.1039,-3.92,-8.25,0.5742,-1.2656,8.3945,-0.8447,-1.5236,40.74,156.20,164.72,1
29.895,-2.4141,-1.0321,0.5547,-0.0008,-1.5508,-0.3814,-3.87,-8.24,-1.5703,-0.0391,7.7344,-2.9881,-1.8052,40.74,156.05,163.27,1
29.916,1.5234,-0.6318,0.3945,0.1532,3.7734,0.3982,-3.84,-8.19,0.7266,-0.9570,8.5430,-0.6827,-0.9939,40.74,158.38,163.48,1
29.927,-0.1094,-0.4314,-0.3867,0.1277,-0.7461,0.5551,-3.83,-8.17,0.7266,-0.9570,8.5430,-0.6800,-0.9457,40.74,157.63,162.92,1
29.947,-2.5117,-0.9860,-0.1211,0.0006,-2.6523,-0.4977,-3.80,-8.14,0.7656,0.2305,10.3867,-0.6355,-1.5924,40.74,156.84,163.80,1
29.966,-0.0547,-0.8749,0.7930,0.1683,1.1016,-0.2780,-3.78,-8.14,0.5742,-1.3398,7.7383,-0.8274,-1.3361,40.74,159.39,163.24,1
29.978,-0.2383,-0.7216,-0.7773,0.0654,-1.5430,-0.3789,-3.75,-8.14,-1.9141,-0.6523,7.1250,-3.3152,-1.4225,40.74,160.54,167.25,1
29.996,-2.7344,-1.1369,-0.0977,-0.0232,-2.1562,-0.8448,-3.71,-8.21,0.9961,0.5742,11.1875,-0.4162,-1.7290,40.74,158.43,166.42,1
30.014,0.1836,-0.8556,-0.5547,0.1646,1.4453,-0.1766,-3.68,-8.08,0.9961,-1.1094,10.7266,-0.3938,-1.2752,40.74,158.05,165.21,1
30.029,0.1836,-0.6959,-0.5547,0.0541,1.4453,0.0725,-3.66,-8.01,-1.5313,-0.7656,8.7773,-2.9095,-1.3403,40.74,155.33,167.42,1
30.046,0.3203,-0.8966,0.7383,0.0184,2.1055,0.1973,-3.62,-7.85,1.1094,0.1914,11.3750,-0.2418,-1.2838,40.74,159.08,163.56,1
30.065,-0.3203,-0.6027,-0.1133,0.1544,0.1133,0.5791,-3.59,-7.74,0.4609,-0.6523,9.3867,-0.8717,-1.1278,40.74,160.69,164.93,1
30.086,-3.9219,-1.3197,-0.1953,0.0604,-4.4844,-0.5705,-3.55,-7.71,0.2695,0.3047,8.3906,-1.0584,-1.8031,40.74,157.11,165.34,1
30.097,-0.5039,-1.4459,0.8281,0.1030,-0.8828,-0.8836,-3.54,-7.67,0.2695,0.3047,8.3906,-1.0520,-1.6877,40.74,159.82,168.41,1
30.118,0.9961,-0.8944,0.2187,0.2566,3.1367,-0.2659,-3.52,-7.59,-1.8008,-0.9961,6.7812,-3.1081,-1.3295,40.74,161.63,169.35,1
30.136,-2.5586,-1.1449,-0.4805,0.0911,-2.4844,-0.5449,-3.48,-7.53,0.1523,0.6914,9.9609,-1.1448,-1.6751,40.74,160.05,164.34,1
30.148,-0.5977,-1.1566,1.2070,0.2238,0.6953,-0.4857,-3.48,-7.49,1.0742,-0.9570,10.4180,-0.2156,-1.4824,40.74,157.88,165.73,1
30.166,0.3242,-0.7940,-0.4414,0.1378,1.1523,-0.0496,-3.45,-7.42,-2.4141,-1.0352,5.5977,-3.6933,-1.3999,40.74,162.76,169.12,1
30.184,-1.2617,-1.2467,1.3516,0.0679,-1.2227,-0.8121,-3.44,-7.33,-0.5352,0.8438,8.0430,-1.7990,-1.7618,40.74,160.23,165.45,1
30.199,-1.2617,-1.2490,1.3516,0.2651,-1.2227,-0.8752,-3.44,-7.35,2.1055,-1.0352,12.1445,0.8389,-1.5567,40.74,161.08,166.75,1
30.216,-0.7656,-0.6760,-0.1445,0.1332,-0.3008,-0.0848,-3.42,-7.33,-0.0391,-0.6523,8.9648,-1.3019,-1.2133,40.74,158.86,167.87,1
30.234,-1.8281,-0.7864,1.0039,0.1463,-2.2109,-0.2988,-3.40,-7.31,-1.1094,0.4961,7.0508,-2.3696,-1.4752,40.74,159.24,169.18,1
30.258,1.3945,-0.6466,-0.1211,0.2659,3.5820,-0.0609,-3.39,-7.25,0.4961,-0.8438,9.5039,-0.7542,-0.9946,40.74,161.42,166.94,1
30.267,-0.2070,-0.4612,-0.3437,0.1886,0.2422,0.2315,-3.40,-7.20,0.4961,-0.8438,9.5039,-0.7457,-0.9564,40.74,160.85,166.58,1
30.288,-1.5391,-0.5791,0.4219,0.1247,-2.4766,-0.1825,-3.40,-7.19,0.8438,-0.9180,10.5742,-0.3955,-1.1284,40.74,157.88,171.38,1
30.307,0.1484,-0.4779,-0.4258,0.0214,1.3242,0.0081,-3.38,-7.16,-1.1094,-0.3047,8.5430,-2.3444,-1.0754,40.74,162.58,169.32,1
30.318,-1.8047,-0.6393,0.1875,0.0166,-0.7070,-0.0127,-3.38,-7.18,-0.7266,0.1133,8.3125,-1.9649,-1.3263,40.74,160.15,169.38,1
30.336,-1.4141,-0.8834,0.6133,0.1593,-0.9375,-0.2606,-3.39,-7.14,2.1055,-0.6914,13.7891,0.8750,-1.2788,40.74,157.70,169.32,1
30.356,0.9375,-0.2979,0.2305,0.1180,1.2461,0.7984,-3.41,-7.06,1.6094,-0.2695,10.4961,0.3910,-0.6516,40.74,161.76,169.87,1
30.369,0.9375,-0.1082,0.2305,0.1353,1.2461,0.8672,-3.41,-7.05,-0.4219,-0.5742,7.2344,-1.6371,-0.6535,40.74,160.10,168.12,1
30.386,0.6016,-0.1921,-0.1445,0.0757,1.3672,0.3427,-3.44,-7.04,1.2656,-0.6523,10.6133,0.0513,-0.6161,40.74,161.00,168.61,1
30.405,2.3633,0.2194,-0.4492,-0.0237,3.0937,0.8301,-3.45,-7.01,3.0273,-0.9570,12.3398,1.8181,0.0022,40.74,163.88,167.17,1
30.420,2.3633,0.5487,-0.4492,-0.0891,3.0937,1.1778,-3.48,-6.92,-0.8047,-0.3047,7.2344,-1.9987,-0.0231,40.74,163.88,171.79,1
30.437,-1.3984,0.0909,-0.7930,-0.1050,-1.3516,0.4374,-3.52,-6.88,-0.7656,-1.3008,7.8906,-1.9524,-0.6858,40.74,164.61,167.34,1
30.458,1.2813,-0.0052,0.4023,-0.1559,1.9805,0.3393,-3.56,-6.87,-0.9961,-0.8047,7.8945,-2.1809,-0.5897,40.74,162.50,337.95,1
30.476,-1.6367,-0.2862,-0.2812,-0.1489,-1.3516,0.0674,-3.59,-6.87,-0.2695,-0.7266,9.5039,-1.4550,-0.9838,40.74,163.99,172.09,1
30.489,-0.9023,-0.4723,-0.1953,-0.1650,0.2578,0.0005,-3.62,-6.88,3.0273,-0.8047,15.4414,1.8411,-0.8245,40.74,161.84,167.70,1
30.507,2.4023,0.1371,-0.2734,-0.1909,6.1953,1.3875,-3.67,-6.76,0.4961,-0.9570,8.6953,-0.6712,-0.2676,40.74,160.49,170.82,1
30.528,-3.7031,-0.0912,0.0859,-0.2181,-3.8086,0.8535,-3.74,-6.70,-3.1016,-0.4609,5.4414,-4.2579,-1.1984,40.74,164.20,168.44,1
30.539,-3.7031,-0.8906,0.0937,-0.1496,-3.8086,-0.1783,-3.77,-6.68,0.9180,-0.0391,8.9219,-0.2343,-1.5531,40.74,163.21,171.97,1
30.556,0.3320,-0.7952,0.5234,0.0145,-0.3242,-0.4367,-3.84,-6.69,-0.8047,-1.0742,7.5469,-1.9587,-1.3165,40.74,161.21,173.73,1
30.574,-2.4805,-0.9898,-0.6562,-0.1155,-3.3359,-0.9185,-3.90,-6.71,-1.8789,-1.2266,5.9023,-3.0375,-1.7739,40.74,165.15,171.79,1
30.594,0.1250,-1.2042,0.4727,-0.1786,1.9883,-1.1781,-3.95,-6.73,0.7266,-0.1133,11.2187,-0.4342,-1.5567,40.74,162.60,171.26,1
30.607,2.2695,-0.7384,-0.1719,-0.0860,3.7148,-0.3392,-3.99,-6.71,2.8711,-0.7656,12.9453,1.7134,-0.8332,40.74,166.03,172.74,1
30.625,-2.6562,-0.2794,-0.8906,-0.1679,-3.1445,0.2618,-4.05,-6.67,-2.0703,-1.4922,6.0859,-3.2216,-1.2031,40.74,164.61,172.35,1
30.646,-1.5898,-0.8537,1.4141,0.0958,-1.6875,-0.5770,-4.12,-6.61,1.6094,-0.4961,11.6797,0.4676,-1.3138,40.74,165.81,173.46,1
30.658,1.0156,-0.7583,0.1211,0.1948,2.4492,-0.4167,-4.15,-6.58,1.6094,-0.4961,11.6797,0.4740,-1.0392,40.74,163.08,169.00,1
30.677,-0.7852,-0.6538,-0.6016,0.0140,0.3437,-0.0698,-4.21,-6.54,-1.2656,0.1523,7.1250,-2.3946,-1.2057,40.74,164.64,170.97,1
30.696,-1.8594,-0.9288,0.7852,0.1463,-2.1094,-0.4955,-4.28,-6.44,2.1836,-0.4609,12.1406,1.0712,-1.2631,40.74,165.56,174.03,1
30.709,1.5977,-0.6037,0.1875,0.1959,2.9102,-0.0816,-4.31,-6.43,2.2227,-0.7656,11.0352,1.1113,-0.7432,40.74,163.08,169.84,1
30.726,1.6289,0.0275,-0.1094,0.1278,1.7969,0.5205,-4.38,-6.34,-1.5703,-0.7266,6.1680,-2.6662,-0.5177,40.74,163.16,170.94,1
30.744,1.0234,-0.2457,-0.1719,0.0515,2.7617,0.0426,-4.45,-6.29,1.6094,-0.8438,11.9844,0.5221,-0.5452,40.74,165.43,170.94,1
30.768,2.6875,0.4426,-0.7383,-0.1117,4.7539,1.2756,-4.51,-6.22,-1.5313,-0.3828,6.2812,-2.6056,-0.0932,40.74,164.72,174.06,1
30.777,-2.1016,0.4043,0.3047,-0.1245,-2.9453,1.1939,-4.53,-6.21,-1.5313,-0.3828,6.2812,-2.6039,-0.4788,40.74,164.99,173.04,1
30.794,-2.3242,-0.3242,-0.0703,-0.0328,-1.8047,0.1113,-4.57,-6.13,-1.7617,-0.7656,7.4336,-2.8215,-1.1293,40.74,165.84,172.56,1
30.817,1.5430,-0.1502,-0.3008,-0.0966,2.8398,0.4860,-4.61,-6.03,1.2266,-0.5742,11.1875,0.1836,-0.4550,40.74,165.56,172.00,1
30.828,0.6797,0.0408,0.1289,-0.0936,1.9609,0.7772,-4.63,-6.01,1.2266,-0.5742,11.1875,0.1879,-0.3562,40.74,163.88,174.13,1
30.848,-1.9570,-0.1464,-0.9375,-0.1815,-0.8008,0.7566,-4.67,-5.90,1.3398,0.0000,11.6445,0.3191,-0.6952,40.74,164.12,173.04,1
30.866,0.8086,-0.0478,0.7109,-0.0311,2.4102,1.0255,-4.70,-5.83,0.8828,-1.1094,10.4961,-0.1248,-0.4409,40.74,165.48,174.67,1
30.879,0.3672,0.0739,-0.3906,-0.0361,1.2617,1.1555,-4.71,-5.72,-3.7930,-1.5703,2.9883,-4.7834,-0.7412,40.74,164.66,170.79,1
30.896,-4.3008,-0.8760,-0.8516,-0.2386,-6.2461,-0.4759,-4.70,-5.64,-0.2305,0.1914,8.1602,-1.2072,-1.5993,40.74,165.84,170.07,1
30.915,2.4180,-0.7791,-0.6680,-0.0758,2.9023,-0.6598,-4.69,-5.53,2.9102,-1.3789,12.1406,1.9521,-0.7658,40.74,167.17,174.83,1
30.930,2.4180,-0.2881,-0.6680,-0.1668,2.9023,-0.1126,-4.69,-5.50,-0.7656,-0.4219,8.0820,-1.7187,-0.6417,40.74,164.47,173.67,1
30.947,-3.5703,-0.5169,0.1367,-0.1093,-5.3750,-0.4938,-4.68,-5.45,-3.1016,-0.5742,3.8672,-4.0458,-1.3034,40.74,166.75,174.09,1
30.965,0.7969,-1.0335,0.3594,-0.0217,3.0547,-1.2038,-4.65,-5.38,1.2656,-0.3437,12.2969,0.3334,-1.1120,40.74,166.86,172.50,1
30.988,0.1836,-0.5037,-0.4141,-0.0106,1.0234,-0.0640,-4.60,-5.38,-2.5273,0.1523,8.1172,-3.4595,-1.0476,40.74,165.40,174.70,1
30.998,-2.9961,-0.6525,0.8477,0.0284,-1.1211,-0.0685,-4.58,-5.34,-2.5273,0.1523,8.1172,-3.4529,-1.4171,40.74,163.85,171.47,1
31.018,-0.1016,-1.0069,-0.5391,0.0947,1.1406,-0.0800,-4.52,-5.25,-0.7656,-1.7617,8.4609,-1.6745,-1.3809,40.74,162.63,173.43,1
31.036,-1.2109,-0.9956,-1.0820,-0.2052,-0.7773,-0.1583,-4.43,-5.21,-1.4922,-0.6523,6.3242,-2.3951,-1.5210,40.74,166.03,172.68,1
31.049,-1.9375,-1.1549,0.0117,-0.2313,-2.9219,-0.6247,-4.38,-5.23,0.9180,0.3437,12.2187,0.0122,-1.5223,40.74,160.49,175.53,1
31.067,0.4727,-0.8434,0.9922,0.0546,2.9766,0.0292,-4.27,-5.21,-1.6094,0.0781,9.5391,-2.5118,-1.2885,40.74,157.41,174.67,1
31.085,-2.1680,-1.1206,1.7070,0.3742,4.6953,0.6259,-4.17,-5.19,-1.7227,1.0742,13.9492,-2.6214,-1.7307,40.74,152.46,171.73,1
31.105,-4.0820,-1.5708,1.8438,0.7631,-0.7461,1.3447,-4.11,-4.97,-3.6758,1.2266,8.5039,-4.5384,-2.4080,40.74,145.05,163.64,1
31.117,-7.4297,-2.3943,-0.4648,0.8176,-5.4180,0.5082,-4.09,-4.89,-7.0469,-1.0742,3.8320,-7.8954,-3.6234,40.74,146.43,166.75,1
31.135,-3.2109,-3.4849,3.2461,0.7508,2.5117,-0.5381,-4.01,-4.84,-2.8359,2.6445,11.7578,-3.6758,-3.9015,40.74,143.18,165.15,1
31.158,-6.0820,-3.8325,0.8242,1.2295,-0.2852,0.0720,-3.97,-4.67,-3.3320,0.8828,11.7617,-4.1421,-4.4482,40.74,140.53,161.03,1
31.168,-3.6523,-3.9837,1.4766,1.2194,2.5117,0.2409,-3.97,-4.56,-3.3320,0.8828,11.7617,-4.1235,-4.3984,40.74,134.16,159.95,1
31.188,-5.2617,-4.1179,-0.2656,1.0395,-1.5586,0.3899,-3.95,-4.40,-5.6680,-1.8008,8.0117,-6.4319,-4.8194,40.74,120.58,158.98,1
31.207,-5.9258,-4.5893,-1.2227,0.4575,-1.2500,-0.0944,-3.90,-4.22,-4.2539,-0.5742,8.7773,-4.9877,-5.1567,40.74,95.92,158.50,1
31.220,-4.4805,-4.6631,-0.0039,0.2729,-0.4922,-0.2338,-3.88,-4.16,-4.7891,-0.8438,5.8203,-5.5123,-5.1598,40.74,72.69,160.49,1
31.236,-5.0078,-4.7280,-0.2734,0.1347,-3.4336,-0.9580,-3.85,-4.10,-6.6680,1.2656,3.5625,-7.3807,-5.4076,40.74,69.06,162.68,1
31.255,-4.3242,-5.0143,-3.7812,0.0342,2.4258,-1.5110,-3.81,-4.09,-4.1367,-4.3281,11.6797,-4.8491,-5.5783,40.74,69.06,156.59,1
31.275,4.7617,-4.0917,1.0000,-0.6654,8.1328,0.0621,-3.68,-4.12,4.9414,0.4609,17.3906,4.2246,-3.3654,40.74,69.06,159.64,1
31.287,4.7617,-2.7318,1.0000,-0.4096,8.1328,1.3017,-3.63,-4.21,-18.6563,-1.3789,-6.2812,-19.3882,-4.0897,40.74,69.06,160.64,1
31.306,-4.6836,-5.7374,1.2891,-0.2837,3.1914,-1.5845,-3.60,-3.85,-4.5586,0.7656,12.4492,-5.2298,-6.1729,40.74,69.06,152.11,1
31.328,-1.1445,-4.8345,-0.3281,0.0041,4.7148,0.2777,-3.54,-3.80,-5.5937,-0.1914,8.8164,-6.2556,-5.2148,40.74,69.06,153.82,1
31.338,-5.6953,-4.6318,0.3164,0.0046,-0.4531,0.5458,-3.51,-3.81,-5.5937,-0.1914,8.8164,-6.2584,-5.3751,40.74,69.06,147.93,1
31.356,-5.9531,-4.9541,0.8828,0.1384,-0.8008,0.2347,-3.43,-3.84,-5.8594,0.3828,8.4609,-6.5281,-5.6847,40.74,69.06,150.78,1
31.377,-4.3750,-4.9454,-0.4648,0.0939,1.5742,0.4073,-3.38,-3.76,-4.5977,-0.9570,9.2695,-5.2523,-5.4592,40.74,69.06,146.78,1
31.396,-4.1836,-4.8086,0.8984,0.0434,0.5703,0.4349,-3.35,-3.74,-4.1367,0.4219,9.8477,-4.7888,-5.3290,40.74,69.06,147.38,1
31.407,-4.1836,-4.7126,0.8984,0.1747,0.5703,0.4557,-3.28,-3.71,-4.0625,-0.8828,9.0000,-4.7085,-5.2391,40.74,69.06,146.61,1
31.426,-4.0859,-4.5410,-0.4141,0.0895,-0.2695,0.3024,-3.22,-3.69,-3.4492,0.7656,8.7734,-4.0924,-5.0391,40.74,69.06,140.43,1
31.446,-4.2734,-4.2712,0.8438,0.3525,-1.3047,-0.0224,-3.16,-3.65,-4.2891,0.3828,7.9727,-4.9252,-4.9005,40.74,69.06,140.86,1
31.457,-4.2734,-4.2715,0.8438,0.4280,-1.3047,-0.2193,-3.14,-3.66,-2.7578,0.5352,10.7695,-3.3969,-4.7823,40.74,69.06,141.06,1
31.475,-3.3242,-3.8813,0.3398,0.5588,-0.6172,0.0351,-3.12,-3.65,-3.3711,-0.1133,8.6562,-4.0075,-4.4458,40.74,69.06,141.36,1
31.495,-2.6562,-3.6699,0.5664,0.5148,-0.3477,-0.1283,-3.10,-3.65,-2.7187,0.1133,8.9258,-3.3551,-4.1772,40.74,69.06,141.84,1
31.508,-4.4805,-3.5915,0.6055,0.5294,-3.5273,-0.4312,-3.10,-3.66,-4.5586,0.1523,5.7461,-5.1968,-4.4027,40.74,69.06,135.89,1
31.525,-2.7422,-3.7045,0.1016,0.5106,0.6094,-0.9784,-3.09,-3.74,-2.8359,-0.3437,9.8828,-3.4881,-4.2500,40.74,69.06,137.19,1
31.546,-2.5781,-3.3401,-0.5898,0.2182,1.3359,-0.2763,-3.07,-3.70,-2.5664,-0.2695,9.6094,-3.2111,-3.9262,40.74,69.06,133.82,1
31.566,-2.7617,-3.0656,0.2930,0.1692,0.6875,0.0187,-3.05,-3.66,-2.9102,-0.1523,9.9609,-3.5491,-3.7570,40.74,69.06,134.75,1
31.578,-2.7539,-2.9972,0.2930,0.1966,0.6797,0.1655,-3.05,-3.64,-3.8672,-0.8828,8.3945,-4.5027,-3.7868,40.74,69.06,132.29,1
31.596,-3.6953,-3.1365,-0.4453,0.0605,-0.8828,-0.0345,-3.01,-3.59,-3.5234,-0.2305,10.1133,-4.1504,-3.9607,40.74,69.06,130.91,1
31.615,-4.0937,-3.2794,-1.0547,-0.0278,-1.8867,-0.0549,-2.98,-3.47,-4.3281,-1.4922,7.3945,-4.9337,-4.1978,40.74,69.06,128.53,1
31.627,-4.0937,-3.4045,-1.0547,-0.1856,-1.8867,-0.3362,-2.97,-3.45,-3.9062,-0.5352,8.7383,-4.5078,-4.2765,40.74,69.06,128.14,1
31.645,-5.1875,-3.6347,-0.1914,-0.2195,-1.7734,-0.5830,-2.92,-3.40,-5.4766,-0.6133,7.5117,-6.0701,-4.7007,40.74,69.06,129.53,1
31.665,-3.6953,-3.9557,-0.2695,-0.2178,-0.3477,-0.8065,-2.89,-3.33,-4.0234,-0.6914,8.9258,-4.6051,-4.7651,40.74,69.06,122.47,1
31.678,-3.9922,-3.9218,0.7266,-0.1496,1.2227,-0.5793,-2.87,-3.35,-4.3281,0.3047,10.4961,-4.9143,-4.7978,40.74,69.06,120.58,1
31.696,-3.9297,-3.9368,-0.5039,0.0005,0.1133,-0.1570,-2.85,-3.32,-4.2891,-0.9180,9.3867,-4.8693,-4.8211,40.74,69.06,122.55,1
31.717,-4.4531,-4.0506,0.4531,0.0692,-0.1953,-0.1487,-2.83,-3.32,-4.7891,-0.8828,9.5430,-5.3693,-4.9845,40.74,69.06,120.53,1
31.729,-4.3828,-4.1068,-0.4687,0.0544,0.2656,-0.1190,-2.83,-3.29,-4.7891,-0.8828,9.5430,-5.3642,-5.0429,40.74,0.00,117.50,1
31.749,-3.2695,-4.0299,-0.4687,-0.1239,0.0742,-0.0172,-2.83,-3.27,-3.7930,-0.8047,10.1484,-4.3648,-4.8530,40.74,0.00,118.79,1
31.767,-3.3320,-3.8281,-0.3906,-0.2044,0.8789,0.1868,-2.84,-3.24,-4.6367,-1.2656,9.1953,-5.2026,-4.7804,40.74,0.00,115.73,1
31.780,-4.1523,-3.8443,-0.8438,-0.3152,-0.0781,0.1930,-2.84,-3.26,-4.8633,-1.0352,8.3516,-5.4331,-4.8928,40.74,0.00,114.46,1
31.797,-4.3633,-3.9784,-0.6133,-0.4141,-0.9141,-0.0689,-2.83,-3.30,-3.3320,0.0391,11.2969,-3.9091,-4.9249,40.74,0.00,114.81,1
31.815,-3.5312,-3.7265,-0.8711,-0.2823,-1.9492,0.1606,-2.86,-3.31,-4.0625,-1.3008,7.3164,-4.6405,-4.7404,40.74,0.00,115.87,1
31.836,-3.7812,-3.6911,-0.2969,-0.4034,-1.6797,-0.4162,-2.87,-3.41,-4.3281,-0.7266,7.5898,-4.9235,-4.7747,40.74,0.00,113.10,1
31.848,-3.9961,-3.7221,-0.2227,-0.3811,-0.8398,-0.5431,-2.87,-3.41,-4.5586,-0.6523,8.4219,-5.1540,-4.8330,40.74,0.00,112.25,1
31.865,-1.3750,-3.5901,-1.0195,-0.3999,3.5195,-0.2785,-2.88,-3.54,-1.9531,-1.4570,12.7891,-2.5706,-4.3537,40.74,0.00,111.38,1
31.889,-1.2305,-2.8128,0.4453,-0.3861,3.5195,1.0163,-2.91,-3.52,-3.7148,-0.0781,8.7344,-4.3298,-3.8630,40.74,0.00,109.99,1
31.899,-3.0820,-2.7178,0.3672,-0.2647,-0.5391,1.0761,-2.94,-3.46,-3.7148,-0.0781,8.7344,-4.3197,-3.9332,40.74,0.00,107.58,1
31.919,-5.5586,-3.2224,-0.4648,-0.1771,-4.9453,-0.1513,-2.96,-3.54,-3.3320,-0.2305,10.3867,-3.9492,-4.5446,40.74,0.00,106.97,1
31.936,-2.6758,-3.2470,0.2227,-0.1065,1.1094,-0.1710,-3.00,-3.59,-3.3320,-1.5313,9.9219,-3.9582,-4.3775,40.74,0.00,105.06,1
31.955,-3.2187,-3.0909,-0.6484,-0.3272,0.8867,0.1555,-3.02,-3.59,-3.9062,-1.1094,10.1523,-4.5318,-4.3621,40.74,0.00,103.17,1
31.967,-3.2187,-3.1105,-0.6484,-0.3766,0.8867,0.2678,-3.03,-3.56,-3.4102,-0.8438,10.7695,-4.0313,-4.3478,40.74,0.00,100.22,1
31.986,-3.1172,-3.0303,-0.2578,-0.3839,1.0000,0.6127,-3.05,-3.48,-3.8672,-0.7266,10.2656,-4.4742,-4.3381,40.74,0.00,101.25,1
32.006,-3.5391,-3.0887,0.1250,-0.3175,-1.7969,0.4988,-3.05,-3.42,-4.3281,-0.3437,7.4727,-4.9247,-4.4759,40.74,0.00,96.52,1
32.018,-3.5391,-3.1579,0.1250,-0.2496,-1.7969,0.1462,-3.06,-3.40,-4.6719,-0.1523,8.3555,-5.2651,-4.5718,40.74,0.00,97.97,1
32.035,-2.9258,-3.3024,-0.5352,-0.1357,0.2344,-0.1740,-3.05,-3.45,-3.7539,-0.9961,9.5000,-4.3563,-4.6069,40.74,0.00,95.90,1
32.059,-2.2891,-3.0762,-0.6133,-0.2839,2.6875,0.3420,-3.05,-3.47,-2.4883,-1.1094,12.4453,-3.0945,-4.2965,40.74,0.00,92.98,1
32.069,-1.6211,-2.9019,-0.6484,-0.3373,3.1758,0.7414,-3.05,-3.46,-2.4883,-1.1094,12.4453,-3.0916,-4.1114,40.74,0.00,90.98,1
32.089,-3.9492,-2.8228,0.1641,-0.3186,-1.5742,0.8417,-3.08,-3.36,-4.7500,0.1133,8.2383,-5.3374,-4.4237,40.74,0.00,92.13,1
32.107,-3.8203,-3.1138,0.5820,-0.0892,-1.0469,0.2732,-3.10,-3.33,-4.2148,0.1914,9.5039,-4.7965,-4.6387,40.74,0.00,90.25,1
32.120,-3.2539,-3.1831,0.6602,0.0714,0.2187,0.1755,-3.12,-3.30,-3.1016,-0.2305,10.5312,-3.6787,-4.5836,40.74,0.00,88.61,1
32.137,-2.1172,-2.9516,0.2383,0.1450,1.2617,0.4186,-3.16,-3.25,-4.4805,-0.3437,8.5000,-5.0481,-4.4350,40.74,0.00,86.19,1
32.157,-3.4648,-3.0132,0.1328,0.1481,-0.7695,0.2082,-3.17,-3.24,-3.8320,-1.2266,8.7344,-4.3983,-4.5570,40.74,0.00,86.64,1
32.176,-3.4258,-3.0273,-0.3672,-0.0769,-1.2734,-0.1201,-3.17,-3.25,-4.4805,-0.8438,8.0117,-5.0495,-4.6467,40.74,0.00,85.59,1
32.188,-3.4258,-3.0885,-0.3672,-0.1215,-1.2734,-0.2973,-3.17,-3.27,-3.0273,0.0781,10.6133,-3.5983,-4.5926,40.74,0.00,83.19,1
32.206,-3.3437,-2.8947,-0.3359,-0.0166,-1.4648,-0.1157,-3.17,-3.23,-4.4453,-0.8047,7.8164,-5.0110,-4.5661,40.74,0.00,83.72,1
32.229,-3.4336,-3.0616,0.1250,-0.0547,-1.2734,-0.5462,-3.17,-3.22,-3.4844,-0.9961,9.5430,-4.0475,-4.6632,40.74,0.00,82.07,1
32.239,-2.3516,-3.0322,-0.5273,-0.0793,0.2578,-0.5354,-3.16,-3.22,-3.4844,-0.9961,9.5430,-4.0479,-4.5687,40.74,0.00,80.48,1
32.257,-1.7852,-2.7938,-0.1523,-0.1763,1.5586,-0.2064,-3.15,-3.24,-2.9492,-0.6133,10.8359,-3.5165,-4.3034,40.74,0.00,77.30,1
32.276,-1.7695,-2.4465,-0.0352,-0.1422,0.6016,0.1835,-3.14,-3.23,-2.6797,0.0781,11.0742,-3.2444,-4.0125,40.74,0.00,77.85,1
32.296,-3.2187,-2.2704,0.4609,0.0525,-1.2734,0.4162,-3.15,-3.18,-4.4453,0.0000,8.0117,-5.0011,-4.1397,40.74,0.00,75.76,1
32.309,-3.2031,-2.4779,0.4609,0.1429,-1.2734,0.0423,-3.15,-3.17,-4.7109,0.2695,7.3164,-5.2655,-4.3513,40.74,0.00,75.32,1
32.326,-3.4453,-2.7372,0.7305,0.2927,-1.9727,-0.4856,-3.17,-3.15,-2.3359,0.2695,11.6406,-2.8869,-4.4197,40.74,0.00,73.57,1
32.345,-2.8711,-2.4427,-0.5742,0.3376,-0.9688,-0.0294,-3.22,-3.12,-4.1758,-1.0352,8.3125,-4.7217,-4.3031,40.74,0.00,71.38,1
32.358,-2.8711,-2.5085,-0.5742,0.1975,-0.9688,-0.1737,-3.23,-3.11,-4.1367,-0.2695,9.2695,-4.6814,-4.3641,40.74,0.00,70.75,1
32.375,-3.3594,-2.6569,0.1992,0.1538,-0.2695,-0.1955,-3.25,-3.07,-4.7109,-0.2695,9.0039,-5.2485,-4.5978,40.74,0.00,69.44,1
32.395,-1.2617,-2.6883,0.3164,0.1760,2.4805,0.0035,-3.26,-3.05,-2.6445,-0.1523,11.7617,-3.1786,-4.3245,40.74,0.00,68.25,1
32.409,-3.0742,-2.5176,0.3164,0.2071,-0.4258,0.3192,-3.27,-3.02,-4.4805,-0.1523,8.8437,-5.0097,-4.4765,40.74,0.00,65.89,1
32.426,-3.2422,-2.6889,0.4687,0.2503,-0.6250,0.0920,-3.28,-3.05,-4.6719,0.0000,8.6562,-5.2052,-4.6710,40.74,0.00,65.89,1
32.446,-3.2266,-2.8423,-1.2539,-0.0690,-0.9688,-0.1875,-3.28,-3.05,-3.7539,-0.5352,10.1133,-4.2882,-4.7492,40.74,0.00,63.18,1
32.467,-1.8867,-2.6745,-0.0195,-0.1340,1.1016,0.0785,-3.28,-3.05,-3.3711,-0.4961,10.3828,-3.9057,-4.5078,40.74,0.00,61.29,1
32.478,-1.8633,-2.4965,-0.0273,-0.1099,1.1016,0.3049,-3.27,-3.02,-4.2891,-0.8438,8.3516,-4.8188,-4.4469,40.74,0.00,60.11,1
32.497,-2.7656,-2.5166,-0.3750,-0.1634,-0.9297,0.0813,-3.26,-3.00,-3.3320,0.1133,10.3828,-3.8584,-4.4752,40.74,0.00,58.87,1
32.515,-2.1836,-2.3537,-0.6133,-0.0613,-0.1250,0.2146,-3.27,-2.97,-3.7539,-1.0742,9.1602,-4.2742,-4.3568,40.74,0.00,57.41,1
32.528,-2.1836,-2.3276,-0.6133,-0.1461,-0.1250,0.1624,-3.27,-2.97,-4.5586,0.5352,7.9727,-5.0788,-4.4085,40.74,0.00,55.54,1
32.546,-1.4102,-2.3741,0.1992,0.0873,1.1016,-0.0792,-3.28,-2.97,-3.0273,-0.2695,10.3828,-3.5479,-4.2986,40.74,0.00,55.10,1
32.565,-2.3828,-2.1785,0.0469,0.1069,-0.2422,0.1482,-3.30,-2.95,-4.0234,-0.4219,9.0391,-4.5412,-4.3058,40.74,0.00,52.42,1
32.579,-2.5586,-2.2378,-0.1523,0.0776,-0.2031,0.0649,-3.29,-2.91,-4.2148,-0.6133,9.0781,-4.7251,-4.3991,40.74,0.00,52.42,1
32.596,-1.7227,-2.2619,-0.1133,0.0155,0.3047,0.0295,-3.28,-2.83,-3.4102,-0.5742,9.5820,-3.9064,-4.3105,40.74,0.00,52.34,1
32.619,-2.2266,-2.1555,-0.2383,-0.0476,-0.0781,0.0645,-3.26,-2.75,-3.6758,-0.0781,9.4648,-4.1580,-4.2988,40.74,0.00,49.00,1
32.630,-1.9414,-2.1436,0.3750,-0.0278,0.1875,0.0639,-3.25,-2.72,-3.6758,-0.0781,9.4648,-4.1537,-4.2765,40.74,0.00,49.27,1
32.649,-2.3398,-2.1474,0.6445,0.1278,-0.6562,-0.0307,-3.24,-2.69,-2.6445,-0.1914,11.8359,-3.1165,-4.2171,40.74,0.00,49.27,1
32.667,-0.8711,-1.8770,0.2617,0.1897,2.5625,0.5043,-3.21,-2.62,-5.1328,-0.6914,6.9336,-5.5935,-4.1018,40.74,0.00,45.86,1
32.685,-1.4063,-2.0787,0.1016,0.0980,2.0664,0.1681,-3.19,-2.58,-3.2187,-0.3437,11.3398,-3.6730,-4.1857,40.74,0.00,45.39,1
32.698,-1.4063,-1.9754,0.1016,0.0986,2.0664,0.4597,-3.19,-2.53,-5.0937,-0.8438,7.7734,-5.5389,-4.2555,40.74,0.00,42.66,1
32.716,-2.0469,-2.2080,0.0547,-0.0060,0.4883,0.1558,-3.17,-2.48,-3.9062,-0.3828,9.7656,-4.3428,-4.4279,40.74,0.00,41.35,1
32.736,-2.3320,-2.1851,0.5586,0.0515,-0.0117,0.2101,-3.15,-2.43,-4.2148,0.1133,9.2695,-4.6434,-4.4701,40.74,0.00,41.35,1
32.749,-1.7773,-2.1733,-0.1367,0.1081,0.5273,0.2042,-3.15,-2.41,-3.6758,-0.5742,9.8086,-4.1005,-4.3886,40.74,0.00,38.42,1
32.767,-1.5625,-2.0438,0.5156,0.0909,1.1758,0.3477,-3.15,-2.38,-3.4844,0.0781,10.4531,-3.9038,-4.2633,40.74,0.00,36.75,1
32.789,-2.2617,-1.9871,-0.5586,0.0707,-0.3945,0.3888,-3.16,-2.30,-4.8281,-0.9180,8.1211,-5.2347,-4.3935,40.74,0.00,36.75,1
32.800,-2.8594,-2.0771,-0.4805,-0.0197,-1.1602,0.2072,-3.15,-2.28,-4.8281,-0.9180,8.1211,-5.2299,-4.5219,40.74,0.00,34.15,1
32.819,-2.1055,-2.2280,-0.2891,-0.1474,-0.4336,-0.1473,-3.14,-2.23,-4.0977,-0.5352,9.7695,-4.4908,-4.5538,40.74,0.00,34.15,1
32.837,-2.0898,-2.1898,-0.1055,-0.1469,0.4883,-0.0245,-3.12,-2.18,-4.4453,-0.2305,8.8867,-4.8310,-4.5622,40.74,0.00,32.14,1
32.856,-2.1289,-2.2233,-0.2227,-0.0801,0.2578,-0.0479,-3.11,-2.15,-4.1758,-0.6523,9.5430,-4.5555,-4.5924,40.74,0.00,32.14,1
32.868,-2.1289,-2.2088,-0.2227,-0.1020,0.2578,-0.0009,-3.10,-2.13,-3.8672,-0.1523,9.8047,-4.2437,-4.5615,40.74,0.00,28.80,1
32.887,-2.3203,-2.1293,-0.1445,-0.0351,-1.1992,0.0256,-3.08,-2.08,-4.4062,-0.5742,8.0781,-4.7743,-4.5701,40.74,0.00,28.80,1
32.906,-1.8750,-2.1478,-0.3437,-0.0821,0.4883,-0.1868,-3.05,-2.05,-3.9844,-0.7656,9.7695,-4.3476,-4.5338,40.74,0.00,26.44,1
32.919,-1.8750,-2.1059,-0.3437,-0.1223,0.4883,-0.0831,-3.04,-2.04,-4.3672,-0.9180,8.3125,-4.7288,-4.5356,40.74,0.00,26.44,1
32.936,-2.1406,-2.1232,0.5352,-0.1601,-0.1250,-0.2340,-3.00,-2.01,-4.2891,0.1133,9.1602,-4.6459,-4.5829,40.74,0.00,26.44,1
32.959,-1.3516,-2.0079,-0.2383,-0.0419,0.5937,-0.0864,-2.97,-1.98,-3.6016,-0.8828,9.6523,-3.9520,-4.3918,40.74,0.00,22.68,1
32.970,-1.4219,-1.9127,-0.4766,-0.0911,0.3711,0.0002,-2.96,-1.94,-3.6016,-0.8828,9.6523,-3.9461,-4.3233,40.74,0.00,22.68,1
32.990,-2.1641,-1.8594,-0.2148,-0.1823,-0.7070,-0.0389,-2.90,-1.91,-3.9844,-0.4219,9.0391,-4.3231,-4.3794,40.74,0.00,22.68,1
33.007,-1.7656,-1.8576,-0.0234,-0.1492,-0.2500,-0.1273,-2.86,-1.88,-3.7930,-0.4219,10.0742,-4.1274,-4.3468,40.74,0.00,19.14,1
33.026,-2.1562,-1.8324,0.0469,-0.1079,-0.4766,-0.0339,-2.83,-1.87,-4.4062,-0.3437,8.8125,-4.7391,-4.3784,40.74,0.00,19.14,1
33.038,-2.1562,-1.8822,0.0469,-0.0841,-0.4766,-0.1019,-2.79,-1.85,-3.9062,-0.5352,9.6914,-4.2348,-4.3931,40.74,0.00,19.14,1
33.056,-1.6328,-1.8441,-0.1523,-0.0911,0.4023,-0.0137,-2.74,-1.81,-4.6719,-1.3398,8.4258,-4.9935,-4.4081,40.74,0.00,19.14,1
33.075,-1.7500,-1.9325,-0.0937,-0.2727,-0.0937,-0.1692,-2.68,-1.78,-4.0625,-0.4609,9.1992,-4.3799,-4.4716,40.74,0.00,13.75,1
33.089,-1.7500,-1.9045,-0.0937,-0.2452,-0.0937,-0.1576,-2.66,-1.77,-3.8320,-0.2695,9.4258,-4.1473,-4.4387,40.74,0.00,13.75,1
33.107,-0.6445,-1.7133,-0.0234,-0.1490,1.5117,0.0387,-2.61,-1.78,-2.9883,-0.3828,10.7969,-3.3051,-4.1530,40.74,0.00,13.75,1
33.126,-1.7305,-1.4970,-0.0312,-0.1140,-0.0937,0.3280,-2.56,-1.79,-4.0977,-0.3828,9.1992,-4.4161,-4.1582,40.74,0.00,13.75,1
33.140,-1.5703,-1.5359,-0.1094,-0.1019,0.2812,0.2647,-2.54,-1.79,-3.9453,-0.4609,9.5781,-4.2643,-4.1817,40.74,0.00,13.75,1
33.157,-2.8125,-1.6450,-0.7383,-0.1544,-1.4805,0.1284,-2.47,-1.79,-5.2109,-1.0742,7.8125,-5.5288,-4.4849,40.74,0.00,13.75,1
33.178,-1.4922,-1.7312,-0.2773,-0.2545,-0.1406,-0.1259,-2.42,-1.80,-4.0977,-0.6523,9.6523,-4.4177,-4.3983,40.74,0.00,13.75,1
33.198,-1.8906,-1.7174,0.2070,-0.2331,-0.8008,-0.0843,-2.35,-1.71,-4.3281,-0.1133,8.5039,-4.6326,-4.4530,40.74,0.00,13.75,1
33.208,-1.8750,-1.7533,0.1992,-0.1369,-0.8008,-0.2429,-2.33,-1.63,-3.9062,-0.3437,9.0430,-4.1979,-4.4562,40.74,0.00,13.75,1
33.227,-1.4453,-1.6927,-0.0312,-0.0926,-0.2656,-0.2827,-2.26,-1.52,-3.2930,-0.6133,9.0391,-3.5648,-4.3296,40.74,0.00,13.75,1
33.245,-0.3125,-1.3897,-0.3555,-0.1557,-0.4922,-0.2950,-2.16,-1.44,-2.7969,-0.6523,8.8125,-3.0559,-3.9557,40.74,0.00,13.75,1
33.259,-0.3125,-1.2242,-0.3555,-0.1864,-0.4922,-0.3253,-2.11,-1.42,-1.8008,-0.5352,9.3437,-2.0560,-3.7372,40.74,0.00,13.75,1
33.277,1.2734,-0.5837,-0.2617,-0.2158,-0.5312,-0.2763,-2.04,-1.38,-1.2266,-0.5352,8.7773,-1.4759,-3.0355,40.74,0.00,13.75,1
33.297,1.8789,-0.0086,-0.0859,-0.2148,-0.0039,-0.3064,-1.97,-1.38,-0.6133,-0.3437,9.3047,-0.8615,-2.4571,40.74,0.00,13.75,1
33.310,2.7969,0.4826,-0.6250,-0.2294,1.2227,-0.1414,-1.94,-1.39,0.3047,-0.8828,10.5352,0.0549,-1.9011,40.74,0.00,13.75,1
33.327,2.4141,1.1083,-1.1289,-0.3819,0.1797,0.1620,-1.85,-1.39,-0.0781,-1.3789,9.5039,-0.3283,-1.4310,40.74,0.00,13.75,1
33.348,3.3281,1.8815,0.1211,-0.3204,1.4805,0.5379,-1.75,-1.42,0.1523,-0.6133,9.5430,-0.1032,-0.6911,40.74,0.00,13.75,1
33.361,2.6289,2.0478,-0.3945,-0.2939,0.2109,0.5811,-1.69,-1.46,0.1523,-0.6133,9.5430,-0.1096,-0.6018,40.74,0.00,13.75,1
33.379,3.4648,2.3743,-0.8008,-0.3906,1.2656,0.6169,-1.55,-1.48,-0.1133,-0.4609,9.2305,-0.3784,-0.2845,40.74,0.00,13.75,1
33.396,2.3477,2.4363,-0.2734,-0.3902,-0.1133,0.4957,-1.42,-1.46,0.7266,-0.9570,10.3867,0.4647,-0.2433,40.74,0.00,13.75,1
33.416,1.7422,2.5287,-1.1016,-0.5208,-1.3008,0.4277,-1.26,-1.40,-0.7266,-1.2656,8.0391,-0.9777,-0.3208,40.74,0.00,13.75,1
33.429,1.7422,2.4079,-1.1016,-0.6100,-1.3008,0.1622,-1.18,-1.38,0.6914,-0.5352,9.9609,0.4425,-0.3079,40.74,0.00,13.75,1
33.446,2.0859,2.4971,-0.5352,-0.5899,-0.5781,0.1102,-1.01,-1.34,-0.3828,-0.6523,8.7773,-0.6237,-0.2875,40.74,0.00,13.75,1
33.466,2.6523,2.4258,-0.4336,-0.5663,-1.0781,-0.1250,-0.83,-1.29,0.1914,-0.5352,8.2734,-0.0419,-0.2541,40.74,0.00,13.75,1
33.480,3.1133,2.5128,0.4609,-0.4653,-0.1562,-0.2622,-0.73,-1.28,0.6523,0.3828,9.1953,0.4213,-0.1048,40.74,0.00,13.75,1
33.497,3.7344,2.7672,0.2070,-0.1715,0.3320,-0.1886,-0.57,-1.20,1.2656,0.1523,9.6875,1.0475,0.2132,40.74,0.00,13.75,1
33.519,3.7695,3.1023,0.9883,0.0776,0.8008,0.0609,-0.40,-1.12,0.9961,1.2656,10.9961,0.7919,0.4872,40.74,0.00,13.75,1
33.537,3.4727,3.2259,1.2813,0.4007,1.6445,0.4575,-0.27,-0.97,0.2305,0.0000,10.0703,0.0526,0.5182,40.74,0.00,13.75,1
33.549,2.7148,3.1641,0.0078,0.4000,0.7227,0.5786,-0.20,-0.90,-2.0703,0.0781,7.7344,-2.2364,0.2337,40.74,0.00,13.75,1
33.567,0.4141,2.5275,0.0703,0.3026,-1.6133,0.1025,-0.07,-0.79,-0.5742,-0.2305,8.3516,-0.7220,-0.3430,40.74,0.00,13.75,1
33.587,1.5742,2.2060,-0.0312,0.1493,-0.7344,-0.2873,0.05,-0.70,-0.9180,0.0000,8.6211,-1.0507,-0.5444,40.74,0.00,0.00,1
33.599,1.5742,2.1090,-0.0312,0.1215,-0.7344,-0.3560,0.11,-0.65,0.7266,0.7266,10.3477,0.6030,-0.4892,40.74,0.00,0.00,1
33.617,2.6055,2.3424,0.2422,0.2345,-0.3555,-0.1047,0.22,-0.52,0.1133,0.3047,9.0000,0.0117,-0.2476,40.74,0.00,0.00,1
33.637,3.5273,2.4908,-0.0781,0.2110,0.4180,-0.1139,0.32,-0.40,1.0352,0.0000,9.7656,0.9540,0.0344,40.74,0.00,0.00,1
33.650,3.5273,2.6500,-0.0781,0.1666,0.4180,-0.0322,0.38,-0.35,0.0000,0.0391,7.9297,-0.0726,0.0942,40.74,0.00,0.00,1
33.667,2.7969,2.8404,-0.6836,0.0488,-0.4648,0.0248,0.50,-0.27,0.3047,-0.5742,8.8867,0.2456,0.1173,40.74,0.00,0.00,1
33.689,1.8711,2.6833,-1.1680,-0.2753,-2.3398,-0.4301,0.66,-0.17,0.2695,-0.4219,8.7734,0.2276,-0.0239,40.74,0.00,0.00,1
33.701,2.7539,2.6292,-0.5703,-0.3646,-0.5781,-0.5825,0.75,-0.13,0.2695,-0.4219,8.7734,0.2352,0.0159,40.74,0.00,0.00,1
33.721,2.4766,2.6291,-0.0586,-0.3561,-0.2734,-0.5342,0.91,-0.04,1.3789,0.0391,11.8359,1.3591,0.1289,40.74,0.00,0.00,1
33.746,1.9258,2.8827,0.4414,-0.2225,1.0313,0.3924,1.14,0.07,-0.5352,0.6523,10.3867,-0.5350,0.1954,40.74,0.00,0.00,1
33.756,2.0703,2.7473,0.0781,-0.1495,1.9492,0.5639,1.14,0.07,-0.3828,0.3047,11.2969,-0.3827,0.1066,40.74,0.00,0.00,1
33.769,2.0703,2.6433,0.0781,-0.1146,1.9492,0.7767,1.31,0.18,-2.1445,-0.6523,8.6172,-2.1261,-0.1067,40.74,0.00,0.00,1
33.787,2.5742,2.1296,-0.5625,-0.2982,3.1055,0.7241,1.49,0.29,0.1133,-0.3047,12.4492,0.1511,-0.2905,40.74,0.00,0.00,1
33.806,1.1523,2.1674,-0.9336,-0.4196,0.2695,1.3091,1.66,0.40,-1.3008,-0.6523,9.6133,-1.2452,-0.4478,40.74,0.00,0.00,1
33.820,1.1523,2.0115,-0.9336,-0.4985,0.2695,1.1494,1.75,0.44,-0.0781,0.3047,10.5703,-0.0156,-0.4714,40.74,0.00,0.00,1
33.838,1.6406,2.0050,1.0508,-0.2996,-0.2344,1.0032,1.92,0.52,-0.8047,1.3789,9.1172,-0.7287,-0.4732,40.74,0.00,0.00,1
33.855,2.4297,1.9648,1.5273,0.1215,0.3867,0.7019,2.11,2.17,0.0000,1.8789,9.7305,0.3596,-0.3040,40.74,0.00,0.00,1
33.871,1.0508,1.9574,1.2422,0.4098,-2.0664,0.4359,2.19,2.81,-1.3789,1.6094,7.2773,-0.9099,-0.4455,40.74,0.00,0.00,1
33.888,1.6563,1.7487,0.8828,0.6171,-0.4570,-0.1450,2.34,3.86,-0.7656,1.2656,8.8867,-0.1170,-0.4018,40.74,0.00,0.00,1
33.907,1.8867,1.7682,-0.2773,0.4510,-0.8398,-0.3361,2.46,4.67,-1.3008,-0.0781,7.2773,-0.5145,-0.2568,40.74,0.00,0.00,1
33.927,2.0859,1.6655,-0.3437,0.1536,-0.9609,-0.7689,2.58,5.30,-0.3047,0.0781,8.3906,0.5897,-0.0966,40.74,0.00,0.00,1
33.939,2.0859,1.7585,-0.3516,0.0423,-0.9609,-0.8114,2.64,5.58,-0.4609,0.1523,8.0820,0.4806,0.0532,40.74,0.00,0.00,1
33.957,1.9219,1.8151,-0.2930,-0.0564,-1.2695,-0.9221,2.76,6.05,0.7266,1.2656,9.7266,1.7483,0.2872,40.74,0.00,0.00,1
33.977,2.6641,2.1495,1.0234,0.1917,-0.1562,-0.6158,2.87,6.45,0.3047,1.4922,9.1953,1.3948,0.7088,40.74,0.00,0.00,1
33.990,2.6641,2.2285,1.0234,0.3195,-0.1562,-0.5452,2.92,6.66,0.8047,1.5313,10.1914,1.9289,0.8594,40.74,0.00,0.00,1
34.007,2.3437,2.4516,1.1172,0.5718,-0.5312,-0.2382,3.00,7.02,0.0000,1.6094,8.8164,1.1857,1.0613,40.74,0.00,0.00,1
34.026,2.5273,2.4357,0.7578,0.6977,-0.0352,-0.2816,3.06,7.34,0.1914,1.2656,9.3047,1.4326,1.1510,40.74,0.00,0.00,1
34.041,1.1797,2.3482,0.2187,0.6679,-2.2578,-0.4049,3.09,7.48,-1.1484,0.7266,7.0859,0.1158,0.9203,40.74,0.00,0.00,1
34.058,2.5742,2.1283,0.2109,0.5399,0.3086,-0.7251,3.14,7.69,0.2695,0.7266,9.6484,1.5695,1.0138,40.74,0.00,0.00,1
34.077,1.9922,2.1515,0.2500,0.4364,0.1250,-0.4133,3.17,7.84,-0.3828,0.8438,8.6602,0.9433,1.0068,40.74,0.00,0.00,1
34.097,1.8906,2.0839,0.3203,0.3991,-0.6797,-0.4387,3.20,7.99,-0.1523,1.2266,9.4648,1.1977,1.0127,40.74,0.00,0.00,1
34.109,2.1133,2.0753,0.6953,0.4392,0.1250,-0.3685,3.22,8.06,0.1523,0.9961,9.3867,1.5147,1.0807,40.74,0.00,0.00,1
34.128,2.4180,2.1535,0.4648,0.4609,0.0508,-0.2449,3.22,8.19,-0.3437,1.0352,8.8125,1.0409,1.1693,40.74,0.00,0.00,1
34.146,2.6250,2.1544,0.4258,0.4670,1.0078,-0.1845,3.21,8.29,0.3828,0.9570,10.3477,1.7839,1.2901,40.74,0.00,0.00,1
34.160,2.6250,2.2267,0.4258,0.4607,1.0078,-0.0013,3.21,8.32,-0.0781,0.4609,9.5039,1.3288,1.3300,40.74,0.00,0.00,1
34.177,1.8281,2.2001,0.3125,0.3387,-0.2969,0.0665,3.20,8.40,-0.3828,0.8438,9.0430,1.0380,1.2656,40.74,0.00,0.00,1
34.197,1.8125,2.0934,-0.2266,0.2882,-0.2187,-0.0303,3.19,8.48,-0.3828,0.3047,9.1172,1.0507,1.2039,40.74,0.00,0.00,1
34.218,1.8906,2.0149,0.0039,0.1637,-0.4883,-0.1542,3.18,8.58,0.0000,0.8828,9.1953,1.4516,1.2067,40.74,0.00,0.00,1
34.229,2.1797,2.0189,0.3516,0.1670,-0.1406,-0.1777,3.18,8.61,0.0000,0.8828,9.1953,1.4558,1.2450,40.74,0.00,0.00,1
34.249,2.3945,2.1067,0.0820,0.1885,0.3555,-0.0889,3.15,8.65,0.0391,0.9180,9.5430,1.5023,1.3692,40.74,0.00,0.00,1
34.268,2.1953,2.1443,0.3945,0.2275,0.2031,0.0034,3.12,8.71,-0.9180,0.4961,7.6992,0.5542,1.3322,40.74,0.00,0.00,1
34.279,1.2227,2.0062,-0.0273,0.1996,-1.6367,-0.2350,3.11,8.73,-0.1523,0.8828,8.5820,1.3246,1.2223,40.74,0.00,0.00,1
34.297,1.9805,1.9517,0.3594,0.2208,-0.7461,-0.4354,3.09,8.78,0.3437,-0.0391,10.2305,1.8276,1.2924,40.74,0.00,0.00,1
34.316,2.8008,2.1249,0.4023,0.0838,2.4336,0.0479,3.08,8.83,0.6914,0.9180,11.7617,2.1843,1.5538,40.74,0.00,0.00,1
34.330,2.8008,2.2288,0.4023,0.1327,2.4336,0.4143,3.06,8.88,-0.6133,0.5352,8.3516,0.8876,1.5475,40.74,0.00,0.00,1
34.347,2.1992,2.1563,-0.8281,0.0567,-0.0586,0.3057,3.05,8.89,0.1133,-0.3047,9.2695,1.6163,1.4726,40.74,0.00,0.00,1
34.366,1.5352,2.1153,-0.0937,-0.1355,-0.9766,0.1290,3.03,8.94,-0.5352,0.4219,8.3555,0.9768,1.3721,40.74,0.00,0.00,1
34.381,1.5352,2.0262,-0.0937,-0.1291,-0.9766,-0.0408,3.02,8.96,0.1914,0.4609,10.1875,1.7065,1.3700,40.74,0.00,0.00,1
34.399,0.8203,1.9464,0.4492,-0.0657,-1.5117,-0.0281,3.01,9.01,-1.2266,0.9570,7.8164,0.2975,1.1733,40.74,0.00,0.00,1
34.418,2.0391,1.7497,0.7500,0.1561,0.9766,-0.1517,2.98,9.05,-0.4219,0.4609,9.2266,1.1080,1.1902,40.74,0.00,0.00,1
34.438,1.6016,1.7349,-0.0469,0.1482,-0.0977,-0.0694,2.96,9.07,-0.1914,0.2305,9.7656,1.3416,1.1860,40.74,0.00,0.00,1
34.450,1.8242,1.7396,-0.2773,0.0696,0.4414,0.0071,2.95,9.08,-0.0391,-0.1133,9.4219,1.4961,1.2331,40.74,0.00,0.00,1
34.467,1.9688,1.7956,-0.6133,-0.1031,0.0937,0.0534,2.94,9.09,0.2305,0.4219,9.5820,1.7683,1.3297,40.74,0.00,0.00,1
34.486,1.4805,1.8657,0.0664,-0.1153,-1.0156,0.0118,2.92,9.14,-0.4961,0.5742,8.3164,1.0485,1.3202,40.74,0.00,0.00,1
34.500,1.4805,1.8065,0.0664,-0.0874,-1.0156,-0.1460,2.91,9.13,0.2305,1.3008,10.3477,1.7746,1.3365,40.74,0.00,0.00,1
34.519,1.8398,1.8689,0.1602,0.1221,0.8398,0.1227,2.88,9.18,-0.1133,0.6523,10.1484,1.4388,1.4118,40.74,0.00,0.00,1
34.536,1.0625,1.7952,0.1602,0.1350,-0.5000,0.2600,2.86,9.23,-0.8828,0.6523,8.8125,0.6772,1.2525,40.74,0.00,0.00,1
34.559,1.1172,1.5538,-0.2617,0.0788,-0.5391,-0.0051,2.85,9.23,-0.9180,-0.0781,8.1211,0.6431,1.0697,40.74,0.00,0.00,1
34.568,0.9961,1.4770,-0.5703,0.0018,-1.1914,-0.1393,2.83,9.24,-0.9180,-0.0781,8.1211,0.6441,1.0044,40.74,0.00,0.00,1
34.590,1.9375,1.4577,0.1680,-0.0798,0.3789,-0.2568,2.81,9.22,0.0781,0.7266,10.3867,1.6370,1.1551,40.74,0.00,0.00,1
34.607,1.9688,1.6007,0.2422,0.0069,1.0703,0.0765,2.78,9.25,0.4609,0.4219,10.4180,2.0250,1.3235,40.74,0.00,0.00,1
34.626,1.2070,1.7384,0.2891,0.0304,-0.5391,0.2937,2.76,9.27,-0.6523,0.7656,8.7734,0.9148,1.3172,40.74,0.00,0.00,1
34.637,1.2070,1.6568,0.2891,0.0701,-0.5391,0.1658,2.75,9.27,-0.5742,0.6523,8.9609,0.9925,1.2616,40.74,0.00,0.00,1
34.658,0.4961,1.4593,-0.2852,0.0758,-2.0352,-0.1552,2.72,9.27,-1.3398,0.1914,7.2773,0.2279,1.0006,40.74,0.00,0.00,1
34.670,0.4883,1.2449,-0.2852,-0.0041,-2.0352,-0.5713,2.71,9.27,0.4961,0.4609,10.2656,2.0633,0.9764,40.74,0.00,0.00,1
34.687,2.3086,1.4332,-0.0078,-0.0224,0.9531,-0.3251,2.67,9.28,0.0391,0.3047,9.6875,1.6082,1.2482,40.74,0.00,0.00,1
34.706,2.2187,1.6298,-0.0781,-0.0533,0.6875,-0.0275,2.64,9.30,0.4219,0.3828,10.0000,1.9937,1.4564,40.74,0.00,0.00,1
34.721,2.2187,1.7203,-0.0781,-0.0571,0.6875,0.0823,2.63,9.29,-0.3047,0.5742,8.9219,1.2666,1.4807,40.74,0.00,0.00,1
34.739,1.8789,1.7103,0.2656,0.0022,0.6484,0.0668,2.61,9.29,0.1133,0.7266,9.9648,1.6834,1.4998,40.74,0.00,0.00,1
34.756,0.6406,1.6591,-0.5000,0.0157,-1.6523,0.0477,2.59,9.27,-1.1094,-0.0391,7.6602,0.4582,1.2808,40.74,0.00,0.00,1
34.778,1.8203,1.5729,-0.3398,-0.1247,0.6094,-0.0313,2.56,9.27,-0.8047,-0.0391,8.9609,0.7627,1.3344,40.74,0.00,0.00,1
34.789,0.9219,1.5391,-0.4922,-0.1699,-0.3477,-0.0095,2.55,9.28,-0.8047,-0.0391,8.9609,0.7649,1.2469,40.74,0.00,0.00,1
34.810,1.1758,1.3691,-0.0625,-0.1749,-0.5000,-0.1858,2.54,9.30,-0.3437,0.7656,9.4609,1.2284,1.1792,40.74,0.00,0.00,1
34.828,1.3594,1.3549,0.3125,-0.0600,0.1484,-0.1314,2.53,9.30,-0.0781,0.5742,9.3086,1.4935,1.2141,40.74,0.00,0.00,1
34.840,1.6016,1.3931,0.1289,-0.0058,-0.0039,-0.0929,2.52,9.29,-0.0391,0.4961,9.4219,1.5315,1.2788,40.74,0.00,0.00,1
34.858,1.6250,1.4574,0.0508,0.0151,0.1094,-0.0426,2.51,9.26,-0.0391,0.2695,9.8867,1.5272,1.3494,40.74,0.00,0.00,1
34.876,2.1758,1.5554,-0.4766,-0.0610,0.9531,0.1706,2.50,9.25,0.5352,-0.0391,10.2656,2.0999,1.5365,40.74,0.00,0.00,1
34.891,2.1758,1.6507,-0.4766,-0.1249,0.9531,0.2908,2.50,9.26,-0.5352,0.6133,8.8867,1.0311,1.5376,40.74,0.00,0.00,1
34.908,1.4648,1.5517,0.3672,-0.0444,0.1875,0.1746,2.48,9.29,-0.1523,0.8047,9.5000,1.4177,1.4505,40.74,0.00,0.00,1
34.927,0.5352,1.4527,-0.0156,0.0417,-1.6133,0.0342,2.47,9.31,-1.0742,0.4219,7.6992,0.4994,1.2380,40.74,0.00,0.00,1
34.947,1.6406,1.4371,0.3672,0.1101,0.5703,0.0502,2.45,9.32,0.0781,0.3437,9.5820,1.6533,1.3476,40.74,0.00,0.00,1
34.959,1.6641,1.4703,-0.0937,0.1128,0.2656,0.1057,2.44,9.32,0.0781,0.3437,9.5820,1.6544,1.3947,40.74,0.00,0.00,1
34.979,0.8438,1.4103,-0.1602,0.0322,-0.5781,0.0306,2.42,9.33,-0.2305,0.3047,9.0820,1.3463,1.2948,40.74,0.00,0.00,1
34.997,1.3320,1.3577,-0.1250,-0.0146,-0.2344,-0.0659,2.40,9.30,-0.0391,0.2695,9.8477,1.5340,1.3238,40.74,0.00,0.00,1
35.010,1.5078,1.3790,-0.1523,-0.0432,0.5312,0.0144,2.39,9.29,-0.3047,0.4219,8.9219,1.2668,1.3487,40.74,0.00,0.00,1
35.028,1.2266,1.3533,0.0000,-0.0405,-0.3867,-0.0422,2.38,9.28,0.0000,0.7266,10.0742,1.5683,1.3492,40.74,0.00,0.00,1
35.046,1.5938,1.3983,-0.1914,0.0201,0.4180,0.1386,2.36,9.30,0.0781,0.2305,9.7266,1.6506,1.4420,40.74,0.00,0.00,1
35.061,1.5938,1.4283,-0.1914,-0.0124,0.4180,0.1815,2.35,9.31,-0.9180,0.4961,8.3945,0.6555,1.3945,40.74,0.00,0.00,1
35.078,0.8789,1.2751,-0.2227,-0.0282,-0.4648,-0.0114,2.34,9.32,-0.6133,0.1914,8.8437,0.9618,1.2322,40.74,0.00,0.00,1
35.097,0.9023,1.1646,-0.4141,-0.0986,-0.5781,-0.1491,2.32,9.30,-0.5742,0.0000,8.7344,0.9976,1.1635,40.74,0.00,0.00,1
35.119,1.7969,1.3299,-0.1094,-0.1198,0.5703,0.0304,2.30,9.26,0.2695,0.4961,10.4531,1.8345,1.1725,40.74,0.00,0.00,1
35.129,1.7148,1.3951,0.0820,-0.1028,1.1367,0.1586,2.30,9.26,0.2695,0.4961,10.4531,1.8350,1.2742,40.74,0.00,0.00,1
35.150,1.5508,1.4789,-0.2539,-0.0914,0.2578,0.3571,2.30,9.27,-0.7656,0.6914,8.6211,0.8014,1.3513,40.74,0.00,0.00,1
35.168,0.6641,1.3030,0.2852,-0.0182,-0.6953,0.1180,2.28,9.26,-0.3437,0.6133,9.4219,1.2217,1.2290,40.74,0.00,0.00,1
35.180,1.0703,1.2240,0.1992,0.0357,0.1016,0.0604,2.27,9.25,-1.0352,0.0000,7.8906,0.5297,1.1719,40.74,0.00,0.00,1
35.198,0.3711,1.0257,-0.4062,-0.0519,-1.4297,-0.2668,2.27,9.22,0.2305,0.6523,10.2695,1.7890,1.0897,40.74,0.00,0.00,1
35.217,1.3359,1.1326,-0.1758,-0.0214,0.4883,-0.0247,2.26,9.19,-0.0391,0.2305,9.8086,1.5152,1.2671,40.74,0.00,0.00,1
35.236,1.6641,1.2165,-0.2070,-0.0677,0.5703,0.1274,2.24,9.21,0.3047,0.1914,9.8867,1.8616,1.4142,40.74,0.00,0.00,1
35.248,1.6641,1.2853,-0.2070,-0.0891,0.5703,0.1954,2.24,9.22,-0.2695,0.3828,9.1211,1.2890,1.4373,40.74,0.00,0.00,1
35.266,1.4219,1.2749,0.2148,-0.0566,0.6094,0.1705,2.23,9.19,0.0781,0.6133,9.9219,1.6318,1.4624,40.74,0.00,0.00,1
35.290,0.1328,1.1270,-0.3203,-0.0463,-1.6875,-0.0327,2.22,9.15,-0.2695,0.7266,9.8047,1.2784,1.2331,40.74,0.00,0.00,1
35.299,1.0430,1.0471,0.3359,-0.0358,0.4883,-0.1128,2.22,9.13,-0.2695,0.7266,9.8047,1.2746,1.2395,40.74,0.00,0.00,1
35.316,0.8750,1.0325,-0.0078,0.0421,-0.2031,0.0023,2.20,9.14,-0.4219,0.3828,9.1172,1.1228,1.2158,40.74,0.00,0.00,1
35.337,1.0664,1.0212,0.1445,0.0588,-0.0039,-0.0236,2.18,9.14,-0.1914,0.4961,9.2695,1.3537,1.2526,40.74,0.00,0.00,1
35.351,1.0820,1.0336,0.1133,0.0730,-0.0508,-0.0265,2.17,9.13,0.3828,0.4961,9.9648,1.9258,1.3204,40.74,0.00,0.00,1
35.368,1.6563,1.1744,0.1055,0.0827,0.6484,0.1214,2.15,9.10,-0.5742,0.3828,8.5391,0.9640,1.4146,40.74,0.00,0.00,1
35.388,1.0898,1.1283,0.4219,0.0995,0.8789,0.0889,2.15,9.08,-0.1523,0.8047,10.1875,1.3821,1.3506,40.74,0.00,0.00,1
35.401,1.0820,1.1186,0.4219,0.1709,0.8789,0.2638,2.12,9.05,-0.0391,0.1914,9.1992,1.4906,1.3655,40.74,0.00,0.00,1
35.418,1.1953,1.1333,-0.1836,0.1081,-0.1172,0.2178,2.10,9.07,-1.0352,0.6133,8.3945,0.4982,1.3222,40.74,0.00,0.00,1
35.436,0.7578,0.9150,-0.0977,0.1014,-0.3867,-0.0818,2.06,9.06,-0.4609,0.2695,8.9219,1.0713,1.1682,40.74,0.00,0.00,1
35.456,0.5898,0.8570,-0.3594,0.0240,-0.5781,-0.1836,2.04,9.06,-0.6133,0.0000,8.7383,0.9184,1.1071,40.74,0.00,0.00,1
35.469,1.6914,0.8860,0.2539,-0.0118,1.1055,-0.1362,2.03,9.04,0.4961,0.6133,10.4141,2.0246,1.3104,40.74,0.00,0.00,1
35.487,1.3789,1.0894,0.3398,0.0705,0.7617,0.1884,1.99,9.03,0.1914,0.6914,10.0742,1.7177,1.4451,40.74,0.00,0.00,1
35.508,1.4102,1.1950,0.0234,0.0923,0.6016,0.3484,1.95,9.04,-0.1523,0.3437,9.0039,1.3755,1.5211,40.74,0.00,0.00,1
35.527,1.1953,1.1701,-0.0742,0.0546,0.5625,0.2447,1.91,9.03,0.0391,0.2695,9.8867,1.5653,1.5134,40.74,0.00,0.00,1
35.539,1.1953,1.1756,-0.0742,0.0261,0.5625,0.3150,1.89,9.04,-1.2656,0.0000,7.4687,0.2632,1.4211,40.74,0.00,0.00,1
35.559,1.3711,0.9292,0.4297,-0.0227,1.0234,-0.0552,1.86,9.03,0.2305,0.7656,10.3477,1.7582,1.3573,40.74,0.00,0.00,1
35.577,0.8633,1.0392,0.1328,0.1094,-0.0117,0.2297,1.81,9.05,-0.2695,0.4609,9.3047,1.2608,1.3841,40.74,0.00,0.00,1
35.588,0.8633,1.0122,0.1328,0.1130,-0.0117,0.1926,1.80,9.05,-0.4219,0.3828,9.0391,1.1084,1.3530,40.74,0.00,0.00,1
35.606,0.6211,0.9094,-0.0898,0.0876,-0.3945,0.0374,1.75,9.04,-0.4961,0.2305,8.9258,1.0326,1.2528,40.74,0.00,0.00,1
35.630,1.0625,0.8789,-0.3125,-0.0071,0.1016,-0.0336,1.71,9.03,-0.8047,0.1133,8.3164,0.7223,1.2455,40.74,0.00,0.00,1
35.639,0.2969,0.8459,-0.1914,-0.0443,-1.0078,-0.1016,1.69,9.02,-0.8047,0.1133,8.3164,0.7212,1.1649,40.74,0.00,0.00,1
35.656,0.9336,0.7411,0.0781,-0.0645,0.5625,-0.2330,1.65,9.01,-0.1523,0.3828,9.8867,1.3719,1.1828,40.74,0.00,0.00,1
35.678,0.5039,0.7116,-0.0664,-0.0478,-0.0977,-0.1079,1.60,9.00,-0.7266,0.7656,8.6562,0.7955,1.0908,40.74,0.00,0.00,1
35.690,0.3437,0.6669,0.4766,-0.0073,-0.6719,-0.1523,1.57,9.00,-0.7266,0.7656,8.6562,0.7949,1.0454,40.74,0.00,0.00,1
35.709,0.5586,0.5897,0.1797,0.1121,-0.4023,-0.2880,1.53,8.96,0.3437,0.3437,9.7656,1.8593,1.0908,40.74,0.00,0.00,1
35.728,1.3984,0.7668,0.0625,0.1053,0.4414,-0.1337,1.49,8.96,-0.4609,0.2305,8.6992,1.0541,1.2443,40.74,0.00,0.00,1
35.746,1.1836,0.7963,-0.1133,0.0552,0.8242,-0.1257,1.43,8.93,0.1523,0.1523,10.1484,1.6630,1.3140,40.74,0.00,0.00,1
35.758,1.1836,0.8558,-0.1133,0.0293,0.8242,0.0202,1.40,8.90,-0.4961,0.3047,9.1992,1.0087,1.3149,40.74,0.00,0.00,1
35.776,0.5937,0.7852,0.4766,0.0605,-0.3242,0.0076,1.34,8.86,-0.4219,0.7266,9.0000,1.0765,1.2252,40.74,0.00,0.00,1
35.797,0.8164,0.7487,0.4102,0.1732,0.1328,-0.0500,1.27,8.82,-0.1914,0.6523,9.4609,1.2994,1.2324,40.74,0.00,0.00,1
35.809,1.3125,0.8034,0.4570,0.2294,0.3633,0.0089,1.23,8.81,0.3047,0.6914,9.6914,1.7949,1.3569,40.74,0.00,0.00,1
35.827,0.7617,0.9037,0.5000,0.2974,-0.1719,0.0666,1.15,8.76,-0.2305,0.7266,9.1562,1.2502,1.3608,40.74,0.00,0.00,1
35.849,0.7617,0.8634,0.5000,0.3548,-0.1719,-0.0010,1.05,8.71,-0.2305,0.4609,9.1562,1.2426,1.3874,40.74,0.00,0.00,1
35.860,0.7461,0.8466,0.2656,0.3584,-0.1719,-0.0273,1.00,8.71,-0.2305,0.4609,9.1562,1.2415,1.3650,40.74,0.00,0.00,1
35.880,0.1641,0.7229,0.4727,0.3586,-0.7852,-0.1708,0.89,8.69,-0.5352,0.4961,8.7773,0.9345,1.1809,40.74,0.00,0.00,1
35.897,0.4258,0.6223,0.3320,0.3598,-0.5547,-0.2940,0.77,8.66,0.0781,0.4609,9.3867,1.5418,1.1588,40.74,0.00,0.00,1
35.911,1.0313,0.6718,0.3047,0.3495,0.0586,-0.2575,0.71,8.63,-0.0781,0.5742,9.7266,1.3812,1.2301,40.74,0.00,0.00,1
35.928,0.8594,0.7357,0.4336,0.3653,0.4023,-0.0918,0.58,8.56,0.1523,0.0781,9.9219,1.5998,1.2889,40.74,0.00,0.00,1
35.946,0.6914,0.8098,-0.1875,0.2427,0.2500,0.1035,0.44,8.54,-0.2305,-0.0781,9.5781,1.2142,1.3093,40.74,0.00,0.00,1
35.968,-0.1523,0.7087,-0.0078,0.1350,-1.2070,0.0285,0.31,8.52,-1.0742,0.0781,8.1172,0.3671,1.0949,40.74,0.00,0.00,1
35.979,0.4531,0.5666,0.0820,0.1106,-0.4023,-0.1806,0.23,8.51,-0.4609,0.1523,8.9219,0.9772,1.0691,40.74,0.00,0.00,1
35.996,0.0937,0.4976,0.2500,0.1143,-1.0938,-0.3115,0.10,8.45,-0.8047,0.3047,8.2383,0.6247,0.9596,40.74,0.00,0.00,1
36.020,1.1133,0.5165,0.5820,0.2116,0.5156,-0.3310,-0.04,8.38,0.1133,0.2695,9.7656,1.5303,1.1262,40.74,0.00,0.00,1
36.030,0.9961,0.5988,0.2461,0.2416,0.4414,-0.2069,-0.11,8.35,0.1133,0.2695,9.7656,1.5259,1.1876,40.74,0.00,0.00,1
36.050,1.3711,0.7918,-0.3750,0.1477,0.8242,0.0729,-0.26,8.35,-0.2695,-0.7656,8.8164,1.1424,1.3501,40.74,0.00,0.00,1
36.068,0.6055,0.7867,-0.7500,-0.0835,-0.5156,-0.0105,-0.41,8.34,0.0391,-0.7656,9.5391,1.4498,1.3158,40.74,0.00,0.00,1
36.081,0.9063,0.7928,-0.7344,-0.2286,0.2109,-0.0107,-0.48,8.35,-1.6094,-0.9961,6.8242,-0.1981,1.2137,40.74,0.00,0.00,1
36.098,-0.7500,0.4584,-0.9570,-0.4213,-2.5078,-0.5495,-0.60,8.29,-0.3437,-0.1523,10.0742,1.0578,0.9126,40.74,0.00,0.00,1
36.116,0.2617,0.3733,-0.3125,-0.3992,-0.0195,-0.4460,-0.66,8.26,-0.5742,-0.3828,9.3086,0.8219,0.9168,40.74,0.00,0.00,1
36.136,0.7891,0.3838,-0.6328,-0.4002,1.0547,-0.2391,-0.81,8.20,-0.0391,-0.7266,10.3867,1.3473,1.0059,40.74,0.00,0.00,1
36.149,0.7891,0.4461,-0.6328,-0.4359,1.0547,-0.0404,-0.86,8.20,-0.1133,-0.9570,9.6484,1.2731,1.0524,40.74,0.00,0.00,1
36.166,1.0586,0.5679,-0.9648,-0.5749,0.5937,0.1473,-0.93,8.20,0.2305,-1.0742,9.9219,1.6163,1.2035,40.74,0.00,0.00,1
36.190,0.0469,0.5798,-0.7578,-0.6761,-1.3203,0.0055,-0.99,8.15,0.0000,-0.5742,9.7266,1.3772,1.1207,40.74,0.00,0.00,1
36.200,0.8047,0.5585,-0.4492,-0.6639,0.4023,-0.0603,-1.01,8.13,0.0000,-0.5742,9.7266,1.3740,1.1596,40.74,0.00,0.00,1
36.217,0.7109,0.6208,-0.4805,-0.6055,-0.1719,0.0250,-1.05,8.08,-0.0781,-0.6133,9.1602,1.2874,1.2011,40.74,0.00,0.00,1
36.238,0.1758,0.5331,-0.0586,-0.4695,-0.6328,-0.1442,-1.08,8.04,-0.1523,-0.3828,9.5039,1.2073,1.0837,40.74,0.00,0.00,1
36.256,0.4687,0.5270,-0.5859,-0.4090,-0.5547,-0.1407,-1.10,8.04,-0.3047,-0.7266,8.7734,1.0543,1.0917,40.74,0.00,0.00,1
36.268,0.4687,0.5180,-0.5859,-0.4362,-0.5547,-0.2043,-1.12,8.03,0.5352,-0.3047,10.0703,1.8926,1.1529,40.74,0.00,0.00,1
36.288,1.1094,0.7219,-0.3867,-0.3838,1.1758,0.0796,-1.14,7.99,0.3437,-0.5352,10.4922,1.6948,1.3606,40.74,0.00,0.00,1
36.306,1.6602,0.8965,-0.3789,-0.3842,1.2070,0.4542,-1.15,7.94,0.9180,-0.5352,10.5312,2.2609,1.5995,40.74,0.00,0.00,1
36.319,1.6602,1.0138,-0.3789,-0.3834,1.2070,0.5698,-1.16,7.93,-0.3047,0.2305,9.5430,1.0362,1.6030,40.74,0.00,0.00,1
36.336,1.0117,0.9333,0.2422,-0.1747,0.5937,0.5368,-1.18,7.91,0.2695,0.0781,9.9219,1.6067,1.5356,40.74,0.00,0.00,1
36.356,-0.4141,0.8415,-0.2109,-0.0927,-1.3984,0.3936,-1.19,7.89,-1.1484,-0.3828,7.9336,0.1861,1.2414,40.74,0.00,0.00,1
36.370,0.7656,0.6580,0.4023,-0.0698,0.7148,0.1660,-1.21,7.88,0.0391,0.2305,10.0352,1.3709,1.2703,40.74,0.00,0.00,1
36.387,0.4141,0.6604,0.2930,0.0553,0.5625,0.3095,-1.25,7.89,-0.3047,0.1133,9.8828,1.0293,1.2229,40.74,0.00,0.00,1
36.408,0.5352,0.6032,0.5234,0.1874,0.2578,0.3283,-1.30,7.85,-0.1914,0.4961,9.9609,1.1361,1.1946,40.74,0.00,0.00,1
36.428,0.9492,0.6131,0.1953,0.3083,0.3633,0.3891,-1.34,7.77,0.2305,0.0000,9.6875,1.5441,1.2644,40.74,0.00,0.00,1
36.439,0.9492,0.6875,0.2031,0.2845,0.3633,0.3834,-1.37,7.72,-0.8438,-0.1523,8.3945,0.4608,1.2384,40.74,0.00,0.00,1
36.458,-0.1328,0.5223,0.0508,0.2277,-0.9375,0.0898,-1.43,7.62,-0.3047,0.0000,9.5781,0.9833,1.0573,40.74,0.00,0.00,1
36.477,0.1680,0.4312,-0.3477,0.1697,-0.4805,0.0179,-1.51,7.56,-0.5352,-0.5742,8.8437,0.7421,0.9780,40.74,0.00,0.00,1
36.489,0.1680,0.3907,-0.3477,0.0902,-0.4805,-0.0586,-1.54,7.53,-0.9180,-0.0781,8.2773,0.3556,0.9106,40.74,0.00,0.00,1
36.506,0.0898,0.2306,-0.0625,0.0680,-0.4414,-0.3162,-1.61,7.48,-0.6133,-0.3047,8.8828,0.6506,0.7867,40.74,0.00,0.00,1
36.527,0.2734,0.2054,-0.1641,0.0228,-0.7852,-0.3792,-1.69,7.40,-0.4219,-0.4219,8.5430,0.8286,0.7878,40.74,0.00,0.00,1
36.540,0.8320,0.2651,0.0742,0.0005,0.3633,-0.3772,-1.72,7.34,0.1523,-0.1914,9.6875,1.3932,0.9224,40.74,0.00,0.00,1
36.557,1.0156,0.4406,-0.2539,-0.0048,0.7852,-0.1334,-1.79,7.25,0.3437,-0.5352,10.1094,1.5697,1.0948,40.74,0.00,0.00,1
36.580,0.8945,0.6033,-0.6289,-0.1971,0.8633,0.2019,-1.86,7.22,-0.7656,-0.5742,8.3516,0.4549,1.1372,40.74,0.00,0.00,1
36.591,-0.0937,0.5690,-0.2852,-0.2359,-0.9766,0.1563,-1.89,7.21,-0.7656,-0.5742,8.3516,0.4522,1.0320,40.74,0.00,0.00,1
36.610,0.2734,0.3994,-0.3477,-0.2623,0.0664,-0.0697,-1.94,7.15,-0.9961,-0.9961,7.8906,0.2116,0.8909,40.74,0.00,0.00,1
36.628,-0.3398,0.2280,-0.6914,-0.3626,-1.4297,-0.3622,-1.97,7.06,0.2305,-0.4219,9.9648,1.4237,0.7933,40.74,0.00,0.00,1
36.646,0.6016,0.3563,-0.3398,-0.3281,0.3711,-0.1605,-2.01,6.98,-0.0391,-0.6523,9.6914,1.1403,0.9451,40.74,0.00,0.00,1
36.659,0.6016,0.3939,-0.3398,-0.3299,0.3711,-0.0789,-2.03,6.96,0.5352,-0.8828,10.1914,1.7119,1.0206,40.74,0.00,0.00,1
36.677,0.4023,0.5657,-0.3242,-0.3774,0.0273,0.1488,-2.05,6.94,-0.2305,-0.6523,9.3437,0.9415,1.0856,40.74,0.00,0.00,1
36.696,0.5937,0.5347,-0.2852,-0.3592,0.4492,0.1481,-2.07,6.90,-0.0391,-0.6133,9.7656,1.1264,1.0857,40.74,0.00,0.00,1
36.710,-0.8672,0.4309,-0.6680,-0.3734,-2.0039,0.0185,-2.08,6.87,-1.4922,-0.9961,7.3125,-0.3315,0.7724,40.74,0.00,0.00,1
36.727,0.6094,0.1809,-0.2070,-0.4201,1.0234,-0.3129,-2.07,6.79,0.0000,-0.5352,10.3477,1.1469,0.7863,40.74,0.00,0.00,1
36.749,0.4570,0.3036,-0.3164,-0.3642,0.1016,0.0011,-2.07,6.75,-0.0781,-0.6523,9.6914,1.0618,0.8698,40.74,0.00,0.00,1
36.761,0.5234,0.3324,-0.3164,-0.3569,0.3711,0.0381,-2.07,6.74,-0.0781,-0.6523,9.6914,1.0607,0.8991,40.74,0.00,0.00,1
36.779,0.3789,0.3754,-0.0469,-0.3017,0.0273,0.0988,-2.06,6.71,0.1914,-0.3437,9.7266,1.3255,0.9435,40.74,0.00,0.00,1
36.798,0.7930,0.4680,-0.0078,-0.2208,0.4102,0.1633,-2.05,6.68,-0.5352,-0.4219,8.6172,0.5941,0.9929,40.74,0.00,0.00,1
36.817,0.6641,0.4174,-0.0547,-0.1694,0.7930,0.0514,-2.03,6.62,0.0781,-0.3828,10.1094,1.1968,0.9899,40.74,0.00,0.00,1
36.829,0.6641,0.4553,-0.0547,-0.1518,0.7930,0.1653,-2.03,6.59,-0.2695,-0.7656,9.3437,0.8433,0.9929,40.74,0.00,0.00,1
36.847,-0.1875,0.3859,-0.0937,-0.1998,-0.8164,0.0946,-2.02,6.58,-0.7656,-0.4219,8.5039,0.3450,0.8317,40.74,0.00,0.00,1
36.867,0.1172,0.2477,-0.1328,-0.1728,-0.2422,-0.1178,-2.01,6.55,-0.4609,-0.4609,9.0820,0.6460,0.7603,40.74,0.00,0.00,1
36.880,0.1172,0.2276,-0.1328,-0.1667,-0.2422,-0.1369,-2.00,6.56,-0.0781,-0.4219,9.3828,1.0294,0.7734,40.74,0.00,0.00,1
36.897,0.8750,0.3286,0.2227,-0.1171,0.3711,-0.0609,-1.98,6.50,0.3047,-0.1133,9.6875,1.4026,0.9433,40.74,0.00,0.00,1
36.920,0.7539,0.4962,0.2148,-0.0025,0.9453,0.1746,-1.97,6.46,0.1914,-0.5742,9.8477,1.2819,1.0658,40.74,0.00,0.00,1
36.931,0.7461,0.5352,-0.2461,-0.0060,0.5234,0.2592,-1.96,6.45,0.1914,-0.5742,9.8477,1.2803,1.0987,40.74,0.00,0.00,1
36.950,-0.0898,0.4787,0.2148,-0.0170,-0.5937,0.1777,-1.95,6.43,-0.4219,-0.1914,9.3047,0.6648,0.9392,40.74,0.00,0.00,1
36.968,0.1328,0.3667,0.1367,0.0314,-0.0195,0.0860,-1.95,6.43,-0.9961,-0.4961,8.1211,0.0891,0.8150,40.74,0.00,0.00,1
36.987,0.6602,0.2138,0.4414,0.0297,0.7461,-0.1305,-1.95,6.39,0.1133,0.1133,10.0742,1.1926,0.8118,40.74,0.00,0.00,1
36.999,0.6602,0.2824,0.4414,0.0929,0.7461,0.0041,-1.95,6.38,0.0391,-0.2305,9.8086,1.1162,0.8641,40.74,0.00,0.00,1
37.019,0.5781,0.3895,-0.0937,0.0989,0.2109,0.1602,-1.96,6.34,0.0391,-0.4219,9.5391,1.1103,0.9484,40.74,0.00,0.00,1
37.037,0.2695,0.4291,0.2500,0.0607,-0.2891,0.1375,-1.96,6.24,-0.2695,-0.0781,9.0430,0.7847,0.9324,40.74,0.00,0.00,1
37.050,0.2695,0.4046,0.2500,0.0898,-0.2891,0.0720,-1.97,6.16,0.1523,-0.1133,9.8047,1.1927,0.9413,40.74,0.00,0.00,1
37.068,-0.6875,0.3679,-0.0859,0.1120,-1.4375,0.0137,-1.99,6.05,-1.2266,-0.4219,7.8945,-0.2060,0.7170,40.74,0.00,0.00,1
37.090,0.4180,0.1779,0.2656,0.0985,0.5156,-0.1810,-2.01,5.92,-0.2305,-0.2305,9.5430,0.7693,0.7026,40.74,0.00,0.00,1
37.101,0.3008,0.2054,0.1133,0.1120,0.2109,-0.0984,-2.03,5.86,-0.2305,-0.2305,9.5430,0.7586,0.7112,40.74,0.00,0.00,1
37.118,0.0273,0.2106,-0.1445,0.0917,-0.6328,-0.0782,-2.05,5.77,-0.4961,-0.4961,8.6953,0.4780,0.6626,40.74,0.00,0.00,1
37.138,0.2539,0.1982,0.1602,0.0786,-0.1328,-0.1566,-2.07,5.68,0.4609,-0.2695,10.2305,1.4195,0.7319,40.74,0.00,0.00,1
37.158,0.9766,0.3740,0.0898,0.0862,0.8984,0.0784,-2.10,5.63,-0.5742,-0.4609,8.5781,0.3758,0.8422,40.74,0.00,0.00,1
37.169,0.9766,0.4665,0.0898,0.0867,0.8984,0.2043,-2.11,5.58,0.0781,-0.3828,9.7656,1.0196,0.8215,40.74,0.00,0.00,1
37.188,0.5937,0.5265,-0.0234,0.0626,0.4414,0.3000,-2.14,5.50,-0.9961,-0.5352,8.8125,-0.0680,0.7890,40.74,0.00,0.00,1
37.207,-0.1445,0.2700,-0.0156,0.0044,-0.7852,0.0552,-2.16,5.45,-0.6523,-0.3828,8.5430,0.2672,0.5708,40.74,0.00,0.00,1
37.220,-0.1445,0.2063,-0.0156,0.0014,-0.7852,-0.0738,-2.18,5.43,-0.2305,-0.3828,9.5000,0.6848,0.5572,40.74,0.00,0.00,1
37.238,0.6992,0.2401,-0.1211,-0.0113,0.3242,-0.0327,-2.21,5.40,0.1914,-0.4961,9.6523,1.1013,0.6928,40.74,0.00,0.00,1
37.256,0.5000,0.3544,0.1055,-0.0243,0.2500,0.0626,-2.22,5.33,0.0000,-0.2695,9.5820,0.8992,0.7641,40.74,0.00,0.00,1
37.271,0.6914,0.4019,-0.1133,-0.0131,0.4023,0.1162,-2.24,5.32,0.1914,-0.4961,9.7266,1.0879,0.8360,40.74,0.00,0.00,1
37.288,0.6523,0.4809,-0.1914,-0.0477,0.9375,0.2402,-2.26,5.25,0.1523,-0.5742,10.2695,1.0371,0.8961,40.74,0.00,0.00,1
37.309,-0.2344,0.2969,-0.1133,-0.0821,-1.0938,-0.0614,-2.27,5.20,-0.4961,-0.1914,9.4258,0.3806,0.6219,40.74,0.00,0.00,1
37.322,-0.0039,0.2337,0.1992,-0.0619,0.1016,-0.1243,-2.28,5.18,-0.4961,-0.1914,9.4258,0.3774,0.5843,40.74,0.00,0.00,1
37.340,-0.7422,0.0393,-0.4922,-0.0791,-1.6953,-0.3233,-2.30,5.14,0.1523,-0.2305,10.3086,1.0194,0.4151,40.74,0.00,0.00,1
37.358,0.6367,0.1228,0.1602,-0.0519,0.9844,-0.1194,-2.31,5.10,0.1133,-0.7266,9.7656,0.9724,0.5815,40.74,0.00,0.00,1
37.376,-0.3594,0.2120,-0.0312,-0.0959,-0.6250,0.0192,-2.33,5.08,-0.8438,-0.4219,8.6992,0.0126,0.5024,40.74,0.00,0.00,1
37.390,-0.3594,0.1242,-0.0312,-0.0860,-0.6250,-0.0798,-2.34,5.06,-0.1914,-0.3047,9.0430,0.6618,0.4789,40.74,0.00,0.00,1
37.409,0.4062,0.1534,-0.1758,-0.0534,0.2578,-0.1250,-2.35,5.04,-0.0781,-0.5742,9.5781,0.7708,0.5652,40.74,0.00,0.00,1
37.428,0.7734,0.2545,0.2461,-0.0544,0.4102,-0.0043,-2.36,4.97,0.3047,-0.1523,9.7266,1.1413,0.7056,40.74,0.00,0.00,1
37.441,0.4766,0.3456,0.2070,0.0090,0.7930,0.1181,-2.37,4.95,0.0000,-0.1914,10.1133,0.8344,0.7343,40.74,0.00,0.00,1
37.458,0.7305,0.4031,-0.5898,0.0014,0.4492,0.2820,-2.38,4.91,0.2695,-0.9961,9.7656,1.0965,0.8206,40.74,0.00,0.00,1
37.480,-0.0742,0.3911,0.1016,-0.0940,-0.4727,0.1974,-2.39,4.87,-0.1523,-0.4609,9.4219,0.6677,0.7152,40.74,0.00,0.00,1
37.498,0.3086,0.3438,-0.0547,-0.0731,0.1016,0.1344,-2.40,4.83,-0.9570,-0.4961,8.1602,-0.1429,0.6360,40.74,0.00,0.00,1
37.510,-0.5039,0.2112,-0.0898,-0.0744,-1.1602,-0.0666,-2.40,4.81,0.1133,-0.2305,9.8828,0.9226,0.5482,40.74,0.00,0.00,1
37.528,0.5664,0.2453,0.1758,-0.0200,0.5625,0.0045,-2.42,4.77,-0.3828,-0.4609,9.4648,0.4196,0.6131,40.74,0.00,0.00,1
37.547,-0.2461,0.1888,-0.2070,-0.0308,-0.8945,-0.0077,-2.42,4.76,-0.6914,-0.6133,8.4258,0.1104,0.4789,40.74,0.00,0.00,1
37.560,-0.2461,0.1220,-0.2070,-0.0579,-0.8945,-0.1439,-2.43,4.75,-0.2305,-0.3437,9.5391,0.5692,0.4588,40.74,0.00,0.00,1
37.578,0.4922,0.1494,-0.2383,-0.0548,0.1406,-0.0904,-2.44,4.72,0.0391,-0.6523,9.4648,0.8339,0.5549,40.74,0.00,0.00,1
37.598,0.3242,0.2332,0.1836,-0.0731,0.0586,-0.0314,-2.44,4.67,-0.1133,-0.2305,9.3828,0.6725,0.5984,40.74,0.00,0.00,1
37.611,0.7422,0.2868,0.0312,-0.0284,0.7070,0.0404,-2.45,4.65,0.3047,-0.3828,10.0352,1.0873,0.7068,40.74,0.00,0.00,1
37.628,0.5156,0.4239,-0.2773,-0.0328,0.4023,0.2433,-2.46,4.62,0.0781,-0.6914,9.7266,0.8559,0.7847,40.74,0.00,0.00,1
37.650,-0.4141,0.3124,0.1445,-0.0514,-0.9023,0.0971,-2.46,4.61,-0.5352,-0.4609,9.0820,0.2405,0.5716,40.74,0.00,0.00,1
37.662,-0.1055,0.2255,-0.0469,-0.0366,-0.2500,-0.0042,-2.46,4.59,-0.5352,-0.4609,9.0820,0.2378,0.5204,40.74,0.00,0.00,1
37.681,-0.1758,0.1019,-0.2695,-0.0743,-0.6719,-0.1528,-2.47,4.59,0.1914,-0.1133,10.0000,0.9638,0.4662,40.74,0.00,0.00,1
37.698,0.6211,0.1995,0.3164,0.0000,0.6719,-0.0026,-2.49,4.42,0.1914,-0.4219,9.8477,0.9349,0.6007,40.74,0.00,0.00,1
37.718,0.6211,0.3432,-0.1055,0.0113,0.7070,0.1983,-2.51,4.29,0.1914,-0.5352,10.0352,0.9124,0.7086,40.74,0.00,0.00,1
37.730,0.6211,0.3859,-0.1055,-0.0066,0.7070,0.2765,-2.52,4.24,-0.2695,-0.3047,8.8828,0.4429,0.7017,40.74,0.00,0.00,1
37.748,0.2695,0.3582,0.0859,0.0132,0.1719,0.1935,-2.53,4.15,-0.2695,-0.3047,8.8828,0.4280,0.6251,40.74,0.00,0.00,1
37.767,-0.6133,0.2574,-0.2617,0.0102,-1.3203,0.0667,-2.55,4.09,-1.0352,-0.6914,8.0117,-0.3484,0.3860,40.74,0.00,0.00,1
37.781,-0.6133,0.1236,-0.2617,-0.0316,-1.3203,-0.1463,-2.55,4.03,0.1914,-0.1523,10.1133,0.8691,0.3699,40.74,0.00,0.00,1
37.798,0.6836,0.2243,-0.1445,0.0091,0.5937,0.0353,-2.56,3.96,0.2695,-0.5742,9.9258,0.9349,0.5543,40.74,0.00,0.00,1
37.821,0.8359,0.4043,-0.1367,-0.0421,0.7852,0.2551,-2.57,3.92,-0.4219,-0.3047,8.8477,0.2365,0.6578,40.74,0.00,0.00,1
37.832,-0.0156,0.4025,0.1328,-0.0351,-0.4805,0.2352,-2.58,3.90,-0.4219,-0.3047,8.8477,0.2333,0.5926,40.74,0.00,0.00,1
37.849,0.4453,0.3208,0.2070,0.0185,0.1328,0.0813,-2.59,3.85,0.0391,-0.2305,9.4609,0.6857,0.5909,40.74,0.00,0.00,1
37.868,-0.7422,0.0933,-0.2148,-0.0214,-1.0938,-0.1755,-2.60,3.78,0.0000,-0.4609,9.5820,0.6343,0.3710,40.74,0.00,0.00,1
37.888,0.2070,0.1166,0.1328,-0.0206,0.6328,-0.0768,-2.61,3.72,-0.1914,-0.3047,9.9648,0.4333,0.4159,40.74,0.00,0.00,1
37.900,0.2070,0.1305,0.1328,0.0030,0.6328,0.0322,-2.63,3.71,0.1914,-0.8438,9.4609,0.8145,0.4489,40.74,0.00,0.00,1
37.918,0.5898,0.2369,-0.3984,-0.0778,0.1328,0.0919,-2.63,3.69,-0.0391,-0.2695,9.4648,0.5792,0.5331,40.74,0.00,0.00,1
37.937,0.4687,0.3006,0.2148,-0.0211,0.5937,0.1427,-2.64,3.63,0.0781,-0.2305,9.9258,0.6868,0.5724,40.74,0.00,0.00,1
37.951,0.4687,0.3265,0.2148,0.0151,0.5937,0.2120,-2.64,3.60,-1.1094,-0.8047,7.6289,-0.5061,0.4941,40.74,0.00,0.00,1
37.968,0.1523,0.1063,0.1758,-0.0368,0.7852,-0.1102,-2.65,3.53,-0.2305,-0.2695,10.1133,0.3610,0.3448,40.74,0.00,0.00,1
37.987,0.1055,0.1156,-0.2461,-0.0103,-0.3711,0.0512,-2.66,3.52,-0.2695,-0.6914,8.9609,0.3204,0.3402,40.74,0.00,0.00,1
38.002,-0.1211,0.0952,-0.0898,-0.0500,-0.1797,-0.0269,-2.66,3.50,-0.4961,-0.5352,9.1602,0.0911,0.2853,40.74,0.00,0.00,1
38.019,0.2617,0.0645,-0.0156,-0.0553,0.0117,-0.0549,-2.67,3.46,-0.1133,-0.4609,9.3477,0.4670,0.3136,40.74,0.00,0.00,1
38.039,0.7578,0.2828,-0.0430,-0.0475,0.7383,0.1774,-2.67,3.42,-0.3828,-0.3828,8.8125,0.1894,0.5058,40.74,0.00,0.00,1
38.059,0.3203,0.2507,-0.0430,-0.0245,0.5469,0.0964,-2.68,3.36,-0.0391,-0.4961,9.8867,0.5230,0.4715,40.74,0.00,0.00,1
38.071,0.3203,0.2661,-0.0430,-0.0286,0.5469,0.1961,-2.68,3.35,-0.4219,-0.5742,9.1602,0.1381,0.4518,40.74,0.00,0.00,1
38.088,-0.0547,0.1985,-0.1211,-0.0499,-0.1797,0.1348,-2.69,3.34,-0.9180,-0.4219,8.3906,-0.3591,0.3230,40.74,0.00,0.00,1
38.107,-0.1367,0.0046,-0.1602,-0.0463,-0.2969,-0.1377,-2.69,3.30,-0.4961,-0.6133,9.0430,0.0564,0.1823,40.74,0.00,0.00,1
38.121,-0.1367,-0.0171,-0.1602,-0.0638,-0.2969,-0.1621,-2.69,3.28,0.3437,-0.5352,9.8867,0.8925,0.2296,40.74,0.00,0.00,1
38.138,0.3516,0.1506,-0.0078,-0.0685,0.2773,0.0097,-2.69,3.23,0.0000,-0.4609,9.6094,0.5401,0.3774,40.74,0.00,0.00,1
38.157,0.6953,0.2351,-0.0078,-0.0513,1.0820,0.1499,-2.69,3.20,0.3437,-0.4609,10.4141,0.8791,0.4984,40.74,0.00,0.00,1
38.179,0.0391,0.2311,-0.3516,-0.1317,-0.1797,0.1590,-2.69,3.20,-0.9570,-0.2695,8.1602,-0.4227,0.3406,40.74,0.00,0.00,1
38.190,-0.6133,0.1495,0.1836,-0.1226,-1.1758,0.0273,-2.69,3.18,-0.9570,-0.2695,8.1602,-0.4254,0.2229,40.74,0.00,0.00,1
38.211,-0.0781,-0.0284,-0.0430,-0.0530,-0.3320,-0.2532,-2.69,3.12,-0.1914,-0.4961,9.3828,0.3306,0.1693,40.74,0.00,0.00,1
38.229,0.1445,0.0068,-0.0430,-0.0502,0.0508,-0.1909,-2.69,3.08,0.1523,-0.2305,9.8437,0.6674,0.2410,40.74,0.00,0.00,1
38.241,0.4883,0.0901,0.2227,-0.0078,0.5078,-0.0672,-2.69,3.07,0.4961,-0.6523,10.1914,1.0084,0.3622,40.74,0.00,0.00,1
38.258,0.8320,0.2791,-0.1992,-0.0358,0.8555,0.1728,-2.70,3.06,-0.0391,-0.6523,9.7305,0.4727,0.5028,40.74,0.00,0.00,1
38.277,-0.5469,0.2483,0.0312,-0.0731,-1.1758,0.1492,-2.69,3.04,-0.8828,-0.4219,8.1562,-0.3753,0.3049,40.74,0.00,0.00,1
38.291,-0.5469,0.1262,0.0312,-0.0570,-1.1758,-0.0543,-2.69,3.01,-0.6133,-0.4961,9.0820,-0.1100,0.2213,40.74,0.00,0.00,1
38.311,0.0312,-0.0037,-0.0820,-0.0511,-0.2578,-0.1763,-2.69,2.99,-0.3047,-0.5352,9.0781,0.1948,0.1756,40.74,0.00,0.00,1
38.327,0.5117,0.0466,0.3398,-0.0279,0.4336,-0.1488,-2.69,2.97,0.1914,-0.1133,9.7695,0.6877,0.2913,40.74,0.00,0.00,1
38.349,0.7500,0.2973,0.0312,0.0293,0.9688,0.2322,-2.71,2.91,0.1914,-0.6914,9.7656,0.6775,0.5166,40.74,0.00,0.00,1
38.359,0.5195,0.3484,-0.2383,0.0081,0.4336,0.3026,-2.71,2.91,0.1914,-0.6914,9.7656,0.6765,0.5411,40.74,0.00,0.00,1
38.381,-0.4375,0.2597,0.1914,-0.0099,-0.7930,0.1588,-2.71,2.89,-0.5742,-0.4961,9.0000,-0.0918,0.3304,40.74,0.00,0.00,1
38.399,-0.2461,0.1044,-0.0352,-0.0030,-0.3320,-0.0091,-2.72,2.89,-0.6133,-0.5742,8.7344,-0.1314,0.2073,40.74,0.00,0.00,1
38.411,-0.2930,0.0196,-0.1133,-0.0221,-0.6016,-0.1220,-2.72,2.88,0.4219,-0.1914,10.2656,0.9021,0.2148,40.74,0.00,0.00,1
38.429,0.7422,0.1600,0.2695,0.0368,0.9219,0.0792,-2.72,2.84,0.4219,-0.4219,10.4922,0.8957,0.4082,40.74,0.00,0.00,1
38.447,0.4727,0.3369,-0.1523,0.0354,0.4258,0.3737,-2.73,2.82,0.1523,-0.6133,9.7656,0.6229,0.5135,40.74,0.00,0.00,1
38.461,0.4727,0.3578,-0.1523,0.0066,0.4258,0.3817,-2.73,2.82,-0.5352,-0.3437,8.5430,-0.0646,0.4753,40.74,0.00,0.00,1
38.480,-0.0312,0.2151,0.1562,0.0320,0.1172,0.1223,-2.74,2.81,-0.3437,-0.3047,9.4609,0.1247,0.3331,40.74,0.00,0.00,1
38.498,-0.6055,0.0867,-0.1445,0.0503,-1.1094,0.0224,-2.74,2.80,-0.9180,-0.6133,8.2383,-0.4517,0.1347,40.74,0.00,0.00,1
38.521,0.5820,0.0332,0.2695,0.0475,0.6562,-0.0922,-2.75,2.75,0.0781,-0.4219,10.0703,0.5369,0.2540,40.74,0.00,0.00,1
38.530,0.3906,0.1022,0.0469,0.0638,0.7305,0.0287,-2.75,2.73,0.0781,-0.4219,10.0703,0.5331,0.2969,40.74,0.00,0.00,1
38.551,0.6875,0.2461,-0.1836,0.0226,0.3086,0.2031,-2.76,2.74,-0.3047,-0.2695,9.3437,0.1514,0.4092,40.74,0.00,0.00,1
38.569,0.0000,0.2191,0.1992,0.0488,0.0039,0.1656,-2.77,2.72,-0.0391,-0.3047,9.5391,0.4149,0.3570,40.74,0.00,0.00,1
38.582,0.2656,0.2114,0.1641,0.0767,0.1953,0.1592,-2.77,2.72,-1.0742,-0.6914,7.9727,-0.6214,0.2868,40.74,0.00,0.00,1
38.598,-0.7695,-0.0023,-0.2227,0.0159,-1.3750,-0.1781,-2.78,2.67,-0.1914,-0.2305,9.8047,0.2540,0.0982,40.74,0.00,0.00,1
38.620,0.0352,-0.0197,-0.0273,0.0441,0.1562,-0.0890,-2.79,2.64,-0.2695,-0.4961,9.5039,0.1699,0.1324,40.74,0.00,0.00,1
38.631,0.0352,-0.0076,-0.0273,0.0283,0.1562,-0.0347,-2.79,2.64,-0.3437,-0.5352,9.0430,0.0962,0.1349,40.74,0.00,0.00,1
38.649,-0.0391,-0.0119,-0.0664,0.0038,-0.3047,-0.0826,-2.81,2.64,-0.0781,-0.4219,9.4258,0.3619,0.1452,40.74,0.00,0.00,1
38.668,0.6875,0.0895,0.2070,0.0248,0.8906,0.0169,-2.82,2.63,0.3828,-0.2695,10.2305,0.8206,0.3206,40.74,0.00,0.00,1
38.682,0.6875,0.1813,0.2070,0.0528,0.8906,0.1511,-2.82,2.61,-0.9180,-0.5742,8.2734,-0.4839,0.2927,40.74,0.00,0.00,1
38.699,0.2187,0.0499,0.0937,0.0343,0.4258,-0.0317,-2.83,2.56,-0.0781,-0.3828,9.7656,0.3479,0.2117,40.74,0.00,0.00,1
38.717,-0.5469,0.0366,-0.0586,0.0390,-0.6094,0.0153,-2.85,2.55,-0.8438,-0.5352,8.7383,-0.4194,0.0804,40.74,0.00,0.00,1
38.739,-0.3555,-0.1200,-0.1367,-0.0116,-0.8711,-0.2556,-2.86,2.55,-0.2305,-0.4609,9.5000,0.1934,0.0090,40.74,0.00,0.00,1
38.750,0.0586,-0.1230,0.0156,-0.0186,0.1641,-0.2673,-2.86,2.54,-0.2305,-0.4609,9.5000,0.1913,0.0370,40.74,0.00,0.00,1
38.769,0.4023,0.0046,-0.1680,-0.0495,0.2031,-0.1363,-2.87,2.51,0.1914,-0.3047,9.8047,0.6088,0.1838,40.74,0.00,0.00,1
38.789,0.2891,0.1470,0.1797,0.0087,0.6641,0.0711,-2.89,2.49,0.0000,-0.3047,10.0000,0.4131,0.2850,40.74,0.00,0.00,1
38.801,0.2891,0.1785,0.1797,0.0465,0.6641,0.2024,-2.89,2.46,0.2695,-0.8438,9.7305,0.6789,0.3341,40.74,0.00,0.00,1
38.818,0.5586,0.2695,-0.3594,-0.0350,0.3945,0.2737,-2.90,2.45,-0.4219,-0.2305,9.0430,-0.0141,0.3762,40.74,0.00,0.00,1
38.837,0.0195,0.1841,-0.0508,0.0040,-0.1133,0.1319,-2.91,2.44,-0.2695,-0.5352,9.2305,0.1350,0.2759,40.74,0.00,0.00,1
38.852,0.0195,0.1589,-0.0508,-0.0044,-0.1133,0.0942,-2.92,2.44,-1.0352,-0.7656,8.1172,-0.6301,0.1931,40.74,0.00,0.00,1
38.869,0.2031,-0.0314,0.1406,-0.0503,0.5391,-0.1502,-2.92,2.42,-0.0781,-0.3437,9.8867,0.3243,0.1238,40.74,0.00,0.00,1
38.888,0.1680,0.0323,-0.0039,-0.0077,0.2695,0.0237,-2.93,2.42,-0.1133,-0.4961,9.6094,0.2891,0.1730,40.74,0.00,0.00,1
38.909,-0.0625,0.0198,-0.0820,-0.0239,-0.2266,-0.0164,-2.93,2.41,-0.1133,-0.3437,9.5430,0.2864,0.1586,40.74,0.00,0.00,1
38.920,0.1680,0.0256,0.1484,-0.0144,0.1953,-0.0149,-2.93,2.39,-0.1133,-0.3437,9.5430,0.2838,0.1778,40.74,0.00,0.00,1
38.940,0.6641,0.1503,-0.0039,0.0177,0.7695,0.1450,-2.94,2.36,-0.8438,-0.6523,8.2383,-0.4515,0.2550,40.74,0.00,0.00,1
38.959,-0.5625,0.0246,-0.1602,-0.0230,-1.1094,-0.0937,-2.93,2.33,-0.0781,-0.4609,9.6094,0.3082,0.1147,40.74,0.00,0.00,1
38.971,0.2031,0.0122,0.0312,-0.0240,0.2695,-0.1067,-2.94,2.34,-0.3437,-0.5352,9.5820,0.0442,0.1366,40.74,0.00,0.00,1
38.989,-0.0703,0.0059,-0.0430,-0.0247,0.2344,-0.0078,-2.94,2.33,-0.7266,-0.4961,8.1953,-0.3397,0.0797,40.74,0.00,0.00,1
39.007,-0.1484,-0.1043,-0.0430,-0.0230,-0.1875,-0.2397,-2.94,2.30,-0.4219,-0.5352,9.1562,-0.0404,0.0031,40.74,0.00,0.00,1
39.022,-0.1484,-0.1111,-0.0430,-0.0261,-0.1875,-0.2317,-2.94,2.28,0.4609,-0.3828,10.4531,0.8387,0.0665,40.74,0.00,0.00,1
39.039,-0.4180,0.0344,-0.2734,-0.0192,-0.8398,-0.0040,-2.94,2.27,-0.6914,-0.7656,8.5039,-0.3152,0.0743,40.74,0.00,0.00,1
39.057,0.0820,-0.0539,-0.0039,-0.0698,0.5000,-0.1338,-2.95,2.25,-0.1914,-0.4961,9.8437,0.1815,0.0737,40.74,0.00,0.00,1
39.081,-0.8008,-0.2508,-0.0430,-0.0549,-1.1836,-0.3618,-2.95,2.25,0.0000,-0.4961,9.7656,0.3729,-0.1456,40.74,0.00,0.00,1
39.090,0.2734,-0.2493,-0.0039,-0.0500,0.4258,-0.3593,-2.95,2.25,0.0000,-0.4961,9.7656,0.3719,-0.0661,40.74,0.00,0.00,1
39.111,0.4648,-0.0417,0.0703,-0.0229,0.3867,-0.0976,-2.95,2.25,0.3828,-0.3828,10.1094,0.7547,0.1528,40.74,0.00,0.00,1
39.128,0.6641,0.1460,0.1094,0.0122,0.7695,0.1244,-2.95,2.24,-0.8047,-0.6523,8.1562,-0.4344,0.2282,40.74,0.00,0.00,1
39.141,-0.5312,0.0771,-0.1680,-0.0089,-1.1836,-0.0328,-2.94,2.21,-0.1523,-0.6133,9.6914,0.2137,0.1328,40.74,0.00,0.00,1
39.159,0.1211,0.0489,-0.1289,-0.0454,0.3477,-0.0203,-2.94,2.18,-0.4609,-0.3828,9.3477,-0.1008,0.1298,40.74,0.00,0.00,1
39.178,-0.4609,-0.0359,-0.0898,-0.0238,-0.8398,-0.0598,-2.94,2.19,-0.7266,-0.5742,8.5000,-0.3637,-0.0069,40.74,0.00,0.00,1
39.192,-0.4609,-0.1012,-0.0898,-0.0339,-0.8398,-0.1796,-2.94,2.19,-0.2305,-0.3828,9.3437,0.1324,-0.0220,40.74,0.00,0.00,1
39.209,0.6094,-0.0372,-0.0117,-0.0078,0.6562,-0.1132,-2.93,2.18,0.3437,-0.4961,10.0039,0.7050,0.1572,40.74,0.00,0.00,1
39.227,-0.0039,0.0971,-0.0117,-0.0089,-0.3398,0.0253,-2.92,2.15,-0.2695,-0.4961,9.0039,0.0853,0.1754,40.74,0.00,0.00,1
39.251,0.2656,0.1041,-0.0117,-0.0099,0.8477,0.0832,-2.92,2.11,-0.4961,-0.6914,8.8828,-0.1466,0.1797,40.74,0.00,0.00,1
39.260,-0.2305,0.0892,-0.2070,-0.0258,-0.4570,0.0963,-2.92,2.13,-0.4961,-0.6914,8.8828,-0.1445,0.1299,40.74,0.00,0.00,1
39.277,-0.5781,-0.0293,0.0234,-0.0587,-0.9180,-0.0975,-2.92,2.13,-0.8438,-0.4609,8.4219,-0.4921,-0.0248,40.74,0.00,0.00,1
39.299,-0.1562,-0.1230,0.1797,0.0039,-0.0664,-0.1888,-2.91,2.11,-0.1523,-0.5742,9.1562,0.1961,-0.0195,40.74,0.00,0.00,1
39.312,0.1133,-0.0890,-0.0977,0.0002,-0.1797,-0.1791,-2.91,2.09,0.3047,-0.1914,10.0039,0.6504,0.0642,40.74,0.00,0.00,1
39.329,0.5703,0.0695,0.2852,0.0571,0.6641,0.0075,-2.90,2.05,0.1914,-0.4219,10.3867,0.5296,0.2196,40.74,0.00,0.00,1
39.349,0.4961,0.2097,-0.3281,0.0389,0.3945,0.2877,-2.90,2.05,0.2305,-0.8047,9.7305,0.5687,0.3334,40.74,0.00,0.00,1
39.362,0.4961,0.2731,-0.3281,-0.0423,0.3945,0.3113,-2.90,2.05,-0.5352,-0.3047,8.8164,-0.1959,0.3245,40.74,0.00,0.00,1
39.379,-0.2695,0.1669,0.1719,-0.0127,-0.5234,0.1318,-2.90,2.05,-0.3047,-0.3437,9.3086,0.0346,0.1954,40.74,0.00,0.00,1
39.397,-0.6523,0.0344,-0.1758,0.0144,-1.1758,-0.0428,-2.90,2.04,-0.9180,-0.6523,8.1602,-0.5814,0.0044,40.74,0.00,0.00,1
39.417,0.3359,-0.0813,0.4375,0.0096,0.5078,-0.2294,-2.90,2.00,0.0781,-0.0391,9.8477,0.4083,0.0572,40.74,0.00,0.00,1
39.430,0.3359,0.0110,0.0937,0.0768,0.5078,-0.0663,-2.90,1.99,0.0781,-0.3828,9.8477,0.4056,0.1345,40.74,0.00,0.00,1
39.452,0.6406,0.1686,-0.2422,0.0310,0.5469,0.1355,-2.90,2.00,-0.1133,-0.3047,9.3828,0.2169,0.2744,40.74,0.00,0.00,1
39.469,0.1445,0.1927,0.1797,0.0469,0.0508,0.1423,-2.90,2.00,0.0000,-0.3828,9.6484,0.3307,0.2673,40.74,0.00,0.00,1
39.487,-1.0430,0.1043,-0.2070,0.0453,-1.6758,0.0271,-2.91,1.99,-1.3008,-0.6914,7.6562,-0.9722,0.0008,40.74,0.00,0.00,1
39.499,-1.0430,-0.0719,-0.2070,0.0065,-1.6758,-0.2345,-2.91,1.97,-0.3047,-0.2695,9.8086,0.0196,-0.0696,40.74,0.00,0.00,1
39.520,-0.0195,-0.1199,-0.0117,0.0353,0.0117,-0.1534,-2.92,1.93,-0.2695,-0.4961,9.3477,0.0489,-0.0327,40.74,0.00,0.00,1
39.532,-0.0195,-0.0977,-0.0117,0.0249,0.0117,-0.1169,-2.92,1.94,-0.2695,-0.5742,9.3086,0.0505,-0.0143,40.74,0.00,0.00,1
39.549,-0.0195,-0.0755,-0.0898,-0.0028,-0.0273,-0.0890,-2.93,1.95,-0.0391,-0.3828,9.5820,0.2831,0.0230,40.74,0.00,0.00,1
39.568,0.6016,0.0418,0.0625,0.0187,0.6250,0.0391,-2.94,1.94,0.3437,-0.4219,9.9609,0.6643,0.1960,40.74,0.00,0.00,1
39.591,-0.5156,0.0610,0.0234,0.0276,-0.9844,-0.0084,-2.94,1.91,-0.1523,-0.4609,9.5820,0.1617,0.0883,40.74,0.00,0.00,1
39.600,0.0977,0.0215,0.0234,0.0270,0.2422,-0.0602,-2.95,1.89,-0.1523,-0.4609,9.5820,0.1596,0.0993,40.74,0.00,0.00,1
39.617,-0.2852,0.0125,-0.0117,0.0232,0.0117,0.0071,-2.96,1.90,-0.5352,-0.4961,9.3477,-0.2227,0.0314,40.74,0.00,0.00,1
39.639,-0.4766,-0.1313,-0.0508,0.0026,-1.0234,-0.2204,-2.96,1.91,-0.2695,-0.5742,9.3086,0.0445,-0.0837,40.74,0.00,0.00,1
39.651,-0.0117,-0.1472,-0.0898,-0.0087,-0.0273,-0.2641,-2.96,1.90,-0.2695,-0.5742,9.3086,0.0435,-0.0641,40.74,0.00,0.00,1
39.670,0.6406,0.0911,0.0312,-0.0063,0.7773,0.0573,-2.97,1.88,-0.1523,-0.4219,9.2266,0.1574,0.1914,40.74,0.00,0.00,1
39.690,0.0977,0.1268,0.0703,0.0130,-0.1055,0.0662,-2.98,1.85,0.1523,-0.3828,10.2656,0.4562,0.2049,40.74,0.00,0.00,1
39.702,0.4023,0.1672,0.1094,0.0317,0.9297,0.1872,-2.99,1.84,-0.4961,-0.7266,8.8125,-0.1933,0.2084,40.74,0.00,0.00,1
39.719,-0.2461,0.0904,-0.2344,-0.0224,-0.5234,0.0762,-2.99,1.85,-0.8047,-0.3047,8.5820,-0.4998,0.0703,40.74,0.00,0.00,1
39.737,-0.2852,-0.0903,-0.1211,0.0003,-0.3711,-0.1630,-3.00,1.85,-0.5352,-0.6133,8.9648,-0.2313,-0.0644,40.74,0.00,0.00,1
39.758,0.5547,-0.0784,-0.0430,-0.0279,0.6250,-0.1423,-3.01,1.82,0.3047,-0.5352,9.9609,0.6043,0.0732,40.74,0.00,0.00,1
39.770,0.1719,0.0311,0.0703,-0.0221,0.0586,-0.0178,-3.01,1.81,-0.0781,-0.4219,9.3828,0.2198,0.1057,40.74,0.00,0.00,1
39.788,0.4023,0.0895,-0.1914,-0.0169,0.9375,0.0742,-3.02,1.81,0.1523,-0.6914,10.2695,0.4497,0.1887,40.74,0.00,0.00,1
39.810,-0.4766,-0.0531,-0.1523,-0.0653,-0.7461,-0.1090,-3.02,1.80,-0.9180,-0.3437,8.6211,-0.6216,-0.0375,40.74,0.00,0.00,1
39.821,-0.6680,-0.1335,0.1562,-0.0540,-0.7109,-0.2040,-3.03,1.81,-0.9180,-0.3437,8.6211,-0.6211,-0.1271,40.74,0.00,0.00,1
39.841,-0.0937,-0.2275,-0.0742,-0.0177,-0.2109,-0.3000,-3.03,1.78,0.3047,-0.5742,10.0039,0.5967,-0.0823,40.74,0.00,0.00,1
39.859,0.5547,-0.0461,-0.0742,-0.0337,0.6719,-0.0794,-3.03,1.79,-0.1523,-0.4219,9.2266,0.1424,0.0743,40.74,0.00,0.00,1
39.872,0.0977,0.0167,0.0781,-0.0193,-0.0977,-0.0313,-3.04,1.78,0.1914,-0.6914,10.3047,0.4840,0.1164,40.74,0.00,0.00,1
39.890,0.4414,0.1157,-0.1914,-0.0513,0.9766,0.1876,-3.04,1.78,-0.4219,-0.5742,9.1211,-0.1288,0.1719,40.74,0.00,0.00,1
39.909,-0.5234,0.0231,0.0391,-0.0568,-1.0156,0.0554,-3.05,1.79,-0.7656,-0.4609,8.3164,-0.4720,-0.0065,40.74,0.00,0.00,1
39.923,-0.5234,-0.0608,0.0391,-0.0421,-1.0156,-0.1091,-3.05,1.79,-0.5352,-0.4961,9.1211,-0.2415,-0.0596,40.74,0.00,0.00,1
39.940,0.4414,-0.0944,0.0391,-0.0216,0.4805,-0.1346,-3.05,1.80,0.1914,-0.4609,9.8086,0.4866,0.0394,40.74,0.00,0.00,1
39.958,0.3203,0.0478,0.0039,-0.0072,0.2109,0.0183,-3.05,1.78,0.0781,-0.4961,9.5430,0.3701,0.1407,40.74,0.00,0.00,1
39.980,0.5469,0.1755,-0.1133,-0.0214,1.2070,0.2369,-3.05,1.76,-0.4219,-0.7266,8.9609,-0.1325,0.2243,40.74,0.00,0.00,1
39.991,-0.1719,0.1751,-0.2266,-0.0446,-0.3633,0.2603,-3.05,1.77,-0.4219,-0.7266,8.9609,-0.1309,0.1697,40.74,0.00,0.00,1
40.011,-0.7070,-0.0254,0.0039,-0.0712,-1.1680,-0.0759,-3.04,1.78,-0.4219,-0.3828,9.3828,-0.1288,-0.0411,40.74,0.00,0.00,1
40.030,-0.1719,-0.1003,0.1172,-0.0248,0.0586,-0.1141,-3.04,1.78,-0.2305,-0.6523,8.9609,0.0626,-0.0508,40.74,0.00,0.00,1
40.043,0.0195,-0.0867,-0.1523,-0.0348,-0.3633,-0.1407,-3.04,1.77,0.2305,-0.1523,10.1523,0.5203,0.0105,40.74,0.00,0.00,1
40.059,0.4727,0.0437,0.3477,0.0425,0.8242,0.0590,-3.03,1.73,0.2695,-0.4609,10.1914,0.5535,0.1569,40.74,0.00,0.00,1
40.079,0.4336,0.1677,-0.3437,0.0301,0.3633,0.2446,-3.03,1.72,0.1914,-0.8438,9.6875,0.4727,0.2566,40.74,0.00,0.00,1
40.097,-0.3320,0.1819,0.1562,-0.0359,-0.4805,0.2108,-3.03,1.74,-0.5742,-0.3437,8.8437,-0.2892,0.1495,40.74,0.00,0.00,1
40.110,-0.3320,0.1030,0.1562,-0.0064,-0.4805,0.1046,-3.03,1.74,-0.3047,-0.4609,9.2695,-0.0196,0.1037,40.74,0.00,0.00,1
40.128,-0.5937,-0.0098,-0.1133,0.0052,-0.9766,-0.0486,-3.02,1.73,-0.8438,-0.6133,8.3516,-0.5592,-0.0575,40.74,0.00,0.00,1
40.151,0.3203,-0.0685,0.3477,0.0356,0.6719,-0.1118,-3.02,1.70,0.2305,-0.4219,9.8047,0.5091,0.0433,40.74,0.00,0.00,1
40.161,0.4727,0.0034,0.0781,0.0620,0.4805,-0.0067,-3.02,1.69,0.2305,-0.4219,9.8047,0.5081,0.1147,40.74,0.00,0.00,1
40.178,0.5469,0.1424,-0.1914,0.0450,0.5937,0.1405,-3.02,1.71,0.3047,-0.6914,9.9219,0.5849,0.2433,40.74,0.00,0.00,1
40.199,0.0977,0.1809,0.1953,0.0500,-0.0586,0.1507,-3.02,1.71,0.0000,-0.4219,9.6523,0.2808,0.2164,40.74,0.00,0.00,1
40.212,0.2500,0.1859,0.0781,0.0642,0.3242,0.1631,-3.02,1.71,-1.2266,-0.6133,7.8555,-0.9458,0.1325,40.74,0.00,0.00,1
40.230,-0.9844,-0.0691,-0.1133,0.0258,-1.4766,-0.1897,-3.03,1.68,-0.1914,-0.3047,9.9219,0.0830,-0.0918,40.74,0.00,0.00,1
40.249,0.0508,-0.0996,0.1953,0.0546,0.5937,-0.0965,-3.04,1.66,-0.1523,-0.4961,9.3867,0.1188,-0.0397,40.74,0.00,0.00,1
40.267,-0.4102,-0.0773,0.0469,0.0533,-0.5547,-0.0620,-3.04,1.68,-0.6523,-0.4609,8.7773,-0.3769,-0.0952,40.74,0.00,0.00,1
40.280,-0.4102,-0.1284,0.0469,0.0523,-0.5547,-0.1377,-3.05,1.68,-0.3047,-0.4219,9.0820,-0.0287,-0.1106,40.74,0.00,0.00,1
40.298,0.7031,-0.0646,0.0781,0.0593,1.0898,-0.0862,-3.05,1.69,0.4609,-0.4219,10.4180,0.7385,0.0870,40.74,0.00,0.00,1
40.318,-0.3711,0.0672,0.0391,0.0615,-0.7109,0.1032,-3.05,1.67,-0.6133,-0.4609,8.6211,-0.3400,0.0334,40.74,0.00,0.00,1
40.331,0.3203,0.0255,0.0039,0.0538,0.4023,0.0121,-3.05,1.66,0.0781,-0.4961,9.7305,0.3504,0.1036,40.74,0.00,0.00,1
40.348,-0.7539,0.0232,0.0391,0.0424,-0.5156,0.0493,-3.07,1.66,-0.9961,-0.4609,8.8125,-0.7239,-0.0642,40.74,0.00,0.00,1
40.369,-0.2539,-0.1311,0.0781,0.0499,-0.8633,-0.2202,-3.07,1.68,-0.1523,-0.5742,9.6133,0.1226,-0.0906,40.74,0.00,0.00,1
40.390,0.7852,-0.0183,0.2305,0.0407,0.9453,-0.0593,-3.07,1.67,0.5352,-0.2695,10.2656,0.8090,0.1338,40.74,0.00,0.00,1
40.400,0.7773,0.1584,0.2305,0.0827,0.9453,0.1630,-3.07,1.66,-0.3047,-0.5742,8.8477,-0.0330,0.2155,40.74,0.00,0.00,1
40.419,-0.0625,0.1480,-0.0742,0.0572,-0.4727,0.0711,-3.08,1.62,0.0000,-0.3828,10.3867,0.2652,0.1681,40.74,0.00,0.00,1
40.438,-0.1406,0.1320,-0.3437,0.0298,-0.5859,0.1892,-3.09,1.63,-0.3828,-0.8438,8.7383,-0.1154,0.1166,40.74,0.00,0.00,1
40.451,-0.1406,0.0902,-0.3437,-0.0276,-0.5859,0.0701,-3.09,1.63,-1.1094,-0.3047,8.3945,-0.8420,0.0228,40.74,0.00,0.00,1
40.468,-0.0625,-0.1302,-0.0664,-0.0034,-0.1641,-0.1898,-3.10,1.63,-0.3047,-0.5742,9.1602,-0.0379,-0.0937,40.74,0.00,0.00,1
40.488,-0.0625,-0.1110,-0.2187,-0.0335,-0.2031,-0.1856,-3.10,1.62,-0.3047,-0.7266,9.1172,-0.0405,-0.0783,40.74,0.00,0.00,1
40.501,0.6641,-0.0421,0.2383,-0.0379,0.8320,-0.1067,-3.10,1.59,0.4219,-0.2695,10.1523,0.6822,0.0903,40.74,0.00,0.00,1
40.518,0.4648,0.1422,-0.0664,0.0160,1.0625,0.1780,-3.11,1.57,0.2305,-0.5742,10.3867,0.4877,0.2152,40.74,0.00,0.00,1
40.540,0.3125,0.2185,-0.2187,-0.0458,0.1016,0.2669,-3.12,1.60,-0.3828,-0.3828,8.9648,-0.1209,0.2204,40.74,0.00,0.00,1
40.552,-0.1406,0.1967,0.1250,-0.0449,-0.3555,0.2049,-3.12,1.60,-0.3828,-0.3828,8.9648,-0.1209,0.1680,40.74,0.00,0.00,1
40.571,0.0898,0.1171,0.1250,0.0131,0.1797,0.0961,-3.12,1.61,-1.1094,-0.7266,8.0117,-0.8458,0.0587,40.74,0.00,0.00,1
40.590,-0.8750,-0.1042,-0.2187,-0.0313,-1.3125,-0.2105,-3.12,1.59,0.0000,-0.2695,9.9648,0.2598,-0.1097,40.74,0.00,0.00,1
40.608,0.2656,-0.0498,0.0859,0.0222,0.6016,-0.0354,-3.12,1.57,0.0391,-0.4219,9.9258,0.2962,0.0243,40.74,0.00,0.00,1
40.620,0.2656,-0.0014,0.0859,0.0320,0.6016,0.0625,-3.12,1.59,0.2305,-0.8828,9.5000,0.4903,0.0818,40.74,0.00,0.00,1
40.638,0.1562,0.1215,0.2383,-0.0313,0.1016,0.1204,-3.13,1.60,-0.0781,-0.2695,9.4219,0.1838,0.1532,40.74,0.00,0.00,1
40.659,0.2734,0.1407,0.0859,0.0330,0.4883,0.1460,-3.13,1.60,0.0391,-0.4219,9.8086,0.3010,0.1877,40.74,0.00,0.00,1
40.671,-0.8750,0.0692,-0.1836,0.0196,-1.3516,0.0514,-3.13,1.60,-1.1094,-0.6914,7.9727,-0.8474,0.0287,40.74,0.00,0.00,1
40.688,-0.0781,-0.1348,0.1250,-0.0134,0.4102,-0.2056,-3.13,1.57,-0.3047,-0.3828,9.7266,-0.0486,-0.0431,40.74,0.00,0.00,1
40.711,-0.1094,-0.1203,0.0117,0.0164,-0.0117,-0.0605,-3.13,1.57,-0.3828,-0.5742,9.0391,-0.1262,-0.0593,40.74,0.00,0.00,1
40.722,-0.1484,-0.1217,-0.0586,0.0101,-0.2812,-0.0745,-3.13,1.58,-0.3828,-0.5742,9.0391,-0.1252,-0.0694,40.74,0.00,0.00,1
40.741,0.1562,-0.0840,0.0937,0.0101,0.0664,-0.0916,-3.13,1.59,0.4219,-0.4609,10.3086,0.6811,0.0385,40.74,0.00,0.00,1
40.759,0.6562,0.0948,0.0469,0.0234,0.9844,0.1564,-3.14,1.58,-0.8438,-0.6523,8.1953,-0.5856,0.1194,40.74,0.00,0.00,1
40.777,0.1875,-0.0090,0.0937,-0.0038,0.4883,-0.0297,-3.13,1.55,-0.0391,-0.4219,9.8086,0.2132,0.0555,40.74,0.00,0.00,1
40.790,0.1875,0.0212,0.0937,0.0112,0.4883,0.0498,-3.13,1.54,-0.9180,-0.5352,8.7773,-0.6667,0.0092,40.74,0.00,0.00,1
40.808,-0.2266,-0.1326,0.0117,0.0081,-0.6641,-0.1036,-3.13,1.56,-0.4609,-0.4961,8.6602,-0.2070,-0.1192,40.74,0.00,0.00,1
40.829,0.0430,-0.1377,0.0469,0.0119,0.3711,-0.1798,-3.13,1.56,-0.1914,-0.4609,9.6875,0.0625,-0.0843,40.74,0.00,0.00,1
40.841,0.0430,-0.1099,0.0469,0.0173,0.3711,-0.0952,-3.14,1.55,0.4961,-0.4219,10.0000,0.7489,-0.0069,40.74,0.00,0.00,1
