t_s,roll_deg,pitch_deg,raw_ax_mps2,raw_ax_filt_mps2,raw_ay_mps2,raw_az_mps2,speed_kmh,hall_f_hz,hall_r_hz,gps_fix
0.003,-3.31,0.13,-0.4961,0.4167,-0.4961,8.5430,0.06,0.00,0.00,1
0.022,-3.31,0.13,0.0781,0.2038,-0.5742,9.9609,0.02,0.00,0.00,1
0.041,-3.31,0.13,-0.1914,0.1013,-0.7266,9.2266,0.02,0.00,0.00,1
0.054,-3.31,0.13,-0.6914,0.0163,-0.3828,8.2734,0.02,0.00,0.00,1
0.072,-3.40,0.13,-0.1523,-0.1056,-0.6523,9.1953,0.02,0.00,0.00,1
0.091,-3.40,0.13,0.3437,-0.0118,-0.6523,9.5820,0.02,0.00,0.00,1
0.122,-3.43,0.11,0.5742,0.2099,-0.5742,10.4141,0.02,0.00,0.00,1
0.123,-3.43,0.11,0.5742,0.2099,-0.5742,10.4141,0.02,0.00,0.00,1
0.143,-3.43,0.11,-0.6523,0.1739,-0.4219,8.3555,0.02,0.00,0.00,1
0.162,-3.43,0.11,-0.2695,-0.0298,-0.5742,9.0781,0.02,0.00,0.00,1
0.174,-3.43,0.11,-0.5352,-0.1041,-0.7656,8.5781,0.02,0.00,0.00,1
0.192,-3.43,0.11,0.3828,-0.1529,-0.3828,9.8477,0.02,0.00,0.00,1
0.212,-3.48,0.07,0.1914,-0.0126,-0.4961,9.9258,0.04,0.00,0.00,1
0.224,-3.48,0.07,0.5352,0.0600,-0.7266,9.6484,0.04,0.00,0.00,1
0.244,-3.48,0.07,0.1133,0.1610,-0.5742,9.4609,0.04,0.00,0.00,1
0.261,-3.48,0.07,0.3828,0.2044,-0.4219,10.0000,0.04,0.00,0.00,1
0.283,-3.48,0.07,0.2305,-0.0047,-0.6133,9.7266,0.04,0.00,0.00,1
0.292,-3.48,0.07,0.2305,0.0315,-0.6133,9.7266,0.04,0.00,0.00,1
0.314,-3.48,0.07,-0.3437,-0.0874,-0.5352,8.7773,0.04,0.00,0.00,1
0.333,-3.48,0.07,0.1133,-0.1235,-0.5742,9.4609,0.04,0.00,0.00,1
0.352,-3.56,0.07,0.5742,0.0592,-0.5742,10.1484,0.04,0.00,0.00,1
0.363,-3.56,0.07,0.0000,0.1272,-0.4219,9.1562,0.04,0.00,0.00,1
0.383,-3.56,0.07,0.5742,0.1371,-0.7656,9.8867,0.04,0.00,0.00,1
0.394,-3.56,0.07,0.1523,0.2001,-0.9180,9.3477,0.04,0.00,0.00,1
0.413,-3.56,0.07,-0.8438,0.1069,-0.3828,8.3516,0.07,0.00,0.00,1
0.431,-3.56,0.07,-0.3828,-0.1152,-0.5352,9.2305,0.07,0.00,0.00,1
0.454,-3.56,0.07,0.2305,-0.0794,-0.4219,9.5039,0.07,0.00,0.00,1
0.462,-3.56,0.07,0.2305,-0.0318,-0.4219,9.5039,0.07,0.00,0.00,1
0.481,-3.56,0.07,0.6523,0.1359,-0.4961,10.3477,0.07,0.00,0.00,1
0.503,-3.62,0.04,-0.3437,0.2105,-0.3828,8.6953,0.07,0.00,0.00,1
0.513,-3.62,0.04,-0.3437,0.1254,-0.3828,8.6953,0.07,0.00,0.00,1
0.542,-3.64,0.05,-0.5742,-0.1532,-0.9180,8.5391,0.07,0.00,0.00,1
0.552,-3.64,0.05,0.4609,-0.1351,-0.2695,9.9219,0.07,0.00,0.00,1
0.564,-3.64,0.05,0.6133,0.0090,-0.6914,10.1523,0.07,0.00,0.00,1
0.582,-3.64,0.05,0.5742,0.1773,-0.9180,9.8828,0.07,0.00,0.00,1
0.601,-3.64,0.05,-0.1523,0.1518,-0.4609,9.1211,0.07,0.00,0.00,1
0.621,-3.64,0.05,0.0391,0.1079,-0.4609,9.6094,0.06,0.00,0.00,1
0.632,-3.65,0.02,-0.9180,-0.1191,-0.8438,8.0430,0.06,0.00,0.00,1
0.651,-3.65,0.02,0.1133,-0.1632,-0.4609,9.6914,0.06,0.00,0.00,1
0.681,-3.65,0.02,0.2695,-0.0259,-0.7266,9.6484,0.06,0.00,0.00,1
0.683,-3.65,0.02,0.2695,-0.0259,-0.7266,9.6484,0.06,0.00,0.00,1
0.703,-3.65,0.02,0.6523,0.0895,-0.4219,10.3437,0.06,0.00,0.00,1
0.722,-3.65,0.02,-0.8438,0.1295,-0.7266,8.0820,0.06,0.00,0.00,1
0.734,-3.65,0.02,0.1523,-0.0062,-0.5742,9.6523,0.06,0.00,0.00,1
0.753,-3.65,0.02,-0.3437,-0.0010,-0.6914,9.0781,0.06,0.00,0.00,1
0.774,-3.67,-0.03,-0.3047,-0.1092,-0.5352,8.9258,0.06,0.00,0.00,1
0.792,-3.67,-0.03,0.0391,-0.0998,-0.7656,9.3828,0.06,0.00,0.00,1
0.802,-3.67,-0.03,0.8047,-0.0172,-0.4961,10.3437,0.06,0.00,0.00,1
0.821,-3.67,-0.03,-0.4961,-0.0249,-0.7266,8.3945,0.04,0.00,0.00,1
0.843,-3.67,-0.03,-0.5742,-0.0287,-0.7266,8.8828,0.04,0.00,0.00,1
0.853,-3.67,-0.03,-0.5742,-0.1125,-0.7266,8.8828,0.04,0.00,0.00,1
0.873,-3.67,-0.03,0.0000,-0.2160,-0.7266,9.4219,0.04,0.00,0.00,1
0.892,-3.67,-0.03,0.6133,-0.1057,-0.4961,10.2656,0.04,0.00,0.00,1
0.913,-3.66,-0.06,-0.1133,-0.0214,-0.4961,8.9219,0.04,0.00,0.00,1
0.924,-3.66,-0.06,0.3828,-0.0020,-0.8047,10.1133,0.04,0.00,0.00,1
0.942,-3.66,-0.06,-0.4219,0.0427,-0.7656,8.8867,0.04,0.00,0.00,1
0.961,-3.66,-0.06,-0.6914,-0.1753,-0.5352,8.3164,0.04,0.00,0.00,1
0.973,-3.66,-0.06,-0.1523,-0.2115,-0.6523,9.3047,0.04,0.00,0.00,1
0.992,-3.66,-0.06,0.1914,-0.1152,-0.8047,9.5820,0.04,0.00,0.00,1
1.021,-3.65,-0.04,0.5352,0.1361,-0.6523,10.3477,0.06,0.00,0.00,1
1.024,-3.65,-0.04,0.5352,0.1361,-0.6523,10.3477,0.06,0.00,0.00,1
1.041,-3.65,-0.04,0.4219,0.2242,-0.9180,9.6133,0.06,0.00,0.00,1
1.063,-3.64,-0.04,-0.1133,0.0068,-0.6133,9.2305,0.06,0.00,0.00,1
1.074,-3.64,-0.04,-0.1133,-0.0116,-0.6133,9.2305,0.06,0.00,0.00,1
1.094,-3.64,-0.04,0.3047,-0.1377,-0.4609,9.9258,0.06,0.00,0.00,1
1.113,-3.64,-0.04,0.0391,-0.0335,-0.7266,9.4648,0.06,0.00,0.00,1
1.132,-3.64,-0.04,0.0000,-0.0174,-0.6914,9.1992,0.06,0.00,0.00,1
1.142,-3.64,-0.04,0.1133,-0.0057,-0.5352,9.7305,0.06,0.00,0.00,1
1.162,-3.60,-0.05,0.6133,0.1455,-0.5352,10.0742,0.06,0.00,0.00,1
1.182,-3.60,-0.05,-0.4961,0.0327,-0.5742,8.5000,0.06,0.00,0.00,1
1.193,-3.58,-0.09,0.1914,0.0678,-0.5352,10.0703,0.06,0.00,0.00,1
1.212,-3.58,-0.09,-0.3047,0.0002,-0.7266,9.1562,0.04,0.00,0.00,1
1.234,-3.58,-0.09,-0.1523,-0.1703,-0.5742,9.1992,0.04,0.00,0.00,1
1.244,-3.58,-0.09,-0.1523,-0.1676,-0.5742,9.1992,0.04,0.00,0.00,1
1.264,-3.58,-0.09,0.6133,-0.0311,-0.3828,9.8867,0.04,0.00,0.00,1
1.282,-3.58,-0.09,0.6133,0.1516,-0.7656,10.4180,0.04,0.00,0.00,1
1.301,-3.58,-0.09,0.4219,0.2667,-0.7656,9.7656,0.04,0.00,0.00,1
1.313,-3.58,-0.09,-0.3828,0.2261,-0.4961,8.6602,0.04,0.00,0.00,1
1.332,-3.53,-0.07,-0.1523,0.0695,-0.4961,9.2305,0.04,0.00,0.00,1
1.351,-3.53,-0.07,-0.7266,-0.1332,-0.7266,8.3945,0.04,0.00,0.00,1
1.363,-3.53,-0.07,0.0000,-0.1662,-0.4219,9.6875,0.04,0.00,0.00,1
1.382,-3.53,-0.07,-0.0781,-0.1268,-0.6523,9.3047,0.04,0.00,0.00,1
1.412,-3.49,-0.06,0.2695,0.0114,-0.6133,9.5820,0.04,0.00,0.00,1
1.414,-3.49,-0.06,0.2695,0.0114,-0.6133,9.5820,0.04,0.00,0.00,1
1.434,-3.49,-0.06,-0.5742,0.1329,-0.6914,8.3945,0.04,0.00,0.00,1
1.452,-3.49,-0.06,0.0391,-0.0186,-0.5352,9.6914,0.04,0.00,0.00,1
1.472,-3.46,-0.04,-0.4609,-0.1096,-0.6914,8.8828,0.04,0.00,0.00,1
1.484,-3.46,-0.04,-0.6523,-0.2027,-0.4961,8.5430,0.04,0.00,0.00,1
1.503,-3.46,-0.04,-0.0391,-0.2811,-0.4961,9.3867,0.04,0.00,0.00,1
1.521,-3.46,-0.04,0.3047,-0.1225,-0.7656,9.7305,0.04,0.00,0.00,1
1.533,-3.46,-0.04,0.2305,-0.0628,-0.2695,9.5391,0.04,0.00,0.00,1
1.552,-3.46,-0.04,0.5742,0.1132,-0.6523,10.1523,0.04,0.00,0.00,1
1.582,-3.41,-0.02,-0.4219,0.0636,-0.3047,8.6211,0.04,0.00,0.00,1
1.584,-3.41,-0.02,-0.4219,0.0636,-0.3047,8.6211,0.04,0.00,0.00,1
1.601,-3.41,-0.02,-0.5352,-0.0991,-0.5352,8.8477,0.04,0.00,0.00,1
1.624,-3.40,-0.03,0.5742,-0.1220,-0.4219,9.9219,0.02,0.00,0.00,1
1.642,-3.40,-0.03,0.7266,0.0876,-0.4609,10.5312,0.02,0.00,0.00,1
1.654,-3.40,-0.03,0.4961,0.2106,-0.8828,9.8867,0.02,0.00,0.00,1
1.672,-3.40,-0.03,-0.3828,0.2213,-0.2695,8.6953,0.02,0.00,0.00,1
1.691,-3.40,-0.03,-0.0781,0.0828,-0.4961,9.3477,0.02,0.00,0.00,1
1.703,-3.40,-0.03,-0.7656,0.0030,-0.6914,8.3125,0.02,0.00,0.00,1
1.722,-3.37,-0.03,0.2305,-0.0386,-0.3047,9.8477,0.02,0.00,0.00,1
1.741,-3.37,-0.03,0.2305,0.0377,-0.4609,9.8437,0.02,0.00,0.00,1
1.754,-3.37,-0.01,0.7266,0.1902,-0.7266,9.8477,0.02,0.00,0.00,1
1.772,-3.37,-0.01,0.1523,0.2460,-0.4219,9.3828,0.02,0.00,0.00,1
1.794,-3.37,-0.01,-0.9180,0.1523,-0.8828,7.9297,0.02,0.00,0.00,1
1.812,-3.37,-0.01,-0.0391,-0.0809,-0.3828,9.5039,0.06,0.00,0.00,1
1.823,-3.37,-0.01,-0.1914,-0.0839,-0.4609,9.3086,0.06,0.00,0.00,1
1.842,-3.37,-0.01,0.3828,-0.0684,-0.6914,9.8086,0.06,0.00,0.00,1
1.862,-3.35,0.01,0.3437,0.0768,-0.3437,9.6484,0.06,0.00,0.00,1
1.873,-3.35,0.01,0.5352,0.1331,-0.3828,10.1094,0.06,0.00,0.00,1
1.892,-3.36,0.03,-0.8438,-0.0350,-0.6133,8.1602,0.06,0.00,0.00,1
1.911,-3.36,0.03,0.1133,-0.0989,-0.5352,9.6914,0.06,0.00,0.00,1
1.924,-3.36,0.03,-0.5742,-0.1213,-0.5352,8.8164,0.06,0.00,0.00,1
1.941,-3.36,0.03,-0.0781,-0.1659,-0.4961,9.0430,0.06,0.00,0.00,1
1.964,-3.36,0.03,0.6914,-0.0037,-0.4219,10.1914,0.06,0.00,0.00,1
1.982,-3.36,0.03,-0.3047,0.1138,-0.5352,8.5781,0.06,0.00,0.00,1
2.002,-3.36,0.04,0.2305,0.0896,-0.4609,10.1133,0.06,0.00,0.00,1
2.012,-3.36,0.04,-0.4609,0.0559,-0.6523,8.9648,0.07,0.00,0.00,1
2.032,-3.36,0.04,-0.6133,-0.1540,-0.3828,8.4219,0.07,0.00,0.00,1
2.043,-3.36,0.04,-0.1914,-0.2219,-0.6914,9.0039,0.07,0.00,0.00,1
2.062,-3.36,0.04,0.5352,-0.1551,-0.5742,10.0352,0.07,0.00,0.00,1
2.081,-3.36,0.04,0.0781,-0.0209,-0.4219,9.2695,0.07,0.00,0.00,1
2.094,-3.36,0.04,0.6133,0.0371,-0.6133,10.2305,0.07,0.00,0.00,1
2.111,-3.36,0.04,0.0781,0.1151,-0.6523,9.4219,0.07,0.00,0.00,1
2.134,-3.36,0.04,-0.2305,-0.1099,-0.4609,9.3828,0.07,0.00,0.00,1
2.145,-3.36,0.04,-0.2305,-0.1284,-0.4609,9.3828,0.07,0.00,0.00,1
2.162,-3.36,0.04,-0.0391,-0.1150,-0.7266,9.0820,0.07,0.00,0.00,1
2.183,-3.37,0.04,0.6133,0.1349,-0.5352,10.4141,0.07,0.00,0.00,1
2.203,-3.37,0.04,0.4609,0.2584,-0.6914,9.6875,0.07,0.00,0.00,1
2.214,-3.37,0.04,-0.4961,0.2267,-0.5352,8.6211,0.07,0.00,0.00,1
2.233,-3.37,0.04,-0.1523,0.0492,-0.4609,9.2305,0.07,0.00,0.00,1
2.251,-3.37,0.04,-0.6914,-0.1388,-0.8047,8.3516,0.07,0.00,0.00,1
2.264,-3.37,0.04,0.3437,-0.1409,-0.3047,9.9609,0.07,0.00,0.00,1
2.281,-3.37,0.04,0.1523,-0.0180,-0.4609,9.8867,0.07,0.00,0.00,1
2.301,-3.37,0.04,0.4219,0.0899,-0.6133,9.6875,0.07,0.00,0.00,1
2.324,-3.41,0.01,0.4219,0.1361,-0.3437,10.0000,0.07,0.00,0.00,1
2.332,-3.41,0.01,0.4219,0.1800,-0.3437,10.0000,0.07,0.00,0.00,1
2.354,-3.41,0.01,0.0000,-0.0441,-0.5352,9.7656,0.07,0.00,0.00,1
2.373,-3.41,0.01,-0.4219,-0.0654,-0.4609,9.0391,0.07,0.00,0.00,1
2.392,-3.43,-0.01,-0.1133,-0.1186,-0.5742,8.9609,0.07,0.00,0.00,1
2.402,-3.43,-0.01,0.1523,-0.0965,-0.6914,9.4609,0.07,0.00,0.00,1
2.421,-3.43,-0.01,0.8438,0.1413,-0.3828,10.4141,0.06,0.00,0.00,1
2.434,-3.43,-0.01,-0.4961,0.1420,-0.6133,8.5039,0.06,0.00,0.00,1
2.453,-3.45,-0.04,0.1133,0.0593,-0.6523,9.8867,0.06,0.00,0.00,1
2.472,-3.45,-0.04,-0.4609,-0.0493,-0.6133,8.9219,0.06,0.00,0.00,1
2.494,-3.45,-0.04,-0.0781,-0.1742,-0.7266,9.2305,0.06,0.00,0.00,1
2.502,-3.45,-0.04,-0.0781,-0.1594,-0.7266,9.2305,0.06,0.00,0.00,1
2.523,-3.45,-0.04,0.0000,-0.0006,-0.4609,9.1602,0.06,0.00,0.00,1
2.542,-3.45,-0.04,0.7266,0.0577,-0.7656,10.1523,0.06,0.00,0.00,1
2.554,-3.45,-0.04,-0.0781,0.1414,-0.6523,9.3047,0.06,0.00,0.00,1
2.572,-3.45,-0.04,-0.7656,0.0241,-0.4219,8.4219,0.06,0.00,0.00,1
2.592,-3.49,-0.06,-0.3047,-0.1431,-0.5352,9.3086,0.06,0.00,0.00,1
2.604,-3.49,-0.06,-0.0781,-0.1607,-0.8047,9.2695,0.06,0.00,0.00,1
2.622,-3.49,-0.06,0.4219,-0.0973,-0.2695,9.8437,0.06,0.00,0.00,1
2.642,-3.50,-0.09,0.6133,0.1220,-0.5352,10.3047,0.06,0.00,0.00,1
2.663,-3.50,-0.09,-0.4219,0.1988,-0.4219,8.6953,0.06,0.00,0.00,1
2.672,-3.50,-0.09,-0.4219,0.1034,-0.4219,8.6953,0.06,0.00,0.00,1
2.694,-3.50,-0.09,-0.8047,-0.0514,-0.9180,8.1992,0.06,0.00,0.00,1
2.713,-3.50,-0.09,0.2695,-0.1791,-0.3437,9.7656,0.06,0.00,0.00,1
2.733,-3.52,-0.12,0.3047,-0.0184,-0.5352,10.1875,0.06,0.00,0.00,1
2.743,-3.52,-0.12,0.2695,0.0503,-0.8828,9.3867,0.06,0.00,0.00,1
2.762,-3.52,-0.12,0.0391,0.0940,-0.5352,9.1602,0.06,0.00,0.00,1
2.782,-3.52,-0.11,0.3828,0.1514,-0.3828,10.0742,0.06,0.00,0.00,1
2.792,-3.52,-0.11,-0.8438,0.0888,-0.8438,8.1211,0.06,0.00,0.00,1
2.811,-3.52,-0.11,0.0781,-0.0251,-0.5742,9.5000,0.07,0.00,0.00,1
2.834,-3.52,-0.11,0.5352,-0.0241,-0.6133,10.0039,0.07,0.00,0.00,1
2.842,-3.52,-0.11,0.5352,0.0618,-0.6133,10.0039,0.07,0.00,0.00,1
2.861,-3.52,-0.11,0.2695,0.1372,-0.6914,9.5781,0.07,0.00,0.00,1
2.884,-3.53,-0.13,-0.9180,0.1544,-0.9570,7.7734,0.07,0.00,0.00,1
2.893,-3.53,-0.13,-0.9180,-0.0104,-0.9570,7.7734,0.07,0.00,0.00,1
2.923,-3.52,-0.12,-0.1523,-0.1103,-0.3828,9.3047,0.07,0.00,0.00,1
2.933,-3.52,-0.12,0.1914,-0.0892,-0.9180,9.3828,0.07,0.00,0.00,1
2.944,-3.52,-0.12,0.1914,-0.0271,-0.4961,9.5781,0.07,0.00,0.00,1
2.963,-3.52,-0.12,0.6523,0.0717,-0.4609,10.4141,0.07,0.00,0.00,1
2.982,-3.52,-0.12,-0.9180,-0.0779,-0.7656,7.9687,0.07,0.00,0.00,1
3.001,-3.52,-0.12,-0.0781,-0.1303,-0.5352,9.6484,0.07,0.00,0.00,1
3.012,-3.50,-0.10,-0.4609,-0.2034,-0.3828,8.9219,0.07,0.00,0.00,1
3.032,-3.50,-0.10,0.1133,-0.1641,-0.8828,9.1602,0.07,0.00,0.00,1
3.054,-3.50,-0.10,0.6914,0.0157,-0.4609,10.3086,0.07,0.00,0.00,1
3.064,-3.50,-0.10,0.6914,0.1195,-0.4609,10.3086,0.07,0.00,0.00,1
3.084,-3.50,-0.10,0.1133,-0.0134,-0.6133,9.6484,0.07,0.00,0.00,1
3.102,-3.50,-0.10,-0.4961,-0.0262,-0.7266,8.8867,0.07,0.00,0.00,1
3.114,-3.50,-0.10,-0.4219,-0.1242,-0.4961,8.8164,0.07,0.00,0.00,1
3.133,-3.50,-0.10,0.0781,-0.1687,-0.5742,9.4258,0.07,0.00,0.00,1
3.153,-3.46,-0.09,0.8438,0.0849,-0.3437,10.5312,0.07,0.00,0.00,1
3.171,-3.46,-0.09,-0.3828,0.0722,-0.4609,8.4219,0.07,0.00,0.00,1
3.183,-3.46,-0.09,0.1914,0.0482,-0.6523,9.9609,0.07,0.00,0.00,1
3.201,-3.46,-0.09,-0.4961,-0.0551,-0.6523,8.6602,0.07,0.00,0.00,1
3.224,-3.46,-0.09,0.1523,-0.1536,-0.6133,9.8047,0.00,0.00,0.00,1
3.233,-3.46,-0.09,0.1523,-0.1066,-0.6133,9.8047,0.00,0.00,0.00,1
3.254,-3.46,-0.09,0.1133,0.0724,-0.3828,9.1953,0.00,0.00,0.00,1
3.273,-3.46,-0.09,0.5742,0.1209,-0.9180,9.8828,0.00,0.00,0.00,1
3.292,-3.41,-0.14,-0.1133,0.1233,-0.6914,8.9609,0.00,0.00,0.00,1
3.303,-3.41,-0.14,-0.6523,0.0278,-0.3437,8.1953,0.00,0.00,0.00,1
3.322,-3.41,-0.14,0.2695,-0.0913,-0.6914,9.6875,0.00,0.00,0.00,1
3.341,-3.41,-0.14,0.4219,0.0654,-0.7266,9.3086,0.00,0.00,0.00,1
3.353,-3.41,-0.14,0.6914,0.1417,-0.4219,9.7656,0.00,0.00,0.00,1
3.372,-3.41,-0.14,1.1094,0.4216,-0.9961,10.2266,0.00,0.00,0.00,1
3.394,-3.41,-0.14,-0.9570,0.2880,-0.3047,7.8945,0.00,0.00,0.00,1
3.404,-3.41,-0.14,-0.9570,0.0967,-0.3047,7.8945,0.00,0.00,0.00,1
3.432,-3.31,-0.13,0.1133,-0.0145,-0.6133,9.2656,0.02,0.00,0.00,1
3.443,-3.31,-0.13,1.1484,0.0966,-0.3047,10.4141,0.02,0.00,0.00,1
3.454,-3.31,-0.13,1.1484,0.2581,-0.3047,10.4141,0.02,0.00,0.00,1
3.473,-3.31,-0.13,-0.0391,0.4587,-0.6133,8.9648,0.02,0.00,0.00,1
3.493,-3.31,-0.13,-0.6523,0.2685,-0.4219,7.9687,0.02,0.00,0.00,1
3.511,-3.31,-0.13,0.3437,0.1750,-0.6914,9.3437,0.02,0.00,0.00,1
3.523,-3.31,-0.13,1.0352,0.2562,-0.7656,10.1133,0.02,0.00,0.00,1
3.542,-3.31,-0.13,0.8438,0.4794,-0.4219,9.6523,0.02,0.00,0.00,1
3.561,-3.31,-0.13,0.5352,0.5145,-0.8438,9.6484,0.02,0.00,0.00,1
3.573,-3.15,-0.18,-0.9961,0.1801,-0.4609,8.0820,0.02,0.00,0.00,1
3.593,-3.15,-0.18,-0.8828,-0.1958,-0.5352,7.6289,0.02,0.00,0.00,1
3.613,-3.15,-0.18,-0.1523,0.0269,-0.9570,8.5820,0.06,0.00,0.00,1
3.624,-3.15,-0.18,-0.1523,-0.0006,-0.9570,8.5820,0.06,0.00,0.00,1
3.643,-3.15,-0.18,-0.3437,0.2831,-0.4219,8.8164,0.06,0.00,0.00,1
3.662,-3.15,-0.18,-0.4609,0.0959,-0.6133,8.6211,0.06,0.00,0.00,1
3.682,-3.15,-0.18,0.9961,0.2285,-0.2305,10.0703,0.06,0.00,0.00,1
3.692,-3.15,-0.18,-0.8047,0.2024,-1.1094,7.8555,0.06,0.00,0.00,1
3.712,-2.91,-0.16,1.2266,0.3086,0.1914,11.2969,0.06,0.00,0.00,1
3.731,-2.91,-0.16,1.0352,0.5792,-1.0352,9.9648,0.06,0.00,0.00,1
3.743,-2.91,-0.16,-1.1484,0.4745,-0.3047,7.8555,0.06,0.00,0.00,1
3.762,-2.91,-0.16,-0.4609,0.0734,-0.0781,8.2383,0.06,0.00,0.00,1
3.783,-2.91,-0.16,0.5742,0.3486,-0.3437,10.0703,0.06,0.00,0.00,1
3.794,-2.91,-0.16,0.5742,0.3833,-0.3437,10.0703,0.06,0.00,0.00,1
3.814,-2.91,-0.16,-1.2656,0.1294,-0.5352,7.5508,0.15,0.00,0.00,1
3.833,-2.91,-0.16,2.0312,-0.0025,-0.3437,12.1055,0.15,0.00,0.00,1
3.853,-2.66,-0.04,0.7266,0.4021,-0.7266,9.8477,0.15,0.00,0.00,1
3.863,-2.66,-0.04,0.3828,0.4464,-0.0781,9.8477,0.15,0.00,0.00,1
3.883,-2.66,-0.04,-1.6094,0.2690,0.0000,6.7812,0.15,0.00,0.00,1
3.902,-2.56,0.00,0.5352,0.1032,0.1523,10.7656,0.15,0.00,0.00,1
3.913,-2.56,0.00,0.3828,0.1574,-0.4609,9.5820,0.15,0.00,0.00,1
3.932,-2.56,0.00,0.5742,0.2766,-0.0781,10.9570,0.15,0.00,0.00,1
3.954,-2.56,0.00,-1.0352,-0.0394,-0.1523,8.6602,0.15,0.00,0.00,1
3.964,-2.56,0.00,-1.0352,-0.1923,-0.1523,8.6602,0.15,0.00,0.00,1
3.982,-2.56,0.00,-0.8828,-0.3977,-0.2695,8.6953,0.15,0.00,0.00,1
4.003,-2.43,0.11,0.3047,-0.5414,0.0000,10.6523,0.15,0.00,0.00,1
4.015,-2.43,0.11,0.3047,-0.4115,0.0000,10.6523,0.28,0.00,0.00,1
4.033,-2.43,0.11,0.3047,-0.4552,0.2695,10.6523,0.28,0.00,0.00,1
4.053,-2.43,0.11,-0.0391,-0.2672,-1.0352,9.2305,0.28,0.00,0.00,1
4.072,-2.43,0.11,-1.1484,-0.4349,0.0000,8.2734,0.28,0.00,0.00,1
4.083,-2.43,0.11,-0.1914,-0.4680,-0.2305,9.9648,0.28,0.00,0.00,1
4.101,-2.43,0.11,-1.7617,-0.7212,-0.6523,7.2070,0.28,0.00,0.00,1
4.121,-2.43,0.11,0.4609,-0.5244,-0.3828,10.4922,0.28,0.00,0.00,1
4.134,-2.28,0.22,-0.0391,-0.4170,-0.4219,9.4609,0.28,0.00,0.00,1
4.152,-2.28,0.22,-1.0742,-0.5172,-0.5742,8.3125,0.28,0.00,0.00,1
4.174,-2.28,0.22,-0.9180,-0.5149,-0.8438,8.0820,0.28,0.00,0.00,1
4.185,-2.28,0.22,-0.9180,-0.5768,-0.8438,8.0820,0.28,0.00,0.00,1
4.203,-2.28,0.22,-0.6133,-0.4659,-0.1133,9.1211,0.28,0.00,0.00,1
4.223,-2.28,0.22,0.0000,-0.4587,-0.5352,9.5820,0.56,0.00,0.00,1
4.241,-2.28,0.22,-0.0391,-0.3109,-0.2305,9.8437,0.56,0.00,0.00,1
4.254,-2.28,0.22,0.1523,-0.2355,-0.3828,9.9648,0.56,0.00,0.00,1
4.272,-2.08,0.25,-0.9961,-0.3574,-0.2695,8.5430,0.56,0.00,0.00,1
4.292,-2.08,0.25,-0.5352,-0.4731,-0.2305,9.5000,0.56,0.00,0.00,1
4.304,-2.08,0.25,-0.5742,-0.4858,-0.2305,9.1953,0.56,0.00,0.00,1
4.321,-2.08,0.25,-0.6523,-0.5332,-0.2305,9.0000,0.56,0.00,0.00,1
4.344,-2.08,0.25,-0.2305,-0.4932,-0.5352,9.2695,0.56,0.00,0.00,1
4.363,-2.08,0.25,-0.2695,-0.4218,0.0000,9.5820,0.56,0.00,0.00,1
4.374,-2.08,0.25,0.1133,-0.3575,-0.3828,9.8477,0.56,0.00,0.00,1
4.393,-2.08,0.25,0.0781,-0.2268,-0.4961,9.8477,0.56,0.00,0.00,1
4.412,-1.87,0.26,-1.0742,-0.3779,-0.1914,8.1953,0.56,0.00,0.00,1
4.432,-1.84,0.25,-0.3437,-0.4536,-0.1133,9.4648,0.44,0.00,0.00,1
4.442,-1.84,0.25,-0.6523,-0.4614,-0.6914,8.5391,0.44,0.00,0.00,1
4.463,-1.80,0.24,0.1133,-0.3571,0.1133,10.0039,0.44,0.00,0.00,1
4.474,-1.80,0.24,0.1523,-0.2817,-0.3047,9.6133,0.44,0.00,0.00,1
4.492,-1.80,0.24,0.4219,-0.0741,-0.4609,10.2695,0.44,0.00,0.00,1
4.514,-1.80,0.24,0.0000,-0.1336,-0.1133,9.6484,0.44,0.00,0.00,1
4.525,-1.80,0.24,0.0000,-0.1131,-0.1133,9.6484,0.44,0.00,0.00,1
4.542,-1.80,0.24,-1.2656,-0.3611,-0.4219,7.7734,0.44,0.00,0.00,1
4.564,-1.66,0.25,-0.1523,-0.0988,-0.0391,9.5039,0.44,0.00,0.00,1
4.583,-1.66,0.25,0.4219,-0.0681,-0.2305,10.2305,0.44,0.00,0.00,1
4.602,-1.60,0.27,-0.3437,-0.0705,-0.1523,9.1211,0.44,0.00,0.00,1
4.613,-1.60,0.27,0.2305,-0.0665,-0.0391,10.0000,0.04,0.00,0.00,1
4.631,-1.60,0.27,-1.1094,-0.2618,-0.1133,8.0391,0.04,0.00,0.00,1
4.644,-1.60,0.27,0.1523,-0.2910,-0.0781,9.9219,0.04,0.00,0.00,1
4.661,-1.60,0.27,-0.3828,-0.2583,-0.2305,9.0391,0.04,0.00,0.00,1
4.681,-1.60,0.27,-0.4961,-0.3187,-0.1914,8.9258,0.04,0.00,0.00,1
4.703,-1.53,0.29,-0.0391,-0.2319,-0.3828,9.3867,0.04,0.00,0.00,1
4.712,-1.53,0.29,-0.0391,-0.2023,-0.3828,9.3867,0.04,0.00,0.00,1
4.734,-1.53,0.29,0.2305,-0.0622,-0.1914,10.0312,0.04,0.00,0.00,1
4.753,-1.53,0.29,0.4961,0.0420,-0.2695,10.1094,0.04,0.00,0.00,1
4.773,-1.51,0.32,-0.4961,-0.0228,-0.0391,8.8125,0.04,0.00,0.00,1
4.782,-1.51,0.32,-0.1523,-0.0680,0.0000,9.2656,0.04,0.00,0.00,1
4.801,-1.51,0.32,-1.2656,-0.3431,-0.3047,7.8164,0.04,0.00,0.00,1
4.814,-1.51,0.32,-0.0781,-0.3898,0.1523,9.8047,0.04,0.00,0.00,1
4.832,-1.51,0.29,-0.1523,-0.3000,-0.1523,8.9648,0.04,0.00,0.00,1
4.851,-1.51,0.29,0.1523,-0.1822,-0.1523,9.6914,0.04,0.00,0.00,1
4.865,-1.51,0.29,0.1523,-0.1308,-0.2305,9.6133,0.04,0.00,0.00,1
4.882,-1.51,0.29,0.5352,0.0504,-0.1523,10.0742,0.04,0.00,0.00,1
4.904,-1.51,0.29,0.0000,-0.0920,0.0391,10.0312,0.04,0.00,0.00,1
4.922,-1.51,0.29,-0.1523,-0.0781,-0.2305,9.4258,0.04,0.00,0.00,1
4.943,-1.59,0.33,-0.3828,-0.1544,-0.0391,9.1211,0.04,0.00,0.00,1
4.953,-1.59,0.33,-0.1133,-0.1679,-0.1914,9.3828,0.04,0.00,0.00,1
4.972,-1.63,0.36,0.0781,-0.1069,-0.2695,9.5430,0.04,0.00,0.00,1
4.984,-1.63,0.36,0.0781,-0.0660,0.1133,9.5430,0.04,0.00,0.00,1
5.002,-1.63,0.36,0.3828,-0.0007,-0.1914,9.6523,0.04,0.00,0.00,1
5.021,-1.63,0.36,0.1523,0.0790,-0.3047,9.5000,0.02,0.00,0.00,1
5.043,-1.63,0.36,-0.2695,-0.1477,-0.1523,9.2656,0.02,0.00,0.00,1
5.052,-1.63,0.36,-0.2695,-0.1664,-0.1523,9.2656,0.02,0.00,0.00,1
5.074,-1.63,0.36,0.4219,-0.2162,0.0391,9.8086,0.02,0.00,0.00,1
5.093,-1.63,0.36,0.5352,-0.0262,-0.3047,9.9258,0.02,0.00,0.00,1
5.113,-1.87,0.41,0.8047,0.2248,-0.3828,10.5352,0.02,0.00,0.00,1
5.123,-1.87,0.41,-0.4961,0.2491,-0.1523,8.6602,0.02,0.00,0.00,1
5.142,-1.87,0.41,-0.0391,0.0743,-0.1914,9.5391,0.02,0.00,0.00,1
5.154,-1.87,0.41,-1.0352,-0.0305,-0.5742,7.8516,0.02,0.00,0.00,1
5.174,-1.87,0.41,0.4609,-0.1957,-0.1133,10.1914,0.02,0.00,0.00,1
5.191,-1.87,0.41,0.0391,-0.0652,-0.3047,9.6133,0.02,0.00,0.00,1
5.214,-1.87,0.41,-0.0391,0.1200,-0.3047,9.3828,0.06,0.00,0.00,1
5.222,-1.87,0.41,-0.0391,0.0955,-0.3047,9.3828,0.06,0.00,0.00,1
5.241,-1.87,0.41,0.3047,0.1334,-0.2695,10.0000,0.06,0.00,0.00,1
5.264,-2.15,0.47,-0.0781,-0.2255,-0.3828,9.3477,0.06,0.00,0.00,1
5.273,-2.15,0.47,-0.0781,-0.2029,-0.3828,9.3477,0.06,0.00,0.00,1
5.294,-2.15,0.47,-0.2695,-0.2297,-0.3828,9.2656,0.06,0.00,0.00,1
5.313,-2.15,0.47,-0.1133,-0.2285,-0.3047,9.4609,0.06,0.00,0.00,1
5.324,-2.15,0.47,0.4961,-0.1543,-0.4609,10.1094,0.06,0.00,0.00,1
5.342,-2.15,0.47,-0.6914,-0.0648,-0.3437,8.3555,0.06,0.00,0.00,1
5.363,-2.33,0.51,-0.0391,-0.1341,-0.4609,9.6914,0.06,0.00,0.00,1
5.375,-2.33,0.51,-0.3828,-0.1470,-0.6133,9.1602,0.06,0.00,0.00,1
5.392,-2.38,0.49,-0.7266,-0.3035,-0.3828,8.6602,0.06,0.00,0.00,1
5.413,-2.38,0.49,-0.2695,-0.3466,-0.4609,9.3867,0.06,0.00,0.00,1
5.434,-2.38,0.49,0.0000,-0.2669,-0.1914,9.5000,0.06,0.00,0.00,1
5.444,-2.38,0.49,0.0000,-0.2259,-0.1914,9.5000,0.06,0.00,0.00,1
5.472,-2.47,0.51,-0.2305,-0.1111,-0.5742,9.4219,0.06,0.00,0.00,1
5.482,-2.47,0.51,-0.9570,-0.1875,-0.2305,8.3164,0.06,0.00,0.00,1
5.501,-2.47,0.51,-0.2305,-0.2891,-0.6914,9.3047,0.06,0.00,0.00,1
5.512,-2.47,0.51,0.3047,-0.2373,-0.4609,10.1133,0.06,0.00,0.00,1
5.533,-2.54,0.52,-0.3047,-0.1874,-0.3047,9.0430,0.06,0.00,0.00,1
5.545,-2.54,0.52,-0.1523,-0.2011,-0.6914,9.4609,0.06,0.00,0.00,1
5.562,-2.54,0.52,-0.8047,-0.2395,-0.4609,8.6172,0.06,0.00,0.00,1
5.581,-2.54,0.52,-0.6523,-0.3985,-0.3437,8.8867,0.06,0.00,0.00,1
5.604,-2.54,0.52,0.5352,-0.2572,-0.2305,10.2266,0.06,0.00,0.00,1
5.613,-2.54,0.52,0.5352,-0.1355,-0.2305,10.2266,0.06,0.00,0.00,1
5.634,-2.54,0.52,0.0781,-0.2321,-0.4609,9.6094,0.06,0.00,0.00,1
5.653,-2.54,0.52,-0.9961,-0.2301,-0.2305,8.5781,0.06,0.00,0.00,1
5.673,-2.65,0.55,0.0000,-0.2708,-0.5352,9.6484,0.06,0.00,0.00,1
5.683,-2.65,0.55,0.3437,-0.1833,-0.4961,9.8477,0.06,0.00,0.00,1
5.704,-2.65,0.55,0.3437,-0.0339,-0.4609,9.8047,0.06,0.00,0.00,1
5.721,-2.65,0.55,-0.2695,-0.0409,-0.4609,9.0039,0.06,0.00,0.00,1
5.733,-2.65,0.55,0.1133,-0.0454,-0.5352,9.6094,0.06,0.00,0.00,1
5.752,-2.65,0.55,-0.1133,-0.0414,-0.4961,9.3867,0.06,0.00,0.00,1
5.774,-2.65,0.55,0.0391,-0.1555,-0.4609,9.7305,0.06,0.00,0.00,1
5.784,-2.65,0.55,0.0391,-0.1256,-0.4609,9.7305,0.06,0.00,0.00,1
5.801,-2.65,0.55,-0.2695,-0.1472,-0.7656,8.9258,0.06,0.00,0.00,1
5.823,-2.76,0.56,0.3047,0.0674,-0.4219,9.8867,0.06,0.00,0.00,1
5.834,-2.76,0.56,0.3047,0.1039,-0.4219,9.8867,0.06,0.00,0.00,1
5.862,-2.78,0.56,-0.5742,0.0049,-0.5352,8.6992,0.06,0.00,0.00,1
5.873,-2.78,0.56,-0.1133,-0.0472,-0.3828,9.3867,0.06,0.00,0.00,1
5.891,-2.78,0.56,-0.9570,-0.2565,-0.9961,8.3125,0.06,0.00,0.00,1
5.903,-2.78,0.56,0.0781,-0.2813,-0.2695,9.6914,0.06,0.00,0.00,1
5.921,-2.78,0.56,-0.1133,-0.2011,-0.5742,9.4609,0.06,0.00,0.00,1
5.941,-2.78,0.56,0.4961,-0.0413,-0.7266,10.1484,0.06,0.00,0.00,1
5.953,-2.79,0.56,0.1133,-0.0071,-0.6523,9.6484,0.06,0.00,0.00,1
5.972,-2.79,0.56,0.1523,0.0426,-0.4961,9.9648,0.06,0.00,0.00,1
5.994,-2.79,0.56,-0.2305,-0.2393,-0.5352,9.2695,0.06,0.00,0.00,1
6.004,-2.79,0.56,-0.2305,-0.2380,-0.5352,9.2695,0.09,0.00,0.00,1
6.023,-2.79,0.56,-0.4961,-0.2718,-0.7656,9.0781,0.09,0.00,0.00,1
6.043,-2.79,0.56,-0.1133,-0.3048,-0.6133,9.5430,0.09,0.00,0.00,1
6.055,-2.79,0.56,0.1523,-0.2411,-0.8438,9.9219,0.09,0.00,0.00,1
6.072,-2.79,0.56,-0.6523,-0.1939,-0.4219,8.7734,0.09,0.00,0.07,1
6.093,-2.65,0.60,0.0000,-0.2058,-0.6523,9.7305,0.09,0.00,0.07,1
6.112,-2.65,0.60,-0.2305,-0.1867,-0.8438,9.6133,0.09,0.00,0.07,1
6.123,-2.65,0.60,-1.1484,-0.2668,-0.5352,8.5000,0.09,0.00,0.07,1
6.141,-2.65,0.60,-0.4609,-0.4152,-0.5742,9.4258,0.09,0.00,0.07,1
6.163,-2.65,0.60,0.2695,-0.4424,-0.4609,10.1484,0.09,0.00,0.07,1
6.174,-2.65,0.60,0.2695,-0.3330,-0.4609,10.1484,0.09,0.00,0.07,1
6.194,-2.65,0.60,0.3828,-0.1265,-0.8047,10.3086,0.09,0.00,0.07,1
6.213,-2.65,0.60,-0.3437,-0.0402,-0.1914,9.3828,0.07,0.00,0.07,1
6.233,-2.27,0.63,-0.1914,-0.1100,-0.3047,9.5430,0.07,0.00,0.07,1
6.244,-2.27,0.63,-1.4180,-0.2261,-0.3437,7.9297,0.07,0.00,0.07,1
6.263,-2.27,0.63,-0.5742,-0.4966,-0.1133,9.0391,0.07,0.07,0.07,1
6.281,-2.27,0.63,-0.3828,-0.4807,-0.1133,9.1211,0.07,0.07,4.84,1
6.294,-2.27,0.63,0.4219,-0.4013,-0.2305,10.4531,0.07,0.07,4.84,1
6.312,-2.27,0.63,0.1523,-0.1803,-0.1523,9.6484,0.07,0.07,4.84,1
6.334,-2.27,0.63,-1.2266,-0.1534,-0.1914,7.8125,0.07,0.07,4.84,1
6.344,-2.27,0.63,-1.2266,-0.3182,-0.1914,7.8125,0.07,0.07,4.84,1
6.361,-2.27,0.63,-0.2305,-0.3554,0.3828,9.6133,0.07,0.07,4.84,1
6.384,-1.92,0.69,0.1914,-0.3925,0.0781,9.6133,0.07,0.07,4.84,1
6.402,-1.92,0.69,-0.0391,-0.2454,0.1914,9.3086,0.07,0.07,4.84,1
6.414,-1.92,0.69,0.6133,-0.1475,0.4219,10.1875,0.09,0.07,4.84,1
6.433,-1.92,0.69,-0.6914,-0.0361,0.3047,8.5820,0.09,5.94,4.84,1
6.452,-1.97,0.72,0.1133,-0.0814,0.2305,9.6523,0.09,5.94,4.84,1
6.463,-1.97,0.72,-0.4961,-0.1003,0.1523,8.8867,0.09,5.94,5.75,1
6.482,-1.97,0.72,-0.2695,-0.1851,0.3047,9.4258,0.09,5.94,5.75,1
6.501,-1.97,0.72,-0.0391,-0.1580,0.1523,9.3477,0.09,5.94,5.75,1
6.514,-2.16,0.73,0.3828,-0.0383,0.3047,9.8828,0.09,5.94,5.75,1
6.532,-2.16,0.73,-0.2305,-0.0305,0.0000,8.8164,0.09,5.94,5.75,1
6.554,-2.16,0.73,-0.3437,-0.0528,-0.1914,9.0781,0.09,5.94,5.75,1
6.565,-2.16,0.73,-0.3437,-0.0975,-0.1914,9.0781,0.09,5.94,5.75,1
6.584,-2.16,0.73,-0.2695,-0.2065,-0.1914,9.0000,0.09,5.94,5.75,1
6.603,-2.16,0.73,0.2305,-0.1844,-0.1523,9.5781,0.09,6.26,5.75,1
6.621,-2.16,0.73,-0.2305,-0.1450,-0.0781,9.0781,0.11,6.26,6.03,1
6.633,-2.16,0.73,0.3828,-0.1091,-0.2695,9.6484,0.11,6.26,6.03,1
6.654,-2.89,0.71,-0.1914,-0.0684,-0.6523,9.0391,0.11,6.26,6.03,1
6.671,-2.89,0.71,-0.6523,-0.2124,-0.3047,8.5000,0.11,6.26,6.03,1
6.684,-2.89,0.71,-0.0391,-0.2309,-0.5352,9.4219,0.11,6.26,6.03,1
6.702,-3.21,0.70,-0.2305,-0.2079,-0.7266,9.0391,0.11,6.26,6.03,1
6.724,-3.21,0.70,0.1914,-0.0959,-0.5352,9.4258,0.11,6.26,6.03,1
6.742,-3.21,0.70,0.4961,0.0099,-0.8438,9.6914,0.11,6.35,6.03,1
6.762,-3.59,0.65,-0.2305,0.0149,-0.7656,8.9219,0.11,6.35,6.03,1
6.772,-3.59,0.65,0.3828,0.0263,-0.8438,9.6094,0.11,6.35,6.03,1
6.792,-3.59,0.65,-0.7656,-0.0490,-1.2266,7.8125,0.11,6.35,6.28,1
6.804,-3.59,0.65,0.7656,-0.0851,-0.7266,10.1523,0.11,6.35,6.28,1
6.824,-3.59,0.65,0.2695,0.1165,-0.6523,9.5430,0.13,6.35,6.28,1
6.841,-3.59,0.65,1.4180,0.4228,-0.8047,10.7969,0.13,6.35,6.28,1
6.854,-3.59,0.65,0.3437,0.4897,-0.5742,9.3828,0.13,6.35,6.28,1
6.872,-3.59,0.65,1.1094,0.6094,-0.4961,10.7266,0.13,6.35,6.28,1
6.894,-3.59,0.65,0.4961,0.3721,-0.7656,10.0000,0.13,6.35,6.28,1
6.905,-3.59,0.65,0.4961,0.3911,-0.7656,10.0000,0.13,5.97,6.28,1
6.923,-3.59,0.65,-0.4961,0.2013,-0.9961,8.8477,0.13,5.97,6.28,1
6.944,-4.50,0.58,0.1133,0.1912,-0.8828,9.6094,0.13,5.97,6.28,1
6.962,-4.50,0.58,0.5352,0.2028,-0.7266,10.3047,0.13,5.97,5.66,1
6.974,-4.50,0.58,0.0391,0.2367,-0.8047,9.0781,0.13,5.97,5.66,1
6.993,-4.50,0.58,0.3828,0.2081,-0.9570,9.8047,0.13,5.97,5.66,1
7.012,-4.50,0.58,0.0391,0.1916,-1.2656,9.4609,0.13,5.97,5.66,1
7.024,-4.50,0.58,-0.2695,0.1435,-0.8438,9.0039,0.13,5.97,5.66,1
7.043,-5.01,0.61,0.1133,0.0874,-1.1484,9.5781,0.13,5.97,5.66,1
7.061,-5.01,0.61,0.1914,0.1120,-1.0352,9.5000,0.13,5.97,5.66,1
7.084,-5.12,0.63,0.3047,0.0923,-1.0352,9.5781,0.13,5.97,5.66,1
7.092,-5.12,0.63,0.3047,0.1249,-1.0352,9.5781,0.13,5.50,5.66,1
7.114,-5.12,0.63,-0.4609,0.1178,-0.9570,9.0430,0.13,5.50,5.66,1
7.134,-5.12,0.63,0.0000,-0.0095,-1.0352,9.8477,0.13,5.50,5.66,1
7.152,-5.42,0.68,-0.6523,-0.1506,-1.4180,8.3516,0.13,5.50,5.66,1
7.162,-5.42,0.68,0.2305,-0.1570,-0.7656,9.9219,0.13,5.50,5.02,1
7.181,-5.42,0.68,0.1133,-0.0509,-1.3398,9.3867,0.13,5.50,5.02,1
7.194,-5.42,0.68,0.6133,0.0143,-1.5313,10.3437,0.13,5.50,5.02,1
7.213,-5.60,0.72,-0.3047,0.0154,-1.1484,9.1211,0.15,5.50,5.02,1
7.231,-5.60,0.72,0.2305,0.0247,-1.1094,10.0039,0.15,5.50,5.02,1
7.253,-5.60,0.72,0.0391,-0.2402,-1.2656,9.9258,0.15,5.50,5.02,1
7.262,-5.60,0.72,0.0391,-0.1973,-1.2656,9.9258,0.15,5.61,5.02,1
7.284,-5.60,0.72,0.0391,-0.1167,-1.8008,9.7695,0.15,5.61,5.02,1
7.302,-5.60,0.72,-0.1914,-0.0910,-1.6094,9.1953,0.15,5.61,5.02,1
7.314,-5.60,0.72,0.4219,-0.0641,-1.7227,10.0703,0.15,5.61,5.02,1
7.332,-5.60,0.72,-0.6523,-0.0122,-1.4922,8.5000,0.15,5.61,5.02,1
7.352,-5.60,0.72,-0.0781,-0.1056,-1.4570,9.8867,0.15,5.61,5.22,1
7.364,-5.60,0.72,-0.8047,-0.1576,-1.4922,8.9219,0.15,5.61,5.22,1
7.382,-5.60,0.72,-0.8047,-0.3411,-1.2266,8.4609,0.15,5.61,5.22,1
7.404,-5.57,0.80,-0.3437,-0.3972,-1.3398,9.3867,0.15,5.61,5.22,1
7.423,-5.57,0.80,-0.1914,-0.2658,-1.1484,9.3867,0.19,5.61,5.22,1
7.433,-5.57,0.80,-0.1914,-0.2543,-1.1484,9.3867,0.19,6.04,5.22,1
7.454,-5.57,0.80,-0.1133,-0.1487,-1.4570,9.4219,0.19,6.04,5.22,1
7.472,-5.57,0.80,-0.8438,-0.1971,-1.0352,8.5820,0.19,6.04,5.22,1
7.483,-5.57,0.80,-0.8438,-0.2964,-1.0352,8.5820,0.19,6.04,5.22,1
7.504,-5.22,0.80,-0.6133,-0.3489,-1.4922,9.0781,0.19,6.04,5.22,1
7.522,-5.22,0.80,0.0391,-0.3717,-1.0742,9.8828,0.19,6.04,5.95,1
7.542,-4.92,0.80,-0.1914,-0.2826,-1.2266,9.5000,0.19,6.04,5.95,1
7.553,-4.92,0.80,0.2695,-0.2318,-1.3789,9.9219,0.19,6.04,5.95,1
7.572,-4.92,0.80,-0.6914,-0.2735,-0.9961,8.6562,0.19,6.04,5.95,1
7.585,-4.92,0.80,-0.0391,-0.2855,-1.2266,9.9219,0.19,6.87,5.95,1
7.603,-4.52,0.81,-1.1875,-0.4557,-1.4180,8.3516,0.19,6.87,5.95,1
7.621,-4.52,0.81,-0.2695,-0.4601,-0.4961,9.6094,0.24,6.87,5.95,1
7.643,-4.29,0.80,0.3437,-0.4193,-0.7266,10.1914,0.24,6.87,5.95,1
7.653,-4.29,0.80,0.3437,-0.3021,-0.7266,10.1914,0.24,6.87,5.95,1
7.674,-4.29,0.80,0.0000,-0.2574,-0.5742,9.9258,0.24,6.87,6.97,1
7.693,-4.29,0.80,-1.4570,-0.3009,-0.8047,7.5508,0.24,6.87,6.97,1
7.704,-4.29,0.80,-0.2695,-0.4618,-0.2695,9.8867,0.24,6.87,6.97,1
7.723,-4.29,0.80,-0.7266,-0.4438,-0.2305,8.9258,0.24,7.94,6.97,1
7.741,-4.29,0.80,-0.3047,-0.4468,-0.4609,9.5391,0.24,7.94,6.97,1
7.761,-4.29,0.80,-0.1523,-0.3728,-0.4609,9.5820,0.24,7.94,6.97,1
7.773,-3.27,0.81,0.0000,-0.2903,-0.1133,9.5820,0.24,7.94,6.97,1
7.792,-3.27,0.81,-0.6133,-0.3271,-0.1523,8.5430,0.24,7.94,8.04,1
7.814,-3.27,0.81,-0.1133,-0.2598,-0.1914,9.5391,0.20,7.94,8.04,1
7.824,-3.27,0.81,-0.1133,-0.2373,-0.1914,9.5391,0.20,8.71,8.04,1
7.844,-3.27,0.81,-0.3047,-0.3352,0.0781,9.3086,0.20,8.71,8.04,1
7.864,-3.27,0.81,-0.6523,-0.3543,-0.0391,8.5039,0.20,8.71,8.04,1
7.875,-3.27,0.81,0.2305,-0.3497,0.3828,9.4609,0.20,8.71,8.04,1
7.894,-3.27,0.81,0.4609,-0.1335,0.0391,9.6914,0.20,8.71,8.04,1
7.913,-2.62,0.77,0.6523,0.1115,-0.0781,9.8867,0.20,8.71,8.57,1
7.925,-2.62,0.77,-0.3828,0.1484,0.3047,8.3906,0.20,8.71,8.57,1
7.942,-2.62,0.77,0.1523,0.0406,0.1523,9.4219,0.20,8.98,8.57,1
7.961,-2.62,0.77,-0.8828,-0.1504,-0.1914,7.5859,0.20,8.98,8.57,1
7.984,-2.62,0.77,0.0391,-0.0766,0.0391,9.3477,0.20,8.98,8.57,1
7.993,-2.62,0.77,0.0391,-0.0588,0.0391,9.3477,0.20,8.98,8.57,1
8.014,-2.62,0.77,0.4219,0.2080,0.0781,9.5781,0.22,8.98,8.50,1
8.033,-2.62,0.77,0.9570,0.3114,0.0000,10.8008,0.22,8.98,8.50,1
8.053,-2.54,0.66,-1.0742,0.0820,-0.3047,7.6992,0.22,8.98,8.50,1
8.064,-2.54,0.66,0.0781,-0.0817,0.0000,9.3047,0.22,8.37,8.50,1
8.083,-2.54,0.66,-0.1523,-0.0548,-0.3828,9.1953,0.22,8.37,8.50,1
8.101,-2.54,0.66,0.0000,-0.0543,-0.2695,9.6484,0.22,8.37,8.50,1
8.113,-2.54,0.66,0.1523,-0.0338,-0.3437,9.3867,0.22,8.37,8.50,1
8.132,-2.54,0.66,0.5742,0.1230,-0.3437,10.4180,0.22,8.37,8.50,1
8.154,-2.54,0.66,0.2695,0.0656,-0.3828,9.6914,0.22,8.37,8.03,1
8.163,-2.54,0.66,0.2695,0.0969,-0.3828,9.6914,0.22,8.37,8.03,1
8.181,-2.54,0.66,-0.1133,0.0611,-0.6523,9.6094,0.22,8.12,8.03,1
8.203,-2.74,0.54,-0.2305,-0.1259,-0.2695,9.3086,0.22,8.12,8.03,1
8.214,-2.74,0.54,-0.2305,-0.1420,-0.2695,9.3086,0.22,8.12,8.03,1
8.242,-2.85,0.55,0.1914,-0.0743,0.2695,9.7695,0.22,8.12,8.03,1
8.254,-2.85,0.55,0.5742,-0.0028,-0.1133,10.0703,0.22,8.12,8.03,1
8.272,-2.85,0.55,0.2305,0.1178,-0.3437,9.5000,0.22,8.12,7.97,1
8.284,-2.85,0.55,-0.4219,0.0829,0.0391,9.0781,0.22,8.12,7.97,1
8.302,-2.85,0.55,-0.2305,-0.0468,-0.3437,9.4258,0.22,8.33,7.97,1
8.321,-2.85,0.55,-0.4219,-0.1413,-0.5742,8.8477,0.22,8.33,7.97,1
8.333,-3.14,0.53,0.3828,-0.0253,-0.1523,9.7305,0.22,8.33,7.97,1
8.352,-3.14,0.53,0.3828,0.1138,-0.3047,9.7266,0.22,8.33,7.97,1
8.375,-3.14,0.53,-0.3437,0.1943,-0.3437,8.8477,0.22,8.33,7.97,1
8.384,-3.14,0.53,-0.3437,0.1117,-0.3437,8.8477,0.22,8.33,8.09,1
8.404,-3.14,0.53,-1.1484,-0.0300,-0.6133,7.5078,0.22,8.33,8.09,1
8.424,-3.14,0.53,0.6523,-0.2031,0.0000,10.3047,0.19,8.40,8.09,1
8.435,-3.14,0.53,0.1133,-0.0569,-0.2695,9.6094,0.19,8.40,8.09,1
8.453,-3.14,0.53,0.8438,0.0498,-0.4219,10.1875,0.19,8.40,8.09,1
8.473,-3.79,0.48,0.2695,0.1934,-0.3828,9.4648,0.19,8.40,8.09,1
8.492,-3.79,0.48,0.6523,0.3041,-0.5352,9.8867,0.19,8.40,8.09,1
8.514,-3.79,0.48,0.0000,0.1050,-0.4609,9.6484,0.19,8.40,8.09,1
8.522,-3.79,0.48,0.0000,0.0888,-0.4609,9.6484,0.19,8.40,7.90,1
8.544,-3.79,0.48,-0.5352,0.0388,-0.5742,8.7734,0.19,8.26,7.90,1
8.554,-3.79,0.48,-0.5352,-0.0494,-0.5742,8.7734,0.19,8.26,7.90,1
8.574,-3.79,0.48,-0.2305,-0.0657,-0.9180,8.7734,0.19,8.26,7.90,1
8.594,-3.79,0.48,0.5352,-0.0512,-0.4961,10.0312,0.19,8.26,7.90,1
8.612,-3.79,0.48,0.4219,0.0977,-0.6523,9.3437,0.19,8.26,7.90,1
8.624,-3.79,0.48,0.6914,0.1910,-1.0352,10.0352,0.24,8.26,7.90,1
8.642,-3.79,0.48,0.0391,0.2807,-0.8438,9.4648,0.24,8.26,7.74,1
8.664,-4.99,0.52,0.2695,0.2493,-1.1094,9.6133,0.24,8.26,7.74,1
8.674,-4.99,0.52,-1.2266,0.1328,-1.3789,7.2734,0.24,8.00,7.74,1
8.692,-4.99,0.52,0.4219,0.0342,-0.9961,9.7266,0.24,8.00,7.74,1
8.714,-4.99,0.52,0.0000,0.0467,-1.1484,9.2695,0.24,8.00,7.74,1
8.724,-4.99,0.52,0.0000,0.0395,-1.1484,9.2695,0.24,8.00,7.74,1
8.741,-4.99,0.52,0.5742,0.1554,-1.0742,10.0742,0.24,8.00,7.74,1
8.764,-5.49,0.53,0.0000,0.2143,-1.0352,9.3047,0.24,8.00,7.74,1
8.775,-5.49,0.53,0.0000,0.1814,-1.0352,9.3047,0.24,8.00,7.45,1
8.794,-5.49,0.53,0.5352,0.2172,-1.5703,9.9648,0.24,7.77,7.45,1
8.814,-5.49,0.53,-0.3437,0.2371,-1.1094,9.0391,0.50,7.77,7.45,1
8.832,-5.49,0.53,0.2695,0.1748,-1.0352,9.6094,0.50,7.77,7.45,1
8.843,-5.49,0.53,-0.6523,0.1156,-1.5313,8.4609,0.50,7.77,7.45,1
8.862,-5.49,0.53,0.4219,0.0915,-1.1094,10.1914,0.50,7.77,7.45,1
8.882,-5.49,0.53,-0.1523,0.0581,-1.3789,9.0430,0.50,7.77,7.45,1
8.894,-5.49,0.53,0.5352,0.1314,-1.7227,10.2305,0.50,7.77,7.45,1
8.913,-5.49,0.53,0.0391,0.1593,-1.4570,9.3477,0.50,7.77,7.45,1
8.934,-5.49,0.53,-0.9570,0.1245,-1.5703,8.1602,0.50,7.52,7.03,1
8.945,-5.49,0.53,-0.9570,-0.0416,-1.5703,8.1602,0.50,7.52,7.03,1
8.964,-5.49,0.53,-0.3828,-0.1129,-1.5313,9.1562,0.50,7.52,7.03,1
8.982,-5.49,0.53,-0.6914,-0.2141,-1.2656,8.6211,0.50,7.52,7.03,1
9.001,-5.49,0.53,-0.2695,-0.2835,-1.3008,9.0000,0.50,7.52,7.03,1
9.014,-5.49,0.53,-0.4961,-0.2995,-1.7227,8.7383,0.35,7.52,7.03,1
9.034,-5.96,0.58,0.3047,-0.1893,-0.9961,10.2266,0.35,7.52,7.03,1
9.052,-5.92,0.56,-0.2305,-0.1393,-1.3398,9.1992,0.35,7.52,7.03,1
9.064,-5.92,0.56,0.2695,-0.1133,-1.5313,10.0703,0.35,7.65,7.15,1
9.082,-5.92,0.56,-0.6133,-0.1782,-1.3398,8.7383,0.35,7.65,7.15,1
9.112,-5.76,0.60,-1.5703,-0.4699,-1.7227,7.6562,0.35,7.65,7.15,1
9.122,-5.76,0.60,0.0000,-0.5133,-1.1875,9.9219,0.35,7.65,7.15,1
9.134,-5.76,0.60,-0.6914,-0.4550,-1.6484,9.0430,0.35,7.65,7.15,1
9.154,-5.76,0.60,-0.3437,-0.4943,-1.3398,9.3477,0.35,7.65,7.15,1
9.174,-5.49,0.54,-0.1523,-0.4006,-1.2656,9.2266,0.35,7.65,7.15,1
9.184,-5.49,0.54,0.1133,-0.3412,-1.5313,10.0352,0.35,8.20,7.98,1
9.202,-5.49,0.54,-0.5352,-0.2642,-1.1484,8.8828,0.35,8.20,7.98,1
9.221,-5.49,0.54,-0.4609,-0.3401,-1.3398,9.0039,0.28,8.20,7.98,1
9.234,-5.49,0.54,-0.1914,-0.3371,-1.3789,9.8086,0.28,8.20,7.98,1
9.252,-5.00,0.55,-0.8828,-0.4405,-0.7656,8.5391,0.28,8.20,7.98,1
9.274,-5.00,0.55,-0.8047,-0.4991,-1.2266,8.4609,0.28,8.20,7.98,1
9.285,-5.00,0.55,-0.8047,-0.5461,-1.2266,8.4609,0.28,9.20,7.98,1
9.303,-5.00,0.55,0.3828,-0.3566,-0.6523,10.0039,0.28,9.20,8.90,1
9.324,-5.00,0.55,0.9961,-0.1350,-1.1875,10.4922,0.28,9.20,8.90,1
9.342,-5.00,0.55,0.0000,0.1061,-0.6914,9.1992,0.28,9.20,8.90,1
9.364,-4.20,0.47,0.3047,0.1374,-0.5352,9.6875,0.28,9.20,8.90,1
9.374,-4.20,0.47,-0.9570,0.0621,-0.8047,7.5078,0.28,9.20,8.90,1
9.392,-3.98,0.42,0.5742,0.0536,-0.3047,9.4219,0.28,9.20,8.90,1
9.404,-3.98,0.42,0.2305,0.1060,-0.5742,9.5820,0.28,9.53,9.31,1
9.421,-3.98,0.42,0.4609,0.1995,0.0000,9.6094,0.26,9.53,9.31,1
9.441,-3.98,0.42,0.6133,0.3073,0.1914,9.2695,0.26,9.53,9.31,1
9.464,-3.58,0.48,0.6133,0.5356,0.3047,9.5000,0.26,9.53,9.31,1
9.473,-3.58,0.48,0.6133,0.5475,0.3047,9.5000,0.26,9.53,9.31,1
9.495,-3.58,0.48,0.6914,0.5921,-0.3437,9.5781,0.26,9.53,9.31,1
9.514,-3.58,0.48,-0.3437,0.5374,0.3047,8.2734,0.26,9.19,9.31,1
9.532,-3.58,0.48,0.3047,0.3871,0.2305,9.6094,0.26,9.19,8.52,1
9.544,-3.58,0.48,-0.5352,0.3073,-0.4609,8.6602,0.26,9.19,8.52,1
9.562,-3.58,0.48,0.6133,0.2742,-0.0391,10.2305,0.26,9.19,8.52,1
9.574,-3.58,0.48,-0.0391,0.2741,-0.3437,9.5820,0.26,9.19,8.52,1
9.594,-3.14,0.51,0.8438,0.3627,-0.3047,10.2266,0.26,9.19,8.52,1
9.612,-3.14,0.51,0.1914,0.3824,0.0781,9.3086,0.26,9.19,8.52,1
9.634,-3.14,0.51,-0.8047,0.3465,-0.1523,8.1172,0.26,7.91,8.52,1
9.642,-3.14,0.51,-0.8047,0.1697,-0.1523,8.1172,0.26,7.91,8.52,1
9.664,-3.14,0.51,-0.6523,0.0294,-0.0391,8.3945,0.26,7.91,7.43,1
9.684,-3.14,0.51,-0.1133,-0.1208,-0.1523,9.1953,0.26,7.91,7.43,1
9.694,-3.14,0.51,0.1914,-0.0948,-0.3047,9.8477,0.26,7.91,7.43,1
9.713,-3.14,0.51,0.5742,0.0170,-0.5352,10.1875,0.26,7.91,7.43,1
9.734,-3.18,0.48,-0.3047,0.0125,-0.3047,8.6602,0.26,7.91,7.43,1
9.744,-3.18,0.48,0.2305,-0.0149,-0.3047,9.6914,0.26,7.91,7.43,1
9.764,-3.18,0.48,-0.3047,0.0119,-0.4219,8.9648,0.26,7.54,7.43,1
9.782,-3.18,0.48,-0.4961,-0.1384,-0.1133,8.6211,0.26,7.54,7.43,1
9.795,-3.18,0.48,-0.0391,-0.1568,-0.5352,9.2656,0.26,7.54,7.28,1
9.812,-3.32,0.46,0.4609,-0.0060,-0.4219,9.9609,0.26,7.54,7.28,1
9.834,-3.32,0.46,0.3828,0.0451,-0.4219,9.5781,0.19,7.54,7.28,1
9.854,-3.32,0.46,0.0391,0.1134,-0.3047,9.5391,0.19,7.54,7.28,1
9.864,-3.32,0.46,0.0391,0.1020,-0.3047,9.5391,0.19,7.54,7.28,1
9.884,-3.32,0.46,0.1133,-0.0634,-0.3047,9.9258,0.19,7.54,7.28,1
9.904,-3.32,0.46,-0.0781,-0.0286,-0.7656,9.3086,0.19,7.48,7.28,1
9.914,-3.32,0.46,0.4219,0.0005,-0.0391,10.0703,0.19,7.48,7.28,1
9.934,-3.32,0.46,0.4961,0.1259,-0.4609,10.0742,0.19,7.48,7.15,1
9.952,-3.32,0.46,0.7266,0.3031,-0.6133,10.7656,0.19,7.48,7.15,1
9.971,-3.32,0.46,-0.1133,0.2373,-0.3828,9.5039,0.19,7.48,7.15,1
9.982,-3.32,0.46,0.1523,0.2185,-0.4219,9.8828,0.19,7.48,7.15,1
10.001,-3.32,0.46,-1.1875,-0.1006,-1.1875,7.5898,0.19,7.48,7.15,1
10.024,-4.03,0.52,-0.2305,0.0284,-1.3398,9.1172,0.15,7.53,7.15,1
10.033,-4.03,0.52,-0.2305,-0.0114,-1.3398,9.1172,0.15,7.53,7.15,1
10.054,-4.03,0.52,-0.0391,0.1241,-0.7266,9.1211,0.15,7.53,7.15,1
10.074,-4.03,0.52,0.9180,0.1544,-0.8047,10.4570,0.15,7.53,7.15,1
10.084,-4.03,0.52,-0.8438,0.1824,-0.6133,8.0820,0.15,7.53,6.88,1
10.102,-4.03,0.52,0.0000,-0.0411,-0.6523,9.1953,0.15,7.53,6.88,1
10.122,-4.03,0.52,-0.8438,-0.2138,-0.8047,8.0781,0.15,7.53,6.88,1
10.141,-4.03,0.52,-0.0781,-0.2230,-0.6914,9.1562,0.15,7.53,6.88,1
10.154,-4.39,0.59,0.1133,-0.1486,-0.7266,9.3867,0.15,7.53,6.88,1
10.172,-4.39,0.59,0.6133,0.0513,-1.0352,10.1094,0.15,7.30,6.88,1
10.194,-4.39,0.59,0.1914,0.0223,-0.6914,9.3867,0.15,7.30,6.88,1
10.204,-4.39,0.59,0.1914,0.0482,-0.6914,9.3867,0.15,7.30,6.88,1
10.224,-4.39,0.59,-0.9180,-0.1086,-0.2695,8.1602,0.17,7.30,6.88,1
10.244,-4.39,0.59,-0.3437,-0.2922,-0.4219,9.3086,0.17,7.30,6.71,1
10.255,-4.39,0.59,-0.9180,-0.3496,-0.8047,8.3555,0.17,7.30,6.71,1
10.274,-4.39,0.59,-0.2305,-0.4883,0.0781,9.0391,0.17,7.30,6.71,1
10.294,-4.73,0.55,-0.1523,-0.3831,-0.1523,9.5430,0.17,7.30,6.71,1
10.305,-4.73,0.55,0.0781,-0.3136,-0.6133,9.5430,0.17,7.18,6.71,1
10.323,-4.73,0.55,-0.3828,-0.2394,-0.1523,9.3477,0.17,7.18,6.71,1
10.343,-4.94,0.48,-0.3828,-0.2883,-0.5742,9.3437,0.17,7.18,6.71,1
10.364,-4.94,0.48,0.2695,-0.4163,-0.8047,10.0352,0.17,7.18,7.33,1
10.373,-4.94,0.48,0.2695,-0.3109,-0.8047,10.0352,0.17,7.18,7.33,1
10.403,-5.24,0.40,0.8047,0.0507,-1.2266,10.6523,0.17,7.18,7.33,1
10.414,-5.24,0.40,-0.1523,0.0900,-1.1094,9.4258,0.13,7.18,7.33,1
10.424,-5.24,0.40,-0.1523,0.0527,-1.1094,9.4258,0.13,7.74,7.33,1
10.444,-5.24,0.40,-0.9570,0.0683,-1.6484,8.0391,0.13,7.74,7.33,1
10.463,-5.24,0.40,0.3437,-0.1185,-1.1094,9.6875,0.13,7.74,7.33,1
10.483,-5.51,0.35,0.1914,0.0054,-1.2656,9.8047,0.13,7.74,7.33,1
10.493,-5.51,0.35,1.1484,0.1105,-1.2266,10.9180,0.13,7.74,7.76,1
10.512,-5.58,0.33,0.3047,0.2776,-1.2656,9.1211,0.13,7.74,7.76,1
10.534,-5.58,0.33,-0.6914,0.2700,-1.6836,7.8906,0.13,7.74,7.76,1
10.544,-5.58,0.33,-0.6914,0.1223,-1.6836,7.8906,0.13,7.74,7.76,1
10.561,-5.58,0.33,0.3437,0.1206,-1.1875,10.1094,0.13,7.65,7.76,1
10.592,-5.64,0.32,0.4961,0.2018,-1.0352,10.1094,0.13,7.65,7.76,1
10.594,-5.64,0.32,0.4961,0.2018,-1.0352,10.1094,0.13,7.65,7.76,1
10.614,-5.64,0.32,0.4961,0.2011,-0.6523,10.1484,0.13,7.65,7.76,1
10.634,-5.64,0.32,-1.4570,0.1285,-1.2266,7.1289,0.13,7.65,7.76,1
10.645,-5.64,0.32,0.2305,-0.0874,-1.1094,9.9219,0.13,7.65,7.04,1
10.663,-5.64,0.32,-0.5742,-0.0616,-1.0352,8.6562,0.13,7.65,7.04,1
10.681,-5.64,0.32,0.2695,-0.0496,-0.9570,9.7305,0.13,7.65,7.04,1
10.701,-5.64,0.32,0.0781,-0.0015,-1.4180,9.2656,0.13,7.37,7.04,1
10.713,-5.66,0.31,0.1133,0.0239,-1.1484,9.5391,0.13,7.37,7.04,1
10.733,-5.66,0.31,-0.6133,-0.1064,-1.1094,8.4258,0.13,7.37,7.04,1
10.754,-5.66,0.31,0.0000,-0.1053,-1.5313,9.6875,0.13,7.37,7.04,1
10.764,-5.66,0.31,0.0000,-0.0891,-1.5313,9.6875,0.13,7.37,7.04,1
10.784,-5.66,0.31,-0.0391,-0.1947,-1.5703,10.0312,0.13,7.37,7.02,1
10.803,-5.66,0.31,-0.4609,-0.1843,-2.0703,9.3047,0.13,7.37,7.02,1
10.822,-5.66,0.31,0.0781,-0.1593,-1.0352,10.1094,0.11,7.37,7.02,1
10.834,-5.66,0.31,-0.4961,-0.1688,-1.5313,8.8437,0.11,7.57,7.02,1
10.853,-5.66,0.31,0.4609,-0.1146,-1.3789,10.3047,0.11,7.57,7.02,1
10.872,-5.66,0.31,-0.0781,-0.0377,-0.9180,9.7656,0.11,7.57,7.02,1
10.883,-5.66,0.31,-0.1523,-0.0498,-1.0742,9.7266,0.11,7.57,7.02,1
10.902,-5.66,0.31,-1.4570,-0.3735,-1.1484,7.3945,0.11,7.57,7.02,1
10.924,-5.66,0.31,-0.4609,-0.3825,-0.8438,9.3047,0.11,7.57,7.70,1
10.934,-5.66,0.31,-0.4609,-0.3945,-0.8438,9.3047,0.11,7.57,7.70,1
10.955,-5.66,0.31,-0.3828,-0.4260,-0.6133,9.0430,0.11,8.44,7.70,1
10.974,-5.66,0.31,0.1133,-0.3741,-0.5352,9.2656,0.11,8.44,7.70,1
10.994,-4.60,0.16,-0.2305,-0.2840,-0.0781,8.8164,0.11,8.44,7.70,1
11.004,-4.60,0.16,0.4609,-0.2168,-0.1914,9.4258,0.11,8.44,7.70,1
11.024,-4.60,0.16,0.5742,-0.0156,-0.3047,9.8047,0.15,8.44,8.55,1
11.041,-4.60,0.16,-0.4609,-0.0436,0.3047,8.4258,0.15,8.44,8.55,1
11.054,-4.60,0.16,0.1914,-0.0555,0.1133,9.0781,0.15,8.44,8.55,1
11.072,-4.60,0.16,-0.1133,-0.0388,-0.5742,8.4258,0.15,8.82,8.55,1
11.091,-4.60,0.16,0.8438,0.1519,0.3437,10.1094,0.15,8.82,8.55,1
11.104,-4.60,0.16,0.8828,0.3137,-0.3047,10.2266,0.15,8.82,8.55,1
11.121,-4.60,0.16,1.8398,0.6869,-0.3828,11.2578,0.15,8.82,8.55,1
11.144,-4.39,0.12,0.9570,0.5886,-0.0781,10.5312,0.15,8.82,8.55,1
11.155,-4.39,0.12,0.9570,0.6452,-0.0781,10.5312,0.15,8.82,8.28,1
11.174,-4.39,0.12,0.4961,0.3329,0.0000,9.8867,0.15,8.82,8.28,1
11.194,-4.39,0.12,-0.2695,0.3179,-0.3828,9.0430,0.15,8.31,8.28,1
11.212,-4.39,0.12,0.1523,0.2110,-0.4961,9.1953,0.13,8.31,8.28,1
11.223,-4.39,0.12,0.4609,0.2267,-0.4219,9.3828,0.13,8.31,8.28,1
11.242,-4.39,0.12,0.6523,0.3489,0.2695,9.9648,0.13,8.31,8.28,1
11.262,-4.39,0.12,0.4609,0.3926,-0.4961,9.5430,0.13,8.31,8.28,1
11.274,-4.80,0.15,0.0391,0.3144,-0.6133,9.2656,0.13,8.31,8.28,1
11.292,-4.80,0.15,0.4609,0.3139,-0.3828,9.5820,0.13,8.31,7.00,1
11.322,-5.04,0.12,0.1914,0.1934,-0.7266,9.3437,0.13,8.31,7.00,1
11.325,-5.04,0.12,0.1914,0.1934,-0.7266,9.3437,0.13,7.22,7.00,1
11.344,-5.04,0.12,0.0781,-0.0351,-0.8828,9.5820,0.13,7.22,7.00,1
11.363,-5.04,0.12,0.0781,-0.0030,-0.8828,9.2656,0.13,7.22,7.00,1
11.382,-5.04,0.12,0.6133,0.1431,-0.6523,10.4141,0.13,7.22,7.00,1
11.394,-5.04,0.12,0.5352,0.2091,-0.6133,10.1094,0.13,7.22,7.00,1
11.414,-5.54,0.12,0.3047,0.2692,-0.8438,9.5391,0.13,7.22,7.00,1
11.432,-5.54,0.12,-0.4961,0.1041,-0.8047,8.5781,0.11,7.22,7.00,1
11.444,-5.54,0.12,0.1523,0.0638,-1.0352,9.3867,0.11,7.22,6.47,1
11.461,-5.54,0.12,0.2695,0.1199,-1.1484,9.8437,0.11,7.22,6.47,1
11.484,-5.54,0.12,0.2305,0.0270,-0.8828,10.1523,0.11,6.78,6.47,1
11.502,-5.54,0.12,-0.5742,0.0203,-1.3789,8.8164,0.11,6.78,6.47,1
11.514,-5.54,0.12,0.5352,-0.0225,-0.8047,10.6133,0.11,6.78,6.47,1
11.533,-5.54,0.12,-0.1914,0.0775,-1.1094,9.4648,0.11,6.78,6.47,1
11.554,-6.34,0.16,0.4609,0.1302,-1.4922,10.6133,0.11,6.78,6.47,1
11.572,-6.34,0.16,-0.1133,0.0969,-1.3789,9.5430,0.11,6.78,6.47,1
11.584,-6.34,0.16,0.1133,0.0828,-1.2266,10.0039,0.11,6.78,6.47,1
11.602,-6.34,0.16,-1.4922,-0.2621,-1.4570,7.4336,0.11,6.78,6.38,1
11.614,-6.34,0.16,-0.3047,-0.3561,-1.4180,9.1992,0.09,7.14,6.38,1
11.633,-6.34,0.16,-0.9180,-0.4743,-1.3008,8.7344,0.09,7.14,6.38,1
11.652,-6.34,0.16,-0.2305,-0.4480,-1.0742,9.3867,0.09,7.14,6.38,1
11.665,-6.34,0.16,0.0781,-0.3315,-1.1875,9.5430,0.09,7.14,6.38,1
11.682,-6.34,0.16,0.6133,-0.0969,-1.2266,10.3477,0.09,7.14,6.38,1
11.704,-6.94,0.22,0.3437,-0.1268,-1.3789,9.8047,0.09,7.14,6.38,1
11.724,-6.94,0.22,-0.3437,-0.0484,-1.5313,8.7734,0.09,7.14,6.38,1
11.734,-6.94,0.22,-0.8047,-0.1506,-1.0352,8.3164,0.09,7.14,6.38,1
11.754,-6.94,0.22,-0.2695,-0.2933,-1.4180,9.1953,0.09,7.31,6.67,1
11.772,-7.23,0.26,-0.4609,-0.3276,-1.6094,8.8828,0.09,7.31,6.67,1
11.784,-7.23,0.26,-0.0781,-0.3174,-1.3398,9.3477,0.09,7.31,6.67,1
11.804,-7.31,0.26,-0.2305,-0.2696,-1.8008,9.4219,0.09,7.31,6.67,1
11.822,-7.31,0.26,-0.1133,-0.2325,-1.9531,9.3437,0.11,7.31,6.67,1
11.844,-7.36,0.25,-0.0391,-0.3720,-1.9531,10.0703,0.11,7.31,6.67,1
11.852,-7.36,0.25,-0.0391,-0.3209,-1.9531,10.0703,0.11,7.31,6.67,1
11.874,-7.36,0.25,-0.2695,-0.3912,-1.8789,9.5820,0.11,8.08,6.67,1
11.894,-7.36,0.25,-0.4219,-0.3689,-1.8008,8.9648,0.11,8.08,7.64,1
11.914,-7.31,0.26,0.5742,-0.1665,-1.9141,10.3477,0.11,8.08,7.64,1
11.922,-7.31,0.26,-0.3828,-0.1293,-1.6094,8.8164,0.11,8.08,7.64,1
11.944,-7.24,0.26,0.1914,-0.0886,-1.8008,10.1094,0.11,8.08,7.64,1
11.954,-7.24,0.26,-1.2656,-0.1622,-2.0312,7.6992,0.11,8.08,7.64,1
11.974,-7.24,0.26,-0.1133,-0.2981,-1.6836,9.7695,0.11,8.08,7.64,1
11.992,-7.24,0.26,-0.5352,-0.3285,-1.5703,8.5820,0.11,8.99,7.64,1
12.005,-7.24,0.26,-0.0781,-0.3237,-1.6836,9.6875,0.11,8.99,8.45,1
12.022,-7.24,0.26,-0.1133,-0.2477,-1.7227,9.6484,0.11,8.99,8.45,1
12.052,-6.67,0.26,-0.7266,-0.2190,-1.6836,8.3555,0.11,8.99,8.45,1
12.063,-6.67,0.26,-0.1523,-0.2510,-1.3398,9.4219,0.11,8.99,8.45,1
12.075,-6.67,0.26,-0.2695,-0.2386,-1.2266,9.0039,0.11,8.99,8.45,1
12.094,-6.67,0.26,-0.5352,-0.2686,-1.1875,8.8867,0.11,9.32,8.45,1
12.113,-6.67,0.26,-0.2695,-0.3034,-0.8828,8.7773,0.11,9.32,8.89,1
12.124,-6.67,0.26,-0.1523,-0.2865,-1.1484,8.8164,0.11,9.32,8.89,1
12.143,-6.67,0.26,0.0000,-0.2363,-0.5742,9.2266,0.11,9.32,8.89,1
12.163,-5.90,0.19,-0.1523,-0.1894,-0.8828,8.8477,0.11,9.32,8.89,1
12.175,-5.90,0.19,0.1523,-0.1594,-1.3789,9.1211,0.11,9.32,8.89,1
12.194,-5.68,0.16,-0.6914,-0.2398,-0.9180,7.9336,0.11,9.32,8.89,1
12.215,-5.68,0.16,-0.6523,-0.2889,-1.3398,7.9727,0.11,9.33,8.89,1
12.234,-5.68,0.16,0.4609,-0.3029,-0.7266,9.8867,0.11,9.33,9.32,1
12.244,-5.68,0.16,0.4609,-0.1856,-0.7266,9.8867,0.11,9.33,9.32,1
12.264,-5.68,0.16,1.4180,0.1308,-1.1094,10.6133,0.11,9.33,9.32,1
12.284,-5.68,0.16,0.3047,0.4068,-0.6133,8.9609,0.11,9.33,9.32,1
12.294,-5.68,0.16,1.0742,0.4457,-0.6914,10.9141,0.11,9.33,9.32,1
12.314,-5.68,0.16,-0.6914,0.4827,-1.2266,8.5391,0.11,9.09,9.32,1
12.332,-5.68,0.16,0.3047,0.3029,-0.3437,9.8437,0.11,9.09,9.34,1
12.345,-5.68,0.16,-0.1133,0.2697,-0.7266,9.0039,0.11,9.09,9.34,1
12.362,-5.68,0.16,1.2266,0.4357,-0.8047,11.2227,0.11,9.09,9.34,1
12.383,-5.68,0.16,0.2305,0.4395,-0.1914,10.0742,0.11,9.09,9.34,1
12.404,-5.68,0.16,-0.9180,0.4761,-0.3828,8.1211,0.11,9.09,9.34,1
12.413,-5.68,0.16,-0.9180,0.2620,-0.3828,8.1211,0.13,9.23,9.34,1
12.443,-3.93,-0.17,-0.2305,0.0971,-0.5742,9.3867,0.13,9.23,9.34,1
12.454,-3.93,-0.17,0.0781,0.0715,-0.5352,9.5039,0.13,9.23,8.65,1
12.464,-3.93,-0.17,0.3047,0.0911,-0.3828,9.7695,0.13,9.23,8.65,1
12.483,-3.93,-0.17,0.9180,0.2007,-0.8438,10.1914,0.13,9.23,8.65,1
12.502,-3.93,-0.17,0.1133,0.2671,-0.2695,8.6953,0.13,9.23,8.65,1
12.515,-3.93,-0.17,0.6914,0.2898,-0.6914,9.5039,0.13,9.23,8.65,1
12.534,-3.44,-0.18,0.4961,0.3835,-0.5742,9.8828,0.13,8.45,8.65,1
12.553,-3.44,-0.18,-0.2695,0.2524,-0.2305,8.7344,0.13,8.45,8.65,1
12.574,-3.44,-0.18,0.1523,0.2021,-0.4609,9.1211,0.13,8.45,7.66,1
12.584,-3.44,-0.18,0.1523,0.1944,-0.4609,9.1211,0.13,8.45,7.66,1
12.604,-3.44,-0.18,0.5742,0.2997,-0.2305,9.8477,0.13,8.45,7.66,1
12.623,-3.44,-0.18,0.9180,0.4051,-0.4609,10.1484,0.11,8.45,7.66,1
12.635,-3.44,-0.18,-0.1523,0.4330,-0.1914,8.5391,0.11,8.45,7.66,1
12.653,-3.44,-0.18,0.1914,0.2945,-0.5352,9.3086,0.11,8.45,7.66,1
12.673,-2.90,-0.10,-0.4219,0.1236,-0.4961,8.0391,0.11,7.77,7.66,1
12.685,-2.90,-0.10,0.5352,0.0794,0.0391,9.5430,0.11,7.77,7.66,1
12.703,-2.90,-0.10,0.4961,0.2056,-0.2305,9.4258,0.11,7.77,7.66,1
12.722,-2.90,-0.10,0.9180,0.3980,-0.0391,10.1484,0.11,7.77,6.87,1
12.744,-2.90,-0.10,0.3437,0.2955,-0.0781,9.6094,0.11,7.77,6.87,1
12.753,-2.90,-0.10,0.3437,0.3029,-0.0781,9.6094,0.11,7.77,6.87,1
12.774,-2.90,-0.10,0.7656,0.1327,0.0391,10.2695,0.11,7.77,6.87,1
12.794,-2.90,-0.10,0.5352,0.2937,0.1523,9.5820,0.11,7.77,6.87,1
12.814,-2.64,-0.10,1.1094,0.5031,-0.3828,10.3086,0.09,6.84,6.87,1
12.825,-2.64,-0.10,0.1523,0.5607,0.0000,9.3047,0.09,6.84,6.87,1
12.843,-2.64,-0.10,0.1523,0.4449,0.1523,9.4648,0.09,6.84,6.87,1
12.864,-2.64,-0.10,-1.0352,0.0824,-0.2695,7.8164,0.09,6.84,6.87,1
12.874,-2.64,-0.10,0.1914,0.0088,0.0000,9.5391,0.09,6.84,6.87,1
12.892,-2.64,-0.10,-0.0391,0.0201,-0.0781,9.3867,0.09,6.84,6.18,1
12.914,-2.64,-0.10,0.4961,0.2694,-0.4219,9.6133,0.09,6.84,6.18,1
12.924,-2.64,-0.10,0.4961,0.3042,-0.4219,9.6133,0.09,6.84,6.18,1
12.942,-2.64,-0.10,0.5352,0.3673,0.0391,10.2305,0.09,6.84,6.18,1
12.964,-2.74,-0.12,0.1523,-0.1131,0.2305,9.5000,0.09,6.25,6.18,1
12.974,-2.74,-0.12,0.1523,-0.0723,0.2305,9.5000,0.09,6.25,6.18,1
12.994,-2.74,-0.12,-0.0781,-0.1231,0.0391,9.3867,0.09,6.25,6.18,1
13.014,-2.74,-0.12,0.3047,-0.0797,0.0000,9.8086,0.07,6.25,6.18,1
13.033,-2.95,-0.12,0.3437,0.0600,-0.1523,9.6094,0.07,6.25,6.18,1
13.044,-2.95,-0.12,0.2305,0.0945,0.1914,9.1211,0.07,6.25,6.18,1
13.063,-3.07,-0.12,0.1523,0.1236,0.0781,9.5430,0.07,6.25,5.82,1
13.082,-3.07,-0.12,0.7266,0.2588,-0.1133,10.1484,0.07,6.25,5.82,1
13.094,-3.22,-0.14,0.0000,0.2015,0.0391,9.2656,0.07,6.25,5.82,1
13.112,-3.22,-0.14,0.5352,0.2513,-0.1914,9.9258,0.07,6.25,5.82,1
13.134,-3.22,-0.14,0.4961,0.0172,-0.2695,10.3867,0.07,5.93,5.82,1
13.144,-3.22,-0.14,0.4961,0.0908,-0.2695,10.3867,0.07,5.93,5.82,1
13.173,-3.70,-0.18,0.7266,0.2220,-0.8047,10.3437,0.07,5.93,5.82,1
13.183,-3.70,-0.18,0.4219,0.2752,-0.3828,9.6523,0.07,5.93,5.82,1
13.201,-3.70,-0.18,0.8047,0.4099,-0.8047,10.1484,0.07,5.93,5.82,1
13.213,-3.70,-0.18,-0.0781,0.3999,-0.7266,9.0039,0.07,5.93,5.82,1
13.234,-4.08,-0.12,0.1523,0.2879,-0.4961,9.2305,0.07,5.93,5.82,1
13.252,-4.08,-0.12,0.1914,0.2504,-0.7656,9.5039,0.07,5.93,5.28,1
13.264,-4.08,-0.12,-0.5742,0.1801,-0.4961,8.3906,0.07,5.93,5.28,1
13.282,-4.08,-0.12,0.0391,0.0586,-0.7266,9.3477,0.07,5.93,5.28,1
13.312,-4.58,-0.10,0.5742,0.0230,-0.6133,10.0703,0.07,5.93,5.28,1
13.314,-4.58,-0.10,0.5742,0.0230,-0.6133,10.0703,0.07,5.49,5.28,1
13.335,-4.58,-0.10,0.7266,0.0593,-0.7656,10.0703,0.07,5.49,5.28,1
13.354,-4.58,-0.10,-0.0391,0.1873,-0.6133,9.0820,0.07,5.49,5.28,1
13.374,-4.96,-0.12,0.7266,0.2796,-0.7266,10.2656,0.07,5.49,5.28,1
13.384,-4.96,-0.12,-0.9180,0.2469,-0.7656,7.9687,0.07,5.49,5.28,1
13.403,-4.96,-0.12,0.0391,-0.0069,-0.7266,9.6094,0.07,5.49,5.28,1
13.422,-4.96,-0.12,-0.1133,-0.0249,-0.9961,8.8125,0.07,5.49,5.28,1
13.434,-4.96,-0.12,-0.7266,-0.0876,-0.8047,8.3555,0.07,5.49,5.28,1
13.452,-4.96,-0.12,0.0781,-0.1273,-0.7266,9.3867,0.07,5.49,4.94,1
13.474,-4.96,-0.12,0.4219,-0.1006,-0.7656,9.9219,0.07,5.49,4.94,1
13.484,-4.96,-0.12,0.4219,-0.0203,-0.7656,9.9219,0.07,5.49,4.94,1
13.502,-4.96,-0.12,-0.0391,0.0031,-0.7656,9.1172,0.07,5.31,4.94,1
13.532,-5.95,-0.16,0.1523,0.1877,-0.8828,9.3477,0.07,5.31,4.94,1
13.535,-5.95,-0.16,0.1523,0.1877,-0.8828,9.3477,0.07,5.31,4.94,1
13.554,-5.95,-0.16,-1.1875,0.1313,-1.2656,7.6602,0.07,5.31,4.94,1
13.574,-5.95,-0.16,0.0391,-0.1446,-0.8828,9.7656,0.07,5.31,4.94,1
13.592,-5.95,-0.16,-0.1523,-0.1243,-1.1094,8.8828,0.07,5.31,4.94,1
13.603,-5.95,-0.16,0.7266,-0.0583,-1.4922,10.3828,0.07,5.31,4.94,1
13.622,-5.95,-0.16,0.3047,0.1159,-1.3789,9.6133,0.06,5.31,4.94,1
13.642,-5.95,-0.16,0.9570,0.3138,-1.4570,10.3867,0.06,5.31,5.02,1
13.654,-6.65,-0.14,-0.7266,0.0836,-1.5703,8.0430,0.06,5.31,5.02,1
13.673,-6.65,-0.14,-0.2695,-0.0915,-1.4570,9.1211,0.06,5.31,5.02,1
13.694,-6.65,-0.14,-0.1914,-0.0751,-1.6836,8.8477,0.06,5.31,5.02,1
13.705,-6.65,-0.14,-0.1914,-0.0930,-1.6836,8.8477,0.06,5.11,5.02,1
13.724,-6.65,-0.14,0.1523,-0.0211,-1.6484,9.0781,0.06,5.11,5.02,1
13.744,-6.65,-0.14,0.4219,0.0496,-1.3008,9.6484,0.06,5.11,5.02,1
13.762,-6.65,-0.14,0.3437,0.1593,-1.4922,10.0000,0.06,5.11,5.02,1
13.775,-6.65,-0.14,0.5742,0.2185,-1.6094,9.9648,0.06,5.11,5.02,1
13.794,-7.07,-0.16,-0.3047,0.1453,-1.4180,8.6992,0.06,5.11,5.02,1
13.812,-7.07,-0.16,0.0000,0.0593,-1.2266,9.2656,0.06,5.11,5.02,1
13.824,-7.07,-0.16,-1.1094,-0.0386,-1.5313,7.3555,0.91,5.11,5.02,1
13.841,-7.07,-0.16,0.4219,-0.0647,-1.0352,9.7266,0.91,5.11,5.02,1
13.865,-7.07,-0.16,0.8828,0.0521,-1.2656,10.6133,0.91,5.11,4.60,1
13.875,-7.07,-0.16,0.8828,0.1797,-1.2656,10.6133,0.91,5.11,4.60,1
13.903,-7.18,-0.22,0.7266,0.3369,-1.2656,9.9258,0.91,5.11,4.60,1
13.913,-7.18,-0.22,-0.7266,0.2805,-1.3008,7.8125,0.91,4.79,4.60,1
13.933,-7.18,-0.26,0.4609,0.2000,-1.1484,10.1133,0.91,4.79,4.60,1
13.945,-7.18,-0.26,0.3437,0.2483,-1.7227,9.4219,0.91,4.79,4.60,1
13.964,-7.18,-0.26,-0.2695,0.2263,-1.2266,8.8867,0.91,4.79,4.60,1
13.982,-7.18,-0.26,0.3047,0.1844,-1.4180,9.4609,0.91,4.79,4.60,1
13.994,-7.18,-0.26,-0.8828,0.1079,-1.9141,7.5859,0.91,4.79,4.60,1
14.012,-7.18,-0.26,1.2266,0.2369,-1.3789,10.9531,0.43,4.79,4.60,1
14.035,-7.18,-0.26,0.3047,0.1498,-1.7227,9.6875,0.43,4.79,4.60,1
14.045,-7.18,-0.26,0.3047,0.1736,-1.7227,9.6875,0.43,4.79,4.60,1
14.062,-7.18,-0.26,1.1484,0.3975,-1.4180,10.6523,0.43,4.79,4.60,1
14.085,-7.07,-0.31,0.7266,0.0112,-0.6523,10.1484,0.43,4.79,4.60,1
14.103,-7.07,-0.31,0.9570,0.2326,-1.4180,9.6484,0.43,4.79,4.60,1
14.121,-7.07,-0.31,-0.1523,0.2340,-1.1094,9.0391,0.43,4.79,3.97,1
14.134,-7.07,-0.31,-1.5313,0.0644,-1.3789,6.4687,0.43,4.79,3.97,1
14.152,-7.07,-0.31,1.8789,0.2751,-1.2266,10.7656,0.43,4.79,3.97,1
14.164,-7.07,-0.31,2.2617,0.5521,-1.3789,10.0039,0.43,3.88,3.97,1
14.182,-6.73,-0.51,1.6836,1.0070,-1.0352,9.4258,0.43,3.88,3.97,1
14.201,-6.73,-0.51,-0.9180,0.6231,-1.1484,4.4805,0.43,3.88,3.97,1
14.215,-6.66,-0.61,2.5273,1.0445,-0.3047,8.8867,0.30,3.88,3.97,1
14.232,-6.66,-0.61,4.5195,1.9910,-1.5313,12.4492,0.30,3.88,3.97,1
14.255,-6.66,-0.61,0.3828,2.5221,-0.9180,5.7852,0.30,3.88,3.97,1
14.274,-6.66,-0.61,0.9570,1.9613,-0.6523,7.5469,0.30,3.88,3.97,1
14.292,-6.66,-0.61,2.9883,1.9885,-1.1484,10.9922,0.30,3.88,3.97,1
14.304,-6.66,-0.61,3.9453,2.2186,-0.9180,12.2969,0.30,3.88,3.97,1
14.322,-6.66,-0.61,0.7266,2.0949,-1.7227,6.8555,0.30,3.88,3.97,1
14.334,-6.66,-0.61,0.3437,1.8541,-0.3437,8.1602,0.30,3.88,3.97,1
14.353,-6.25,-1.01,1.8789,1.6790,-0.8828,10.1094,0.30,3.88,3.97,1
14.372,-6.25,-1.01,3.4492,2.0947,-0.8828,12.7578,0.30,5.16,3.97,1
14.385,-6.25,-1.01,-0.2695,2.0052,-0.9570,6.7461,0.30,5.16,3.97,1
14.403,-6.25,-1.01,0.5742,1.4164,-0.4961,8.4258,0.30,5.16,3.97,1
14.424,-6.25,-1.01,2.9883,1.6422,-0.1133,13.2109,0.15,5.16,3.36,1
14.443,-6.25,-1.01,-0.5742,1.7389,-1.3789,7.2383,0.15,5.16,3.36,1
14.455,-6.25,-1.01,1.6094,1.4017,-0.4609,9.3828,0.15,5.16,3.36,1
14.474,-6.25,-1.01,2.4531,1.5281,-0.9961,10.7695,0.15,5.16,3.36,1
14.494,-5.89,-1.16,1.3789,1.6057,-0.9180,10.1094,0.15,5.16,3.36,1
14.505,-5.89,-1.16,-0.3047,1.4208,-1.1094,7.2070,0.15,7.34,3.36,1
14.523,-5.89,-1.16,2.1445,1.1274,-1.2656,9.7305,0.15,7.34,3.36,1
14.542,-5.89,-1.16,1.8008,1.3981,-0.9570,9.6875,0.15,7.34,3.36,1
14.555,-5.89,-1.16,0.7266,1.3740,-1.4570,7.9727,0.15,7.34,7.81,1
14.573,-5.75,-1.13,1.5313,1.3314,-0.1914,9.6914,0.15,7.34,7.81,1
14.595,-5.75,-1.13,1.1094,1.5296,0.1914,8.4648,0.15,7.34,7.81,1
14.614,-5.75,-1.13,0.8438,1.3892,-1.4570,7.9297,0.11,9.56,7.81,1
14.634,-5.68,-1.20,2.7969,1.6355,0.0000,11.2578,0.11,9.56,7.81,1
14.644,-5.68,-1.20,1.9922,1.8281,-1.8398,9.7266,0.11,9.56,10.61,1
14.663,-5.68,-1.20,0.0391,1.7184,0.7656,7.1641,0.11,9.56,10.61,1
14.675,-5.68,-1.20,1.1484,1.4355,-1.1094,8.4219,0.11,9.56,10.61,1
14.695,-5.68,-1.20,3.2578,1.5064,0.0781,12.0664,0.11,12.79,10.61,1
14.712,-5.72,-1.16,1.0742,1.6202,-1.2656,8.9219,0.11,12.79,10.61,1
14.725,-5.72,-1.16,-0.1133,1.4414,0.0000,6.8555,0.11,12.79,13.36,1
14.742,-5.72,-1.16,2.2227,1.4283,-0.7266,10.4922,0.11,15.50,13.36,1
14.762,-5.72,-1.16,3.4844,1.9328,-0.3828,12.0273,0.11,15.50,13.36,1
14.784,-5.81,-1.27,-0.4219,1.0182,-0.5352,7.6953,0.11,15.50,15.16,1
14.793,-5.81,-1.27,-0.4219,0.7970,-0.5352,7.6953,0.11,17.28,15.16,1
14.815,-5.81,-1.27,3.5234,1.2665,-0.9180,12.1016,0.35,17.28,15.16,1
14.833,-5.81,-1.27,-0.8438,1.5572,-1.8789,6.5117,0.35,17.28,16.92,1
14.844,-5.81,-1.27,0.1914,1.1087,-1.0742,8.6953,0.35,17.28,16.92,1
14.864,-5.81,-1.27,2.5664,1.0385,-0.9180,10.8750,0.35,19.14,16.92,1
14.882,-5.81,-1.27,3.2578,1.7124,-0.8047,11.9141,0.35,19.14,16.92,1
14.895,-5.81,-1.27,-0.3828,1.6586,-0.6523,6.9297,0.35,20.25,18.03,1
14.913,-6.01,-1.23,-0.1523,1.0136,-0.6914,7.6602,0.35,20.25,18.03,1
14.932,-6.01,-1.23,2.0703,1.1080,-1.5313,10.5703,0.35,20.25,18.03,1
14.955,-6.01,-1.23,-0.1133,1.5962,-1.5313,6.8242,0.35,21.82,19.49,1
14.965,-6.01,-1.23,-0.1133,1.3337,-1.5313,6.8242,0.35,21.82,19.49,1
14.993,-5.99,-1.17,1.4570,1.0212,-1.3789,9.3867,0.35,21.82,19.49,1
15.003,-5.99,-1.17,3.7539,1.2719,-1.3008,12.9102,0.35,22.92,20.54,1
15.015,-5.99,-1.17,0.9570,1.5975,-0.7656,8.5781,0.39,22.92,20.54,1
15.034,-5.99,-1.17,-0.1523,1.3271,-0.3828,7.3906,0.39,24.62,22.08,1
15.053,-5.91,-1.15,0.2305,0.9074,-1.5703,8.0117,0.39,24.62,22.08,1
15.065,-5.91,-1.15,2.6797,0.9536,-2.0312,11.0703,0.39,25.84,22.08,1
15.083,-5.91,-1.15,2.8359,1.4556,-1.8398,10.7266,0.39,25.84,23.07,1
15.102,-5.91,-1.15,0.6133,1.4343,-0.8828,8.1953,0.39,25.84,23.07,1
15.118,-5.91,-1.15,0.0391,1.2066,-0.7656,7.6953,0.39,27.81,24.82,1
15.133,-5.91,-1.15,1.1094,1.1126,-0.6523,8.6992,0.39,27.81,24.82,1
15.152,-5.91,-1.15,3.2930,1.5950,-1.4570,12.1055,0.39,28.23,24.82,1
15.175,-5.91,-1.15,0.9570,1.3806,-2.0312,8.9258,0.39,28.23,25.60,1
15.184,-5.91,-1.15,0.9570,1.3155,-2.0312,8.9258,0.39,30.30,27.35,1
15.204,-5.91,-1.15,3.3320,1.0439,-0.9180,11.1133,0.39,30.30,27.35,1
15.223,-5.91,-1.15,3.3711,1.6960,-0.6914,11.2187,0.52,30.81,27.35,1
15.235,-5.91,-1.15,0.9961,1.8767,-0.9570,8.1211,0.52,30.81,27.86,1
15.254,-5.91,-1.15,0.3437,1.5748,-0.3047,7.9336,0.52,32.50,27.86,1
15.272,-5.91,-1.15,1.9141,1.5026,1.1484,9.5820,0.52,32.76,29.42,1
15.295,-5.91,-1.15,0.5742,1.8634,-0.1914,8.0820,0.52,32.76,29.78,1
15.305,-5.91,-1.15,0.5742,1.6654,-0.1914,8.0820,0.52,33.94,29.78,1
15.322,-5.91,-1.15,0.3437,1.3049,-1.3008,8.3164,0.52,33.94,29.78,1
15.344,-4.66,-1.40,1.1484,1.2801,-0.5352,10.0703,0.52,34.43,31.19,1
15.354,-4.66,-1.40,1.1484,1.2598,-0.5352,10.0703,0.52,35.58,31.09,1
15.382,-4.34,-1.42,0.8438,1.1963,1.0352,9.0820,0.52,35.58,31.09,1
15.393,-4.34,-1.42,0.3437,1.1022,-1.3008,7.8125,0.52,35.29,32.50,1
15.405,-4.34,-1.42,2.4883,1.1059,1.3008,11.0312,0.52,36.21,32.50,1
15.423,-4.34,-1.42,0.6133,1.3479,-0.4609,8.7383,0.98,36.21,32.61,1
15.443,-3.96,-1.51,1.4922,1.2920,-0.9180,9.3828,0.98,36.21,32.61,1
15.462,-3.96,-1.51,1.2656,1.2986,0.3047,10.5742,0.98,36.41,33.61,1
15.475,-3.76,-1.56,1.4570,1.3337,-0.6914,11.1523,0.98,37.26,33.61,1
15.493,-3.63,-1.52,-1.5703,0.7058,0.7266,6.8555,0.98,37.26,32.74,1
15.515,-3.63,-1.52,-1.6094,0.1915,1.3789,6.8945,0.98,35.55,33.56,1
15.524,-3.63,-1.52,-1.6094,-0.0851,1.3789,6.8945,0.98,35.83,33.56,1
15.545,-3.63,-1.52,0.6523,0.0836,-0.4609,10.9531,0.98,35.83,32.66,1
15.563,-3.63,-1.52,0.1523,0.2049,-0.4609,9.7656,0.98,34.77,32.66,1
15.575,-3.63,-1.52,-1.3398,0.0739,-0.3437,7.2070,0.98,34.77,32.84,1
15.593,-3.63,-1.52,-0.1523,-0.2320,-0.3437,9.2656,0.98,34.77,32.84,1
15.614,-2.97,-1.43,-0.0391,-0.1798,0.7656,9.7695,0.98,34.24,32.46,1
15.633,-2.97,-1.43,-1.1094,-0.3687,-0.2305,8.2773,1.98,34.24,33.05,1
15.643,-2.97,-1.43,-0.1914,-0.4090,-0.8047,9.3477,1.98,34.83,33.05,1
15.663,-2.68,-1.49,-1.2266,-0.5639,0.2305,7.7383,1.98,34.83,33.05,1
15.693,-2.49,-1.58,0.2695,-0.4005,-0.3828,10.1484,1.98,34.87,32.40,1
15.694,-2.49,-1.58,0.2695,-0.4005,-0.3828,10.1484,1.98,34.81,33.29,1
15.715,-2.49,-1.58,-0.1133,-0.2265,-0.0781,8.6211,1.98,34.81,33.29,1
15.733,-2.49,-1.58,0.4219,-0.1516,-0.9961,9.8828,1.98,34.59,32.57,1
15.753,-2.14,-1.67,0.6914,0.1036,0.9961,10.0703,1.98,35.33,32.57,1
15.764,-2.14,-1.67,-0.7656,0.1171,-0.1914,7.7734,1.98,35.33,33.21,1
15.784,-2.14,-1.67,0.7656,-0.0108,-0.9180,10.1875,1.98,34.36,32.84,1
15.802,-2.14,-1.67,0.1133,0.1096,0.1133,9.5039,1.98,34.36,32.84,1
15.814,-2.14,-1.67,0.1133,0.1101,-0.3828,9.3477,4.26,35.55,33.09,1
15.832,-2.14,-1.67,-0.5352,-0.0323,0.0781,8.9648,4.26,35.55,33.09,1
15.855,-2.14,-1.67,0.2695,-0.1553,0.3828,9.3477,4.26,34.18,32.52,1
15.864,-2.14,-1.67,0.2695,-0.0900,0.3828,9.3477,4.26,34.79,32.52,1
15.882,-2.14,-1.67,0.1914,-0.0053,0.3828,10.3437,4.26,34.79,32.83,1
15.904,-1.24,-1.94,-1.4570,0.0603,-0.2305,7.3516,4.26,33.87,32.83,1
15.915,-1.24,-1.94,-1.4570,-0.1728,-0.2305,7.3516,4.26,33.87,32.06,1
15.943,-0.94,-2.03,0.8047,-0.1674,-0.5352,10.3828,4.26,34.12,32.06,1
15.953,-0.94,-2.03,-0.8047,-0.1468,0.9961,8.8828,4.26,34.12,32.35,1
15.973,-0.76,-2.08,0.4219,-0.0996,0.5742,10.0742,4.26,33.36,32.35,1
15.983,-0.76,-2.08,-0.8828,-0.1239,0.8828,7.9727,4.26,33.36,31.83,1
16.002,-0.61,-2.22,-0.2695,-0.2469,1.0742,9.4609,4.26,33.62,31.83,1
16.022,-0.61,-2.22,0.1914,-0.1513,0.1914,9.7305,5.61,33.00,32.06,1
16.034,-0.50,-2.42,-1.1484,-0.3720,-0.7266,7.9687,5.61,33.00,31.08,1
16.053,-0.50,-2.42,-0.0781,-0.3998,0.4609,10.3477,5.61,33.22,31.08,1
16.075,-0.50,-2.42,0.9961,-0.2822,0.3828,11.2187,5.61,33.22,31.60,1
16.085,-0.50,-2.42,0.9961,-0.0858,0.3828,11.2187,5.61,32.48,31.60,1
16.104,-0.50,-2.42,0.1523,-0.0263,0.5352,9.6094,5.61,32.48,30.93,1
16.123,-0.50,-2.42,-0.2695,-0.0094,0.3828,9.4648,5.61,32.85,30.93,1
16.142,-0.50,-2.42,-0.1523,-0.0721,-0.4219,8.8437,5.61,32.39,31.48,1
16.154,-0.50,-2.42,-0.3047,-0.0966,0.7266,8.8164,5.61,32.39,31.48,1
16.174,0.07,-2.77,-0.3828,-0.1848,0.3828,9.2656,5.61,32.94,30.97,1
16.193,0.07,-2.77,0.1523,-0.1339,-0.2695,9.1602,5.61,32.94,31.17,1
16.204,0.07,-2.77,-0.1523,-0.1143,0.4609,9.1953,5.32,32.27,31.17,1
16.222,0.07,-2.77,0.2695,-0.0339,0.7656,10.1133,5.32,32.27,31.17,1
16.245,0.07,-2.77,-0.3828,-0.2093,0.3828,9.3867,5.32,32.95,30.39,1
16.255,0.07,-2.77,-0.3828,-0.2360,0.3828,9.3867,5.32,32.12,30.68,1
16.275,0.07,-2.77,-1.1094,-0.3601,0.6133,8.2734,5.32,32.12,30.68,1
16.294,0.07,-2.77,0.0391,-0.4807,0.2695,10.0312,5.32,32.83,30.09,1
16.313,0.07,-2.77,0.4961,-0.2631,0.3437,10.3477,5.32,32.83,30.09,1
16.324,0.07,-2.77,0.1523,-0.1226,-0.0391,9.9219,5.32,31.71,30.09,1
16.343,0.07,-2.77,-0.7266,-0.1149,0.8828,8.4648,5.32,31.71,30.19,1
16.363,0.07,-2.77,0.2305,-0.1116,0.0000,9.4609,5.32,32.58,29.64,1
16.374,0.07,-2.77,-0.2695,-0.0991,0.2695,9.4219,5.32,32.58,29.64,1
16.393,0.07,-2.77,0.0000,-0.0975,0.0781,9.5430,5.32,32.11,29.87,1
16.415,0.07,-2.77,0.1133,-0.3129,-0.3437,9.8477,5.63,32.11,29.87,1
16.425,0.07,-2.77,0.1133,-0.2475,-0.3437,9.8477,5.63,32.45,29.41,1
16.442,0.07,-2.77,-0.3437,-0.2463,0.9961,9.1953,5.63,32.45,29.41,1
16.464,0.42,-2.97,0.2305,0.0860,0.1523,9.8086,5.63,32.19,29.66,1
16.483,0.42,-2.97,0.3437,0.1360,0.1914,9.8828,5.63,32.96,29.66,1
16.503,0.32,-2.98,-1.8008,-0.2678,0.2695,7.0078,5.63,32.96,28.83,1
16.515,0.32,-2.98,-0.1523,-0.3714,-0.5742,9.8828,5.63,32.42,28.83,1
16.532,0.32,-2.98,0.4219,-0.1696,-0.0391,9.9609,5.63,32.42,29.37,1
16.544,0.32,-2.98,-0.4609,-0.1494,-0.6523,9.3477,5.63,33.05,29.37,1
16.562,0.32,-2.98,-0.1914,-0.1960,-0.2695,9.9609,5.63,33.05,28.43,1
16.582,0.32,-2.98,-1.1875,-0.4151,-1.2266,8.0078,5.63,32.28,28.43,1
16.595,0.09,-2.96,-0.0391,-0.3319,0.0000,9.6914,5.63,32.64,28.84,1
16.612,0.09,-2.96,-0.3437,-0.2995,0.0000,8.9648,5.35,32.64,28.84,1
16.634,0.09,-2.96,-0.4219,0.0530,0.5352,8.8437,5.35,32.50,28.04,1
16.653,0.09,-2.96,-0.4609,-0.0848,1.1875,9.1602,5.35,32.50,28.04,1
16.673,-0.25,-2.91,-0.9961,-0.3315,-0.7656,8.3555,5.35,32.51,28.04,1
16.683,-0.25,-2.91,-0.0391,-0.3570,-0.1133,9.9648,5.35,32.51,28.42,1
16.702,-0.42,-2.90,-0.1133,-0.2650,0.2695,9.3047,5.35,32.36,28.42,1
16.714,-0.42,-2.90,0.1523,-0.2205,-1.4922,9.3437,5.35,32.65,27.81,1
16.733,-0.42,-2.90,-0.2695,-0.1795,-0.2695,8.8477,5.35,32.65,27.81,1
16.753,-0.42,-2.90,0.0391,-0.1419,0.3828,9.2656,5.35,31.97,28.21,1
16.765,-0.42,-2.90,-0.4219,-0.1510,-0.3828,8.8164,5.35,31.97,28.21,1
16.783,-0.42,-2.90,0.2305,-0.0990,-0.6523,10.0703,5.35,32.94,27.65,1
16.804,-0.42,-2.90,-0.4609,-0.1120,-1.0742,8.6172,5.35,32.94,27.65,1
16.825,-0.42,-2.90,-0.1133,-0.1831,-0.9961,9.0820,4.83,32.28,28.06,1
16.835,-0.42,-2.90,0.8438,-0.0911,-0.8828,10.3867,4.83,32.28,28.06,1
16.853,-0.42,-2.90,-0.0391,0.1034,-0.8828,9.7656,4.83,32.76,27.32,1
16.874,-1.73,-2.82,0.3047,0.1309,-1.5313,9.6914,4.83,32.76,27.32,1
16.884,-1.73,-2.82,-0.4609,0.1081,-0.4961,8.9219,4.83,32.04,27.32,1
16.915,-2.07,-2.84,0.4609,-0.1849,-0.4219,10.8789,4.83,32.04,27.57,1
16.922,-2.07,-2.84,0.4609,-0.0857,-0.4219,10.8789,4.83,32.37,26.70,1
16.935,-2.07,-2.84,-0.6914,-0.0939,-0.6914,9.1602,4.83,32.37,26.70,1
16.953,-2.07,-2.84,-0.2305,-0.1956,-0.6914,9.8047,4.83,31.04,26.70,1
16.975,-2.07,-2.84,0.4609,-0.3701,-1.6836,10.6133,4.83,31.16,26.73,1
16.993,-2.07,-2.84,-0.0391,-0.1744,-0.4609,10.1094,4.83,31.16,26.73,1
17.013,-2.07,-2.84,-0.1914,-0.1594,-0.5352,10.0352,4.83,30.06,25.69,1
17.024,-2.07,-2.84,-1.5313,-0.2737,-1.4922,8.0430,5.15,30.06,25.69,1
17.044,-2.07,-2.84,-0.3437,-0.5353,-1.6836,9.6523,5.15,29.64,25.43,1
17.054,-2.07,-2.84,-0.8828,-0.5361,-0.8438,8.8867,5.15,29.64,25.43,1
17.074,-2.07,-2.84,-1.5313,-0.6863,-0.4609,7.8945,5.15,28.34,25.43,1
17.093,-2.07,-2.84,-0.1523,-0.6692,-2.1445,10.7969,5.15,28.34,24.13,1
17.105,-2.07,-2.84,-0.9961,-0.6573,-1.6836,8.7734,5.15,28.03,24.13,1
17.122,-2.07,-2.84,0.0000,-0.5523,-0.9570,10.0039,5.15,28.03,23.70,1
17.142,-2.07,-2.84,-1.0742,-0.6334,-0.8828,8.7734,5.15,28.03,23.70,1
17.165,-4.63,-2.65,-1.3008,-0.4759,-1.6094,8.6953,5.15,26.04,23.70,1
17.173,-4.63,-2.65,-1.3008,-0.6026,-1.6094,8.6953,5.15,26.04,22.65,1
17.203,-5.20,-2.54,-1.5313,-0.8438,-1.8789,8.4258,5.15,26.07,22.65,1
17.214,-5.20,-2.54,-0.6133,-0.8760,-2.1445,10.0352,5.04,26.07,22.30,1
17.224,-5.20,-2.54,-0.6914,-0.8241,-1.7227,9.7266,5.04,26.07,22.30,1
17.243,-5.20,-2.54,-2.0312,-0.8936,-1.4922,8.1953,5.04,24.73,22.30,1
17.262,-5.20,-2.54,-1.4180,-1.1458,-1.6484,9.4609,5.04,24.73,20.68,1
17.275,-5.20,-2.54,-1.0742,-1.1601,-2.2227,9.8437,5.04,23.69,20.68,1
17.294,-6.18,-2.49,-0.7656,-1.0625,-2.0703,10.8398,5.04,23.69,20.68,1
17.313,-6.18,-2.49,-1.6484,-1.1567,-2.4141,9.5820,5.04,23.69,19.65,1
17.326,-6.18,-2.49,-1.3008,-1.2044,-1.9141,10.0039,5.04,21.43,19.65,1
17.343,-6.66,-2.31,-2.1445,-1.4185,-2.2617,9.2695,5.04,21.43,19.65,1
17.374,-6.66,-2.31,-3.1016,-1.7416,-1.8398,7.7773,5.04,21.43,19.65,1
17.383,-6.66,-2.31,-1.3398,-1.8095,-1.8398,10.6094,5.04,19.46,17.83,1
17.403,-7.15,-2.18,-2.0703,-1.8111,-1.6094,8.9258,5.04,19.46,17.83,1
17.413,-7.15,-2.18,-1.4570,-1.8018,-2.4531,10.1133,3.91,19.46,17.83,1
17.433,-7.15,-2.18,-2.1445,-1.8096,-1.6836,8.9648,3.91,17.00,15.83,1
17.445,-7.15,-2.18,-1.5313,-1.8347,-2.9102,9.8867,3.91,17.00,15.83,1
17.463,-7.15,-2.18,-2.6445,-1.8377,-2.4141,8.3516,3.91,17.00,15.83,1
17.483,-7.64,-1.92,-2.0703,-1.9857,-1.5703,9.1211,3.91,17.00,15.83,1
17.504,-7.64,-1.92,-2.6055,-2.1114,-1.6094,8.4258,3.91,14.03,15.83,1
17.513,-7.64,-1.92,-2.6055,-2.1873,-1.6094,8.4258,3.91,14.03,12.88,1
17.535,-7.64,-1.92,-2.1445,-2.1681,-2.1055,9.0000,3.91,14.03,12.88,1
17.553,-7.64,-1.92,-2.1445,-2.1614,-1.1875,9.1562,3.91,14.03,12.88,1
17.564,-7.64,-1.92,-2.1445,-2.1588,-1.1875,9.1562,3.91,14.03,12.88,1
17.584,-7.64,-1.92,-1.8008,-2.0572,-1.7617,9.6133,3.91,14.03,12.88,1
17.604,-7.64,-1.92,-2.5273,-2.0426,-1.5703,8.8828,3.91,9.87,12.88,1
17.615,-7.64,-1.92,-2.2969,-2.1314,-1.4570,9.4219,3.33,9.87,8.89,1
17.634,-7.64,-1.92,-2.4141,-2.1877,-1.7617,8.8437,3.33,9.87,8.89,1
17.652,-7.64,-1.92,-1.6484,-2.0954,-1.5703,9.8828,3.33,9.87,8.89,1
17.672,-7.64,-1.92,-1.6836,-1.9764,-1.6484,9.6914,3.33,9.87,8.89,1
17.684,-8.14,-1.61,-1.6094,-1.8952,-1.8789,9.9258,3.33,9.87,8.89,1
17.702,-8.14,-1.61,-2.5664,-2.0096,-1.9141,8.7344,3.33,9.87,8.89,1
17.724,-8.14,-1.61,-2.9102,-2.0873,-1.9922,7.8906,3.33,9.87,8.89,1
17.734,-8.14,-1.61,-2.9102,-2.2137,-1.9922,7.8906,3.33,9.87,8.89,1
17.755,-8.14,-1.61,-1.9531,-2.0938,-0.9961,9.5391,3.33,9.87,8.89,1
17.774,-8.14,-1.61,-1.6484,-2.0295,-1.4570,9.7266,3.33,9.87,8.89,1
17.785,-8.14,-1.61,-1.8789,-1.9636,-1.3008,9.3086,3.33,9.87,8.89,1
17.803,-8.14,-1.61,-1.3008,-1.8933,-1.0352,9.3437,3.33,9.87,8.89,1
17.822,-8.14,-1.61,-2.1836,-1.8867,-1.4180,7.0078,1.63,9.87,8.89,1
17.842,-8.14,-1.61,-0.1914,-1.5300,-1.4180,9.9609,1.63,9.87,8.89,1
17.854,-8.20,-1.49,-0.7656,-1.3608,-1.0742,8.5039,1.63,9.87,8.89,1
17.872,-8.20,-1.49,0.3047,-0.9210,-0.8438,9.8828,1.63,9.87,8.89,1
17.894,-8.20,-1.49,0.5742,-0.3567,-1.4922,9.9648,1.63,9.87,8.89,1
17.904,-8.20,-1.49,0.5742,-0.2137,-1.4922,9.9648,1.63,9.87,8.89,1
17.925,-8.20,-1.49,0.1523,-0.0489,-1.5313,9.5000,1.63,9.87,8.89,1
17.943,-8.20,-1.49,0.7266,0.0541,-1.6484,10.0000,1.63,9.87,8.89,1
17.955,-8.20,-1.49,-0.3047,0.1205,-1.3789,8.9258,1.63,9.87,8.89,1
17.974,-8.20,-1.49,0.3437,0.0518,-1.1875,9.8477,1.63,9.87,8.89,1
17.994,-8.43,-1.60,-1.1875,-0.1876,-1.4570,7.9297,1.63,9.87,8.89,1
18.012,-8.43,-1.60,-0.1133,-0.2907,-1.0742,9.6133,1.13,9.87,8.89,1
18.024,-8.43,-1.60,-0.6133,-0.3035,-1.4570,9.0039,1.13,9.87,8.89,1
18.042,-8.53,-1.62,-0.8047,-0.4515,-1.3008,8.6602,1.13,9.87,8.89,1
18.064,-8.53,-1.62,-0.4609,-0.3885,-1.8398,9.0430,1.13,9.87,8.89,1
18.074,-8.53,-1.62,-0.4609,-0.3996,-1.8398,9.0430,1.13,9.87,8.89,1
18.092,-8.53,-1.62,0.3047,-0.2476,-1.1875,10.1875,1.13,9.87,8.89,1
18.115,-8.53,-1.62,0.4609,-0.1762,-1.6836,10.3437,1.13,0.00,8.89,1
18.134,-8.75,-1.47,-0.2305,-0.1120,-1.6836,9.3867,1.13,0.00,0.00,1
18.144,-8.75,-1.47,0.0391,-0.1167,-1.6094,9.7266,1.13,1.87,0.00,1
18.164,-8.75,-1.47,-0.9570,-0.1522,-1.6836,8.3164,1.13,1.87,0.00,1
18.182,-8.75,-1.47,0.0391,-0.2061,-1.4922,9.7695,1.13,1.87,0.00,1
18.194,-8.75,-1.47,0.3437,-0.1441,-1.8398,10.1094,1.13,1.87,0.00,1
18.213,-8.75,-1.47,-0.6914,-0.2069,-1.3008,9.1211,0.20,1.87,0.00,1
18.235,-8.75,-1.47,-0.9570,-0.2525,-1.6836,8.1562,0.20,1.87,0.00,1
18.244,-8.75,-1.47,-0.9570,-0.3607,-1.6836,8.1562,0.20,1.87,0.00,1
18.263,-8.75,-1.47,0.3437,-0.2420,-1.4922,10.1875,0.20,1.87,0.00,1
18.284,-8.75,-1.47,-0.3437,-0.2267,-1.7617,8.9648,0.20,1.87,0.00,1
18.295,-8.75,-1.47,-0.3437,-0.2447,-1.7617,8.9648,0.20,1.87,0.00,1
18.315,-8.75,-1.47,0.1523,-0.1378,-1.8398,9.3047,0.20,1.87,0.00,1
18.334,-8.75,-1.47,0.0781,-0.0614,-1.6094,9.5781,0.20,1.87,0.00,1
18.353,-8.75,-1.47,-0.1914,-0.0735,-1.6836,9.0430,0.20,1.87,0.00,1
18.364,-8.75,-1.47,0.4219,-0.0426,-1.9922,9.6914,0.20,1.87,0.00,1
18.382,-8.75,-1.47,-0.2695,-0.0372,-1.5313,9.0391,0.20,1.87,0.00,1
18.402,-8.75,-1.47,0.2305,0.0075,-1.4922,9.6914,0.20,1.87,0.00,1
18.414,-9.12,-0.92,-1.1875,-0.2569,-1.7617,7.6562,0.20,1.87,0.00,1
18.432,-9.12,-0.92,-0.1133,-0.3364,-1.3398,9.5039,0.20,1.87,0.00,1
18.454,-9.12,-0.92,-0.3828,-0.4537,-1.5703,9.0820,0.20,1.87,0.00,1
18.465,-9.12,-0.92,-0.3828,-0.4428,-1.5703,9.0820,0.20,1.87,0.00,1
18.485,-9.12,-0.92,0.3047,-0.3364,-1.6094,10.0742,0.20,1.87,0.00,1
18.504,-9.12,-0.92,0.1523,-0.1667,-1.7617,9.8047,0.20,2.70,0.00,1
18.522,-9.12,-0.92,-0.0781,-0.1090,-1.6484,9.8086,0.20,2.70,1.13,1
18.535,-9.12,-0.92,0.4961,-0.0562,-1.9922,10.0703,0.20,2.70,1.13,1
18.554,-9.13,-0.77,-0.4219,-0.0711,-1.7617,8.8437,0.20,2.70,1.13,1
18.572,-9.13,-0.77,0.0000,-0.0973,-1.6484,9.6133,0.20,2.70,1.13,1
18.584,-9.13,-0.77,-1.1484,-0.1742,-1.9141,7.8906,0.20,2.70,1.13,1
18.602,-9.13,-0.77,0.0781,-0.2349,-1.3789,9.7305,0.20,2.70,1.13,1
18.625,-9.13,-0.77,0.4961,-0.1886,-1.8789,10.0039,0.26,2.70,1.13,1
18.635,-9.13,-0.77,0.4961,-0.0834,-1.8789,10.0039,0.26,2.70,1.13,1
18.655,-9.13,-0.77,0.7266,0.0236,-1.8008,10.6133,0.26,2.70,1.13,1
18.673,-9.13,-0.77,-1.2266,0.0667,-1.8008,7.6250,0.26,2.70,1.13,1
18.694,-9.06,0.05,-0.1133,-0.1278,-1.3398,9.0039,0.26,2.70,1.13,1
18.713,-9.06,0.05,-0.6523,-0.2430,-1.3008,8.6562,0.26,2.70,1.13,1
18.723,-9.06,0.05,-0.4219,-0.2874,-1.1875,9.0781,0.26,2.70,1.13,1
18.742,-9.06,0.05,-0.4219,-0.3333,-1.5313,9.2305,0.26,2.70,1.13,1
18.754,-9.06,0.05,0.1523,-0.3009,-1.6094,9.8437,0.26,2.70,1.13,1
18.774,-9.06,0.05,-0.6133,-0.3158,-1.6094,8.7344,0.26,2.70,1.13,1
18.795,-9.06,0.05,-1.0742,-0.3293,-1.2266,8.5000,0.26,3.70,3.53,1
18.805,-9.06,0.05,-1.0742,-0.4437,-1.2266,8.5000,0.35,3.70,3.53,1
18.822,-9.06,0.05,0.0391,-0.3761,-1.3789,9.8477,0.35,3.70,3.53,1
18.853,-8.77,0.58,0.4219,-0.0188,-0.9570,9.9258,0.35,3.70,3.53,1
18.863,-8.77,0.58,-0.4609,-0.0217,-0.5742,8.6992,0.35,3.70,3.53,1
18.875,-8.77,0.58,0.0000,-0.0821,-1.2266,9.5820,0.35,3.70,3.53,1
18.894,-8.77,0.58,-0.2305,-0.0772,-1.8398,9.3437,0.35,3.70,3.53,1
18.913,-8.77,0.58,-0.8438,-0.2652,-2.0312,8.5781,0.35,3.70,3.53,1
18.924,-8.77,0.58,-0.3437,-0.3141,-1.8008,9.2266,0.35,3.70,3.53,1
18.942,-8.77,0.58,-0.9570,-0.4599,-1.5703,8.0078,0.35,3.70,3.53,1
18.962,-8.77,0.58,0.4609,-0.2871,-1.0352,10.0039,0.35,3.70,3.53,1
18.975,-8.53,0.82,0.1133,-0.1985,-1.1875,9.5039,0.35,3.70,3.53,1
18.993,-8.48,0.86,0.4219,-0.0239,-1.5313,10.1484,0.35,3.70,3.53,1
19.015,-8.48,0.86,0.4609,0.0612,-1.1484,9.9609,0.44,4.67,4.97,1
19.026,-8.48,0.86,0.4609,0.1226,-1.1484,9.9609,0.44,4.67,4.97,1
19.045,-8.34,0.95,0.1133,-0.0476,-1.1875,9.9219,0.44,4.67,4.97,1
19.063,-8.34,0.95,0.0000,-0.0110,-1.7617,9.2305,0.44,4.67,4.97,1
19.084,-8.24,1.01,-0.5742,-0.1343,-1.4570,8.8437,0.44,4.67,4.97,1
19.094,-8.24,1.01,-0.0391,-0.1591,-1.2266,9.2656,0.44,4.67,4.97,1
19.114,-8.15,1.08,-0.5352,-0.2280,-1.5703,8.4648,0.44,4.67,4.97,1
19.132,-8.15,1.08,0.4609,-0.1122,-1.1484,10.0352,0.44,4.67,4.97,1
19.145,-8.15,1.08,0.0000,-0.0611,-1.4180,9.5820,0.44,4.67,4.97,1
19.162,-8.15,1.08,0.3437,0.0358,-1.5313,9.7266,0.44,4.67,4.97,1
19.185,-8.15,1.08,0.4219,0.0691,-1.0352,9.7695,0.44,4.67,4.97,1
19.203,-8.15,1.08,-0.7656,0.0742,-1.1875,8.1172,0.44,5.03,4.86,1
19.215,-8.15,1.08,0.1133,-0.0414,-0.9180,9.6914,0.52,5.03,4.86,1
19.234,-8.15,1.08,-0.0391,-0.0097,-1.4922,8.9609,0.52,5.03,4.86,1
19.253,-8.15,1.08,-0.6914,-0.1182,-0.9570,8.5000,0.52,5.03,4.86,1
19.264,-8.15,1.08,0.0391,-0.1866,-0.9961,9.2305,0.52,5.03,4.86,1
19.283,-8.15,1.08,-0.4609,-0.1626,-1.1875,8.3516,0.52,5.03,4.86,1
19.302,-8.15,1.08,0.7266,-0.0015,-0.7266,10.3477,0.52,5.03,4.86,1
19.315,-8.15,1.08,-0.0391,0.0491,-0.9570,9.1211,0.52,5.03,4.86,1
19.333,-8.15,1.08,0.7656,0.1971,-1.1094,9.8477,0.52,5.03,4.86,1
19.355,-8.15,1.08,0.9570,0.2583,-1.0742,10.3437,0.52,5.03,4.86,1
19.375,-8.15,1.08,-0.6523,0.3678,-1.3008,8.1172,0.52,5.03,4.86,1
19.384,-8.15,1.08,-0.6523,0.2111,-1.3008,8.1172,0.52,5.03,4.86,1
19.404,-8.15,1.08,-0.1133,0.1301,-1.3398,9.1602,0.52,5.05,5.01,1
19.423,-8.15,1.08,0.0391,0.0732,-1.1484,9.1562,0.61,5.05,5.01,1
19.435,-8.15,1.08,0.3047,0.0869,-1.1094,9.6094,0.61,5.05,5.01,1
19.454,-8.15,1.08,0.7266,0.1824,-1.5313,10.4180,0.61,5.05,5.01,1
19.473,-8.15,1.08,0.0391,0.2158,-0.9180,9.3047,0.61,5.05,5.01,1
19.485,-8.15,1.08,0.4961,0.2252,-1.2656,9.4258,0.61,5.05,5.01,1
19.502,-8.15,1.08,0.0000,0.2078,-1.2266,9.2305,0.61,5.05,5.01,1
19.522,-8.15,1.08,-0.2695,0.0892,-0.8047,8.6562,0.61,5.05,5.01,1
19.544,-6.86,1.47,0.5352,0.2047,-1.3789,9.6094,0.61,5.05,5.01,1
19.554,-6.86,1.47,0.5352,0.2555,-1.3789,9.6094,0.61,5.05,5.01,1
19.575,-6.86,1.47,0.4219,0.2487,-0.9570,9.1172,0.61,5.05,5.01,1
19.595,-6.86,1.47,0.0781,0.2703,-0.8828,9.0820,0.61,5.05,5.01,1
19.604,-6.86,1.47,-0.3047,0.1972,-0.5742,8.6602,0.61,5.05,5.01,1
19.623,-6.86,1.47,0.2695,0.1008,-0.9180,9.1602,0.67,4.34,5.01,1
19.642,-6.86,1.47,0.1914,0.1410,-0.8828,8.7344,0.67,4.34,4.20,1
19.655,-6.86,1.47,0.9961,0.2131,-0.5742,9.6523,0.67,4.34,4.20,1
19.673,-6.35,1.43,0.8438,0.4463,-0.4961,9.5430,0.67,4.34,4.20,1
19.693,-6.35,1.43,0.9570,0.6069,-0.8438,9.8047,0.67,4.34,4.20,1
19.706,-6.35,1.43,0.0781,0.5904,-0.6523,8.6953,0.67,4.34,4.20,1
19.723,-6.23,1.38,0.8438,0.6145,-0.7266,9.6914,0.67,4.34,4.20,1
19.745,-6.23,1.38,1.2266,0.5125,-0.5742,10.1523,0.67,4.34,4.20,1
19.763,-6.23,1.38,0.3437,0.6444,-0.8047,9.5781,0.67,4.34,4.20,1
19.775,-6.23,1.38,1.3398,0.6576,-1.0352,10.7305,0.67,4.34,4.20,1
19.794,-6.23,1.38,0.2305,0.7623,-0.9180,9.0391,0.67,4.34,4.20,1
19.814,-6.08,1.38,0.9961,0.7504,-0.4961,10.5312,0.70,4.34,4.20,1
19.825,-6.08,1.38,-0.8828,0.6545,-0.8047,7.4687,0.70,4.34,4.20,1
19.843,-6.08,1.38,0.8828,0.3598,-0.7266,10.1914,0.70,4.34,4.20,1
19.862,-6.08,1.38,0.1133,0.3678,-1.3008,9.3437,0.70,4.34,4.20,1
19.882,-6.08,1.38,0.6523,0.4149,-1.1484,10.0352,0.70,4.34,4.20,1
19.893,-6.08,1.38,0.6523,0.4514,-1.1484,10.0352,0.70,4.34,4.20,1
19.915,-6.08,1.38,0.1914,0.5140,-0.9961,9.0000,0.70,4.34,4.20,1
19.934,-6.08,1.38,0.4609,0.4441,-0.9961,9.8477,0.70,4.34,4.20,1
19.944,-6.08,1.38,0.4609,0.4467,-0.9961,9.8477,0.70,4.34,4.20,1
19.973,-5.82,1.36,-0.7266,0.0985,-0.9180,8.4219,0.70,4.34,4.20,1
19.983,-5.82,1.36,0.5352,0.0727,-1.0352,10.1484,0.70,4.34,4.20,1
19.995,-5.82,1.36,-0.2695,0.1107,-1.1094,8.9258,0.70,4.34,4.20,1
20.015,-5.82,1.36,0.8438,0.0919,-0.7266,10.4531,0.70,4.34,4.20,1
20.033,-5.82,1.36,-0.0781,0.1442,-0.8828,9.3477,0.70,4.34,4.20,1
20.046,-5.82,1.36,0.7656,0.1776,-0.8828,10.1133,0.70,4.34,4.20,1
20.064,-5.55,1.37,0.7656,0.3443,-0.8828,10.1133,0.70,4.34,4.20,1
20.082,-5.55,1.37,0.9180,0.4975,-0.7656,10.5352,0.70,4.34,4.20,1
20.113,-5.37,1.40,0.1133,0.1072,-1.1484,9.9258,0.70,4.34,4.20,1
20.114,-5.37,1.40,0.1133,0.1072,-1.1484,9.9258,0.70,0.00,4.20,1
20.142,-5.37,1.40,-0.3437,-0.0700,-0.8047,8.5781,0.70,0.00,0.00,1
20.154,-5.37,1.40,0.3047,-0.0602,-0.5352,9.6875,0.70,0.00,0.00,1
20.165,-5.37,1.40,-0.1523,-0.0160,-0.9961,8.6953,0.70,0.00,0.00,1
20.183,-5.37,1.40,0.9570,0.0341,-0.5352,10.2656,0.70,0.00,0.00,1
20.202,-5.37,1.40,-0.1523,0.1032,-0.9180,8.8125,0.70,0.00,0.00,1
20.222,-5.37,1.40,0.6133,0.2002,-0.9961,9.4648,0.69,0.00,0.00,1
20.234,-5.37,1.40,-0.0391,0.1634,-0.6523,8.4219,0.69,0.00,0.00,1
20.253,-5.37,1.40,0.6523,0.2474,-0.6914,9.3828,0.69,0.00,0.00,1
20.283,-4.61,1.36,0.1133,0.0958,-0.6914,9.3086,0.69,0.00,0.00,1
20.284,-4.61,1.36,0.1133,0.0958,-0.6914,9.3086,0.69,0.00,0.00,1
20.313,-4.46,1.30,-0.3437,-0.0104,-0.0781,8.2773,0.69,0.00,0.00,1
20.323,-4.46,1.30,0.4219,-0.0004,-0.0781,9.5000,0.69,0.00,0.00,1
20.344,-4.33,1.26,-0.0391,0.0416,-0.1914,8.9258,0.69,0.00,0.00,1
20.355,-4.33,1.26,1.4570,0.1489,0.0391,10.9141,0.69,0.00,0.00,1
20.374,-4.22,1.27,-0.3437,0.1963,-0.6133,8.5820,0.69,0.00,0.00,1
20.386,-4.22,1.27,1.3789,0.2146,-0.7266,10.8359,0.69,0.00,0.00,1
20.404,-4.22,1.27,0.4219,0.4682,-0.6914,9.5430,0.69,0.00,0.00,1
20.422,-4.22,1.27,-0.1914,0.3167,-0.8828,8.6172,0.33,0.00,0.00,1
20.444,-4.22,1.27,-1.5313,0.2622,-0.1523,7.5078,0.33,0.00,0.00,1
20.454,-4.22,1.27,-1.5313,-0.0133,-0.1523,7.5078,0.33,0.00,0.00,1
20.475,-4.22,1.27,1.9531,0.1067,0.4219,12.3750,0.33,0.00,0.00,1
20.494,-4.22,1.27,-0.8047,0.4097,-0.8828,8.6992,0.33,0.00,0.00,1
20.514,-3.76,1.08,-0.0391,0.1651,0.4219,9.8086,0.33,0.00,0.00,1
20.525,-3.76,1.08,0.0391,0.1262,-0.5352,9.5820,0.33,0.00,0.00,1
20.544,-3.76,1.08,1.9141,0.2515,0.8047,12.4102,0.33,0.00,0.00,1
20.562,-3.76,1.08,-0.6523,0.2503,-0.2695,8.0430,0.33,0.00,0.00,1
20.574,-3.76,1.08,-0.2305,0.1454,-0.0781,9.3086,0.33,0.00,0.00,1
20.593,-3.76,1.08,-0.1523,0.0346,-0.3437,8.5430,0.33,0.00,0.00,1
20.612,-3.76,1.08,1.7617,0.4052,-0.2305,11.3789,0.37,0.00,0.00,1
20.624,-3.76,1.08,-0.3437,0.2394,-0.5742,8.5391,0.37,0.00,0.00,1
20.642,-3.76,1.08,0.4609,0.2521,0.1914,9.8828,0.37,0.00,0.00,1
20.665,-3.70,1.12,0.8047,0.1817,-0.2695,10.2266,0.37,0.00,0.00,1
20.675,-3.70,1.12,0.8047,0.2774,-0.2695,10.2266,0.37,0.00,0.00,1
20.695,-3.70,1.12,0.0781,0.1573,-0.8828,9.3047,0.37,0.00,0.00,1
20.715,-3.70,1.12,-0.2695,0.1070,-1.0742,8.5000,0.37,0.00,0.00,1
20.732,-3.70,1.12,-0.8438,-0.1484,-0.9180,7.8555,0.37,0.00,0.00,1
20.744,-3.70,1.12,0.5352,-0.1449,-0.5742,10.0352,0.37,0.00,0.00,1
20.764,-3.70,1.12,-0.5352,-0.1500,-1.5313,8.5781,0.37,0.00,0.00,1
20.783,-3.70,1.12,0.6914,0.0123,-0.4609,10.5352,0.37,0.00,0.00,1
20.794,-3.70,1.12,-0.3047,-0.0364,-1.3398,8.8828,0.37,0.00,0.00,1
20.813,-3.70,1.12,-0.6914,-0.2135,-0.7656,8.1211,0.24,0.00,0.00,1
20.835,-3.70,1.12,-0.0781,-0.1086,-0.8047,9.4258,0.24,0.00,0.00,1
20.845,-3.70,1.12,-0.0781,-0.1039,-0.8047,9.4258,0.24,0.00,0.00,1
20.873,-3.12,0.97,-0.6133,-0.1450,-0.4961,9.3477,0.24,0.00,0.00,1
20.883,-3.12,0.97,0.3828,-0.1372,-0.9961,10.1484,0.24,0.00,0.00,1
20.903,-3.12,0.97,0.2305,0.0063,-0.4961,10.3437,0.24,0.00,0.00,1
20.914,-3.12,0.97,0.5742,0.0683,-0.4609,11.1133,0.24,0.00,0.00,1
20.934,-2.85,1.01,-1.1484,-0.1405,0.0781,8.3906,0.24,0.00,0.00,1
20.953,-2.85,1.01,-0.4961,-0.3397,0.3828,9.2656,0.24,0.00,0.00,1
20.964,-2.85,1.01,-1.4922,-0.4434,0.1133,8.1172,0.24,0.00,0.00,1
20.985,-2.66,1.01,-0.6133,-0.6065,0.2695,9.1211,0.24,0.00,0.00,1
21.004,-2.66,1.01,0.3437,-0.4694,-0.4609,10.4531,0.24,0.00,0.00,1
21.015,-2.66,1.01,0.3437,-0.3445,-0.4609,10.4531,0.24,0.00,0.00,1
21.035,-2.66,1.01,-0.1523,-0.3524,0.0391,9.1953,0.24,0.00,0.00,1
21.054,-2.66,1.01,-0.3437,-0.3109,0.0781,9.1211,0.24,0.00,0.00,1
21.074,-2.43,0.98,-0.8438,-0.4328,0.5742,8.1992,0.24,0.00,0.00,1
21.093,-2.39,0.96,-0.1133,-0.4112,-0.1133,9.4648,0.24,0.00,0.00,1
21.104,-2.39,0.96,-0.4609,-0.3933,-0.3047,8.7734,0.24,0.00,0.00,1
21.122,-2.39,0.96,0.3437,-0.2383,-0.0781,9.5039,0.24,0.00,0.00,1
21.135,-2.39,0.96,0.2695,-0.1548,-0.3047,9.3086,0.24,0.00,0.00,1
21.153,-2.39,0.96,0.9570,0.1420,-0.3047,10.3086,0.24,0.00,0.00,1
21.175,-2.39,0.96,0.4219,0.0812,0.0000,9.9258,0.24,0.00,0.00,1
21.185,-2.39,0.96,0.4219,0.1335,0.0000,9.9258,0.24,0.00,0.00,1
21.202,-2.39,0.96,-1.3398,-0.1746,-0.5742,7.4687,0.24,0.00,0.00,1
21.225,-2.27,0.91,-0.1523,-0.0335,-0.6133,8.9219,0.17,0.00,0.00,1
21.243,-2.27,0.91,-0.1133,-0.0641,-0.3828,9.2305,0.17,0.00,0.00,1
21.255,-2.27,0.91,0.6133,-0.0169,-0.1914,10.4180,0.17,0.00,0.00,1
21.275,-2.27,0.91,-0.6133,0.0637,-0.6523,8.3125,0.17,0.00,0.00,1
21.293,-2.27,0.91,0.4219,0.0620,0.1133,9.9258,0.17,0.00,0.00,1
21.304,-2.27,0.91,-0.5352,0.0407,0.0781,8.1953,0.17,0.00,0.00,1
21.322,-2.27,0.91,0.0000,-0.0372,-0.2695,9.3477,0.17,0.00,0.00,1
21.342,-2.27,0.91,0.8438,0.1601,0.0391,10.7656,0.17,0.00,0.00,1
21.355,-2.18,0.81,-0.7656,-0.0448,-0.8828,7.8125,0.17,0.00,0.00,1
21.373,-2.18,0.81,0.8438,0.0657,0.2305,10.6523,0.17,0.00,0.00,1
21.395,-2.18,0.81,-0.3828,-0.1108,-0.4219,8.8164,0.17,0.00,0.00,1
21.406,-2.18,0.81,-0.3828,-0.1526,-0.4219,8.8164,0.17,0.00,0.00,1
21.424,-2.18,0.81,-1.5703,-0.1125,-0.6914,6.8516,0.17,0.00,0.00,1
21.444,-2.18,0.81,1.4922,-0.2809,0.4219,11.2578,0.17,0.00,0.00,1
21.462,-2.18,0.81,0.9570,0.2051,-0.4219,10.0703,0.17,0.00,0.00,1
21.474,-2.18,0.81,-0.6523,0.1919,-0.1914,8.8164,0.17,0.00,0.00,1
21.495,-2.12,0.69,-1.1875,-0.2144,-0.4609,7.4297,0.17,0.00,0.00,1
21.513,-2.12,0.69,1.0352,-0.0542,-0.3047,10.6523,0.17,0.00,0.00,1
21.525,-2.12,0.69,1.1484,0.1222,-0.3828,10.1523,0.17,0.00,0.00,1
21.543,-2.08,0.57,0.2305,0.2689,-0.3437,9.5391,0.17,0.00,0.00,1
21.565,-2.08,0.57,1.7227,-0.0146,-0.2695,11.4922,0.17,0.00,0.00,1
21.583,-2.08,0.57,0.7656,0.4016,-0.3047,10.0039,0.17,0.00,0.00,1
21.603,-2.03,0.53,1.3789,0.6614,-0.2305,11.1133,0.17,0.00,0.00,1
21.615,-2.03,0.53,-2.1055,0.4929,-0.1914,6.3594,0.11,0.00,0.00,1
21.634,-1.97,0.50,0.1133,0.0981,-0.6133,9.5039,0.11,0.00,0.00,1
21.645,-1.97,0.50,0.2695,0.1139,-0.2695,9.5820,0.11,0.00,0.00,1
21.664,-1.97,0.50,0.1914,0.1518,-0.4961,9.3086,0.11,0.00,0.00,1
21.682,-1.97,0.50,1.7617,0.5128,0.0000,11.6836,0.11,0.00,0.00,1
21.695,-1.97,0.50,-0.2695,0.5422,-0.3437,8.7383,0.11,0.00,0.00,1
21.713,-1.97,0.50,1.0352,0.5542,0.2695,10.4922,0.11,0.00,0.00,1
21.732,-1.97,0.50,-0.6523,0.3171,-0.4961,7.9727,0.11,0.00,0.00,1
21.762,-1.97,0.50,1.5313,0.4104,-0.1914,11.3750,0.11,0.00,0.00,1
21.773,-1.80,0.52,-1.4180,0.0057,-0.3437,7.2344,0.11,0.00,0.00,1
21.784,-1.80,0.52,0.8047,-0.1315,0.1523,9.4609,0.11,0.00,0.00,1
21.805,-1.80,0.52,0.4609,0.1065,-0.2305,9.2266,0.11,0.00,0.00,1
21.815,-1.80,0.52,-0.8438,0.0806,-0.3828,7.1289,0.11,0.00,0.00,1
21.835,-1.80,0.52,1.4922,0.0053,-0.1914,10.5312,0.07,0.00,0.00,1
21.853,-1.80,0.52,0.7266,0.3428,-0.3437,8.9648,0.07,0.00,0.00,1
21.865,-1.80,0.52,-0.1133,0.3345,-0.2305,8.3906,0.07,0.00,0.00,1
21.882,-1.80,0.52,1.7227,0.5882,0.3047,10.0352,0.07,0.00,0.00,1
21.902,-1.80,0.52,1.1484,0.7828,-0.3828,9.2266,0.07,0.00,0.00,1
21.925,-1.71,0.48,1.8398,0.7064,-0.0391,10.0312,0.07,0.00,0.00,1
21.933,-1.71,0.48,1.8398,0.8805,-0.0391,10.0312,0.07,0.00,0.00,1
21.955,-1.71,0.48,0.9180,1.0320,0.0000,8.9219,0.07,0.00,0.00,1
21.975,-1.71,0.48,2.8711,1.1559,-0.0391,11.3789,0.07,0.00,0.00,1
21.985,-1.71,0.48,0.9961,1.3855,-0.3047,8.6992,0.07,0.00,0.00,1
22.003,-1.71,0.48,1.3398,1.3026,0.4219,9.6133,0.07,0.00,0.00,1
22.022,-1.71,0.48,3.1016,1.7052,-0.4219,11.3359,0.07,0.00,0.00,1
22.035,-1.71,0.48,1.0352,1.7543,0.5742,8.6992,0.07,0.00,0.00,1
22.055,-1.79,-0.00,1.4570,1.6025,0.1523,9.6094,0.07,0.00,0.00,1
22.073,-1.79,-0.00,3.1016,1.9169,-0.1523,11.4180,0.07,0.00,0.00,1
22.095,-1.79,-0.00,0.6914,1.7072,-0.4219,8.1953,0.07,0.00,0.00,1
22.105,-1.79,-0.00,0.6914,1.5512,-0.4219,8.1953,0.07,0.00,0.00,1
22.125,-1.79,-0.00,1.6094,1.7681,-0.3828,9.2695,0.07,0.00,0.00,1
22.143,-1.79,-0.00,-0.2695,1.5728,-0.5742,7.6250,0.07,0.00,0.00,1
22.155,-1.79,-0.00,1.6484,1.3185,-0.1523,9.8828,0.07,0.39,0.40,1
22.174,-1.79,-0.00,1.8398,1.4274,-0.4609,9.7305,0.07,0.39,0.40,1
22.194,-2.10,-0.17,-0.1914,1.1185,-1.0742,7.4297,0.07,0.39,0.40,1
22.205,-2.10,-0.17,1.2266,0.9420,-0.3437,7.2070,0.07,0.39,0.40,1
22.225,-2.10,-0.17,2.7187,1.1421,-0.3047,10.8359,0.26,0.39,0.40,1
22.242,-2.10,-0.17,1.4922,1.4081,-0.6914,9.0820,0.26,11.74,10.87,1
22.265,-2.10,-0.17,3.0664,1.2589,-0.5352,10.9922,0.26,11.74,10.87,1
22.273,-2.10,-0.17,3.0664,1.5365,-0.5352,10.9922,0.26,11.74,10.87,1
22.292,-2.10,-0.17,4.4453,2.2756,-0.2695,13.3672,0.26,11.74,10.87,1
22.315,-2.10,-0.17,-0.5352,1.4326,-0.5352,6.2852,0.26,13.86,13.80,1
22.324,-2.10,-0.17,-0.5352,1.1303,-0.5352,6.2852,0.26,13.86,13.80,1
22.345,-2.30,-0.33,5.3633,2.3396,-0.2305,12.0234,0.26,13.86,13.80,1
22.364,-2.30,-0.33,0.2695,2.7896,-0.4609,5.3203,0.26,17.38,13.80,1
22.375,-2.30,-0.33,0.9570,2.2869,-0.1133,7.2734,0.26,17.38,17.03,1
22.395,-2.30,-0.33,5.0547,2.2376,-1.2656,11.8008,0.26,17.38,17.03,1
22.413,-2.30,-0.33,4.7500,3.1305,-0.6523,10.9141,0.76,20.90,17.03,1
22.426,-2.30,-0.33,1.1094,3.0880,-1.0742,7.6992,0.76,20.90,20.45,1
22.443,-2.37,-0.84,1.1094,2.5269,-1.0742,7.6992,0.76,20.90,20.45,1
22.463,-2.37,-0.84,5.0547,2.9980,-0.8047,12.2578,0.76,23.60,22.64,1
22.485,-2.37,-0.91,0.6914,2.8104,-0.7656,7.4297,0.76,23.60,22.64,1
22.494,-2.37,-0.91,0.6914,2.4849,-0.7656,7.4297,0.76,25.49,22.64,1
22.515,-2.37,-0.91,3.2187,2.5903,-0.3047,10.4141,0.76,25.49,25.23,1
22.534,-2.37,-0.91,0.3047,2.5354,-1.1094,6.4375,0.76,27.96,25.23,1
22.545,-2.37,-0.91,2.7969,2.2411,-0.2695,10.8359,0.76,27.96,26.20,1
22.564,-2.37,-0.91,2.9883,2.4140,-1.0742,9.4648,0.76,28.69,26.20,1
22.583,-2.37,-0.91,0.7656,2.1179,-0.2305,6.9727,0.76,28.69,28.44,1
22.603,-2.37,-0.91,2.3750,2.0906,-0.5742,10.7305,0.76,30.98,28.44,1
22.615,-2.33,-1.31,3.4492,2.3912,-0.4609,10.0312,1.67,30.98,29.44,1
22.633,-2.33,-1.31,1.6836,2.3612,-0.4961,8.5000,1.67,31.12,29.44,1
22.665,-2.29,-1.41,2.9102,2.5976,-0.9180,9.8437,1.67,31.12,31.45,1
22.665,-2.29,-1.41,2.9102,2.5976,-0.9180,9.8437,1.67,33.88,32.40,1
22.685,-2.29,-1.41,3.9844,2.7750,0.1523,10.7305,1.67,33.88,32.40,1
22.703,-2.29,-1.41,3.2578,3.0598,-0.9180,10.0703,1.67,34.31,34.56,1
22.715,-2.29,-1.41,3.4492,3.1190,0.1914,10.1133,1.67,36.55,34.56,1
22.735,-2.29,-1.41,4.1367,3.2676,-0.8047,11.3750,1.67,36.55,35.55,1
22.754,-2.24,-1.33,2.6055,3.2250,-0.1914,7.7773,1.67,37.58,35.55,1
22.766,-2.24,-1.33,3.9453,3.1951,0.3047,10.9531,1.67,39.90,37.83,1
22.783,-2.24,-1.33,1.9141,3.2454,-0.6914,7.5117,1.67,39.90,38.70,1
22.803,-2.24,-1.33,1.8398,2.7751,-0.0391,7.2734,1.67,40.93,38.70,1
22.825,-2.24,-1.33,0.4961,2.5905,-0.2305,5.7031,2.89,43.13,40.60,1
22.834,-2.24,-1.33,0.4961,2.2688,-0.2305,5.7031,2.89,43.09,41.56,1
22.855,-2.24,-1.33,4.0977,2.4600,-0.8828,10.1523,2.89,43.09,41.56,1
22.874,-2.24,-1.33,3.4844,2.8754,0.0781,11.0742,2.89,45.75,43.54,1
22.885,-2.24,-1.33,3.4844,2.9689,0.0781,11.0742,2.89,46.10,43.75,1
22.905,-2.17,-1.71,3.2930,3.3856,-0.3437,9.2695,2.89,47.93,46.23,1
22.925,-2.17,-1.71,3.7148,3.3931,-0.8438,11.0703,2.89,48.54,46.13,1
22.942,-2.17,-1.71,0.1523,2.7144,-0.6133,5.6328,2.89,50.03,48.73,1
22.955,-2.17,-1.71,0.9961,2.3883,-0.4961,7.6992,2.89,50.03,48.73,1
22.973,-2.17,-1.71,2.5273,2.2526,-0.9961,8.8437,2.89,50.93,48.50,1
22.995,-2.17,-1.71,4.7891,2.4803,-0.6523,11.3359,2.89,52.22,50.53,1
23.004,-2.17,-1.71,4.7891,2.8349,-0.6523,11.3359,2.26,52.68,51.35,1
23.023,-2.17,-1.71,4.1367,3.2447,-0.1133,10.0000,2.26,54.68,53.60,1
23.045,-2.10,-1.81,2.1055,3.3611,-1.1484,7.5078,2.26,55.71,53.62,1
23.055,-2.10,-1.81,2.1055,3.1682,-1.1484,7.5078,2.26,57.42,56.03,1
23.082,-2.10,-1.81,1.8398,2.4221,-1.3398,7.5469,2.26,57.70,56.27,1
23.095,-2.10,-1.81,2.1445,2.3570,0.4961,8.0391,2.26,60.34,57.58,1
23.106,-2.10,-1.81,5.6680,2.5919,-1.8398,11.6445,2.26,59.65,58.29,1
23.124,-2.10,-1.81,5.4023,3.4430,0.2305,11.3398,2.26,61.78,58.29,1
23.143,-2.10,-1.81,4.5977,3.9329,-0.5742,11.6016,2.26,61.72,59.50,1
23.162,-2.10,-1.81,1.6094,3.4601,-1.2656,6.4375,2.26,63.53,62.44,1
23.174,-1.79,-2.27,0.8828,2.8897,0.2695,6.7070,2.26,63.69,62.44,1
23.194,-1.79,-2.27,2.2617,2.5107,-0.6523,7.7734,2.26,65.51,63.28,1
23.215,-1.79,-2.27,5.1719,2.8296,0.1523,10.3828,7.17,67.41,64.42,1
23.225,-1.79,-2.27,5.1719,3.1894,0.1523,10.3828,7.17,67.18,65.66,1
23.245,-1.79,-2.27,4.6367,3.8224,-0.1523,10.0000,7.17,69.88,65.92,1
23.264,-1.79,-2.27,4.4453,4.0381,-0.6914,8.8125,7.17,68.87,68.19,1
23.284,-1.53,-2.03,3.4844,3.9642,0.0391,7.1680,7.17,71.59,69.76,1
23.294,-1.53,-2.03,4.5195,3.9733,0.3828,9.8867,7.17,73.16,70.79,1
23.315,-1.42,-2.21,2.2617,3.6599,-0.0391,8.0820,7.17,75.47,73.51,1
23.333,-1.42,-2.21,2.3750,3.2083,1.0742,6.4375,7.17,77.72,77.51,1
23.344,-1.42,-2.21,4.8633,3.2794,-0.0391,8.5430,7.17,78.18,77.51,1
23.363,-1.37,-2.67,3.9844,3.6248,0.0781,9.3477,7.17,81.54,75.37,1
23.385,-1.37,-2.67,8.1992,4.6071,-0.6914,11.8359,7.17,83.02,81.57,1
23.395,-1.37,-2.67,8.1992,5.1589,-0.6914,11.8359,7.17,86.11,80.07,1
23.415,-1.37,-2.67,8.1602,5.6769,-0.2305,12.5664,9.46,84.92,83.49,1
23.435,-1.37,-2.67,6.2812,6.2308,-0.5742,9.7656,9.46,86.98,86.40,1
23.454,-1.38,-3.24,5.4766,6.0699,-0.7656,8.0391,9.46,90.66,84.27,1
23.465,-1.38,-3.24,4.6367,5.8714,-1.4922,9.3867,9.46,90.64,87.39,1
23.485,-1.38,-3.24,4.1367,5.4813,-1.2656,6.3633,9.46,91.28,90.63,1
23.503,-1.38,-3.24,4.9805,5.2096,-0.8047,11.8750,9.46,94.31,90.85,1
23.515,-1.38,-3.24,5.4414,5.2113,-1.9531,8.7383,9.46,95.57,92.64,1
23.532,-1.38,-3.24,0.9961,4.3059,-0.4961,5.4375,9.46,97.20,93.69,1
23.552,-1.38,-3.24,4.9805,4.2490,-0.8828,8.8828,9.46,100.28,96.20,1
23.565,-1.38,-3.24,5.2109,4.4619,-1.5313,8.6992,9.46,100.54,99.77,1
23.582,-1.38,-3.24,1.6836,3.8937,-0.1523,4.4102,9.46,100.35,100.65,1
23.605,-1.32,-3.61,5.2852,4.2381,-2.3750,9.2695,9.46,104.29,103.62,1
23.616,-1.32,-3.61,5.2852,4.3989,-2.3750,9.2695,12.28,103.46,106.06,1
23.635,-1.32,-3.61,4.7109,4.4602,-0.3437,7.6289,12.28,107.20,102.81,1
23.655,-1.32,-3.61,0.6133,4.2035,-0.1523,5.8633,12.28,108.39,105.98,1
23.673,-1.32,-3.61,-1.6797,2.4721,0.2305,0.2305,12.28,107.96,109.00,1
23.684,-1.32,-3.61,2.6055,2.1772,0.4961,8.6953,12.28,107.82,110.46,1
23.703,-1.30,-4.27,3.2187,2.4589,-0.3047,17.1953,12.28,114.46,113.69,1
23.722,-1.30,-4.27,5.4414,3.1663,-0.1133,9.5391,12.28,119.52,112.18,1
23.735,-1.39,-4.46,6.5508,3.9153,0.7656,9.4219,12.28,118.99,112.28,1
23.753,-1.39,-4.46,2.9883,4.0254,0.0000,8.9258,12.28,120.58,116.28,1
23.775,-1.39,-4.46,10.5352,4.9460,-1.5313,14.7812,12.28,118.98,117.07,1
23.786,-1.39,-4.46,10.5352,5.8045,-1.5313,14.7812,12.28,118.85,116.69,1
23.805,-1.63,-4.10,-2.7969,5.0783,1.2656,-3.4453,12.28,118.85,116.69,1
23.824,-1.63,-4.10,5.2500,3.4886,1.0742,12.4062,15.32,119.13,119.47,1
23.843,-1.63,-4.10,5.5156,4.1479,-2.9883,10.7656,15.32,123.62,118.01,1
23.855,-1.63,-4.10,2.7187,4.1342,0.8828,7.6602,15.32,124.35,126.77,1
23.875,-1.93,-3.54,2.1445,3.5246,-1.0742,5.1758,15.32,130.02,123.03,1
23.893,-1.93,-3.54,3.3711,3.3255,-1.5313,8.7773,15.32,127.49,125.91,1
23.905,-1.93,-3.54,3.8672,3.3722,0.9570,8.8477,15.32,129.38,130.60,1
23.922,-1.93,-3.54,6.0508,4.0242,-2.6445,15.3984,15.32,135.41,125.83,1
23.945,-1.93,-3.54,8.4258,5.2407,-1.2656,18.0430,15.32,131.68,128.83,1
23.956,-1.93,-3.54,8.4258,5.7300,-1.2656,18.0430,15.32,136.61,137.61,1
23.975,-1.93,-3.54,-4.0937,3.6512,0.6523,-3.0664,15.32,137.19,132.52,1
23.994,-1.93,-3.54,11.1484,2.6740,0.8828,16.5508,15.32,138.43,139.43,1
24.014,-2.76,-3.69,-6.0508,1.7567,-4.2891,-13.5664,18.76,143.20,140.33,1
24.025,-2.76,-3.69,-1.0352,0.4301,2.9844,-2.1055,18.76,143.04,146.67,1
24.044,-2.76,-3.69,9.0391,0.8205,-5.0195,22.2617,18.76,149.28,141.98,1
24.063,-2.76,-3.69,14.1719,4.7583,-1.9922,21.2969,18.76,143.74,144.49,1
24.075,-2.76,-3.69,13.3711,6.1402,1.4180,20.6484,18.76,147.19,139.51,1
24.093,-2.76,-3.69,2.3359,6.1631,-4.5586,8.1562,18.76,151.70,144.70,1
24.115,-2.76,-3.69,1.4570,4.3904,-2.6797,6.1680,18.76,152.32,143.68,1
24.126,-2.76,-3.69,1.4570,3.9398,-2.6797,6.1680,18.76,153.28,151.01,1
24.143,-3.42,-4.75,4.1758,3.8374,-3.1016,7.9687,18.76,153.61,151.01,1
24.172,-3.46,-4.78,5.2109,4.5065,-3.8320,10.9180,18.76,152.65,148.43,1
24.184,-3.46,-4.78,3.2187,4.4553,2.4141,7.4727,18.76,153.30,151.88,1
24.195,-3.46,-4.78,4.2148,4.2614,-4.2148,8.8125,18.76,153.75,151.24,1
24.214,-3.46,-4.78,2.6797,4.1254,2.2969,6.5469,21.96,158.73,152.65,1
24.233,-3.46,-4.78,3.1406,3.7345,-1.2656,10.0703,21.96,156.01,151.38,1
24.245,-3.46,-4.78,4.8633,3.7811,-1.8398,11.2187,21.96,160.10,152.98,1
24.263,-3.46,-4.78,5.6328,4.3203,1.4922,13.0664,21.96,161.11,157.21,1
24.282,-3.46,-4.78,4.9023,4.5309,-2.2617,13.5977,21.96,158.83,155.06,1
24.305,-3.70,-4.72,1.8789,3.9550,-2.6445,8.0391,21.96,165.23,158.73,1
24.313,-3.70,-4.72,1.8789,3.6361,-2.6445,8.0391,21.96,166.58,162.81,1
24.335,-3.70,-4.72,4.4453,3.1175,-1.7617,7.5859,21.96,164.61,161.21,1
24.355,-3.70,-4.72,2.4141,3.3316,-0.1914,6.5117,21.96,166.44,161.63,1
24.365,-3.70,-4.72,2.0703,3.1010,-0.5742,10.7695,21.96,169.29,165.67,1
24.385,-3.70,-4.72,3.6406,2.9343,-1.2656,7.9336,21.96,171.44,161.97,1
24.404,-3.70,-4.72,2.7578,2.9797,0.7266,11.4570,21.96,168.98,163.00,1
24.416,-3.70,-4.72,2.9492,2.9459,-1.8008,12.2617,24.48,167.73,163.32,1
24.434,-3.70,-4.72,3.4102,3.0177,-0.6133,14.0586,24.48,167.31,158.73,1
24.454,-3.70,-4.72,2.2227,2.8887,-2.4883,12.1055,24.48,163.21,161.11,1
24.466,-3.70,-4.72,-2.2227,2.4307,-3.0273,6.6250,24.48,162.21,162.47,1
24.484,-3.58,-4.36,-4.6758,0.5681,-0.4609,0.2695,24.48,162.21,162.47,1
24.505,-3.58,-4.36,0.9961,0.0851,0.9180,9.9219,24.48,167.95,162.73,1
24.524,-3.58,-4.36,0.5352,0.3066,1.3008,9.2266,24.48,167.62,164.10,1
24.536,-3.58,-4.36,-7.5078,-0.2862,-1.1094,-0.7266,24.48,169.84,161.21,1
24.555,-3.58,-4.36,-2.8359,-1.9606,1.2266,6.1250,24.48,171.20,163.13,1
24.575,-3.19,-4.20,3.0664,-0.9527,-1.3008,14.5937,24.48,172.27,164.31,1
24.585,-3.19,-4.20,0.2305,-0.2901,0.3437,8.5391,24.48,173.64,161.19,1
24.605,-3.19,-4.20,-0.8438,-0.2284,-1.0742,8.8164,24.48,171.35,162.05,1
24.622,-3.19,-4.20,-0.1133,-0.2765,-0.1523,10.0312,27.00,174.19,164.04,1
24.645,-3.19,-4.20,-1.4570,0.0144,-2.0703,5.4023,27.00,173.58,164.45,1
24.653,-3.19,-4.20,-1.4570,-0.2116,-2.0703,5.4023,27.00,171.76,166.83,1
24.676,-3.19,-4.20,7.2383,0.2622,0.2695,11.8789,27.00,175.72,169.98,1
24.695,-3.19,-4.20,10.0742,2.4676,-1.8789,15.2422,27.00,179.66,172.80,1
24.704,-3.19,-4.20,10.0742,3.6360,-1.8789,15.2422,27.00,183.49,171.79,1
24.725,-2.64,-5.84,0.1523,4.9196,-3.1406,5.1328,27.00,187.09,177.34,1
24.745,-2.64,-5.84,2.1055,3.7238,1.8789,7.6562,27.00,185.32,176.12,1
24.755,-2.64,-5.84,4.2539,3.5375,0.3437,12.3398,27.00,187.20,175.41,1
24.775,-2.64,-5.84,5.5547,3.8448,-2.4531,12.5625,27.00,188.47,178.13,1
24.792,-2.64,-5.84,0.3437,3.2745,2.1055,4.3281,27.00,182.92,178.76,1
24.806,-2.64,-5.84,0.1133,2.8059,-2.8359,11.6797,28.43,185.91,175.38,1
24.823,-2.64,-5.84,5.3633,2.8486,0.3047,13.7109,28.43,185.91,184.06,1
24.842,-2.64,-5.84,6.2422,3.7563,1.2656,13.4883,28.43,190.01,181.72,1
24.866,-2.01,-7.15,-0.8867,2.9639,0.6914,0.1133,28.43,187.62,188.64,1
24.874,-2.01,-7.15,-0.8867,2.3724,0.6914,0.1133,28.43,187.90,180.73,1
24.896,-2.01,-7.15,7.0469,2.7470,0.5352,15.4414,28.43,192.38,183.76,1
24.915,-2.01,-7.15,6.2070,3.8993,3.2187,9.9258,28.43,189.90,182.88,1
24.925,-2.01,-7.15,1.0352,3.9963,-5.1719,9.0781,28.43,192.20,185.46,1
24.944,-2.01,-7.15,0.8828,3.1443,2.4141,4.1719,28.43,186.78,187.37,1
24.963,-2.01,-7.15,6.9336,3.7124,-0.4961,16.1680,28.43,191.39,186.53,1
24.976,-2.01,-7.15,7.5078,4.2531,-1.8789,11.4570,28.43,190.33,194.86,1
24.995,-1.29,-8.96,0.7266,3.8619,5.7461,0.1133,28.43,190.37,186.92,1
25.013,-1.29,-8.96,-0.0781,2.6149,-4.7109,8.4219,29.17,196.00,189.61,1
25.035,-1.29,-8.96,8.8867,2.7337,0.8047,20.3398,29.17,192.83,188.93,1
25.044,-1.29,-8.96,8.8867,3.6788,0.8047,20.3398,29.17,200.24,186.92,1
25.065,-1.29,-8.96,-0.6914,4.5091,5.5977,0.7266,29.17,195.08,189.57,1
25.083,-1.29,-8.96,-0.9180,3.0161,-4.2539,7.8945,29.17,199.64,190.88,1
25.095,-1.29,-8.96,0.6133,2.2679,1.1094,4.9414,29.17,198.61,193.27,1
25.114,-1.29,-8.96,5.0547,2.1540,-1.2266,13.4492,29.17,198.53,193.09,1
25.133,-1.66,-10.20,3.7930,2.8636,-1.6836,12.0273,29.17,205.00,199.56,1
25.146,-1.66,-10.20,1.5313,2.8884,3.8320,5.4766,29.17,203.17,200.24,1
25.175,-1.97,-10.56,1.6836,2.2041,1.4180,4.9414,29.17,208.64,199.56,1
25.183,-1.97,-10.56,1.6836,2.1241,1.4180,4.9414,29.17,205.34,196.23,1
25.205,-1.97,-10.56,3.4844,2.2277,-0.7266,12.9883,29.17,206.78,198.93,1
25.214,-1.97,-10.56,3.4844,2.4208,-0.7266,12.9883,31.08,206.06,196.62,1
25.244,-2.54,-10.99,1.9141,2.8411,-3.2578,13.6719,31.08,208.03,195.54,1
25.254,-2.54,-10.99,-4.0977,2.2177,-0.6914,4.0234,31.08,206.53,195.16,1
25.265,-2.54,-10.99,-4.0977,1.2477,-0.6914,4.0234,31.08,202.06,194.44,1
25.285,-2.77,-10.88,2.2227,-0.1708,-1.4570,11.8359,31.08,206.14,194.78,1
25.305,-2.77,-10.88,1.8008,0.4743,-3.0664,10.9961,31.08,205.93,194.33,1
25.316,-2.77,-10.88,-4.3672,0.2744,-2.9102,8.5781,31.08,207.43,185.12,1
25.335,-2.77,-10.88,-3.5234,-0.9745,0.6133,14.5547,31.08,202.84,174.06,1
25.353,-2.77,-10.88,-4.1367,-1.9792,-1.7617,7.8125,31.08,197.04,192.94,1
25.375,-2.77,-10.88,-5.2852,-3.1494,6.4023,4.9023,31.08,199.92,191.98,1
25.384,-2.77,-10.88,-5.2852,-3.4775,6.4023,4.9023,31.08,194.86,190.77,1
25.403,-2.77,-10.88,-6.1250,-4.1760,-3.2578,4.1758,31.08,206.65,189.57,1
25.425,-3.24,-10.21,3.0664,-2.4191,-2.5664,11.2578,33.45,203.50,190.69,1
25.435,-3.24,-10.21,3.0664,-1.5766,-2.5664,11.2578,33.45,206.65,189.68,1
25.455,-3.24,-10.21,-3.7930,-0.5353,-0.6914,6.4023,33.45,206.65,188.71,1
25.474,-3.24,-10.21,-3.2578,-1.4164,0.7266,7.2383,33.45,204.46,189.21,1
25.486,-3.24,-10.21,-2.1836,-1.7380,-0.5352,10.0000,33.45,204.12,188.15,1
25.504,-3.24,-10.21,2.7187,-1.4722,-2.5273,15.3984,33.45,202.84,191.24,1
25.523,-3.24,-10.21,2.2227,-0.1532,-1.5703,13.8320,33.45,203.29,191.79,1
25.543,-3.24,-10.21,-2.7578,-0.5816,-3.5625,6.5898,33.45,201.73,192.20,1
25.554,-3.86,-11.23,-4.5195,-1.4531,-0.5742,5.4414,33.45,202.18,192.60,1
25.575,-3.86,-11.23,-4.1758,-2.4224,-1.9531,5.6641,33.45,203.33,192.16,1
25.595,-3.86,-11.23,2.4883,-1.6058,-0.4609,14.2500,33.45,202.80,190.91,1
25.605,-3.86,-11.23,2.4883,-0.9770,-0.4609,14.2500,34.15,202.55,187.06,1
25.626,-3.86,-11.23,-4.7109,-0.9951,-0.1133,5.0586,34.15,200.84,187.76,1
25.644,-3.86,-11.23,-4.0625,-1.9971,-1.9141,5.9375,34.15,199.32,185.87,1
25.656,-3.86,-11.23,0.6133,-2.0801,-0.3047,11.4570,34.15,198.73,185.32,1
25.674,-3.86,-11.23,3.1797,-1.1109,-0.4961,13.1719,34.15,198.29,184.98,1
25.695,-3.67,-11.81,-0.4609,-0.4539,-0.6133,9.0820,34.15,196.81,185.87,1
25.714,-3.67,-11.81,-4.7109,-1.3969,0.9570,4.9375,34.15,195.96,185.94,1
25.725,-3.67,-11.81,-4.6719,-1.9028,-0.4219,5.2852,34.15,193.91,186.08,1
25.743,-3.67,-11.81,1.9141,-1.3893,1.3008,13.8711,34.15,195.43,184.88,1
25.766,-3.67,-11.81,-0.4609,0.1323,0.8047,8.2344,34.15,193.76,182.12,1
25.775,-3.67,-11.81,-0.4609,0.0412,0.8047,8.2344,34.15,190.15,181.98,1
25.795,-3.67,-11.81,-1.9922,-1.3907,0.0391,7.9687,34.15,189.07,181.00,1
25.815,-3.67,-11.81,1.8398,-1.2547,0.1914,14.2109,32.93,191.98,183.08,1
25.834,-3.38,-11.97,1.3398,-0.3104,-1.6484,11.2227,32.93,190.62,183.05,1
25.845,-3.38,-11.97,-5.2852,-0.4752,-2.1055,6.0195,32.93,190.88,181.29,1
25.865,-3.38,-11.97,-7.0469,-1.9802,-1.1484,3.7148,32.93,188.25,178.22,1
25.883,-3.38,-11.97,0.8047,-1.9699,-1.9141,14.4414,32.93,186.71,176.87,1
25.895,-3.38,-11.97,3.8672,-1.2987,-1.6836,16.0469,32.93,191.02,178.51,1
25.914,-3.38,-11.97,-3.4844,-1.1646,-1.5313,4.5977,32.93,190.73,180.54,1
25.935,-3.38,-11.97,-2.3359,-3.0645,0.1523,9.7266,32.93,190.44,179.44,1
25.945,-3.38,-11.97,-2.3359,-2.9526,0.1523,9.7266,32.93,186.25,176.40,1
25.964,-3.38,-11.97,5.8242,-0.9718,0.3047,18.8047,32.93,190.04,174.89,1
25.985,-3.16,-12.48,-7.0508,-0.5040,1.2266,2.1836,32.93,185.94,176.62,1
25.996,-3.16,-12.48,-7.0508,-1.5096,1.2266,2.1836,32.93,184.81,178.13,1
26.023,-3.13,-12.78,3.6758,-1.2350,0.9961,16.3945,32.00,184.88,178.13,1
26.035,-3.13,-12.78,4.8281,-0.3885,0.8047,18.6992,32.00,184.23,174.61,1
26.053,-3.13,-12.78,-3.0664,-0.3572,-0.0781,9.2305,32.00,184.98,169.72,1
26.065,-3.13,-12.78,-5.8984,-0.9999,0.3047,4.5195,32.00,183.72,168.07,1
26.083,-3.13,-12.78,0.6133,-1.2288,-1.1484,13.3281,32.00,179.76,167.25,1
26.103,-3.13,-12.78,0.3437,-0.7660,-1.4570,12.7578,32.00,173.61,156.20,1
26.115,-3.20,-12.06,-6.2422,-1.9780,-0.3437,5.0547,32.00,171.70,152.04,1
26.133,-3.20,-12.06,-5.0156,-3.1603,-0.9570,4.1367,32.00,172.32,105.88,1
26.155,-3.20,-12.06,-7.5508,-2.9275,-2.0312,2.5664,32.00,175.81,78.90,1
26.166,-3.20,-12.06,-7.5508,-3.6376,-2.0312,2.5664,32.00,174.67,78.06,1
26.186,-3.15,-11.34,-2.9883,-3.4908,-2.7187,9.2656,32.00,176.87,78.06,1
26.204,-3.15,-11.34,-5.6328,-3.5599,4.7109,8.9219,32.00,176.65,78.06,1
26.223,-3.15,-11.34,-10.5352,-5.3515,-6.9727,-0.5742,31.02,178.09,78.06,1
26.234,-3.15,-11.34,-2.9492,-5.5408,6.7422,13.2109,31.02,177.40,78.06,1
26.254,-2.94,-11.36,-5.4414,-5.2089,-5.5937,7.1641,31.02,174.09,78.06,1
26.273,-2.94,-11.36,-2.4141,-4.6182,2.6445,11.6016,31.02,171.29,78.06,1
26.285,-2.94,-11.36,-1.9531,-4.2427,-4.2891,12.0664,31.02,173.46,78.06,1
26.304,-2.84,-11.57,-5.8984,-4.3353,-0.5352,6.5508,31.02,170.13,78.06,1
26.334,-2.76,-12.02,-3.5234,-5.1942,0.8438,10.1484,31.02,171.26,78.06,1
26.336,-2.76,-12.02,-3.5234,-5.1942,0.8438,10.1484,31.02,165.26,78.06,1
26.355,-2.76,-12.02,-2.7969,-4.5434,0.3437,12.2578,31.02,164.07,78.06,1
26.374,-2.76,-12.02,-1.8789,-3.9746,-1.0352,12.7578,31.02,164.04,78.06,1
26.395,-2.71,-12.27,-3.6758,-3.6578,-0.2305,9.9609,31.02,158.78,78.06,1
26.405,-2.71,-12.27,-2.9492,-3.6037,-3.7930,10.4961,31.02,157.83,78.06,1
26.425,-2.71,-12.27,-3.1406,-3.4334,-0.3047,10.5352,29.76,158.30,78.06,1
26.442,-2.71,-12.27,-3.6406,-3.4442,-2.6445,9.8437,29.76,154.77,78.06,1
26.455,-2.71,-12.27,-2.5273,-3.3853,0.8047,11.6445,29.76,151.84,78.06,1
26.473,-2.71,-12.27,-0.2695,-2.5932,0.5742,14.6758,29.76,154.77,78.06,1
26.496,-2.71,-12.27,-5.0547,-3.0340,3.7930,7.1289,29.76,149.97,78.06,1
26.506,-2.71,-12.27,-5.0547,-3.3444,3.7930,7.1289,29.76,151.03,78.06,1
26.523,-2.58,-12.14,-1.6094,-3.0670,0.3437,10.8398,29.76,151.03,78.06,1
26.545,-2.67,-12.16,-7.7734,-3.7557,0.7656,4.1367,29.76,148.77,78.06,1
26.564,-2.67,-12.16,-3.3320,-4.5399,-0.4609,10.3437,29.76,146.91,78.06,1
26.575,-2.67,-12.16,0.6523,-3.9538,-2.3750,13.8672,29.76,147.95,78.06,1
26.595,-2.67,-12.16,-1.0742,-2.7856,-3.6406,12.2617,29.76,143.10,78.06,1
26.614,-2.67,-12.16,-5.6328,-3.2110,-2.7187,6.7031,27.45,143.06,78.06,1
26.625,-2.67,-12.16,-6.9336,-3.6871,-2.4883,5.6328,27.45,138.95,78.06,1
26.643,-2.67,-12.16,-2.8711,-3.8948,-2.1055,11.4180,27.45,141.78,78.06,1
26.664,-2.67,-12.16,-1.3398,-3.2656,-2.3359,11.6797,27.45,136.71,0.00,1
26.676,-2.67,-12.16,-2.2969,-3.1168,-1.1484,12.1406,27.45,137.34,0.00,1
26.693,-2.67,-12.16,-5.4414,-3.5332,-2.3750,6.8906,27.45,134.23,0.00,1
26.716,-2.67,-12.16,-5.0547,-4.2228,-1.4180,7.2383,27.45,137.06,0.00,1
26.727,-2.67,-12.16,-5.0547,-4.3506,-1.4180,7.2383,27.45,132.15,0.00,1
26.745,-2.67,-12.16,-2.3359,-4.2411,-1.0352,12.5664,27.45,134.90,0.00,1
26.765,-2.67,-12.16,-3.1406,-3.7651,-3.2187,9.7266,27.45,127.10,0.00,1
26.783,-2.67,-12.16,-5.2109,-4.0104,-0.1914,7.8516,27.45,128.47,0.00,1
26.795,-2.67,-12.16,-4.2539,-4.1183,-3.0273,8.1602,27.45,125.47,0.00,1
26.814,-3.46,-12.13,-1.1875,-3.4859,-0.6133,11.9883,27.45,126.01,0.00,1
26.833,-3.46,-12.13,-2.7187,-3.0412,-1.9141,9.9219,24.98,124.92,0.00,1
26.846,-3.46,-12.13,-0.9961,-2.8539,-0.3047,12.7617,24.98,124.32,0.00,1
26.864,-3.46,-12.13,-3.2187,-2.8189,-0.3828,8.8828,24.98,122.59,0.00,1
26.885,-3.46,-12.13,-2.0312,-2.7504,-0.1523,11.5352,24.98,120.05,0.00,1
26.904,-3.46,-12.13,-1.8398,-2.5312,0.6914,12.2969,24.98,119.86,0.00,1
26.915,-3.46,-12.13,-3.1797,-2.4854,-0.1914,8.7734,24.98,116.35,0.00,1
26.934,-3.46,-12.13,-2.5664,-2.6332,1.0352,11.0742,24.98,115.05,0.00,1
26.955,-3.28,-11.71,-1.9922,-2.4834,-0.6133,10.6133,24.98,114.71,0.00,1
26.965,-3.28,-11.71,-2.4883,-2.4143,1.5703,11.8789,24.98,111.17,0.00,1
26.984,-3.28,-11.71,-4.1367,-2.5672,-0.3828,8.2734,24.98,111.57,0.00,1
27.004,-3.40,-11.74,-2.4883,-2.7374,-0.9180,10.1523,24.98,111.97,0.00,1
27.016,-3.40,-11.74,-3.0664,-2.7454,-1.1094,10.9570,22.11,108.59,0.00,1
27.034,-3.40,-11.74,-1.8008,-2.5748,0.0781,10.9180,22.11,106.89,0.00,1
27.055,-3.40,-11.74,-3.0664,-2.7088,1.6836,11.1523,22.11,105.41,0.00,1
27.074,-3.40,-11.74,-3.3711,-2.8346,0.6133,9.9609,22.11,104.35,0.00,1
27.084,-3.40,-11.74,-3.3711,-2.9170,0.6133,9.9609,22.11,104.78,0.00,1
27.105,-3.73,-11.68,-4.9023,-3.0737,0.0781,9.6914,22.11,104.42,0.00,1
27.125,-3.73,-11.68,-4.7109,-3.5770,-0.9570,8.3945,22.11,101.37,0.00,1
27.135,-3.73,-11.68,-4.4453,-3.8067,-0.7266,7.3516,22.11,99.30,0.00,1
27.155,-3.73,-11.68,-4.3281,-3.9784,-0.0781,8.3125,22.11,98.08,0.00,1
27.173,-3.73,-11.68,-3.4844,-3.9109,0.3437,10.5312,22.11,96.41,0.00,1
27.186,-3.73,-11.68,-5.6328,-4.0173,-0.5352,7.1680,22.11,95.48,0.00,1
27.203,-3.73,-11.68,-3.9062,-4.2103,0.1523,9.2305,22.11,95.48,0.00,1
27.223,-3.73,-11.68,-3.7930,-4.0990,-0.1133,8.5000,19.22,94.03,0.00,1
27.245,-3.91,-11.48,-3.3320,-3.6415,-0.9961,9.6523,19.22,90.91,0.00,1
27.254,-3.91,-11.48,-3.3320,-3.5939,-0.9961,9.6523,19.22,90.75,0.00,1
27.283,-3.91,-11.48,-4.2891,-3.7431,-0.5352,9.1953,19.22,90.13,0.00,1
27.295,-3.91,-11.48,-2.2617,-3.6648,-0.0781,11.6836,19.22,87.19,0.00,1
27.305,-3.91,-11.48,-2.7187,-3.3908,-0.7266,9.8086,19.22,84.61,0.00,1
27.324,-3.91,-11.48,-3.7539,-3.2830,-0.1523,9.5781,19.22,85.03,0.00,1
27.344,-3.50,-11.54,-3.7148,-3.4349,-0.6914,11.2187,19.22,82.54,0.00,1
27.356,-3.50,-11.54,-4.4453,-3.5364,-0.3437,8.5000,19.22,80.31,0.00,1
27.373,-3.50,-11.54,-4.2148,-3.7587,-0.6133,9.6523,19.22,80.67,0.00,1
27.393,-3.50,-11.54,-4.3672,-3.9218,0.4961,10.6094,19.22,78.74,0.00,1
27.415,-3.50,-11.54,-4.8281,-4.1105,0.1523,7.8555,16.89,76.19,0.00,1
27.424,-3.50,-11.54,-4.8281,-4.2207,0.1523,7.8555,16.89,74.60,0.00,1
27.445,-3.50,-11.54,-3.7930,-4.6098,-0.2695,9.0000,16.89,74.40,0.00,1
27.464,-3.50,-11.54,-5.0547,-4.4791,-0.8047,9.0039,16.89,71.85,0.00,1
27.475,-3.50,-11.54,-5.3633,-4.6312,-0.1133,6.8906,16.89,72.06,0.00,1
27.495,-3.50,-11.54,-6.3594,-4.9185,-0.1523,7.1641,16.89,69.61,0.00,1
27.514,-3.28,-11.61,-4.7891,-5.0622,-0.0391,8.3125,16.89,69.67,0.00,1
27.526,-3.28,-11.61,-5.2852,-5.0414,-0.5742,8.0117,16.89,67.09,0.00,1
27.545,-3.28,-11.61,-5.0547,-5.0921,-0.0781,7.4336,16.89,65.06,0.00,1
27.563,-3.28,-11.61,-5.6328,-5.2073,-0.9180,7.0469,16.89,64.47,0.00,1
27.585,-3.28,-11.61,-6.7422,-5.5111,-0.0781,6.7422,16.89,61.80,0.00,1
27.594,-3.28,-11.61,-6.7422,-5.7002,-0.0781,6.7422,16.89,62.04,0.00,1
27.625,-3.60,-10.98,-4.0234,-5.2751,-1.7227,9.5820,14.22,59.14,0.00,1
27.634,-3.60,-10.98,-3.1016,-5.0091,-0.3047,10.5312,14.22,58.95,0.00,1
27.645,-3.60,-10.98,-3.1016,-4.7161,-0.3047,10.5312,14.22,56.98,0.00,1
27.665,-3.69,-10.90,-2.1055,-3.9531,-0.2305,10.6875,14.22,56.09,0.00,1
27.684,-3.69,-10.90,-2.8359,-3.4875,-0.6914,9.8867,14.22,53.91,0.00,1
27.696,-3.69,-10.90,-2.8359,-3.3433,-0.1523,9.7695,14.22,53.62,0.00,1
27.715,-3.69,-10.90,-7.5469,-3.5763,-0.8828,4.5586,14.22,53.62,0.00,1
27.734,-3.69,-10.90,-3.7148,-4.0819,-0.3828,10.6875,14.22,50.95,0.00,1
27.755,-3.69,-10.90,-1.2656,-3.3631,-1.2266,11.4961,14.22,50.20,0.00,1
27.764,-3.69,-10.90,-1.2656,-3.0410,-1.2266,11.4961,14.22,47.79,0.00,1
27.783,-3.69,-10.90,-4.3281,-3.2152,-0.3828,8.4648,14.22,46.98,0.00,1
27.806,-4.01,-10.43,-3.6016,-4.8081,-0.6523,10.3828,14.22,44.60,0.00,1
27.815,-4.01,-10.43,-3.6016,-4.6228,-0.6523,10.3828,11.19,44.60,0.00,1
27.835,-4.01,-10.43,-0.9180,-3.3266,-0.3437,13.6719,11.19,43.24,0.00,1
27.855,-4.01,-10.43,-7.2070,-3.1467,-0.3437,5.0937,11.19,40.73,0.00,1
27.866,-4.01,-10.43,-7.3555,-4.0571,-0.8828,4.7109,11.19,40.73,0.00,1
27.884,-4.01,-10.43,-0.5742,-4.4501,-1.0352,13.7500,11.19,38.83,0.00,1
27.903,-4.01,-10.43,-1.0742,-3.2394,-0.6914,11.9531,11.19,36.37,0.00,1
27.923,-4.01,-10.43,-7.2734,-3.9973,-2.0703,6.2070,11.19,36.37,0.00,1
27.935,-4.52,-10.33,-4.7500,-4.1639,-0.7266,8.7383,11.19,34.46,0.00,1
27.954,-4.52,-10.33,-1.4180,-3.6263,-1.4570,12.9453,11.19,34.46,0.00,1
27.976,-4.52,-10.33,-4.4453,-3.8958,-0.2305,8.8477,11.19,31.06,0.00,1
27.985,-4.52,-10.33,-4.4453,-3.9802,-0.2305,8.8477,11.19,31.06,0.00,1
28.005,-4.52,-10.33,-4.4453,-3.8111,-0.8828,8.9258,11.19,28.75,0.00,1
28.025,-4.52,-10.33,-2.4141,-3.8285,-0.1914,11.4141,8.74,28.75,0.00,1
28.036,-4.52,-10.33,-3.3320,-3.5889,-1.7617,9.8828,8.74,25.41,0.00,1
28.054,-4.52,-10.33,-4.7109,-3.6264,-0.8828,7.5117,8.74,25.41,0.00,1
28.074,-5.12,-10.42,-2.2617,-3.4541,-0.5352,10.2656,8.74,25.41,0.00,1
28.093,-5.12,-10.42,-4.4062,-3.5222,-0.8438,8.1211,8.74,22.69,0.00,1
28.104,-5.12,-10.42,-2.5664,-3.5108,-0.6523,9.8867,8.74,22.69,0.00,1
28.124,-5.32,-10.45,-3.5234,-3.4006,-0.8828,9.3867,8.74,22.69,0.00,1
28.146,-5.32,-10.45,-2.6055,-3.5098,-0.1133,10.8359,8.74,18.96,0.00,1
28.155,-5.32,-10.45,-2.6055,-3.3709,-0.1133,10.8359,8.74,18.96,0.00,1
28.176,-5.32,-10.45,-3.0273,-3.4475,-0.3828,10.3828,8.74,18.96,0.00,1
28.195,-5.32,-10.45,-4.6367,-3.4571,-0.6133,8.0781,8.74,18.96,0.00,1
28.214,-5.78,-10.04,-3.5625,-3.6215,-1.2266,9.8086,5.80,14.34,0.00,1
28.225,-5.78,-10.04,-4.7109,-3.7003,-0.9180,9.0039,5.80,14.34,0.00,1
28.244,-5.78,-10.04,-2.7578,-3.8307,-0.6133,12.4062,5.80,14.34,0.00,1
28.263,-5.78,-10.04,-3.5234,-3.6344,-1.2656,10.5703,5.80,14.34,0.00,1
28.275,-5.78,-10.04,-4.1758,-3.6695,-1.1094,10.0352,5.80,14.34,0.00,1
28.293,-5.78,-10.04,-5.2109,-4.0712,-1.5313,8.4258,5.80,14.34,0.00,1
28.315,-5.78,-10.04,-3.6016,-4.0033,-2.2227,9.9258,5.80,14.34,0.00,1
28.325,-5.78,-10.04,-3.6016,-3.9416,-2.2227,9.9258,5.80,14.34,0.00,1
28.343,-5.78,-10.04,-3.8320,-3.8962,-1.5313,8.8867,5.80,14.34,0.00,1
28.365,-6.54,-9.13,-3.2578,-4.0884,-1.1484,9.3867,5.80,14.34,0.00,1
28.376,-6.54,-9.13,-3.2578,-3.9608,-1.1484,9.3867,5.80,14.34,0.00,1
28.396,-6.54,-9.13,-1.8008,-3.2769,-1.5313,8.6602,5.80,14.34,0.00,1
28.415,-6.54,-9.13,-2.0703,-2.8798,-2.1055,7.9727,3.35,14.34,0.00,1
28.433,-6.74,-8.93,-0.3437,-2.2217,-2.0703,8.9219,3.35,14.34,0.00,1
28.444,-6.74,-8.93,1.9531,-1.7495,-2.7578,11.6016,3.35,14.34,0.00,1
28.465,-6.74,-8.91,0.8438,-0.7327,-1.7617,9.8047,3.35,14.34,0.00,1
28.483,-6.74,-8.91,-0.3437,-0.5484,-1.9531,8.1562,3.35,14.34,0.00,1
28.495,-6.69,-8.89,0.2305,-0.3761,-1.8008,8.6953,3.35,14.34,0.00,1
28.513,-6.69,-8.89,0.9180,-0.0171,-1.8008,9.8828,3.35,14.34,0.00,1
28.536,-6.69,-8.89,-0.9570,-0.0432,-1.6484,7.0508,3.35,14.34,0.00,1
28.546,-6.69,-8.89,-0.9570,-0.1836,-1.6484,7.0508,3.35,14.34,0.00,1
28.565,-6.69,-8.89,-0.4219,-0.0378,-1.4570,8.2734,3.35,14.34,0.00,1
28.584,-6.69,-8.89,0.3437,-0.0855,-0.4219,9.6133,3.35,14.34,0.00,1
28.603,-6.69,-8.89,0.3047,0.0522,-1.2656,8.8477,3.35,14.34,0.00,1
28.614,-6.69,-8.89,-0.4609,0.0297,-0.6523,8.5430,3.35,2.47,0.00,1
28.634,-6.22,-8.64,-0.2695,-0.0952,-0.8828,9.1602,0.57,2.47,0.00,1
28.654,-6.22,-8.64,-1.1875,-0.3578,-0.8438,7.8164,0.57,2.47,0.00,1
28.665,-6.22,-8.64,-0.0391,-0.3933,-0.0781,9.6484,0.57,2.47,0.00,1
28.683,-6.22,-8.64,1.0742,-0.0262,-0.7656,10.6094,0.57,2.47,0.00,1
28.706,-6.22,-8.64,0.5352,0.0951,-0.7656,10.6523,0.57,2.47,0.00,1
28.716,-6.22,-8.64,0.5352,0.1627,-0.7656,10.6523,0.57,2.47,0.00,1
28.736,-6.22,-8.64,0.1133,-0.0948,-0.9180,9.9648,0.57,2.47,0.00,1
28.755,-6.22,-8.64,-0.3437,-0.0724,-0.6523,9.0430,0.57,2.47,0.00,1
28.774,-5.88,-8.14,0.6523,0.0556,-1.0742,10.0352,0.57,2.47,0.00,1
28.786,-5.88,-8.14,0.4961,0.1751,-0.8047,9.8437,0.57,2.47,0.00,1
28.804,-5.88,-8.14,0.9570,0.3030,-0.8047,10.3086,0.57,2.47,0.00,1
28.824,-5.88,-8.14,-0.1523,0.2805,-1.0742,8.4258,0.17,2.47,0.00,1
28.835,-5.88,-8.14,0.4219,0.2599,-0.8047,9.7305,0.17,2.47,0.00,1
28.853,-5.88,-8.14,-0.1133,0.1967,-1.4922,8.9258,0.17,2.47,0.00,1
28.884,-5.71,-4.76,0.3437,0.1803,-1.3008,9.5000,0.17,2.47,0.00,1
28.886,-5.71,-4.76,0.3437,0.1803,-1.3008,9.5000,0.17,2.47,0.00,1
28.903,-5.67,-4.21,0.6133,0.2863,-1.1875,9.6484,0.17,2.47,0.00,1
28.926,-5.64,-3.97,0.6914,0.6259,-0.8438,9.7695,0.17,2.47,0.00,1
28.946,-5.64,-3.97,1.3398,0.6963,-1.2266,10.6914,0.17,2.47,0.00,1
28.956,-5.64,-3.97,-0.1523,0.7194,-0.9570,8.5820,0.17,2.47,0.00,1
28.975,-5.64,-3.97,0.4219,0.5181,-0.8828,9.2695,0.17,2.83,0.00,1
28.994,-5.64,-3.97,-0.8438,0.2052,-0.9961,7.5469,0.17,2.83,0.00,1
29.005,-5.64,-3.97,0.4961,0.1513,-0.6914,9.5781,0.26,2.83,0.00,1
29.025,-5.36,-1.65,0.0781,0.1763,-0.8438,9.1602,0.26,2.83,0.00,1
29.043,-5.36,-1.65,0.3437,0.2073,-0.8438,9.4648,0.26,2.83,0.00,1
29.056,-5.27,-1.16,0.3047,0.2288,-0.9961,9.3086,0.26,2.83,0.00,1
29.074,-5.27,-1.16,0.5352,0.3057,-0.8828,9.6484,0.26,2.83,0.00,1
29.103,-5.14,-0.40,0.6133,0.3322,-0.6133,9.5430,0.26,2.83,0.00,1
29.107,-5.14,-0.40,0.6133,0.3322,-0.6133,9.5430,0.26,2.83,0.00,1
29.134,-5.08,-0.00,-0.3828,0.2495,-0.4961,8.6211,0.26,2.83,0.00,1
29.144,-5.08,-0.00,0.0391,0.1861,-0.4961,9.3047,0.26,2.83,0.00,1
29.164,-5.01,0.34,-0.4609,0.0253,-0.5352,8.1953,0.26,2.83,0.00,1
29.175,-5.01,0.34,0.8828,0.0581,-0.3047,10.1133,0.26,2.83,0.00,1
29.196,-4.97,0.65,0.4609,0.2459,-0.6914,9.6523,0.26,2.83,0.00,1
29.214,-4.95,0.88,0.6523,0.3616,-0.7266,9.8047,0.26,2.83,0.00,1
29.226,-4.95,0.88,0.1523,0.3662,-0.6133,9.2656,0.30,2.83,0.00,1
29.243,-4.92,1.22,0.8438,0.4586,-0.6914,9.8086,0.30,2.83,0.00,1
29.265,-4.92,1.22,0.6133,0.3448,-0.5352,9.8477,0.30,2.83,0.00,1
29.285,-4.92,1.22,0.5742,0.4178,-0.9961,9.9258,0.30,2.83,0.00,1
29.296,-4.92,1.22,-0.2305,0.3881,-0.5352,8.8828,0.30,2.83,0.00,1
29.314,-4.92,1.22,0.3437,0.2586,-0.7656,9.6133,0.30,2.83,0.00,1
29.334,-4.86,2.00,-0.4609,0.1095,-0.9570,8.1953,0.30,2.83,0.00,1
29.345,-4.86,2.00,0.5742,0.0661,-0.4961,10.0703,0.30,2.83,0.00,1
29.365,-4.86,2.00,0.0781,0.1705,-0.5352,9.6914,0.30,2.83,0.00,1
29.383,-4.86,2.00,0.3828,0.2064,-0.6523,9.3477,0.30,2.83,0.00,1
29.396,-4.86,2.00,0.3047,0.2273,-0.4609,9.5781,0.30,2.83,0.00,1
29.413,-4.86,2.00,0.4961,0.2960,-0.6523,9.6914,0.33,2.83,0.00,1
29.436,-4.86,2.00,0.1133,0.1857,-0.4961,9.3047,0.33,2.83,0.00,1
29.455,-4.86,2.00,0.4609,0.1930,-0.8828,9.8867,0.33,2.83,0.00,1
29.464,-4.86,2.00,0.4609,0.2341,-0.8828,9.8867,0.33,0.00,0.00,1
29.486,-4.87,3.06,0.2305,0.0403,-0.3828,9.8086,0.33,0.00,0.00,1
29.504,-4.87,3.06,-0.8438,0.0083,-0.6523,8.0078,0.33,0.00,0.00,1
29.524,-4.91,3.31,0.6914,0.0576,-0.4219,10.0312,0.33,0.00,0.00,1
29.534,-4.91,3.31,0.4609,0.1365,-0.9180,9.6094,0.33,0.00,0.00,1
29.553,-4.91,3.31,-0.6523,0.0007,-0.8828,7.8555,0.33,0.00,0.00,1
29.566,-4.91,3.31,0.6914,0.0079,-0.5352,10.2695,0.33,0.00,0.00,1
29.583,-4.91,3.31,-0.6914,-0.0106,-1.0742,7.8906,0.33,0.00,0.00,1
29.603,-4.91,3.31,1.2656,0.2294,-0.2695,11.0352,0.33,0.00,0.00,1
29.625,-5.03,3.65,-0.4961,0.0271,-0.8047,8.3555,0.26,0.00,0.00,1
29.635,-5.03,3.65,-0.4961,-0.0532,-0.8047,8.3555,0.26,0.00,0.00,1
29.655,-5.03,3.65,-1.7617,0.0294,-1.2266,6.7461,0.26,0.00,0.00,1
29.674,-5.03,3.65,1.1875,-0.2427,-0.1914,11.0703,0.26,0.00,0.00,1
29.685,-5.03,3.65,0.0781,-0.0149,-1.4922,8.8164,0.26,0.00,0.00,1
29.704,-5.03,3.65,-0.9180,-0.0682,-1.7227,8.0078,0.26,0.00,0.00,1
29.723,-5.03,3.65,0.1914,-0.1124,-0.8047,9.0430,0.26,0.00,0.00,1
29.736,-5.03,3.65,0.5352,-0.0382,-0.9961,9.5820,0.26,0.00,0.00,1
29.754,-5.20,3.96,0.1914,0.0812,-0.4609,9.7266,0.26,0.00,0.00,1
29.773,-5.20,3.96,0.6523,0.2208,-0.8828,9.8867,0.26,0.00,0.00,1
29.795,-5.20,3.96,-0.3437,0.5061,-1.3008,7.8125,0.26,0.00,0.00,1
29.804,-5.20,3.96,-0.3437,0.3756,-1.3008,7.8125,0.26,0.00,0.00,1
29.825,-5.20,3.96,0.7266,0.2390,-1.5703,9.6914,0.19,0.00,0.00,1
29.845,-5.20,3.96,2.3359,0.5061,-0.3437,11.4570,0.19,0.00,0.00,1
29.856,-5.20,3.96,-0.2695,0.7026,-1.2266,7.5469,0.19,0.00,0.00,1
