t_s,gyro_x_rads,gyro_y_rads,raw_ax_mps2,raw_ay_mps2,raw_az_mps2,speed_kmh,hall_f_hz,hall_r_hz,gps_fix
0.020,-0.0078,0.0195,0.5352,-0.2695,10.1094,0.00,0.00,0.00,1
0.037,0.0000,0.0527,0.2305,-0.5352,9.8437,0.00,0.00,0.00,1
0.054,0.0078,0.0430,0.3047,-0.7656,9.4648,0.00,0.00,0.00,1
0.071,0.0156,0.0020,-0.0781,-0.3828,9.3867,0.00,0.00,0.00,1
0.094,0.0059,0.0156,-0.8828,-0.6133,7.8906,0.00,0.00,0.00,1
0.105,0.0117,-0.0312,-0.8828,-0.6133,7.8906,0.00,0.00,0.00,1
0.124,0.0059,0.0684,-0.4219,-0.5742,9.0820,0.02,0.00,0.00,1
0.144,0.0078,0.0527,-0.1914,-0.5352,8.8828,0.02,0.00,0.00,1
0.156,-0.0039,-0.0410,0.2305,-0.5352,9.7266,0.02,0.00,0.00,1
0.173,-0.0039,-0.0156,0.7266,-0.6133,10.2656,0.02,0.00,0.00,1
0.190,0.0176,-0.0195,0.0000,-0.3828,9.0430,0.02,0.00,0.00,1
0.207,-0.0059,-0.0254,0.2305,-0.4609,9.8828,0.02,0.00,0.00,1
0.224,-0.0059,-0.0391,-0.3047,-0.5742,8.9219,0.02,0.00,0.00,1
0.241,-0.0117,-0.0312,-0.6914,-0.3047,8.3945,0.02,0.00,0.00,1
0.260,-0.0117,-0.0195,-0.2695,-0.5742,9.3086,0.02,0.00,0.00,1
0.275,0.0078,0.0176,0.3828,-0.6914,9.7695,0.02,0.00,0.00,1
0.292,-0.0137,-0.0078,0.4961,-0.3047,9.8086,0.02,0.00,0.00,1
0.313,-0.0078,-0.0566,0.1133,-0.6133,9.2305,0.02,0.00,0.00,1
0.330,-0.0059,-0.0586,-0.8438,-0.2695,8.3125,0.02,0.00,0.00,1
0.343,0.0117,0.0293,-0.4219,-0.3828,9.0391,0.02,0.00,0.00,1
0.362,0.0039,0.0430,-0.4961,-0.7266,8.6211,0.02,0.00,0.00,1
0.377,0.0254,-0.0547,0.8047,-0.3437,10.4961,0.02,0.00,0.00,1
0.394,0.0078,0.0586,0.6523,-0.5742,10.4180,0.02,0.00,0.00,1
0.411,0.0039,0.0547,0.3828,-0.7266,9.5430,0.02,0.00,0.00,1
0.429,0.0078,0.0156,-0.2695,-0.3437,8.8867,0.02,0.00,0.00,1
0.445,-0.0059,-0.0352,0.1133,-0.3828,9.7305,0.02,0.00,0.00,1
0.462,0.0098,-0.0352,-1.1094,-0.6133,7.6602,0.02,0.00,0.00,1
0.483,-0.0020,0.0684,-0.0391,-0.4219,9.4609,0.02,0.00,0.00,1
0.496,-0.0039,-0.0508,-0.0391,-0.4219,9.4609,0.02,0.00,0.00,1
0.516,-0.0020,-0.0547,0.2695,-0.4219,9.6133,0.00,0.00,0.00,1
0.534,-0.0078,-0.0293,0.6133,-0.3437,10.1914,0.00,0.00,0.00,1
0.547,0.0156,0.0059,-0.6523,-0.4219,8.2344,0.00,0.00,0.00,1
0.564,-0.0098,-0.0273,-0.1133,-0.4961,9.7305,0.00,0.00,0.00,1
0.581,0.0000,-0.0254,-0.2695,-0.5742,8.9258,0.00,0.00,0.00,1
0.600,-0.0039,-0.0195,-0.6133,-0.4219,8.4258,0.00,0.00,0.00,1
0.615,0.0078,0.0000,0.0000,-0.4609,9.6484,0.00,0.00,0.00,1
0.632,0.0137,-0.0449,0.3047,-0.7266,9.6133,0.00,0.00,0.00,1
0.654,-0.0039,-0.0586,0.4219,-0.4961,9.9609,0.00,0.00,0.00,1
0.666,-0.0059,0.0371,0.4219,-0.4961,9.9609,0.00,0.00,0.00,1
0.684,0.0020,0.0098,-0.3437,-0.3437,8.6602,0.00,0.00,0.00,1
0.703,0.0078,-0.0176,0.0391,-0.3047,9.6133,0.00,0.00,0.00,1
0.717,-0.0137,0.0645,-0.8828,-0.7266,8.0078,0.00,0.00,0.00,1
0.734,-0.0156,0.0391,0.2305,-0.2695,10.0703,0.00,0.00,0.00,1
0.752,-0.0020,0.0059,0.0391,-0.4961,9.5430,0.00,0.00,0.00,1
0.770,-0.0020,-0.0195,0.1914,-0.6523,9.4258,0.00,0.00,0.00,1
0.785,0.0039,0.0215,0.1133,-0.4219,9.6133,0.00,0.00,0.00,1
0.802,-0.0156,0.0820,0.7266,-0.4219,10.1133,0.00,0.00,0.00,1
0.820,-0.0156,0.0391,-0.5352,-0.4219,8.4609,0.00,0.00,0.00,1
0.836,0.0039,-0.0195,0.0781,-0.4609,9.5430,0.00,0.00,0.00,1
0.853,0.0059,0.0195,-0.4961,-0.5742,8.8437,0.00,0.00,0.00,1
0.874,-0.0020,0.0273,-0.0781,-0.6133,9.4648,0.00,0.00,0.00,1
0.890,-0.0234,0.0859,0.9180,-0.4609,10.4141,0.00,0.00,0.00,1
0.904,0.0234,-0.0879,0.0391,-0.4609,9.1211,0.00,0.00,0.00,1
0.922,0.0059,-0.0625,0.1523,-0.6133,10.0039,0.02,0.00,0.00,1
0.939,-0.0020,0.0039,-0.5352,-0.4609,8.7383,0.02,0.00,0.00,1
0.955,0.0059,-0.0098,-0.9570,-0.3828,8.0078,0.02,0.00,0.00,1
0.973,0.0117,-0.0449,-0.1133,-0.4219,9.4258,0.02,0.00,0.00,1
0.990,0.0234,-0.0840,0.3437,-0.7656,9.7266,0.02,0.00,0.00,1
1.006,-0.0098,0.0547,0.7656,-0.3047,10.0742,0.02,0.00,0.00,1
1.024,0.0059,0.0156,0.4219,-0.6523,10.1875,0.02,0.00,0.00,1
1.044,0.0000,-0.0156,-0.5352,-0.3437,8.4219,0.02,0.00,0.00,1
1.062,-0.0039,-0.0312,-0.1523,-0.3047,9.5000,0.02,0.00,0.00,1
1.075,-0.0117,0.0879,-0.8047,-0.6914,8.1602,0.02,0.00,0.00,1
1.093,-0.0117,0.0469,0.4609,-0.2695,10.0742,0.02,0.00,0.00,1
1.110,-0.0117,-0.0020,0.2305,-0.5352,9.8437,0.02,0.00,0.00,1
1.125,0.0078,0.0156,0.4219,-0.6914,9.6094,0.00,0.00,0.00,1
1.142,0.0059,0.0195,0.0000,-0.4219,9.3828,0.00,0.00,0.00,1
1.160,-0.0137,0.0918,0.4609,-0.3828,10.1094,0.00,0.00,0.00,1
1.176,0.0254,-0.0684,-0.9961,-0.6523,7.7344,0.00,0.00,0.00,1
1.193,0.0059,-0.0039,0.0391,-0.4609,9.7656,0.00,0.00,0.00,1
1.211,0.0039,0.0312,-0.3828,-0.4961,9.0430,0.00,0.00,0.00,1
1.227,0.0039,-0.0527,-0.2305,-0.5352,8.8828,0.00,0.00,0.00,1
1.246,0.0039,-0.0449,0.7266,-0.6523,10.2305,0.00,0.00,0.00,1
1.264,0.0195,-0.0605,0.1523,-0.4219,9.2266,0.00,0.00,0.00,1
1.280,0.0000,0.0273,0.3047,-0.5352,9.8437,0.00,0.00,0.00,1
1.295,-0.0059,-0.0176,-0.1914,-0.6523,9.0000,0.00,0.00,0.00,1
1.312,0.0059,-0.0508,-0.7266,-0.3437,8.3945,0.00,0.00,0.00,1
1.330,-0.0059,-0.0410,-0.1914,-0.4219,9.3867,0.00,0.00,0.00,1
1.346,0.0059,0.0586,-0.0781,-0.8438,9.1211,0.00,0.00,0.00,1
1.363,-0.0117,0.0254,0.6133,-0.2305,10.1523,0.00,0.00,0.00,1
1.380,-0.0078,-0.0215,0.6133,-0.6133,10.1484,0.00,0.00,0.00,1
1.397,0.0078,0.0508,0.3047,-0.7266,9.6875,0.00,0.00,0.00,1
1.417,0.0117,0.0176,-0.1133,-0.3437,9.4648,0.00,0.00,0.00,1
1.432,-0.0039,0.0645,-0.9180,-0.7266,8.0078,0.00,0.00,0.00,1
1.452,-0.0156,0.0332,0.4609,-0.1914,10.1133,0.00,0.00,0.00,1
1.465,0.0098,0.0254,0.3828,-0.4609,10.0039,0.00,0.00,0.00,1
1.482,0.0117,0.0508,0.8438,-0.7266,10.0039,0.00,0.00,0.00,1
1.500,0.0039,0.0332,-0.0391,-0.3437,9.3047,0.00,0.00,0.00,1
1.516,0.0059,-0.0605,0.1914,-0.3047,9.6484,0.00,0.00,0.00,1
1.534,0.0273,-0.0977,-1.3008,-0.6523,7.3516,0.00,0.00,0.00,1
1.550,0.0039,0.0156,0.1914,-0.4219,10.1094,0.00,0.00,0.00,1
1.567,0.0020,-0.0215,-0.1133,-0.4961,9.1953,0.00,0.00,0.00,1
1.584,0.0020,-0.0684,0.2305,-0.6523,9.4258,0.00,0.00,0.00,1
1.603,-0.0059,-0.0488,0.3828,-0.6523,9.6094,0.00,0.00,0.00,1
1.623,0.0117,-0.0781,0.1914,-0.2305,9.4648,0.00,0.00,0.00,1
1.635,-0.0039,0.0137,-0.1133,-0.4219,9.3828,0.00,0.00,0.00,1
1.654,0.0039,0.0215,0.4961,-0.6133,9.6914,0.00,0.00,0.00,1
1.670,0.0117,0.0059,-0.2695,-0.3047,9.0000,0.00,0.00,0.00,1
1.686,-0.0117,0.0156,0.2305,-0.4961,9.4609,0.00,0.00,0.00,1
1.703,0.0195,-0.0371,-0.0781,-0.5352,9.0430,0.00,0.00,0.00,1
1.720,0.0078,-0.0410,0.1523,-0.2695,10.0742,0.00,0.00,0.00,1
1.737,-0.0039,0.0586,0.7656,-0.7266,9.8437,0.00,0.00,0.00,1
1.755,0.0117,0.0391,0.0781,-0.1523,9.3477,0.00,0.00,0.00,1
1.774,0.0254,-0.0469,1.1875,-0.4219,11.1523,0.00,0.00,0.00,1
1.793,0.0078,-0.0352,0.1914,-0.8047,9.5039,0.00,0.00,0.00,1
1.806,0.0137,0.0293,-0.8047,-0.6523,8.3906,0.00,0.00,0.00,1
1.823,0.0195,0.0566,0.0391,-0.3437,8.8477,0.00,0.00,0.00,1
1.841,0.0176,0.0312,0.5352,-1.1875,10.3047,0.00,0.00,0.00,1
1.856,-0.0176,0.0020,0.3437,-0.1523,9.6914,0.00,0.00,0.00,1
1.873,0.0098,-0.0488,-1.0352,-1.0742,8.0391,0.00,0.00,0.00,1
1.890,0.0234,-0.0625,0.1914,-0.0391,9.0391,0.00,0.00,0.00,1
1.907,0.0000,0.0020,0.8828,-1.0352,10.6914,0.00,0.00,0.00,1
1.924,0.0117,0.0566,-0.0391,-0.4961,9.0820,0.00,0.00,0.00,1
1.941,-0.0059,0.0996,-0.1133,-0.7266,8.9219,0.00,0.00,0.00,1
1.958,0.0117,-0.0723,-0.9180,-0.4219,8.0117,0.00,0.00,0.00,1
1.975,-0.0078,-0.0059,0.3047,-0.4219,9.1602,0.00,0.00,0.00,1
1.993,0.0117,-0.0859,1.0352,-0.3828,10.6914,0.00,0.00,0.00,1
2.010,0.0215,-0.0957,-1.3398,-0.5352,6.9297,0.00,0.00,0.00,1
2.026,0.0059,0.0645,0.3437,-0.1914,10.1875,0.00,0.00,0.00,1
2.043,0.0234,0.0391,-0.0391,-0.4609,8.3945,0.00,0.00,0.00,1
2.061,0.0000,0.1094,2.1836,-0.3047,12.0273,0.00,0.00,0.00,1
2.077,0.0234,-0.0996,0.3437,-0.5352,9.0430,0.00,0.00,0.00,1
2.094,0.0078,-0.0781,-0.4609,-0.3047,8.4258,0.00,0.00,0.00,1
2.111,-0.0059,-0.0273,-1.1875,-0.5352,7.5898,0.00,0.00,0.00,1
2.133,0.0117,-0.0430,1.6836,-0.6523,11.5703,0.00,0.00,0.00,1
2.150,-0.0059,0.0449,0.8438,-0.4609,8.6602,0.00,0.00,0.00,1
2.164,0.0117,-0.0840,0.4609,-0.3828,9.8477,0.00,0.00,0.00,1
2.181,0.0137,-0.0918,-1.1484,-0.4961,6.9687,0.00,0.00,0.00,1
2.196,0.0000,0.0488,0.5352,-0.0781,9.9648,0.00,0.00,0.00,1
2.213,0.0176,0.0898,1.2266,-0.5742,9.4609,0.00,0.00,0.00,1
2.230,-0.0156,0.1465,2.3750,-0.3437,11.6406,0.00,0.00,0.00,1
2.247,0.0078,-0.1152,0.1914,-0.5742,8.0430,0.00,0.00,0.00,1
2.264,-0.0078,-0.0957,0.1133,-0.2695,8.6602,0.00,0.00,0.00,1
2.281,0.0000,-0.1094,-0.1133,-0.7656,7.8516,0.00,0.00,0.00,1
2.303,0.0098,-0.0664,1.0742,-0.8828,9.6523,0.00,0.00,0.00,1
2.315,0.0020,0.0312,1.0742,-0.8828,9.6523,0.02,0.00,0.00,1
2.334,0.0078,0.0527,0.3047,-0.7656,9.0820,0.02,0.00,0.00,1
2.354,-0.0020,0.0391,1.5703,-0.1523,10.5742,0.02,0.00,0.00,1
2.366,0.0000,-0.0215,-0.0781,-0.6133,8.1602,0.02,0.00,0.00,1
2.383,-0.0137,0.0195,0.2695,-0.0781,8.9219,0.02,0.00,0.00,1
2.401,-0.0020,-0.0176,0.9180,-0.4961,9.8047,0.02,0.00,0.00,1
2.417,-0.0117,-0.0449,2.1836,-0.3828,11.6406,0.02,0.00,0.00,1
2.434,-0.0039,-0.0996,-0.4961,-0.3437,7.3906,0.02,0.00,0.00,1
2.451,-0.0156,-0.0723,0.5352,-0.0781,9.4219,0.02,0.00,0.00,1
2.474,-0.0176,-0.0391,1.3008,-0.6523,10.5703,0.02,0.00,0.00,1
2.485,-0.0078,0.0801,1.3008,-0.6523,10.5703,0.02,0.00,0.00,1
2.502,0.0039,0.0391,-0.8438,-0.3047,6.9687,0.02,0.00,0.00,1
2.523,-0.0039,-0.0020,0.9961,-0.4609,9.7656,0.02,0.00,0.00,1
2.537,0.0078,-0.0273,0.6914,-0.9570,10.0352,0.02,0.00,0.00,1
2.553,0.0020,0.0039,-0.2305,-0.3828,8.0781,0.02,0.00,0.05,1
2.570,0.0039,-0.0195,1.1484,-0.7656,9.8047,0.02,0.00,0.05,1
2.587,-0.0137,-0.0293,0.9961,-0.1523,9.7305,0.02,0.00,0.05,1
2.604,-0.0078,-0.0352,0.3828,-1.2656,9.0781,0.02,0.05,0.05,1
2.622,-0.0020,0.0000,0.8828,-0.3047,9.3828,0.02,0.05,0.05,1
2.638,0.0078,0.0176,1.1875,-1.2266,9.3477,0.02,0.05,0.05,1
2.655,0.0117,-0.0371,0.6914,-0.0391,8.6992,0.02,0.05,8.69,1
2.672,-0.0059,0.0000,0.3437,-1.0352,9.1953,0.02,0.05,8.69,1
2.693,0.0059,-0.0547,0.9961,-0.7266,9.6094,0.02,0.05,8.69,1
2.710,-0.0117,-0.0762,0.2695,-0.1523,8.4648,0.02,9.20,8.69,1
2.723,0.0156,0.0137,0.1914,-0.9961,8.2734,0.04,9.20,8.69,1
2.742,-0.0078,0.0937,1.6094,-0.6133,11.0703,0.04,9.20,8.69,1
2.757,0.0000,-0.0547,1.3398,-0.6914,9.5391,0.04,9.20,10.57,1
2.774,-0.0156,-0.0352,0.1914,-0.1523,8.3906,0.04,9.20,10.57,1
2.791,-0.0156,-0.0742,-0.0391,-0.8047,8.2344,0.04,9.20,10.57,1
2.810,-0.0059,-0.0430,1.4570,-0.3828,10.8359,0.04,10.67,10.57,1
2.825,-0.0078,0.0312,1.3789,-0.6133,9.8477,0.04,10.67,10.57,1
2.843,-0.0156,0.0371,0.2305,-0.0391,8.8164,0.04,10.67,11.94,1
2.863,-0.0176,0.0332,1.9141,-0.5742,11.6016,0.04,10.67,11.94,1
2.876,-0.0098,0.0098,1.9141,-0.5742,11.6016,0.04,12.31,11.94,1
2.895,-0.0195,0.0137,0.1133,-0.0781,7.8164,0.04,12.31,11.94,1
2.913,-0.0078,0.0098,0.5352,-0.7656,8.8437,0.04,12.31,13.37,1
2.927,-0.0215,-0.0273,2.3359,-0.1914,10.4141,0.07,12.31,13.37,1
2.944,-0.0137,-0.0937,1.6484,-0.5352,10.4961,0.07,12.31,13.37,1
2.962,-0.0410,-0.0293,0.3047,-0.1133,8.3555,0.07,13.54,13.37,1
2.981,-0.0391,-0.0742,0.1914,-0.3828,7.8945,0.07,13.54,13.37,1
2.995,-0.0293,0.0781,2.6797,-0.8047,11.2617,0.07,13.54,14.76,1
3.012,-0.0176,0.0195,0.8828,-0.1914,8.3555,0.07,13.54,14.76,1
3.030,-0.0273,-0.0020,1.3398,-0.1523,9.7305,0.07,15.61,14.76,1
3.046,-0.0312,-0.0059,1.6484,-0.2695,9.6133,0.07,15.61,16.89,1
3.066,-0.0273,0.0352,-0.3437,-0.1914,6.1250,0.07,15.61,16.89,1
3.084,-0.0352,-0.0020,1.9141,-0.2305,10.0039,0.07,17.16,16.89,1
3.097,-0.0508,-0.0703,2.2227,-0.6914,10.3828,0.07,17.16,18.53,1
3.114,-0.0488,-0.0547,1.7617,-1.2266,10.1094,0.09,17.16,18.53,1
3.131,-0.0430,0.0703,1.1094,-0.8047,8.6602,0.09,18.86,18.53,1
3.150,-0.0254,0.0137,2.0312,-1.1875,9.2695,0.09,18.86,20.11,1
3.165,-0.0430,-0.0625,0.7656,-0.0391,7.6250,0.09,18.86,20.11,1
3.182,-0.0527,-0.1074,1.3789,-1.1094,8.3164,0.09,20.38,21.98,1
3.201,-0.0430,0.0547,2.9492,-0.3047,11.8398,0.09,20.38,21.98,1
3.216,-0.0176,-0.0781,0.5352,-1.5313,7.8125,0.09,20.38,21.98,1
3.233,-0.0430,0.0098,1.9922,-0.1914,10.1484,0.09,21.99,23.48,1
3.253,-0.0430,-0.0098,0.6523,-0.6914,7.8945,0.09,21.99,23.48,1
3.271,-0.0156,-0.0098,1.9531,-0.3437,9.7266,0.09,23.40,24.44,1
3.284,-0.0156,-0.0527,0.6914,-1.2656,7.7734,0.09,23.40,24.44,1
3.301,-0.0430,0.0625,3.5234,-0.1133,13.6367,0.09,23.40,24.44,1
3.318,0.0176,-0.0566,1.9141,-1.8398,9.8437,0.04,24.37,25.92,1
3.335,-0.0254,-0.0781,-0.8438,-0.4961,6.0898,0.04,24.37,25.92,1
3.352,-0.0488,0.0215,1.4180,-0.6914,9.7695,0.04,25.32,26.25,1
3.371,-0.0117,-0.0078,0.8828,-0.9180,8.6602,0.04,25.32,26.25,1
3.386,-0.0156,0.0391,2.7187,-0.1133,11.8789,0.04,26.75,27.76,1
3.403,-0.0273,0.1484,2.8711,-1.0352,11.5352,0.04,26.75,27.76,1
3.423,0.0156,0.0703,1.4922,-0.7266,10.3828,0.04,27.05,28.47,1
3.442,0.0527,-0.0957,-1.4922,-1.1094,5.0937,0.04,27.05,28.47,1
3.454,-0.0078,0.0078,2.9102,-1.2266,12.3789,0.04,27.05,29.61,1
3.474,0.0039,-0.0156,1.4570,-0.5742,10.0703,0.04,28.54,29.61,1
3.490,0.0293,-0.0410,0.8828,-0.7656,8.4609,0.04,29.19,29.70,1
3.505,0.0078,0.0859,1.8398,-0.6523,10.7305,0.04,29.19,29.70,1
3.522,0.0352,0.0254,-0.1523,-0.9570,6.7852,0.37,30.65,31.60,1
3.540,0.0098,0.0391,3.4102,-0.7266,11.6797,0.37,30.65,31.60,1
3.556,0.0098,0.0234,0.4609,0.0781,8.6211,0.37,31.12,32.04,1
3.573,-0.0117,0.0371,3.1406,-1.6836,11.5352,0.37,31.12,33.44,1
3.590,0.0176,0.0273,1.8008,0.6133,10.4180,0.37,32.50,33.44,1
3.607,-0.0156,0.1230,2.3750,-1.4922,10.7305,0.37,32.50,33.29,1
3.624,0.0020,0.1328,0.3437,-1.3789,7.2344,0.37,33.08,33.29,1
3.643,0.0352,-0.1035,1.3398,0.0391,8.6211,0.37,33.08,35.51,1
3.660,0.0273,-0.0801,2.2227,-1.0352,9.2656,0.37,35.04,35.51,1
3.675,0.0195,0.1035,2.5273,-0.3437,11.2227,0.37,35.17,35.89,1
3.692,0.0391,0.1699,2.0312,-1.1094,9.5039,0.37,35.17,37.82,1
3.710,0.0273,0.0977,3.2187,-0.9180,10.2266,0.37,37.20,37.82,1
3.726,0.0586,-0.0215,1.4922,-0.1914,7.3906,0.56,37.85,38.55,1
3.743,0.0430,0.0430,2.6445,-1.5703,9.4609,0.56,37.85,40.46,1
3.761,0.0566,0.0645,2.0312,-0.5742,9.7656,0.56,39.70,40.46,1
3.777,0.0391,-0.0117,1.6836,-1.1484,9.8867,0.56,39.47,42.08,1
3.797,0.0996,-0.1387,3.3320,-0.7656,12.1445,0.56,39.47,41.35,1
3.813,0.0566,-0.1172,0.0391,0.2305,5.3594,0.56,42.12,43.32,1
3.831,0.0078,-0.2305,-1.0352,0.1523,6.3633,0.56,41.08,43.32,1
3.845,0.0742,0.1602,2.5664,-0.9180,9.3047,0.56,43.99,43.93,1
3.862,0.0664,0.1348,3.4844,-0.3047,12.2617,0.56,43.99,44.81,1
3.881,0.0215,0.0801,3.0273,-0.5742,10.7656,0.56,42.99,46.40,1
3.896,0.0898,-0.0215,-0.4961,0.6133,7.5117,0.56,44.20,45.57,1
3.913,0.0469,-0.0039,1.8008,-0.4961,8.3906,0.56,45.15,45.57,1
3.930,-0.0156,-0.0859,1.3008,2.2617,7.4336,0.50,45.15,47.54,1
3.947,0.0410,-0.0801,2.6445,-1.9141,10.3047,0.50,47.28,48.27,1
3.964,0.0254,-0.0273,1.4570,1.8398,7.3906,0.50,46.57,50.15,1
3.983,-0.0469,0.0391,3.1406,-0.1523,11.3359,0.50,47.67,50.01,1
4.002,-0.0488,-0.0352,1.3789,-0.9570,9.0430,0.50,48.31,50.01,1
4.015,-0.0020,0.0059,0.0781,-0.0391,4.7891,0.50,48.31,50.90,1
4.033,-0.0352,-0.0059,-0.3828,-0.3437,6.8203,0.50,49.97,50.83,1
4.050,-0.0488,-0.0410,4.6719,-1.2266,11.6055,0.50,50.67,53.26,1
4.066,0.0156,-0.0430,5.9375,0.3047,15.9023,0.50,51.25,52.94,1
4.083,-0.0410,0.0684,3.5625,-2.2227,12.0234,0.50,49.92,55.95,1
4.100,-0.0703,0.1602,-1.3008,0.0391,6.0156,0.50,54.15,52.63,1
4.117,0.0273,-0.1465,-0.9961,-2.0703,4.2891,8.87,52.43,55.76,1
4.134,-0.0234,-0.2617,0.6523,-0.1133,7.6992,8.87,55.61,56.92,1
4.151,-0.0312,-0.2539,4.5586,-0.8828,11.3359,8.87,55.61,56.70,1
4.168,0.0410,0.0098,2.4531,0.3828,10.8789,8.87,54.83,59.66,1
4.186,-0.0137,0.1504,0.1914,-0.7656,9.1602,8.87,54.83,58.29,1
4.204,-0.0801,0.1543,-0.5742,-0.2695,5.4414,8.87,56.40,57.89,1
4.221,-0.0078,-0.1250,1.8398,-1.6094,9.5000,8.87,57.31,60.88,1
4.236,-0.0527,0.0371,2.1445,-0.9961,8.3555,8.87,57.80,59.28,1
4.253,-0.0371,0.0547,4.1758,-0.8828,14.6367,8.87,58.02,61.98,1
4.270,0.0000,-0.0156,1.1094,-0.8047,9.3477,8.87,56.95,60.88,1
4.287,-0.0410,0.0195,2.5664,0.0000,8.9648,8.87,60.86,60.82,1
4.304,-0.0254,0.0430,1.2266,-0.4219,8.8164,8.87,62.66,62.70,1
4.321,-0.0449,-0.0996,2.4531,-1.7227,7.7773,8.41,60.86,63.92,1
4.338,-0.0234,0.0273,3.5625,0.8047,11.4531,8.41,60.97,62.91,1
4.357,-0.0371,0.0742,1.3008,0.1523,8.6172,8.41,62.87,66.46,1
4.374,-0.0742,0.0410,1.2656,0.3047,7.7344,8.41,63.47,63.65,1
4.391,-0.0332,-0.0176,2.5664,-3.0664,10.2656,8.41,63.46,65.27,1
4.406,-0.0703,0.0352,1.2656,0.7266,7.9687,8.41,64.14,67.36,1
4.424,-0.0840,0.0566,3.8672,-2.1836,13.5234,8.41,62.74,66.41,1
4.440,-0.0254,0.1719,1.3789,-1.3398,11.0742,8.41,65.38,67.47,1
4.457,-0.0977,0.0742,2.3359,0.1133,6.6641,8.41,64.89,65.93,1
4.474,-0.0820,0.0508,0.1914,-0.7656,7.4727,8.41,66.94,69.74,1
4.491,-0.0039,-0.1074,0.3047,-1.0742,5.3633,8.41,65.87,69.73,1
4.508,-0.0918,0.0918,5.0937,-0.2305,15.4375,8.41,66.48,69.97,1
4.531,-0.0762,0.0293,2.1445,0.4609,6.2422,8.52,68.65,69.88,1
4.544,0.0078,0.0000,2.1055,-1.7617,8.6602,8.52,68.82,69.85,1
4.561,-0.0391,-0.0840,-0.6133,-0.3437,4.5937,8.52,69.84,73.34,1
4.576,-0.0312,0.1152,2.6055,-0.6133,10.6914,8.52,69.20,73.78,1
4.593,0.0215,0.0312,1.5703,-2.8359,9.8437,8.52,70.28,73.52,1
4.610,-0.0176,0.0742,1.3398,0.6133,7.2344,8.52,73.26,74.67,1
4.627,-0.0215,-0.1621,3.7539,-3.3711,10.1914,8.52,72.98,77.69,1
4.644,0.0449,-0.0840,2.3750,0.0391,10.3086,8.52,73.50,76.69,1
4.661,0.0293,-0.1777,1.2656,-1.6836,10.7305,8.52,76.96,77.73,1
4.678,-0.0117,0.1211,3.6406,-1.1484,9.7266,8.52,74.38,76.30,1
4.695,0.0469,0.0020,1.4180,-0.5352,8.1602,8.52,78.28,79.18,1
4.715,0.0566,-0.1230,3.0664,0.8828,11.6016,8.52,75.87,81.21,1
4.733,0.0098,-0.1621,1.4922,-4.2148,10.8359,10.63,78.05,81.06,1
4.747,0.0762,-0.0410,1.4922,1.3789,8.0391,10.63,78.68,80.34,1
4.763,0.0879,-0.0430,2.9492,-2.0312,9.0781,10.63,80.32,82.68,1
4.780,0.0508,-0.0332,3.6406,0.0000,12.3359,10.63,79.35,84.89,1
4.797,0.0527,0.0430,0.1133,-0.7266,8.0430,10.63,80.35,83.62,1
4.814,0.0840,0.0020,3.0664,-1.1484,11.3398,10.63,83.11,82.98,1
4.831,0.0547,0.1367,2.1445,-0.2695,8.5781,10.63,83.52,85.56,1
4.848,0.0527,-0.1973,-0.0781,-0.5742,2.8359,10.63,83.80,87.93,1
4.865,0.0703,-0.0410,2.6055,-0.1133,11.7187,10.63,85.95,86.38,1
4.882,0.0723,-0.0293,2.4883,-1.8008,9.7656,10.63,82.54,86.50,1
4.904,0.0449,-0.0312,0.4961,-0.6914,3.8320,10.63,86.04,88.91,1
4.917,0.0898,-0.1738,3.4102,0.2305,10.8008,11.95,85.38,88.37,1
4.933,0.0859,-0.1211,3.0273,-1.5313,10.8008,11.95,85.54,88.53,1
4.951,0.0762,-0.2168,-0.3047,0.4609,6.8242,11.95,87.03,90.30,1
4.967,0.0898,-0.0195,0.9570,-0.4609,6.2070,11.95,87.51,91.91,1
4.984,0.0879,0.0156,2.8711,-0.0781,12.0664,11.95,86.30,93.14,1
5.001,0.0664,0.0137,4.2891,-1.0742,13.3672,11.95,88.00,90.42,1
5.021,0.0234,0.1973,1.2266,0.2695,10.5742,11.95,90.33,91.71,1
5.035,0.0684,-0.1465,0.5352,0.4219,4.7539,11.95,87.33,94.08,1
5.052,0.0352,-0.0273,3.8320,0.4961,13.1055,11.95,90.42,95.60,1
5.073,0.0215,-0.0391,0.9961,0.1914,9.6875,11.95,92.92,95.20,1
5.087,0.0254,0.2070,-0.2695,-1.2656,6.5859,11.95,89.23,93.90,1
5.104,0.0449,0.1836,1.9531,-0.1133,13.0664,11.95,91.50,97.04,1
5.122,0.0059,0.1152,4.0625,-1.0742,12.9102,12.78,92.54,96.64,1
5.137,0.0293,-0.0254,1.8789,-0.4219,9.4609,12.78,95.45,95.76,1
5.154,0.0117,-0.0781,-0.3437,0.1133,6.0898,12.78,92.44,95.67,1
5.171,0.0371,-0.1250,-0.9570,-0.7656,7.6953,12.78,94.34,97.60,1
5.190,0.0176,-0.1016,3.2578,0.4961,11.7969,12.78,95.76,97.28,1
5.205,0.0332,0.1562,2.6797,-0.8828,10.4531,12.78,96.12,98.75,1
5.222,-0.0039,0.2539,2.3750,-0.2695,9.5781,12.78,96.17,100.55,1
5.243,-0.0352,0.2207,-0.3828,0.2305,7.0859,12.78,97.75,99.47,1
5.256,0.0059,-0.1465,-0.3828,0.2305,7.0859,12.78,97.71,102.05,1
5.275,-0.0234,-0.2305,4.4805,0.1914,13.2539,12.78,95.87,102.90,1
5.295,-0.0293,0.0371,4.5977,-1.4180,12.3398,12.78,96.43,100.37,1
5.307,-0.0430,0.2695,1.2266,-0.3828,8.2773,12.78,102.26,101.38,1
5.324,-0.0137,0.0742,0.1914,-0.6914,5.3633,14.82,99.41,103.99,1
5.341,0.0000,-0.1797,-1.3789,-0.4961,6.2070,14.82,102.03,102.91,1
5.358,-0.0430,0.0078,2.3750,0.3437,11.3789,14.82,104.54,104.78,1
5.375,0.0039,-0.0508,3.1016,-0.7656,8.4219,14.82,100.10,106.64,1
5.393,-0.0430,0.1641,4.8281,-0.7266,13.4102,14.82,102.65,107.76,1
5.411,-0.0859,0.0781,0.8438,-0.4961,6.6289,14.82,105.09,106.81,1
5.426,-0.0410,0.0547,0.4609,-0.6914,5.8594,14.82,102.20,108.99,1
5.443,-0.0820,0.1914,1.9922,-0.4609,10.5703,14.82,104.04,109.57,1
5.464,-0.0898,0.2305,2.2617,0.3047,10.7695,14.82,106.27,107.61,1
5.477,-0.0762,0.0078,2.4883,-1.0742,9.0039,14.82,105.51,109.12,1
5.494,-0.1113,0.0840,1.1484,-0.0781,9.6523,14.82,108.77,110.56,1
5.511,-0.0840,0.0586,1.5313,0.1523,9.2695,14.82,104.91,112.01,1
5.532,-0.0234,-0.1641,1.5313,-0.3828,7.1250,15.58,105.64,111.20,1
5.545,-0.0918,0.0703,3.6406,-0.7656,12.8281,15.58,107.61,113.70,1
5.563,-0.0840,0.1445,3.2578,-1.5703,11.6797,15.58,110.31,113.26,1
5.580,-0.0215,-0.1016,0.5742,-0.9961,4.7539,15.58,108.99,114.42,1
5.596,-0.1152,0.0059,1.3008,-0.9180,8.3906,15.58,111.40,115.54,1
5.613,-0.0801,-0.0625,1.8789,-2.2969,8.4219,15.58,113.74,114.23,1
5.634,-0.0059,-0.1445,2.9883,-1.4922,11.9531,15.58,112.30,117.58,1
5.651,-0.0215,-0.0312,0.0000,-2.4531,5.4414,15.58,114.68,115.42,1
5.664,-0.0664,0.0332,1.5313,-0.0781,7.2031,15.58,116.14,116.86,1
5.682,0.0059,-0.0879,2.7578,-0.9570,10.6875,15.58,114.67,120.77,1
5.698,-0.1328,-0.0293,2.3359,-2.0703,12.4062,15.58,115.66,115.65,1
5.716,-0.0742,0.0547,2.9883,-0.1914,10.4922,17.17,117.38,118.57,1
5.732,0.0078,0.0586,2.9883,-1.9141,10.2305,17.17,115.00,121.18,1
5.751,0.0273,0.0332,0.3047,-1.8398,6.3594,17.17,114.74,117.81,1
5.766,-0.0957,0.1270,3.8320,0.1133,10.7969,17.17,115.33,119.93,1
5.783,-0.0039,0.1738,2.4141,-1.4570,10.7969,17.17,116.20,120.28,1
5.803,0.0586,0.1582,1.8008,0.0391,9.7695,17.17,116.48,119.40,1
5.822,0.0566,0.0605,0.9961,-0.1914,7.7773,17.17,116.85,121.24,1
5.834,-0.0078,0.2187,0.7266,-1.6836,8.7734,17.17,118.75,121.12,1
5.853,0.0605,0.0996,1.4180,-0.4219,10.1875,17.17,120.82,121.04,1
5.871,0.0664,0.1719,2.2969,-1.4180,11.6016,17.17,119.02,121.77,1
5.885,-0.0195,0.0781,-0.3828,-0.9180,7.6562,17.17,120.99,121.82,1
5.902,0.0176,0.0176,-0.2695,0.5352,5.7461,17.17,122.59,122.76,1
5.920,0.0508,0.1758,1.8789,-0.3437,11.2187,18.00,122.03,127.11,1
5.936,0.0371,-0.0977,-0.6914,-0.6914,5.9375,18.00,122.00,126.09,1
5.953,0.0137,-0.0020,-0.1523,-0.0391,7.6562,18.00,123.70,129.60,1
5.971,0.0117,-0.0684,1.5703,-0.1133,10.7305,18.00,125.80,130.75,1
5.987,0.0352,-0.0430,-0.9961,-0.4961,4.8633,18.00,126.66,129.90,1
6.005,0.0176,-0.2383,1.6094,-0.1133,8.9258,18.00,124.64,133.26,1
6.024,0.0117,-0.3496,2.2617,-1.0742,9.5391,18.00,125.47,129.12,1
6.040,-0.0312,-0.2559,1.1875,-0.6914,8.8437,18.00,127.40,131.54,1
6.055,0.0469,0.0371,0.5742,-0.5352,7.3945,18.00,126.82,132.71,1
6.072,0.0078,0.0371,3.9453,-0.2695,10.9180,18.00,130.65,134.05,1
6.090,-0.0176,0.0586,3.6406,-0.4609,10.9141,18.00,129.82,137.91,1
6.106,0.0156,-0.3496,-1.5313,-1.4922,3.6055,18.00,128.88,137.51,1
6.123,-0.0332,-0.2910,3.6016,-0.1133,10.4570,20.32,128.82,135.10,1
6.140,-0.0312,-0.1094,6.7812,-0.8047,17.3516,20.32,130.58,135.81,1
6.157,0.0469,-0.1504,0.7266,-1.8789,8.7383,20.32,127.81,134.50,1
6.177,0.0098,-0.2148,3.6758,-1.9531,15.8203,20.32,127.98,138.66,1
6.194,-0.0039,-0.1289,6.0898,-0.6133,17.1250,20.32,128.17,136.86,1
6.210,0.0117,-0.1641,0.9570,-0.1133,8.5820,20.32,128.49,136.82,1
6.226,0.0137,0.2402,-1.9922,-1.1094,7.1289,20.32,129.74,135.57,1
6.242,0.0059,0.3496,2.3359,-0.8047,11.0742,20.32,132.24,134.34,1
6.261,-0.0078,0.4609,5.8984,-0.8828,16.7734,20.32,134.68,135.69,1
6.276,0.0293,-0.3008,-0.6523,-1.1484,7.3945,20.32,134.73,134.92,1
6.293,0.0156,-0.2812,-1.5313,-0.7656,5.3633,20.32,133.03,140.77,1
6.312,0.0000,-0.1797,4.4062,-0.6523,12.4883,20.32,137.12,140.39,1
6.327,0.0527,0.3437,3.8672,-1.0742,9.3828,20.41,133.71,138.16,1
6.344,0.0469,0.3008,-0.3437,-0.2695,6.1680,20.41,132.71,139.39,1
6.364,0.0332,0.3027,2.2969,0.9180,12.6836,20.41,131.53,135.30,1
6.382,0.0156,0.3535,5.4766,-0.3828,18.9648,20.41,133.08,135.81,1
6.395,-0.0391,0.1699,-2.7187,0.9961,5.5977,20.41,132.42,137.97,1
6.414,-0.0352,0.1758,-2.6055,0.0781,4.6758,20.41,132.08,139.51,1
6.431,0.0000,0.2461,0.1523,-1.9141,8.9258,20.41,133.46,140.96,1
6.446,0.0000,-0.0703,-1.7227,-0.6914,5.7812,20.41,131.25,136.84,1
6.463,-0.0586,0.0820,-0.2695,-0.6914,9.2695,20.41,129.50,137.70,1
6.481,-0.0293,0.2148,1.1875,0.0391,12.5273,20.41,129.33,138.70,1
6.497,0.0078,0.1152,-1.2266,-0.7656,8.1992,20.41,135.15,137.93,1
6.514,-0.1191,0.0527,-0.2695,0.7656,6.2812,20.28,135.48,140.02,1
6.534,-0.0703,0.0566,0.0000,-1.9531,7.6953,20.28,134.37,143.31,1
6.548,-0.0156,-0.0820,0.0000,-1.9531,7.6953,20.28,135.15,139.76,1
6.567,-0.0879,-0.0977,0.7266,-1.9141,11.0352,20.28,134.68,139.41,1
6.584,-0.0605,0.0273,2.3750,0.1133,15.1680,20.28,133.44,141.42,1
6.600,0.0000,0.0176,-0.6523,-0.4219,9.8437,20.28,131.37,140.23,1
6.616,-0.1035,0.1836,-0.4219,-0.8438,10.0703,20.28,131.94,138.06,1
6.633,-0.0547,-0.0840,-3.7539,-0.3437,4.4102,20.28,133.78,137.12,1
6.650,-0.0195,-0.0742,-0.1523,-1.5313,10.4570,20.28,133.94,136.89,1
6.667,-0.0547,-0.0391,0.4961,-0.7266,11.6016,20.28,133.21,140.88,1
6.684,-0.0410,0.0801,-0.4609,-1.1875,8.9219,20.28,134.16,140.11,1
6.701,-0.0391,-0.0781,-3.5234,-0.3047,3.9883,20.28,128.30,141.24,1
6.718,-0.0820,0.0059,0.5352,-0.6523,12.9102,20.24,131.03,136.72,1
6.736,-0.0625,0.0449,-1.4570,-2.2227,9.0430,20.24,129.80,136.61,1
6.753,0.0039,0.0156,-4.0625,-0.3437,3.9453,20.24,129.80,138.39,1
6.770,-0.0039,-0.0059,0.9570,-1.4570,12.0273,20.24,128.25,138.39,1
6.786,-0.0391,-0.0820,0.0000,-1.8008,10.9570,20.24,130.50,138.60,1
6.804,-0.0234,-0.0020,-1.4180,-0.8828,9.0039,20.24,130.38,137.02,1
6.821,0.0117,-0.0391,-0.6523,-1.1875,8.6953,20.24,129.30,134.61,1
6.837,-0.0410,0.1660,1.9141,-0.5352,13.3672,20.24,127.89,134.14,1
6.854,0.0156,0.0781,-1.9531,-0.6523,7.8125,20.24,127.39,134.44,1
6.871,0.0273,0.1504,-1.2266,-0.1133,8.6211,20.24,126.45,133.90,1
6.893,-0.0059,0.1621,-1.6094,-0.9570,6.6250,20.24,125.94,134.64,1
6.905,0.0332,-0.0742,-1.6094,-0.9570,6.6250,20.24,126.94,133.05,1
6.924,-0.0059,-0.0527,-0.0781,-0.8828,11.4922,20.87,126.39,134.95,1
6.942,-0.0039,-0.0215,-0.0391,-0.0391,11.5312,20.87,125.83,131.93,1
6.956,-0.0234,0.1484,-2.4883,-0.9180,7.2383,20.87,126.20,132.43,1
6.975,-0.0156,0.1719,-0.8828,-0.3047,9.6523,20.87,125.58,132.31,1
6.991,0.0195,0.0020,-0.8047,-1.0742,10.0039,20.87,126.26,132.14,1
7.007,-0.0508,0.1777,0.1914,-2.1055,10.4961,20.87,127.50,136.72,1
7.025,0.0000,0.1230,-0.0781,-1.1094,9.3086,20.87,128.34,134.17,1
7.042,0.0781,-0.1855,-2.7187,-1.0352,4.4102,20.87,129.74,134.88,1
7.063,0.0781,-0.2227,-0.8047,-0.5742,4.3672,20.87,132.24,134.90,1
7.075,0.0195,-0.1875,-0.8047,-0.5742,4.3672,20.87,131.10,137.17,1
7.095,0.0742,-0.3066,3.6406,-0.5352,11.9883,20.87,129.48,138.72,1
7.113,0.0703,-0.0723,2.7187,-1.8789,13.3672,20.87,127.88,139.55,1
7.127,0.0547,-0.1582,3.1016,0.6133,12.9844,21.26,127.58,138.77,1
7.144,0.0801,0.0371,-0.4961,-0.2305,7.2383,21.26,128.22,137.36,1
7.160,0.0684,0.0566,-0.1523,-0.4219,9.8086,21.26,128.75,133.37,1
7.177,0.0645,-0.1230,-2.8711,-0.8828,6.7422,21.26,129.89,133.28,1
7.194,0.0684,-0.1172,-0.4961,-0.6914,11.8398,21.26,129.82,133.12,1
7.212,0.0879,-0.0312,0.3047,-0.7656,11.9883,21.26,128.85,133.87,1
7.231,0.1055,-0.1230,-0.3047,-0.5352,9.0000,21.26,130.21,134.63,1
7.245,0.0547,0.0527,-0.6523,0.1914,8.5000,21.26,127.96,134.90,1
7.262,0.0898,-0.0156,0.7266,0.3828,10.1094,21.26,127.57,134.39,1
7.284,0.0781,0.0547,-0.9570,-1.3398,8.9648,21.26,127.45,133.30,1
7.297,0.0605,0.0391,1.9531,0.1133,11.4180,21.26,126.55,132.45,1
7.314,0.0586,0.1719,1.3789,-0.8828,8.8125,21.26,127.98,132.94,1
7.332,0.0449,0.2285,1.6484,-0.5352,9.3437,22.04,127.50,136.84,1
7.347,0.0625,-0.1738,0.3047,-0.0391,8.1172,22.04,128.37,136.86,1
7.365,0.0352,-0.1855,-2.2227,0.3828,6.3203,22.04,130.26,136.44,1
7.381,0.0469,-0.2129,-2.1445,-0.3047,6.8555,22.04,129.38,133.76,1
7.400,0.0312,-0.1035,1.6094,-0.3047,14.3984,22.04,129.72,134.92,1
7.415,0.0039,0.2656,3.2187,-0.6523,15.9727,22.04,130.89,134.77,1
7.432,0.0273,-0.0137,-0.4961,0.1523,7.5469,22.04,128.87,271.81,1
7.453,-0.0137,-0.0020,-3.1016,0.1133,5.8242,22.04,128.68,137.23,1
7.471,-0.0723,-0.0195,-1.2656,0.6523,7.6250,22.04,129.07,136.00,1
7.484,-0.0254,0.0410,1.3008,-0.9180,10.4961,22.04,129.97,137.59,1
7.501,-0.0742,0.1406,2.2227,-1.4922,12.6797,22.04,128.47,138.18,1
7.517,-0.0469,-0.0859,1.1875,-1.5703,9.5430,22.13,130.51,134.50,1
7.534,-0.0449,-0.1367,-0.7266,-1.4180,7.6562,22.13,131.06,134.88,1
7.551,-0.0469,-0.1113,-0.3828,-0.7656,6.8945,22.13,131.80,136.41,1
7.570,-0.0488,-0.1035,-1.3398,-1.3008,5.3242,22.13,132.00,137.53,1
7.585,-0.0605,0.1719,1.8008,-0.0391,10.3828,22.13,129.82,138.97,1
7.602,-0.0273,-0.0371,1.4180,-1.4922,9.9258,22.13,129.60,134.68,1
7.624,-0.0488,-0.0430,-0.5742,-1.5313,10.4531,22.13,130.26,135.63,1
7.636,-0.0430,0.0312,-0.5742,-1.5313,10.4531,22.13,129.90,136.63,1
7.655,-0.0078,-0.0254,-1.6094,-0.3437,6.5859,22.13,129.97,138.29,1
7.673,-0.0625,0.0977,-0.2305,-1.5703,10.2695,22.13,132.73,139.14,1
7.687,0.0000,-0.0762,1.6484,-0.9180,11.6406,22.13,130.51,139.28,1
7.704,-0.0195,-0.0020,0.1914,-1.8008,10.0312,22.13,131.49,138.64,1
7.722,-0.0430,-0.0410,-0.0781,-1.2266,10.1094,22.45,132.08,136.00,1
7.738,-0.0137,-0.0996,-3.9883,-0.4219,3.6406,22.45,130.70,134.57,1
7.755,-0.0488,-0.0859,-0.9961,-0.4609,8.8867,22.45,132.14,139.63,1
7.772,-0.0117,-0.1426,0.1133,-0.4609,8.3516,22.45,132.89,142.53,1
7.790,-0.0137,-0.1758,2.6797,-0.9570,10.6094,22.45,133.42,141.56,1
7.806,-0.0430,0.0156,1.6094,-0.2695,8.6992,22.45,135.24,137.89,1
7.823,0.0078,-0.1367,1.0742,-1.3398,9.8828,22.45,132.50,138.05,1
7.844,-0.0195,-0.0508,0.2695,-0.4961,10.3047,22.45,134.66,138.41,1
7.857,-0.0195,0.0273,-1.1875,-0.4961,7.4727,22.45,133.48,138.99,1
7.874,0.0020,0.0488,-0.6914,-1.6484,7.2070,22.45,132.78,139.47,1
7.892,-0.0293,0.1172,0.0391,-0.9180,10.4141,22.45,131.87,140.51,1
7.911,-0.0234,0.0898,0.1133,-1.0352,11.3750,22.45,131.82,138.97,1
7.925,-0.0039,-0.1367,-0.7266,-1.6836,7.8945,22.52,131.84,139.66,1
7.942,-0.0137,-0.1367,0.0391,-0.5742,10.7266,22.52,131.51,141.64,1
7.961,0.0273,-0.0859,0.0781,-1.1875,11.3359,22.52,130.92,140.67,1
7.976,0.0000,0.0059,3.3711,-0.1523,16.1680,22.52,133.07,138.06,1
7.993,0.0059,0.1172,2.0312,-0.7266,11.1523,22.52,133.58,137.53,1
8.013,0.0449,-0.0527,0.8438,-0.0391,9.2305,22.52,135.37,137.99,1
8.028,-0.0117,0.1484,-0.5742,-0.8047,7.2344,22.52,132.70,137.23,1
8.044,0.0332,-0.0996,0.1523,-1.2656,8.5391,22.52,132.42,141.08,1
8.062,0.0586,-0.1562,-2.0703,-0.1523,5.6328,22.52,132.42,140.77,1
8.078,0.0332,-0.0605,2.7187,-0.1523,13.2500,22.52,134.79,137.95,1
8.095,0.0469,0.1230,2.6445,-1.0352,11.6797,22.52,133.48,136.91,1
8.112,0.0078,0.3242,3.6758,-1.0352,14.7539,22.52,133.33,136.48,1
8.130,-0.0098,0.3418,1.3398,-0.5352,10.7305,22.59,132.21,137.78,1
8.146,0.0215,0.1602,-0.6133,-1.1875,7.3906,22.59,131.46,138.66,1
8.164,0.0098,0.1875,-0.7266,-0.4961,8.7383,22.59,130.86,137.93,1
8.184,0.0391,0.0703,-0.0781,-0.0391,8.6211,22.59,131.46,137.32,1
8.197,0.0039,0.0098,-0.0781,-0.0391,8.6211,22.59,133.60,139.31,1
8.214,0.0156,-0.0312,-1.1094,-0.2305,7.1289,22.59,133.65,137.06,1
8.234,0.0410,-0.0879,-0.7266,-0.3828,10.2656,22.59,133.98,139.10,1
8.250,0.0078,0.0156,-0.9961,-1.1875,9.9219,22.59,135.35,141.12,1
8.266,0.0312,-0.1387,-0.4219,0.2305,9.0039,22.59,131.87,140.71,1
8.282,0.0391,-0.1016,0.1523,-0.8438,9.4648,22.59,133.24,140.49,1
8.301,-0.0078,-0.1777,0.1523,0.0391,6.7070,22.59,134.81,142.49,1
8.316,0.0176,-0.0684,0.2695,0.1914,6.4687,22.59,135.78,144.47,1
8.333,-0.0176,-0.0215,1.6836,-0.8047,10.2656,23.74,137.31,143.80,1
8.351,-0.0312,-0.0059,-0.0391,-0.7266,7.5469,23.74,138.10,140.04,1
8.367,-0.0078,-0.0605,0.6523,-1.1094,10.1133,23.74,136.46,142.41,1
8.387,-0.0371,0.0645,-2.0312,-0.4961,6.3594,23.74,136.63,140.85,1
8.404,-0.0391,0.0020,1.0352,-0.3437,10.9141,23.74,135.76,143.76,1
8.420,0.0098,-0.2070,0.3828,-1.3789,8.4219,23.74,134.48,144.95,1
8.435,-0.0215,-0.1250,3.9062,-0.3828,15.5859,23.74,136.37,141.48,1
8.452,-0.0020,-0.0684,3.4844,-0.9961,15.1367,23.74,135.10,281.93,1
8.471,-0.0117,0.1445,1.1094,-1.2266,11.2617,23.74,134.90,142.27,1
8.486,-0.0234,0.1465,0.1914,-0.6523,9.4258,23.74,133.65,141.82,1
8.503,0.0078,-0.0566,-4.3281,-0.8438,2.5664,23.74,133.94,141.54,1
8.521,-0.0117,0.0469,-1.4922,-1.1094,8.2383,23.87,134.75,141.18,1
8.537,0.0234,-0.0957,-1.4922,-1.4922,7.5469,23.87,134.26,142.33,1
8.554,0.0293,-0.1484,0.8438,0.2305,11.4180,23.87,134.23,141.76,1
8.574,-0.0020,-0.0957,1.2656,-1.0742,11.0742,23.87,135.76,141.30,1
8.591,-0.0059,0.0176,0.8438,-0.3437,11.6836,23.87,134.70,141.64,1
8.605,0.0059,0.1621,-0.9180,-0.6523,8.0820,23.87,132.21,139.96,1
8.623,-0.0273,0.2305,0.8047,0.0000,9.3828,23.87,136.05,138.54,1
8.641,-0.0020,0.0137,-1.9531,-1.0352,4.9414,23.87,134.34,142.31,1
8.656,-0.0312,0.2051,0.7266,-0.7266,9.2656,23.87,134.07,142.51,1
8.674,-0.0215,0.1875,1.2656,-0.9180,9.4258,23.87,137.23,139.57,1
8.691,0.0195,0.0371,-0.7266,-0.4609,7.0898,23.87,136.80,141.24,1
8.707,-0.0078,0.0156,1.2656,-0.5742,10.8008,23.87,135.76,141.26,1
8.724,0.0039,-0.0312,-1.3789,-1.0742,7.0078,23.91,135.30,142.03,1
8.744,0.0234,0.1035,-0.7266,-1.3398,8.0820,23.91,133.71,142.17,1
8.762,-0.0137,0.1758,-0.9570,-0.3437,8.4648,23.91,134.17,142.13,1
8.776,0.0176,-0.0410,0.6914,-0.7266,10.6523,23.91,137.72,141.68,1
8.793,-0.0020,0.0039,-1.7617,0.0391,6.1680,23.91,136.54,142.21,1
8.811,-0.0430,0.1016,2.1445,-0.6133,11.5352,23.91,136.61,144.49,1
8.826,0.0449,-0.1367,-1.3008,-1.1484,6.7852,23.91,135.06,145.54,1
8.843,0.0039,-0.1973,-1.3789,-0.3047,6.3594,23.91,135.32,142.41,1
8.860,-0.0332,-0.0762,1.9922,-0.1523,11.4961,23.91,133.71,142.31,1
8.877,0.0488,0.0195,0.4609,-1.5703,10.6484,23.91,136.69,144.01,1
8.894,0.0039,0.0410,0.5742,-0.6523,9.1172,23.91,139.53,144.07,1
8.911,-0.0156,-0.0117,-0.6523,-0.7266,6.4727,23.91,138.24,145.20,1
8.928,0.0312,-0.0098,-0.4961,-0.8438,6.5898,24.52,135.56,143.25,1
8.947,0.0078,0.0918,1.9141,-1.1094,11.4922,24.52,135.78,143.06,1
8.964,0.0234,0.0430,2.1445,-0.8828,12.6406,24.52,135.52,142.31,1
8.980,0.0469,-0.0410,-1.6484,-0.6523,8.3164,24.52,135.78,144.40,1
8.996,0.0215,0.1406,0.9570,-0.6133,11.8008,24.52,138.39,141.42,1
9.013,0.0527,-0.0195,-0.4609,-0.4609,9.7656,24.52,137.91,141.14,1
9.031,0.0273,-0.0195,-0.6914,-1.4570,9.2266,24.52,139.65,141.84,1
9.047,0.0449,-0.1230,-1.3008,0.0781,7.8516,24.52,136.89,145.43,1
9.064,0.0312,-0.0176,-1.6836,-0.9961,7.6250,24.52,136.59,144.76,1
9.081,-0.0137,0.0840,0.3828,0.4609,10.1914,24.52,136.22,144.43,1
9.098,0.0430,-0.1172,-1.8008,-0.6133,7.5508,24.52,137.87,142.84,1
9.117,0.0078,0.0215,-0.2695,-1.1094,8.7734,24.52,137.89,144.82,1
9.134,-0.0215,0.1016,0.3437,-0.6914,8.8164,24.56,137.91,145.18,1
9.151,-0.0137,0.0781,2.2617,-0.1133,12.1016,24.56,138.54,145.22,1
9.166,-0.0117,-0.0195,-0.3047,-0.5352,6.8945,24.56,136.02,144.59,1
9.183,-0.0371,-0.0293,0.9570,-0.1133,9.7656,24.56,134.92,144.57,1
9.200,-0.0137,-0.0312,0.3437,-0.9570,10.0039,24.56,137.06,145.35,1
9.217,-0.0039,-0.0410,1.1484,-0.8047,11.7578,24.56,138.37,144.89,1
9.235,-0.0156,0.0879,2.3359,-0.1523,12.2617,24.56,136.86,142.13,1
9.252,0.0117,0.0371,-2.2617,-1.8008,6.7812,24.56,138.27,141.80,1
9.268,-0.0215,0.1641,-0.6523,0.0781,8.0078,24.56,136.65,142.15,1
9.285,-0.0020,0.0605,-0.6914,0.0000,8.8437,24.56,136.26,147.36,1
9.304,0.0273,0.0488,2.2969,0.0781,11.3008,24.56,135.45,147.28,1
9.323,-0.0293,0.0488,-2.0312,0.0000,4.8984,24.45,138.73,142.88,1
9.337,0.0195,0.0488,-2.6445,-0.8828,5.4805,24.45,138.54,141.92,1
9.354,0.0410,-0.1543,-3.4492,-0.4609,5.8633,24.45,139.24,140.04,1
9.370,-0.0234,-0.1348,-0.8047,-0.9570,11.4180,24.45,136.65,145.90,1
9.387,0.0215,-0.0391,-0.4219,-1.0352,10.1523,24.45,134.90,146.03,1
9.404,-0.0195,0.1602,2.7187,-0.8438,12.7227,24.45,138.12,143.51,1
9.421,-0.0508,0.1367,0.1133,-0.4609,8.3516,24.45,140.79,143.39,1
9.438,0.0176,-0.1641,-4.2539,-0.4609,0.8047,24.45,138.26,146.16,1
9.455,-0.0488,-0.2031,-1.2656,-0.4219,5.7852,24.45,137.49,145.20,1
9.476,-0.0547,-0.0234,3.6406,-1.4180,16.1250,24.45,136.37,146.37,1
9.494,-0.0254,-0.0352,2.4883,-0.3828,13.5664,24.45,140.25,146.99,1
9.507,-0.0859,0.2148,-3.6055,-0.7656,2.3359,24.45,140.41,146.71,1
9.524,-0.0273,-0.1230,-0.1523,0.0391,7.4727,24.50,139.88,147.21,1
9.540,0.0137,-0.2734,-1.8789,-0.8047,6.3984,24.50,140.33,145.05,1
9.557,-0.0195,-0.1641,1.4180,-1.9531,14.0195,24.50,136.11,147.49,1
9.574,0.0078,-0.1289,2.8359,-0.8047,16.7422,24.50,134.66,146.71,1
9.591,0.0098,-0.0039,1.0352,-1.2266,12.4453,24.50,138.03,145.96,1
9.608,-0.0195,-0.0430,-0.4961,0.0391,8.4219,24.50,142.55,144.53,1
9.625,0.0195,-0.4512,-6.2070,-0.0391,-2.2227,24.50,139.06,148.02,1
9.643,-0.0371,-0.0781,5.8984,-0.4219,19.1914,24.50,136.86,146.13,1
9.664,-0.0645,0.0918,0.1914,-1.0352,13.1758,24.50,134.92,146.03,1
9.677,0.0469,0.0820,1.0352,-0.1914,12.3398,24.50,135.74,142.21,1
9.695,-0.0566,0.2090,-0.0391,-0.3828,7.0469,24.50,137.63,141.68,1
9.711,-0.0723,0.0098,-1.6484,-0.1133,5.8594,24.50,138.24,143.74,1
9.727,0.0410,-0.1445,-0.8828,-1.1875,6.7070,24.58,139.02,145.37,1
9.745,-0.0215,-0.1328,0.9180,-0.3437,9.6094,24.58,136.02,143.66,1
9.762,-0.0449,0.0488,2.2227,-1.4180,14.0977,24.58,134.79,144.24,1
9.780,-0.0156,0.0645,-0.2695,-0.5742,10.4180,24.58,138.50,143.31,1
9.796,-0.0273,0.1230,1.2656,-0.9570,12.5234,24.58,138.08,144.89,1
9.812,-0.0312,0.1074,-0.8828,-0.4609,7.9727,24.58,138.64,145.18,1
9.833,-0.0059,-0.0449,1.4922,-0.4219,11.0312,24.58,139.68,142.11,1
9.851,0.0215,0.0664,-0.7266,-1.0352,7.8555,24.58,136.72,143.55,1
9.864,-0.0293,0.0273,0.7266,-0.6133,10.1914,24.58,136.35,142.57,1
9.882,0.0215,-0.0195,-0.9570,-1.3398,8.3516,24.58,137.06,145.33,1
9.897,-0.0371,0.1621,0.0781,-0.2305,8.3555,24.58,140.39,142.69,1
9.915,-0.0195,-0.0684,-0.6523,-0.5742,7.1250,24.58,138.27,143.55,1
9.931,-0.0039,-0.0332,-0.3437,-0.7266,8.3516,24.58,136.44,144.97,1
9.950,-0.0234,-0.0234,1.6836,-0.0781,11.0352,24.58,138.47,144.09,1
9.965,0.0039,-0.0449,0.0781,-0.8828,7.3906,24.58,136.24,143.66,1
9.982,-0.0215,0.1152,2.2617,-0.3437,13.1016,24.58,137.38,142.80,1
10.004,-0.0430,0.1328,-1.4180,-0.0391,5.7852,24.58,138.45,142.27,1
10.016,-0.0039,0.0098,-1.4180,-0.0391,5.7852,24.58,138.41,145.96,1
10.035,-0.0547,0.1328,-1.7617,-1.2266,7.4727,24.58,137.61,144.74,1
10.054,-0.0410,0.1113,-0.1523,0.0781,8.6953,24.58,135.81,143.47,1
10.067,-0.0254,0.0312,-1.1484,-1.1484,7.6289,24.58,135.52,142.84,1
10.084,-0.0410,0.0918,0.6914,-1.1875,11.2969,24.58,135.78,143.18,1
10.101,-0.0176,-0.0332,-0.1133,-0.3437,9.0039,24.58,139.84,145.16,1
10.118,-0.0352,-0.1172,-1.2266,-0.6523,8.1211,24.58,139.26,144.65,1
10.135,-0.0293,-0.0234,1.4922,-0.4219,11.7578,23.89,137.06,144.43,1
10.152,-0.0156,-0.0625,-0.4961,-0.4219,8.1172,23.89,138.20,147.04,1
10.171,0.0254,-0.0039,0.3437,-1.1094,8.8164,23.89,137.76,146.65,1
10.186,-0.0312,-0.0312,-0.4219,-0.4609,7.9687,23.89,140.00,146.26,1
10.203,0.0137,-0.1406,-1.1094,-1.2656,7.4727,23.89,139.22,145.56,1
10.224,0.0215,-0.0742,0.0391,-1.4570,10.5742,23.89,139.92,143.97,1
10.238,-0.0117,-0.0625,0.9180,-0.8047,12.4492,23.89,139.00,146.76,1
10.255,0.0273,-0.0547,0.1133,-0.2305,9.7266,23.89,139.37,145.75,1
10.271,0.0039,0.0293,0.2305,-1.4180,9.5781,23.89,136.97,143.12,1
10.288,0.0039,-0.0781,1.1875,0.0000,12.2187,23.89,136.35,142.35,1
10.305,0.0176,-0.0840,-1.4922,-1.6094,8.4648,23.89,136.76,143.78,1
10.322,-0.0098,0.0156,0.1133,-0.4961,10.9531,23.89,137.74,143.45,1
10.341,0.0039,0.0254,-1.8398,-0.9570,6.7852,23.89,134.88,141.44,1
10.356,0.0215,-0.0352,-1.5313,-1.1875,7.2383,23.89,136.39,142.57,1
10.373,-0.0156,-0.0254,0.7266,-0.5352,10.5742,23.89,136.65,143.88,1
10.394,0.0000,-0.0527,1.6484,-0.8438,10.6523,23.89,138.06,147.69,1
10.412,0.0254,-0.1367,-2.1055,-0.7266,7.0898,23.89,139.16,146.54,1
10.424,-0.0078,0.1211,1.2656,-0.1914,13.5977,23.89,138.81,144.09,1
10.443,0.0234,-0.0312,-0.4219,-1.0352,9.2266,23.89,138.45,143.04,1
10.458,-0.0176,0.0898,-1.8789,-1.0352,6.4375,23.89,137.27,145.37,1
10.475,0.0137,-0.0254,0.2695,-0.4609,8.8477,23.89,138.60,146.18,1
10.492,0.0449,-0.1445,-1.3789,-0.4961,6.1289,23.89,141.06,145.03,1
10.511,0.0312,-0.2051,0.1523,-0.1914,8.6562,23.89,139.68,144.55,1
10.526,0.0117,-0.1348,1.6094,-0.7266,12.1406,23.91,139.41,146.97,1
10.543,0.0547,0.0195,1.9531,-0.7656,11.5312,23.91,135.56,147.41,1
10.563,0.0098,0.1230,-1.6836,-0.5742,7.6289,23.91,136.50,145.07,1
10.582,-0.0039,0.1562,0.3828,-1.5313,10.6133,23.91,139.04,141.28,1
10.596,0.0430,-0.0098,-1.1875,-0.7266,8.0078,23.91,136.84,142.51,1
10.613,-0.0078,0.1465,1.9531,-1.0352,12.6055,23.91,137.38,145.79,1
10.631,0.0195,0.1836,2.3359,-0.4219,11.9883,23.91,135.37,144.53,1
10.645,0.0195,0.0664,1.1094,-0.4219,9.1602,23.91,137.74,144.78,1
10.663,-0.0137,0.1406,-0.3437,-0.7656,7.8945,23.91,133.28,142.01,1
10.681,0.0293,-0.0352,-2.1445,-0.5352,5.8984,23.91,135.23,142.25,1
10.696,0.0176,-0.0645,-0.3828,-0.8828,11.2578,23.91,137.48,143.80,1
10.713,0.0312,0.0254,0.8438,-1.1094,12.4062,23.91,136.31,145.71,1
10.730,0.0332,0.0312,-0.7266,-0.6914,10.0703,24.24,138.58,142.41,1
10.747,0.0000,0.1582,0.7656,0.5352,9.8437,24.24,136.07,144.78,1
10.767,0.0469,-0.1777,0.5742,-0.3047,9.7305,24.24,137.14,145.45,1
10.784,0.0527,-0.1758,0.2695,-1.1094,11.6406,24.24,135.83,145.29,1
10.798,0.0391,0.1270,0.6133,-0.9570,12.3008,24.24,135.30,144.72,1
10.815,0.0586,0.0371,0.0781,-0.3828,10.8359,24.24,138.54,141.18,1
10.833,0.0508,-0.0254,-1.8398,-0.3047,5.7422,24.24,138.68,144.91,1
10.850,0.0059,0.0215,1.4180,0.1523,8.3516,24.24,137.42,145.07,1
10.866,0.0547,0.0078,-2.2617,-0.8047,1.6484,24.24,135.12,144.49,1
10.883,0.0234,-0.0547,-0.3047,-0.6133,8.1172,24.24,136.11,142.76,1
10.900,-0.0039,0.1621,3.4492,-0.7266,15.3242,24.24,134.43,140.59,1
10.917,0.0527,0.0742,2.3359,-0.9961,14.1758,24.19,137.38,144.93,1
10.934,-0.0039,0.2637,2.6445,-0.4609,14.3281,24.19,137.65,143.72,1
10.954,-0.0039,0.1914,0.0781,-1.1094,8.4609,24.19,138.08,143.84,1
10.971,0.0566,0.0371,0.4609,-1.1484,9.2695,24.19,134.73,142.67,1
10.985,0.0000,0.2520,2.3359,-0.6523,11.6797,24.19,272.55,144.76,1
11.002,0.0156,0.2734,0.6523,-0.1133,9.4648,24.19,132.56,141.62,1
11.020,0.0586,0.2187,-1.3789,-0.7656,7.3516,24.19,136.56,138.29,1
11.036,0.0449,0.0703,-0.1914,-0.8047,11.3750,24.19,136.33,139.35,1
11.054,0.0273,0.1758,-2.3750,-0.8047,7.6992,24.19,135.46,141.02,1
11.071,0.0195,0.2109,-2.4883,0.0000,4.5547,24.19,139.28,141.14,1
11.087,0.0430,-0.0312,-2.8359,-0.2305,2.9062,24.19,135.72,142.78,1
11.104,0.0469,-0.1953,-2.0312,-0.9570,6.9687,24.19,136.02,142.13,1
11.124,-0.0098,0.1152,-1.0742,-0.0391,7.2031,23.39,135.17,146.09,1
11.143,0.0039,-0.0957,-1.8008,0.5352,4.4102,23.39,137.48,141.34,1
11.155,0.0273,-0.1016,-1.3008,-0.5352,8.5391,23.39,136.07,141.94,1
11.175,-0.0293,-0.0293,-1.2266,-0.2305,6.5859,23.39,138.41,145.18,1
11.191,-0.0293,-0.0996,-1.6094,-0.5352,4.1367,23.39,137.48,146.46,1
11.206,-0.0273,-0.1074,-3.4453,-1.4570,1.6484,23.39,137.78,147.28,1
11.223,-0.0352,-0.0937,3.3320,0.1133,13.5937,23.39,140.04,148.63,1
11.241,-0.0273,-0.1348,3.2578,-0.3828,14.5937,23.39,138.58,148.30,1
11.257,-0.0664,0.1133,3.0273,-2.1055,14.8203,23.39,140.23,144.95,1
11.274,-0.0332,0.0391,0.1523,-0.0391,7.8164,23.39,138.54,143.95,1
11.291,-0.0039,-0.2480,-3.0664,-0.6523,4.1328,23.39,137.32,145.56,1
11.308,-0.0605,-0.0195,1.6836,-0.2305,12.9453,23.39,139.66,147.86,1
11.327,-0.0391,-0.0742,0.8047,0.4219,12.1016,24.26,142.17,148.41,1
11.344,0.0059,-0.2422,-0.6914,-0.7656,8.6953,24.26,138.97,146.16,1
11.361,-0.0039,-0.1758,0.5352,-1.3008,11.3789,24.26,135.39,147.28,1
11.376,-0.0410,-0.0684,1.1094,0.1914,14.1719,24.26,136.87,146.43,1
11.393,-0.0020,-0.0664,-2.1836,-1.5703,7.2031,24.26,137.65,144.82,1
11.411,-0.0391,-0.0664,-0.9180,-0.6914,9.5781,24.26,136.41,142.86,1
11.427,-0.0352,-0.0117,1.4180,-1.2266,13.9102,24.26,138.43,144.59,1
11.444,-0.0137,0.1152,0.0781,-0.5352,9.6484,24.26,138.75,144.68,1
11.461,-0.0879,0.1328,-0.6914,-0.6133,7.5859,24.26,137.80,145.86,1
11.478,-0.0273,-0.1133,-2.7187,-0.8828,5.9414,24.26,135.52,142.82,1
11.497,-0.0410,-0.0449,1.4180,-0.7656,13.3281,24.26,135.39,142.05,1
11.514,-0.0684,0.2227,0.8828,-1.6484,12.1797,24.26,134.90,144.38,1
11.532,-0.0195,-0.0508,0.0000,-0.8828,8.4219,23.54,139.49,142.55,1
11.546,-0.0645,-0.1172,-0.3828,-0.4961,10.1914,23.54,138.68,293.00,1
11.563,-0.0605,0.0879,1.5703,-1.6484,10.6133,23.54,138.83,147.86,1
11.582,-0.0078,-0.0078,-1.2266,-0.7266,5.7852,23.54,136.74,145.43,1
11.597,-0.0723,0.0078,-0.8828,0.2695,7.4727,23.54,137.04,144.11,1
11.614,-0.0410,-0.0605,-0.1523,-1.4570,10.0312,23.54,138.66,142.92,1
11.631,-0.0176,0.0059,0.9961,-1.2656,13.7500,23.54,137.99,144.95,1
11.648,-0.0586,0.1836,-0.4609,-0.2305,9.9258,23.54,140.17,141.58,1
11.665,-0.0039,-0.0977,-1.4922,-0.5352,6.0156,23.54,136.86,146.28,1
11.684,0.0176,-0.2246,-0.9570,-1.0742,7.0508,23.54,136.00,146.16,1
11.703,-0.0391,-0.1035,0.7266,-0.0391,10.4922,23.54,136.31,143.91,1
11.716,0.0020,0.0293,-1.1094,-0.8438,7.8125,23.54,135.69,142.96,1
11.734,0.0059,-0.0488,0.0000,-1.8398,10.4141,24.08,134.92,141.96,1
11.751,-0.0234,0.1348,3.1406,-0.3828,15.8242,24.08,135.92,143.55,1
11.767,0.0352,0.1289,-1.6484,-1.0742,7.2734,24.08,135.52,143.62,1
11.784,-0.0176,0.0508,-4.8594,-0.1914,-0.3437,24.08,136.84,141.62,1
11.801,-0.0293,0.0039,0.2695,-0.3828,8.1211,24.08,135.72,144.03,1
11.818,0.0039,-0.0078,2.2227,-0.5742,12.1797,24.08,136.87,145.14,1
11.835,-0.0488,0.1055,2.2227,-1.0742,14.4766,24.08,137.55,144.47,1
11.852,-0.0254,0.1621,-1.0742,-1.1484,10.1914,24.08,137.68,142.98,1
11.874,0.0566,-0.0195,-1.9141,-0.6133,7.1641,24.08,136.09,141.70,1
11.887,-0.0254,0.0469,0.0000,-1.6484,9.0391,24.08,136.07,143.02,1
11.903,0.0215,-0.1152,0.7266,-0.3437,9.6094,24.08,134.93,141.96,1
11.921,0.0469,0.0723,-0.0781,-0.6133,9.2305,24.11,135.94,145.16,1
11.937,0.0078,-0.0039,0.4609,-0.0781,10.0312,24.11,137.93,140.71,1
11.954,0.0293,-0.0566,-2.6797,0.0391,5.0937,24.11,138.41,140.17,1
11.972,0.0195,0.0059,0.1523,-1.6836,10.1133,24.11,136.35,140.69,1
11.988,0.0332,-0.0801,-0.2695,-1.1484,10.5352,24.11,133.90,143.41,1
12.005,0.0527,-0.0977,-0.7266,-1.1094,10.0000,24.11,135.03,143.20,1
12.022,0.0176,-0.1406,0.0391,-0.3828,10.0742,24.11,136.09,140.81,1
12.044,0.0059,-0.1504,1.4570,-0.1914,12.3789,24.11,135.46,142.31,1
12.058,0.0156,-0.0156,0.5352,0.1914,10.7266,24.11,136.87,142.71,1
12.074,-0.0156,0.0645,-0.6523,-0.9961,7.2344,24.11,138.20,141.62,1
12.091,0.0293,-0.1172,-0.4961,-1.1484,9.0391,24.11,137.78,145.92,1
12.107,-0.0059,0.0020,-1.0742,-0.8047,7.6289,24.11,135.45,142.29,1
12.124,-0.0078,0.0410,1.8398,0.0391,12.4453,23.43,136.17,143.58,1
12.141,0.0312,-0.1445,-1.3008,-0.3047,6.4375,23.43,134.44,146.03,1
12.158,-0.0371,0.1289,0.8047,-0.4219,9.3867,23.43,138.08,143.33,1
12.175,0.0215,-0.0645,-0.1914,-0.6523,9.7695,23.43,137.02,141.90,1
12.192,0.0391,-0.0234,0.0391,-1.6484,10.9180,23.43,134.34,140.85,1
12.214,-0.0117,0.1758,-0.6133,-1.1094,9.6523,23.43,133.49,144.57,1
12.231,-0.0449,0.1895,0.0781,-0.1523,9.0820,23.43,133.32,285.14,1
12.244,0.0117,0.1094,-1.6484,-1.3008,7.4727,23.43,133.60,140.61,1
12.263,-0.0449,0.1641,-1.9141,-0.6523,7.3945,23.43,134.12,139.49,1
12.277,0.0430,-0.0762,1.1875,-0.2695,12.0625,23.43,135.23,139.92,1
12.294,0.0059,0.0703,0.5742,-1.2656,11.1484,23.43,135.01,140.65,1
12.311,-0.0371,0.1484,1.7617,-0.0391,11.6016,23.43,133.92,141.46,1
12.328,0.0156,0.1016,-2.2969,-1.5703,5.9023,23.45,133.23,140.86,1
12.345,-0.0117,0.0195,-1.6484,-0.6133,6.5508,23.45,134.32,139.14,1
12.362,-0.0020,-0.0820,-2.7578,0.1523,4.5547,23.45,133.44,141.02,1
12.384,-0.0059,-0.0410,3.5234,-0.9961,15.6641,23.45,135.32,142.31,1
12.396,-0.0293,0.2285,3.5234,-0.9961,15.6641,23.45,137.16,142.25,1
12.416,-0.0137,0.0508,-1.4180,-0.6914,5.7812,23.45,137.08,142.82,1
12.435,0.0215,-0.1602,-2.7969,-1.2656,3.3320,23.45,137.49,142.17,1
12.447,-0.0176,-0.0723,1.4570,-0.4961,10.8008,23.45,136.37,142.03,1
12.464,0.0176,-0.1074,1.1094,-1.0352,12.1055,23.45,136.52,142.59,1
12.483,0.0078,0.0781,0.3828,-0.8438,10.9922,23.45,133.96,140.98,1
12.498,0.0195,-0.0605,0.8828,-0.6914,11.4961,23.45,137.93,141.60,1
12.515,-0.0078,0.0410,-3.9102,-0.7266,2.6445,23.45,136.82,139.22,1
12.532,-0.0488,0.0391,-0.8438,-0.7656,7.6602,23.56,137.68,141.58,1
12.551,-0.0215,0.0937,-0.8047,-1.3398,9.1172,23.56,133.14,145.12,1
12.566,-0.0215,-0.1426,0.9570,0.0781,10.6094,23.56,134.64,142.41,1
12.583,-0.0312,-0.0547,1.2266,-0.6133,11.6445,23.56,132.71,142.15,1
12.604,0.0000,-0.0625,1.0742,-0.0391,10.1875,23.56,135.78,140.27,1
12.618,-0.0156,-0.0273,0.7656,-0.9570,9.2695,23.56,134.93,140.08,1
12.634,-0.0098,0.0586,1.3008,-1.7227,10.4570,23.56,133.65,141.34,1
12.652,0.0215,-0.1152,-1.8398,-0.6133,5.4766,23.56,134.93,140.43,1
12.668,-0.0078,0.0664,-0.6523,-0.1914,8.5391,23.56,132.75,140.31,1
12.685,0.0059,-0.0059,-0.7656,-0.7266,10.0352,23.56,133.17,141.60,1
12.702,0.0352,-0.0430,-1.1094,-0.8047,9.1211,23.56,132.07,141.74,1
12.719,-0.0078,0.1094,2.2227,-0.6523,14.6367,23.84,134.64,141.52,1
12.736,0.0234,0.0684,0.1914,-0.6133,11.4180,23.84,133.53,140.29,1
12.753,0.0000,0.1211,1.3398,-0.9961,12.4102,23.84,136.57,139.59,1
12.773,-0.0078,0.1152,-2.4531,-0.8438,7.2383,23.84,135.45,138.31,1
12.789,0.0117,-0.0020,0.4219,0.1133,10.4570,23.84,134.70,140.49,1
12.805,-0.0684,0.1738,-1.5313,-1.2656,6.7070,23.84,133.03,138.95,1
12.824,-0.0137,0.0957,0.8828,-0.1133,9.8867,23.84,134.64,141.40,1
12.838,-0.0176,-0.0977,0.2305,-0.8438,7.8125,23.84,136.91,142.61,1
12.855,-0.0410,-0.0410,1.8008,-0.5742,9.3477,23.84,135.50,139.68,1
12.873,0.0020,-0.0371,-0.1133,-0.7266,8.6602,23.84,134.92,140.73,1
12.891,0.0293,-0.0215,0.0781,-0.9570,9.4648,23.84,136.72,141.44,1
12.906,-0.0234,-0.0312,1.8008,0.3047,12.5625,23.84,132.89,143.25,1
12.923,0.0020,-0.0312,-0.3828,-1.3789,9.5820,24.34,131.80,143.33,1
12.945,-0.0137,0.0430,-1.4922,-0.6914,6.1289,24.34,132.47,139.72,1
12.957,0.0195,-0.0059,-1.4922,-0.6914,6.1289,24.34,132.35,139.76,1
12.975,0.0391,-0.0508,-0.1523,-0.1914,10.5352,24.34,130.98,139.43,1
12.994,-0.0020,-0.0586,-1.4180,-1.4180,9.3867,24.34,134.16,140.47,1
13.008,0.0312,0.0254,-1.7617,-0.1133,8.3125,24.34,134.35,140.17,1
13.025,0.0059,0.0859,-2.6055,-1.3789,7.0898,24.34,135.19,138.97,1
13.043,-0.0195,0.0488,-0.2695,-0.1133,9.3477,24.34,133.92,138.83,1
13.060,0.0059,-0.1035,-0.8828,-0.1914,7.8516,24.34,133.12,139.78,1
13.076,-0.0156,-0.0059,0.6133,-1.4570,9.5820,24.34,133.82,141.96,1
13.093,0.0195,-0.0566,0.5352,-0.3437,10.3047,24.34,136.61,141.90,1
13.111,0.0234,-0.0625,1.6094,-0.8828,12.4062,24.34,134.93,139.63,1
13.127,-0.0078,0.0176,0.7266,-0.4609,9.7656,24.22,135.78,138.48,1
13.146,0.0273,-0.1973,-0.4961,-0.1523,8.1953,24.22,137.31,138.93,1
13.165,0.0020,-0.0898,-0.3047,-0.6523,8.9258,24.22,135.06,142.59,1
13.178,-0.0059,-0.1465,0.9961,-0.6914,12.0234,24.22,131.75,142.59,1
13.196,0.0449,-0.2461,0.2695,-0.8438,11.1484,24.22,132.50,139.68,1
13.212,-0.0039,-0.1445,0.0781,-0.2695,11.6016,24.22,133.73,143.45,1
13.231,-0.0234,0.0098,1.8398,-0.3828,12.7930,24.22,132.93,140.43,1
13.246,0.0195,-0.0430,-1.4180,-1.1094,7.9336,24.22,133.01,141.02,1
13.263,-0.0312,0.0781,2.1836,-0.1133,13.9766,24.22,134.55,140.10,1
13.281,0.0000,0.0020,-0.5742,-1.7617,7.0078,24.22,134.48,140.88,1
13.297,-0.0078,0.1113,-0.4961,-0.8828,7.6289,24.22,132.42,139.12,1
13.314,-0.0254,0.0859,-0.3437,-0.4609,8.7383,24.22,132.22,138.35,1
13.334,0.0098,-0.0742,-0.2695,-0.0781,9.1211,23.74,132.54,138.24,1
13.352,0.0195,-0.0957,-0.8438,-1.4922,9.5781,23.74,131.29,141.80,1
13.365,-0.0117,-0.0293,2.5273,0.2695,13.9766,23.74,131.27,139.37,1
13.384,0.0117,0.1523,1.9531,-1.6836,12.9102,23.74,132.70,139.65,1
13.401,-0.0137,0.3105,2.3750,-0.5742,14.1367,23.74,132.50,137.82,1
13.416,0.0195,0.0195,-1.0742,-0.8438,7.6250,23.74,131.32,137.31,1
13.433,-0.0156,0.0664,-2.5273,-0.4219,5.8203,23.74,131.03,138.48,1
13.452,-0.0234,0.0820,-1.8008,-0.2695,7.1250,23.74,131.75,139.49,1
13.467,0.0215,-0.1387,-2.1055,-1.5703,6.2070,23.74,132.57,138.08,1
13.485,-0.0273,-0.0547,0.7656,0.0781,10.5703,23.74,133.69,138.54,1
13.505,-0.0273,-0.1465,1.1484,-0.3828,10.2266,23.74,132.93,136.56,1
13.522,0.0215,-0.1289,-0.5742,-1.1094,10.4531,22.85,133.26,140.23,1
13.535,-0.0117,0.1367,-0.2695,-0.1914,10.1133,22.85,131.63,139.74,1
13.554,0.0059,0.0117,-0.2305,0.0391,9.6875,22.85,132.93,139.30,1
13.572,0.0137,-0.0449,-0.4219,-1.5313,8.3945,22.85,130.65,138.37,1
13.586,0.0059,-0.0117,3.0664,-0.0781,13.1016,22.85,130.04,137.84,1
13.603,0.0020,0.0566,-0.9961,-1.4570,5.9023,22.85,130.70,137.31,1
13.621,-0.0273,0.0312,-1.0742,-0.3437,5.0547,22.85,130.45,140.59,1
13.637,0.0254,-0.2090,-1.5313,-0.8828,7.2383,22.85,133.58,141.10,1
13.655,0.0059,-0.0898,0.5352,-0.8438,11.3359,22.85,132.56,136.54,1
13.671,-0.0273,-0.0215,0.1133,-0.3828,10.1914,22.85,132.54,137.25,1
13.688,0.0215,-0.0801,0.0000,-1.4180,11.0312,22.85,130.67,137.68,1
13.708,-0.0195,0.0078,-1.4922,-0.8438,6.8945,22.85,131.46,139.65,1
13.724,-0.0195,-0.0820,2.0703,-0.5742,13.1758,23.43,130.23,139.90,1
13.742,0.0156,0.0137,-1.9141,-1.1094,7.3555,23.43,130.45,139.45,1
13.756,-0.0078,0.1035,0.5352,-0.2695,10.9922,23.43,132.28,134.77,1
13.773,0.0156,-0.0078,0.1914,-0.1914,10.0742,23.43,132.38,136.33,1
13.790,-0.0020,-0.0117,-0.8438,-1.1875,7.7734,23.43,132.57,136.13,1
13.807,0.0117,0.0156,-1.7227,-0.0781,5.7070,23.43,132.59,137.89,1
13.824,0.0215,-0.0156,-1.2656,-1.6484,6.0195,23.43,131.91,139.61,1
13.841,-0.0391,0.1875,1.2656,-0.8047,13.0625,23.43,130.12,139.57,1
13.858,-0.0137,-0.0898,-0.9180,-0.7656,9.4609,23.43,127.73,275.18,1
13.878,-0.0137,-0.0078,-0.4961,-0.8828,9.3867,23.43,128.87,136.95,1
13.895,-0.0254,-0.0078,2.9883,-0.3437,14.7109,23.43,127.93,135.15,1
13.911,-0.0176,0.0430,-0.2305,-1.1094,9.2656,23.43,128.75,135.46,1
13.926,-0.0273,0.1953,-0.8047,-1.1484,6.7461,22.93,132.10,137.76,1
13.943,-0.0098,-0.0020,-2.7187,-0.6523,3.6016,22.93,129.68,137.55,1
13.961,0.0059,-0.1777,-3.2578,-0.9961,4.3711,22.93,133.14,135.48,1
13.977,-0.0117,0.0391,0.8828,0.5742,11.8789,22.93,132.40,135.57,1
13.994,-0.0059,0.0020,1.3789,-0.9570,11.3750,22.93,130.29,136.78,1
14.011,-0.0312,-0.0742,0.8047,-0.2305,9.8867,22.93,129.53,136.97,1
14.028,-0.0137,-0.0918,0.1133,-0.3437,10.0039,22.93,129.55,137.67,1
14.045,-0.0332,0.1719,0.5352,-1.6094,11.6055,22.93,129.12,137.84,1
14.064,-0.0566,0.2031,0.3437,-0.2305,9.6523,22.93,129.00,139.26,1
14.082,-0.0449,0.0391,0.3828,-0.5352,8.4219,22.93,131.35,135.30,1
14.096,-0.0488,-0.0879,-0.9570,-0.6914,7.1641,22.93,131.63,136.69,1
14.115,-0.0547,0.0312,1.8008,-0.5742,11.3750,22.93,130.75,136.74,1
14.131,-0.0332,0.0215,-1.5313,-0.8828,6.8516,23.63,131.42,136.97,1
14.147,-0.0605,0.0918,-1.6094,-0.8828,6.8945,23.63,129.43,138.79,1
14.165,-0.0234,-0.1055,-0.6914,-0.5352,6.9336,23.63,128.75,136.78,1
14.181,-0.0137,-0.0898,1.1094,-0.9180,11.6797,23.63,128.16,136.24,1
14.198,-0.0293,-0.0156,1.4570,-1.2266,13.5625,23.63,128.06,135.28,1
14.216,-0.0098,0.0820,0.3437,-0.5352,10.3477,23.63,127.86,137.10,1
14.232,-0.0527,0.2422,-0.2695,-1.2266,10.2656,23.63,131.42,138.68,1
14.254,-0.0605,0.2168,0.6914,-1.1484,10.3867,23.63,130.26,138.24,1
14.267,-0.0293,-0.0918,-0.7266,-0.3828,7.6289,23.63,131.30,136.71,1
14.285,-0.0430,-0.0898,0.6133,-0.9180,10.5312,23.63,131.27,137.31,1
14.302,-0.0215,-0.0996,-0.9570,-1.6484,9.1172,23.63,132.70,135.12,1
14.317,-0.0469,0.1445,0.8047,-1.1094,10.4141,23.63,129.38,137.55,1
14.334,-0.0039,-0.0449,-1.1875,-1.6094,6.2812,23.30,130.38,138.10,1
14.352,0.0020,-0.0918,-0.1523,-0.4961,7.8906,23.30,129.35,138.41,1
14.368,0.0059,0.0254,1.2266,-1.1875,10.3047,23.30,129.72,134.37,1
14.385,0.0215,0.0430,0.2305,-0.5352,9.5000,23.30,131.42,136.99,1
14.402,-0.0195,0.0820,0.7656,-0.4219,10.5312,23.30,131.94,135.78,1
14.424,-0.0410,0.1113,0.4219,-0.0781,11.7617,23.30,129.84,135.65,1
14.437,0.0039,0.0742,-0.4219,-1.3398,8.7734,23.30,130.02,136.99,1
14.455,-0.0176,0.0820,0.8828,0.1523,9.9219,23.30,130.33,137.76,1
14.472,0.0039,-0.0488,-0.4219,-0.9961,8.3164,23.30,130.04,137.70,1
14.487,0.0117,-0.1113,-1.1484,0.0391,8.2344,23.30,127.98,134.73,1
14.504,0.0176,-0.0547,0.1133,-0.6914,12.3789,23.30,127.44,134.64,1
14.521,0.0098,-0.0547,-1.8008,-0.5352,7.7383,22.41,127.99,133.76,1
14.538,-0.0117,0.1562,0.3047,-0.1914,10.7656,22.41,128.53,137.97,1
14.555,0.0234,-0.0430,-1.5703,-0.8438,5.5586,22.41,131.72,137.29,1
14.572,0.0020,-0.1289,0.0781,-0.3828,8.4219,22.41,129.42,137.78,1
14.595,-0.0391,-0.0391,-0.1133,-0.4609,9.9648,22.41,131.82,136.11,1
14.611,-0.0020,-0.1953,-1.2266,-0.6914,8.1562,22.41,132.05,136.93,1
14.624,-0.0254,0.0566,0.4961,-0.5352,10.6914,22.41,132.42,136.52,1
14.643,-0.0234,0.0137,3.5234,-0.5352,14.1719,22.41,131.82,136.48,1
14.657,-0.0195,-0.1367,0.3047,-0.9180,8.5391,22.41,129.15,139.80,1
14.675,-0.0215,-0.1445,1.6094,-0.3828,11.2227,22.41,128.88,138.24,1
14.691,0.0059,-0.0957,-1.7227,-1.8789,7.2070,22.41,129.57,138.05,1
14.708,-0.0234,0.0996,0.2695,-0.4609,9.8477,22.41,130.01,135.15,1
14.725,0.0117,-0.0430,-0.1523,-0.9180,10.4141,22.85,129.15,136.59,1
14.742,0.0176,-0.0742,0.6914,-1.3008,10.7305,22.85,129.92,135.48,1
14.759,0.0000,0.0312,0.0781,-0.4609,10.0039,22.85,129.22,135.10,1
14.776,0.0430,0.0996,-0.1523,-1.1094,9.9258,22.85,128.35,135.89,1
14.797,0.0098,0.2559,-0.6133,-1.1094,9.0391,22.85,126.53,132.86,1
14.814,-0.0156,0.2930,0.9180,0.1523,10.4141,22.85,126.36,132.89,1
14.828,0.0059,0.0684,-1.4922,-0.8047,6.1680,22.85,129.32,129.99,1
14.845,0.0273,-0.0371,0.5352,-1.3008,11.5352,22.85,129.40,130.65,1
14.861,0.0273,0.0273,-1.6836,-0.3828,9.2695,22.85,127.32,133.19,1
14.878,0.0098,0.0547,-3.2930,-0.4961,5.2812,22.85,129.33,135.70,1
14.895,0.0312,-0.2617,-7.0078,-0.3047,-1.3398,22.85,131.75,134.44,1
14.912,0.0527,-0.5586,-5.6680,-3.0273,4.2539,22.85,133.85,131.82,1
14.935,0.0039,-0.5996,0.2695,0.1914,16.0117,22.98,133.32,142.98,1
14.946,0.0410,-0.3125,0.2695,0.1914,16.0117,22.98,131.29,143.95,1
14.963,-0.0273,-0.3340,0.3828,0.4961,8.4648,22.98,130.55,140.29,1
14.984,-0.0312,-0.0781,6.2812,-2.2227,18.5000,22.98,129.62,141.44,1
14.998,0.0176,-0.2109,7.5469,-1.0352,15.3984,22.98,128.70,137.27,1
15.015,0.0195,0.2285,8.7344,-1.3008,16.5508,22.98,126.97,136.52,1
15.032,0.0449,0.3145,4.1758,-1.2656,6.4687,22.98,125.90,134.70,1
15.048,0.0410,0.3945,4.6367,-1.4180,7.5859,22.98,124.15,130.55,1
15.065,0.0566,0.6543,5.2852,-0.6523,11.8008,22.98,121.71,135.45,1
15.082,0.1367,0.3984,-3.9102,-3.0664,-3.8320,22.98,125.75,120.73,1
15.099,0.1309,0.1016,-3.2930,-1.3398,3.7148,22.98,126.55,112.04,1
15.116,0.1016,0.6172,2.7578,-1.3008,24.0195,22.98,116.29,131.73,1
15.133,0.0703,0.5566,-3.8320,1.7227,12.7227,22.17,114.98,128.19,1
15.154,0.0547,0.8145,-2.4883,0.0000,11.9844,22.17,118.25,129.20,1
15.168,0.0449,0.4102,-9.5430,-0.6133,-0.9961,22.17,126.49,120.41,1
15.185,0.0820,0.1172,-1.4180,0.3828,17.3945,22.17,124.07,131.04,1
15.203,0.0742,-0.0176,-5.2852,-0.5352,4.0234,22.17,127.60,134.77,1
15.218,0.0059,0.2246,-4.0977,2.4141,0.9180,22.17,129.30,132.29,1
15.235,0.0039,-0.0137,-10.4180,-0.0391,-12.5664,22.17,130.40,136.09,1
15.253,-0.0586,-0.1738,1.9141,0.5352,2.3359,22.17,133.98,138.03,1
15.272,-0.0117,-0.3945,-2.9883,0.6133,-6.0508,22.17,136.20,145.62,1
15.286,-0.0742,-0.6797,-2.8359,0.6523,-6.3984,22.17,133.99,145.35,1
15.303,-0.0117,-1.1875,-0.4219,0.7695,0.5742,22.17,125.60,146.86,1
15.324,-0.0625,-0.1113,1.2656,-2.9492,19.2266,22.17,118.46,134.01,1
15.337,0.0117,0.0605,1.2656,-2.9492,19.2266,22.17,127.63,244.38,1
15.357,0.0098,0.1934,-3.0664,0.4961,11.5312,22.17,128.19,123.84,1
15.375,-0.0664,0.1680,-3.7930,-3.4492,10.0352,22.17,125.83,126.71,1
15.388,0.0527,-0.1465,-6.0195,1.3008,3.6016,22.17,125.08,138.12,1
15.405,-0.0195,-0.3848,-9.3086,-0.1914,-5.3633,22.17,126.65,136.17,1
15.422,-0.0312,-0.7207,-4.2148,-0.1523,4.0625,22.17,126.84,138.16,1
15.441,-0.0547,-0.5410,0.3047,-1.9141,12.3359,22.17,122.93,137.29,1
15.456,0.0273,-0.3828,4.0234,-1.8789,15.9687,22.17,125.38,134.55,1
15.473,-0.0117,-0.2070,4.7891,-0.6523,17.5820,22.17,125.09,132.93,1
15.491,-0.0645,-0.0547,1.7617,-2.1445,12.5234,22.17,125.90,130.96,1
15.507,0.0547,-0.3281,-0.2305,-0.9570,10.2266,22.17,123.17,132.66,1
15.527,0.0176,-0.1504,1.2266,0.6133,10.3047,22.17,125.69,131.70,1
15.544,-0.0723,-0.0098,0.0781,-0.8047,7.8945,22.17,123.99,132.31,1
15.558,0.0723,-0.2676,2.6055,-1.0352,14.7812,22.17,122.00,129.62,1
15.575,-0.0195,0.1152,2.4883,-0.1914,15.8984,22.17,119.63,126.95,1
15.592,-0.0430,0.3437,4.0234,-3.3711,19.3438,22.17,125.34,124.81,1
15.611,0.0273,0.1758,1.1875,-1.7617,7.5898,22.17,125.61,125.79,1
15.626,-0.0449,0.0840,1.9141,1.0742,8.6953,22.17,122.73,129.62,1
15.643,-0.0195,0.0781,3.5234,0.3047,12.5664,22.17,121.48,132.07,1
15.661,0.0781,0.1738,3.0664,-2.4883,15.5195,22.17,127.02,130.33,1
15.677,-0.0254,0.3594,-0.5352,-1.0352,7.6992,22.17,125.66,129.60,1
15.694,0.0840,0.0703,-9.9648,0.1133,-5.9375,22.17,124.67,130.31,1
15.714,0.0879,0.2715,2.1836,-1.4570,11.1523,22.17,123.95,129.05,1
15.732,0.0937,0.1816,1.9922,-1.1094,12.2187,20.65,123.09,129.10,1
15.745,0.0508,0.2402,-2.9102,-1.1875,4.4102,20.65,123.93,128.55,1
15.763,0.1270,-0.0371,-2.0312,0.2305,6.1680,20.65,123.95,126.18,1
15.779,0.0117,0.3262,-2.0703,-0.8047,6.3242,20.65,122.84,126.21,1
15.796,0.0605,0.1270,-0.8828,0.2305,4.7930,20.65,123.96,127.94,1
15.813,0.0898,0.0430,-0.0781,-0.0391,5.0937,20.65,125.42,129.68,1
15.831,0.0703,-0.0391,2.4883,-0.2305,8.5430,20.65,125.36,129.55,1
15.847,0.0820,-0.1836,0.6133,-0.0781,7.8164,20.65,124.73,136.74,1
15.864,0.0625,0.0059,3.1797,-0.4609,12.0273,20.65,125.41,135.92,1
15.884,0.0625,0.0273,2.7187,0.0000,11.7227,20.65,124.50,134.21,1
15.903,0.0703,0.0000,0.6523,-1.5313,8.3906,20.65,125.99,132.94,1
15.915,0.0332,-0.0098,-1.1484,-0.0391,8.7344,20.65,129.45,131.10,1
15.935,0.0605,-0.1055,-2.6055,-0.9180,7.0898,20.08,127.34,132.77,1
15.952,0.0664,-0.1738,-1.1094,-0.2695,9.0000,20.08,126.61,131.44,1
15.966,0.0508,0.0273,1.9141,-0.3437,12.5234,20.08,125.53,132.31,1
15.983,0.0410,0.1484,0.8438,-0.0781,9.5039,20.08,126.66,132.10,1
16.001,-0.0156,0.1914,1.3398,0.9961,12.3359,20.08,125.45,132.15,1
16.017,0.0254,-0.0977,-2.0312,-0.9180,8.5391,20.08,124.66,133.16,1
16.034,-0.0195,-0.1445,-1.3008,1.2266,9.1172,20.08,125.83,133.01,1
16.056,-0.0312,-0.1582,3.2187,-1.1875,16.0898,20.08,124.81,132.94,1
16.068,-0.0293,0.1562,3.2187,-1.1875,16.0898,20.08,127.06,273.45,1
16.086,-0.0469,0.1406,-3.0664,0.3828,2.2227,20.08,127.63,132.36,1
16.105,-0.0117,-0.3184,-0.5352,-0.9961,6.8906,20.08,126.55,133.40,1
16.119,-0.0625,-0.1602,1.3789,-1.0742,10.6523,20.08,129.79,136.89,1
16.136,-0.0176,-0.1211,4.0625,-0.6523,15.4375,20.58,127.58,135.04,1
16.153,-0.0547,0.1797,4.4805,-1.6484,16.2813,20.58,128.50,136.30,1
16.171,-0.0957,0.2031,1.5703,-1.3398,10.6484,20.58,128.49,131.25,1
16.187,-0.0195,0.0391,-3.4844,-0.7656,2.7578,20.58,130.17,133.19,1
16.204,-0.0645,0.0254,1.0742,-1.0742,9.9219,20.58,126.55,133.76,1
16.221,-0.0391,0.0059,-0.6914,-1.2656,6.3203,20.58,128.42,134.35,1
16.238,-0.0703,0.1465,1.8789,-0.8828,11.5312,20.58,126.94,133.89,1
16.258,-0.0391,0.0645,1.6484,-0.8828,14.3281,20.58,125.00,133.82,1
16.274,-0.0020,0.1680,-0.9570,-1.8008,9.0391,20.58,124.55,132.77,1
16.292,-0.0273,0.2715,-0.1523,-0.4961,9.6914,20.58,124.08,130.19,1
16.306,-0.0020,0.0918,-0.3047,-1.0352,9.3828,20.58,125.94,129.45,1
16.323,-0.0176,-0.0020,-2.3359,-0.7656,4.3281,21.78,127.40,132.50,1
16.341,-0.0215,-0.0430,-0.6914,-0.6133,7.7773,21.78,127.10,133.12,1
16.357,0.0000,-0.0156,-0.3828,-1.8789,8.1211,21.78,128.07,134.17,1
16.374,-0.0020,0.0625,1.1094,0.0781,9.8437,21.78,130.06,134.84,1
16.392,0.0312,-0.0645,-0.4609,-0.8047,6.6641,21.78,128.12,135.34,1
16.408,0.0059,0.0566,0.6133,-0.4609,10.1094,21.78,128.83,134.73,1
16.425,0.0215,-0.0176,1.1094,-0.5742,10.2305,21.78,126.01,133.62,1
16.444,0.0430,0.0352,-2.1445,-0.5352,5.4414,21.78,129.33,132.75,1
16.463,-0.0137,0.1328,0.9180,-1.0352,10.8359,21.78,127.11,132.80,1
16.476,0.0410,-0.0137,0.7656,-0.4609,9.8437,21.78,130.63,133.30,1
16.495,0.0332,-0.1270,-1.3008,-0.7656,5.7070,21.78,129.72,134.16,1
16.511,0.0000,-0.1426,0.8438,-0.1523,11.1914,21.78,127.86,137.53,1
16.527,0.0293,-0.0840,-0.8438,-0.8438,9.1953,21.85,129.42,135.70,1
16.544,0.0215,0.0488,1.7617,-0.7266,12.6445,21.85,131.32,134.95,1
16.561,0.0371,-0.0059,1.6484,-0.4961,10.9961,21.85,130.31,134.92,1
16.578,0.0273,0.2461,2.1055,-0.9180,10.8359,21.85,129.70,133.65,1
16.595,0.0586,0.0254,-0.9961,-0.3828,6.7852,21.85,128.30,135.26,1
16.612,0.0488,-0.0020,-1.1875,-0.0781,7.9727,21.85,130.07,135.70,1
16.634,0.0156,0.1758,0.0781,-0.3437,10.6914,21.85,126.86,136.04,1
16.647,0.0645,-0.0410,1.2266,-0.6133,11.3008,21.85,127.10,135.39,1
16.665,0.0332,-0.0547,0.8047,-0.9570,10.5352,21.85,128.29,135.59,1
16.681,0.0508,0.0059,1.8789,-0.6133,11.9883,21.85,126.61,133.23,1
16.697,0.0625,0.0703,-2.5273,-0.3828,5.5977,21.85,129.22,132.28,1
16.714,0.0449,0.1152,0.0781,-0.3047,10.2695,21.85,130.02,135.57,1
16.731,0.0625,-0.0371,0.2305,-0.5742,9.1602,22.71,129.15,136.59,1
16.748,0.0410,0.1387,2.5664,-0.0781,13.4453,22.71,129.17,136.26,1
16.765,0.0645,0.0664,-0.1914,-1.2656,9.6914,22.71,129.03,132.78,1
16.782,0.0684,0.1016,-1.7227,0.0391,6.6289,22.71,131.53,133.87,1
16.799,0.0820,-0.1465,-3.6445,-0.3047,2.2617,22.71,129.72,134.12,1
16.817,0.0762,-0.1172,2.2617,-0.0781,12.9453,22.71,127.80,136.28,1
16.834,0.0371,-0.0566,-0.1523,-0.9961,8.3945,22.71,129.08,136.74,1
16.853,0.0664,-0.1738,0.8438,-0.4961,11.6836,22.71,129.58,137.40,1
16.867,0.0664,-0.0898,-1.1875,-0.6523,9.1602,22.71,131.48,137.34,1
16.884,0.0234,0.0391,0.9570,0.1133,10.5742,22.71,130.04,137.10,1
16.901,0.0801,-0.0352,0.3047,-0.7656,8.3516,22.71,131.86,135.41,1
16.918,0.0449,0.1230,1.4570,-0.5352,9.4648,22.21,131.89,136.48,1
16.935,0.0547,0.0742,2.3750,-0.5352,11.1133,22.21,129.89,137.59,1
16.953,0.0957,0.0000,-0.3047,-0.8047,6.6289,22.21,128.47,263.71,1
16.975,0.0723,0.0859,-1.7227,-0.3437,7.2734,22.21,129.52,137.74,1
16.992,0.0566,0.0996,0.5742,0.0391,10.5703,22.21,127.76,134.12,1
17.005,0.0566,0.0664,0.5352,-0.6914,10.4961,22.21,127.36,135.17,1
17.023,0.0645,0.1504,2.4883,-0.6523,14.1758,22.21,126.79,134.52,1
17.037,0.0820,-0.0254,-0.1914,-0.7266,10.7695,22.21,129.18,136.97,1
17.054,0.0410,0.0977,-1.1875,-0.6523,8.3125,22.21,126.98,134.46,1
17.071,0.0801,-0.0918,-2.0703,0.5352,6.4023,22.21,129.10,134.25,1
17.088,0.0254,0.2441,-0.7656,-0.8047,10.4922,22.21,130.55,134.39,1
17.105,0.0527,0.1465,1.0352,-1.6094,12.4492,22.21,131.49,135.34,1
17.122,0.1016,-0.0156,-0.8047,-0.1523,7.7773,22.48,130.43,137.44,1
17.139,0.0645,-0.1875,-1.2656,-0.5352,5.6641,22.48,130.53,137.02,1
17.156,0.0742,-0.2422,-2.9102,-0.4609,3.7930,22.48,130.57,139.30,1
17.174,0.0762,-0.0801,1.1484,0.7656,10.0039,22.48,131.32,139.14,1
17.193,0.0430,0.0059,2.9883,-0.6133,15.1328,22.48,129.90,139.70,1
17.208,0.0586,-0.1562,1.9922,-0.2695,12.8672,22.48,130.11,139.70,1
17.224,0.0234,-0.1113,0.0391,0.1523,9.0820,22.48,130.06,270.71,1
17.241,0.0312,-0.1035,-0.0391,-1.2266,9.3477,22.48,131.39,135.41,1
17.258,0.0059,0.1016,-1.5313,-0.3828,6.2422,22.48,131.51,138.50,1
17.275,0.0078,0.0352,-0.9961,-0.2305,7.2383,22.48,129.94,138.03,1
17.292,0.0781,-0.1953,-0.2695,-0.7656,8.0117,22.48,128.14,138.31,1
17.311,0.0508,-0.0977,4.0977,-0.2695,16.4297,22.48,128.27,136.15,1
17.327,0.0273,0.0195,1.5703,-0.7656,13.1406,22.17,127.53,134.92,1
17.343,0.0508,0.1543,1.0742,-1.0742,10.8750,22.17,128.34,134.92,1
17.364,0.0195,0.1738,-1.6094,-0.5352,6.7031,22.17,131.20,137.38,1
17.378,0.0352,-0.0137,0.3437,-0.3437,10.4141,22.17,130.53,137.72,1
17.394,0.0449,-0.0293,-0.2305,-0.1523,9.6523,22.17,130.29,136.37,1
17.412,0.0215,0.0762,2.8711,-0.6133,16.3906,22.17,130.38,137.42,1
17.428,0.0156,0.1035,-2.3359,-1.1094,6.8555,22.17,131.18,134.48,1
17.445,0.0098,0.0664,-2.0312,-0.2305,6.7852,22.17,128.72,134.54,1
17.462,0.0332,-0.0527,-2.2227,-0.6914,6.3594,22.17,129.40,134.23,1
17.479,-0.0352,0.2070,0.7266,-0.1133,10.4922,22.17,129.99,137.36,1
17.496,0.0156,-0.0059,-0.0391,-1.8008,8.8437,22.17,128.52,136.35,1
17.513,0.0410,0.0527,0.7266,-0.5742,10.6523,22.17,128.09,134.73,1
17.534,-0.0098,0.1816,-2.7578,-0.4219,4.5937,22.54,130.68,132.64,1
17.552,-0.0391,0.1641,-0.2695,0.0391,9.5430,22.54,131.15,133.53,1
17.565,-0.0254,0.0488,-1.3398,-1.5703,4.5586,22.54,131.48,135.96,1
17.583,0.0078,-0.0918,1.2656,0.0781,7.6953,22.54,131.73,136.00,1
17.598,0.0020,-0.3281,0.7656,-1.3398,9.3828,22.54,128.57,139.51,1
17.615,-0.0195,-0.1465,0.6523,0.0000,9.9648,22.54,129.75,139.08,1
17.632,0.0020,-0.0879,1.8789,-0.4609,12.5273,22.54,128.40,138.87,1
17.651,0.0156,-0.0410,1.1094,-1.6836,11.7578,22.54,129.37,137.21,1
17.666,-0.0234,0.1348,1.4180,-0.4219,10.9180,22.54,129.77,138.95,1
17.683,0.0176,0.0098,0.9570,-1.0742,8.9609,22.54,131.20,139.28,1
17.705,0.0371,-0.0742,-1.9922,-0.6523,6.7031,22.54,132.49,137.49,1
17.717,0.0078,-0.0762,-1.9922,-0.6523,6.7031,22.24,131.08,136.44,1
17.737,0.0020,0.1602,-1.6836,0.0781,7.4687,22.24,131.30,136.28,1
17.754,-0.0254,0.2344,1.3789,-0.3047,11.9180,22.24,130.19,135.45,1
17.768,-0.0195,-0.0664,1.7227,-0.4609,12.7930,22.24,131.37,135.30,1
17.786,-0.0469,-0.0078,-0.1914,-0.6133,8.9609,22.24,129.95,135.94,1
17.802,-0.0234,-0.0527,-0.9570,-0.8438,8.9648,22.24,128.57,137.51,1
17.821,-0.0117,-0.0430,-1.5313,-1.2656,8.3945,22.24,129.87,138.18,1
17.836,-0.0547,0.1191,1.0742,0.3437,11.7227,22.24,131.91,135.56,1
17.853,-0.0332,0.0801,1.3789,-0.1914,10.2695,22.24,130.14,135.69,1
17.871,-0.0527,-0.0078,1.8398,-1.3398,11.6016,22.24,131.20,134.43,1
17.887,-0.0449,0.0547,-1.0352,0.1133,6.0469,22.24,132.28,137.38,1
17.908,-0.0176,0.0078,-2.3359,0.1133,5.0977,22.24,129.77,138.35,1
17.925,-0.0781,0.0723,-0.1914,-0.6133,9.3086,22.54,130.04,139.33,1
17.938,-0.0469,-0.0879,2.9883,-0.0391,14.3633,22.54,128.93,139.51,1
17.956,-0.0742,0.0762,-0.2695,-1.3008,7.5508,22.54,129.33,137.36,1
17.972,-0.0937,-0.0254,0.3828,-0.9570,9.8047,22.54,128.01,137.27,1
17.991,-0.0781,-0.0723,-1.0742,0.0000,7.6602,22.54,131.25,138.03,1
18.006,-0.0898,-0.0762,-0.6523,-0.6133,9.1211,22.54,132.73,138.39,1
18.023,-0.0918,-0.0430,-0.0781,-1.0352,9.9219,22.54,131.91,139.82,1
18.042,-0.0664,-0.0742,1.1094,-1.5313,11.4922,22.54,132.94,136.11,1
18.057,-0.0859,0.1406,1.4570,-1.6836,10.3828,22.54,132.21,136.72,1
18.074,-0.0547,-0.0957,-1.9141,-1.0742,4.2891,22.54,132.01,139.82,1
18.095,-0.0527,-0.0977,-0.1523,-0.8047,10.0352,22.54,131.51,140.41,1
18.112,-0.0781,0.0430,1.2656,-1.3008,11.5312,22.54,129.65,140.41,1
18.125,-0.0410,0.0762,-0.9570,-0.7266,8.1211,22.56,130.79,135.87,1
18.143,-0.0781,0.1816,1.2656,-0.9180,12.5234,22.56,129.92,137.89,1
18.159,-0.0078,-0.1738,0.7266,-2.4141,11.6055,22.56,131.79,135.65,1
18.176,-0.0508,-0.0215,0.1523,-0.8438,8.3125,22.56,131.77,137.38,1
18.193,-0.0391,-0.0879,-0.5352,0.0000,7.8164,22.56,131.86,137.25,1
18.211,-0.0195,-0.0742,-1.1875,-0.3047,8.3906,22.56,129.05,140.23,1
18.227,-0.0781,-0.0098,1.9922,-0.6914,13.5625,22.56,130.33,137.32,1
18.244,-0.0293,-0.0508,0.7266,-0.2695,9.6484,22.56,129.28,138.24,1
18.265,0.0098,-0.1191,-0.6133,-1.1484,8.1172,22.56,130.17,137.08,1
18.283,-0.0059,-0.1387,-0.6133,-1.2266,9.8867,22.56,133.40,138.75,1
18.295,0.0156,0.0078,-0.3828,-0.9180,9.7656,22.56,129.55,140.04,1
18.315,0.0156,0.0645,-1.3008,-0.7656,7.1289,22.56,133.14,139.02,1
18.331,0.0039,0.1094,0.0000,-0.4219,8.8164,22.61,132.57,136.78,1
18.346,0.0117,-0.0137,0.3437,-0.3828,9.1602,22.61,133.10,136.71,1
18.363,-0.0078,0.2246,4.0977,-0.7266,15.5469,22.61,130.14,135.81,1
18.382,0.0098,0.2754,1.3008,-1.6094,11.9531,22.61,130.77,279.17,1
18.397,-0.0078,-0.0176,-3.0273,0.3828,3.9883,22.61,130.62,137.87,1
18.415,0.0059,-0.0957,-1.4922,0.0000,6.8945,22.61,131.42,136.57,1
18.432,0.0352,0.0605,1.0742,-1.2656,12.4883,22.61,132.36,138.93,1
18.448,-0.0273,0.2520,1.9141,-0.1133,11.4961,22.61,133.44,135.65,1
18.468,0.0352,-0.0859,0.4961,-0.4219,10.3086,22.61,131.20,136.33,1
18.485,0.0371,-0.1504,-2.2617,-0.6133,6.0469,22.61,132.22,136.76,1
18.499,0.0000,-0.0684,-1.3008,-0.1523,9.6523,22.61,131.75,138.01,1
18.517,0.0234,-0.0566,-2.1445,-0.4609,9.0000,22.61,130.86,139.90,1
18.534,-0.0234,0.0508,-0.5742,0.1133,9.6133,22.56,130.87,139.49,1
18.552,-0.0371,0.0234,0.9570,-0.2305,10.2266,22.56,130.48,139.02,1
18.567,-0.0195,-0.2402,-0.6523,0.0000,8.1211,22.56,133.51,142.33,1
18.584,-0.0684,-0.1094,1.0352,-0.6523,11.3008,22.56,134.19,140.90,1
18.602,-0.0352,-0.2207,-1.4180,-1.3398,7.8555,22.56,133.71,141.64,1
18.618,-0.0352,-0.1172,1.8008,-0.4609,11.7617,22.56,133.99,139.00,1
18.638,-0.0391,-0.0859,1.0742,-0.3828,10.4180,22.56,132.29,137.48,1
18.655,-0.0078,-0.1270,-1.3008,-1.6484,7.5469,22.56,132.35,136.71,1
18.669,-0.0293,0.0410,1.4180,-0.0391,9.9648,22.56,131.18,138.31,1
18.686,-0.0156,-0.0625,2.1445,-0.8438,11.8398,22.56,130.79,139.94,1
18.704,-0.0078,-0.0859,-0.5352,-1.2266,8.8125,22.56,130.86,139.26,1
18.722,-0.0703,0.0156,2.5664,0.8828,14.0547,22.54,130.51,134.59,1
18.737,-0.0137,0.0332,0.6133,-1.2656,10.1133,22.54,130.33,131.65,1
18.754,-0.0508,0.2402,2.5664,-0.3828,15.6250,22.54,130.89,134.61,1
18.772,-0.0645,0.3027,0.0000,-2.0312,11.6055,22.54,129.99,136.95,1
18.788,-0.0586,0.2168,-0.6523,0.0391,9.5820,22.54,128.45,138.08,1
18.805,-0.0859,0.1680,-2.0703,-0.4219,6.3594,22.54,128.60,138.75,1
18.825,-0.0762,0.0430,-2.2969,0.6523,6.4727,22.54,128.68,137.48,1
18.843,-0.0957,-0.0527,-3.4844,0.2695,5.0937,22.54,129.58,133.53,1
18.856,-0.0742,-0.0664,5.0937,-0.8047,19.1172,22.54,128.11,138.16,1
18.876,-0.0977,0.1738,2.0703,-2.5273,11.3789,22.54,127.31,138.33,1
18.891,-0.1250,0.0645,-1.3398,0.4961,4.3672,22.54,132.61,135.24,1
18.907,-0.0684,-0.0059,-3.4492,-0.9961,1.3789,22.54,132.77,136.93,1
18.924,-0.1094,-0.0527,-1.1094,-0.7656,6.3633,21.91,133.98,136.17,1
18.941,-0.1152,-0.0020,1.2266,-0.8438,9.0820,21.91,132.24,137.97,1
18.958,-0.0977,0.1211,2.8359,-0.8438,11.9570,21.91,129.53,136.63,1
18.975,-0.1230,0.2402,2.8359,-1.1875,13.4492,21.91,129.60,137.14,1
18.992,-0.0898,0.1348,-0.9961,-2.7578,9.1172,21.91,129.80,136.05,1
19.009,-0.0840,-0.0391,-1.3789,0.0781,7.5469,21.91,130.48,137.57,1
19.026,-0.0820,-0.0156,-0.6914,-1.6836,7.3906,21.91,129.57,138.99,1
19.044,-0.0449,-0.1348,0.6133,-1.1484,10.1523,21.91,130.51,138.24,1
19.061,-0.0762,0.0781,0.5352,-1.1094,12.0664,21.91,131.10,135.94,1
19.077,-0.0273,-0.0195,0.3437,-0.3047,10.2695,21.91,131.93,137.89,1
19.094,-0.0645,-0.0254,-3.8672,-1.2656,1.8008,21.91,130.94,139.96,1
19.111,-0.0430,-0.3848,-4.9414,0.5352,1.4922,21.91,131.15,141.50,1
19.128,-0.0840,0.2520,2.6055,-0.8828,12.5273,21.41,129.20,136.95,1
19.145,-0.0977,0.2715,6.1680,-1.3008,18.3828,21.41,130.55,139.20,1
19.162,0.0117,0.1719,1.5313,-1.1875,12.2617,21.41,133.78,137.12,1
19.179,-0.0449,-0.0488,-1.5313,0.1523,5.9805,21.41,132.43,140.51,1
19.198,-0.0566,-0.0488,-0.6133,-1.9141,9.2695,21.41,132.05,139.14,1
19.214,-0.0293,-0.0840,2.1836,-1.1875,14.0937,21.41,131.27,138.05,1
19.231,-0.0059,0.1270,0.1523,-0.4961,9.8477,21.41,132.73,140.21,1
19.247,-0.0176,-0.1035,-0.4219,-0.8828,9.2695,21.41,130.62,135.52,1
19.264,0.0039,-0.1445,-2.0703,0.1914,7.3516,21.41,133.03,136.89,1
19.282,-0.0137,-0.1074,-0.1133,-0.4609,10.1094,21.41,130.63,137.74,1
19.298,-0.0098,-0.0430,-0.4609,-0.2305,8.7734,21.41,131.25,139.04,1
19.315,-0.0156,0.0078,0.6523,-1.4180,10.5742,21.41,132.78,138.89,1
19.332,-0.0195,0.0449,1.5313,-0.8438,10.7969,21.35,130.60,137.48,1
19.349,-0.0215,0.1074,0.4609,-0.3047,9.7266,21.35,132.87,137.99,1
19.372,0.0098,-0.2520,-3.8672,-0.1914,4.3711,21.35,132.66,136.54,1
19.385,-0.0176,0.0566,0.4219,0.1914,10.7656,21.35,131.98,135.85,1
19.402,0.0273,-0.0723,0.2305,-0.9570,10.3828,21.35,132.31,140.02,1
19.417,-0.0312,-0.1230,1.4180,-1.0352,12.0273,21.35,129.57,139.80,1
19.435,0.0078,-0.1367,1.4570,-1.1094,12.4062,21.35,128.65,138.91,1
19.451,0.0098,0.1250,0.3047,-0.8828,9.0000,21.35,130.24,137.99,1
19.468,-0.0059,0.0156,-0.7656,-0.3828,7.6602,21.35,132.42,138.12,1
19.485,0.0234,-0.0918,-1.6094,-0.8438,6.7031,21.35,132.03,138.33,1
19.502,-0.0020,-0.1230,1.1484,-0.5742,11.7578,21.35,133.19,138.50,1
19.519,0.0039,0.0254,1.1875,0.0000,9.2305,21.34,132.59,136.22,1
19.536,0.0176,0.0703,1.4180,-1.6484,11.5352,21.34,133.17,135.67,1
19.555,0.0078,0.0410,1.0352,-0.1523,11.8359,21.34,132.19,135.69,1
19.575,0.0117,-0.0859,-2.4883,-1.0742,5.7461,21.34,130.07,138.43,1
19.588,0.0000,0.1406,-1.1875,-0.9570,8.0430,21.34,129.00,136.46,1
19.605,0.0176,0.0586,2.1836,-1.0742,14.9805,21.34,129.99,137.84,1
19.622,0.0176,0.0684,-0.3828,0.0000,8.9219,21.34,132.78,137.25,1
19.638,0.0195,0.0215,0.2305,-0.7266,9.7695,21.34,130.84,136.05,1
19.656,0.0293,0.0039,-1.7617,-1.1875,7.7344,21.34,132.28,135.35,1
19.672,0.0059,0.1016,0.0781,0.3047,9.2266,21.34,132.80,140.19,1
19.692,-0.0156,0.1270,-1.6836,-1.0742,6.7852,21.34,128.62,139.12,1
19.706,0.0234,-0.0957,0.2305,-0.4219,9.3047,21.34,130.29,137.70,1
19.723,-0.0273,-0.0566,1.6836,-0.4609,10.3828,21.32,130.45,137.04,1
19.744,-0.0020,-0.0840,-0.1523,-0.3437,8.8125,21.32,129.02,137.01,1
19.758,0.0039,0.1621,-1.1875,-1.1094,8.7734,21.32,130.23,135.78,1
19.774,-0.0117,0.2090,-0.3828,-0.7266,9.6914,21.32,128.62,137.44,1
19.792,0.0137,-0.0762,-1.1484,-0.6914,5.9766,21.32,129.22,136.05,1
19.808,0.0195,-0.1035,2.8359,-0.6914,13.5977,21.32,131.27,138.91,1
19.825,0.0059,-0.0449,0.9180,-1.3008,11.1875,21.32,131.86,135.87,1
19.842,0.0078,0.0898,-0.2305,-0.2305,7.5117,21.32,129.72,135.04,1
19.859,0.0410,-0.0020,0.0781,-1.3008,9.9609,21.32,129.07,136.52,1
19.876,0.0215,-0.0176,-1.2266,0.1914,8.5781,21.32,129.42,135.63,1
19.893,-0.0195,0.0254,1.4570,0.0000,11.3750,21.32,130.87,137.29,1
19.914,0.0195,-0.0059,-0.7656,0.3047,7.8555,21.32,131.03,139.02,1
19.931,0.0566,-0.1035,-1.2656,-1.4180,7.9336,21.39,132.91,138.27,1
19.945,-0.0254,0.0488,-0.4219,0.0000,8.8437,21.39,129.97,138.29,1
19.964,0.0273,-0.1523,0.0391,-1.0352,10.1914,21.39,131.63,135.98,1
19.978,-0.0234,0.2109,-0.2305,-0.3437,10.3437,21.39,131.68,138.73,1
19.995,-0.0156,0.1562,1.9141,-0.3437,11.4961,21.39,131.30,138.12,1
20.012,0.0391,0.0215,0.4609,-0.8047,7.3945,21.39,132.10,138.18,1
20.032,0.0273,0.1426,2.3359,-0.8438,12.0234,21.39,129.87,138.26,1
20.046,0.0195,-0.0234,-0.3828,-1.1875,6.9297,21.39,128.55,136.20,1
20.063,0.0000,0.1133,-0.6133,0.2695,8.2773,21.39,130.89,136.80,1
20.081,0.0117,0.1035,-1.8789,-1.0742,5.8242,21.39,131.73,137.08,1
20.097,0.0176,-0.0977,-0.9180,-0.7656,8.3164,21.39,132.17,137.57,1
20.116,-0.0156,-0.0234,-0.9180,-0.7656,9.1992,21.39,132.35,138.56,1
20.134,0.0195,-0.1211,-1.8008,-0.1914,7.6992,21.50,131.77,137.65,1
20.148,-0.0039,0.1348,-2.1445,-1.5313,9.1602,21.50,132.86,139.28,1
20.165,0.0098,0.1426,0.8438,0.1914,12.1797,21.50,131.25,139.08,1
20.182,0.0430,-0.0801,-0.3437,-0.4961,8.5039,21.50,130.58,138.52,1
20.199,-0.0293,0.0020,-0.4961,-0.6523,8.0078,21.50,131.25,139.24,1
20.216,0.0059,-0.1172,0.6914,-1.6836,8.9648,21.50,135.04,139.74,1
20.233,0.0293,-0.0176,0.8828,-0.3437,8.6602,21.50,134.03,138.58,1
20.252,0.0098,0.1309,1.0352,-0.4219,10.0703,21.50,133.03,138.43,1
20.267,0.0156,-0.0469,-1.0742,-1.1094,6.4727,21.50,133.19,137.34,1
20.284,0.0000,-0.0176,0.8047,0.4219,9.6914,21.50,130.40,140.81,1
20.305,0.0098,-0.0293,1.8398,-1.0352,12.9883,21.50,129.72,140.13,1
20.318,-0.0020,-0.0879,1.1094,-0.9570,12.1797,21.50,130.26,137.85,1
20.336,-0.0039,0.0098,-0.5352,-1.3008,11.3789,22.13,130.36,137.67,1
20.353,0.0254,-0.0215,-1.2656,-0.3047,8.0820,22.13,129.02,138.73,1
20.372,0.0391,-0.1172,-2.4883,-0.8438,7.8945,22.13,132.89,134.86,1
20.387,0.0000,0.1699,0.3437,0.1133,11.4922,22.13,132.78,140.43,1
20.403,0.0293,-0.0566,-1.3398,-0.6523,7.3164,22.13,131.87,140.17,1
20.422,0.0156,0.0098,0.8828,-0.2695,11.3750,22.13,132.36,138.70,1
20.437,0.0039,-0.0664,-1.1484,-0.3437,9.1562,22.13,130.79,136.63,1
20.454,0.0039,0.0293,-1.3398,-0.5742,8.2734,22.13,131.10,136.91,1
20.474,-0.0098,0.0977,-0.2305,-1.6484,8.5039,22.13,131.32,136.76,1
20.491,-0.0117,0.0918,3.3320,0.3047,12.6836,22.13,131.65,140.47,1
20.505,-0.0234,-0.1328,-0.4609,-0.3047,5.6641,22.13,133.65,140.17,1
20.524,-0.0078,-0.1562,1.4570,-0.3828,10.1914,22.52,132.10,140.04,1
20.539,-0.0352,-0.0176,0.2305,-0.9570,9.7695,22.52,133.14,136.84,1
20.556,-0.0273,-0.0078,-0.9570,-0.8438,8.7773,22.52,134.01,137.27,1
20.573,0.0078,-0.0977,-0.5352,-0.6133,9.2656,22.52,129.65,138.50,1
20.592,0.0039,-0.1816,0.4609,-1.3398,11.8359,22.52,130.86,138.58,1
20.607,-0.0371,0.1934,4.0234,0.0391,17.0078,22.52,129.94,141.08,1
20.625,0.0137,0.0703,-0.5742,-1.9922,8.6211,22.52,128.95,136.33,1
20.645,-0.0117,0.2070,-3.0273,-1.4570,6.5508,22.52,129.30,136.69,1
20.658,0.0117,-0.0957,-3.0273,-1.4570,6.5508,22.52,131.63,134.83,1
20.677,0.0156,-0.0410,0.5352,-0.9180,11.6836,22.52,130.68,135.57,1
20.696,-0.0293,0.1621,2.5664,-1.0742,13.5234,22.52,132.12,137.59,1
20.709,-0.0039,0.0020,-1.9141,0.1914,5.3203,22.52,131.65,138.64,1
20.726,-0.0176,-0.1582,-4.5977,-0.8047,2.6055,22.91,130.57,134.73,1
20.744,-0.0039,-0.2852,-1.4180,-0.3437,8.3516,22.91,130.55,135.61,1
20.762,0.0195,-0.2305,-0.9961,-0.6523,10.0039,22.91,130.21,137.99,1
20.777,-0.0215,0.1152,1.9922,-0.6523,12.9492,22.91,129.48,138.83,1
20.794,0.0156,-0.0098,1.9531,-0.1523,12.5234,22.91,128.93,137.93,1
20.816,0.0059,-0.0215,-2.0312,-0.2305,8.0078,22.91,132.29,137.68,1
20.828,-0.0273,-0.0781,-2.0312,-0.2305,8.0078,22.91,133.37,135.45,1
20.848,0.0254,-0.0645,-0.4961,-1.0742,6.7812,22.91,132.47,137.06,1
20.865,-0.0312,0.1172,-0.0781,-0.8828,8.6953,22.91,131.72,138.43,1
20.879,0.0020,-0.1250,2.1836,-1.0742,11.9883,22.91,129.33,137.95,1
20.896,-0.0078,-0.0645,0.5742,-0.4609,10.3086,22.91,127.96,137.70,1
20.913,-0.0039,0.0391,2.0703,-1.1484,12.9844,22.91,129.12,138.26,1
20.932,0.0293,-0.0840,-3.4102,-0.1914,3.6406,22.95,128.82,135.23,1
20.947,0.0020,-0.0078,-0.8828,-1.0742,9.9258,22.95,128.17,135.91,1
20.964,0.0215,-0.0215,1.2266,-0.5352,13.2148,22.95,127.86,133.90,1
20.982,0.0332,-0.0469,1.8008,-0.8438,13.5234,22.95,130.28,131.94,1
20.998,0.0078,0.1504,-0.0781,-1.3008,10.6523,22.95,130.67,135.80,1
21.015,0.0430,0.0254,-1.6836,-0.4961,6.5508,22.95,129.27,136.31,1
21.035,0.0059,0.1035,-0.9961,-0.1133,8.1211,22.95,129.79,136.04,1
21.051,-0.0020,0.1797,0.7266,-1.0742,10.9961,22.95,129.40,135.65,1
21.066,0.0176,0.1172,-1.1875,-0.8047,7.3945,22.95,128.47,132.71,1
21.084,-0.0020,0.1152,0.7656,-0.2695,9.7695,22.95,130.17,134.01,1
21.102,0.0312,0.0254,-0.4219,-0.8047,9.0039,22.95,128.25,136.95,1
21.117,-0.0059,0.0371,0.0000,0.1523,9.4219,22.95,128.07,136.69,1
21.134,0.0137,-0.0527,-2.0703,-0.1914,4.9414,23.00,128.29,136.97,1
21.152,0.0332,-0.1641,-1.1484,-0.9570,7.8516,23.00,128.77,136.13,1
21.168,0.0215,0.0371,1.4180,-0.4961,11.8750,23.00,130.77,133.87,1
21.186,0.0176,0.0293,2.1445,-1.1094,12.1836,23.00,129.15,136.02,1
21.205,-0.0098,0.1465,-1.6836,-0.8828,6.3984,23.00,129.35,135.87,1
21.224,-0.0254,0.1777,0.3828,0.1523,9.8477,23.00,128.75,135.37,1
21.236,0.0078,0.1602,-1.6836,-1.1875,5.0156,23.00,129.40,136.09,1
21.255,-0.0098,-0.0254,-0.1523,-0.4609,9.1953,23.00,128.97,135.72,1
21.272,0.0039,-0.0840,-0.5742,-1.1484,9.7305,23.00,125.94,136.02,1
21.287,0.0195,0.0156,-0.3437,-0.7266,10.5312,23.00,127.21,133.73,1
21.304,0.0059,-0.0449,-0.2305,-0.3828,9.8086,23.00,125.68,133.32,1
21.322,0.0234,0.0625,1.4570,-1.5703,12.0273,23.30,125.87,132.15,1
21.338,0.0410,0.1055,-0.7266,-1.1094,7.5508,23.30,128.75,134.55,1
21.355,0.0449,-0.0332,-2.0312,-0.3047,5.4375,23.30,128.49,134.99,1
21.372,0.0176,0.1504,0.4609,-1.1875,11.7578,23.30,128.30,134.48,1
21.389,0.0684,-0.0312,-0.4609,-1.1484,10.7969,23.30,127.42,131.96,1
21.408,0.0176,0.1523,-3.4453,-0.9570,2.7578,23.30,130.41,131.60,1
21.425,0.0215,-0.0195,-1.9922,-0.8828,5.5547,23.30,129.97,131.73,1
21.442,0.0234,-0.1719,-0.9570,-1.1484,8.0781,23.30,127.37,132.86,1
21.457,0.0312,-0.1250,-0.6914,-0.4961,9.6133,23.30,128.37,138.05,1
21.475,0.0430,-0.1875,-0.4609,-0.7266,9.2656,23.30,127.75,138.08,1
21.492,0.0391,-0.1484,0.4609,-0.1914,11.2227,23.30,127.71,136.57,1
21.508,0.0430,-0.0469,1.8398,-0.2695,13.1016,23.30,130.07,133.92,1
21.525,0.0449,-0.0156,0.1523,-0.7266,9.3047,23.30,130.34,134.61,1
21.542,0.0273,0.1211,-0.4961,-1.3398,8.3516,23.30,129.18,135.04,1
21.559,0.0625,-0.2617,-3.9492,-0.6914,3.7930,23.30,128.07,136.33,1
21.578,0.0137,-0.1504,0.9180,-0.9570,10.4922,23.30,129.47,136.35,1
21.594,0.0195,-0.0371,2.4531,0.0000,13.5234,23.30,128.58,136.86,1
21.613,0.0547,-0.1074,-0.4961,-1.8789,6.9727,23.30,129.32,135.43,1
21.627,0.0137,-0.1562,-2.9883,-0.9180,5.5547,23.30,126.89,133.85,1
21.644,0.0645,-0.3027,-0.2695,-0.6523,10.5742,23.30,128.32,136.15,1
21.662,0.0625,-0.2305,0.7266,-0.2695,13.3320,23.30,125.20,132.45,1
21.678,0.0254,0.1035,4.5195,-0.5742,18.2344,23.30,125.98,135.48,1
21.695,0.0527,0.0469,-0.1523,-0.6523,8.3125,23.30,127.00,133.44,1
21.712,0.0293,-0.0078,0.2695,0.5742,9.2266,23.30,128.92,135.10,1
21.735,0.0039,0.1699,0.2695,-0.9961,10.2305,23.24,128.40,136.33,1
21.746,0.0273,0.1211,0.2695,-0.9961,10.2305,23.24,126.90,133.98,1
21.766,0.0234,0.0625,0.3437,0.6914,9.2266,23.24,128.02,131.56,1
21.784,0.0176,0.0312,-0.1914,-0.5352,9.4609,23.24,127.36,131.37,1
21.797,0.0020,0.0918,-0.0391,-0.6133,10.1914,23.24,127.63,131.03,1
21.815,0.0000,-0.0234,-2.1445,0.2695,6.3594,23.24,127.15,131.29,1
21.832,0.0117,-0.0176,-0.9180,-1.6484,8.2734,23.24,126.29,132.15,1
21.848,-0.0020,0.1660,1.1875,-0.6914,12.4062,23.24,123.11,132.10,1
21.865,-0.0059,0.2773,1.8398,-0.8828,12.2187,23.24,122.44,130.70,1
21.882,-0.0332,0.3945,0.1523,-0.6133,12.1445,23.24,123.29,126.81,1
21.899,-0.0059,0.0254,-3.0664,0.3047,5.7812,23.24,123.41,127.28,1
21.916,-0.0586,0.0781,-1.9141,-0.5352,6.6641,23.24,122.96,128.97,1
21.935,-0.0469,0.0859,0.8828,-1.0352,10.8750,23.15,122.62,130.55,1
21.955,-0.0059,-0.0156,-2.1836,-1.2656,5.3633,23.15,124.33,128.19,1
21.967,-0.0625,0.0742,-2.7969,0.1133,5.2109,23.15,127.93,133.40,1
21.986,-0.0273,-0.0566,-0.7266,0.0000,5.8633,23.15,124.86,131.22,1
22.002,-0.0645,0.0664,1.8789,0.2695,12.2578,23.15,127.23,133.87,1
22.018,-0.0703,-0.1113,0.6523,-0.9180,10.3477,23.15,125.94,135.67,1
22.035,-0.0762,-0.0508,0.2305,-0.9180,10.1523,23.15,127.37,129.50,1
22.052,-0.0840,-0.0664,-1.7617,-1.2266,7.8906,23.15,128.45,132.82,1
22.069,-0.0859,-0.0371,-3.1797,-2.0703,4.5195,23.15,127.57,132.26,1
22.086,-0.0586,-0.0703,0.7266,-1.4570,10.0312,23.15,127.47,133.00,1
22.103,-0.0137,-0.1348,1.0742,-1.4922,10.1914,23.15,123.84,134.30,1
22.125,-0.0273,-0.0098,0.5352,-0.7266,10.9141,22.84,124.46,132.50,1
22.139,-0.0078,-0.0742,1.0742,-0.9961,11.9844,22.84,123.47,132.24,1
22.155,-0.0215,0.0098,-1.2266,-1.3008,7.8516,22.84,125.50,131.84,1
22.172,-0.0078,0.0039,0.8047,-1.0742,10.9922,22.84,122.73,131.73,1
22.188,-0.0039,0.0859,0.0391,-1.7617,9.8477,22.84,122.73,130.23,1
22.205,0.0215,0.0000,-0.4219,-1.1484,9.1211,22.84,121.83,127.50,1
22.222,0.0215,0.1504,0.4961,-0.7656,11.4180,22.84,118.81,127.05,1
22.241,0.0039,0.2285,-1.5703,-0.9570,11.9531,22.84,116.48,126.84,1
22.257,0.0410,0.1582,-2.2617,-1.3789,12.2578,22.84,117.11,122.82,1
22.273,0.0410,0.1914,-2.4141,0.1914,8.8867,22.84,116.88,121.62,1
22.294,0.0312,0.0527,-2.1055,0.1914,6.5859,22.84,117.62,123.73,1
22.312,0.0234,0.0937,-2.0312,0.1914,8.4219,22.84,117.90,125.82,1
22.325,0.0410,0.0547,-1.3008,-0.6523,8.6562,22.22,118.08,124.63,1
22.344,-0.0059,0.0879,-0.8047,0.4219,8.5820,22.22,119.57,127.76,1
22.358,0.0391,-0.0684,-0.4961,-0.3047,10.2695,22.22,118.99,128.12,1
22.375,0.0156,-0.0156,-2.1445,-0.8828,7.2773,22.22,120.71,127.24,1
22.392,-0.0254,0.0391,-0.3828,0.6523,11.1094,22.22,118.68,127.15,1
22.409,0.0098,0.0254,-1.4570,-0.4609,8.6211,22.22,120.85,126.58,1
22.426,-0.0195,-0.0059,-1.8008,0.7266,7.6250,22.22,120.09,125.30,1
22.443,-0.0195,-0.0684,-1.6094,0.0781,7.6602,22.22,119.86,125.93,1
22.465,-0.0117,-0.1074,-0.8438,-0.1914,7.8125,22.22,120.80,124.53,1
22.477,0.0000,-0.1035,-0.8438,-0.1914,7.8125,22.22,120.00,124.70,1
22.496,-0.0430,-0.0391,-2.0312,-0.7266,7.3945,22.22,117.25,123.52,1
22.514,-0.0391,-0.0020,-0.6133,-0.1523,9.3867,22.22,117.69,123.72,1
22.528,-0.0312,-0.1113,-1.6836,-0.6133,6.5078,22.22,117.81,123.59,1
22.545,-0.0430,-0.1738,1.2266,0.0781,12.7578,22.22,116.51,124.02,1
22.562,-0.0352,-0.0684,-0.8438,-0.8047,9.2695,22.22,117.91,123.96,1
22.579,-0.0215,-0.0078,-0.8828,-1.4570,10.3477,22.22,117.45,123.79,1
22.596,-0.0020,-0.0059,-0.4609,-1.6094,9.5391,22.22,117.00,123.76,1
22.613,-0.0371,0.0391,0.3828,-0.7656,11.6797,22.22,116.44,123.14,1
22.632,-0.0039,-0.0996,-2.2969,-0.5742,6.9336,22.22,116.51,123.11,1
22.647,-0.0312,0.0254,-0.6914,-0.7656,10.9141,22.22,114.06,122.43,1
22.664,-0.0078,-0.0156,-1.3008,-0.6133,9.6523,22.22,114.23,123.43,1
22.685,-0.0059,0.0918,-2.5664,-0.7266,6.4727,22.22,114.00,123.79,1
22.698,-0.0078,-0.1113,-1.0742,-0.5742,8.3125,22.22,114.53,122.25,1
22.716,-0.0117,-0.1387,0.2695,-0.5352,11.5742,21.61,114.80,121.20,1
22.732,-0.0059,-0.1367,-0.8828,-1.1484,10.3086,21.61,113.40,122.20,1
22.749,-0.0098,0.0781,-0.3437,0.3828,10.6094,21.61,113.90,119.57,1
22.766,-0.0137,0.0215,-0.0781,-1.5313,10.4180,21.61,112.33,120.13,1
22.784,-0.0195,0.0762,0.2695,-0.0391,10.2305,21.61,112.66,116.99,1
22.802,-0.0312,0.0410,-2.3750,-0.8438,6.1250,21.61,112.74,118.01,1
22.817,0.0000,0.0410,0.0391,-0.7266,10.3477,21.61,111.61,117.11,1
22.834,-0.0059,-0.0605,-1.6836,-0.7656,7.2070,21.61,111.30,117.87,1
22.854,0.0020,0.0605,0.1914,-0.4961,10.1133,21.61,111.01,117.08,1
22.868,-0.0254,0.0781,-1.0742,-0.6523,8.1172,21.61,112.17,115.51,1
22.885,-0.0137,0.0801,-1.1875,-0.4609,10.0312,21.61,109.36,116.69,1
22.903,0.0000,0.1152,0.1523,-1.5703,11.9883,21.61,110.61,118.22,1
22.919,-0.0098,0.1582,0.0391,-0.5742,10.9570,21.15,110.90,114.23,1
22.936,-0.0215,0.0898,-2.7578,-0.8438,5.8594,21.15,110.73,114.85,1
22.953,0.0098,-0.0098,-1.0352,-0.8438,9.1602,21.15,111.05,114.96,1
22.972,0.0352,0.0215,-0.2695,-1.0742,9.7266,21.15,110.39,114.51,1
22.987,-0.0156,0.0996,0.2305,-1.5313,10.8008,21.15,111.78,118.06,1
23.004,0.0098,0.1953,0.9180,0.3047,10.3437,21.15,110.68,115.55,1
23.025,-0.0215,0.0059,-1.2266,0.0391,12.1836,21.15,102.61,117.07,1
23.042,0.0215,0.1230,-5.5195,-0.9180,0.3828,21.15,112.56,113.40,1
23.057,-0.0488,-0.1406,-0.2695,-2.4531,9.3086,21.15,109.97,113.51,1
23.074,0.0117,-0.1094,0.0391,2.6055,9.3867,21.15,108.84,117.10,1
23.091,-0.0332,-0.0996,-1.1094,-1.7617,8.1562,21.15,109.69,114.39,1
23.106,-0.0371,0.1152,-1.9141,2.5273,8.4648,21.15,109.05,119.62,1
23.123,-0.0391,-0.0898,-1.9531,-0.9570,5.5156,21.04,112.08,115.26,1
23.142,-0.0488,-0.0996,0.8438,-0.3828,11.5742,21.04,111.84,118.84,1
23.157,-0.1074,-0.0918,-1.8398,-1.1875,8.0820,21.04,111.63,118.47,1
23.174,-0.0664,-0.1816,-0.1523,-2.1055,8.9648,21.04,111.69,117.69,1
23.191,-0.0469,-0.0957,1.5703,-1.2656,13.1406,21.04,110.83,119.56,1
23.208,-0.0664,0.0039,0.5352,-2.3359,9.9258,21.04,111.66,116.14,1
23.228,-0.0332,-0.0664,0.2695,-1.6484,10.3086,21.04,110.75,117.52,1
23.245,-0.0195,-0.1641,-0.9570,-1.1875,7.5898,21.04,109.18,117.03,1
23.259,-0.0586,-0.0293,-0.4219,-0.6523,9.2695,21.04,108.79,116.14,1
23.277,-0.0020,-0.0762,-2.1445,-1.9531,5.1758,21.04,110.11,115.71,1
23.293,-0.0137,-0.0684,0.0391,-0.9961,10.4531,21.04,108.30,115.79,1
23.312,-0.0547,0.0020,1.5703,-0.8047,13.4492,21.04,106.62,116.02,1
23.327,0.0000,-0.0137,-0.3047,-0.9570,10.3828,19.80,106.48,115.75,1
23.344,-0.0078,-0.0508,-0.4219,-1.0352,9.9258,19.80,106.63,115.83,1
23.362,0.0059,0.0137,-0.1133,-1.8789,10.9531,19.80,106.09,114.85,1
23.378,0.0137,-0.0371,-0.3828,-1.0742,10.4570,19.80,108.52,113.01,1
23.399,0.0312,-0.0703,0.2305,-0.3437,11.7617,19.80,108.04,114.22,1
23.415,0.0391,-0.0332,-0.1133,-0.3047,11.8398,19.80,107.28,112.17,1
23.433,0.0195,0.0254,1.5313,-0.9180,13.5234,19.80,107.75,111.01,1
23.446,0.0059,0.1426,-1.5703,-1.2266,7.5898,19.80,106.03,111.68,1
23.464,0.0215,0.1309,-0.4961,-0.0391,8.3516,19.80,105.95,110.74,1
23.482,0.0488,0.0254,-1.2656,-0.9961,7.8125,19.80,106.29,110.83,1
23.497,-0.0020,0.0937,-0.1133,-0.1133,9.6484,19.80,106.10,110.91,1
23.514,0.0215,-0.0195,-0.8828,-0.5742,8.1562,19.80,105.86,110.14,1
23.532,0.0215,-0.0410,0.1914,-0.3828,9.7695,19.17,106.01,110.90,1
23.548,0.0312,0.0059,-1.1875,-0.8047,8.4609,19.17,104.61,108.92,1
23.565,0.0156,0.1465,0.6914,-0.3828,12.0234,19.17,106.35,111.23,1
23.585,0.0176,0.0625,0.0000,-0.2305,11.7969,19.17,104.83,111.25,1
23.603,0.0293,0.0195,-1.2656,-0.4961,8.4609,19.17,104.41,110.84,1
23.616,0.0215,0.1211,-1.4180,-1.1094,8.7734,19.17,102.82,107.50,1
23.636,0.0488,0.0332,-1.1484,-0.5352,9.1562,19.17,102.27,110.40,1
23.651,0.0566,-0.0078,-2.2227,-1.6484,7.9336,19.17,100.51,109.21,1
23.667,0.0469,0.0645,-1.5703,0.1133,10.6094,19.17,99.90,108.54,1
23.684,0.0527,-0.0059,-2.5273,-1.2266,8.3906,19.17,98.62,105.46,1
23.702,0.0488,0.0195,-1.5703,-0.4961,10.9922,19.17,100.09,104.12,1
23.718,0.0430,0.1250,-1.2266,-0.3437,12.4453,19.09,98.77,103.42,1
23.735,0.0508,0.1055,-4.2148,-0.0781,6.6641,19.09,98.10,103.98,1
23.753,0.0352,0.0215,-3.9453,-0.1523,6.9687,19.09,95.84,102.16,1
23.769,0.0410,0.0801,-2.6055,0.1914,8.3906,19.09,95.37,103.02,1
23.788,0.0391,0.1348,-3.6016,-0.3828,7.1250,19.09,96.98,103.52,1
23.805,0.0410,-0.0098,-1.5313,0.0391,9.0000,19.09,96.42,102.60,1
23.822,0.0176,0.0234,-1.2656,-0.5352,10.2266,19.09,95.61,102.43,1
23.837,0.0137,-0.0508,0.0781,-0.4219,12.1055,19.09,94.26,100.70,1
23.854,0.0312,-0.0801,-4.0977,-0.6914,6.1680,19.09,94.22,99.41,1
23.871,-0.0078,-0.0273,-1.4570,-1.0352,9.3867,19.09,96.18,101.70,1
23.888,0.0469,-0.1543,-2.7187,-0.9961,5.8984,19.09,96.36,101.73,1
23.906,0.0156,-0.0176,0.6523,-0.9180,12.4102,19.09,96.13,102.52,1
23.922,-0.0156,0.0078,-1.3398,-0.6133,8.1602,18.30,94.05,101.95,1
23.939,0.0195,-0.0234,-0.4609,-1.4180,9.9219,18.30,94.15,101.60,1
23.959,0.0039,-0.0801,-0.4961,0.1133,10.3867,18.30,93.25,98.51,1
23.975,0.0254,-0.1113,1.1875,-1.0352,12.6445,18.30,94.75,99.45,1
23.991,0.0195,-0.0273,-1.3789,-0.4219,8.2734,18.30,93.25,100.49,1
24.007,0.0332,-0.0684,0.4961,-0.4609,11.6445,18.30,92.41,98.15,1
24.024,0.0391,-0.0215,-3.0664,-0.6133,7.1289,18.30,91.64,98.67,1
24.042,-0.0039,0.0059,-0.9570,-0.2305,10.2266,18.30,92.12,96.55,1
24.058,0.0410,-0.0371,-2.3750,-0.2695,7.9687,18.30,91.68,95.54,1
24.075,-0.0020,0.0508,-0.7656,-0.1523,11.3398,18.30,91.07,94.98,1
24.092,0.0273,-0.0664,-3.2930,-1.1484,6.5898,18.30,89.68,96.70,1
24.109,0.0117,-0.0449,-1.6094,-1.0742,9.7305,18.30,89.28,96.54,1
24.126,0.0059,-0.1250,-1.6836,-0.3047,7.7734,16.89,91.78,96.65,1
24.145,0.0000,-0.1719,-1.3789,-0.1914,8.6562,16.89,89.36,95.71,1
24.164,-0.0410,-0.0703,0.1523,0.1914,12.1055,16.89,88.52,95.40,1
24.177,-0.0039,-0.0391,-0.9180,-0.4609,9.7656,16.89,90.32,95.70,1
24.194,-0.0273,0.0859,0.1914,-1.0742,11.9883,16.89,89.06,95.37,1
24.213,-0.0293,-0.0508,-2.3359,-0.2305,7.3555,16.89,89.70,94.14,1
24.228,-0.0547,-0.0234,-2.1445,0.0391,7.7773,16.89,89.16,93.32,1
24.245,-0.0801,-0.1250,-2.4883,-0.8438,6.3242,16.89,88.29,93.17,1
24.262,-0.0645,-0.0977,0.1523,-0.6523,10.4141,16.89,88.99,94.66,1
24.279,-0.0723,-0.0156,0.6133,-0.6914,11.8789,16.89,89.38,93.86,1
24.296,-0.0645,-0.0762,-1.3789,-0.3047,7.3516,16.89,86.63,93.71,1
24.315,-0.0840,-0.0410,-0.9570,-1.6836,8.1562,16.89,86.77,91.08,1
24.336,-0.0723,-0.1074,-0.2695,-0.8828,10.5742,15.35,87.97,91.07,1
24.348,-0.0840,-0.0469,-1.1875,-1.9141,8.3555,15.35,87.62,92.85,1
24.366,-0.0664,-0.1152,-0.1523,-0.8438,11.1914,15.35,84.88,91.49,1
24.381,-0.0840,0.0625,0.3437,-0.8438,11.6016,15.35,85.46,89.85,1
24.398,-0.0820,-0.0156,-0.6914,-1.2266,10.6133,15.35,83.72,88.11,1
24.415,-0.0820,0.0430,-1.4180,-1.6484,9.9609,15.35,83.17,89.53,1
24.432,-0.0801,-0.0879,-2.7578,-1.1094,6.7852,15.35,82.13,87.42,1
24.449,-0.0723,0.1211,0.8438,-0.8438,13.1719,15.35,82.47,86.79,1
24.467,-0.0742,-0.0156,-1.3398,-1.6484,8.6562,15.35,82.18,86.26,1
24.483,-0.0703,0.1504,0.4219,-0.7656,12.4453,15.35,81.22,87.85,1
24.500,-0.0703,0.0195,-2.2969,-1.1875,7.4727,15.35,82.39,86.90,1
24.519,-0.0859,0.1484,-1.6484,-0.7656,8.8867,14.72,81.61,173.46,1
24.535,-0.0742,0.0234,-0.3828,-0.9180,9.9648,14.72,80.03,175.44,1
24.553,-0.0645,0.0996,-0.4961,-0.1914,10.0703,14.72,81.99,86.45,1
24.568,-0.0957,0.0566,-1.5313,-0.8438,8.1172,14.72,81.29,85.54,1
24.585,-0.0937,0.0586,-0.6523,0.1133,9.5430,14.72,79.30,83.78,1
24.602,-0.1094,0.1719,-0.0781,-0.8047,10.8398,14.72,81.10,86.15,1
24.619,-0.1113,0.0488,-1.0742,-0.3437,7.0859,14.72,80.76,83.96,1
24.636,-0.0996,0.0527,-0.7266,-1.6836,9.2266,14.72,78.47,84.91,1
24.654,-0.0742,-0.0020,-1.7617,-0.8047,6.8945,14.72,79.50,81.71,1
24.676,-0.0957,0.1055,-1.2656,-0.8828,8.3906,14.72,80.08,84.30,1
24.692,-0.0977,-0.0137,-0.9180,-1.2656,7.2383,14.72,79.59,83.42,1
24.705,-0.0977,0.0156,1.0742,-0.9961,11.9844,14.72,80.28,83.19,1
24.725,-0.0918,0.0449,-1.5313,-1.3789,7.2383,14.61,79.55,85.25,1
24.738,-0.0703,0.0527,0.0000,-1.1484,10.3437,14.61,78.18,82.85,1
24.755,-0.0625,0.1406,-0.9570,-0.9961,8.2773,14.61,79.76,82.80,1
24.772,-0.0508,-0.0391,-2.2969,-1.2266,6.1680,14.61,79.10,83.39,1
24.789,-0.0801,0.1055,-0.1914,-0.8047,11.6836,14.61,77.00,83.33,1
24.806,-0.0332,-0.0117,-1.5313,-1.8008,7.9297,14.61,77.77,80.98,1
24.823,-0.0469,0.0391,-0.1914,-0.8828,10.5703,14.61,79.09,81.12,1
24.845,-0.0625,-0.0410,1.3008,-0.9570,11.1133,14.61,77.92,82.58,1
24.857,-0.0410,0.0879,1.3008,-0.9570,11.1133,14.61,77.34,83.82,1
24.878,-0.0410,0.0469,-0.7266,-1.1484,8.7734,14.61,78.52,82.03,1
24.895,-0.0293,0.0293,0.4961,-0.8438,10.0312,14.61,78.51,81.84,1
24.908,-0.0625,-0.0137,-1.0352,0.0391,8.6211,14.61,78.86,83.53,1
24.925,-0.0352,-0.0020,-1.4180,-0.7266,7.2070,13.96,79.39,163.91,1
24.942,-0.0371,0.0488,0.0391,-0.5352,10.9141,13.96,77.41,83.25,1
24.959,-0.0332,-0.1094,-0.1133,-1.7227,9.6484,13.96,78.63,82.31,1
24.976,-0.0312,-0.1875,-2.7578,-1.0352,5.6641,13.96,79.26,81.62,1
24.993,-0.0254,-0.2246,-2.0703,-1.0742,6.6250,13.96,78.64,83.02,1
25.016,-0.0312,-0.1992,0.9570,0.6133,10.6914,13.96,77.81,85.76,1
25.027,-0.0039,-0.0410,0.9570,0.6133,10.6914,13.96,78.72,84.35,1
25.044,-0.0215,0.0332,-0.6523,-1.0742,10.6133,13.96,77.85,82.70,1
25.065,-0.0156,-0.0508,0.9570,-1.7227,10.7656,13.96,77.77,83.74,1
25.079,-0.0273,-0.0195,-0.2305,-0.8438,9.0781,13.96,78.98,83.77,1
25.095,-0.0059,-0.0332,-2.4531,-1.1094,5.9023,13.96,76.85,82.73,1
25.112,-0.0430,0.0723,0.3828,-1.0742,8.8437,13.96,79.49,82.97,1
25.129,-0.0234,-0.1348,1.7617,-0.4219,8.7344,14.08,80.98,83.91,1
25.146,-0.0254,-0.2051,1.8789,-1.6094,8.8437,14.08,83.26,84.77,1
25.163,-0.0293,-0.2773,1.8398,-0.2695,8.6953,14.08,80.48,86.67,1
25.180,-0.0195,-0.0391,4.5195,-1.6836,14.3281,14.08,81.62,86.87,1
25.197,-0.0176,-0.0742,2.8711,-0.9570,11.1133,14.08,82.20,86.84,1
25.214,-0.0352,0.1016,1.0352,-0.1133,11.0742,14.08,82.73,87.57,1
25.234,-0.0352,-0.0430,2.4141,0.0391,12.6055,14.08,83.50,86.24,1
25.252,-0.0547,0.0430,1.2266,-1.4180,13.0625,14.08,82.90,87.15,1
25.265,-0.0488,0.0000,-1.8398,0.7266,6.4375,14.08,81.36,85.76,1
25.284,-0.0469,0.0488,0.6133,-1.3398,10.6484,14.08,82.33,83.71,1
25.299,-0.0703,0.0215,-0.4961,-0.4609,8.8867,14.08,82.42,83.44,1
25.317,-0.0645,0.0195,0.3828,-0.1133,11.2187,13.50,80.25,85.05,1
25.333,-0.0859,0.0156,-0.1523,-1.0742,9.4258,13.50,80.35,85.32,1
25.352,-0.0762,0.0430,0.7656,-0.0391,10.1133,13.50,82.10,82.67,1
25.367,-0.0820,0.0215,0.6914,-1.6484,10.5742,13.50,82.14,83.09,1
25.384,-0.0879,0.0059,-0.9961,-0.7656,8.1562,13.50,81.87,85.20,1
25.405,-0.1172,0.0508,-0.7266,-0.1523,6.7461,13.50,82.78,85.30,1
25.418,-0.0898,0.0000,-0.7266,-0.1523,6.7461,13.50,83.38,85.70,1
25.436,-0.1016,-0.0273,-0.2695,-0.1133,9.1953,13.50,83.17,87.30,1
25.454,-0.1074,-0.1230,0.1914,-0.9570,9.6875,13.50,84.47,89.26,1
25.472,-0.1348,-0.0898,-0.4961,0.8047,8.6562,13.50,84.42,88.39,1
25.486,-0.1465,-0.0859,0.0781,-0.1133,7.2070,13.50,84.32,90.12,1
25.503,-0.1348,0.0430,3.1016,-1.1875,14.5195,13.50,82.95,90.48,1
25.523,-0.1406,-0.0723,-1.1484,-0.7266,7.7383,13.61,85.45,88.94,1
25.537,-0.1660,-0.0723,-0.7656,-0.7656,8.2383,13.61,86.78,88.29,1
25.554,-0.1680,-0.1230,1.5313,-1.5313,9.3047,13.61,84.09,89.47,1
25.575,-0.1465,-0.0391,-0.5742,-1.7617,7.1641,13.61,84.51,91.35,1
25.588,-0.1562,-0.0801,-0.5742,-1.7617,7.1641,13.61,86.19,90.14,1
25.607,-0.1465,-0.1055,-0.1133,-0.9180,6.7070,13.61,87.47,90.60,1
25.626,-0.1465,-0.2031,2.9102,-1.9922,13.2148,13.61,85.01,90.29,1
25.639,-0.1309,0.0137,-0.3047,-1.8398,8.5000,13.61,86.03,92.66,1
25.657,-0.1270,-0.0312,0.8828,-0.8438,10.0312,13.61,86.57,90.69,1
25.674,-0.1367,0.0781,0.8047,-1.1875,7.5859,13.61,87.76,91.16,1
25.691,-0.1367,0.1367,1.8008,-1.4570,10.1875,13.61,85.28,90.77,1
25.707,-0.1309,-0.0391,-0.0781,-1.1875,9.5039,13.61,87.57,89.33,1
25.724,-0.1426,0.0762,2.2227,-1.3008,11.8789,13.74,87.84,90.69,1
25.742,-0.1094,-0.0449,0.9180,-0.7266,8.5430,13.74,86.24,90.68,1
25.758,-0.1152,0.0625,0.3828,-0.9570,8.4219,13.74,84.99,88.67,1
25.775,-0.1172,0.0879,0.3047,-1.0742,10.3477,13.74,86.78,89.27,1
25.794,-0.1133,0.1230,-0.0781,-2.4883,9.1172,13.74,87.80,90.79,1
25.809,-0.0937,0.0605,-0.0781,-2.4883,9.1172,13.74,85.78,90.22,1
25.826,-0.1094,0.1367,-1.9141,-0.6914,6.8906,13.74,86.46,90.46,1
25.844,-0.0859,0.0801,0.8828,-1.1094,11.9844,13.74,86.06,90.42,1
25.864,-0.0781,0.1289,0.5352,-0.8047,9.9258,13.74,87.21,89.90,1
25.877,-0.0918,-0.0371,0.0391,-1.7227,9.6914,13.74,85.41,91.78,1
25.894,-0.0762,-0.0684,-2.4531,-0.4961,6.7422,13.74,86.43,90.60,1
25.911,-0.0879,0.0449,-0.0391,-1.6094,10.7969,13.74,87.18,90.72,1
25.928,-0.0957,0.1855,1.2656,-0.5742,10.6484,14.83,87.00,90.66,1
25.945,-0.0664,0.0820,-0.6914,-1.4570,7.5859,14.83,86.30,92.49,1
25.964,-0.0508,0.0977,0.0000,-0.1133,8.8867,14.83,88.64,94.11,1
25.984,-0.0762,0.0937,0.8438,-1.3398,9.9648,14.83,89.17,92.89,1
25.996,-0.0547,-0.0293,-0.8828,-0.9180,8.1602,14.83,88.62,92.64,1
26.015,-0.0547,-0.0098,-1.1484,-1.6484,7.5898,14.83,87.31,95.02,1
26.032,-0.0527,-0.0273,-0.1523,-1.2266,9.5039,14.83,87.83,93.34,1
26.047,-0.0410,-0.1309,-0.3437,-0.9570,7.3906,14.83,90.31,95.41,1
26.064,-0.0137,-0.2617,-1.0352,-1.6484,6.3984,14.83,89.76,94.98,1
26.082,-0.0137,-0.1230,-0.1914,-0.4961,9.1992,14.83,87.54,93.72,1
26.098,-0.0078,0.0293,1.6836,-1.1094,11.3008,14.83,88.22,92.84,1
26.116,-0.0020,-0.0156,0.5352,-0.8047,8.5781,14.95,89.65,94.13,1
26.132,-0.0312,0.1152,0.8438,-0.6914,10.1133,14.95,87.46,94.52,1
26.149,0.0156,-0.0762,-0.7266,-0.9570,8.7773,14.95,87.63,94.54,1
26.167,-0.0293,0.0879,0.4609,-1.1875,8.1602,14.95,88.72,93.00,1
26.185,-0.0156,-0.0195,1.1484,-1.1484,9.8477,14.95,89.39,93.87,1
26.202,0.0020,-0.0078,-2.6055,-0.5742,4.7148,14.95,89.68,93.73,1
26.217,-0.0176,0.0859,-0.8438,-0.8438,8.5039,14.95,88.04,91.24,1
26.235,0.0195,-0.0391,-1.3789,-1.2266,7.8164,14.95,88.87,89.15,1
26.253,0.0000,0.0176,-1.4180,-0.4609,11.0312,14.95,90.66,92.03,1
26.268,0.0117,-0.1973,-4.4453,0.2305,5.4766,14.95,90.16,93.89,1
26.285,-0.0098,-0.1621,-1.4180,-1.1094,10.6875,14.95,89.18,96.81,1
26.302,0.0176,-0.3535,-2.3750,-1.4922,7.2344,14.95,89.64,96.61,1
26.319,0.0098,-0.2422,-0.4961,-1.5313,11.3789,15.26,91.52,97.25,1
26.337,0.0215,-0.3301,1.4570,-0.6133,13.3711,15.26,91.13,96.84,1
26.355,0.0020,-0.2715,1.4180,0.3437,12.5625,15.26,90.08,98.57,1
26.372,-0.0195,-0.2598,0.9961,0.3437,11.8008,15.26,89.50,98.97,1
26.387,-0.0078,-0.1309,0.9961,0.3437,11.8008,15.26,91.07,97.28,1
26.404,-0.0234,-0.0859,0.4609,0.0000,10.4922,15.26,91.77,96.84,1
26.421,-0.0098,-0.1875,-0.0781,-0.6523,8.3945,15.26,91.57,96.61,1
26.438,-0.0371,-0.3828,0.4961,-1.2656,10.9961,15.26,90.93,96.84,1
26.455,-0.0078,-0.3750,-2.3359,-1.0352,5.8594,15.26,90.55,96.36,1
26.472,-0.0488,-0.2910,0.3437,0.3437,9.9648,15.26,92.34,97.54,1
26.489,-0.0430,-0.1973,-0.3437,-0.3047,7.3125,15.26,93.37,97.32,1
26.506,-0.0488,-0.2051,1.8398,-0.8047,8.4258,15.26,91.74,96.76,1
26.525,-0.0664,-0.1777,0.0781,-0.0391,6.5898,14.76,91.10,96.71,1
26.544,-0.0469,-0.2539,2.0703,-1.5703,11.2578,14.76,91.24,95.90,1
26.557,-0.0742,-0.1445,4.3281,-2.4883,16.2852,14.76,87.39,96.02,1
26.575,-0.0410,-0.0723,2.6055,-1.7227,16.3945,14.76,83.65,92.70,1
26.592,-0.0605,0.1055,1.1094,-0.7266,11.7617,14.76,84.88,88.72,1
26.608,-0.0645,0.0137,0.6914,-0.0781,11.4180,14.76,87.51,88.85,1
26.625,-0.0801,-0.0137,-1.4922,-0.4219,7.1289,14.76,88.32,89.74,1
26.642,-0.0703,0.0059,1.4570,-1.5313,11.2969,14.76,85.76,91.81,1
26.659,-0.0488,0.0703,1.0742,-3.7930,11.5312,14.76,86.02,93.10,1
26.676,-0.0234,0.1016,0.7656,-2.0703,12.3789,14.76,87.90,91.10,1
26.696,-0.0117,0.0898,-0.1133,-0.9570,13.4102,14.76,88.11,90.09,1
26.710,-0.0352,0.1270,-0.1133,-0.9570,13.4102,14.76,86.93,91.47,1
26.728,0.0059,0.0137,-1.2266,-1.1484,10.6523,15.48,87.38,90.79,1
26.746,-0.0098,0.0586,-1.9141,-0.7656,7.8906,15.48,88.14,90.83,1
26.762,0.0098,-0.0898,-1.4570,-2.5273,8.8828,15.48,88.35,92.17,1
26.778,0.0195,-0.0293,-0.8828,-2.1836,10.0703,15.48,87.83,91.68,1
26.795,0.0234,-0.1445,-2.3359,-1.4570,6.4687,15.48,87.74,94.42,1
26.813,0.0098,-0.1250,0.5742,0.0781,10.6875,15.48,89.13,95.31,1
26.829,0.0234,-0.1113,1.1094,-0.6914,10.1914,15.48,89.65,93.46,1
26.846,0.0195,-0.1387,-0.9961,0.4219,7.1641,15.48,88.93,93.93,1
26.863,0.0039,-0.1934,-1.1875,0.6914,5.6367,15.48,89.25,95.08,1
26.880,0.0293,-0.0586,0.8828,-0.6133,7.4727,15.48,90.21,95.34,1
26.898,0.0254,-0.1016,0.2695,-0.8047,8.1562,15.48,89.81,96.26,1
26.915,0.0293,-0.0820,-0.0391,-1.3008,9.1172,15.48,87.80,94.42,1
26.936,-0.0059,0.0820,2.4531,-0.3047,12.3750,14.39,87.21,92.25,1
26.948,0.0332,-0.2207,0.6523,0.2305,9.3437,14.39,88.90,92.15,1
26.965,0.0059,-0.1895,-1.3398,-0.4961,7.0117,14.39,87.93,93.18,1
26.982,-0.0137,-0.1602,-1.6836,-0.3437,7.8125,14.39,85.77,92.63,1
26.999,0.0234,0.0625,-0.3047,-2.1445,8.8867,14.39,85.47,90.36,1
27.016,0.0176,0.0156,0.4609,-1.4180,11.5742,14.39,86.96,90.37,1
27.033,0.0312,-0.0059,-0.1914,-1.3398,10.0703,14.39,84.33,91.38,1
27.054,0.0215,0.0859,-1.6094,-0.5742,7.5469,14.39,84.46,90.42,1
27.069,0.0449,-0.1445,2.1836,-0.5742,12.3750,14.39,85.95,88.52,1
27.085,0.0098,-0.0781,1.4180,-1.0742,8.8437,14.39,89.36,91.25,1
27.104,0.0293,-0.2109,2.4883,-1.5313,10.9922,14.39,86.34,92.42,1
27.118,0.0391,-0.0098,0.3437,-1.3008,10.1133,14.39,86.38,94.14,1
27.135,0.0391,-0.0254,1.1094,-0.2305,12.1836,14.43,87.17,92.24,1
27.152,0.0371,0.0547,1.9922,-1.1875,12.3789,14.43,88.62,91.79,1
27.169,0.0469,-0.1348,-1.1875,1.2266,8.8477,14.43,87.49,92.28,1
27.186,0.0098,-0.0430,-1.4180,-0.4219,9.1562,14.43,87.47,93.21,1
27.203,-0.0156,0.0625,0.9570,0.1523,11.4141,14.43,87.45,92.73,1
27.220,0.0352,0.0801,-0.2305,-1.1875,8.9609,14.43,88.72,92.31,1
27.237,0.0098,0.0039,-2.3750,-0.8438,6.4414,14.43,88.69,90.93,1
27.256,0.0293,-0.0820,1.3789,-1.7617,11.9531,14.43,86.62,92.57,1
27.275,0.0410,-0.1523,0.5352,-0.8047,9.1172,14.43,88.76,92.84,1
27.288,0.0391,-0.0742,-0.5742,-0.9180,8.4258,14.43,87.90,94.00,1
27.306,0.0195,0.0020,-1.8398,-0.2305,5.4805,14.43,86.66,92.65,1
27.322,0.0312,0.0684,2.7187,-1.3398,13.4492,14.45,85.90,91.89,1
27.339,0.0215,-0.1035,1.2266,-0.9570,10.2305,14.45,87.12,90.88,1
27.356,0.0332,-0.1875,-0.9180,-1.0352,7.3555,14.45,87.03,91.45,1
27.373,0.0508,-0.1348,-1.8008,-0.9570,6.8516,14.45,86.68,92.46,1
27.392,0.0312,-0.1426,1.5313,-0.3047,10.3867,14.45,86.82,90.76,1
27.407,0.0527,0.0410,2.2617,-0.9180,11.7578,14.45,88.07,92.55,1
27.424,0.0605,0.0469,0.7266,-0.9180,9.6094,14.45,88.46,94.14,1
27.446,0.0625,-0.0859,1.9141,-0.3437,12.1406,14.45,86.30,92.58,1
27.459,0.0469,-0.0762,1.2656,-0.2305,10.0742,14.45,87.07,92.27,1
27.476,0.0625,-0.1426,1.4922,-0.4961,11.1133,14.45,88.08,91.15,1
27.492,0.0430,-0.0059,0.1133,-0.1914,9.5000,14.45,85.83,92.96,1
27.509,0.0527,0.0547,1.6484,-0.1914,10.4531,14.45,86.34,92.45,1
27.526,0.0645,0.1035,-0.6133,-0.7656,6.6250,14.04,87.34,91.30,1
27.543,0.0391,-0.0234,-2.1836,-0.8438,6.0859,14.04,88.85,89.11,1
27.560,0.0566,-0.0762,-3.8672,-0.7266,5.7852,14.04,89.00,89.56,1
27.577,0.0566,-0.0820,-1.1484,-0.9961,11.1523,14.04,86.97,91.44,1
27.594,0.0742,-0.2422,-2.1445,-1.5313,9.7305,14.04,88.44,92.93,1
27.615,0.0996,-0.2910,-6.4687,-1.9531,5.2109,14.04,89.75,93.02,1
27.633,0.1016,-0.4863,-2.3359,-0.1914,9.2656,14.04,90.03,96.08,1
27.646,0.1055,-0.6602,-0.3828,-1.6094,10.5703,14.04,90.38,99.24,1
27.664,0.1055,-0.7090,0.0781,-0.9180,10.4141,14.04,91.15,100.38,1
27.679,0.1387,-0.5254,-2.8711,-1.4180,6.9336,14.04,92.40,99.69,1
27.696,0.1172,-0.5176,2.2617,0.6133,13.9102,14.04,92.70,100.57,1
27.713,0.1016,-0.6348,2.2227,1.4922,11.0352,14.04,90.71,99.73,1
27.732,0.0937,-0.5059,3.7539,-0.3437,14.5586,13.93,89.83,98.57,1
27.747,0.1035,-0.5371,0.7266,-0.8047,8.7734,13.93,91.47,96.62,1
27.764,0.0898,-0.5586,-0.7656,0.3047,6.4727,13.93,93.49,97.98,1
27.786,0.0762,-0.5410,2.7187,-0.9961,10.4961,13.93,91.98,99.12,1
27.798,0.1133,-0.5547,2.7187,-0.9961,10.4961,13.93,92.05,97.13,1
27.816,0.0781,-0.4902,0.4961,0.1133,7.3906,13.93,93.02,96.05,1
27.835,0.0820,-0.5234,0.6914,-1.3008,7.0898,13.93,92.82,95.87,1
27.849,0.0859,-0.4395,0.6914,-1.3008,7.0898,13.93,92.87,94.31,1
27.867,0.1016,-0.5215,3.2578,-1.9531,11.8359,13.93,91.05,94.19,1
27.884,0.1035,-0.2676,4.8281,-1.7617,14.5547,13.93,87.03,94.83,1
27.902,0.0898,-0.0898,4.8633,-1.3789,15.7812,13.93,87.25,93.12,1
27.917,0.1309,-0.2676,0.5352,-0.9961,10.5312,14.52,86.14,90.75,1
27.935,0.1230,-0.1992,4.1758,-0.5352,14.1367,14.52,83.73,89.73,1
27.956,0.1367,-0.1973,4.6719,-1.0352,16.2852,14.52,83.80,90.92,1
27.968,0.1445,0.0645,4.6719,-1.0352,16.2852,14.52,83.79,90.50,1
27.987,0.1582,0.0586,2.1055,-0.9570,14.8984,14.52,85.12,87.19,1
28.005,0.1680,0.0879,1.3398,-1.7227,13.7539,14.52,84.40,85.06,1
28.019,0.1875,0.0293,1.1094,0.0391,14.4375,14.52,84.52,85.65,1
28.036,0.1855,0.1602,0.3047,-0.8438,13.0234,14.52,83.72,86.01,1
28.053,0.1660,0.0762,-1.8008,-0.8828,6.8516,14.52,83.42,84.80,1
28.072,0.1621,0.0508,-1.0742,-0.7656,7.2344,14.52,84.77,86.11,1
28.087,0.2129,-0.0215,-1.0742,-2.4531,5.9023,14.52,85.79,89.31,1
28.104,0.2168,-0.0742,1.8008,-0.9570,11.0352,14.52,86.21,90.38,1
28.123,0.1973,-0.0195,2.4141,-1.6094,10.8750,15.24,84.39,88.86,1
28.138,0.2324,-0.0508,1.9531,-0.1914,10.1094,15.24,84.75,88.94,1
28.155,0.2168,-0.1113,1.1484,0.6133,7.6250,15.24,86.12,91.31,1
28.175,0.1914,-0.0449,2.9883,-1.4180,9.5000,15.24,84.53,90.05,1
28.193,0.1836,-0.1211,0.9570,0.5742,7.9336,15.24,85.57,88.94,1
28.206,0.2129,-0.0332,1.4180,-0.4609,5.7070,15.24,85.32,89.55,1
28.224,0.1855,0.0039,2.0312,0.6523,9.3437,15.24,84.99,90.95,1
28.242,0.1699,-0.0371,2.0312,-0.7266,9.0391,15.24,86.24,88.78,1
28.257,0.1758,-0.0977,0.4219,1.6836,7.9297,15.24,86.41,88.23,1
28.275,0.1426,-0.1016,0.0391,0.3047,5.5156,15.24,86.29,88.98,1
28.293,0.1230,0.0117,3.6016,0.3047,12.3750,15.24,85.77,90.21,1
28.308,0.1387,0.0723,1.6094,-1.1094,10.1094,15.24,83.58,89.16,1
28.326,0.1191,-0.0020,-0.0781,1.2266,6.8555,13.06,84.38,87.13,1
28.345,0.1055,-0.1719,3.4844,0.3437,12.6836,13.06,85.82,87.20,1
28.364,0.1152,-0.1152,1.7227,-1.1094,10.9180,13.06,85.70,90.07,1
28.378,0.0957,-0.0391,1.1094,1.7617,10.4570,13.06,83.99,88.93,1
28.395,0.0703,0.0332,1.7227,-0.2695,6.9727,13.06,87.36,87.80,1
28.413,0.0937,0.0801,3.7539,0.5742,11.3750,13.06,84.37,88.86,1
28.427,0.0605,-0.0371,0.2305,-2.0312,8.1211,13.06,84.98,89.27,1
28.445,0.0566,0.0176,1.2656,0.8047,10.5742,13.06,86.04,88.36,1
28.462,0.0859,-0.1328,0.3047,-1.8008,7.4297,13.06,86.39,87.47,1
28.478,0.0645,0.0195,3.5625,0.0391,12.8281,13.06,85.40,88.79,1
28.495,0.0566,0.0937,0.1133,-0.7656,9.5781,13.06,85.24,90.43,1
28.513,0.0508,-0.0098,-0.1523,0.6914,6.6641,13.06,86.32,89.33,1
28.529,0.0391,-0.1504,1.3008,-0.2695,6.2812,14.06,87.83,87.73,1
28.548,0.0449,-0.0762,0.5742,-1.2656,9.1953,14.06,88.71,89.39,1
28.566,0.0332,-0.1270,2.5273,0.2305,10.7305,14.06,85.23,90.77,1
28.582,0.0332,-0.0137,4.0977,-0.8438,10.4961,14.06,86.26,92.00,1
28.597,0.0176,-0.2539,3.3320,0.6523,10.0000,14.06,86.99,91.92,1
28.614,0.0117,-0.1562,0.6523,-0.7656,8.7344,14.06,85.63,90.94,1
28.632,0.0039,-0.0566,2.8711,-0.1914,10.4141,14.06,87.04,90.18,1
28.648,0.0000,0.0762,3.0273,-1.6094,8.3516,14.06,88.21,91.36,1
28.665,-0.0156,0.0742,2.3750,-0.3047,9.6484,14.06,85.43,92.24,1
28.682,-0.0273,0.0937,0.4609,-1.6094,10.0352,14.06,86.36,90.02,1
28.699,-0.0156,0.1074,2.9492,0.6133,11.9141,14.06,88.32,88.61,1
28.718,-0.0156,0.0039,1.7617,-0.0391,8.3945,14.50,87.60,90.73,1
28.736,-0.0176,0.0527,0.1133,-1.9531,9.1992,14.50,87.97,92.34,1
28.753,-0.0117,0.0684,0.9180,0.8828,7.7344,14.50,85.95,179.37,1
28.767,-0.0215,-0.0195,3.4844,-1.2656,10.1875,14.50,85.99,90.40,1
28.784,-0.0488,-0.1152,3.4102,-0.7266,11.9180,14.50,87.18,91.96,1
28.802,-0.0449,0.0723,0.8828,-1.2656,11.2969,14.50,87.70,91.51,1
28.818,-0.0410,0.0801,1.7227,0.4219,10.1133,14.50,85.30,90.32,1
28.835,-0.0645,0.1113,1.2266,-0.1133,6.8203,14.50,86.52,89.20,1
28.852,-0.0547,0.1367,0.2305,-0.6914,6.7461,14.50,86.90,89.57,1
28.869,-0.0586,-0.0918,-0.1914,-1.5313,9.3867,14.50,86.93,91.08,1
28.886,-0.0820,0.0098,1.9531,-0.2695,10.2695,14.50,88.48,90.98,1
28.906,-0.0781,-0.0508,2.5273,-0.8047,9.4648,14.50,88.47,89.55,1
28.924,-0.0645,-0.0742,-1.2656,-1.2656,6.7852,14.50,88.46,91.67,1
28.937,-0.0859,0.0195,1.6836,0.1523,8.0781,14.63,89.65,92.07,1
28.955,-0.0781,0.0918,3.4844,-1.7617,9.4219,14.63,89.57,93.37,1
28.973,-0.0703,-0.0039,2.1445,-0.8047,8.2383,14.63,87.12,91.79,1
28.988,-0.0781,-0.0371,-0.1523,-1.4570,7.6562,14.63,90.97,91.42,1
29.005,-0.0742,0.0410,1.1094,-0.8047,9.6094,14.63,92.16,92.23,1
29.022,-0.0742,-0.1035,2.1445,-1.5703,7.6953,14.63,88.74,93.02,1
29.039,-0.0898,-0.1133,2.6445,0.1133,10.7266,14.63,87.93,94.76,1
29.056,-0.0801,-0.0352,0.5352,-1.4922,8.8828,14.63,89.95,92.81,1
29.076,-0.0664,-0.0508,2.4883,-1.8398,8.1172,14.63,91.30,92.31,1
29.094,-0.0840,-0.1914,3.4844,-0.8047,12.1055,14.63,88.98,93.54,1
29.109,-0.0508,0.0098,0.2305,-2.1055,8.2734,14.63,89.47,94.80,1
29.125,-0.0664,0.0820,0.7266,-0.1914,8.9609,14.70,88.80,92.30,1
29.143,-0.0742,-0.0684,1.4180,-0.6523,6.8203,14.70,89.71,92.13,1
29.158,-0.0645,-0.2422,4.2891,0.0000,13.3711,14.70,87.72,93.34,1
29.175,-0.0742,-0.1230,1.1094,-2.4141,9.8047,14.70,87.68,90.93,1
29.193,-0.0762,-0.0996,0.9570,0.5352,8.8867,14.70,90.92,92.93,1
29.209,-0.0664,0.0098,1.4180,-1.5703,7.5898,14.70,89.72,94.55,1
29.226,-0.0527,0.1230,4.6719,-0.8047,12.7578,14.70,86.66,92.22,1
29.244,-0.0723,0.1523,2.5664,-2.1445,10.6875,14.70,87.48,91.73,1
29.260,-0.0566,-0.0684,0.2695,0.8438,8.4648,14.70,88.39,93.48,1
29.279,-0.0664,-0.1406,3.1016,-0.6523,11.3398,14.70,88.90,94.29,1
29.295,-0.0781,-0.0176,2.5273,-3.0273,10.6914,14.70,89.53,92.37,1
29.313,-0.0781,-0.0664,1.0742,0.1914,8.9648,14.70,90.79,91.42,1
29.328,-0.0547,0.0488,0.5352,-1.1875,7.8164,14.24,88.84,93.34,1
29.345,-0.0586,0.1855,2.8711,-0.2695,11.5352,14.24,89.08,94.43,1
29.362,-0.0801,0.1133,3.4844,-1.5703,11.5312,14.24,89.57,93.25,1
29.379,-0.0645,0.0156,0.8828,-0.4609,8.7383,14.24,90.91,94.55,1
29.396,-0.0684,-0.1582,-0.6523,-0.8438,5.0195,14.24,87.83,92.35,1
29.413,-0.0723,-0.0977,1.4570,-0.1914,11.4180,14.24,91.32,92.39,1
29.435,-0.0820,-0.0762,0.1133,-0.6133,8.0430,14.24,92.58,94.06,1
29.453,-0.0820,-0.1152,-0.5352,-0.8047,5.6641,14.24,89.69,94.14,1
29.465,-0.0723,0.1484,0.0391,-1.4570,9.6484,14.24,88.40,92.89,1
29.484,-0.0898,0.0937,2.9883,-0.9570,11.4961,14.24,91.58,92.79,1
29.498,-0.0859,-0.0996,2.2617,-1.6836,9.2695,14.24,92.67,93.10,1
29.515,-0.0703,-0.1289,1.0352,-0.4219,7.4687,14.24,89.55,94.97,1
29.532,-0.0645,-0.1094,-0.7266,-1.5703,7.3906,14.28,90.93,95.09,1
29.549,-0.0742,0.0859,2.4531,-0.5742,9.3047,14.28,92.66,93.14,1
29.566,-0.0801,0.1055,2.3359,-1.4180,8.0391,14.28,91.93,189.65,1
29.583,-0.0645,0.1602,2.5664,-0.6523,7.9727,14.28,91.36,95.56,1
29.600,-0.0605,-0.1758,-0.5352,-2.1055,6.9297,14.28,90.62,96.24,1
29.617,-0.0547,-0.1855,1.6094,0.0000,9.6133,14.28,90.99,95.99,1
29.634,-0.0488,-0.1953,2.5664,-1.1484,8.9609,14.28,91.66,96.60,1
29.654,-0.0391,-0.0781,0.5352,-2.3750,9.0781,14.28,92.66,93.85,1
29.669,-0.0547,0.0664,1.0742,0.6523,8.5000,14.28,89.48,93.74,1
29.686,-0.0410,0.0020,1.7227,-1.8008,6.9687,14.28,90.22,95.47,1
29.702,-0.0352,0.1387,3.2187,-0.6914,12.3750,14.28,90.88,97.28,1
29.719,-0.0195,-0.1152,2.3359,-2.7969,10.2695,15.00,91.17,95.04,1
29.736,-0.0137,-0.1250,0.8828,-0.3047,10.0000,15.00,92.25,94.23,1
29.753,-0.0117,-0.1328,0.1914,-1.0742,7.3555,15.00,90.17,94.75,1
29.772,-0.0039,-0.0684,1.8008,-0.3828,11.0352,15.00,91.16,94.39,1
29.787,-0.0293,0.1055,3.4102,-1.0742,11.9531,15.00,91.54,95.90,1
29.804,-0.0117,-0.0508,0.1914,-0.3047,8.5039,15.00,92.75,96.62,1
29.826,-0.0254,0.1055,0.2305,-1.1875,9.7266,15.00,89.84,95.23,1
29.839,-0.0215,-0.0586,2.9883,0.0000,10.9570,15.00,90.18,93.99,1
29.855,-0.0234,-0.1348,2.1055,-0.6914,9.8437,15.00,94.13,96.02,1
29.872,-0.0332,-0.1855,0.0391,-0.8047,7.2031,15.00,92.97,97.11,1
29.889,-0.0234,0.1270,-1.3789,-1.1875,7.5898,15.00,94.04,96.15,1
29.906,-0.0430,0.0664,0.7656,-0.3047,9.0430,15.00,92.00,96.00,1
29.923,-0.0195,-0.0898,2.1445,-1.6484,8.9219,15.45,92.11,96.26,1
29.940,-0.0254,-0.2207,2.9883,-0.6914,11.9531,15.45,92.36,97.49,1
29.957,-0.0176,-0.1016,-0.3828,-2.2617,7.6992,15.45,92.78,97.53,1
29.974,-0.0117,-0.1230,-1.1484,0.5742,6.4023,15.45,93.92,97.04,1
29.995,-0.0352,-0.2109,3.7539,-0.5352,12.3789,15.45,92.51,98.91,1
30.009,-0.0020,-0.1758,1.5313,-2.3750,9.2305,15.45,93.03,97.32,1
30.025,-0.0215,-0.0937,-0.0781,-0.5352,7.2344,15.45,93.98,96.55,1
30.044,0.0039,-0.2090,-0.2695,-0.8828,7.5469,15.45,93.90,98.46,1
30.059,-0.0195,-0.0488,1.7617,-0.4961,11.2578,15.45,95.02,99.31,1
30.076,-0.0195,-0.1738,4.6719,-1.3789,13.5234,15.45,91.81,98.63,1
30.093,-0.0078,-0.0176,2.1445,-0.8047,7.9727,15.45,96.43,98.68,1
30.112,-0.0391,0.0664,1.2656,-0.4609,8.2344,15.45,94.63,98.48,1
30.127,0.0176,-0.2578,-0.3437,-1.0742,6.4414,14.89,94.34,97.33,1
30.145,-0.0098,-0.2930,2.4141,-0.2305,10.6094,14.89,95.07,97.17,1
30.166,-0.0215,-0.3008,3.0273,-0.8047,11.4141,14.89,93.21,98.81,1
30.178,-0.0078,0.0449,3.0273,-0.8047,11.4141,14.89,93.21,98.53,1
30.197,-0.0352,0.0332,0.8828,0.9570,9.8047,14.89,93.65,98.49,1
30.214,-0.0312,-0.0898,1.1484,-0.7266,9.0391,14.89,93.09,96.31,1
30.229,-0.0469,-0.1758,3.8672,-0.1133,14.3320,14.89,90.81,96.19,1
30.246,-0.0391,-0.0312,2.7969,-1.6094,11.0703,14.89,91.25,98.02,1
30.263,-0.0625,0.0176,-0.1523,-0.4961,7.3906,14.89,91.81,97.08,1
30.280,-0.0234,-0.0371,-0.4961,-0.9570,6.0195,14.89,93.07,97.47,1
30.297,-0.0352,0.0000,1.0352,-1.4570,11.8008,14.89,93.52,96.98,1
30.314,-0.0820,0.1660,4.8281,-0.5742,14.6758,14.89,90.51,95.32,1
30.333,-0.0586,0.0254,2.0312,-0.8828,10.0352,14.98,90.45,95.03,1
30.348,-0.0801,0.0879,1.1875,-1.2656,9.7695,14.98,90.64,94.31,1
30.368,-0.0488,0.0742,2.1836,-0.4609,11.3398,14.98,91.20,94.54,1
30.386,-0.0527,0.1445,1.4570,-1.3789,9.1211,14.98,91.84,94.76,1
30.399,-0.0566,0.0898,1.9141,0.1914,8.9219,14.98,90.55,93.88,1
30.416,-0.0605,0.0449,-1.1094,-1.5703,6.1641,14.98,91.52,96.57,1
30.433,-0.0957,0.0781,-0.0781,-0.9570,7.4297,14.98,91.97,95.97,1
30.452,-0.0664,-0.0781,0.6133,-1.4570,6.1289,14.98,92.10,95.65,1
30.467,-0.0820,0.0879,2.9883,-0.4609,12.5664,14.98,89.81,97.30,1
30.484,-0.0859,0.0645,1.4922,-1.8789,9.4258,14.98,89.81,93.62,1
30.503,-0.0879,0.1914,-0.1523,0.4609,8.2773,14.98,94.07,93.90,1
30.518,-0.0898,-0.0312,0.4219,-0.5352,6.5508,15.00,91.90,95.57,1
30.535,-0.0762,-0.1211,2.0312,-0.9180,10.3828,15.00,90.80,96.20,1
30.555,-0.0898,-0.0508,1.4570,-1.1484,9.0000,15.00,91.90,96.69,1
30.573,-0.0859,-0.0996,-0.4961,-1.4570,5.1328,15.00,93.82,95.43,1
30.586,-0.0918,0.0918,2.1445,-1.1484,10.8359,15.00,91.70,96.16,1
30.603,-0.1016,0.0879,3.4844,-0.9180,12.9883,15.00,91.79,97.28,1
30.620,-0.0898,0.0215,2.9492,-0.7266,9.3047,15.00,92.61,95.51,1
30.637,-0.0879,-0.0137,0.3828,-1.0352,6.2070,15.00,90.42,97.34,1
30.654,-0.0742,-0.0664,-0.7656,-1.4922,6.1680,15.00,92.73,96.42,1
30.673,-0.0918,-0.0020,2.8359,-0.9961,11.6797,15.00,94.46,94.54,1
30.688,-0.0918,0.2070,3.1797,-1.3398,9.5820,15.00,92.65,95.73,1
30.705,-0.0957,0.2930,2.8711,-1.6094,10.1484,15.00,89.81,95.06,1
30.725,-0.0781,0.1289,0.3437,-0.1133,8.9219,15.08,90.94,95.77,1
30.744,-0.0410,0.1016,0.5352,-1.2266,7.7344,15.08,94.55,95.69,1
30.757,-0.0586,-0.0684,2.4883,-0.2695,12.6406,15.08,90.77,95.96,1
30.776,-0.0508,-0.0762,-0.5742,-2.3750,8.2383,15.08,90.97,95.79,1
30.792,-0.0430,-0.0859,-0.8438,-0.4609,7.9727,15.08,92.25,94.61,1
30.807,-0.0312,0.0527,-0.7656,-1.4570,5.7422,15.08,92.54,95.51,1
30.824,-0.0625,0.1934,3.1016,-0.4219,13.4102,15.08,91.49,97.40,1
30.842,-0.0547,0.1094,0.9961,-2.0312,10.6133,15.08,90.88,97.62,1
30.858,-0.0391,-0.1602,0.1914,-1.0352,7.8516,15.08,93.16,95.56,1
30.875,-0.0293,-0.2793,-1.8008,-1.1875,4.7930,15.08,90.63,97.24,1
30.892,-0.0098,-0.1836,1.6836,-1.3789,12.4062,15.08,93.69,99.35,1
30.909,-0.0098,-0.1836,3.7539,-1.6836,14.4805,15.08,95.44,99.84,1
30.929,-0.0234,-0.0039,-3.2187,0.1914,0.9961,15.74,92.75,99.11,1
30.945,0.0000,-0.0488,-1.1484,-1.0352,7.1250,15.74,93.34,100.22,1
30.962,-0.0176,0.0371,2.6797,0.0391,11.1094,15.74,93.27,97.99,1
30.977,-0.0488,-0.0625,1.4922,-0.3828,7.1641,15.74,97.03,98.77,1
30.994,-0.0488,-0.1504,2.1445,-0.4219,9.1211,15.74,95.50,99.46,1
31.013,-0.0254,-0.2324,-0.6523,-1.8008,5.5977,15.74,94.64,100.28,1
31.028,-0.0625,-0.1465,1.5313,0.1133,9.2266,15.74,96.55,100.47,1
31.045,-0.0566,-0.1602,2.1836,-0.8438,9.5781,15.74,93.48,102.47,1
31.062,-0.0195,-0.2070,3.5234,-0.5742,12.7227,15.74,95.90,99.66,1
31.079,-0.0488,-0.0410,2.4883,-1.8008,9.8477,15.74,96.84,98.37,1
31.096,-0.0098,-0.0879,-0.4219,-1.3008,7.4297,15.74,95.91,99.65,1
31.116,-0.0293,0.0664,-0.3437,-1.3789,9.1211,15.74,93.01,101.71,1
31.133,-0.0352,0.0898,2.6445,-0.6914,13.1016,15.87,93.02,101.21,1
31.147,-0.0332,-0.2461,1.6484,-1.5313,9.6484,15.87,96.63,100.32,1
31.164,-0.0176,-0.3027,1.8398,-0.4219,11.0352,15.87,94.14,99.26,1
31.184,-0.0137,-0.1953,-1.1875,-1.5313,9.0000,15.87,94.56,98.80,1
31.198,-0.0312,0.0977,1.7227,0.0781,11.6016,15.87,95.45,99.03,1
31.215,-0.0117,-0.0762,1.3008,-0.6133,8.7344,15.87,94.49,99.20,1
31.234,-0.0117,-0.1504,2.3750,-0.2305,11.8359,15.87,95.28,101.85,1
31.249,-0.0391,-0.2051,2.2617,-1.4180,10.8359,15.87,96.26,101.26,1
31.266,-0.0273,-0.0801,0.7656,-0.0391,9.3828,15.87,96.13,101.48,1
31.286,-0.0547,0.0508,-0.5742,-1.2656,7.7734,15.87,94.04,101.61,1
31.304,-0.0781,-0.0352,1.8008,-0.2305,9.9219,15.87,94.98,98.49,1
31.319,-0.0508,-0.2285,1.4922,-0.1914,8.6953,15.87,97.47,99.17,1
31.336,-0.0664,-0.1895,2.1445,-0.9570,10.4570,16.46,95.92,101.60,1
31.356,-0.0645,-0.1152,-0.4219,-2.4141,7.4727,16.46,96.96,98.89,1
31.368,-0.0703,0.0273,-0.1523,-0.9570,8.1953,16.46,97.50,100.56,1
31.386,-0.0352,-0.1719,0.6523,-1.0742,8.0117,16.46,94.80,101.76,1
31.402,-0.0391,-0.2051,2.4531,-0.9961,12.7227,16.46,94.89,102.20,1
31.419,-0.0527,-0.1113,3.0664,-1.8008,12.5234,16.46,95.41,100.26,1
31.436,-0.0547,0.0508,1.0742,-0.4609,9.1992,16.46,96.16,99.80,1
31.453,-0.0781,0.1445,-0.5352,-0.8438,6.9727,16.46,94.14,99.25,1
31.475,-0.0527,0.0332,2.6797,-0.7266,13.1016,16.46,94.52,99.23,1
31.488,-0.0664,-0.2187,1.8789,-1.8008,10.0000,16.46,95.46,102.05,1
31.506,-0.0430,-0.2520,1.8398,-1.6484,10.6523,16.46,96.95,101.27,1
31.523,-0.0176,-0.1758,-0.5352,-2.3359,8.3906,16.33,98.31,101.70,1
31.538,-0.0723,0.1211,-1.3008,-0.0781,8.3555,16.33,99.49,100.62,1
31.555,-0.0430,-0.1543,-0.8047,-1.3789,6.9687,16.33,97.41,101.68,1
31.572,-0.0234,-0.2715,1.1875,-1.7227,10.5742,16.33,96.99,102.26,1
31.589,-0.0371,-0.3242,1.4570,-1.3789,10.4141,16.33,97.39,102.48,1
31.606,-0.0371,-0.1113,0.6133,-0.7266,8.3516,16.33,99.09,104.52,1
31.623,-0.0566,-0.0371,-0.0781,-0.9961,8.2773,16.33,97.74,103.83,1
31.640,-0.0020,-0.3281,-0.7656,-1.6484,7.8164,16.33,98.02,104.60,1
31.659,-0.0273,-0.3945,2.1445,-2.1055,8.7734,16.33,97.94,103.79,1
31.675,-0.0312,-0.3340,3.6758,-1.3008,14.1328,16.33,96.19,102.68,1
31.693,-0.0117,-0.2676,1.8398,-1.6836,9.9609,16.33,96.32,101.93,1
31.708,-0.0410,-0.0898,0.6914,-0.6133,8.1992,16.33,97.19,100.90,1
31.725,-0.0234,-0.2227,-0.1914,-0.5742,6.0469,16.30,97.85,103.58,1
31.743,0.0195,-0.2969,0.4961,-2.4883,8.7734,16.30,98.15,104.03,1
31.759,0.0078,-0.1270,3.6016,-0.7656,13.1719,16.30,95.63,102.89,1
31.777,0.0234,-0.1445,2.5273,-0.5352,10.9180,16.30,95.08,101.57,1
31.793,0.0098,-0.0410,2.4883,-0.8047,11.8359,16.30,96.13,101.54,1
31.810,0.0176,-0.1953,-0.8438,-1.4180,7.8906,16.30,96.45,100.72,1
31.827,-0.0039,-0.0410,-0.0781,0.1914,9.5781,16.30,96.50,100.11,1
31.845,-0.0195,-0.0059,3.0664,-0.7266,13.6367,16.30,93.95,103.14,1
31.865,-0.0020,-0.0957,2.8711,-1.6484,12.6836,16.30,94.51,102.81,1
31.878,-0.0156,-0.1230,0.6914,-0.5742,8.2383,16.30,95.30,101.25,1
31.895,-0.0020,-0.1641,1.0352,-1.4922,10.4180,16.30,96.43,100.55,1
31.912,0.0195,-0.0977,-0.6523,-2.5664,8.8477,16.30,96.67,99.77,1
31.929,-0.0020,0.0879,1.9141,-0.3437,13.4062,16.61,97.90,100.65,1
31.946,0.0234,-0.0801,0.1523,-1.1875,7.3555,16.61,94.70,100.49,1
31.964,0.0078,0.0020,2.3359,-0.8438,11.8398,16.61,95.21,203.54,1
31.985,0.0000,0.0937,-0.7266,0.0000,8.2773,16.61,96.72,99.91,1
31.997,0.0000,0.0508,-0.7266,0.0000,8.2773,16.61,98.25,101.08,1
32.014,-0.0098,-0.0137,-1.6484,-1.0352,4.8594,16.61,97.04,103.35,1
32.035,0.0332,-0.1523,1.9531,-1.5313,9.7656,16.61,96.74,102.47,1
32.049,0.0195,-0.2695,1.6094,-1.4180,9.6523,16.61,97.87,100.35,1
32.066,0.0117,-0.2695,0.6914,-0.4219,9.6484,16.61,97.55,101.94,1
32.084,0.0352,-0.3184,-2.3750,-1.3398,5.2812,16.61,98.04,100.43,1
32.099,0.0137,-0.1270,0.3828,0.8047,10.3437,16.61,98.20,101.81,1
32.116,0.0371,-0.2520,0.3047,-0.7266,7.1250,16.61,97.23,103.55,1
32.137,0.0410,-0.2441,2.1836,-1.8008,11.3750,16.28,95.81,103.75,1
32.152,0.0117,-0.1250,1.8008,-2.4141,10.3477,16.28,95.89,103.61,1
32.167,0.0391,-0.1465,0.2695,0.0000,8.6211,16.28,95.45,103.77,1
32.184,0.0156,-0.1172,-0.2695,-1.4180,7.8906,16.28,96.78,102.66,1
32.206,0.0176,-0.2168,2.6797,-0.0781,12.6445,16.28,96.67,101.78,1
32.218,0.0273,-0.3613,1.6094,-0.8438,9.1992,16.28,96.35,101.76,1
32.236,0.0137,-0.3340,2.9883,-1.0742,11.9883,16.28,95.19,104.14,1
32.253,0.0312,-0.2715,0.0781,-1.8789,8.3945,16.28,97.06,103.80,1
32.269,0.0000,0.0020,0.6133,-0.0781,10.1484,16.28,96.01,103.21,1
32.286,0.0449,-0.2520,-0.8438,-1.1875,6.9297,16.28,96.97,103.68,1
32.303,0.0430,-0.2871,1.5703,-1.8398,11.4922,16.28,97.18,101.46,1
32.320,0.0430,-0.2793,2.5664,-1.9531,14.2500,16.13,94.63,101.43,1
32.337,0.0371,-0.0977,-0.0391,-1.1484,8.0781,16.13,94.79,101.05,1
32.354,0.0195,-0.0176,-0.3437,-1.2656,9.4258,16.13,94.14,100.23,1
32.375,0.0391,-0.1484,1.4180,-0.1914,11.2617,16.13,96.14,101.49,1
32.393,0.0664,-0.2168,1.4180,-1.4180,9.9219,16.13,96.22,100.27,1
32.406,0.0449,-0.3145,2.6797,-1.0742,12.0664,16.13,94.98,99.63,1
32.424,0.0781,-0.2715,0.2695,-2.7969,9.5039,16.13,95.13,100.03,1
32.439,0.0391,0.0078,0.4609,-1.3008,9.5000,16.13,96.02,99.74,1
32.456,0.0937,-0.1875,0.0391,-1.4180,7.7734,16.13,94.97,100.54,1
32.473,0.1094,-0.2324,1.2266,-1.5703,11.0312,16.13,95.53,102.38,1
32.490,0.0957,-0.2305,2.0703,-0.4219,12.4062,16.13,96.23,101.78,1
32.507,0.0859,-0.0254,1.2266,-0.3828,9.2656,16.13,94.01,100.69,1
32.524,0.0742,-0.0137,-0.2305,-1.0352,8.6992,16.24,93.38,100.84,1
32.545,0.1113,-0.1680,0.3437,-0.6133,8.7383,16.24,95.77,99.29,1
32.558,0.0996,-0.3164,0.3437,-0.6133,8.7383,16.24,96.56,99.02,1
32.577,0.1055,-0.3145,3.2578,-1.1875,12.3789,16.24,94.58,100.03,1
32.595,0.1230,-0.2793,1.3008,-1.9922,9.5430,16.24,94.07,101.44,1
32.609,0.1270,-0.0684,0.6914,-0.3047,10.1094,16.24,94.24,101.29,1
32.627,0.1523,-0.1992,0.3828,-0.8047,8.5391,16.24,92.41,102.32,1
32.643,0.1367,-0.1055,1.5703,-1.0352,10.7305,16.24,93.72,101.66,1
32.660,0.1504,-0.1914,2.6445,-1.3008,13.3711,16.24,94.34,100.36,1
32.677,0.1426,-0.1133,0.0391,0.1523,7.8906,16.24,92.80,99.15,1
32.694,0.1152,-0.1387,0.1133,-0.7656,8.6992,16.24,91.70,99.02,1
32.712,0.1191,-0.1621,-1.1484,-0.5352,8.0117,16.24,95.02,98.29,1
32.728,0.1348,-0.1953,1.5703,-0.7266,10.2305,16.17,95.89,99.05,1
32.749,0.1387,-0.2344,3.0664,-0.5742,11.9844,16.17,93.69,100.99,1
32.763,0.1523,-0.2930,3.0664,-0.5742,11.9844,16.17,93.03,99.90,1
32.779,0.1406,-0.0781,0.2305,0.6523,9.0000,16.17,94.40,98.43,1
32.796,0.1406,-0.0098,0.4961,-0.4219,6.8242,16.17,94.62,98.05,1
32.813,0.1191,0.0742,3.3320,-1.0352,13.1758,16.17,92.90,100.04,1
32.833,0.1113,-0.0137,1.6484,-2.0312,10.4922,16.17,93.65,99.54,1
32.848,0.1484,-0.2656,0.1133,0.1523,7.9297,16.17,93.65,99.16,1
32.864,0.1289,-0.2812,-1.0352,0.0781,5.8203,16.17,91.91,99.12,1
32.882,0.1113,-0.2051,1.2266,-0.3828,10.4922,16.17,93.15,96.53,1
32.898,0.1152,-0.0293,1.8398,-1.2656,11.8789,16.17,94.16,96.34,1
32.915,0.1523,-0.1426,1.4180,-1.0352,9.3047,16.17,91.38,96.76,1
32.935,0.1289,-0.0156,-0.8828,-1.3398,8.6953,16.04,90.38,98.15,1
32.953,0.0879,0.0293,2.0312,0.3437,11.6055,16.04,93.15,97.88,1
32.966,0.1406,-0.0957,0.3437,-0.3437,7.0469,16.04,93.28,95.95,1
32.984,0.1230,-0.2090,2.3750,-1.1875,10.5352,16.04,91.44,96.80,1
33.000,0.1465,-0.1094,-1.2656,-1.4922,7.4297,16.04,91.59,96.53,1
33.017,0.1367,-0.0312,1.0742,0.3437,10.9961,16.04,91.61,96.48,1
33.034,0.1406,-0.1016,1.2656,-1.5313,9.3867,16.04,92.00,98.51,1
33.052,0.1387,-0.0781,2.4531,-0.4219,11.6016,16.04,91.48,98.76,1
33.068,0.1504,-0.1699,-0.5352,-1.4180,7.7344,16.04,92.28,97.29,1
33.085,0.1270,-0.1113,-0.4961,0.2695,7.6562,16.04,91.56,96.74,1
33.105,0.1152,-0.1387,1.9141,-0.1133,12.0234,16.04,92.20,97.14,1
33.119,0.1309,-0.1504,1.9141,-0.1133,12.0234,15.46,93.11,95.92,1
33.138,0.1152,-0.0957,-0.4609,-0.6523,8.1211,15.46,90.03,97.08,1
33.156,0.1328,-0.2656,-0.9180,-0.3047,6.2031,15.46,90.83,97.76,1
33.172,0.1250,-0.2051,1.6484,-0.6914,11.4922,15.46,90.60,97.10,1
33.188,0.1250,-0.1758,2.2969,-1.3008,11.7227,15.46,92.34,96.34,1
33.204,0.1191,-0.0391,1.5703,-0.8828,9.7656,15.46,93.46,95.99,1
33.222,0.1074,-0.0684,0.6523,-0.2695,8.7773,15.46,91.04,98.16,1
33.238,0.1250,-0.2187,-0.1914,-1.1484,8.9648,15.46,91.70,97.29,1
33.255,0.1035,-0.1230,2.1836,-0.2695,11.0703,15.46,92.81,97.32,1
33.273,0.1055,-0.1797,1.6836,-0.6914,9.0430,15.46,92.53,95.43,1
33.289,0.0977,-0.0293,1.5703,-0.5352,9.4219,15.46,92.54,95.02,1
33.309,0.0957,-0.0879,0.4961,-0.1914,9.2695,15.46,90.79,97.05,1
33.326,0.1172,-0.0059,2.0703,-1.1875,8.7383,15.37,91.58,96.34,1
33.340,0.1035,-0.1992,2.5273,-0.5352,11.9844,15.37,92.28,97.56,1
33.357,0.1367,-0.1953,1.0742,-1.9531,9.3477,15.37,92.34,95.19,1
33.374,0.1113,-0.1367,0.3828,0.6523,10.0742,15.37,92.33,94.49,1
33.393,0.1055,-0.1758,0.1133,-0.8438,7.1289,15.37,89.90,94.71,1
33.408,0.0977,0.1016,2.3750,-0.4609,11.6797,15.37,90.78,96.82,1
33.425,0.1191,-0.0449,1.1094,-2.4531,9.1602,15.37,90.85,96.17,1
33.443,0.1270,-0.0059,0.3047,-0.3437,8.3555,15.37,90.93,96.98,1
33.459,0.1055,-0.1699,1.0352,-1.1094,8.7344,15.37,89.03,94.49,1
33.476,0.1289,-0.0781,2.6797,-0.4961,12.3750,15.37,89.12,94.42,1
33.496,0.1133,-0.0527,0.6914,-0.2305,9.6484,15.37,90.83,95.62,1
33.513,0.1074,-0.1035,0.0781,-1.6094,8.2344,15.37,90.86,96.16,1
33.527,0.1270,0.0898,0.0781,-0.4609,10.0742,15.02,87.79,95.92,1
33.545,0.1172,0.0000,1.8398,-0.8438,11.1484,15.02,88.10,94.31,1
33.563,0.1074,0.1055,1.2656,-0.7656,9.1602,15.02,93.35,94.30,1
33.578,0.1055,-0.0801,0.6523,-0.2695,7.2070,15.02,91.42,95.34,1
33.595,0.1309,-0.1504,-1.1094,-1.2266,7.0508,15.02,90.29,96.86,1
33.612,0.1055,-0.1367,1.5313,-0.8438,9.1562,15.02,91.62,95.65,1
33.629,0.1270,0.0371,2.2227,-0.4219,9.6133,15.02,90.58,94.88,1
33.646,0.1191,0.1250,2.8359,-0.7656,12.3008,15.02,90.87,95.64,1
33.666,0.0918,0.0176,0.4609,0.3437,8.8125,15.02,91.46,93.70,1
33.680,0.0918,-0.0937,0.4609,0.3437,8.8125,15.02,92.53,96.32,1
33.699,0.1074,-0.1934,2.1836,-0.8438,10.8398,15.02,91.06,97.57,1
33.716,0.1133,-0.1973,-0.1523,-2.6055,8.4219,15.02,92.37,94.73,1
33.733,0.0996,-0.2051,-0.6133,0.1914,9.0391,15.52,93.70,95.21,1
33.748,0.1289,0.0254,0.5742,-1.2656,7.0469,15.52,92.66,95.51,1
33.765,0.1172,0.0879,2.6445,-0.4219,11.3359,15.52,90.24,97.60,1
33.783,0.1074,-0.0020,0.9961,-1.7227,8.9219,15.52,90.46,96.44,1
33.799,0.1172,-0.2637,-0.8047,0.1914,8.3516,15.52,94.37,97.38,1
33.816,0.1289,-0.2617,-0.1133,-0.9180,6.9297,15.52,91.65,95.92,1
33.833,0.1602,-0.2891,1.4922,-1.3789,10.3828,15.52,91.45,95.71,1
33.850,0.1309,-0.0059,3.5234,-2.4141,12.7891,15.52,92.37,95.73,1
33.867,0.1484,0.0273,4.3281,0.5352,13.8711,15.52,91.41,97.91,1
33.886,0.1055,0.4180,3.9062,0.3828,11.1094,15.52,89.86,99.52,1
33.904,0.0898,0.3594,3.7930,-0.4219,7.6289,15.52,89.65,95.00,1
33.918,0.1152,0.1035,2.4141,-0.4219,5.9766,15.52,90.39,93.82,1
33.935,0.1172,0.1055,1.3008,-1.2266,8.8828,15.39,87.40,93.48,1
33.953,0.0937,0.2187,0.6914,-1.2266,9.2695,15.39,90.52,93.91,1
33.969,0.0801,0.4121,2.4883,-0.3047,11.5742,15.39,91.72,93.04,1
33.986,0.0996,0.3418,1.8008,-0.6914,7.7344,15.39,88.06,91.67,1
34.003,0.0820,0.4473,1.3008,-0.0391,8.9609,15.39,89.87,91.41,1
34.020,0.0918,0.2871,-0.8047,-1.4570,7.5508,15.39,90.46,91.70,1
34.039,0.0918,0.2578,1.8789,-0.9180,9.2656,15.39,89.17,93.44,1
34.055,0.0801,0.2266,2.9883,-0.6914,10.9922,15.39,88.47,92.89,1
34.073,0.0859,0.2793,-0.5352,-1.7227,8.0820,15.39,88.98,93.21,1
34.088,0.0820,0.3848,1.0742,0.6523,10.1875,15.39,90.42,91.80,1
34.105,0.0898,0.3809,0.0781,-0.7656,7.0078,15.39,91.10,92.34,1
34.122,0.0781,0.4824,2.6445,0.0000,12.9492,15.39,89.14,94.46,1
34.139,0.0840,0.2344,-1.5313,-1.3398,8.3906,15.46,89.41,95.08,1
34.156,0.0742,0.2676,0.1523,-0.0781,11.0312,15.46,92.97,93.41,1
34.174,0.0586,0.2656,-0.0391,-0.4219,7.2773,15.46,93.76,93.49,1
34.195,0.0566,0.0586,-6.2070,-0.6523,-5.0195,15.46,96.66,95.92,1
34.207,0.0625,0.0918,-6.2070,-0.6523,-5.0195,15.46,95.08,99.70,1
34.226,0.0645,0.0352,-1.2656,-1.3789,3.5625,15.46,95.93,102.23,1
34.244,0.0469,0.1562,2.2227,-1.1484,10.7695,15.46,98.03,102.60,1
34.258,0.0781,-0.1914,2.9102,-0.3047,11.1484,15.46,98.59,101.31,1
34.276,0.0391,-0.1992,1.5313,0.0391,8.5391,15.46,97.20,100.93,1
34.292,0.0234,-0.1562,0.9961,0.2305,8.8437,15.46,97.56,101.52,1
34.309,0.0312,-0.1074,-1.4180,-0.2305,6.3242,15.46,98.60,102.62,1
34.326,0.0117,-0.0762,0.8047,-0.3437,8.3906,16.02,99.87,104.61,1
34.343,0.0410,-0.2090,0.1523,-1.3008,5.8984,16.02,99.89,106.75,1
34.360,0.0215,0.0156,1.2266,-0.9180,8.0820,16.02,101.41,107.34,1
34.377,0.0195,-0.0508,0.9570,-1.4180,8.5820,16.02,103.17,107.45,1
34.394,0.0605,-0.2539,-0.1523,-0.7656,6.1641,16.02,101.87,109.19,1
34.415,0.0664,-0.2988,-1.8789,-1.4922,6.2812,16.02,98.45,107.85,1
34.429,0.0645,-0.3477,2.3359,-0.9570,13.2891,16.02,99.13,105.60,1
34.446,0.0898,-0.1914,0.8047,-0.3437,10.1133,16.02,100.91,106.46,1
34.464,0.0547,-0.0527,1.4922,-0.3437,12.1055,16.02,101.63,107.63,1
34.479,0.0879,-0.2715,1.4570,-1.2656,10.6875,16.02,101.74,105.16,1
34.496,0.0781,-0.1836,-0.6133,-1.3008,8.9258,16.02,102.61,106.24,1
34.513,0.0410,-0.0996,0.6133,-0.5352,11.9531,16.02,103.12,108.26,1
34.533,0.0527,-0.1387,-1.4922,-0.8828,8.5000,16.76,103.11,108.81,1
34.547,0.0527,-0.1387,1.0742,0.0781,12.8672,16.76,103.07,109.54,1
34.564,0.0527,-0.1543,0.9961,0.0391,10.4922,16.76,102.13,109.42,1
34.585,0.0801,-0.2676,2.8359,-0.3437,14.2500,16.76,102.30,109.55,1
34.598,0.0508,-0.1562,0.1133,-0.9570,9.2305,16.76,106.10,109.88,1
34.616,0.0625,-0.1152,2.0703,-0.5352,12.6445,16.76,105.19,108.80,1
34.633,0.0918,-0.1543,1.2656,-0.9570,11.4961,16.76,105.24,109.71,1
34.649,0.0391,-0.0957,2.0703,-0.9961,10.4141,16.76,106.34,109.24,1
34.666,0.0625,-0.0801,1.8008,0.2305,10.6914,16.76,104.42,109.51,1
34.683,0.1172,-0.2227,-2.0703,-0.9961,4.9375,16.76,104.98,110.00,1
34.700,0.0312,-0.0527,1.6836,0.1523,12.3789,16.76,105.24,109.54,1
34.718,0.0762,-0.1152,1.3008,-0.8828,11.4570,16.76,103.37,109.66,1
34.735,0.1191,-0.1055,0.0781,-0.6523,9.2305,16.46,104.03,109.36,1
34.756,0.0801,-0.0273,0.1133,-0.8828,8.4219,16.46,104.28,109.47,1
34.772,0.0215,0.0937,2.5273,-0.5742,12.4102,16.46,105.97,110.17,1
34.785,0.1172,-0.0840,1.8398,-1.3008,12.0664,16.46,105.57,111.50,1
34.806,0.0703,0.0430,0.3047,-1.3008,8.6211,16.46,106.58,109.81,1
34.819,0.1055,-0.0371,1.2266,0.3047,11.3398,16.46,105.72,110.33,1
34.836,0.1172,-0.0312,-1.1484,-0.8828,6.4414,16.46,105.23,110.79,1
34.853,0.0430,0.0156,1.5703,-0.4609,10.4141,16.46,105.62,110.61,1
34.870,0.0957,-0.1074,0.6133,0.1133,8.3945,16.46,104.52,111.16,1
34.888,0.0879,-0.0273,0.1523,-1.3398,9.3047,16.46,105.13,111.19,1
34.904,0.0234,-0.0273,1.0352,0.0391,10.0312,16.46,106.32,110.41,1
34.926,0.0215,0.0020,1.4180,-0.2305,10.5352,16.52,106.00,109.72,1
34.938,0.0586,0.0469,1.4180,-0.2305,10.5352,16.52,105.83,109.88,1
34.958,0.0000,0.0586,-0.9180,-0.6133,7.0469,16.52,109.41,109.79,1
34.976,0.0176,0.0039,1.6094,-0.8828,11.1133,16.52,107.72,111.51,1
34.989,0.0176,0.0410,-1.3008,-1.6094,7.0117,16.52,108.90,110.91,1
35.006,-0.0039,0.0703,0.2305,-0.5352,9.6523,16.52,106.20,113.42,1
35.023,0.0176,0.0078,1.1875,-0.7266,10.8359,16.52,106.12,111.26,1
35.040,-0.0020,0.0664,-0.5742,-1.0352,8.6992,16.52,108.07,111.06,1
35.057,-0.0254,0.0898,-0.1914,0.4219,8.1211,16.52,108.19,114.04,1
35.074,0.0234,-0.0918,-0.8438,-0.8828,6.8203,16.52,106.96,112.70,1
35.093,0.0586,-0.0684,0.2695,-1.1875,9.7656,16.52,108.15,113.40,1
35.108,-0.0273,0.1523,3.1406,0.1914,12.5234,16.52,108.70,114.94,1
35.125,0.0195,-0.0957,-1.2656,-0.8047,4.6328,17.19,107.81,115.93,1
35.146,0.0566,-0.0898,1.6484,-1.9141,10.9531,17.19,111.07,116.32,1
35.160,-0.0352,0.0039,-0.3047,-0.9570,6.8945,17.19,111.99,115.61,1
35.177,0.0312,-0.1309,2.4141,-0.3437,12.8672,17.19,110.66,117.44,1
35.193,0.0820,-0.1074,0.0391,-0.9961,9.6914,17.19,110.60,116.46,1
35.210,-0.0254,-0.0078,-0.3437,-0.8438,8.8125,17.19,111.77,115.74,1
35.227,0.0332,-0.0430,1.5313,-0.2695,12.2617,17.19,110.58,116.96,1
35.244,0.0820,-0.0469,0.3437,-1.6094,9.3437,17.19,111.20,116.01,1
35.262,0.0742,-0.0293,1.3398,-0.7656,10.3437,17.19,111.35,116.52,1
35.278,0.0332,-0.0254,0.4219,-0.9570,9.0391,17.19,112.59,116.35,1
35.295,0.1035,-0.0918,-0.9570,-1.6484,6.8242,17.19,114.27,116.86,1
35.316,0.0996,-0.1074,0.1914,-1.1484,8.6602,17.19,110.63,118.04,1
35.333,-0.0020,-0.1289,-0.0391,-1.7617,9.4648,17.74,111.05,117.55,1
35.346,0.1152,-0.0762,3.0273,0.0000,12.8672,17.74,111.16,118.13,1
35.366,0.1309,-0.1504,-0.0781,-1.2266,6.9297,17.74,110.77,118.78,1
35.380,0.0352,0.0684,-0.9570,-0.4609,7.1289,17.74,111.98,118.96,1
35.397,0.1270,-0.0312,1.8008,-0.3047,11.5312,17.74,112.28,119.32,1
35.414,0.1543,-0.1309,0.3047,-1.7617,8.0781,17.74,112.55,118.62,1
35.433,0.0586,-0.0820,1.1094,-0.2305,10.9141,17.74,111.28,119.05,1
35.448,0.1191,0.0508,1.7617,-0.3437,11.4922,17.74,111.27,118.33,1
35.465,0.1660,-0.0801,0.1523,-0.9570,9.0039,17.74,110.99,118.69,1
35.485,0.0781,0.0059,0.6914,-1.0742,10.0039,17.74,113.24,118.75,1
35.504,-0.0137,0.0254,-1.3398,-1.1875,5.2500,17.74,115.07,118.15,1
35.519,0.1699,-0.0859,1.5703,-0.0391,11.4531,17.74,113.66,119.88,1
35.536,0.1152,-0.0371,2.0703,-0.9570,11.7187,18.30,113.83,119.70,1
35.552,0.0215,0.0742,0.0391,-0.7656,8.8437,18.30,114.39,118.76,1
35.567,0.1660,0.0039,0.4219,-0.4219,10.3047,18.30,114.03,119.93,1
35.584,0.1387,0.0078,0.1133,-1.7617,8.8477,18.30,114.39,118.82,1
35.603,0.0684,-0.0371,0.3047,-0.1133,8.4609,18.30,114.89,119.09,1
35.618,0.1289,0.0820,1.9922,-1.1094,11.2187,18.30,115.89,120.47,1
35.636,0.1387,-0.0020,-0.0391,-1.3789,7.8906,18.30,116.47,120.00,1
35.653,0.1016,-0.1035,0.3828,0.2695,7.6992,18.30,116.23,120.99,1
35.669,0.1016,0.0645,1.3398,-0.9570,9.3867,18.30,117.70,121.30,1
35.689,0.1348,-0.0293,0.4219,0.1523,8.1562,18.30,117.77,121.55,1
35.706,0.1191,-0.1152,2.4141,-1.2266,10.9570,18.30,116.93,123.90,1
35.720,0.0410,-0.0176,0.4219,-0.4609,9.0391,18.30,115.89,123.82,1
35.737,0.0918,-0.0449,1.0352,-0.6133,9.1953,18.87,116.80,123.11,1
35.755,0.1113,0.0156,2.3750,-0.9961,11.7617,18.87,117.50,121.46,1
35.774,0.0645,0.0410,0.9570,-0.6523,9.3047,18.87,117.67,121.68,1
35.788,0.0410,-0.0508,-0.1133,-0.3828,8.1602,18.87,117.30,122.79,1
35.805,0.0781,0.0898,2.6445,-0.9570,11.3789,18.87,118.93,122.56,1
35.823,0.0801,0.0332,0.8047,-0.7656,9.6484,18.87,119.82,122.50,1
35.839,0.0195,0.0137,0.6523,-1.5703,8.2383,18.87,118.92,123.03,1
35.856,0.0293,0.0273,3.2578,-0.6523,12.1055,18.87,119.59,123.21,1
35.876,0.0352,-0.0215,-0.6523,-0.3828,5.4766,18.87,117.80,122.38,1
35.892,0.0664,0.0293,0.4609,-0.4219,9.3437,18.87,120.34,123.70,1
35.908,0.0391,-0.2168,2.3750,-1.1094,11.5312,18.87,120.29,126.07,1
35.926,0.0078,-0.0234,-0.3047,-0.4219,8.0078,19.54,119.96,123.50,1
35.943,0.0117,0.0918,1.8008,-0.9570,12.4062,19.54,121.57,126.29,1
35.958,0.0586,-0.0723,2.0703,-1.5703,11.9141,19.54,122.10,125.44,1
35.976,0.0273,-0.0898,0.1133,-0.5352,8.6602,19.54,120.42,126.79,1
35.992,0.0098,-0.1895,0.0391,-0.4219,9.0781,19.54,122.10,127.15,1
36.009,0.0703,0.1387,2.4141,-1.1484,11.4922,19.54,123.62,126.23,1
36.026,0.0684,-0.0098,0.6914,-0.4609,8.9609,19.54,121.45,124.86,1
36.046,0.0352,-0.0137,3.8320,-0.4219,12.3359,19.54,122.04,128.90,1
36.060,0.0625,0.0781,3.8320,-0.4219,12.3359,19.54,122.65,126.98,1
36.078,0.0703,0.1289,-2.1445,-0.6133,4.9414,19.54,123.14,126.31,1
36.096,0.0508,0.2187,1.6836,-0.6914,10.8359,19.54,123.12,126.82,1
36.113,0.0547,0.0156,1.7617,-1.2266,10.1914,19.54,122.46,128.21,1
36.128,0.0391,0.0527,-0.2695,-0.6133,8.5430,19.87,120.25,129.75,1
36.145,0.0586,-0.0195,1.4922,-0.3047,10.8750,19.87,121.54,128.68,1
36.163,0.0586,0.1543,2.8359,-0.3437,11.1523,19.87,121.58,130.36,1
36.179,0.0508,-0.1738,-1.3398,-0.8047,6.8945,19.87,122.17,129.89,1
36.196,0.0215,-0.0117,0.3437,-0.6914,8.0391,19.87,121.60,129.52,1
36.213,0.0254,-0.0352,2.8359,-0.7656,12.7187,19.87,123.03,131.15,1
36.230,0.0762,0.1289,0.2695,-1.1875,9.1953,19.87,124.41,127.98,1
36.249,0.0703,-0.0781,2.7187,-0.9180,13.5664,19.87,122.99,129.95,1
36.266,0.0684,-0.0430,2.5664,-1.2656,10.9570,19.87,124.49,127.98,1
36.283,0.0410,0.0176,-1.1484,-0.4961,4.6719,19.87,126.52,128.47,1
36.298,0.0820,0.0586,-0.5742,-0.9570,6.3984,19.87,126.89,133.01,1
36.315,0.0703,0.1758,2.7969,-0.2305,12.0234,19.87,127.52,131.53,1
36.332,0.0449,0.0547,0.8828,0.4961,11.3008,20.72,126.33,133.37,1
36.349,0.0078,0.1387,-0.7266,0.3047,8.5781,20.72,125.47,132.45,1
36.366,-0.0039,0.1074,1.3398,1.3008,11.2617,20.72,125.75,130.16,1
36.383,0.0332,0.1445,-0.3828,-0.8047,8.6172,20.72,125.82,131.39,1
36.400,-0.0176,-0.0176,-1.8789,-1.9141,7.0508,20.72,125.14,129.47,1
36.419,-0.0176,0.1367,-1.9141,-1.6836,7.2344,20.72,122.97,130.67,1
36.436,0.0078,0.1133,-0.0391,-0.1133,9.8867,20.72,124.30,129.25,1
36.453,0.0703,0.0137,0.9570,-0.9180,12.5625,20.72,124.27,129.03,1
36.468,-0.0371,0.0625,-1.6836,-0.1133,7.3516,20.72,122.79,131.77,1
36.486,0.0117,0.0254,0.4219,-0.1914,10.8008,20.72,124.78,128.68,1
36.503,0.0762,-0.0879,-3.0273,-2.1836,4.9375,20.72,124.29,132.15,1
36.519,-0.0449,0.0195,0.3828,-0.3437,8.2773,20.72,123.66,132.64,1
36.536,0.0254,-0.1504,-1.1094,-1.6484,7.5469,21.26,123.92,130.82,1
36.553,0.0820,-0.1484,0.0000,-1.4180,10.1094,21.26,123.78,131.10,1
36.576,0.0156,-0.0586,-0.4609,-0.9180,9.6484,21.26,125.57,129.38,1
36.587,0.0273,-0.0723,-0.4609,-0.9180,9.6484,21.26,125.66,129.72,1
36.606,0.0352,0.1016,-2.0703,-0.4609,6.8555,21.26,123.50,129.85,1
36.625,0.0020,0.0742,0.0391,-0.3828,10.5312,21.26,125.44,131.79,1
36.638,0.0000,-0.1719,0.3828,-0.1133,9.9648,21.26,126.17,132.78,1
36.655,0.0117,-0.1699,0.8828,-0.2695,10.6914,21.26,126.02,132.64,1
36.674,0.0000,-0.1094,-1.6836,-0.4219,7.8906,21.26,125.19,132.07,1
36.689,-0.0273,0.1738,-0.5352,-0.6914,8.7734,21.26,125.31,129.63,1
36.706,0.0117,-0.0020,0.0781,-0.5742,8.7344,21.26,122.88,129.74,1
36.723,0.0059,-0.0137,1.4180,-1.3789,11.4531,21.26,124.16,129.94,1
36.740,-0.0137,-0.0273,-0.2695,-1.0742,8.5781,21.26,124.56,128.73,1
36.757,-0.0176,0.1016,-1.0352,-0.7266,7.1289,21.26,124.39,132.21,1
36.774,-0.0391,0.0312,-0.3047,-0.5742,6.8906,21.26,123.85,133.28,1
36.796,-0.0273,-0.0508,2.8359,-0.5352,13.2891,21.26,123.76,133.53,1
36.809,-0.0156,-0.1992,2.3359,-1.2266,10.7969,21.26,124.04,133.55,1
36.826,-0.0117,-0.1250,1.8789,0.0000,12.1445,21.26,123.79,135.19,1
36.843,-0.0059,-0.0293,-0.5352,-1.9922,9.2695,21.26,123.99,129.92,1
36.859,-0.0156,0.1094,0.9961,0.2695,11.8359,21.26,126.92,130.23,1
36.876,0.0195,0.0527,-0.4219,-0.9961,8.3164,21.26,126.26,129.28,1
36.893,-0.0078,0.1211,1.5703,-0.3437,10.8008,21.26,126.28,127.67,1
36.910,0.0078,-0.0156,-0.7656,-1.1875,8.2734,21.26,126.14,130.89,1
36.927,0.0000,-0.0078,-2.0703,-0.6133,5.9766,20.69,127.15,131.32,1
36.944,-0.0352,-0.0293,-1.4570,-0.5742,6.5078,20.69,126.33,133.37,1
36.966,-0.0039,0.0078,1.3789,-0.5742,10.9570,20.69,128.27,133.05,1
36.979,-0.0254,0.0508,1.5703,-0.4219,9.8086,20.69,128.53,131.96,1
36.996,-0.0273,-0.0625,1.1484,-0.6133,10.8398,20.69,126.60,132.75,1
37.012,-0.0098,-0.0566,-0.4961,-0.1523,8.6602,20.69,125.90,131.44,1
37.029,-0.0195,0.0391,1.3008,-0.2695,11.1875,20.69,125.82,131.37,1
37.046,-0.0234,0.1387,0.9961,-0.9961,8.0430,20.69,125.17,133.67,1
37.063,-0.0371,0.2207,1.0742,-1.2656,10.1484,20.69,124.92,134.28,1
37.080,0.0000,-0.1211,-2.0312,-1.1875,4.9805,20.69,125.98,133.65,1
37.097,-0.0312,-0.1699,-0.5352,-0.2695,9.1953,20.69,127.52,135.32,1
37.114,-0.0117,-0.2070,-0.4219,-1.3008,7.5117,20.69,127.39,133.07,1
37.136,-0.0039,-0.1250,2.0703,-1.5313,12.5664,21.59,129.03,132.10,1
37.154,-0.0195,-0.0059,0.5352,-1.0352,10.1094,21.59,129.47,131.79,1
37.166,-0.0039,0.0273,0.0000,-0.5352,8.5039,21.59,128.32,133.07,1
37.184,-0.0078,-0.0078,-2.0703,-0.9180,6.0469,21.59,128.17,131.49,1
37.199,0.0039,-0.0723,1.4180,-0.5352,11.1094,21.59,128.50,130.87,1
37.216,0.0000,0.1094,0.5352,-1.1094,8.2344,21.59,129.80,134.10,1
37.234,-0.0273,0.1211,1.6484,-0.9570,11.5703,21.59,126.49,135.46,1
37.252,-0.0059,0.0254,-0.6133,-0.7266,8.6953,21.59,126.60,132.36,1
37.267,-0.0176,-0.0625,-0.0391,-0.2305,8.7344,21.59,129.30,132.42,1
37.284,-0.0078,-0.1309,-1.4570,-0.8047,6.2422,21.59,129.30,135.54,1
37.306,0.0254,-0.1289,1.5703,-1.0352,11.6016,21.59,130.17,135.41,1
37.318,-0.0020,0.1152,1.5703,-1.0352,11.6016,21.95,131.87,135.85,1
37.338,0.0293,-0.0703,0.2695,-0.8438,9.5430,21.95,129.77,136.76,1
37.356,0.0098,-0.0059,-0.8828,-0.1133,9.1953,21.95,129.20,136.11,1
37.369,0.0117,-0.0527,0.7656,-0.3437,10.2695,21.95,128.77,136.17,1
37.386,-0.0117,0.0918,-0.4961,-0.1523,5.9766,21.95,131.10,134.50,1
37.403,-0.0254,0.0332,0.2305,-0.8047,9.2656,21.95,127.70,134.81,1
37.420,0.0195,-0.1680,-0.3047,-0.8047,8.0078,21.95,127.86,136.87,1
37.437,-0.0020,-0.1582,0.9961,-0.6914,11.9844,21.95,128.68,137.31,1
37.454,0.0059,-0.0742,0.4219,-1.4570,9.5391,21.95,129.57,136.82,1
37.472,0.0195,-0.0137,0.5352,-0.3047,10.2266,21.95,130.82,133.83,1
37.488,-0.0059,0.1602,1.5313,-1.3398,10.1523,21.95,132.80,133.89,1
37.505,0.0293,-0.0801,0.0391,-0.5352,7.2734,21.95,131.42,135.32,1
37.526,0.0293,-0.0664,-1.7227,-0.5742,7.7383,22.30,131.16,137.25,1
37.539,0.0195,-0.0996,1.1875,-0.0391,11.7578,22.30,130.70,137.78,1
37.556,0.0273,0.0820,0.0781,-0.8828,8.5820,22.30,131.25,138.75,1
37.573,-0.0117,0.2148,1.1484,-0.3437,11.6797,22.30,130.53,137.78,1
37.592,-0.0078,0.0820,0.2305,-1.1875,8.8437,22.30,128.83,134.84,1
37.608,-0.0059,-0.0937,0.1523,-0.2695,10.0742,22.30,130.74,136.37,1
37.625,-0.0039,-0.0098,0.4219,-1.1094,9.5430,22.30,130.63,137.51,1
37.643,0.0215,0.0156,-0.9961,-0.7656,8.1172,22.30,131.27,137.70,1
37.658,-0.0020,0.1230,1.1094,-0.1523,10.1133,22.30,132.57,137.06,1
37.676,0.0234,-0.0605,-0.2305,-1.1094,7.0898,22.30,131.87,136.07,1
37.696,0.0391,-0.1172,-1.1484,-1.5703,7.4336,22.30,131.94,135.94,1
37.714,0.0059,-0.1582,0.2305,0.0000,9.5391,22.30,131.39,135.96,1
37.726,0.0469,-0.0605,-0.7266,-1.3008,8.1562,21.89,129.94,135.76,1
37.746,0.0195,0.0547,-0.4609,-0.9961,9.3867,21.89,129.45,138.33,1
37.760,0.0469,-0.0957,1.4180,-0.6523,11.1094,21.89,133.51,138.03,1
37.777,0.0156,0.0254,-0.5352,-1.5703,8.8125,21.89,132.42,136.43,1
37.794,0.0117,0.0605,1.3789,-0.2695,11.7187,21.89,132.29,137.23,1
37.813,0.0508,-0.0664,-1.4922,-1.3789,7.5859,21.89,132.93,136.99,1
37.828,0.0312,-0.1172,0.3047,0.0391,9.7695,21.89,134.07,140.67,1
37.845,0.0410,-0.0840,0.3828,-1.0352,8.6953,21.89,130.70,141.42,1
37.866,0.0703,-0.0371,2.5664,-0.5352,10.1484,21.89,131.03,140.29,1
37.879,0.0293,0.1621,2.5664,-0.5352,10.1484,21.89,132.93,137.63,1
37.898,0.0742,-0.0566,0.7266,-0.9570,10.6914,21.89,131.44,138.95,1
37.916,0.0937,-0.0840,-1.5703,-1.2656,8.1172,21.89,133.19,138.39,1
37.930,0.0781,-0.0566,0.6133,-0.3437,11.5312,22.22,134.54,139.70,1
37.947,0.0918,0.0391,-0.9180,-1.0352,8.0820,22.22,132.84,138.97,1
37.964,0.0547,0.1113,0.6523,-0.5352,10.5742,22.22,132.35,138.48,1
37.983,0.0684,0.1719,1.8008,-0.8047,12.8320,22.22,131.46,136.69,1
37.998,0.0586,0.0977,0.3047,-0.6523,9.2695,22.22,130.12,136.87,1
38.015,0.0566,0.1094,1.6836,-0.0781,11.6406,22.22,129.27,139.59,1
38.033,0.0918,0.0586,-1.0742,-0.9961,8.1992,22.22,129.58,138.41,1
38.049,0.0664,0.0020,-0.3047,0.4219,9.6484,22.22,133.19,139.24,1
38.069,0.0684,0.0020,-0.6914,-0.9961,7.9336,22.22,133.28,137.02,1
38.086,0.0918,-0.0801,-0.4609,-0.5352,8.2383,22.22,134.30,137.74,1
38.100,0.0508,0.0957,-0.9180,-0.4961,7.9727,22.22,134.68,139.16,1
38.117,0.0957,-0.1133,0.4609,-0.1914,10.9180,22.22,131.67,141.26,1
38.134,0.1055,-0.1074,-0.5352,-0.6133,9.5820,23.22,132.86,136.95,1
38.153,0.0664,-0.0430,1.1094,0.4609,11.5352,23.22,132.66,139.31,1
38.168,0.0781,0.0547,-0.7656,-0.4609,7.0859,23.22,130.89,138.29,1
38.185,0.0371,0.1016,1.4922,-0.4219,11.2187,23.22,136.00,138.70,1
38.203,0.0430,0.1113,0.9180,-0.5742,9.5000,23.22,136.18,138.95,1
38.219,0.0312,0.0215,0.0391,-0.3437,7.5469,23.22,134.28,141.82,1
38.236,0.0273,0.0215,-0.2305,-0.0391,7.6250,23.22,133.01,141.84,1
38.257,0.0449,-0.0762,1.9141,0.4609,11.6406,23.22,132.24,141.02,1
38.273,0.0645,-0.0273,0.2305,-0.9961,8.5000,23.22,131.86,138.62,1
38.287,0.0293,-0.0879,0.9961,-0.5742,11.2617,23.22,131.56,139.26,1
38.305,0.0508,-0.1172,0.2305,-0.5352,9.6875,23.22,132.29,137.91,1
38.323,0.0273,0.0742,-0.1914,-0.6523,10.2695,23.24,133.73,139.70,1
38.338,0.0469,0.0137,0.3047,-0.5742,9.8477,23.24,132.82,137.16,1
38.355,0.0586,-0.0078,-0.2305,-1.0742,9.5820,23.24,134.68,137.16,1
38.374,0.0078,-0.0293,1.0742,-0.0391,10.1133,23.24,135.37,137.40,1
38.389,0.0469,-0.0156,-0.4961,-0.9180,7.0898,23.24,132.12,141.42,1
38.406,0.0234,0.0527,1.6484,-0.5352,10.9570,23.24,132.66,141.50,1
38.426,0.0039,0.1777,0.1914,-0.5742,9.4648,23.24,132.98,141.60,1
38.440,0.0156,0.1582,0.1914,-0.5742,9.4648,23.24,134.84,139.86,1
38.458,-0.0020,0.1973,-1.4570,-0.6914,7.6250,23.24,135.17,139.31,1
38.475,0.0156,0.0781,0.8047,-0.0391,10.8398,23.24,134.34,138.31,1
38.493,0.0410,0.0020,-0.4219,-1.1875,7.9687,23.24,134.97,141.24,1
38.508,0.0098,-0.0449,1.3789,-0.3828,11.6016,23.24,132.19,140.98,1
38.525,0.0293,0.0488,-0.3828,-0.9180,9.0820,22.87,132.59,138.37,1
38.543,0.0059,0.1445,-0.9180,-0.3047,7.4336,22.87,133.39,139.16,1
38.559,0.0254,-0.0195,-0.5352,-0.4961,8.0820,22.87,134.46,138.52,1
38.576,0.0449,-0.0801,-0.7656,-1.1484,7.5469,22.87,133.96,141.66,1
38.593,0.0117,-0.0078,1.7227,-0.2695,10.3867,22.87,135.52,141.96,1
38.610,0.0547,-0.0625,0.1523,-1.1094,7.5859,22.87,134.83,140.04,1
38.629,0.0391,-0.0059,-1.1875,-1.0742,6.3242,22.87,132.59,138.16,1
38.646,0.0059,-0.0176,-0.7266,-0.4609,8.2773,22.87,134.21,138.66,1
38.663,0.0273,-0.0137,0.2695,-0.9570,9.8867,22.87,133.08,142.96,1
38.678,0.0098,0.0703,-0.8828,-0.9961,8.8867,22.87,135.54,142.55,1
38.695,0.0078,0.2090,2.2617,-0.1133,13.0625,22.87,137.06,139.26,1
38.713,0.0566,-0.0371,-0.3437,-0.9961,7.9727,22.87,136.33,140.08,1
38.729,0.0195,0.0391,0.6523,-0.1523,10.5312,23.02,135.74,141.80,1
38.746,0.0254,-0.0527,0.6133,-0.9570,9.8047,23.02,136.17,143.00,1
38.763,0.0547,-0.0723,0.5352,-0.3828,9.3047,23.02,134.48,143.29,1
38.780,0.0273,-0.0078,0.8047,-1.3398,9.1562,23.02,134.70,141.94,1
38.799,0.0469,-0.0566,0.1914,-0.1523,10.0000,23.02,138.12,141.62,1
38.816,0.0449,0.0430,-1.3789,-0.6133,5.5586,23.02,137.19,141.62,1
38.833,0.0117,0.0273,0.1133,-0.3828,10.0039,23.02,137.21,144.68,1
38.848,0.0664,-0.1465,0.8438,-0.5742,12.5234,23.02,134.23,143.97,1
38.865,0.0215,0.0137,1.4570,-0.4961,12.0273,23.02,137.65,144.13,1
38.883,0.0215,0.0273,0.5352,-0.7266,10.4531,23.02,134.86,141.00,1
38.899,0.0430,-0.1191,-2.2969,-0.0781,7.3555,23.02,136.04,143.84,1
38.916,0.0195,-0.0918,-0.0391,-0.0391,9.7305,23.02,137.02,142.96,1
38.933,0.0215,-0.0645,-0.6523,-0.5352,8.5039,23.43,136.59,144.38,1
38.950,0.0195,-0.0137,-0.0391,-0.7266,10.4922,23.43,134.26,142.13,1
38.967,-0.0020,-0.0078,0.8438,-0.4961,9.7656,23.43,135.37,286.86,1
38.986,0.0176,-0.1348,1.6836,-0.5352,11.5352,23.43,135.24,141.92,1
39.005,0.0293,-0.1387,-0.5352,-0.0391,8.4219,23.43,138.24,144.45,1
39.018,-0.0117,0.0137,0.2695,-0.5352,9.8477,23.43,138.73,144.76,1
39.037,0.0176,-0.1758,0.3828,-0.1133,10.2305,23.43,137.97,142.82,1
39.053,0.0117,-0.0957,0.0000,-0.9570,10.8750,23.43,138.12,143.08,1
39.069,-0.0234,-0.0059,0.7266,-0.2695,11.0742,23.43,138.16,144.22,1
39.086,0.0000,-0.0879,-1.0352,-0.4609,7.0117,23.43,136.17,142.80,1
39.103,-0.0273,-0.0449,1.4570,-1.2266,11.2187,23.43,135.76,142.45,1
39.120,-0.0215,-0.0977,1.1094,-0.6523,10.5352,23.13,138.85,141.50,1
39.138,-0.0273,0.0664,0.1914,-0.9961,10.2266,23.13,137.06,292.74,1
39.154,-0.0625,0.1895,1.0742,-0.3828,10.9180,23.13,136.15,144.78,1
39.171,-0.0117,-0.0293,-0.8828,-1.0742,8.2734,23.13,135.45,141.00,1
39.190,-0.0625,0.0645,-1.1094,-0.6133,6.2422,23.13,134.25,140.45,1
39.206,-0.0645,0.0918,1.1094,-1.0742,10.9922,23.13,133.87,141.28,1
39.223,-0.0430,0.0273,1.0352,-0.7656,10.6133,23.13,137.10,143.41,1
39.239,-0.0566,-0.0391,-0.4609,-0.9180,7.9727,23.13,137.02,143.95,1
39.257,-0.0566,0.0078,1.3789,-0.9570,11.2578,23.13,136.71,140.88,1
39.273,-0.0352,-0.0312,-1.1484,-1.4922,8.3125,23.13,137.32,140.88,1
39.290,-0.0547,0.1133,-0.1914,-0.6914,10.5742,23.13,134.97,143.97,1
39.307,-0.0312,-0.0098,-0.6914,-1.0742,7.8555,23.13,134.95,143.82,1
39.324,-0.0117,-0.0195,-0.6523,-0.5742,9.2695,23.02,137.40,143.66,1
39.341,-0.0430,0.1953,2.3359,-1.2266,12.3789,23.02,138.68,141.54,1
39.360,-0.0078,-0.0293,0.6133,-0.7656,9.1992,23.02,137.87,142.11,1
39.375,0.0156,-0.1074,-1.6484,-1.0352,5.6641,23.02,139.39,142.17,1
39.393,-0.0195,-0.1035,-0.4609,-0.0781,8.8867,23.02,137.46,144.59,1
39.409,0.0098,-0.0449,-0.4961,-0.8047,7.8945,23.02,135.69,142.88,1
39.426,-0.0078,0.0039,-0.8047,-0.3047,8.2773,23.02,138.45,141.04,1
39.444,-0.0195,0.0801,1.8789,-0.4219,11.9570,23.02,139.24,141.28,1
39.460,-0.0195,0.0957,0.8047,-0.7266,9.3437,23.02,137.36,144.76,1
39.477,-0.0352,0.1641,1.8789,-1.1484,11.3398,23.02,136.43,144.89,1
39.494,-0.0098,0.1641,0.4609,-1.1094,8.8164,23.02,136.48,142.25,1
39.517,0.0176,-0.0605,-0.1133,-0.8438,8.8125,23.02,135.08,143.16,1
39.530,-0.0156,0.0527,-1.6484,-0.5352,7.6953,23.63,138.99,145.96,1
39.546,-0.0039,0.0059,-0.3047,-0.3047,9.9219,23.63,134.81,145.79,1
39.566,0.0234,-0.0781,-0.0781,-0.4219,9.0391,23.63,137.91,144.18,1
39.579,-0.0059,-0.0039,0.7656,-1.4922,10.8008,23.63,136.99,143.53,1
39.596,0.0098,-0.0449,0.9570,-0.1914,10.6523,23.63,138.77,143.06,1
39.613,0.0215,0.0430,-0.3437,-0.8438,8.8867,23.63,136.39,145.20,1
39.630,0.0039,0.0059,1.0352,-0.3437,11.4141,23.63,139.24,146.05,1
39.647,0.0254,-0.0059,-0.9570,-0.6133,8.0430,23.63,138.37,142.27,1
39.664,-0.0020,0.0371,-0.3828,-0.4961,9.2656,23.63,139.88,143.68,1
39.686,-0.0391,0.0664,-1.3789,-0.8828,7.2070,23.63,137.04,145.35,1
39.698,0.0273,-0.1641,-1.3789,-0.8828,7.2070,23.63,136.95,146.05,1
39.717,-0.0137,-0.2246,-3.4102,-0.3437,3.4102,23.63,138.16,145.31,1
39.736,-0.0254,-0.3145,2.1055,-0.3437,16.5859,23.67,139.28,140.29,1
39.750,0.0078,-0.1992,5.6680,-2.4531,20.4570,23.67,136.69,148.68,1
39.767,-0.0410,0.0703,1.9922,-0.2305,7.9727,23.67,138.85,147.41,1
39.783,-0.0430,0.1094,5.0547,-0.0391,12.1797,23.67,137.99,142.69,1
39.800,-0.0117,0.2676,-0.2695,-2.1836,7.3125,23.67,134.70,148.32,1
39.817,-0.0312,0.1523,-3.6055,0.9961,-1.7227,23.67,137.99,137.25,1
39.834,-0.0352,-0.1230,-1.3398,0.4219,6.2812,23.67,137.95,145.14,1
39.857,0.0391,0.0957,-0.2695,0.0781,9.4648,23.67,137.89,147.38,1
39.868,-0.0312,0.0801,-0.2695,0.0781,9.4648,23.67,139.70,142.90,1
39.885,0.0117,0.0020,-0.0781,-0.6523,10.6094,23.67,135.63,146.28,1
39.906,0.0176,-0.2227,-2.3750,-0.1133,5.6367,23.67,137.08,142.13,1
39.920,-0.0020,0.0410,0.2305,0.0391,16.8555,23.69,135.08,299.22,1
39.936,-0.0098,0.1973,1.4922,0.1133,12.9844,23.69,130.14,144.63,1
39.954,-0.0547,0.3184,1.0742,-1.4570,12.5234,23.69,136.26,142.31,1
39.970,-0.0371,0.0645,-1.1484,1.8359,1.0352,23.69,141.56,143.16,1
39.988,0.2656,-1.9648,-10.0703,0.2305,-8.5430,23.69,141.82,148.94,1
40.004,-0.1523,-0.7539,-3.1016,0.4219,3.4062,23.69,140.31,147.97,1
40.023,-0.2031,-0.5742,-3.8672,-1.2656,-2.1836,23.69,139.14,147.69,1
40.038,-0.0215,-0.0098,9.8086,-1.1875,26.5078,23.69,137.93,145.16,1
40.055,-0.2129,0.3516,3.6758,-1.2656,15.7070,23.69,139.18,145.75,1
40.077,-0.2129,0.2812,0.4961,-0.2305,9.5000,23.69,139.33,145.90,1
40.094,-0.0781,-0.1934,-1.1094,-0.1133,6.2812,23.69,137.93,141.84,1
40.107,-0.1914,0.1484,-1.0742,-0.5352,7.4336,23.69,136.50,146.99,1
40.125,-0.2051,-0.0742,1.8789,-0.8828,9.2656,23.69,136.97,147.45,1
40.140,-0.1367,-0.1348,-0.1914,-0.4609,8.5000,23.74,139.80,147.56,1
40.157,-0.2109,-0.0449,1.4922,-2.6445,11.9883,23.74,139.35,146.33,1
40.174,-0.1758,-0.1270,-1.3398,-0.4219,8.6172,23.74,140.47,144.01,1
40.194,-0.1133,0.0039,1.3398,-1.7227,12.0273,23.74,138.27,147.17,1
40.208,-0.1836,0.0293,-0.2695,-0.5742,9.5781,23.74,137.68,146.16,1
40.225,-0.1797,0.0332,0.1523,-0.5742,10.5703,23.74,139.59,144.45,1
40.247,-0.1562,0.1484,-1.8008,-0.4609,4.8594,23.74,140.79,143.99,1
40.259,-0.1719,-0.0371,-1.8008,-0.4609,4.8594,23.74,138.14,146.01,1
40.278,-0.1719,-0.0977,1.1094,-0.9961,11.1523,23.74,138.20,145.96,1
40.297,-0.1934,0.0078,1.1484,-1.2266,10.9570,23.74,138.85,146.35,1
40.310,-0.1738,-0.0176,1.1875,-1.2266,9.6914,23.74,138.37,145.16,1
40.327,-0.1738,-0.0977,-1.9141,-0.9180,4.7539,24.04,139.70,145.18,1
40.344,-0.2168,-0.1445,-1.0352,-0.7266,7.2734,24.04,141.58,147.86,1
40.365,-0.2012,-0.0332,0.0781,-0.5352,10.0039,24.04,137.25,144.80,1
40.378,-0.1836,-0.0469,0.6523,-1.3789,10.6484,24.04,137.89,144.45,1
40.395,-0.2324,0.1035,2.4141,-0.3828,13.4492,24.04,137.99,146.43,1
40.413,-0.2051,0.0605,-0.5742,-1.4180,6.4687,24.04,140.23,146.41,1
40.429,-0.2148,0.0645,0.2695,-1.4570,7.8555,24.04,141.88,146.93,1
40.448,-0.2227,0.0469,-0.4219,-1.6836,7.0898,24.04,138.97,145.69,1
40.466,-0.1680,-0.0547,2.4531,-0.7266,13.6328,24.04,139.14,145.92,1
40.481,-0.2070,0.1406,0.1133,-2.4883,10.5703,24.04,139.31,147.60,1
40.497,-0.2070,0.1797,0.9961,-0.8828,10.9531,24.04,142.37,146.71,1
40.514,-0.1387,-0.0625,-2.2969,-1.5703,5.4375,24.04,141.16,145.24,1
40.533,-0.0742,-0.1582,-2.4531,-1.9531,5.4023,24.13,138.83,143.68,1
40.548,-0.1309,0.0332,1.8008,-1.3398,12.2617,24.13,139.65,147.23,1
40.565,-0.0723,-0.0996,-0.3437,-1.5703,9.3477,24.13,138.81,147.45,1
40.584,-0.0645,-0.0410,0.6523,-1.3398,11.3008,24.13,141.88,143.74,1
40.599,-0.1016,-0.0371,-0.8438,-1.0352,7.8555,24.13,142.90,145.65,1
40.617,-0.0312,-0.1895,-1.1484,-0.8828,5.5547,24.13,139.51,148.74,1
40.637,-0.0703,-0.1094,-0.3437,-1.1094,8.9609,24.13,140.02,150.15,1
40.653,-0.1113,-0.0293,0.8828,-0.7266,10.0312,24.13,139.51,145.79,1
40.667,-0.0059,-0.0410,-0.2305,-0.1914,9.5820,24.13,138.64,147.67,1
40.686,-0.0762,0.0625,-0.1914,-1.1094,9.3867,24.13,143.10,149.10,1
40.704,-0.0957,0.0352,0.0391,0.3047,9.1172,24.13,143.16,147.95,1
40.718,-0.0078,-0.0059,-1.4922,-1.3008,6.4023,24.11,139.96,148.59,1
40.735,-0.0605,0.0371,1.2656,-1.6094,11.1094,24.11,139.92,146.97,1
40.754,-0.0508,0.1426,1.4180,-1.2656,12.0664,24.11,140.13,149.16,1
40.769,0.0000,-0.0020,-0.8438,-0.6523,8.4648,24.11,142.13,146.22,1
40.786,-0.0527,0.0781,0.0000,-0.6523,10.3867,24.11,142.63,145.84,1
40.807,-0.0254,0.0508,0.1523,-0.9961,9.5039,24.11,141.74,146.20,1
40.820,0.0156,-0.0020,0.1523,-0.9961,9.5039,24.11,139.80,147.86,1
40.839,-0.0234,0.0469,-1.4570,-0.9570,8.7383,24.11,140.67,149.37,1
40.856,0.0059,0.0078,0.6133,-0.0391,10.5742,24.11,143.43,146.97,1
40.873,0.0977,-0.1523,-0.0391,-1.1875,8.4648,24.11,142.33,149.28,1
40.888,0.0059,0.0391,1.2656,-1.3789,11.8398,24.11,140.51,149.72,1
40.905,0.0488,-0.0137,1.3008,-0.2695,11.1133,24.11,140.04,146.31,1
40.923,0.1230,-0.1699,-1.4570,-0.8828,6.9727,24.54,141.28,146.43,1
40.939,0.0293,-0.0293,1.9531,0.0000,13.0664,24.54,142.35,149.48,1
40.956,0.0820,-0.0898,-1.1484,-1.0742,7.3555,24.54,142.73,149.48,1
40.977,0.1445,-0.1289,1.1875,-0.7656,10.6133,24.54,139.94,149.84,1
40.990,0.0586,0.0254,1.1875,-0.7656,10.6133,24.54,139.72,147.84,1
41.010,0.1055,-0.0820,1.3008,0.6133,11.2227,24.54,143.95,149.41,1
41.026,0.1719,-0.0781,-1.3008,-1.4180,6.9687,24.54,143.31,150.51,1
41.043,0.1035,0.0195,0.6914,-0.6133,11.1133,24.54,141.66,146.80,1
41.058,0.1523,-0.0293,1.7227,-0.2305,12.7617,24.54,140.55,147.36,1
41.076,0.1816,0.0332,-1.3398,-0.6914,7.5859,24.54,140.29,149.77,1
41.094,0.0977,0.0586,0.9180,-0.2695,10.3477,24.54,143.86,148.43,1
41.109,0.1914,-0.0957,-1.1875,-0.6523,8.2773,24.54,142.59,146.13,1
41.126,0.1660,0.0449,-0.3828,-1.1094,8.9258,24.45,140.15,146.05,1
41.143,0.0898,0.1445,0.8047,0.0391,10.2695,24.45,140.06,149.19,1
41.160,0.2070,-0.0879,-1.6094,-0.8047,7.9727,24.45,139.63,148.90,1
41.177,0.1367,0.0195,1.2656,0.2695,10.2266,24.45,141.80,146.24,1
41.196,0.1016,0.0859,-0.7266,-0.7656,6.9687,24.45,142.21,148.13,1
41.214,0.1367,0.0215,2.4531,0.6133,12.8672,24.45,141.84,149.84,1
41.228,0.1289,-0.0645,0.8047,-0.4961,10.0000,24.45,139.90,149.54,1
41.246,0.1113,0.0742,0.9180,-0.3828,10.4922,24.45,138.79,148.28,1
41.263,0.1543,-0.0566,-0.3047,-0.9570,9.2695,24.45,143.14,147.47,1
41.279,0.1270,-0.0957,-0.6914,-1.0352,8.2344,24.45,142.11,149.97,1
41.296,0.1270,-0.0195,0.9961,-0.3437,11.8359,24.45,140.73,146.80,1
41.313,0.1582,-0.0195,-0.3047,-0.8438,9.8086,24.45,140.23,146.54,1
41.330,0.1230,-0.0195,-0.4219,-0.3828,9.1172,24.80,140.69,149.59,1
41.347,0.1289,0.0137,0.0000,0.3828,8.6211,24.80,143.31,149.25,1
41.367,0.1816,-0.1016,1.2266,-0.1523,10.5742,24.80,143.06,147.12,1
41.385,0.2129,-0.0684,-1.4570,-0.8828,6.7461,24.80,140.73,146.61,1
41.398,0.1426,-0.0430,1.6094,-0.8047,12.0625,24.80,140.71,146.84,1
41.417,0.1875,-0.0430,1.7617,-0.1133,12.1445,24.80,140.35,148.65,1
41.434,0.1992,0.0059,-1.3789,-0.5742,6.7422,24.80,141.96,147.06,1
41.449,0.1582,-0.0273,0.5742,0.1133,10.9180,24.80,141.38,147.04,1
41.466,0.1953,-0.0391,-0.9570,-1.0742,8.3906,24.80,139.66,148.81,1
41.483,0.1777,0.0645,0.2695,-0.3437,10.4922,24.80,139.76,148.81,1
41.500,0.1738,-0.0645,0.4609,-0.7656,10.3828,24.80,141.72,146.97,1
41.517,0.2051,0.0215,0.1914,-0.5742,10.5742,24.80,141.68,148.15,1
41.534,0.1445,0.0781,0.4961,0.0391,9.3867,24.21,142.86,149.05,1
41.556,0.0996,0.0937,0.4961,-1.0352,10.2656,24.21,139.16,147.86,1
41.570,0.1992,-0.1016,2.1055,-0.0391,11.3750,24.21,139.04,146.52,1
41.586,0.1406,0.0215,0.5742,-0.8047,9.3477,24.21,140.81,146.58,1
41.603,0.0996,0.0820,0.6523,-0.6914,10.4180,24.21,141.90,150.08,1
41.619,0.1953,-0.0195,-0.9180,-0.0781,7.8906,24.21,143.16,145.96,1
41.636,0.0996,0.0254,-0.4961,-0.7266,8.6211,24.21,140.33,146.97,1
41.653,0.0996,-0.0137,-0.8828,0.0000,7.7734,24.21,141.08,147.43,1
41.670,0.1504,-0.1289,-1.1094,-0.5352,8.5391,24.21,143.16,149.52,1
41.687,0.0859,-0.0078,1.5313,-0.1523,12.1406,24.21,143.08,147.15,1
41.704,0.0859,0.0664,0.3047,-0.6133,9.3086,24.21,142.55,147.08,1
41.721,0.1074,0.0098,-0.8828,-0.7266,7.6562,24.54,140.92,151.24,1
41.739,0.0605,-0.0098,-0.8438,-0.1523,6.7461,24.54,141.94,301.02,1
41.756,0.0762,-0.0723,1.3789,-1.3398,10.7305,24.54,141.26,151.65,1
41.773,0.1055,-0.0898,0.7266,-0.6523,10.9922,24.54,142.65,149.16,1
41.789,0.0430,0.0781,0.3047,-0.9570,8.4609,24.54,144.05,150.60,1
41.806,0.0723,-0.0566,0.8047,-0.4219,10.3867,24.54,139.74,151.47,1
41.824,0.1191,-0.0566,-0.2305,-0.9180,9.4609,24.54,140.08,147.58,1
41.840,0.0293,0.1074,1.5703,-0.2695,11.4531,24.54,143.04,151.10,1
41.857,0.0801,0.0234,-0.3828,-0.5742,9.1992,24.54,142.61,150.58,1
41.874,0.1289,-0.0273,-0.8438,-1.2266,7.8164,24.54,143.82,149.70,1
41.895,0.0820,0.0605,-1.0742,-0.9570,6.5508,24.54,141.80,147.49,1
41.912,0.0039,0.1543,1.4922,-0.6914,12.2578,24.54,141.38,150.33,1
41.927,0.1309,-0.0488,2.8711,-0.8047,13.2148,24.63,141.16,150.56,1
41.945,0.0508,0.0684,-1.3789,-0.9180,6.2852,24.63,144.49,150.31,1
41.959,0.0918,-0.0527,0.6914,-0.3047,9.5820,24.63,141.08,147.32,1
41.977,0.1191,-0.0801,-1.1094,-0.6523,8.1172,24.63,144.49,146.95,1
41.993,0.0312,0.0312,-0.2305,-0.6914,10.0742,24.63,141.92,151.81,1
42.010,0.0918,-0.0723,-0.2695,-0.3437,9.2656,24.63,142.59,150.22,1
42.028,0.1055,-0.0762,-1.8789,-1.3789,8.3125,24.63,143.33,148.26,1
42.044,0.0117,-0.0215,0.3437,-0.0781,9.3867,24.63,141.42,151.47,1
42.061,0.0957,-0.1562,-2.6445,-0.5352,4.9805,24.63,141.16,149.03,1
42.078,0.0762,-0.1562,-0.2305,-0.6133,9.6875,24.63,143.02,149.50,1
42.099,0.0059,-0.0996,-0.5352,-1.4922,8.8828,24.63,145.41,150.74,1
42.117,-0.0078,0.0293,2.6445,-0.4961,12.1055,24.63,144.59,151.81,1
42.130,0.0625,-0.0723,0.0391,-1.6484,7.7773,24.58,142.65,152.42,1
42.146,-0.0117,-0.1172,-1.1484,-0.0391,4.5977,24.58,143.84,152.28,1
42.163,-0.0020,-0.0488,2.6055,-0.7266,13.0273,24.58,144.24,152.67,1
42.180,0.0547,-0.0586,-0.4219,-0.9180,9.2266,24.58,144.78,152.37,1
42.197,-0.0254,0.0215,1.3789,-0.8828,11.3008,24.58,141.86,148.39,1
42.214,0.0059,0.0586,0.3828,-0.4219,11.2227,24.58,142.41,150.06,1
42.238,0.0684,-0.1074,0.5742,0.0391,11.0703,24.58,144.95,150.74,1
42.248,-0.0469,0.0391,0.5742,0.0391,11.0703,24.58,144.22,149.66,1
42.265,0.0195,-0.0215,-1.8398,-1.0742,7.5859,24.58,144.03,149.63,1
42.288,0.0820,-0.0996,1.8398,0.2305,13.0234,24.58,141.08,150.72,1
42.301,-0.0430,0.1094,0.3047,-1.8789,10.4180,24.58,141.62,294.90,1
42.316,0.0156,0.0371,0.0391,0.2695,8.0430,24.58,141.84,150.83,1
42.334,0.0801,-0.1621,-2.5664,-0.5352,6.3203,24.71,143.35,148.99,1
42.350,-0.0449,0.1133,-0.8438,-0.8047,7.8125,24.71,141.60,150.67,1
42.367,0.0234,-0.0840,1.8789,-0.4219,11.6055,24.71,140.86,149.41,1
42.385,0.0820,0.0117,0.4219,-1.4570,11.0703,24.71,141.00,147.99,1
42.403,0.0449,0.1035,1.8398,-0.0781,10.1484,24.71,143.55,150.76,1
42.418,0.0215,0.0332,0.3437,-0.2695,9.7305,24.71,143.31,151.65,1
42.435,0.0859,-0.0566,-0.8438,-0.8828,7.6289,24.71,141.74,146.78,1
42.457,0.0312,0.0957,-1.0352,-1.6484,8.5391,24.71,142.09,146.82,1
42.475,-0.0586,0.1973,0.1523,-0.7656,9.9258,24.71,144.57,150.60,1
42.486,0.0801,-0.0625,0.3437,-0.2305,9.3828,24.71,142.31,149.90,1
42.507,0.0078,0.0430,-2.9102,-0.9180,4.1367,24.71,146.28,148.70,1
42.520,0.0508,-0.2500,2.3359,-0.1914,12.2187,24.69,141.78,148.94,1
42.537,0.0742,-0.1758,0.2305,-1.2266,10.3437,24.69,141.62,148.65,1
42.554,-0.0117,0.0000,0.0781,-0.4961,10.4922,24.69,142.03,151.45,1
42.574,-0.0723,0.1270,1.3008,-0.4961,11.4570,24.69,143.14,149.81,1
42.588,0.0527,-0.0195,-1.4570,-0.9570,7.0117,24.69,141.64,151.63,1
42.605,-0.0293,-0.0020,-0.5352,-0.1914,6.7031,24.69,141.58,150.94,1
42.626,-0.0527,-0.0039,0.4219,-0.6914,10.6914,24.69,140.67,149.05,1
42.639,0.0547,-0.0918,0.4219,-0.6914,10.6914,24.69,142.71,148.72,1
42.658,-0.0273,-0.0117,-0.7266,-1.1875,8.8125,24.69,144.55,150.58,1
42.676,-0.0664,0.0801,1.4922,-0.3047,11.3359,24.69,143.43,150.99,1
42.690,0.0273,-0.0371,0.8438,-0.8828,10.5742,24.69,141.04,150.65,1
42.708,-0.0664,0.0410,0.0391,-0.9961,7.7344,24.69,143.82,147.97,1
42.724,-0.0488,0.0898,1.2656,-0.7266,11.3789,24.82,142.82,150.99,1
42.743,-0.0059,-0.0020,-0.7656,-0.8438,8.2344,24.82,144.05,147.62,1
42.758,-0.0605,0.0762,0.4609,-0.8047,9.5781,24.82,141.76,148.59,1
42.776,-0.0547,0.1289,-0.6133,-0.3047,8.5391,24.82,141.74,151.52,1
42.794,-0.0020,-0.0430,-2.9102,-0.9570,4.9414,24.82,144.59,151.93,1
42.809,-0.0723,-0.0215,-0.1523,0.0391,9.0430,24.82,144.63,150.35,1
42.826,-0.0469,-0.0391,0.3828,-0.6523,9.8867,24.82,141.48,150.01,1
42.846,0.0059,-0.1465,0.9180,-0.1914,11.7617,24.82,141.12,151.22,1
42.861,-0.0703,0.1523,-1.3789,-1.1484,7.3945,24.82,142.43,151.06,1
42.877,-0.0430,0.0371,1.2656,0.1914,10.3477,24.82,142.96,149.37,1
42.894,0.0156,-0.0605,-1.4570,-1.1484,7.8945,24.82,143.49,149.37,1
42.913,0.0078,0.0098,-0.5742,-0.7656,7.5469,24.82,141.52,151.88,1
42.928,-0.0254,-0.0762,0.4961,-0.3047,9.7695,24.28,141.22,149.01,1
42.945,0.0312,-0.1250,-2.1055,-0.9961,6.4375,24.28,144.76,148.28,1
42.964,-0.0059,-0.0078,0.4219,-0.2695,9.8437,24.28,145.03,151.93,1
42.979,-0.0234,-0.0840,0.3828,-0.6914,10.1875,24.28,142.69,152.25,1
42.996,0.0449,-0.1191,-0.1133,-0.9961,8.5430,24.28,143.25,149.25,1
43.017,-0.0254,-0.0020,0.0000,-0.4609,7.5469,24.28,143.80,150.42,1
43.035,-0.0996,0.0859,1.1094,-0.9180,11.0352,24.28,145.54,152.42,1
43.047,0.0410,-0.1016,1.6094,-0.4609,11.9570,24.28,144.55,153.49,1
43.066,-0.0273,0.0430,-0.7266,-1.2266,7.9297,24.28,146.24,149.86,1
43.081,0.0039,-0.0449,0.9961,-0.1133,10.7305,24.28,142.05,151.54,1
43.098,0.0410,-0.0371,-1.4180,-1.1875,7.7734,24.28,144.61,152.07,1
43.115,-0.0391,0.1016,-0.0781,-0.3047,9.5391,24.28,144.11,151.49,1
43.133,-0.0918,0.1934,0.3828,-0.8047,10.8398,24.82,143.76,149.95,1
43.149,0.0352,-0.1133,-2.1055,-1.1875,7.6289,24.82,141.72,150.40,1
43.166,-0.0430,0.0020,0.1523,-0.3828,10.3047,24.82,142.51,151.38,1
43.183,-0.0879,0.1094,-0.2305,-0.8047,9.6914,24.82,144.95,147.69,1
43.200,0.0586,-0.0762,-0.9961,-1.4180,7.3555,24.82,144.22,152.37,1
43.218,-0.0508,0.0059,-0.1133,-0.4219,8.0391,24.82,145.62,152.65,1
43.236,-0.0957,0.0801,0.6914,-1.4180,10.9570,24.82,141.74,152.35,1
43.253,-0.0410,0.0527,0.7656,-0.0781,10.2695,24.82,145.88,149.23,1
43.268,-0.0547,0.0098,-0.9180,-1.3789,7.5469,24.82,145.67,152.07,1
43.285,-0.0742,0.1406,1.3789,-0.0781,10.8750,24.82,144.24,152.44,1
43.303,-0.0176,0.0078,-0.0781,-1.1875,8.2773,24.82,143.84,150.35,1
43.319,-0.0664,-0.0117,0.1523,-0.4961,9.1602,24.91,146.24,154.80,1
43.336,-0.0820,0.0488,1.2656,-0.3828,9.5781,24.91,146.86,153.87,1
43.354,-0.0039,-0.0664,-1.1875,-1.3008,7.3125,24.91,146.31,153.00,1
43.370,-0.0762,-0.0312,1.5703,-0.4219,10.7695,24.91,144.22,151.75,1
43.389,-0.0547,0.0547,-0.4961,-1.5703,9.4219,24.91,142.71,153.78,1
43.407,0.0078,0.0371,1.8008,0.4961,12.3789,24.91,146.24,152.60,1
43.421,-0.0762,0.0020,-0.9570,-1.4180,7.6992,24.91,144.38,151.22,1
43.438,-0.0527,0.0547,-0.4609,-0.6133,9.1602,24.91,143.80,153.14,1
43.456,0.0273,-0.0195,1.5703,-0.1914,12.2227,24.91,142.86,152.56,1
43.473,0.1035,-0.0918,0.0000,-1.1094,9.1172,24.91,142.31,148.85,1
43.489,-0.0391,0.1016,1.6094,-0.3047,11.3008,24.91,145.96,149.79,1
43.506,0.0273,0.0059,-0.9570,-0.9180,9.2305,24.91,145.26,152.44,1
43.524,0.1016,-0.0957,-0.0391,-0.4961,7.8906,24.82,143.45,152.07,1
43.540,-0.0391,0.0820,0.9961,-0.1914,10.5352,24.82,146.65,150.69,1
43.557,0.0488,-0.0195,-1.3008,-1.3789,7.4687,24.82,146.35,152.74,1
43.577,0.1172,-0.0078,0.3828,-0.6133,10.5312,24.82,145.90,153.75,1
43.594,0.0527,-0.0254,-1.3789,-1.2266,7.3164,24.82,144.15,150.15,1
43.609,0.0488,-0.0605,0.3047,0.8047,9.3867,24.82,144.86,152.65,1
43.626,0.1309,-0.0918,-1.1094,-1.3398,7.6250,24.82,143.66,153.63,1
43.644,0.0469,-0.0254,0.3437,-0.6914,10.9570,24.82,145.77,151.52,1
43.659,0.0566,0.0020,1.0352,-0.3828,11.5742,24.82,143.27,150.35,1
43.676,0.1309,-0.0410,-0.9180,-0.9570,7.5469,24.82,143.14,152.51,1
43.693,0.0391,-0.0254,0.9180,-0.3437,10.6484,24.82,143.58,152.91,1
43.710,0.0781,-0.0879,-1.2266,-0.4961,7.4297,24.82,145.45,149.57,1
43.727,0.1230,-0.0645,-0.6133,-0.9570,8.0820,25.13,144.80,150.13,1
43.747,0.0371,-0.0449,-0.7656,-1.3008,7.6289,25.13,144.07,152.60,1
43.765,-0.0273,0.0273,0.7266,-0.4961,9.6914,25.13,144.13,153.07,1
43.778,0.1230,-0.0840,0.8828,-0.0781,8.8477,25.13,143.45,153.21,1
43.797,0.0332,-0.0566,-1.2266,-1.2266,8.8867,25.13,147.36,303.21,1
43.815,-0.0195,-0.0176,0.9180,-0.0781,10.6094,25.13,145.20,153.12,1
43.829,0.1367,-0.0957,-0.6914,-0.8438,9.1992,25.13,144.26,151.61,1
43.847,0.0449,-0.0352,-0.3828,-0.3828,9.3867,25.13,147.04,154.49,1
43.863,-0.0293,0.0566,1.0742,0.0000,10.6523,25.13,148.79,153.40,1
43.880,0.1270,-0.0918,-2.0312,-0.5352,6.2812,25.13,145.12,152.56,1
43.897,0.0273,-0.0410,1.2266,-0.6523,10.0742,25.13,144.95,151.65,1
43.914,-0.0195,0.0273,0.8047,-0.1914,10.3867,25.13,146.48,154.44,1
43.931,0.1348,-0.0371,-0.5742,-1.4922,9.2305,25.06,145.71,151.24,1
43.950,0.0312,0.0488,-0.5742,-1.0742,9.1602,25.06,146.16,150.69,1
43.966,-0.0156,0.0586,-0.3828,-0.5742,7.9336,25.06,144.82,149.45,1
43.983,0.0469,0.0215,-0.3437,-0.1133,8.3125,25.06,144.20,153.12,1
43.999,0.0234,0.0156,-1.4180,-0.8047,7.0078,25.06,145.60,150.15,1
44.016,-0.0176,0.0625,1.3789,-0.0391,10.8008,25.06,143.16,152.88,1
44.034,0.0508,0.0332,0.3437,-0.7656,10.3437,25.06,142.76,154.73,1
44.050,0.0273,-0.0156,-1.4922,-0.9570,8.1562,25.06,144.15,149.79,1
44.068,-0.0273,0.0254,0.2305,0.6914,10.1094,25.06,146.50,304.23,1
44.084,0.0586,0.0273,-0.3047,-0.9961,8.9258,25.06,146.43,153.92,1
44.101,0.0156,0.0039,-0.8828,-0.8047,9.5391,25.06,144.57,154.30,1
44.120,-0.0137,0.0762,-1.5313,-1.7227,7.3516,25.15,145.37,151.72,1
44.136,0.0645,-0.0156,1.5313,0.5352,10.6133,25.15,144.95,152.81,1
44.154,0.1387,-0.1211,-0.2305,-1.3398,8.5000,25.15,147.78,154.73,1
44.169,-0.0156,0.0020,-0.5742,-0.8047,7.3555,25.15,145.29,153.99,1
44.186,0.0645,-0.0605,1.1875,-0.1914,10.5352,25.15,145.31,153.35,1
44.204,0.1426,-0.1094,-0.3047,-1.1094,8.7383,25.15,147.62,154.75,1
44.220,-0.0039,0.0156,0.4219,-0.5742,9.4648,25.15,147.65,152.49,1
44.237,0.0625,-0.0137,0.5352,0.1133,10.3047,25.15,145.35,152.16,1
44.254,0.1445,-0.1348,-1.2266,-1.0742,8.0117,25.15,144.65,154.85,1
44.276,0.1445,-0.1289,-0.2305,-0.5352,9.5781,25.15,146.24,150.85,1
44.288,0.0625,-0.0273,-0.2305,-0.5352,9.5781,25.15,145.94,153.05,1
44.306,0.1504,-0.0977,1.1094,0.4961,11.6055,25.15,145.90,150.97,1
44.327,0.1309,-0.0762,-1.3789,-0.5742,6.7812,25.21,143.88,154.08,1
44.339,0.0508,-0.0215,-0.1133,-0.3437,9.9219,25.21,143.62,154.77,1
44.357,0.1289,-0.0937,1.3398,-0.0781,11.0742,25.21,147.45,151.88,1
44.373,0.1348,-0.0840,-0.4961,-0.9180,8.6211,25.21,147.32,155.76,1
44.390,0.0430,0.0742,1.9922,-0.1523,12.2227,25.21,145.41,152.21,1
44.407,0.0117,0.0020,0.4219,-1.0352,10.4961,25.21,147.99,151.33,1
44.424,0.1309,-0.0215,-0.3047,-0.8047,8.5430,25.21,146.16,153.92,1
44.447,0.0176,0.0078,-1.2656,-0.9570,7.6250,25.21,144.78,151.49,1
44.458,0.1152,-0.0762,-1.2656,-0.9570,7.6250,25.21,144.86,151.15,1
44.478,0.1309,-0.0332,-0.1914,-0.5742,9.2305,25.21,144.55,151.65,1
44.496,0.0098,0.0000,-1.8789,-0.3047,7.6602,25.21,146.67,153.68,1
44.510,0.1094,-0.0527,0.8047,0.1523,11.1875,25.21,146.24,150.90,1
44.526,0.1152,-0.0488,-0.6133,-0.6133,7.8164,25.13,145.22,150.49,1
44.543,0.0020,-0.0605,-0.4961,-0.7656,8.9609,25.13,144.59,153.52,1
44.560,0.0937,-0.0137,1.7617,0.2305,11.9180,25.13,147.54,149.79,1
44.577,0.1230,-0.0410,-1.0742,-1.2656,5.9023,25.13,146.43,151.13,1
44.594,-0.0059,-0.0039,0.2695,0.1523,9.9648,25.13,147.73,151.93,1
44.614,-0.0879,0.0371,0.4219,-0.3047,8.6602,25.13,145.12,151.93,1
44.628,0.1094,-0.0762,-0.3828,-0.7656,7.8516,25.13,146.84,152.09,1
44.645,-0.0078,-0.0527,2.2969,-0.3437,12.4453,25.13,147.86,154.20,1
44.667,-0.0840,0.0586,0.1133,-0.3047,8.7734,25.13,145.20,155.04,1
44.680,0.1133,0.0117,-0.4609,-0.1133,9.6484,25.13,144.38,152.65,1
44.697,-0.0176,0.0312,-2.1055,-0.8047,6.7031,25.13,144.95,152.74,1
44.715,-0.1035,0.0469,-0.3437,0.3828,8.7383,25.13,148.81,153.85,1
44.730,0.0859,-0.1230,-1.3398,-0.1133,7.9727,25.22,144.40,151.81,1
44.748,-0.0449,-0.0977,-1.3789,-1.4180,8.1602,25.22,145.75,151.93,1
44.764,-0.1113,0.0488,1.2266,0.3047,11.9570,25.22,147.34,155.09,1
44.781,0.0801,-0.1309,-0.7266,-0.9570,7.2070,25.22,146.48,151.08,1
44.798,-0.0605,-0.0996,-0.5352,-0.3437,9.3477,25.22,144.82,152.30,1
44.815,-0.1270,-0.0625,0.6914,-0.6133,10.3828,25.22,145.24,154.32,1
44.836,-0.0508,0.0547,1.5313,-1.2266,11.4961,25.22,143.86,154.66,1
44.854,0.0430,-0.0391,0.3828,-1.1875,8.3945,25.22,146.99,153.05,1
44.867,-0.1270,0.0273,-2.1836,-0.7266,4.2148,25.22,149.52,152.18,1
44.886,-0.0645,0.0137,2.2617,0.2305,12.0234,25.22,144.38,157.70,1
44.900,-0.0527,-0.1289,1.1875,-0.8828,11.7187,25.22,144.63,152.42,1
44.918,-0.1504,0.0391,2.0312,-0.9180,12.0664,25.22,146.16,153.73,1
44.935,-0.0645,0.1328,0.5742,-1.0742,12.3008,25.21,146.09,155.98,1
44.955,0.0469,-0.0156,-1.3789,-0.8828,7.8555,25.21,144.59,152.30,1
44.969,-0.1465,0.1152,0.6133,-0.0391,10.8750,25.21,144.72,152.39,1
44.985,-0.0742,0.1406,-0.3828,-1.2656,9.1562,25.21,147.95,154.01,1
45.007,0.0410,-0.0449,0.0781,0.0391,10.0742,25.21,147.49,151.56,1
45.019,-0.1465,0.0508,0.0781,0.0391,10.0742,25.21,145.88,151.31,1
45.038,-0.0586,0.0547,-2.0703,-0.4219,6.0859,25.21,145.50,154.63,1
45.056,0.0430,-0.0527,1.7227,-0.3828,11.4922,25.21,148.17,155.88,1
45.070,-0.1250,-0.0098,-0.3047,-1.6484,8.0430,25.21,147.04,154.54,1
45.087,-0.0684,0.0645,1.7617,-0.6523,11.5312,25.21,147.06,151.84,1
45.104,0.0488,0.0039,1.5313,-0.8438,11.7969,25.21,145.29,154.99,1
45.121,-0.1191,0.0312,-0.6133,-0.7656,7.0078,25.21,147.28,153.63,1
45.139,-0.0527,0.0762,0.6523,0.1523,10.8008,25.17,148.72,157.06,1
45.155,0.0449,-0.0371,-0.3437,-1.1484,9.1172,25.17,148.28,156.20,1
45.173,0.1113,-0.1992,-0.2305,-0.5742,7.4727,25.17,146.11,155.01,1
45.189,-0.0547,0.0469,0.3437,-0.0781,9.9219,25.17,149.70,154.15,1
45.206,0.0547,-0.0391,-0.6133,-1.1094,7.8125,25.17,149.21,156.15,1
45.227,0.1270,-0.1387,1.1875,-0.6523,11.5312,25.17,146.20,156.57,1
45.240,-0.0664,0.1523,-0.7266,-0.9961,8.8867,25.17,146.86,153.73,1
45.257,0.0527,0.0527,0.4609,-0.1914,10.0000,25.17,150.26,155.88,1
45.274,0.1289,-0.1172,-0.3437,-0.6914,9.2266,25.17,148.63,156.81,1
45.295,0.0781,-0.0371,-0.4219,-0.8438,9.1562,25.17,146.91,152.53,1
45.308,0.0449,0.0625,1.2656,0.4219,11.3750,25.17,147.04,156.18,1
45.325,0.1289,-0.0469,-0.2695,-1.0352,9.1211,25.21,145.50,155.69,1
45.343,0.0840,0.0156,-0.1523,0.3047,9.0781,25.21,147.71,151.47,1
45.359,0.0195,0.0859,-0.2305,-0.3437,9.4609,25.21,145.75,155.04,1
45.376,0.1113,-0.0430,-0.5742,-0.6133,8.5781,25.21,144.40,155.21,1
45.396,0.0898,-0.0059,0.2695,-0.4961,9.8867,25.21,146.89,152.07,1
45.415,-0.0469,0.0937,-1.4180,-0.8828,8.3516,25.21,148.39,152.28,1
45.427,0.0918,-0.0801,1.2266,0.6523,10.7305,25.21,147.47,152.53,1
45.444,0.0840,-0.0234,-0.7656,-0.7656,8.8477,25.21,145.54,155.52,1
45.461,-0.0254,0.0879,-0.2305,0.2695,8.6172,25.21,148.39,153.28,1
45.479,0.0684,-0.0371,1.1094,-0.3828,11.2227,25.21,147.78,155.98,1
45.495,0.0742,-0.0039,-0.9570,-1.1094,7.7773,25.21,146.43,153.40,1
45.514,-0.0488,0.0605,0.0000,0.1133,7.9297,25.21,146.93,153.61,1
45.529,0.0508,-0.1035,-0.8438,-0.6523,7.2070,25.26,149.72,156.69,1
45.546,0.0547,-0.0977,-0.8438,-0.4219,7.6602,25.26,149.63,155.98,1
45.567,-0.0664,-0.0078,-0.8828,-0.7656,8.0391,25.26,147.45,153.52,1
45.580,0.0176,-0.1211,-0.8828,-0.7656,8.0391,25.26,149.93,156.52,1
45.599,0.0234,-0.1328,0.7656,0.6133,10.3437,25.26,149.45,156.54,1
45.616,-0.0742,-0.0742,-0.6133,-1.4180,8.4219,25.26,148.81,154.34,1
45.634,-0.1875,-0.1211,0.1523,0.0000,9.1602,25.26,147.97,157.21,1
45.648,-0.0020,-0.1133,1.4570,-0.5352,11.4141,25.26,151.06,157.23,1
45.665,-0.0586,-0.0840,0.2305,-1.4922,8.6953,25.26,149.59,155.33,1
45.683,-0.1836,-0.0762,0.7656,-0.1133,10.2695,25.26,146.91,157.01,1
45.699,-0.0410,-0.0879,0.8438,-0.5742,9.9609,25.26,147.43,157.80,1
45.717,-0.0664,-0.1074,-0.5352,-0.6523,8.9219,25.78,149.50,156.64,1
45.734,-0.1855,-0.0879,1.4570,-0.3828,12.1836,25.78,150.20,155.96,1
45.750,-0.0527,-0.1211,-0.8438,-1.3008,9.6133,25.78,147.95,156.89,1
45.767,-0.0703,-0.0840,0.5352,-0.2305,10.4570,25.78,146.95,155.06,1
45.786,-0.2012,-0.0469,-0.9570,-0.8828,8.7383,25.78,147.45,153.75,1
45.803,-0.2969,0.0312,-0.3828,-0.0781,9.1211,25.78,150.97,156.84,1
45.818,-0.1035,-0.0781,0.2695,-0.5742,10.0352,25.78,146.18,152.84,1
45.835,-0.2070,-0.0488,-1.0352,-0.9961,8.9648,25.78,149.48,153.26,1
45.855,-0.3164,0.0645,0.4609,0.0000,10.1484,25.78,150.31,156.25,1
45.869,-0.1152,-0.0918,-0.7656,-0.8828,7.6250,25.78,148.65,153.28,1
45.886,-0.2090,-0.0312,0.6914,-0.8828,10.4180,25.78,146.11,155.04,1
45.904,-0.3281,0.0742,1.4922,-0.2695,10.9961,25.78,146.99,156.96,1
45.920,-0.1523,-0.0195,0.3047,-1.0742,8.5820,25.22,148.19,153.33,1
45.937,-0.2148,0.0527,0.2305,-0.5352,8.7734,25.22,148.15,153.05,1
45.957,-0.3301,0.1387,-0.2695,-1.2656,7.2383,25.22,145.82,156.03,1
45.974,-0.3496,0.1953,0.6523,-0.9570,10.6094,25.22,145.14,156.37,1
45.988,-0.2031,0.0020,1.5313,-1.2266,10.9180,25.22,148.57,154.54,1
46.007,-0.3203,0.1270,-1.3398,-1.5313,7.4336,25.22,148.88,153.54,1
46.024,-0.3652,0.1543,0.6523,-0.2695,10.4141,25.22,147.41,153.49,1
46.039,-0.1934,0.0391,-0.2695,-1.5313,10.2695,25.22,150.60,152.77,1
46.056,-0.3164,0.1680,0.8828,-0.6914,9.3437,25.22,149.10,155.93,1
46.073,-0.4023,0.1777,0.9180,-0.8047,9.7695,25.22,150.29,155.42,1
46.090,-0.2031,-0.0059,-1.2266,-1.4570,5.8633,25.22,147.86,152.72,1
46.107,-0.2969,0.0371,-2.1445,-0.8047,5.1328,25.22,149.84,156.42,1
46.126,-0.3965,0.0488,-1.7227,-1.8398,7.9727,25.63,150.51,156.05,1
46.141,-0.1855,-0.1328,-1.7227,-1.8398,7.9727,25.63,147.99,154.56,1
46.158,-0.2656,0.0273,-0.6133,-2.1836,9.0000,25.63,147.30,154.70,1
46.178,-0.3867,-0.0312,-2.4141,-0.9570,5.4805,25.63,147.65,158.55,1
46.195,-0.3398,-0.0586,0.1914,-0.4609,9.6133,25.63,150.56,154.42,1
46.209,-0.2324,-0.0801,-0.1133,-1.9922,9.3086,25.63,146.26,158.38,1
46.226,-0.3652,-0.0137,0.5352,-1.3398,10.5312,25.63,147.58,158.40,1
46.243,-0.3613,0.0039,0.2695,-0.5742,9.9258,25.63,151.42,156.30,1
46.260,-0.1973,-0.1562,-0.9570,-1.9531,6.7812,25.63,150.65,158.81,1
46.277,-0.3223,-0.1836,-0.4961,-0.7266,8.3125,25.63,149.01,157.90,1
46.294,-0.3359,-0.1348,1.2656,-1.3789,10.3437,25.63,150.88,156.49,1
46.311,-0.1543,-0.1289,0.5742,-2.0703,10.8398,25.63,150.78,158.28,1
46.330,-0.2441,-0.1152,1.1484,-1.5313,12.1445,25.65,150.58,158.08,1
46.347,-0.3184,0.0449,-0.9180,-1.2266,7.5117,25.65,148.41,155.30,1
46.363,-0.2285,0.0781,0.3828,-0.5352,10.5312,25.65,150.76,157.68,1
46.379,-0.1992,-0.0449,1.0352,-2.2969,11.4141,25.65,150.17,156.64,1
46.396,-0.2852,0.0508,0.2305,-1.0742,10.0312,25.65,147.41,155.40,1
46.414,-0.2285,0.0996,0.2695,-0.8438,9.7656,25.65,148.37,156.45,1
46.430,-0.1270,-0.0957,-1.8008,-1.9141,7.1289,25.65,150.35,158.58,1
46.448,-0.2246,-0.0410,-0.7656,-0.4961,8.7734,25.65,150.01,155.96,1
46.465,-0.2266,0.0215,1.4180,-1.0352,12.0273,25.65,148.46,158.33,1
46.481,-0.0664,-0.0957,-0.2695,-1.1875,9.3867,25.65,148.02,158.50,1
46.500,-0.1758,-0.0488,1.0352,-1.2656,11.1133,25.65,150.63,157.11,1
46.517,-0.2187,0.0176,-0.7656,-1.4570,8.6992,25.65,151.42,155.98,1
46.535,-0.1465,0.0449,0.0391,-0.4219,8.8164,26.09,149.59,157.53,1
46.549,-0.0977,-0.0605,-0.8047,-2.1445,8.4648,26.09,150.56,156.74,1
46.566,-0.1738,-0.0742,-0.3437,-1.0742,9.1172,26.09,149.72,154.92,1
46.585,-0.1484,-0.0332,0.5352,-0.3437,9.8047,26.09,148.96,157.83,1
46.600,-0.0391,-0.1133,-0.4219,-1.4180,8.1172,26.09,149.08,156.23,1
46.617,-0.1230,-0.1387,-1.1094,-0.8047,7.6992,26.09,151.58,157.41,1
46.634,-0.1465,-0.0059,1.7617,-1.0742,12.5664,26.09,151.56,157.75,1
46.657,-0.0449,0.1016,-0.9180,-0.9961,8.5820,26.09,147.71,155.26,1
46.670,-0.0586,-0.0527,0.5742,-0.9180,10.2266,26.09,150.38,157.70,1
46.687,-0.1367,0.0352,-0.9961,-1.1484,6.9336,26.09,149.86,158.68,1
46.707,-0.0488,0.0449,0.1523,-0.4961,9.5039,26.09,148.61,155.52,1
46.720,-0.0059,-0.1387,2.1836,-1.2266,13.2500,26.09,147.17,157.41,1
46.737,-0.1035,-0.0020,-0.7656,-0.8438,8.2734,25.58,147.43,157.80,1
46.754,-0.0605,0.1133,0.8047,-0.1133,11.7227,25.58,150.63,156.42,1
46.770,0.0449,0.0312,-0.3047,-1.6094,9.4648,25.58,147.78,157.06,1
46.787,-0.0762,0.0684,-0.5742,-0.7266,7.0859,25.58,148.06,157.36,1
46.804,-0.0664,0.0820,0.6133,-1.0352,10.0039,25.58,148.79,155.40,1
46.821,0.0898,-0.1387,-1.0742,-1.8398,7.9336,25.58,151.54,322.48,1
46.838,-0.0293,-0.0527,-0.0781,0.6133,9.1211,25.58,148.96,158.98,1
46.859,-0.0645,-0.0391,0.3047,-1.3008,9.6484,25.58,151.29,155.11,1
46.876,0.0195,0.0586,0.4219,0.6133,8.1562,25.58,152.91,158.20,1
46.890,0.0312,-0.0137,0.1133,-1.3008,9.0000,25.58,151.31,157.80,1
46.907,-0.0449,-0.0762,-0.2695,-1.4922,9.2266,25.58,152.00,157.95,1
46.924,0.0020,-0.0176,-0.2695,0.0000,8.5820,26.06,151.79,158.33,1
46.940,0.0898,-0.1484,0.3047,-0.4609,9.9258,26.06,150.67,160.03,1
46.957,-0.0176,-0.0937,-0.8047,-0.9180,8.5781,26.06,148.28,156.10,1
46.974,-0.0234,-0.0410,0.5742,0.2305,10.3047,26.06,148.81,156.84,1
46.991,0.1348,-0.0840,0.9570,-1.5313,11.3789,26.06,150.08,159.18,1
47.009,0.0293,-0.0449,-1.1484,-0.3828,8.7734,26.06,149.99,156.27,1
47.025,-0.0254,0.0254,-0.1133,-0.5352,9.3047,26.06,147.47,158.50,1
47.047,0.0645,0.1250,-0.8438,-0.6133,7.5117,26.06,147.45,157.88,1
47.060,0.0762,-0.0781,0.2305,-0.4219,9.2305,26.06,151.68,155.47,1
47.076,-0.0176,0.0156,-1.0352,-0.7656,6.7031,26.06,152.11,156.01,1
47.094,0.0254,-0.0078,-1.6094,0.1523,7.3125,26.06,150.65,160.80,1
47.110,0.1230,-0.2500,-1.5313,-1.1875,6.6250,26.06,155.16,150.51,1
47.127,0.0352,-0.4043,-0.0781,-0.9180,13.8711,25.95,152.35,162.26,1
47.144,-0.0371,0.1992,7.2773,1.3789,22.8672,25.95,148.35,160.26,1
47.161,0.1191,0.1191,3.7539,0.0391,10.9180,25.95,148.81,152.60,1
47.178,-0.0039,0.4551,6.7422,-0.5742,14.6367,25.95,148.04,165.76,1
47.195,-0.0156,0.2285,-3.2187,-0.4219,-0.6523,25.95,149.37,144.26,1
47.217,0.0898,-0.1738,2.1445,-1.6484,17.7773,25.95,150.65,147.58,1
47.234,0.1543,0.1875,0.4609,-1.4570,14.7539,25.95,147.99,161.42,1
47.247,0.0273,-0.1250,-0.8438,1.3008,9.3086,25.95,146.99,155.64,1
47.266,-0.0039,0.1504,-0.8438,-0.5352,9.5039,25.95,150.92,160.38,1
47.280,0.1289,0.0176,-5.1328,-2.6797,-1.4180,25.95,143.82,154.04,1
47.297,0.0801,-0.3477,0.9961,-2.0312,18.1563,25.95,147.91,158.30,1
47.314,-0.0039,0.1836,4.2539,0.3828,19.4609,25.95,149.41,156.08,1
47.331,0.1367,0.0801,-0.1914,-0.7656,9.3047,25.97,154.15,158.13,1
47.348,-0.1895,0.8438,-4.7500,1.8789,-6.5898,25.97,152.39,162.02,1
47.365,-0.1660,1.0625,-0.9570,0.0000,3.4062,25.97,156.13,157.75,1
47.383,0.3750,-0.8691,-11.7969,0.4219,-12.7930,25.97,156.35,163.99,1
47.399,-0.0898,-0.2949,7.4297,-2.1055,18.6602,25.97,148.15,157.33,1
47.418,0.1172,-0.3008,6.0508,-0.6914,20.6484,25.97,147.45,153.40,1
47.436,0.1992,0.2402,0.2695,-0.6914,13.5234,25.97,150.29,156.89,1
47.450,0.0039,0.1836,-1.5313,-0.1523,6.0508,25.97,151.40,154.80,1
47.467,0.0625,0.1953,-3.2187,-0.7266,4.3320,25.97,148.39,156.91,1
47.484,0.0996,0.2969,0.9180,-0.4609,9.8477,25.97,151.06,158.68,1
47.501,0.0195,-0.1641,0.8438,-3.0273,8.0781,25.97,151.93,156.96,1
47.518,0.0742,-0.1152,0.8438,0.6523,10.7656,25.97,147.99,159.69,1
47.535,0.1309,-0.1191,-0.7656,-1.2656,8.0820,25.98,148.81,157.28,1
47.554,0.1191,0.0859,1.1094,0.3437,12.4844,25.98,151.98,156.79,1
47.569,0.1133,0.0410,-0.3437,-0.9570,8.8125,25.98,150.20,155.59,1
47.586,0.0996,-0.0215,1.0742,-0.3047,10.6094,25.98,147.99,156.96,1
47.607,0.0664,0.0273,-0.4961,-0.6914,8.0781,25.98,148.26,158.13,1
47.620,0.1270,0.0801,0.1133,-0.2305,10.5352,25.98,149.95,153.23,1
47.637,0.0664,0.0293,-1.6094,-0.0391,7.3125,25.98,148.50,156.79,1
47.654,0.0312,0.0098,-1.8398,-0.4961,7.0898,25.98,151.13,156.27,1
47.671,0.1191,-0.0664,-1.8398,-0.4961,7.0898,25.98,152.21,155.59,1
47.688,0.0605,-0.1113,-1.9141,-0.7656,6.4375,25.98,151.70,158.60,1
47.706,-0.0176,-0.0410,0.3828,0.3828,7.6992,25.98,150.20,155.16,1
47.724,-0.0156,0.1250,1.6836,-0.4961,11.4180,25.52,152.72,157.31,1
47.739,0.0566,-0.1113,-0.4961,-0.5742,7.6602,25.52,152.02,158.83,1
47.756,-0.0234,-0.0625,1.0352,0.3047,9.3437,25.52,149.88,158.55,1
47.777,-0.0508,0.0430,-0.9961,-0.9180,7.5469,25.52,149.21,158.73,1
47.794,0.0156,0.0410,0.8047,0.1523,10.5703,25.52,151.95,159.01,1
47.807,-0.0020,0.0742,-0.8828,-1.1875,8.7773,25.52,151.03,159.01,1
47.826,-0.0723,0.0137,-1.4922,-0.8438,8.1992,25.52,151.65,156.62,1
47.841,0.0879,-0.0488,0.9961,-0.4609,11.8750,25.52,147.89,158.63,1
47.858,0.0176,0.0195,-0.4219,-1.6836,9.6484,25.52,150.49,154.97,1
47.875,-0.0742,-0.0039,-0.2695,-0.4609,9.8477,25.52,149.28,155.30,1
47.893,-0.0469,0.0234,0.8047,-0.3828,10.6523,25.52,151.19,158.33,1
47.909,0.0625,-0.0723,-0.7266,-1.1875,7.5469,25.52,152.74,156.94,1
47.926,-0.0547,-0.1621,-0.4961,0.1523,8.1602,26.15,153.16,156.67,1
47.947,-0.0840,-0.0391,-0.0781,-0.5742,8.1562,26.15,150.13,160.59,1
47.960,0.0586,-0.0664,-0.0781,-0.5742,8.1562,26.15,149.59,156.91,1
47.977,-0.0215,-0.0547,1.2656,-1.1875,11.3789,26.15,151.61,156.30,1
47.996,-0.1152,0.0605,-0.9180,-0.3047,8.5000,26.15,152.44,159.85,1
48.014,-0.0547,0.1172,0.4219,-0.4609,11.1133,26.15,149.37,157.01,1
48.028,0.0000,-0.0801,0.6914,-1.8398,10.8398,26.15,151.58,158.88,1
48.045,-0.1055,0.0430,-0.2695,-0.2695,8.5430,26.15,151.13,160.10,1
48.064,-0.0879,0.0508,0.1914,-0.7266,8.5781,26.15,149.93,156.03,1
48.079,0.0312,-0.0664,-1.0352,-1.3008,7.5859,26.15,148.85,159.34,1
48.096,-0.0625,-0.0098,-0.1523,-0.1133,9.2305,26.15,151.58,159.54,1
48.113,-0.1152,0.0312,1.7227,-1.2266,12.1445,26.15,152.21,155.98,1
48.130,0.0547,-0.0020,-0.2695,-1.1094,8.8828,26.11,151.08,158.38,1
48.150,-0.0273,-0.0039,-0.4961,-1.0742,8.3164,26.11,152.09,159.74,1
48.167,-0.0918,-0.0566,-1.3008,-1.1875,7.5508,26.11,153.52,156.89,1
48.181,0.0684,-0.0547,0.6914,0.1133,10.1133,26.11,150.88,159.95,1
48.198,0.0117,-0.0840,0.4961,-1.3398,10.4531,26.11,150.24,160.64,1
48.215,-0.0645,-0.0801,-0.8047,-0.4961,8.5781,26.11,152.84,155.28,1
48.234,-0.1035,0.0195,1.0742,0.0000,11.3789,26.11,153.33,161.11,1
48.249,0.0332,0.0000,-1.1484,-1.4570,7.4336,26.11,149.28,156.76,1
48.266,-0.0332,-0.0469,-0.4609,-0.8828,8.6602,26.11,151.19,157.55,1
48.284,-0.0937,0.1113,1.2656,-0.5352,12.4492,26.11,151.86,159.85,1
48.300,0.0742,-0.1328,-2.1445,-1.6484,5.4375,26.11,150.31,157.21,1
48.317,-0.0020,-0.2168,-2.2969,0.3437,6.8555,26.11,149.19,157.41,1
48.337,-0.0781,-0.0723,0.9570,-1.3789,11.1094,26.11,149.45,160.62,1
48.354,-0.0684,0.0508,-0.5742,-0.6914,8.4219,26.11,151.68,161.73,1
48.368,0.0273,-0.0059,-0.1133,-0.9570,8.6602,26.11,149.12,155.11,1
48.386,-0.0234,-0.0410,-0.8828,-1.2266,8.2383,26.11,149.50,155.16,1
48.404,-0.0684,-0.0312,0.3437,-0.5352,11.3359,26.11,153.70,155.91,1
48.419,0.0742,-0.0566,1.2656,-0.7656,11.0312,26.11,152.21,160.46,1
48.436,0.0156,-0.0566,-0.7266,0.0781,7.0469,26.11,150.67,161.50,1
48.453,-0.0527,-0.0918,0.1914,-0.4609,9.0391,26.11,152.95,156.76,1
48.470,0.0684,-0.0059,1.5313,-0.9961,11.1133,26.11,150.44,161.19,1
48.487,0.0566,-0.1133,-0.5352,-1.0742,8.1562,26.11,149.34,160.85,1
48.507,-0.0020,-0.1113,2.2617,-1.3398,13.5625,26.11,150.44,156.72,1
48.526,-0.0664,0.1172,-0.3828,-0.1523,8.2383,26.15,153.54,158.78,1
48.539,0.0840,-0.0059,-2.6797,-0.7656,3.8320,26.15,152.60,161.34,1
48.556,0.0312,-0.1289,0.4609,-0.8828,9.5430,26.15,149.93,158.40,1
48.573,-0.0312,0.0215,0.9570,-0.5742,10.6133,26.15,150.72,160.54,1
48.589,0.1074,-0.0859,2.0312,-0.8047,13.9805,26.15,151.03,156.30,1
48.606,0.0762,-0.0312,-0.9961,-0.9570,9.0820,26.15,148.70,156.01,1
48.624,-0.0078,0.0293,-0.4609,-0.0781,8.8477,26.15,149.41,159.41,1
48.640,0.1055,-0.0312,-0.8047,-1.0352,7.9336,26.15,153.52,157.78,1
48.657,0.0918,-0.1465,-3.1797,-0.6914,4.3320,26.15,151.86,157.04,1
48.674,0.0410,-0.1602,0.8438,0.0781,9.8867,26.15,150.58,160.88,1
48.696,-0.0391,-0.1289,-0.0391,-0.9570,9.0820,26.15,154.25,159.49,1
48.710,0.1074,0.0703,-0.8438,0.1523,6.6680,26.15,154.06,156.86,1
48.726,0.0801,-0.0332,0.8047,-0.8047,10.0742,26.21,150.83,162.05,1
48.743,-0.0137,-0.0215,-0.1133,-0.6523,9.3047,26.21,153.21,159.24,1
48.759,0.0957,0.0059,0.7656,-0.5742,10.6484,26.21,153.07,159.62,1
48.776,0.0957,-0.0527,-0.3437,-1.5313,10.4961,26.21,149.23,160.31,1
48.794,0.0371,-0.0137,-1.1484,-0.5352,8.0781,26.21,149.61,157.28,1
48.810,0.0879,0.0820,-0.0781,-0.1523,10.5312,26.21,151.24,159.29,1
48.827,0.1172,-0.0254,-0.2305,-1.3789,9.1172,26.21,149.37,159.11,1
48.844,0.0664,-0.0176,-1.6836,-0.4219,8.1953,26.21,148.54,155.28,1
48.861,0.0684,0.0703,1.9922,-0.6914,13.4453,26.21,151.70,160.00,1
48.881,0.1191,-0.0020,-0.7266,0.1133,6.0469,26.21,152.65,159.77,1
48.897,0.0879,-0.0371,1.7617,-0.6523,11.0312,26.21,151.79,157.83,1
48.915,0.0273,-0.0391,-0.8047,-0.7656,7.3164,26.21,149.41,156.37,1
48.929,0.1016,0.0371,0.0781,-0.2305,10.6523,26.19,153.49,159.82,1
48.947,0.1055,-0.0020,1.0742,-0.8438,11.5703,26.19,152.49,157.11,1
48.963,0.0586,-0.0488,-0.2695,-0.3047,7.9336,26.19,150.38,161.89,1
48.980,0.0645,0.1055,-0.0391,-0.1914,9.4609,26.19,153.00,156.59,1
48.997,0.0918,0.0527,0.7656,-1.0742,9.6484,26.19,154.85,159.06,1
49.014,0.0820,-0.0781,-1.0742,-0.4961,7.2773,26.19,153.12,161.03,1
49.037,0.0078,-0.0391,0.9180,-1.7227,11.1484,26.19,151.22,158.53,1
49.053,-0.0645,0.0293,-0.6914,-0.1523,7.1250,26.19,153.52,158.03,1
49.066,0.0879,-0.0605,0.0000,-0.3437,8.8867,26.19,152.72,159.01,1
49.085,0.0391,-0.0742,-0.6914,-1.5703,7.4336,26.19,151.10,158.18,1
49.099,0.0430,-0.0391,-0.0391,0.1914,8.3164,26.19,152.44,160.98,1
49.117,0.0801,-0.0273,3.4492,-0.7266,14.3594,26.19,152.14,161.73,1
49.134,0.0645,-0.0117,0.1914,-1.1094,9.8047,26.24,149.37,156.99,1
49.150,-0.0059,0.0430,-0.9961,0.0000,7.5469,26.24,149.84,159.52,1
49.167,0.0664,0.0273,0.3828,-0.9180,10.5312,26.24,153.56,159.90,1
49.184,0.0742,0.0371,-0.0781,-0.9961,9.7305,26.24,151.49,157.73,1
49.201,-0.0508,0.0195,0.3437,-0.3828,9.5820,26.24,150.13,160.93,1
49.219,0.0293,0.1250,0.8047,-0.6133,10.6133,26.24,154.15,161.45,1
49.238,0.0586,0.0684,0.3047,0.1914,8.5430,26.24,154.37,157.43,1
49.257,0.0547,-0.0508,0.4961,-0.6523,9.3047,26.24,151.19,160.57,1
49.270,-0.0176,0.0625,-1.3398,-0.7266,8.3945,26.24,151.26,160.51,1
49.287,0.0430,0.1035,0.6523,-0.4219,11.9570,26.24,153.68,158.83,1
49.304,0.0742,0.0117,-0.5352,-1.2266,9.1211,26.24,150.17,160.67,1
49.320,-0.0664,0.0996,-2.2969,-0.3047,5.7422,26.22,151.08,157.88,1
49.337,0.0156,-0.0312,0.4961,-0.5352,9.8477,26.22,152.91,157.08,1
49.354,0.0684,0.0625,1.3789,-1.3008,11.8398,26.22,152.18,161.63,1
49.374,0.0391,0.1016,-0.8828,-0.7266,7.8555,26.22,149.68,156.69,1
49.389,-0.0254,0.0195,0.7656,-0.1523,9.0781,26.22,153.44,159.92,1
49.405,0.0488,0.0293,-1.2266,-0.8438,7.1289,26.22,153.94,160.05,1
49.426,0.0703,-0.1172,1.0742,-0.6914,11.4531,26.22,151.19,158.40,1
49.441,-0.0703,0.0195,1.4922,-1.6484,11.1094,26.22,150.47,159.97,1
49.457,0.0273,0.1387,0.2695,-0.4961,8.6211,26.22,150.35,161.42,1
49.474,0.0703,0.1172,1.6094,-0.5742,11.6016,26.22,153.16,161.52,1
49.490,-0.0664,0.0801,-0.3828,-1.1484,8.1562,26.22,150.17,160.44,1
49.507,-0.0195,0.1934,-0.0391,0.0391,9.8867,26.22,153.00,161.00,1
49.524,0.0391,0.1387,0.9180,-0.7266,10.2656,26.26,155.11,157.68,1
49.541,-0.0566,0.0977,-1.7227,-0.8828,6.3633,26.26,151.31,159.82,1
49.558,-0.0430,0.0215,-1.6484,-0.8047,7.0469,26.26,152.23,158.73,1
49.575,0.0098,0.0137,0.1133,-0.6133,10.2656,26.26,153.59,158.10,1
49.597,0.0742,0.0410,3.7539,-1.1484,16.2422,26.26,150.42,161.68,1
49.614,0.0781,0.1445,3.6758,-1.6094,14.4766,26.26,149.72,157.98,1
49.627,-0.0527,0.1309,-1.9531,-0.1914,3.0234,26.26,152.23,158.00,1
49.646,0.0684,0.0391,-1.4180,0.1523,4.5937,26.26,153.23,160.08,1
49.660,-0.0430,-0.1016,-0.2695,-1.1094,8.8164,26.26,151.22,157.11,1
49.677,-0.0645,-0.0215,-0.6914,-1.0352,8.0781,26.26,151.58,158.33,1
49.694,0.0293,0.0527,1.2266,-0.9180,10.6484,26.26,154.63,162.21,1
49.711,0.0176,-0.0977,2.0703,-1.4922,12.2969,26.26,151.93,159.18,1
49.728,-0.0508,0.0547,-0.1133,-0.1914,8.8828,26.32,151.61,162.76,1
49.745,-0.0312,0.1270,2.3359,-0.7656,13.4102,26.32,154.61,161.92,1
49.767,0.0547,0.0937,-0.9180,-0.4219,8.4258,26.32,152.53,158.48,1
49.779,-0.0176,-0.0547,-0.9180,-0.4219,8.4258,26.32,152.67,161.73,1
49.797,-0.0469,-0.0371,-2.1055,-0.8438,4.0664,26.32,155.81,160.13,1
49.817,0.0039,-0.1895,-4.4492,0.8438,0.9961,26.32,156.13,161.19,1
49.830,0.0469,-0.1992,1.3398,-1.1875,11.8008,26.32,151.79,164.15,1
49.847,-0.0195,-0.1973,1.8008,-0.6914,13.6367,26.32,152.28,162.95,1
49.865,-0.0312,0.0508,2.6445,-0.8047,14.6367,26.32,153.26,159.41,1
49.881,0.0762,-0.0059,1.0352,-0.7656,10.7266,26.32,151.70,161.34,1
49.898,0.0156,-0.0312,-2.2227,-0.1523,5.7461,26.32,151.08,159.31,1
49.915,-0.0371,0.0449,-0.5352,0.2305,7.4336,26.32,153.87,161.52,1
49.938,0.0020,0.0156,-0.2305,-0.9180,9.6133,26.35,151.79,159.29,1
49.949,0.0352,0.0098,-0.2305,-0.9180,9.6133,26.35,150.94,160.05,1
49.970,-0.0039,-0.0215,2.2227,-0.6914,12.8281,26.35,154.34,162.28,1
49.987,-0.0137,-0.0020,-0.9961,-0.5352,8.6602,26.35,154.99,159.18,1
50.001,0.0586,0.0898,-0.5352,0.3437,8.3945,26.35,152.79,160.08,1
50.017,0.0547,-0.0156,0.6133,-1.1484,10.4961,26.35,151.75,159.36,1
50.034,-0.0078,-0.0840,-1.9141,-0.5352,7.2773,26.35,155.18,161.60,1
50.051,0.0781,0.0684,-1.0352,-0.2695,7.3555,26.35,153.61,161.94,1
50.068,0.0664,-0.1445,-1.4570,-0.9570,7.3164,26.35,154.68,162.76,1
50.085,0.0176,-0.1094,-1.0742,-0.6133,7.6953,26.35,154.82,159.26,1
50.104,-0.0312,-0.0020,0.8438,-0.1523,10.8008,26.35,151.98,162.73,1
50.119,0.0801,0.0195,0.4219,-1.1094,10.8359,26.35,151.77,158.30,1
50.136,0.0391,0.0371,-1.4180,-0.3828,6.9297,26.43,154.20,158.20,1
50.156,-0.0195,-0.0078,-0.4961,-0.8438,8.0430,26.43,154.23,162.39,1
50.174,-0.0332,-0.1152,-2.2617,-0.3437,5.5937,26.43,152.95,159.21,1
50.187,0.0508,-0.0312,1.1094,-0.0781,10.6875,26.43,151.58,159.36,1
50.206,0.0332,-0.1348,0.6133,-1.2266,10.2305,26.43,154.92,163.53,1
50.221,0.0332,0.0781,-0.4961,-0.1914,9.6875,26.43,152.65,160.85,1
50.238,0.0527,0.1211,1.8398,-0.4609,12.0273,26.43,155.76,163.05,1
50.255,0.0684,-0.0371,-0.9961,-1.1484,7.9687,26.43,154.61,160.00,1
50.274,0.0156,-0.0469,-1.5703,-0.4609,8.1211,26.43,153.21,160.75,1
50.289,0.0371,0.0684,0.9570,-0.4219,11.7617,26.43,155.30,163.27,1
50.306,0.0859,-0.0078,-0.7656,-1.3398,8.3164,26.43,155.57,160.67,1
50.327,0.0449,-0.0332,0.8438,-0.7656,10.8789,26.43,152.65,159.54,1
50.340,-0.0039,-0.0078,0.8438,-0.7656,10.8789,26.50,152.79,162.65,1
50.357,0.0723,0.0215,-0.8828,-0.1133,9.3047,26.50,155.06,160.15,1
50.378,0.0664,-0.0078,1.1094,-0.4219,11.7578,26.50,154.23,162.60,1
50.393,0.0234,-0.1035,-0.4219,-1.3398,8.7734,26.50,152.86,159.95,1
50.408,0.0312,0.0859,-0.7266,0.0781,8.3516,26.50,152.74,162.26,1
50.425,0.0586,-0.0020,1.3008,-0.8828,10.2695,26.50,155.35,162.36,1
50.442,-0.0566,-0.0781,0.0391,-0.6133,9.0820,26.50,151.38,161.11,1
50.459,-0.0234,0.0195,-0.0391,-0.7656,10.0352,26.50,154.54,159.95,1
50.476,0.0215,0.0410,1.2656,-0.6523,11.6406,26.50,155.55,163.56,1
50.493,0.0371,0.0176,-0.6914,-0.0781,8.5000,26.50,152.00,162.39,1
50.510,-0.0684,-0.0059,0.1523,-0.1523,9.8867,26.50,154.70,162.21,1
50.529,-0.0312,-0.0098,-0.8047,-0.9180,7.6602,26.58,156.01,162.10,1
50.547,0.0352,0.0527,-0.0391,-0.4961,8.8867,26.58,155.11,160.72,1
50.561,-0.0742,-0.1270,1.7617,-0.9961,11.1484,26.58,153.35,161.79,1
50.578,-0.0781,0.0586,0.1914,-1.0352,8.9609,26.58,155.40,160.44,1
50.595,-0.0312,0.1602,1.0742,-0.6523,10.4961,26.58,154.32,162.42,1
50.614,0.0039,0.0410,1.1094,-0.9180,10.4961,26.58,152.72,162.13,1
50.629,-0.0742,-0.0430,-0.9570,-0.3828,7.4727,26.58,153.80,160.23,1
50.646,-0.0820,0.0527,1.1094,-0.7266,11.4180,26.58,154.42,161.63,1
50.663,-0.0352,0.0508,0.4609,-0.6523,9.9219,26.58,153.26,161.39,1
50.680,-0.0586,-0.0137,-1.0352,-0.6133,7.5898,26.58,154.20,160.23,1
50.697,-0.0859,-0.0723,0.3437,-0.8828,10.2656,26.58,154.87,162.68,1
50.718,-0.0742,0.0020,-0.8047,-0.5742,7.8906,26.58,152.16,163.72,1
50.734,0.0000,0.0918,1.1484,-0.7656,11.1914,26.59,151.38,160.18,1
50.748,-0.0703,-0.0762,1.1094,-1.3398,10.9570,26.59,155.18,162.60,1
50.765,-0.0996,0.0605,-0.4609,-0.3828,7.7734,26.59,157.06,162.47,1
50.784,-0.0312,0.0801,0.5742,-0.2695,9.2695,26.59,153.56,163.40,1
50.799,-0.0352,-0.0039,0.6914,-1.1094,10.1484,26.59,156.99,161.03,1
50.816,-0.0840,0.0020,-0.5352,-0.4219,7.4687,26.59,153.44,160.51,1
50.833,-0.0801,-0.0020,0.6523,-1.2266,10.3477,26.59,154.06,163.37,1
50.850,-0.0059,0.0312,0.1914,-1.0352,9.8437,26.59,156.08,160.46,1
50.867,-0.0391,-0.0371,-0.9570,-0.1914,7.8125,26.59,152.77,163.88,1
50.886,-0.0605,-0.1270,-0.7266,-0.6523,8.4219,26.59,153.40,162.15,1
50.905,-0.0840,-0.0059,-1.0352,-0.5742,8.6172,26.59,155.04,159.62,1
50.918,0.0137,-0.0840,0.8047,-0.9180,10.6133,26.61,154.68,163.32,1
50.936,-0.0430,-0.1191,-0.2305,-0.7656,9.8477,26.61,155.21,163.56,1
50.953,-0.0977,-0.0332,-0.9180,0.0000,7.5469,26.61,155.52,160.18,1
50.969,0.0312,-0.0430,0.6914,-0.4961,10.4180,26.61,155.57,165.34,1
50.986,-0.0195,-0.0547,-0.5352,-0.8438,8.6602,26.61,152.79,162.60,1
51.004,-0.0645,-0.1250,-0.8047,-0.1914,7.9727,26.61,153.68,161.79,1
51.020,0.0273,0.0176,2.0703,-1.1484,12.7227,26.61,157.13,163.29,1
51.037,0.0137,0.0078,0.3047,-1.2656,9.6914,26.61,154.92,162.15,1
51.057,-0.0156,-0.0098,1.6094,-1.1484,12.1445,26.61,153.23,162.21,1
51.071,-0.0059,0.1250,1.6094,-1.1484,12.1445,26.61,156.32,160.69,1
51.089,0.0078,0.0645,-1.1484,-0.0781,7.8516,26.61,156.69,163.16,1
51.107,0.0234,-0.0430,0.6914,-1.3789,11.2617,26.61,153.09,163.37,1
51.126,-0.0078,0.0000,-0.9961,-0.6914,8.6992,26.67,155.45,159.34,1
51.139,0.0000,0.0410,-0.5742,-0.4219,9.4219,26.67,152.79,160.28,1
51.156,0.0352,0.0098,0.2305,-1.0742,9.5039,26.67,152.88,162.00,1
51.174,0.0039,-0.0039,-1.6094,-0.7656,7.5469,26.67,154.99,160.67,1
51.190,-0.0352,0.0332,-0.3437,-0.3047,9.0000,26.67,152.28,163.29,1
51.207,0.0176,0.0898,2.1836,-0.7656,12.3359,26.67,152.74,160.03,1
51.224,0.0332,0.1152,-0.5742,-0.6133,8.7344,26.67,152.32,160.38,1
51.241,-0.0859,0.0039,-0.7656,-0.4961,7.5078,26.67,155.64,163.35,1
51.260,-0.0137,0.0156,-0.6523,-0.6914,8.4609,26.67,153.44,162.10,1
51.277,0.0273,0.0039,0.4609,-0.6914,9.9609,26.67,153.89,161.89,1
51.294,0.0391,-0.0215,1.5703,-1.1875,12.1836,26.67,154.92,163.08,1
51.309,-0.0469,0.0566,-0.8047,-0.3828,8.6172,26.67,152.63,160.69,1
51.326,-0.0137,0.1035,-0.0391,-0.3828,9.5430,26.76,153.21,162.42,1
51.344,0.0410,0.0332,-0.3437,-0.8828,9.0820,26.76,155.71,162.95,1
51.360,-0.0742,-0.0488,-2.3359,-0.4961,6.5859,26.76,152.63,158.86,1
51.377,-0.0527,-0.0391,-0.1914,-0.2695,9.4609,26.76,153.19,161.60,1
51.395,0.0117,0.0879,0.1523,-0.9180,10.5312,26.76,155.33,159.95,1
51.411,-0.0488,-0.1445,-2.0703,-0.6133,7.0469,26.76,153.59,162.10,1
51.428,-0.0918,-0.0371,0.4961,-0.1914,9.9609,26.76,153.07,163.03,1
51.447,-0.0371,0.0293,-1.6836,-0.4609,7.0859,26.76,152.70,163.91,1
51.466,0.0254,0.0293,1.4180,-0.6523,11.6445,26.76,155.42,164.42,1
51.479,-0.0488,-0.0508,0.0391,-1.4180,10.3477,26.76,152.14,162.10,1
51.497,-0.0586,-0.0781,-1.6836,-0.7266,6.6641,26.76,152.91,160.82,1
51.513,-0.0254,-0.0449,-0.3828,-0.3437,8.9219,26.76,156.89,162.76,1
51.530,-0.0117,-0.0723,0.1914,-1.6094,9.3867,26.78,152.56,161.73,1
51.547,-0.0449,-0.0801,-0.1523,-0.7656,10.0703,26.78,153.23,162.68,1
51.564,-0.0391,0.0273,1.6836,-0.6133,11.7617,26.78,155.64,162.89,1
51.581,0.0332,-0.0059,-0.0391,-0.9570,9.1211,26.78,152.98,158.83,1
51.599,0.0059,-0.0781,-2.3359,-0.5742,5.9375,26.78,153.09,162.02,1
51.617,-0.0449,-0.0039,0.0000,-1.2656,9.4609,26.78,153.02,162.47,1
51.638,-0.0254,0.0937,-0.4961,-0.6523,9.5430,26.78,153.05,327.76,1
51.649,0.0371,0.0391,0.7266,-0.4219,11.3398,26.78,151.75,161.76,1
51.667,-0.0156,-0.0254,-1.2656,-0.6133,7.6602,26.78,152.02,161.71,1
51.684,-0.0449,-0.0273,-0.5352,-0.6523,8.8867,26.78,154.04,160.23,1
51.700,0.0605,0.0137,1.6094,-1.0742,11.6445,26.78,152.77,163.21,1
51.717,0.0293,-0.0098,-0.1914,-0.5742,8.8125,26.80,154.61,159.52,1
51.734,-0.0293,-0.0762,-0.8828,-0.1133,7.2734,26.80,155.11,161.19,1
51.751,0.0742,0.0176,-0.2695,-0.7266,7.7344,26.80,153.16,162.73,1
51.768,0.0508,-0.1074,-0.3047,-0.7656,7.7344,26.80,151.81,162.58,1
51.785,0.0078,-0.0840,-0.0781,-0.4961,9.5039,26.80,154.85,161.32,1
51.807,-0.0371,0.0156,0.9570,-0.6914,10.8789,26.80,152.63,160.26,1
51.819,0.0664,0.0918,0.0391,-0.1133,9.1211,26.80,152.28,160.44,1
51.838,0.0508,0.0410,0.3828,-0.6914,9.6875,26.80,152.35,161.79,1
51.855,-0.0078,-0.0059,-2.0703,-0.6914,6.2812,26.80,154.75,162.81,1
51.870,0.0645,0.0605,-0.7266,-0.2695,8.6953,26.80,152.84,161.16,1
51.887,0.0527,0.0273,0.7266,-0.4219,10.4180,26.80,155.16,161.52,1
51.904,0.0195,-0.0547,-1.1094,-0.9961,8.3164,26.80,154.32,159.26,1
51.921,0.0293,0.1211,0.6523,-0.3828,10.5312,26.85,152.18,162.44,1
51.938,0.0566,0.0859,0.9961,-0.9180,10.7305,26.85,154.30,159.13,1
51.955,0.0488,-0.0742,-1.0352,-0.3437,7.6992,26.85,153.87,158.93,1
51.977,0.0039,-0.0254,1.6484,-1.3008,11.9883,26.85,151.22,162.68,1
51.994,-0.0566,0.0215,-0.8828,-0.3047,7.1250,26.85,153.00,159.57,1
52.007,0.0645,-0.0156,-0.2695,-0.5352,8.8477,26.85,151.45,161.39,1
52.026,0.0293,-0.1094,-1.4570,-1.1875,6.7852,26.85,154.87,162.58,1
52.040,-0.0117,0.0391,-1.1484,-0.1133,8.0117,26.85,152.58,160.88,1
52.058,0.0625,0.0117,0.9961,-1.1484,11.4570,26.85,152.18,159.64,1
52.074,0.0586,0.0020,1.1875,-1.5313,13.3672,26.85,154.11,162.55,1
52.091,-0.0488,0.0645,0.2695,-0.5352,10.6094,26.85,151.81,159.31,1
52.108,0.0371,0.1309,0.2695,-0.9180,8.6953,26.85,154.20,161.34,1
52.125,0.0664,0.0195,-2.2617,-0.3828,6.8203,26.35,154.97,159.31,1
52.147,0.0586,-0.0879,0.0391,-1.4180,10.5742,26.35,152.00,158.08,1
52.159,0.0078,0.0918,0.0391,-1.4180,10.5742,26.35,154.66,162.00,1
52.178,0.0547,0.0781,-1.5703,0.0000,7.0898,26.35,151.03,161.92,1
52.197,0.0762,-0.0508,1.4570,-0.8438,12.2578,26.35,151.26,159.11,1
52.210,-0.0586,0.0547,-1.3789,-0.8828,8.5820,26.35,150.94,163.03,1
52.227,0.0176,0.0332,-0.9570,0.3047,8.9258,26.35,150.44,161.68,1
52.244,0.0859,-0.0332,0.6523,-1.7227,12.1836,26.35,152.56,158.65,1
52.261,-0.0840,0.0586,-1.6094,-0.7266,8.1562,26.35,150.26,160.64,1
52.278,-0.0039,0.0039,-0.6914,-0.5742,8.1211,26.35,153.28,159.34,1
52.295,0.0762,-0.0117,-1.4922,-1.2656,7.7734,26.35,153.14,160.77,1
52.313,0.0820,0.0215,-0.6914,-0.6523,8.7734,26.35,150.81,157.88,1
52.329,-0.0410,-0.0273,0.2695,-0.8047,10.3086,26.72,151.17,156.89,1
52.350,0.0605,0.0371,-0.9961,-0.1914,9.1172,26.72,153.42,160.10,1
52.366,0.0898,0.0449,0.5742,-0.3828,10.2266,26.72,152.84,156.37,1
52.381,-0.0605,0.0410,-0.3437,-0.9570,9.3047,26.72,150.56,157.38,1
52.398,-0.0020,0.0977,-2.4883,-0.4219,6.4023,26.72,153.16,160.36,1
52.415,0.0547,0.0059,0.4609,-0.3437,10.4531,26.72,150.13,159.41,1
52.431,-0.0488,0.0449,-0.4609,-1.1875,10.0312,26.72,149.30,160.44,1
52.448,-0.0371,0.0762,0.3828,0.1523,10.1484,26.72,149.48,160.46,1
52.465,0.0254,0.0586,0.5742,-0.4961,11.6055,26.72,151.17,155.96,1
52.482,-0.0293,0.0312,-1.3008,-0.8828,7.7773,26.72,151.19,160.49,1
52.499,-0.0547,0.0117,-0.5352,-0.2695,8.3945,26.72,148.81,159.52,1
52.516,-0.0137,0.0391,0.1914,-0.5742,9.8867,26.72,151.22,157.68,1
52.538,0.0508,0.0840,0.4961,-0.0781,10.0312,26.43,151.68,158.63,1
52.554,0.0703,-0.0117,-0.7656,-0.9961,9.2695,26.43,151.24,158.55,1
52.567,-0.0391,0.0078,-0.5742,-0.6914,8.8125,26.43,151.17,159.13,1
52.584,0.0332,0.0723,0.5742,-0.2305,10.4922,26.43,148.99,155.47,1
52.601,-0.0430,-0.0391,-0.4219,-0.6133,9.4258,26.43,150.69,158.33,1
52.619,-0.0703,0.0391,-0.4961,-0.1133,9.4219,26.43,149.05,155.23,1
52.635,0.0039,0.0527,-0.5742,-0.4609,8.3555,26.43,148.50,158.23,1
52.654,0.0664,-0.0645,-2.2969,-0.9961,7.1680,26.43,152.00,157.98,1
52.669,-0.0820,-0.0488,-0.4609,-0.3047,8.5391,26.43,151.58,155.62,1
52.686,-0.0156,0.0195,-0.6133,-1.3008,10.4961,26.43,148.43,158.93,1
52.707,0.0605,-0.0957,0.7266,0.0000,11.1914,26.43,148.21,159.21,1
52.720,-0.0918,-0.0098,0.7266,0.0000,11.1914,26.13,150.17,155.69,1
52.738,-0.0293,-0.0352,-0.6523,-0.8047,8.3164,26.13,150.40,157.65,1
52.756,0.0723,-0.2441,-0.6523,-0.5742,8.8164,26.13,148.19,158.28,1
52.771,-0.0977,-0.0020,-0.6133,-0.7656,11.0703,26.13,147.17,157.36,1
52.788,-0.0273,0.0020,0.7266,-0.2695,14.1719,26.13,143.99,155.38,1
52.805,0.0820,-0.0703,-3.7539,-1.4570,8.3164,26.13,145.54,155.04,1
52.824,0.0703,-0.0488,-2.6797,-0.6133,6.7070,26.13,144.70,152.02,1
52.839,0.0176,-0.0918,-1.1875,-0.4961,8.7773,26.13,147.71,151.45,1
52.856,0.0937,-0.0605,-1.1484,-1.3398,9.5781,26.13,147.25,155.79,1
52.877,0.0664,-0.0391,-0.3828,-0.7656,9.9258,26.13,147.43,151.13,1
52.890,0.0078,0.0586,-0.3828,-0.7656,9.9258,26.13,145.79,152.30,1
52.908,0.0820,-0.0176,-0.3437,-0.1914,9.1562,26.13,144.93,154.39,1
52.927,0.0605,-0.0586,-0.6133,-1.3398,8.7383,26.00,147.78,154.39,1
52.941,-0.0117,0.0391,-0.3047,-1.1094,10.1094,26.00,144.30,152.25,1
52.958,0.0820,-0.0391,1.2266,-0.1914,11.9844,26.00,145.18,155.16,1
52.975,0.0879,-0.0391,-2.0312,-1.0742,8.1953,26.00,143.99,154.70,1
52.995,-0.0547,-0.0156,0.4609,-0.0781,10.8359,26.00,146.07,152.44,1
53.009,0.0781,-0.0625,-0.3437,-1.1094,9.8828,26.00,145.37,153.52,1
53.026,0.0801,0.0273,-0.6914,-1.1094,9.6484,26.00,143.43,153.61,1
53.044,-0.0469,0.1016,0.5352,-0.1914,10.5352,26.00,142.45,151.19,1
53.060,0.0879,-0.1348,-3.6016,-0.9570,5.2148,26.00,144.74,151.22,1
53.077,0.0703,0.0059,-0.5742,-0.1914,10.0039,26.00,144.30,151.79,1
53.096,-0.0508,0.0254,-2.9102,-1.5703,6.9687,26.00,144.13,151.31,1
53.113,-0.0918,0.0605,0.1523,0.0781,10.0742,26.00,142.63,148.70,1
53.128,0.0703,-0.0723,-1.7227,-0.7656,7.7383,25.26,141.94,147.97,1
53.145,-0.0605,0.0039,-0.1523,-0.9961,9.1602,25.26,142.63,148.85,1
53.166,-0.0937,0.0820,1.1484,0.4961,11.8789,25.26,144.84,148.10,1
53.179,0.0449,-0.0020,-1.4180,-1.5703,7.8906,25.26,141.72,149.08,1
53.196,-0.0859,0.0703,1.4180,-0.4961,11.4141,25.26,143.16,151.54,1
53.214,-0.0781,0.0059,-1.6094,-0.8828,7.8516,25.26,144.93,152.32,1
53.230,0.0195,-0.0566,-1.6484,-0.6914,7.0469,25.26,143.64,148.57,1
53.247,-0.1016,0.0098,-0.2305,-0.4219,10.9531,25.26,141.20,151.54,1
53.266,-0.0781,0.0410,-0.2305,-0.6914,11.4922,25.26,141.68,151.03,1
53.284,0.0039,-0.1289,-0.6523,-0.9570,10.0312,25.26,140.75,150.31,1
53.298,-0.0859,0.0449,-0.8438,-1.1094,9.7266,25.26,142.59,150.44,1
53.317,-0.0645,0.0312,1.2266,-0.0781,11.1094,25.26,141.76,147.56,1
53.334,0.0176,-0.0742,-0.6914,-0.8828,9.6523,25.22,141.72,149.54,1
53.349,-0.0898,0.1211,-0.9961,-1.0352,8.8477,25.22,138.79,146.67,1
53.366,-0.0605,0.0156,0.2305,0.3828,9.6133,25.22,138.87,145.65,1
53.384,0.0059,-0.0645,-0.8828,-1.1875,9.4648,25.22,141.18,149.59,1
53.400,-0.0898,0.0977,1.4180,-0.5742,12.2227,25.22,141.28,148.41,1
53.417,-0.0391,-0.0039,-1.6484,-0.6914,7.7344,25.22,140.55,146.01,1
53.437,0.0332,-0.0352,-0.1914,-0.9180,10.4570,25.22,140.02,144.76,1
53.451,-0.0684,0.0977,-0.1914,-0.9180,10.4570,25.22,137.61,147.08,1
53.469,-0.0234,0.0117,0.4609,-0.4961,11.7187,25.22,137.06,146.52,1
53.487,0.0273,-0.0156,-1.7617,-0.9180,7.3906,25.22,140.79,145.86,1
53.504,-0.0234,0.0547,-0.6523,-0.6914,9.3437,25.22,140.65,144.49,1
53.519,-0.0059,-0.0488,-1.6484,-0.3047,7.0117,24.48,138.27,146.18,1
53.536,-0.0020,0.0547,-0.4609,-0.3437,9.0039,24.48,136.69,146.63,1
53.554,-0.0391,0.0879,0.3047,-0.9180,10.7695,24.48,135.94,147.04,1
53.570,-0.0078,-0.0430,-2.0312,-0.0391,8.5000,24.48,137.76,143.88,1
53.587,-0.0312,0.0098,-0.6523,-1.2266,9.5820,24.48,137.80,143.35,1
53.605,-0.0371,0.0410,-2.2969,-0.9180,6.7852,24.48,137.57,145.20,1
53.621,-0.0039,-0.0684,-1.1484,-1.0352,8.0781,24.48,135.65,145.03,1
53.641,-0.0488,-0.0059,-0.8047,-0.9570,7.6602,24.48,135.30,142.39,1
53.658,-0.0371,-0.0020,1.0352,-0.8438,9.7305,24.48,135.14,143.16,1
53.675,0.0059,-0.0625,-0.1523,-0.6133,10.0312,24.48,137.59,144.97,1
53.689,-0.0527,0.0625,-0.1133,-1.2656,9.8437,24.48,137.23,144.01,1
53.706,-0.0176,0.0293,-0.1914,-0.5352,10.1875,24.48,137.97,141.08,1
53.724,0.0410,-0.1016,-2.4531,-1.3789,5.9414,24.41,137.59,141.18,1
53.740,-0.0293,0.0898,0.4609,-0.4219,11.0703,24.41,135.69,142.13,1
53.758,0.0234,-0.0840,-1.2266,-1.5313,8.3164,24.41,135.23,144.97,1
53.774,0.0547,-0.1309,0.4609,-1.0742,10.7266,24.41,135.43,145.37,1
53.791,0.0020,0.0176,0.8047,-0.3437,11.5703,24.41,136.97,141.18,1
53.811,0.0371,0.0195,0.7656,-0.3437,11.6797,24.41,135.50,142.61,1
53.828,0.0195,0.0684,-3.0664,-0.6523,6.7070,24.41,135.14,140.59,1
53.845,0.0000,0.1172,-1.1484,-0.4961,10.1875,24.41,134.66,141.26,1
53.859,0.0352,0.1211,-2.9102,-1.1094,5.1328,24.41,133.62,141.22,1
53.877,0.0156,0.0371,-1.5703,-0.4219,7.7383,24.41,133.00,142.21,1
53.894,0.0254,-0.0234,-0.7656,-0.3047,9.5430,24.41,132.26,139.37,1
53.910,0.0176,-0.0547,-0.2695,-0.8047,10.6523,24.41,133.55,142.15,1
53.927,0.0195,0.0137,-0.0391,-0.4609,11.8008,23.80,133.33,141.26,1
53.944,0.0449,-0.0645,-1.8398,-0.2695,7.6562,23.80,134.07,140.51,1
53.961,0.0078,0.0645,0.1914,-0.1523,11.2969,23.80,130.68,138.52,1
53.978,0.0293,-0.0918,-1.6836,-1.2266,7.0859,23.80,131.15,137.85,1
53.997,0.0586,-0.0254,0.8438,-0.6523,11.6836,23.80,131.34,137.04,1
54.017,0.0156,0.0937,-0.6523,-0.5352,7.5898,23.80,132.10,140.65,1
54.030,0.0332,-0.0098,-2.4141,-0.3047,5.8203,23.80,131.96,139.51,1
54.046,0.0410,-0.0371,-2.3750,-0.4219,7.0898,23.80,130.80,140.19,1
54.065,0.0156,0.0176,-0.0391,-0.8047,10.4961,23.80,133.28,136.13,1
54.080,0.0410,-0.0508,-1.9141,-0.8828,7.5508,23.80,133.12,137.42,1
54.097,0.0078,0.0215,0.2695,0.1133,12.4453,23.80,131.35,138.95,1
54.114,0.0059,0.0859,-0.4219,-1.0352,11.8789,23.80,129.82,138.35,1
54.131,0.0117,0.0684,-1.1094,0.4609,9.6875,23.71,128.39,137.16,1
54.148,0.0000,-0.0078,-2.3750,-0.6523,7.2031,23.71,128.45,137.04,1
54.165,0.0117,-0.1523,-3.5234,-0.1914,6.0156,23.71,129.18,133.85,1
54.182,-0.0195,-0.0801,-2.5273,0.1133,7.3516,23.71,130.41,132.21,1
54.201,0.0039,-0.2734,5.1328,-0.6523,22.7930,23.71,128.75,139.35,1
54.217,0.0039,0.0430,-2.1445,-1.3789,4.3711,23.71,126.53,139.35,1
54.234,-0.0352,-0.0410,-0.4961,0.5352,7.4727,23.71,130.41,135.72,1
54.250,0.0234,-0.0762,2.8711,-1.5313,13.6367,23.71,128.75,138.97,1
54.267,-0.0527,0.2051,-0.3437,-0.8438,7.2070,23.71,128.07,132.82,1
54.284,-0.0312,-0.1035,-3.6406,0.0781,2.1055,23.71,128.98,128.32,1
54.301,-0.0234,-0.0039,0.1914,-1.6836,11.5312,23.71,126.12,131.84,1
54.318,-0.0273,0.0879,0.9180,-0.7266,14.9414,23.08,125.27,133.17,1
54.336,0.0078,0.0137,-0.9180,-1.6094,9.2695,23.08,125.42,135.26,1
54.352,-0.0332,0.0996,-1.0352,0.1914,8.9258,23.08,125.28,135.08,1
54.371,-0.0117,-0.1133,0.4219,-0.7266,12.8281,23.08,124.98,133.96,1
54.386,0.0059,-0.0840,-2.0703,-0.2305,11.3789,23.08,120.76,133.85,1
54.405,-0.0273,0.1016,2.3750,-1.4570,16.8164,23.08,120.32,127.78,1
54.420,0.0195,0.2344,0.9180,-1.8398,14.3984,23.08,126.86,128.42,1
54.437,-0.0254,0.3691,-0.7656,-1.4180,6.5859,23.08,127.02,130.62,1
54.454,0.3242,-1.6621,-15.5156,0.0781,-13.1016,23.08,124.38,130.53,1
54.471,-0.3398,1.8223,7.2773,-0.4961,20.8398,23.08,126.39,130.02,1
54.489,0.0234,0.3652,-2.3398,-0.4609,-1.7617,23.08,126.42,133.96,1
54.505,0.1836,-0.1113,-5.9414,-1.9141,0.1523,23.08,123.98,135.23,1
54.527,0.0352,0.2676,3.7148,-1.8789,18.5000,22.19,124.10,129.27,1
54.542,0.1133,-0.2148,4.1758,-2.1055,18.2383,22.19,122.84,128.06,1
54.557,0.0781,0.0293,-3.0664,1.0352,3.4062,22.19,122.50,128.25,1
54.577,0.0195,0.0625,-0.3047,-0.4961,9.7266,22.19,123.96,127.89,1
54.590,0.0332,0.1465,-4.2539,-0.6523,2.1836,22.19,120.47,127.60,1
54.607,0.0684,-0.0664,-0.0781,-0.2695,9.1602,22.19,123.72,127.36,1
54.624,0.0684,0.0020,-0.8828,-2.1055,9.2656,22.19,120.09,129.02,1
54.641,0.0469,0.0527,-0.1523,0.4219,11.2227,22.19,121.45,127.52,1
54.658,0.0840,-0.0215,-0.9180,-0.5352,8.9648,22.19,120.44,130.48,1
54.675,0.0410,0.0820,0.6133,-0.6523,12.1016,22.19,119.63,128.83,1
54.697,-0.0234,0.0703,-0.9180,-1.6484,9.6523,22.19,119.12,126.98,1
54.709,0.0664,0.0703,-0.9180,-1.6484,9.6523,22.19,119.59,127.83,1
54.727,0.0430,-0.0098,0.4961,-0.7266,11.0742,21.58,119.29,127.19,1
54.748,0.0273,0.0898,-1.1094,-0.6133,10.3437,21.58,119.32,127.15,1
54.760,0.0703,0.0332,-0.4219,-1.0352,9.9258,21.58,120.05,126.87,1
54.778,0.0625,-0.0156,-1.4180,-0.3828,8.5430,21.58,118.47,126.33,1
54.795,0.0234,0.0371,-1.4922,-0.1523,8.5000,21.58,117.36,124.13,1
54.811,0.0820,-0.0508,-2.0312,0.6523,8.2734,21.58,117.91,123.72,1
54.828,0.0332,-0.0078,-1.5703,-1.8398,9.2656,21.58,118.69,123.82,1
54.845,0.0254,-0.1133,-2.4531,-0.7656,6.6680,21.58,118.19,124.30,1
54.864,0.0293,-0.0859,0.4219,-0.8828,10.6523,21.58,117.54,123.62,1
54.879,0.0527,-0.0215,-0.4219,-0.3828,9.8437,21.58,117.51,123.40,1
54.896,0.0234,-0.0039,0.2305,0.0000,10.2695,21.58,116.36,126.09,1
54.918,0.0117,0.0156,-1.2656,-0.6133,7.2031,21.58,116.47,125.36,1
54.931,0.0469,-0.0801,-1.4922,0.1523,9.0000,21.28,116.77,125.41,1
54.947,0.0000,0.0059,-0.1523,-0.8047,9.0391,21.28,117.88,123.37,1
54.964,0.0059,-0.0762,-0.7266,-0.3437,8.6953,21.28,116.74,124.78,1
54.981,0.0078,-0.0273,0.6523,-0.4961,10.7305,21.28,116.00,125.87,1
54.998,0.0098,-0.0684,-0.4609,-0.3047,9.5000,21.28,115.82,124.84,1
55.016,-0.0176,0.0430,0.1523,-0.4219,11.2617,21.28,115.29,124.32,1
55.035,-0.0273,0.0176,-2.0703,-1.3789,8.3125,21.28,114.53,123.92,1
55.049,-0.0234,0.0391,-0.9570,-0.1914,10.6133,21.28,115.27,122.47,1
55.066,-0.0449,0.0801,-0.9180,-0.2695,10.3867,21.28,114.63,121.80,1
55.088,-0.0215,-0.0215,-1.4922,-0.4609,8.8164,21.28,114.30,120.42,1
55.102,-0.0352,0.0254,-0.8438,-0.9570,9.6484,21.28,114.10,121.11,1
55.118,-0.0234,-0.0098,-1.2266,-0.5742,8.6992,21.28,116.25,121.61,1
55.136,-0.0566,0.0078,0.2305,-0.8438,11.4570,20.35,114.44,122.10,1
55.151,-0.0234,-0.0430,-1.6836,-1.5703,8.0391,20.35,114.42,119.77,1
55.168,-0.0605,-0.0176,-0.8438,-1.1484,9.8086,20.35,113.12,120.09,1
55.185,-0.0469,-0.0664,-1.4922,-0.6914,9.1953,20.35,112.36,119.19,1
55.204,-0.0352,-0.0078,-0.5352,-0.4961,10.7656,20.35,112.10,117.98,1
55.219,-0.0586,-0.0254,-2.0312,-0.5352,7.3516,20.35,111.89,118.95,1
55.237,-0.0586,-0.0039,-0.4219,-0.2695,10.1875,20.35,112.46,117.56,1
55.256,-0.0508,0.0098,-0.4219,-0.6133,9.1172,20.35,114.34,117.69,1
55.270,-0.0762,-0.0430,-0.4219,-0.6133,9.1172,20.35,114.13,118.88,1
55.289,-0.0664,-0.0996,1.6484,-1.0742,11.8359,20.35,114.09,118.40,1
55.307,-0.0527,-0.0488,-0.9180,-0.6523,9.3867,20.35,113.58,118.36,1
55.321,-0.0625,-0.0156,-0.3047,-0.8047,9.7656,19.83,113.31,116.93,1
55.338,-0.0469,0.0371,-0.4609,-0.4219,9.0000,19.83,112.65,116.47,1
55.355,-0.0352,0.0625,0.3828,-0.9570,10.7656,19.83,112.64,117.84,1
55.374,-0.0293,0.0078,-1.1094,-0.7266,8.9609,19.83,112.94,115.94,1
55.389,-0.0449,-0.0117,-0.3047,-0.9961,11.4961,19.83,112.42,116.84,1
55.406,-0.0254,-0.0215,-1.2656,-0.9180,8.8828,19.83,111.73,116.51,1
55.424,-0.0293,0.0215,-0.3047,-1.0352,11.1523,19.83,109.09,115.38,1
55.440,-0.0215,0.0898,-0.6914,-1.1094,11.1094,19.83,109.84,114.80,1
55.460,-0.0273,0.0645,-1.4570,0.1133,7.5117,19.83,110.83,113.95,1
55.478,-0.0312,-0.0273,-1.6484,-1.2266,7.4687,19.83,108.73,114.55,1
55.491,-0.0273,-0.0273,1.1094,-0.8438,11.7969,19.83,107.93,113.57,1
55.508,-0.0215,0.0000,-0.2305,-1.0742,10.1914,19.83,107.93,113.66,1
55.525,-0.0273,0.0020,-0.9570,-0.5742,8.5391,19.45,109.81,112.71,1
55.542,-0.0039,0.0566,-1.7227,-0.4609,6.6680,19.45,108.00,112.97,1
55.559,-0.0156,0.0742,0.5742,-0.0391,10.6523,19.45,108.67,113.60,1
55.577,-0.0117,0.0410,-1.1094,-1.2656,8.1211,19.45,109.43,112.52,1
55.595,0.0020,0.0176,-1.2656,-0.7266,8.4258,19.45,109.63,113.30,1
55.610,-0.0078,-0.0645,-1.2266,-0.6914,8.4258,19.45,109.64,113.21,1
55.627,-0.0078,-0.0273,1.2656,-0.9180,11.7969,19.45,108.66,114.53,1
55.646,-0.0215,-0.0117,-0.8438,-0.5742,9.3828,19.45,106.28,114.73,1
55.662,-0.0098,0.0449,-1.2266,-0.6133,7.6992,19.45,107.58,115.13,1
55.679,0.0059,-0.0586,-0.6133,-1.1484,9.6523,19.45,107.41,114.98,1
55.695,0.0059,0.0020,-0.4609,-0.6133,8.9219,19.45,106.95,114.92,1
55.712,0.0156,-0.0742,0.3828,-0.9961,10.0742,19.45,106.95,114.36,1
55.729,0.0000,-0.1074,-1.1875,-0.4961,9.0430,18.91,107.10,114.92,1
55.746,-0.0078,-0.1152,-1.0742,-1.1094,8.3516,18.91,106.94,114.14,1
55.764,0.0000,-0.0371,0.8438,-0.3047,10.9570,18.91,108.78,113.62,1
55.780,0.0293,-0.0020,-0.3437,-1.0742,8.8437,18.91,109.19,114.81,1
55.797,0.0176,0.0098,-1.1094,-0.4219,8.0820,18.91,108.98,113.44,1
55.818,0.0156,-0.0898,1.1094,-0.5352,12.0664,18.91,108.37,114.47,1
55.836,0.0156,-0.1035,-0.4961,-0.8047,8.8828,18.91,108.45,114.22,1
55.849,0.0254,-0.0195,-0.6914,-0.1523,9.5391,18.91,106.21,111.21,1
55.867,0.0332,0.0762,-0.3828,-0.4609,9.7305,18.91,106.06,111.83,1
55.885,0.0098,0.1152,1.2266,-0.9570,11.7578,18.91,106.15,110.84,1
55.899,0.0312,-0.0957,-1.8008,-0.4961,6.3594,18.91,106.19,110.31,1
55.916,0.0078,-0.0156,-0.2695,-0.5742,9.8828,18.91,107.14,111.66,1
55.934,0.0312,-0.0488,0.9180,-0.7656,10.8398,18.83,106.86,110.40,1
55.950,0.0332,-0.0332,0.8047,-0.8047,11.1484,18.83,106.69,110.64,1
55.967,0.0293,-0.1035,-3.1016,-0.0781,5.9414,18.83,106.64,110.50,1
55.984,0.0117,-0.1250,-0.8828,-0.3828,8.6602,18.83,108.24,110.08,1
56.001,0.0234,-0.0234,0.6133,-0.5742,10.2695,18.83,108.39,111.66,1
56.020,0.0176,0.0312,0.3437,-0.4609,8.5039,18.83,109.30,112.02,1
56.037,0.0098,-0.0469,1.4570,-0.4219,9.9609,18.83,107.20,115.38,1
56.054,0.0332,0.0273,2.4141,-0.8438,10.0352,18.83,108.85,115.73,1
56.069,0.0176,-0.0977,0.8828,-0.9961,9.6094,18.83,107.55,115.46,1
56.086,0.0215,0.0391,1.6094,-0.3047,12.4102,18.83,106.32,115.34,1
56.105,0.0508,0.0332,-0.1133,-1.8008,10.0352,18.83,106.27,113.40,1
56.120,0.0332,0.1328,-1.5313,0.0391,8.2344,18.30,106.96,112.99,1
56.137,0.0273,0.0449,-0.2305,-0.5352,8.5391,18.30,107.03,112.83,1
56.154,0.0410,0.0840,0.4219,-0.3047,10.6914,18.30,108.04,112.26,1
56.171,0.0391,-0.0645,-2.2969,-0.8438,7.2344,18.30,107.94,112.85,1
56.188,0.0156,0.0098,0.1523,-0.3437,10.3477,18.30,107.67,112.55,1
56.207,0.0391,-0.0996,-0.7266,-0.8828,7.8164,18.30,107.74,110.08,1
56.225,0.0547,-0.0742,-0.8828,-0.3437,7.9727,18.30,105.61,111.20,1
56.239,0.0547,0.0254,0.8828,-1.5703,10.6094,18.30,105.65,110.08,1
56.256,0.0332,0.0723,2.0703,-0.3437,12.2187,18.30,107.28,110.45,1
56.274,0.0527,-0.0215,0.3437,-1.0352,8.2773,18.30,106.27,111.66,1
56.290,0.0410,0.0000,0.9570,-0.1133,10.4141,18.30,106.09,110.82,1
56.307,0.0547,-0.0234,-0.7266,-0.9570,7.6992,18.30,105.81,111.62,1
56.325,0.0645,-0.0273,-0.5742,0.2305,9.3047,18.61,109.16,112.31,1
56.341,0.0547,0.0098,-0.0781,-1.0742,7.6953,18.61,108.65,112.16,1
56.358,0.0508,-0.0078,0.5742,0.1914,10.4531,18.61,108.51,112.78,1
56.377,0.0586,-0.0449,0.4219,0.4219,9.5820,18.61,108.53,115.29,1
56.396,0.0586,0.0098,0.2305,-0.5742,9.8477,18.61,109.77,112.31,1
56.409,0.0352,0.0078,0.1133,-0.1523,9.8477,18.61,109.02,113.39,1
56.428,0.0645,0.0410,0.1133,-0.3437,9.5820,18.61,106.20,114.61,1
56.444,0.0664,-0.0156,0.7266,-0.9180,10.1094,18.61,107.35,114.42,1
56.460,0.0371,-0.0352,0.3047,0.0781,9.4609,18.61,108.54,114.38,1
56.477,0.0508,-0.0762,-0.9961,-1.3398,7.2734,18.61,107.83,114.76,1
56.494,0.0430,0.0059,1.0352,-0.0781,10.2656,18.61,107.68,114.85,1
56.511,0.0195,0.0586,0.1914,-1.3398,9.3437,18.61,107.67,113.65,1
56.528,0.0332,0.0156,-0.0391,0.0781,9.6914,18.67,107.64,114.51,1
56.545,0.0410,-0.0391,0.3828,-0.8828,8.3125,18.67,109.35,114.71,1
56.562,0.0293,-0.0098,0.8047,-0.1523,10.6523,18.67,108.03,114.16,1
56.580,0.0273,-0.0312,0.7266,0.3047,10.3086,18.67,108.47,114.08,1
56.598,0.0195,-0.0039,0.0391,-0.4609,8.8867,18.67,109.46,114.32,1
56.615,0.0078,-0.0625,-0.1914,0.0000,9.7695,18.67,108.64,114.08,1
56.630,-0.0020,0.0664,0.4961,-0.6523,10.5312,18.67,108.64,114.31,1
56.647,0.0176,0.0176,0.1133,-0.9570,9.2305,18.67,106.79,113.58,1
56.664,0.0137,0.0449,-0.3047,0.0000,9.6133,18.67,107.24,111.74,1
56.681,-0.0176,0.0059,-1.2266,-1.0352,8.0820,18.67,106.29,113.42,1
56.699,-0.0156,0.0742,0.9180,-0.0781,11.0742,18.67,106.38,112.01,1
56.715,-0.0117,0.0488,-0.6523,-1.1094,9.3086,18.67,108.37,111.96,1
56.737,-0.0078,0.0469,-0.7266,-1.0742,8.7734,18.80,106.62,111.46,1
56.750,-0.0410,0.0020,-0.4219,-0.6133,9.3086,18.80,108.44,112.22,1
56.767,-0.0273,0.0566,-0.3047,-0.7266,8.9609,18.80,108.34,112.38,1
56.784,-0.0254,-0.0039,0.0000,-0.5742,9.8086,18.80,108.89,112.25,1
56.800,-0.0586,0.0723,-0.6914,-0.5742,8.1211,18.80,108.96,112.49,1
56.817,-0.0586,0.0020,-1.1094,-1.3398,7.5508,18.80,108.71,113.60,1
56.834,-0.0430,0.0703,1.3008,-1.0352,11.1523,18.80,106.76,112.52,1
56.851,-0.0527,-0.0332,-0.6523,-1.4570,8.0820,18.80,106.83,112.45,1
56.869,-0.0527,-0.0273,-1.4180,-0.2695,7.8906,18.80,106.61,111.89,1
56.885,-0.0410,-0.0859,-0.5742,-1.0742,8.5430,18.80,106.88,113.75,1
56.902,-0.0391,-0.0410,-0.3437,-0.1914,9.3437,18.80,106.45,111.12,1
56.922,-0.0605,0.0605,-0.9570,-0.4961,8.4648,18.80,105.73,113.44,1
56.938,-0.0801,0.0586,-0.2695,-0.0781,9.8477,18.80,107.16,113.39,1
56.955,-0.0391,0.0508,0.9961,-0.7656,10.6875,18.80,107.30,112.25,1
56.970,-0.0664,-0.0898,0.0781,-0.9180,11.3750,18.80,106.69,112.74,1
56.987,-0.0996,0.0195,-0.7266,0.5352,9.2305,18.80,104.33,112.10,1
57.004,-0.0508,0.3418,-0.6523,-0.9180,16.7773,18.80,103.90,107.69,1
57.021,-0.0566,0.1094,-3.4062,-1.1875,2.2617,18.80,103.80,108.60,1
57.038,-0.0352,-0.1113,-2.5273,-1.4570,5.1367,18.80,102.54,111.27,1
57.055,-0.0625,-0.1973,-0.4961,0.4609,10.1914,18.80,103.03,106.72,1
57.077,-0.0781,0.0039,-0.8828,0.5742,8.7344,18.80,102.82,110.22,1
57.089,-0.0879,0.1504,-0.8828,0.5742,8.7344,18.80,104.71,108.06,1
57.109,-0.0781,-0.0078,0.5742,-0.9961,10.4180,18.80,105.82,107.85,1
57.128,-0.1016,0.0195,-0.8438,-2.7578,8.4609,18.71,104.84,110.67,1
57.140,-0.0488,-0.0898,-0.2695,-0.3828,9.0430,18.71,105.00,107.50,1
57.158,-0.0312,-0.0488,-0.9570,-0.6523,9.5039,18.71,103.19,110.79,1
57.176,-0.0664,0.0059,0.0391,-0.8047,10.3828,18.71,103.34,111.00,1
57.191,-0.0664,-0.0391,0.5352,-0.6133,10.1094,18.71,103.76,108.98,1
57.208,-0.0586,-0.0605,-2.0312,-2.4883,7.1680,18.71,103.33,111.38,1
57.225,-0.0781,-0.0840,-0.7266,-1.3008,8.6562,18.71,105.01,108.93,1
57.242,-0.0664,0.0625,-0.1523,-2.7187,11.7617,18.71,105.16,109.81,1
57.259,-0.0273,0.0215,-1.1094,-0.3047,8.5039,18.71,104.65,109.04,1
57.276,-0.0547,-0.0859,-1.9531,-1.0742,6.0469,18.71,104.79,110.10,1
57.298,-0.0723,-0.1113,-0.1133,-0.9570,11.6836,18.71,102.15,108.42,1
57.311,-0.0391,-0.0137,-0.4961,-0.6523,12.6445,18.71,100.65,105.76,1
57.328,-0.0527,0.0332,-3.5234,-1.6094,8.2344,18.26,98.93,104.46,1
57.344,-0.0273,0.0449,-2.1836,-0.6523,10.7266,18.26,97.52,102.85,1
57.361,-0.0273,0.0293,-2.3750,-1.0352,8.9258,18.26,97.88,101.53,1
57.378,-0.0312,-0.0410,-4.9414,-1.0742,7.2344,18.26,95.50,102.64,1
57.395,-0.0723,0.1172,-2.6797,-0.4609,10.2305,18.26,93.44,99.86,1
57.416,-0.0293,0.0527,-4.4453,-1.4180,6.6250,18.26,92.98,99.77,1
57.429,-0.0605,0.0332,-3.1406,-0.2305,8.5781,18.26,91.79,96.96,1
57.447,-0.0469,0.0352,-2.3750,-1.2266,10.6523,18.26,92.49,96.93,1
57.467,-0.0254,0.0391,-3.4492,-0.7266,6.5469,18.26,93.93,95.27,1
57.481,-0.0391,0.0176,-1.7617,-0.9961,7.6289,18.26,92.00,98.36,1
57.498,-0.0234,-0.0859,-2.7969,-0.6133,6.5117,18.26,92.02,97.51,1
57.516,-0.0566,-0.0996,-0.0781,-1.7227,10.4922,18.26,94.23,99.30,1
57.531,-0.0156,-0.1855,0.4961,-0.4961,11.8750,17.74,93.69,99.51,1
57.548,-0.0312,-0.0996,-0.2695,-0.6914,9.8086,17.74,92.06,101.26,1
57.565,-0.0469,-0.0625,0.3437,-0.7266,12.5273,17.74,91.73,99.92,1
57.582,-0.0059,-0.0059,-0.9961,-1.2266,9.5820,17.74,91.39,98.78,1
57.599,-0.0254,0.0469,-0.1133,-0.8047,10.9180,17.74,92.81,97.90,1
57.616,-0.0020,-0.0664,-2.1445,-0.9180,6.6250,17.74,92.31,97.08,1
57.638,-0.0020,-0.0078,-1.8789,-0.6914,8.8164,17.74,90.24,95.52,1
57.650,0.0000,-0.0586,-1.8789,-0.6914,8.8164,17.74,89.81,94.80,1
57.668,-0.0078,0.0078,-1.3789,-0.4609,8.3945,17.74,91.54,96.24,1
57.688,-0.0234,0.0312,-0.0391,-0.1914,10.4961,17.74,90.41,95.28,1
57.701,0.0039,0.0508,-1.9531,-0.4219,7.9727,17.74,90.32,94.14,1
57.718,-0.0176,0.0898,-0.5352,-0.8438,9.7656,17.74,88.03,91.88,1
57.736,0.0000,0.0352,-0.9570,-0.8828,8.4648,16.76,88.98,91.56,1
57.755,-0.0039,0.0879,0.7656,-0.8047,11.3359,16.76,87.54,92.26,1
57.769,0.0020,-0.0293,-2.0703,-0.8828,7.5898,16.76,87.35,92.13,1
57.786,-0.0078,0.0098,-0.7656,-0.4609,9.3437,16.76,86.05,89.72,1
57.809,-0.0059,0.0293,0.1914,-0.3828,11.0703,16.76,85.04,89.43,1
57.820,0.0098,0.0762,0.1914,-0.3828,11.0703,16.76,85.91,88.72,1
57.840,0.0000,0.0547,-0.8438,-0.7266,10.0312,16.76,84.57,89.94,1
57.858,0.0078,0.0840,-2.1055,-0.6523,7.2344,16.76,84.27,90.12,1
57.871,0.0098,-0.0020,0.1133,-0.6523,11.7578,16.76,85.23,88.66,1
57.888,0.0059,0.0547,-2.2969,-0.3828,7.0898,16.76,85.46,88.21,1
57.906,0.0059,-0.0098,-0.8438,0.0000,9.0039,16.76,83.71,90.56,1
57.922,0.0195,-0.0078,-1.6484,0.0000,7.7383,15.43,83.35,90.41,1
57.939,0.0059,0.0059,0.9570,-0.7266,11.9531,15.43,84.21,88.75,1
57.956,0.0117,0.0371,-1.0742,-0.4961,9.5781,15.43,82.63,87.92,1
57.975,0.0039,0.0449,-0.3047,-0.6133,10.6875,15.43,82.86,89.21,1
57.990,0.0156,0.0703,-0.9570,0.1914,8.3555,15.43,83.89,88.16,1
58.007,0.0215,0.0430,-1.4180,-0.6914,8.7344,15.43,83.63,88.06,1
58.028,0.0117,-0.0273,-0.6523,-0.6523,9.8867,15.43,82.69,87.12,1
58.041,0.0059,-0.0723,-0.1523,-0.6914,9.5391,15.43,83.84,88.35,1
58.058,0.0000,-0.1230,-0.5352,-1.0352,10.0312,15.43,82.39,87.24,1
58.076,-0.0039,0.0117,-1.7227,-0.3437,8.6602,15.43,81.56,86.74,1
58.095,-0.0020,0.0332,-0.4961,-0.6523,10.2305,15.43,81.21,85.37,1
58.109,0.0059,0.0059,-1.2266,-0.7266,8.3945,15.43,83.08,86.36,1
58.126,-0.0059,-0.0508,-1.8398,-1.2656,8.2344,14.96,80.60,84.55,1
58.144,-0.0020,0.0059,-0.6523,-0.4609,9.7656,14.96,80.04,84.63,1
58.160,0.0156,-0.0078,-1.4570,-1.5703,8.4219,14.96,81.78,85.36,1
58.177,0.0176,0.0117,-0.9570,-0.8438,9.8477,14.96,81.74,85.73,1
58.198,0.0234,-0.0547,1.3398,-0.2695,12.9453,14.96,79.91,83.63,1
58.211,0.0117,0.0176,1.3398,-0.2695,12.9453,14.96,80.73,83.49,1
58.228,0.0098,0.0039,-0.6523,0.2305,10.2266,14.96,80.15,84.73,1
58.247,0.0176,0.0195,-1.6094,0.5352,7.4336,14.96,79.76,82.78,1
58.264,-0.0039,0.0156,-0.7656,-0.2695,9.4258,14.96,80.10,82.85,1
58.280,0.0020,0.0098,-1.0742,-0.3828,9.1992,14.96,79.42,84.42,1
58.296,-0.0078,0.0059,-1.1484,-0.8438,9.2266,14.96,77.88,83.08,1
58.314,-0.0098,0.0527,-1.4180,-0.3437,8.9648,14.96,79.45,81.97,1
58.330,-0.0215,-0.0918,-2.6055,-1.2266,5.8203,14.43,78.77,81.70,1
58.347,-0.0273,-0.0215,0.6523,-0.3047,11.1133,14.43,77.10,83.72,1
58.365,-0.0098,-0.0352,-0.6523,-1.0742,9.4258,14.43,78.65,80.97,1
58.381,-0.0410,0.0312,0.1133,0.1523,10.7656,14.43,77.95,81.17,1
58.400,-0.0469,-0.0430,0.2695,-0.7266,11.1484,14.43,76.50,82.49,1
58.417,-0.0273,-0.0020,-0.8047,-1.0742,9.5430,14.43,77.51,81.48,1
58.435,-0.0176,-0.0254,-0.7656,-0.5352,8.9258,14.43,77.45,80.57,1
58.449,-0.0527,0.0039,-1.5313,-0.9180,8.9609,14.43,76.35,82.10,1
58.466,-0.0391,-0.0371,-1.7617,-2.1055,7.5469,14.43,77.40,81.48,1
58.484,-0.0273,0.0410,0.3828,-0.8047,11.2617,14.43,75.32,80.55,1
58.500,-0.0352,0.0137,-1.3398,-0.3047,8.8828,14.43,75.14,80.85,1
58.517,-0.0547,0.0059,-0.7656,-0.1914,9.8867,13.80,76.62,80.69,1
58.534,-0.0312,-0.1211,-1.1484,-0.8438,7.9687,13.80,74.98,79.34,1
58.551,-0.0293,0.0762,0.7266,-0.9570,12.1016,13.80,73.90,78.71,1
58.571,-0.0273,0.0879,-1.5313,-0.4961,8.7344,13.80,75.57,79.42,1
58.587,-0.0430,0.1348,-1.6836,-0.4961,8.7734,13.80,73.93,77.32,1
58.602,-0.0410,-0.0195,-0.5352,-1.2656,8.2734,13.80,75.73,78.72,1
58.619,-0.0371,-0.0898,0.4219,-0.1914,10.0742,13.80,75.55,79.00,1
58.636,-0.0527,-0.0430,-1.2266,-0.8828,8.1953,13.80,74.05,77.85,1
58.654,-0.0488,0.0312,0.2695,-0.7656,10.7969,13.80,75.35,78.75,1
58.670,-0.0293,-0.0254,0.6133,-0.9570,10.5742,13.80,75.21,78.80,1
58.687,-0.0410,-0.0566,-1.6484,-0.7656,7.6992,13.80,74.09,77.23,1
58.705,-0.0488,-0.0645,-0.8047,-0.5742,8.8477,13.80,75.22,78.60,1
58.721,-0.0137,-0.0430,-0.9570,-1.5703,8.3945,13.28,73.72,78.49,1
58.738,-0.0273,-0.0254,0.6914,-0.7656,11.2187,13.28,73.54,77.04,1
58.758,-0.0508,0.0039,-0.3047,-0.9961,10.4180,13.28,74.08,78.00,1
58.776,-0.0449,0.0586,-0.4219,-0.8438,9.6133,13.28,72.77,77.88,1
58.789,-0.0273,0.0078,-1.1094,-0.9180,9.8437,13.28,73.13,76.00,1
58.808,-0.0312,0.0371,-2.5664,-0.6914,8.0391,13.28,71.65,76.80,1
58.825,-0.0312,-0.0215,-1.0352,-0.8047,7.6953,13.28,71.95,76.61,1
58.840,-0.0039,-0.0488,0.0781,-0.5352,10.2305,13.28,72.80,75.68,1
58.857,-0.0371,-0.0273,-0.6133,-0.8438,9.0039,13.28,71.56,77.13,1
58.876,-0.0449,0.0039,-0.1523,-0.5742,10.0000,13.28,72.58,74.77,1
58.891,-0.0039,-0.0664,-0.4609,-0.7656,9.6523,13.28,71.93,75.31,1
58.908,-0.0352,-0.0391,-0.1523,-0.4219,9.5000,13.28,71.13,76.25,1
58.925,-0.0488,0.0449,0.4219,-0.6133,10.3437,13.15,71.80,75.09,1
58.947,-0.0312,0.0137,-0.1523,-0.1523,9.2656,13.15,70.71,74.85,1
58.961,-0.0391,0.0410,-1.0352,-1.1484,8.9609,13.15,71.84,76.14,1
58.978,-0.0527,0.0293,-1.1484,-1.4180,8.3164,13.15,71.49,74.81,1
58.996,-0.0234,-0.0137,0.2695,-0.3437,10.6484,13.15,70.09,75.42,1
59.010,-0.0449,-0.0137,-1.9922,-0.8438,7.6602,13.15,71.40,75.32,1
59.027,-0.0586,0.0137,-0.1133,-0.1914,10.4180,13.15,69.89,74.03,1
59.044,-0.0195,0.0527,0.0391,-1.6094,10.0352,13.15,71.37,74.89,1
59.061,-0.0410,-0.0527,-0.7266,-0.9570,9.0039,13.15,70.59,74.45,1
59.078,-0.0605,0.0039,-0.8438,-0.0391,9.8047,13.15,68.75,73.13,1
59.095,-0.0391,-0.0547,-1.0742,-1.3398,9.2266,13.15,70.45,73.89,1
59.112,-0.0293,0.0273,-0.1523,-0.2305,10.4570,13.15,68.86,72.52,1
59.131,-0.0371,0.0742,-2.0703,-1.1484,6.6641,12.74,70.56,73.66,1
59.148,-0.0254,-0.0039,0.8828,0.0000,11.9531,12.74,69.09,73.72,1
59.164,0.0000,-0.0078,-1.5313,-1.1094,8.0078,12.74,69.05,72.25,1
59.180,-0.0488,-0.0098,0.6914,-1.1094,11.2187,12.74,70.03,72.91,1
59.197,-0.0137,-0.0332,-0.4219,-0.5742,9.1211,12.74,68.89,71.47,1
59.214,-0.0059,-0.0664,-1.6094,-0.8438,7.1641,12.74,69.86,71.71,1
59.231,-0.0371,0.0156,0.0781,-0.2695,10.1484,12.74,69.26,72.89,1
59.248,-0.0059,-0.0527,-1.6484,-1.0352,7.3125,12.74,68.79,71.34,1
59.265,-0.0195,-0.0059,0.0000,-0.5742,10.1875,12.74,69.74,72.75,1
59.282,-0.0352,-0.0254,-0.6523,-1.1094,9.1172,12.74,68.16,72.48,1
59.299,-0.0234,-0.0156,-0.0781,-0.5742,9.6523,12.74,69.48,71.07,1
59.317,-0.0352,0.0762,-1.3008,-1.1484,8.0078,12.74,67.93,72.53,1
59.336,-0.0371,-0.0039,-0.3047,-0.3047,9.2656,12.35,68.87,70.99,1
59.350,-0.0391,0.0059,-0.9961,-0.8438,8.3516,12.35,69.05,72.23,1
59.368,-0.0410,-0.0293,-2.1445,-0.7656,6.5469,12.35,67.25,71.13,1
59.384,-0.0352,0.0020,1.2266,-0.8438,12.2187,12.35,68.43,70.92,1
59.401,-0.0527,-0.0195,-1.2266,-1.0352,8.8867,12.35,66.60,72.37,1
59.418,-0.0586,-0.0156,0.0391,-0.4219,10.3437,12.35,68.03,70.04,1
59.435,-0.0488,-0.0430,-1.3789,-1.1875,8.5039,12.35,67.03,72.09,1
59.452,-0.0508,-0.0508,-0.8047,-0.4961,8.5391,12.35,66.93,71.75,1
59.469,-0.0547,-0.0840,-0.2305,-0.6914,9.8477,12.35,67.39,70.68,1
59.489,-0.0469,-0.0645,-0.2695,-0.1133,9.7656,12.35,66.62,71.48,1
59.508,-0.0586,0.0000,-0.8047,-0.8438,9.3828,12.35,66.96,69.93,1
59.520,-0.0605,-0.0215,0.3437,-0.7656,9.5391,12.00,66.29,69.76,1
59.538,-0.0547,-0.0488,-0.4961,-1.2266,9.3047,12.00,66.71,69.76,1
59.556,-0.0723,0.0371,-0.3437,-0.6523,9.9648,12.00,65.41,69.82,1
59.571,-0.0332,-0.0820,-0.6523,-0.7266,9.3477,12.00,65.13,69.97,1
59.588,-0.0645,-0.0312,-1.4570,-0.8047,8.7344,12.00,66.61,69.31,1
59.605,-0.0625,-0.0312,-0.0391,-1.1094,9.2695,12.00,65.19,69.97,1
59.622,-0.0273,-0.1328,-0.4609,-1.1484,9.3828,12.00,66.55,69.94,1
59.639,-0.0566,-0.0645,-0.9570,-0.4961,9.1211,12.00,64.38,68.62,1
59.656,-0.0723,-0.0547,-0.1914,-1.3398,9.7695,12.00,66.41,69.61,1
59.678,-0.0625,-0.0586,-0.3828,-1.2656,9.7695,12.00,64.75,68.33,1
59.692,-0.0332,0.0117,-0.9961,-1.3008,7.9687,12.00,65.89,69.30,1
59.707,-0.0469,-0.0312,-0.4609,-0.4609,10.4922,12.00,64.49,67.61,1
59.725,-0.0625,-0.0059,-1.0352,-1.0352,8.6602,11.95,65.45,67.71,1
59.741,-0.0195,-0.1035,-0.0781,-0.8828,10.4922,11.95,65.07,68.29,1
59.758,-0.0488,-0.0371,-1.3789,-1.1094,8.6562,11.95,64.50,66.80,1
59.775,-0.0586,-0.0684,-0.8047,-1.0742,8.5820,11.95,65.35,68.26,1
59.792,-0.0137,-0.0254,0.3437,-0.7266,10.5312,11.95,64.00,67.17,1
59.809,-0.0430,-0.0195,0.1133,-0.8438,9.5820,11.95,64.78,68.05,1
59.826,-0.0605,0.0254,0.0781,-0.9961,10.2656,11.95,63.82,68.09,1
59.848,-0.0469,-0.0488,0.0781,-0.9180,10.3047,11.95,64.60,66.47,1
59.862,-0.0215,-0.0488,-0.8047,-0.5352,8.6992,11.95,63.60,67.54,1
59.878,-0.0312,-0.1172,0.7266,-1.2266,11.1484,11.95,64.71,66.63,1
59.898,-0.0312,-0.0918,-0.9961,-0.7266,8.0820,11.95,63.17,67.31,1
59.911,-0.0234,-0.0078,-0.6133,-0.6133,9.0430,11.95,62.94,66.40,1
59.928,-0.0371,-0.0371,0.0000,-1.0742,10.4180,11.20,63.39,67.09,1
59.945,-0.0430,-0.0566,-0.3828,-0.8438,9.0430,11.20,62.78,67.10,1
59.962,0.0000,-0.0254,-0.1133,-0.6914,9.6875,11.20,63.53,65.45,1
59.979,-0.0195,-0.0410,-1.5313,-1.3398,7.4336,11.20,62.34,67.23,1
59.996,-0.0469,-0.0449,0.3047,-0.6133,10.0352,11.20,63.42,66.05,1
60.018,-0.0312,-0.0605,0.0000,-1.3398,9.9648,11.20,62.28,67.12,1
60.030,-0.0176,-0.0547,0.0000,-1.3398,9.9648,11.20,62.99,65.41,1
60.048,-0.0332,-0.0371,-0.7266,-1.1094,8.4258,11.20,62.18,67.00,1
60.068,0.0000,-0.0996,-0.7656,-0.8828,8.8164,11.20,62.77,65.50,1
60.081,-0.0195,-0.0527,-0.3828,-0.4219,9.3086,11.20,61.91,65.72,1
60.099,-0.0352,-0.0625,-0.2695,-0.8438,10.1094,11.20,62.20,66.25,1
60.116,-0.0156,-0.0547,-0.4219,-1.1484,9.5039,11.20,61.35,65.14,1
60.134,0.0176,-0.0703,-0.5742,-1.1094,9.5430,10.87,62.03,65.88,1
60.149,-0.0195,0.0176,-0.2695,-1.1484,9.4609,10.87,60.90,65.07,1
60.166,-0.0195,-0.0430,-0.3047,-0.4609,9.3086,10.87,62.07,65.63,1
60.184,0.0117,-0.1074,-0.2695,-0.8047,10.0352,10.87,60.78,65.07,1
60.200,-0.0020,-0.0645,-0.0781,-1.0352,9.6484,10.87,61.88,65.30,1
60.219,0.0078,-0.0703,-0.0391,-0.9180,9.7656,10.87,61.67,64.60,1
60.238,0.0215,-0.0566,-1.2656,-0.6914,8.3516,10.87,61.67,65.14,1
60.252,0.0117,-0.0684,0.3437,-0.3437,10.3047,10.87,60.16,64.04,1
60.268,0.0078,-0.0078,0.1914,-0.4961,10.0703,10.87,59.44,63.60,1
60.285,0.0098,0.0312,1.1875,-0.5352,11.2187,10.87,59.44,64.26,1
60.302,0.0059,-0.0820,-0.3437,-0.4961,8.7773,10.87,59.36,63.03,1
60.319,-0.0020,-0.0371,0.1914,-0.4609,9.7695,10.74,60.18,63.59,1
60.336,0.0117,-0.0332,-1.2266,-1.0742,7.7773,10.74,59.29,62.65,1
60.355,0.0176,0.0059,-0.1133,-0.1523,9.6914,10.74,59.94,63.54,1
60.370,0.0020,-0.0742,-0.8828,-1.0742,9.0391,10.74,59.08,61.80,1
60.387,0.0059,-0.0547,-0.2305,-0.0781,9.0781,10.74,59.67,62.81,1
60.407,-0.0078,0.0156,0.0000,-0.6914,8.8437,10.74,58.64,61.60,1
60.422,0.0273,-0.0820,0.1133,-0.4219,9.2695,10.74,59.82,62.56,1
60.438,0.0000,-0.0605,-0.8047,-0.6523,8.7344,10.74,59.82,61.55,1
60.456,0.0000,-0.0156,0.9180,-0.8438,10.8008,10.74,58.25,62.41,1
60.474,0.0098,-0.0176,-0.7266,-0.4219,9.0781,10.74,57.91,61.21,1
60.490,-0.0098,-0.0098,-0.0781,-0.6523,10.0039,10.74,58.59,62.00,1
60.506,0.0273,-0.0859,-0.6133,-0.9180,8.7383,10.74,57.66,61.45,1
60.525,0.0176,-0.0781,0.8047,-0.4961,10.7969,10.02,58.43,60.45,1
60.540,0.0039,-0.0352,-0.2305,-0.4219,9.8047,10.02,57.29,61.17,1
60.557,-0.0098,-0.0273,0.0391,-0.7266,9.4219,10.02,58.54,60.15,1
60.579,-0.0020,-0.0293,1.0352,-1.2656,10.4961,10.02,57.69,61.71,1
60.596,0.0273,-0.0586,0.0391,-1.1094,8.5000,10.02,58.87,60.58,1
60.608,0.0000,-0.0293,0.6914,-0.6133,10.0352,10.02,58.87,62.15,1
60.628,0.0117,-0.0684,0.9961,-0.9570,10.3047,10.02,58.11,61.38,1
60.642,-0.0020,-0.0137,0.5742,-0.5742,8.6211,10.02,58.02,63.06,1
60.659,0.0195,-0.0137,0.9961,-0.6523,10.9922,10.02,58.70,62.67,1
60.676,0.0234,0.0859,1.0742,-1.4570,11.0352,10.02,58.70,62.83,1
60.695,0.0039,0.0410,0.1914,-0.3828,10.6133,10.02,58.11,61.05,1
60.710,0.0039,0.0410,-0.1523,-0.1523,10.3477,10.02,57.30,61.94,1
60.727,0.0117,0.0312,-1.8398,0.1133,7.8555,10.02,57.94,60.05,1
60.745,-0.0195,0.0449,-0.8828,-0.1523,8.2383,10.02,57.94,61.13,1
60.761,0.0156,-0.0195,-0.2305,-0.8438,9.5781,10.02,57.15,60.36,1
60.780,0.0352,-0.0352,-0.4961,-0.6914,9.0391,10.02,57.53,60.49,1
60.797,-0.0078,-0.0391,-0.9180,-0.7656,8.3906,10.02,56.75,60.40,1
60.814,-0.0430,-0.0586,-1.2266,-0.1914,8.0117,10.02,57.28,60.43,1
60.829,0.0078,0.0918,-0.5742,-0.7266,8.2734,10.02,56.51,59.62,1
60.846,-0.0059,0.0215,-0.0391,-0.5742,9.4258,10.02,57.43,60.12,1
60.865,-0.0566,0.0703,0.7656,-0.6133,10.7266,10.02,56.50,59.26,1
60.880,0.0156,-0.1445,-1.5703,-0.4219,7.6602,10.02,57.01,60.33,1
60.897,-0.0176,-0.0820,-0.4961,-0.9180,8.3945,10.02,56.47,59.74,1
60.914,-0.0625,0.0039,-0.3828,-0.0391,7.8555,10.02,58.15,119.20,1
60.931,-0.0195,-0.0664,1.1484,-0.9180,8.8828,10.09,57.10,120.47,1
60.951,-0.0312,-0.0254,2.1445,-1.1875,11.0352,10.09,57.73,62.24,1
60.967,-0.0352,-0.0625,-0.4219,-0.7266,8.2344,10.09,56.07,60.64,1
60.982,-0.0312,0.0312,-0.3047,-0.6914,8.5039,10.09,58.34,60.68,1
60.999,-0.0312,0.0488,-0.8828,0.3437,8.0078,10.09,56.92,60.22,1
61.016,-0.0645,0.0449,0.4961,-1.1094,7.8516,10.09,59.22,59.81,1
61.034,-0.0469,-0.0312,1.1094,-0.3047,10.1094,10.09,57.58,62.61,1
61.050,-0.0625,-0.0859,1.6836,-1.2656,11.9883,10.09,58.04,60.60,1
61.068,-0.0566,0.0059,-0.4961,-0.8047,9.8437,10.09,57.28,61.07,1
61.085,-0.0508,-0.0020,-1.1094,-0.7656,8.4648,10.09,57.84,60.15,1
61.101,-0.0664,0.0117,-1.1094,-0.3047,7.6562,10.09,57.26,60.06,1
61.118,-0.0703,-0.0547,-0.0391,-0.8828,9.5039,10.09,58.25,59.47,1
61.139,-0.0605,-0.0332,0.1914,-0.8438,10.7266,10.04,56.60,60.64,1
61.155,-0.0605,0.0020,-1.1875,-2.0312,8.7344,10.04,57.36,59.21,1
61.169,-0.0703,0.0449,-0.4609,-1.5313,8.6992,10.04,56.50,59.97,1
61.187,-0.0488,0.0332,-0.1523,-0.9961,9.2305,10.04,57.28,59.97,1
61.205,-0.0605,0.0449,1.0352,-1.4180,10.6484,10.04,57.24,59.94,1
61.220,-0.0957,-0.0742,-0.4219,-0.2695,8.2734,10.04,57.72,60.35,1
61.237,-0.0703,-0.0449,0.9180,-1.5703,10.5742,10.04,56.56,60.89,1
61.255,-0.0293,-0.0137,-0.2695,-1.9531,9.2695,10.04,58.01,60.07,1
61.271,-0.0801,0.0156,0.4219,-1.7227,9.6875,10.04,56.97,61.24,1
61.288,-0.0488,-0.0566,0.2305,-1.2656,9.1211,10.04,58.02,60.01,1
61.305,-0.0059,-0.0840,1.1875,-2.5273,10.0352,10.04,57.06,61.74,1
61.322,-0.0273,0.0293,0.3437,-0.8047,9.5000,10.35,57.57,60.83,1
61.341,-0.0293,0.1035,-1.1094,-1.8789,8.6992,10.35,57.57,61.52,1
61.358,-0.0078,0.0625,0.3047,-0.7266,10.6523,10.35,56.19,60.35,1
61.376,0.0234,0.0859,0.5742,-0.8047,10.1914,10.35,57.58,60.82,1
61.390,-0.0020,-0.0137,1.3008,-1.3789,11.2227,10.35,56.21,60.00,1
61.407,0.0078,-0.0156,-0.5352,-0.6133,8.1602,10.35,57.12,61.35,1
61.425,0.0332,0.0547,0.4961,-1.8398,11.1484,10.35,56.05,59.85,1
61.441,0.0391,-0.0156,-1.8398,-0.3437,7.2734,10.35,57.05,61.15,1
61.458,0.0254,-0.0957,-1.0352,-1.0742,6.8945,10.35,57.35,60.01,1
61.475,0.0410,-0.0762,-1.0352,-0.6523,7.4727,10.35,57.67,61.64,1
61.492,0.0430,-0.0645,-0.4961,-0.9570,7.1289,10.35,57.52,61.43,1
61.512,0.0645,-0.0547,2.0312,-0.8828,12.8672,10.35,57.70,62.06,1
61.527,0.0957,-0.0469,-0.1914,-1.0742,8.5430,10.22,56.17,61.79,1
61.545,0.0684,-0.0684,-1.3008,-0.6133,6.7812,10.22,57.36,61.66,1
61.560,0.0723,-0.0312,0.4961,-0.6914,10.3437,10.22,56.47,59.96,1
61.577,0.0645,0.0039,-0.5742,-0.7266,7.9687,10.22,57.48,60.40,1
61.594,0.0879,-0.1074,-0.6133,-0.8047,8.3906,10.22,56.30,61.49,1
61.611,0.0703,0.0176,1.9141,-1.6836,12.2187,10.22,57.20,60.62,1
61.628,0.1055,-0.0527,-0.5352,-0.7656,8.3906,10.22,55.88,61.44,1
61.645,0.0996,0.0586,0.5742,-1.2266,10.4570,10.22,56.69,59.86,1
61.662,0.1055,-0.0859,-1.1484,-0.2695,7.9687,10.22,55.39,60.58,1
61.681,0.0859,0.0098,0.3437,0.3437,9.9648,10.22,56.38,59.44,1
61.697,0.0801,0.0215,1.3008,-0.6914,11.2187,10.22,55.14,60.46,1
61.715,0.1172,0.0605,0.9961,0.0781,10.3477,10.22,56.02,59.09,1
61.730,0.0918,0.1406,0.8828,-0.4219,10.0352,10.26,54.69,60.64,1
61.748,0.0859,0.0801,0.3828,-0.1133,8.7773,10.26,54.69,58.57,1
61.764,0.0762,0.1328,0.8438,-0.2695,9.4648,10.26,55.79,59.56,1
61.781,0.0937,0.2285,0.5742,0.3047,9.1953,10.26,54.89,58.60,1
61.798,0.0605,0.3926,2.9492,-0.3047,12.2227,10.26,54.89,58.95,1
61.815,0.0508,0.3750,0.8828,0.2305,8.8828,10.26,53.79,57.55,1
61.838,0.0703,0.2930,-1.2656,-0.3437,6.5078,10.26,55.03,57.59,1
61.849,0.0625,0.2422,-1.2656,-0.3437,6.5078,10.26,54.05,57.13,1
61.869,0.0410,0.2930,0.1914,-0.6914,9.5039,10.26,54.79,57.17,1
61.888,0.0332,0.3613,0.8828,0.0781,10.7305,10.26,53.92,56.39,1
61.901,0.0801,0.2695,-0.5742,-0.2695,8.5391,10.26,54.43,56.39,1
61.918,0.0352,0.2910,-0.3437,-0.4609,9.4219,10.26,53.99,56.91,1
61.938,0.0293,0.2266,-0.3437,-0.4609,9.4219,9.85,54.64,56.16,1
61.951,0.0703,0.3672,0.3828,-1.9141,10.1133,9.85,54.17,56.89,1
61.968,0.0488,0.3926,0.1133,0.2695,10.0312,9.85,54.60,54.92,1
61.985,0.0098,0.4785,0.5742,-0.8828,11.1133,9.85,54.60,57.09,1
62.002,0.0879,0.2637,-1.9141,-0.6523,8.0117,9.85,54.42,54.88,1
62.019,0.0527,0.2559,-1.9531,-0.4961,7.7773,9.85,54.42,57.27,1
62.036,0.0312,0.2793,-1.2266,0.6914,9.0391,9.85,54.24,55.54,1
62.058,0.0059,0.3398,-0.3828,0.4961,10.5312,9.85,55.06,57.64,1
62.072,0.0508,0.2910,-0.6914,-0.4219,10.8750,9.85,53.97,55.49,1
62.088,0.0176,0.3730,-2.8711,-0.3828,7.6602,9.85,55.10,56.75,1
62.105,-0.0156,0.2988,-1.3398,0.0781,9.5820,9.85,54.09,55.73,1
62.121,0.0176,0.3789,-2.2617,-0.3437,8.3125,10.80,55.31,55.43,1
62.138,0.0215,0.3496,-1.0352,-0.1133,9.5820,10.80,54.56,56.47,1
62.156,0.0000,0.3164,-2.0312,-0.8438,7.5859,10.80,55.55,57.17,1
62.172,0.0098,0.1797,-2.1055,0.2695,8.1953,10.80,54.85,57.38,1
62.189,0.0117,0.1230,-2.8711,-1.0742,7.0469,10.80,55.92,57.15,1
62.207,-0.0176,0.1387,-1.7227,-0.0781,8.9648,10.80,55.20,57.03,1
62.228,-0.0488,0.2461,-0.6914,-0.2305,9.0820,10.80,56.52,57.47,1
62.242,-0.0254,0.2129,-3.2187,-0.2305,5.2852,10.80,55.63,56.73,1
62.258,-0.0312,0.1387,-2.2969,-0.2695,6.6289,10.80,55.63,58.24,1
62.275,-0.0176,0.0684,-3.1797,-0.8828,5.4023,10.80,56.87,58.17,1
62.291,-0.0469,0.1445,-2.8711,-0.2695,4.5977,10.80,58.16,59.79,1
62.308,-0.0312,0.0215,-2.2969,0.1914,4.8594,10.80,58.16,58.84,1
62.325,-0.0547,0.0391,-1.3398,-0.9180,6.3203,9.82,57.65,61.06,1
62.342,-0.0391,-0.0547,-2.3750,-0.5742,4.5586,9.82,58.29,60.20,1
62.359,-0.0586,-0.0059,-0.0391,-1.6484,9.4609,9.82,58.79,61.98,1
62.376,-0.0586,-0.0195,-1.6094,-0.5352,8.1172,9.82,58.79,60.97,1
62.397,-0.0488,-0.0430,-1.6836,-0.5742,9.3047,9.82,57.00,60.76,1
62.416,-0.0488,0.0645,-1.6094,-1.0742,9.0430,9.82,58.26,59.26,1
62.430,-0.0391,0.0059,-1.9922,-0.6523,7.3125,9.82,56.99,61.43,1
62.447,-0.0664,0.0020,-1.1094,-1.0352,9.3437,9.82,57.88,58.93,1
62.461,-0.0234,-0.0293,-3.1016,-1.2656,6.7461,9.82,57.23,61.57,1
62.478,-0.0449,-0.0371,-2.3750,-0.5352,7.6953,9.82,57.82,60.38,1
62.496,-0.0527,-0.0293,-1.2266,-1.1484,10.8398,9.82,57.05,59.64,1
62.514,-0.0605,0.0254,-0.9570,-1.1094,10.9570,9.82,57.30,59.70,1
62.529,-0.0195,-0.0391,-1.7227,-0.6523,9.9219,8.67,56.76,59.52,1
62.546,-0.0293,0.0059,-1.8789,-0.9961,10.3477,8.67,57.57,59.35,1
62.565,-0.0645,-0.0391,-3.2578,0.2695,7.4687,8.67,57.02,60.03,1
62.580,-0.0273,-0.0391,-2.5664,-0.8828,8.9648,8.67,57.84,59.30,1
62.599,-0.0469,0.0234,-3.0273,-1.4180,8.5781,8.67,56.72,60.69,1
62.618,-0.0352,-0.0332,-1.2266,-0.7656,12.0664,8.67,57.83,59.28,1
62.631,-0.0430,-0.0547,-2.1445,-1.0742,9.9219,8.67,56.51,61.13,1
62.648,-0.0273,-0.1582,-2.1445,-0.4609,10.9180,8.67,57.29,58.61,1
62.665,-0.0391,-0.0059,-1.9531,0.2695,10.6875,8.67,55.94,61.14,1
62.682,-0.0508,0.0176,-3.2578,-1.3008,7.9727,8.67,57.07,58.80,1
62.700,-0.0273,-0.0234,-2.2969,-0.4219,9.3828,8.67,55.90,59.75,1
62.716,-0.0176,-0.0410,-2.3359,-1.2656,9.1953,8.67,56.69,59.06,1
62.735,-0.0039,-0.1367,-2.0312,-1.2656,9.2305,8.35,55.71,59.88,1
62.750,-0.0293,0.0488,-1.1094,-1.2656,10.9141,8.35,56.35,58.44,1
62.767,-0.0059,-0.0039,-2.1836,-0.8828,9.3437,8.35,54.52,59.23,1
62.788,-0.0156,0.0586,-2.8359,-0.6133,8.1992,8.35,55.72,57.64,1
62.802,-0.0195,-0.0254,-1.5313,-0.6523,10.6133,8.35,53.93,57.20,1
62.818,-0.0371,0.0840,-2.2227,-0.6523,8.2773,8.35,53.93,57.98,1
62.836,0.0020,-0.0625,-3.3320,-0.9180,6.3594,8.35,54.49,56.76,1
62.854,0.0352,-0.0312,-3.2578,-1.2656,7.4727,8.35,54.22,57.06,1
62.870,0.0117,-0.0781,-2.5664,-1.2266,8.2773,8.35,53.91,57.80,1
62.887,0.0137,-0.0684,-1.4922,-1.1094,9.8477,8.35,53.71,56.27,1
62.905,0.0195,-0.0391,-0.9180,-0.0391,11.1484,8.35,53.59,57.00,1
62.920,0.0117,0.1367,-0.8047,-1.0742,10.8359,8.22,52.65,55.82,1
62.938,0.0098,0.0195,-3.5234,-0.1914,6.1250,8.22,53.37,56.61,1
62.957,0.0449,0.0332,-2.9883,-0.8828,7.4687,8.22,52.04,56.18,1
62.975,0.0645,-0.0039,-1.7617,-1.4922,8.4609,8.22,53.53,56.64,1
62.988,0.0195,-0.0859,-1.1875,-0.3047,9.6523,8.22,53.53,55.47,1
63.008,0.0332,-0.0859,-0.9570,-0.4609,10.4531,8.22,52.38,56.91,1
63.022,0.0723,0.0391,-3.5625,-0.1133,7.2383,8.22,52.72,55.56,1
63.039,0.0293,0.0527,-1.9922,-0.0391,9.5391,8.22,52.09,56.31,1
63.056,0.0293,0.0254,-0.9180,0.5352,10.4531,8.22,53.23,55.20,1
63.076,0.0410,0.0039,-0.5742,-1.2656,11.0742,8.22,51.77,56.07,1
63.090,0.0176,-0.0488,-2.1836,-0.2695,8.5781,8.22,52.83,55.36,1
63.107,0.0195,-0.0625,-2.9492,-0.5742,8.6172,8.22,51.19,55.90,1
63.125,0.0527,-0.0820,-2.2227,-0.6523,8.7383,7.91,52.50,55.90,1
63.141,0.0469,-0.0293,-1.7227,0.0781,10.0742,7.91,51.18,54.66,1
63.161,0.0215,-0.0195,-1.9141,-0.4961,10.0000,7.91,51.18,55.46,1
63.178,0.0117,-0.0215,-1.6484,0.3437,10.3437,7.91,52.26,53.73,1
63.195,0.0508,0.0059,-1.9531,-0.7656,9.8477,7.91,51.04,54.73,1
63.209,0.0020,0.0449,-1.8008,-0.7656,9.5820,7.91,51.71,53.18,1
63.226,0.0098,-0.0039,-2.6797,-0.5352,8.6602,7.91,51.07,53.81,1
63.245,0.0352,0.0312,-2.3750,-0.3437,8.8437,7.91,51.58,53.44,1
63.260,0.0078,-0.0801,-3.2578,0.1523,7.4336,7.91,50.83,53.80,1
63.277,-0.0117,-0.0566,-1.7227,-0.1523,9.6484,7.91,51.56,53.10,1
63.295,0.0137,-0.0566,-1.6094,-0.2305,9.8477,7.91,51.56,53.58,1
63.311,0.0059,0.0449,-1.4180,-1.1094,10.1523,7.91,50.44,52.79,1
63.328,-0.0234,0.0020,-3.4844,-0.2695,7.3555,7.87,50.96,52.79,1
63.347,0.0039,0.0371,-2.6445,0.5352,8.0391,7.87,50.33,53.20,1
63.362,0.0137,-0.0918,-0.9180,-1.1094,9.4258,7.87,50.98,52.39,1
63.379,-0.0156,-0.0645,-1.9141,-0.4609,8.5781,7.87,49.89,53.44,1
63.396,-0.0020,-0.0742,-1.7617,-0.6523,9.5039,7.87,50.20,52.52,1
63.415,0.0312,-0.0898,-3.1016,-1.0742,7.4727,7.87,50.20,53.08,1
63.430,-0.0059,0.0293,-1.8398,-0.0391,9.6914,7.87,49.22,51.95,1
63.447,-0.0352,0.0195,-1.6484,0.6133,9.7266,7.87,50.15,52.83,1
63.465,-0.0039,0.0176,-0.8047,-0.0781,10.4570,7.87,49.46,52.83,1
63.481,-0.0332,-0.0605,-2.6055,-0.1914,8.0781,7.87,49.87,51.40,1
63.498,-0.0488,-0.0508,-2.7187,-0.4219,8.6953,7.87,48.73,52.39,1
63.517,-0.0039,-0.0859,-0.9961,-0.3047,10.4570,7.87,48.73,51.66,1
63.536,0.0312,-0.0566,-1.4180,0.0000,9.8047,6.70,49.81,51.30,1
63.549,-0.0547,-0.0234,-1.7617,-0.4219,9.5781,6.70,48.09,51.36,1
63.568,-0.0391,-0.0059,-2.9102,-0.1914,7.5469,6.70,48.89,51.21,1
63.584,0.0195,-0.0469,-2.1055,-0.6523,9.0820,6.70,47.74,50.43,1
63.600,-0.0508,0.0293,-1.4180,-1.3789,10.0039,6.70,47.84,50.43,1
63.617,-0.0371,-0.0156,-2.4141,0.0391,8.7734,6.70,47.84,50.99,1
63.635,-0.0020,0.0332,-2.1445,-1.2656,9.4648,6.70,47.56,49.88,1
63.651,-0.0371,-0.0898,-2.6055,-0.1133,8.7383,6.70,47.86,50.23,1
63.668,-0.0566,-0.0488,-2.1445,-0.8828,9.0391,6.70,46.74,49.52,1
63.685,-0.0312,-0.0508,-1.9922,-0.6523,9.9258,6.70,46.89,49.90,1
63.702,-0.0117,0.0137,-1.3008,-0.8438,10.4961,6.70,46.89,48.88,1
63.719,-0.0449,-0.0059,-2.2969,-0.9961,9.2656,7.13,46.34,48.88,1
63.739,-0.0293,-0.0488,-2.1445,-0.2305,9.3477,7.13,46.30,49.71,1
63.756,-0.0039,-0.0273,-2.1445,-0.6523,9.8086,7.13,45.27,47.84,1
63.770,-0.0254,-0.0176,-1.8398,-0.8047,9.6875,7.13,45.27,48.80,1
63.787,-0.0312,0.0391,-1.7227,-0.8047,10.0703,7.13,45.85,47.47,1
63.806,-0.0156,-0.0176,-2.7969,-1.0742,8.2344,7.13,44.98,47.47,1
63.821,-0.0137,-0.0234,-2.1836,0.0391,8.9609,7.13,45.48,48.31,1
63.838,-0.0195,-0.0059,-1.2656,-1.1484,10.4922,7.13,45.48,46.83,1
63.856,-0.0059,-0.0391,-2.3750,-0.3828,9.1172,7.13,44.37,47.84,1
63.872,-0.0215,-0.0488,-1.9922,-0.9180,9.4258,7.13,45.05,46.80,1
63.892,0.0078,-0.0527,-1.3398,-0.4961,9.7656,7.13,43.83,47.15,1
63.907,0.0078,-0.0332,-2.1055,-1.0742,8.6992,7.13,43.83,47.15,1
63.924,0.0098,-0.0312,-1.1094,-0.8047,10.8008,6.52,44.45,46.20,1
63.940,-0.0059,-0.0059,-2.1055,-0.9570,9.0430,6.52,43.11,46.72,1
63.957,0.0039,-0.0273,-2.2617,-0.3047,9.3437,6.52,43.99,45.54,1
63.975,0.0332,-0.0586,-1.8008,-1.4922,9.3477,6.52,43.99,45.54,1
63.991,-0.0117,0.0449,-1.2656,-0.3047,10.1094,6.52,43.13,46.30,1
64.008,0.0195,-0.0391,-2.3359,-0.7266,7.4336,6.52,44.03,45.80,1
64.025,0.0234,-0.0273,-0.9570,-0.9570,9.4219,6.52,43.16,46.59,1
64.042,0.0059,-0.0488,-2.2227,-0.3437,8.1602,6.52,43.16,45.73,1
64.062,-0.0059,0.0449,-2.4141,-0.3047,7.8555,6.52,43.82,45.73,1
64.078,0.0215,-0.0332,-0.8828,-0.9180,10.6094,6.52,42.80,46.16,1
64.096,0.0371,0.0098,-1.3789,-0.5352,9.9648,6.52,43.01,45.12,1
64.110,0.0117,-0.0176,-1.3398,-0.9180,9.3867,6.52,43.01,45.22,1
64.128,0.0273,-0.0176,-1.6836,-1.0742,9.3867,7.35,42.20,45.22,1
64.145,0.0195,0.0039,-1.7617,-0.1133,9.4219,7.35,42.75,44.36,1
64.161,0.0391,0.0195,-3.2578,-0.9570,6.5078,7.35,41.96,45.07,1
64.178,0.0215,-0.0312,-1.4570,0.3437,9.8867,7.35,41.96,44.14,1
64.196,0.0137,0.0059,-1.1484,-0.1523,10.5352,7.35,42.47,44.14,1
64.212,0.0215,0.0371,-1.5703,-0.3437,9.3867,7.35,41.72,44.71,1
64.230,0.0332,-0.0293,-2.2969,-0.1133,8.0078,7.35,41.72,43.89,1
64.249,0.0137,0.0215,-3.1016,-0.4219,6.9727,7.35,42.11,44.73,1
64.268,-0.0020,0.0137,-1.6094,-0.6133,9.3086,7.35,41.84,44.73,1
64.281,0.0254,-0.0684,-1.0742,0.2695,10.0000,7.35,41.84,44.30,1
64.298,0.0078,-0.0215,-0.4961,-0.8828,10.9531,7.35,42.28,44.48,1
64.315,0.0039,0.0020,-1.7227,-0.4961,9.1953,7.35,41.22,43.14,1
64.331,0.0176,-0.0254,-1.3789,-0.3828,9.8047,7.33,41.82,43.14,1
64.348,0.0234,-0.0430,-2.6055,-1.2266,7.9297,7.33,41.82,44.25,1
64.365,-0.0020,0.0195,-2.0703,-0.4219,9.2266,7.33,41.03,43.73,1
64.382,0.0117,-0.0098,-2.0703,-0.4219,9.2266,7.33,41.53,43.49,1
64.399,0.0117,0.0098,-0.2695,-0.8828,11.3359,7.33,41.53,43.49,1
64.416,0.0098,-0.0098,-0.8438,-0.3437,10.3477,7.33,40.73,43.48,1
64.438,0.0312,-0.0488,-3.6016,-0.8828,6.0156,7.33,41.13,43.23,1
64.452,0.0137,-0.0137,-1.4570,-0.9570,9.7305,7.33,41.13,42.80,1
64.468,0.0215,0.0508,-1.5703,-0.7656,9.2695,7.33,40.23,42.80,1
64.485,0.0195,0.0430,-1.6094,-0.6914,8.9648,7.33,40.96,43.46,1
64.501,0.0156,-0.0352,-1.0352,-0.6133,10.2305,7.33,40.15,42.26,1
64.518,0.0000,0.0293,-0.8828,-0.2695,10.8008,7.32,40.15,42.93,1
64.535,0.0176,-0.0098,-2.3359,-0.6133,8.1172,7.32,40.43,42.93,1
64.552,0.0137,-0.0332,-1.6484,-0.5352,9.3828,7.32,39.96,42.00,1
64.569,0.0117,-0.0137,-1.7617,0.0781,9.2305,7.32,39.96,42.79,1
64.586,0.0039,0.0293,-1.6094,-1.1875,9.1172,7.32,40.11,42.79,1
64.607,0.0000,0.0547,-0.6133,-0.9570,10.1484,7.32,39.59,41.79,1
64.621,0.0352,-0.0410,-0.8438,-0.5742,10.0352,7.32,39.59,42.48,1
64.637,0.0117,-0.0332,-1.6836,-0.3437,8.6992,7.32,40.18,42.48,1
64.657,0.0117,-0.0293,-1.7617,-0.7656,8.7344,7.32,39.50,41.69,1
64.671,0.0098,0.0449,-1.4570,-0.2695,9.5820,7.32,39.50,42.68,1
64.688,0.0156,0.0254,-1.3398,-0.6914,10.0000,7.32,39.98,41.74,1
64.706,0.0410,-0.0566,-2.5664,-1.0742,7.2383,7.32,39.47,41.74,1
64.722,0.0117,0.0137,-1.0742,-0.1523,9.2695,7.35,39.47,42.45,1
64.740,0.0156,0.0156,-1.1484,-0.5742,9.1602,7.35,40.29,42.01,1
64.756,0.0098,0.0312,-0.6523,-0.7656,9.6133,7.35,39.77,43.33,1
64.778,0.0156,-0.0195,-0.8438,-0.5352,9.6094,7.35,39.77,43.33,1
64.790,-0.0039,0.0371,-0.8438,-0.5352,9.6094,7.35,40.57,42.36,1
64.809,0.0039,0.0176,-0.9570,-0.4609,9.8047,7.35,39.76,42.99,1
64.828,0.0176,-0.0098,-1.3398,-0.4961,8.4648,7.35,39.76,42.99,1
64.841,0.0039,-0.0059,-0.9961,-0.7266,9.4648,7.35,40.76,42.49,1
64.858,0.0078,0.0273,-0.9961,-0.5352,9.6094,7.35,40.07,42.99,1
64.875,-0.0137,0.0742,-0.6914,-0.2305,9.6094,7.35,40.07,42.36,1
64.892,0.0215,-0.0684,-1.7617,-0.4609,8.5039,7.35,41.12,42.36,1
64.909,0.0059,-0.0371,-0.9961,-0.2305,10.0000,7.35,40.26,43.56,1
64.926,0.0078,0.0039,-1.0352,-1.0352,9.3867,6.32,41.32,42.49,1
64.945,0.0176,0.0078,-1.4570,-0.9961,8.7773,6.32,41.32,43.77,1
64.960,0.0020,0.0059,-1.0352,-0.4961,9.8867,6.32,40.50,43.77,1
64.979,0.0215,-0.0176,-0.8047,-0.5352,9.6133,6.32,41.30,42.80,1
64.998,0.0078,0.0117,-0.3828,-0.3828,10.3867,6.32,41.30,43.68,1
65.011,0.0039,-0.0098,-0.1914,-1.0352,10.6875,6.32,40.76,43.04,1
65.029,0.0078,0.0078,-1.8008,-0.3047,7.8906,6.32,41.76,43.04,1
65.045,0.0098,0.0137,-0.6914,-0.4219,9.9219,6.32,41.76,43.86,1
65.062,0.0000,0.1172,-1.2656,-0.9180,9.0391,6.32,41.06,43.44,1
65.079,-0.0117,0.0918,-0.9570,-0.3437,9.4219,6.32,41.86,44.24,1
65.096,0.0039,0.0098,-1.2266,-0.6133,9.1602,6.32,41.50,44.24,1
65.114,0.0000,0.0352,0.1133,-0.6523,11.0742,6.32,41.50,43.37,1
65.130,0.0137,0.0488,-1.4180,-0.6914,8.2344,5.56,42.38,44.39,1
65.147,-0.0020,0.1133,-0.8047,-0.4219,9.5039,5.56,41.56,43.98,1
65.169,-0.0117,0.0996,-1.4180,-0.6133,8.7383,5.56,42.68,43.98,1
65.182,0.0195,0.0254,-1.5313,-0.3828,8.5781,5.56,42.68,44.66,1
65.198,0.0098,0.0156,-0.1133,-1.0352,10.1484,5.56,42.02,44.53,1
65.216,0.0000,0.0215,-1.4180,-0.6133,8.6953,5.56,42.88,44.53,1
65.232,0.0312,0.0312,-0.7656,-0.7266,10.1875,5.56,42.88,45.20,1
65.249,0.0312,0.0195,-2.7578,-0.6133,6.8945,5.56,42.46,44.40,1
65.266,-0.0020,0.0430,-0.7266,-0.4219,10.6523,5.56,43.19,45.65,1
65.283,0.0273,0.1016,-1.3008,-0.8438,9.3437,5.56,42.48,44.81,1
65.300,0.0234,0.1035,-0.2695,-0.7656,10.9570,5.56,42.48,44.81,1
65.317,0.0195,0.0508,-1.3398,-0.4961,9.2656,5.56,43.29,45.22,1
65.339,-0.0156,0.0898,-3.2187,-0.7266,6.2812,6.72,42.79,45.03,1
65.356,-0.0293,0.0449,-1.4570,-0.0781,8.7383,6.72,43.64,45.93,1
65.369,-0.0020,0.0156,-0.7656,-0.3047,10.5742,6.72,43.64,45.93,1
65.388,-0.0117,0.0801,-0.7656,-1.4570,10.4570,6.72,43.07,45.27,1
65.402,0.0059,0.0098,-1.6836,0.1914,8.1953,6.72,44.01,46.28,1
65.419,-0.0039,-0.0234,-1.2266,-0.8438,9.6914,6.72,44.01,45.63,1
65.436,-0.0039,-0.0801,-2.7187,-0.1133,7.2031,6.72,43.38,45.98,1
65.455,-0.0137,-0.0566,-1.0742,-0.7656,9.8477,6.72,44.50,45.98,1
65.470,-0.0176,0.0684,-1.1484,-0.4961,9.1172,6.72,43.67,46.26,1
65.488,-0.0098,0.0605,0.2695,-1.0352,11.1484,6.72,44.32,46.38,1
65.505,0.0000,0.0293,-1.7227,-1.2266,8.3945,6.72,44.32,46.41,1
65.521,-0.0312,0.0312,-1.2656,-0.1914,8.8125,6.83,43.83,46.76,1
65.541,-0.0273,0.0332,-0.8047,-0.1133,9.8828,6.83,44.38,46.76,1
65.557,-0.0176,0.0332,-1.8008,-0.4219,8.2773,6.83,44.38,46.27,1
65.572,-0.0293,-0.0137,-0.3047,-1.3008,10.8750,6.83,43.86,47.16,1
65.589,-0.0254,0.0391,-1.1094,-0.6133,9.5391,6.83,44.36,47.16,1
65.606,-0.0234,0.0547,-0.9570,-1.5313,9.6523,6.83,43.99,47.13,1
65.625,-0.0059,0.0156,-2.3359,-0.8828,7.6602,6.83,44.75,47.13,1
65.640,-0.0234,-0.0078,-1.2656,-0.8047,9.3047,6.83,44.75,46.42,1
65.657,-0.0254,-0.0508,-2.6445,0.0000,7.3516,6.83,44.41,47.70,1
65.675,-0.0156,-0.0137,-1.0742,-0.7266,9.3437,6.83,45.23,47.21,1
65.691,-0.0137,0.0332,-0.3047,-0.6133,10.4961,6.83,44.73,47.70,1
65.712,0.0098,-0.0430,-1.3789,-1.2656,8.6172,6.83,44.73,47.70,1
65.728,-0.0059,-0.0469,-0.8828,-0.8828,9.5039,6.87,45.65,47.62,1
65.742,0.0039,0.0098,-1.2266,-1.3789,8.6953,6.87,45.13,48.36,1
65.759,-0.0059,0.0059,-1.3398,-0.1523,8.7773,6.87,45.13,47.76,1
65.776,0.0000,-0.0215,-1.2656,-0.7656,9.0039,6.87,46.52,47.76,1
65.795,0.0137,-0.0703,-2.2617,-0.7656,7.3125,6.87,45.62,48.97,1
65.810,0.0039,0.0430,-0.6523,-0.9570,9.7305,6.87,46.98,48.17,1
65.827,0.0156,-0.0645,-1.4922,-0.9180,8.6172,6.87,46.17,49.79,1
65.845,0.0059,-0.0430,-0.6133,-0.7656,9.8086,6.87,47.52,48.91,1
65.861,0.0273,-0.0625,-1.7617,-0.5742,8.1562,6.87,47.52,50.19,1
65.878,0.0000,0.0566,-0.3047,-0.1133,10.6133,6.87,46.75,49.52,1
65.898,-0.0156,0.0293,-1.1875,-0.3828,9.1602,6.87,47.81,49.52,1
65.917,0.0020,-0.0645,-1.6836,-1.1875,9.0391,6.87,47.13,50.83,1
65.930,0.0156,0.0059,-0.9180,-0.7266,10.2305,6.98,48.17,49.75,1
65.949,0.0293,-0.0566,-1.3008,-0.6914,9.2656,6.98,48.17,51.16,1
65.965,-0.0020,0.0703,-0.5742,-0.5742,10.8750,6.98,47.53,49.91,1
65.980,0.0352,-0.0723,-1.4922,-1.1484,8.7383,6.98,48.34,51.33,1
65.997,0.0176,-0.0059,-1.5313,-0.5742,8.8867,6.98,47.83,50.48,1
66.015,0.0156,0.0312,-0.9180,-1.1875,9.8047,6.98,48.86,51.49,1
66.031,0.0293,-0.0488,-1.8398,-0.6914,8.4609,6.98,48.15,51.49,1
66.048,0.0137,0.0117,-0.4609,-0.6523,10.8359,6.98,48.15,50.60,1
66.065,0.0312,0.0156,-1.4180,-0.8047,9.5000,6.98,48.84,51.46,1
66.082,0.0098,0.0273,-1.3008,-0.3828,9.4258,6.98,48.22,50.50,1
66.101,0.0156,-0.0195,0.0781,-0.4219,11.2969,6.98,48.96,51.56,1
66.119,0.0117,0.0039,-2.3359,-0.8047,7.8906,6.98,48.53,50.74,1
66.133,0.0410,-0.0098,-1.3008,-0.1914,9.3047,6.69,49.31,51.19,1
66.150,0.0273,0.0312,-1.4922,-0.8828,8.8437,6.69,49.31,51.08,1
66.167,-0.0059,0.0664,-1.3008,0.0000,9.1992,6.69,48.26,51.08,1
66.185,-0.0039,-0.0039,-1.4570,-0.3437,8.5039,6.69,49.57,51.55,1
66.201,0.0156,0.0664,-0.7656,-0.6914,9.6094,6.69,49.02,51.11,1
66.218,0.0234,0.0000,-1.8008,-0.9570,7.9687,6.69,49.78,52.09,1
66.235,0.0117,0.0391,-0.9570,-0.3437,9.5430,6.69,49.78,51.53,1
66.252,0.0273,-0.0449,-2.3359,-1.0742,7.5898,6.69,49.21,52.46,1
66.271,0.0234,-0.0078,-1.2656,-0.5352,9.6523,6.69,50.11,51.72,1
66.288,0.0039,0.0137,-0.8828,-0.1914,9.9258,6.69,49.18,51.72,1
66.306,0.0215,-0.0371,-1.9141,-0.7656,9.1953,6.69,49.75,52.24,1
66.320,0.0000,0.0410,-0.3437,-0.2305,11.3398,7.83,48.77,51.42,1
66.338,0.0234,-0.0254,-3.3320,-0.9570,5.8984,7.83,50.12,52.07,1
66.355,0.0000,-0.0391,-1.8008,0.0391,8.3164,7.83,50.12,51.55,1
66.371,-0.0039,0.0156,-2.3359,-0.2305,7.3906,7.83,49.54,53.14,1
66.388,-0.0078,0.0078,-0.1523,-0.2305,10.7969,7.83,50.33,52.16,1
66.405,0.0059,-0.0098,-0.9961,-0.5352,10.3867,7.83,49.61,53.21,1
66.422,-0.0312,0.0078,-0.9180,-0.2305,10.5703,7.83,49.93,51.71,1
66.439,-0.0234,0.0059,-2.3750,-0.8438,8.1992,7.83,49.75,53.13,1
66.459,-0.0039,0.0039,-1.8398,-0.7656,9.0000,7.83,49.75,53.13,1
66.476,-0.0195,0.0645,-1.1094,-0.8438,9.9609,7.83,50.32,52.15,1
66.490,-0.0195,-0.0098,-2.1836,-0.5352,8.2734,7.83,49.42,53.33,1
66.508,-0.0371,0.0078,-0.3828,-0.9180,11.5742,7.83,50.37,51.86,1
66.526,-0.0195,-0.0254,-2.1055,-0.3047,9.0000,7.13,49.48,52.85,1
66.541,-0.0352,-0.0430,-1.4180,-0.4961,9.8047,7.13,50.34,51.98,1
66.558,-0.0273,-0.0410,-2.2227,-0.2695,8.9648,7.13,49.36,52.72,1
66.575,-0.0371,-0.0332,-2.2969,-0.9180,8.3945,7.13,49.36,51.84,1
66.592,-0.0156,-0.0176,-1.7617,-0.6133,9.2656,7.13,50.39,52.70,1
66.610,-0.0254,0.0059,-0.5742,-0.8047,11.1094,7.13,49.35,52.06,1
66.629,-0.0430,-0.0371,-2.2969,-0.1523,9.0039,7.13,50.52,52.06,1
66.648,-0.0469,-0.0781,-2.0703,-0.1914,9.1992,7.13,49.42,52.91,1
66.661,-0.0469,0.0078,-1.4180,-0.5742,9.6875,7.13,50.65,52.07,1
66.679,-0.0352,-0.0195,-1.6094,-0.8438,8.9609,7.13,50.65,53.48,1
66.696,-0.0469,0.0527,-0.7266,-1.2656,9.9609,7.13,49.70,52.07,1
66.711,-0.0293,-0.0625,-2.2227,-0.7656,7.9687,7.13,50.46,53.24,1
66.728,-0.0449,-0.0195,-1.1094,-1.0742,9.8867,7.24,49.91,52.17,1
66.745,-0.0332,-0.0078,-1.6836,-0.5352,8.7734,7.24,50.80,53.40,1
66.762,-0.0488,-0.0684,-2.2227,-0.8828,7.8906,7.24,49.95,52.46,1
66.779,-0.0371,-0.0605,-1.6094,-0.7266,8.7734,7.24,50.50,52.46,1
66.796,-0.0117,-0.1133,-1.3008,-1.5313,8.9648,7.24,50.04,53.67,1
66.818,-0.0195,-0.0859,-0.6133,-1.0742,10.1133,7.24,50.04,53.22,1
66.832,-0.0391,0.0020,-1.3008,-0.9961,9.1562,7.24,50.94,53.64,1
66.849,-0.0234,-0.0273,-1.5313,-0.9180,8.8828,7.24,49.99,52.42,1
66.865,-0.0078,0.0078,-0.8047,-0.7656,10.4531,7.24,50.39,53.14,1
66.881,-0.0352,0.0254,-1.6836,-1.8398,9.0000,7.24,49.48,52.12,1
66.898,0.0000,-0.0508,-2.0312,-0.5352,8.5391,7.24,50.30,52.47,1
66.915,0.0117,0.0215,-1.6484,-1.1875,9.5781,7.24,50.30,52.22,1
66.932,-0.0254,-0.0410,-1.8789,-0.1914,9.2266,8.02,49.56,53.08,1
66.949,-0.0215,-0.0293,-1.6094,-0.9961,8.8437,8.02,50.28,53.08,1
66.966,0.0078,-0.0254,-1.2656,-0.8828,9.7695,8.02,49.28,52.27,1
66.988,0.0312,-0.0762,-1.8008,-0.8828,8.8828,8.02,50.22,52.78,1
67.002,-0.0098,-0.0059,-1.3398,-0.8828,9.8867,8.02,49.59,51.91,1
67.018,-0.0039,-0.0449,-1.8789,-0.7656,8.9258,8.02,49.59,52.35,1
67.036,0.0195,-0.0195,-1.3398,-0.4961,9.9219,8.02,50.37,52.13,1
67.051,0.0000,0.0078,-1.1094,-0.6914,10.0742,8.02,49.42,52.70,1
67.068,0.0078,0.0781,-1.2266,-1.5703,9.9219,8.02,50.00,52.70,1
67.086,0.0293,0.0078,-1.8008,-0.4219,8.9219,8.02,49.03,51.67,1
67.102,0.0332,-0.0586,-1.3398,-1.1094,9.5781,8.02,50.01,52.89,1
67.119,0.0215,-0.0156,-1.6094,-0.3437,9.4258,8.02,49.26,51.37,1
67.136,0.0215,0.0137,-1.5703,-0.8047,9.3086,7.65,49.74,52.88,1
67.159,0.0312,0.0645,-2.4141,-1.1484,8.0078,7.65,49.74,51.38,1
67.170,0.0508,-0.0625,-2.4141,-1.1484,8.0078,7.65,49.08,52.93,1
67.189,0.0352,-0.0449,-1.9141,-0.3828,8.8164,7.65,49.78,51.37,1
67.208,0.0293,-0.0410,-0.4961,-0.3828,11.4922,7.65,49.17,52.67,1
67.221,0.0195,-0.0254,-0.9961,-0.2305,10.5703,7.65,49.13,51.97,1
67.239,0.0078,0.0391,-1.3789,-0.1133,9.6484,7.65,49.13,51.97,1
67.256,0.0488,-0.0605,-2.8711,-0.4961,7.1641,7.65,48.72,51.92,1
67.272,0.0156,0.0312,-0.2305,-0.4961,11.0352,7.65,49.43,51.34,1
67.290,0.0234,0.0605,-1.1484,-0.5352,9.2266,7.65,48.50,51.89,1
67.306,0.0293,0.0645,-0.8828,-0.7266,9.7305,7.65,49.48,50.75,1
67.325,0.0371,0.0352,-1.5313,-0.3047,8.8477,8.56,48.35,51.76,1
67.340,0.0020,0.0312,-1.6094,-0.4609,9.3086,8.56,49.02,50.71,1
67.357,0.0234,-0.0078,-2.1445,-0.9180,8.4609,8.56,49.02,51.56,1
67.379,0.0430,0.0410,-1.7617,-0.0781,8.1953,8.56,48.36,51.56,1
67.392,0.0078,-0.0195,-0.9570,-0.6914,9.3437,8.56,49.53,50.74,1
67.408,0.0000,-0.0215,-1.3398,0.0781,8.7773,8.56,48.45,51.82,1
67.425,0.0098,-0.0156,-1.5703,-0.4961,8.9648,8.56,49.41,51.18,1
67.442,-0.0078,0.1133,-2.4531,-0.3828,7.1250,8.56,48.29,51.95,1
67.459,-0.0117,0.0566,-0.9961,-0.4961,9.6484,8.56,48.29,51.17,1
67.476,0.0078,0.0078,-1.4922,-0.3047,8.5820,8.56,49.70,52.44,1
67.495,0.0117,0.0508,-0.7266,-0.8047,10.5703,8.56,48.71,51.10,1
67.510,-0.0234,0.0098,-1.9141,0.0000,9.2695,8.56,49.22,51.10,1
67.527,-0.0234,0.0391,-1.6094,-0.7266,9.5781,7.43,48.48,51.98,1
67.548,0.0117,-0.0059,-1.5313,-0.8438,8.7734,7.43,49.59,50.98,1
67.562,-0.0137,-0.0195,-1.9922,-0.1914,8.3516,7.43,49.59,52.18,1
67.579,-0.0098,-0.0371,-0.8438,-1.0352,10.6914,7.43,48.73,51.51,1
67.596,-0.0117,-0.0469,-2.1055,0.1133,8.3945,7.43,49.47,52.36,1
67.612,-0.0039,-0.0391,-1.3398,-0.3828,10.3477,7.43,48.76,51.21,1
67.630,-0.0156,0.0391,-1.7617,-0.4961,9.6094,7.43,49.55,51.91,1
67.646,-0.0234,0.0332,-1.4180,-0.5742,9.8437,7.43,49.55,51.91,1
67.663,-0.0098,-0.0020,-1.6484,-0.5742,9.5430,7.43,48.66,50.75,1
67.680,-0.0156,0.0195,-0.9180,-0.9570,10.9141,7.43,49.28,51.43,1
67.697,-0.0156,0.0156,-1.8789,-0.2695,8.9648,7.43,48.14,51.19,1
67.719,-0.0391,0.1055,-1.9531,-0.6523,8.4609,7.43,48.74,51.13,1
67.731,0.0039,-0.0039,-1.9531,-0.6523,8.4609,7.78,48.10,50.56,1
67.748,-0.0098,-0.0078,-1.2266,-0.6133,9.6914,7.78,48.10,51.36,1
67.768,-0.0137,0.0254,-0.4961,-0.9961,11.0312,7.78,48.87,51.36,1
67.782,-0.0137,0.0840,-3.1016,-0.6133,7.4336,7.78,47.66,50.11,1
67.799,0.0039,-0.0039,-1.9141,-0.4961,10.0703,7.78,48.37,50.54,1
67.816,0.0039,0.0527,-1.8398,-1.4922,9.8828,7.78,47.22,49.65,1
67.835,-0.0176,0.0410,-1.1484,-0.4219,10.2656,7.78,48.12,50.36,1
67.850,0.0059,0.0508,-1.6484,-1.2656,9.0820,7.78,48.12,49.79,1
67.867,-0.0039,0.0684,-1.3789,-0.4961,8.9219,7.78,47.66,50.41,1
67.885,-0.0156,-0.0352,-2.7187,-0.3047,6.9297,7.78,48.43,50.18,1
67.901,-0.0293,0.0098,-1.2266,-0.0781,9.5820,7.78,47.31,50.18,1
67.920,-0.0078,-0.0508,-0.6523,-0.2305,10.5352,6.69,48.26,50.80,1
67.939,-0.0098,0.0332,-1.2656,-1.1094,9.6094,6.69,48.26,49.85,1
67.952,-0.0273,-0.0293,-0.4219,-0.3437,10.5703,6.69,47.21,50.41,1
67.969,-0.0234,-0.0215,-2.5273,-0.8047,7.4297,6.69,47.71,49.29,1
67.986,-0.0410,-0.0215,-1.8398,-0.5352,8.1953,6.69,47.49,50.50,1
68.005,-0.0312,-0.0371,-2.2969,-0.7656,7.5859,6.69,47.98,49.98,1
68.020,-0.0391,0.0586,-1.1094,-0.8828,9.2695,6.69,47.98,49.98,1
68.037,-0.0254,-0.0410,-1.4570,-0.2305,9.1172,6.69,47.27,50.71,1
68.056,-0.0254,-0.0430,-0.3047,-1.4922,10.8008,6.69,47.62,50.09,1
68.071,-0.0117,0.0098,-1.5703,-0.5352,9.0820,6.69,47.39,50.57,1
68.088,-0.0234,0.0254,-1.5313,-0.8438,9.0391,6.69,47.90,49.50,1
68.108,-0.0469,0.0449,-1.7617,-0.7656,9.2695,6.69,47.90,50.76,1
68.122,-0.0352,0.0332,-2.0312,-0.4609,8.8437,6.69,47.06,50.76,1
68.139,-0.0293,0.0078,-0.7656,-1.2656,11.0742,6.09,47.68,49.62,1
68.157,-0.0312,0.0293,-1.3789,-0.5352,9.8867,6.09,46.87,50.66,1
68.175,-0.0488,0.0723,-1.4180,-0.7656,9.6133,6.09,47.71,49.51,1
68.190,-0.0293,-0.0449,-2.0312,0.1523,8.3555,6.09,46.81,50.37,1
68.207,-0.0410,0.0039,-1.9141,-0.7656,9.3867,6.09,46.81,49.72,1
68.225,-0.0527,0.0312,-1.4570,-0.7266,9.8047,6.09,47.95,50.30,1
68.241,-0.0410,0.0332,-1.1484,-1.3789,9.9609,6.09,46.71,50.30,1
68.258,-0.0410,0.0215,-1.8789,-1.4570,9.5430,6.09,47.40,49.24,1
68.279,-0.0254,0.0098,-1.6484,-0.9961,9.4258,6.09,47.40,50.43,1
68.295,-0.0254,0.0293,-2.1055,-0.7656,8.7344,6.09,46.65,48.47,1
68.309,-0.0254,0.0156,-1.9922,-1.0352,8.0391,6.09,48.09,50.59,1
68.329,-0.0273,-0.0137,-2.2617,-0.4609,7.8164,6.00,47.18,49.58,1
68.345,-0.0176,0.0156,-1.7227,-1.2266,8.7773,6.00,48.15,50.66,1
68.360,-0.0195,0.0254,-1.7617,-0.9570,8.5039,6.00,47.51,50.66,1
68.377,-0.0293,0.0020,-1.1875,-1.0352,9.4648,6.00,47.51,50.07,1
68.395,-0.0215,-0.0566,-1.2266,-0.5742,9.7266,6.00,48.26,51.05,1
68.411,-0.0059,-0.0039,-0.3437,-1.2266,11.3750,6.00,47.12,49.69,1
68.428,-0.0020,0.0664,-0.9961,-0.3437,10.7305,6.00,47.37,50.21,1
68.445,-0.0156,0.1152,-1.4570,-0.9180,9.8867,6.00,46.81,48.79,1
68.467,-0.0195,0.0977,-1.8789,-0.5742,8.9258,6.00,46.81,48.79,1
68.480,-0.0098,0.0352,-2.5664,-0.5352,7.2734,6.00,47.81,49.85,1
68.498,-0.0059,-0.0039,-1.3398,-0.5352,9.2656,6.00,47.13,49.69,1
68.515,0.0098,-0.0098,-1.1484,-0.9180,9.8086,6.00,47.71,50.17,1
68.530,0.0020,0.0508,-1.1875,-0.5352,9.6914,6.04,46.95,49.20,1
68.547,0.0234,-0.0020,-2.0703,-0.9961,8.1953,6.04,46.95,50.30,1
68.565,0.0078,0.0664,-1.6094,-0.3047,8.9648,6.04,47.67,48.99,1
68.581,0.0078,-0.0508,-2.3359,-1.1094,8.2383,6.04,47.17,48.99,1
68.598,0.0098,-0.0371,-2.1055,-0.4609,8.5820,6.04,47.78,50.25,1
68.619,-0.0020,-0.0039,-1.4570,-0.3828,9.8477,6.04,46.92,49.20,1
68.632,0.0156,0.0254,-1.4570,-0.3828,9.8477,6.04,47.84,49.80,1
68.651,0.0000,0.0059,-1.4922,-0.3828,9.3086,6.04,47.84,49.24,1
68.668,0.0117,-0.0410,-1.4570,-0.8828,9.1602,6.04,46.98,49.24,1
68.685,0.0137,-0.0762,-2.7578,-0.1523,7.2383,6.04,47.70,50.39,1
68.700,0.0254,-0.0430,-1.6094,-0.1914,9.8867,6.04,47.21,48.91,1
68.717,0.0078,0.0449,-1.8789,-0.8438,8.9648,6.04,47.21,50.55,1
68.736,-0.0020,-0.0039,-1.5313,-0.2695,9.2266,6.35,47.72,49.26,1
68.751,0.0176,-0.0215,-0.9570,-0.6133,10.6914,6.35,47.05,50.65,1
68.768,0.0117,0.0020,-1.4922,-0.8438,9.8437,6.35,47.75,49.21,1
68.785,0.0078,-0.0469,-2.6055,-0.2695,7.8906,6.35,46.88,49.21,1
68.802,0.0059,-0.0449,-1.3789,-0.0391,10.0742,6.35,47.42,50.31,1
68.821,0.0312,-0.0605,-1.3398,0.1133,9.0430,6.35,47.42,48.97,1
68.838,0.0137,-0.0703,-1.3008,-0.8438,9.6875,6.35,46.94,49.97,1
68.856,0.0039,-0.0547,-1.8008,-0.6523,9.0781,6.35,47.36,49.23,1
68.870,0.0234,-0.0137,-2.6445,-0.6133,8.2344,6.35,46.72,50.05,1
68.888,0.0098,-0.0195,-0.8047,-0.6133,11.4180,6.35,46.72,50.05,1
68.905,0.0332,-0.0430,-2.4531,-1.2266,9.0391,6.35,47.03,48.71,1
68.921,0.0078,-0.0332,-1.5703,-0.2305,9.6875,7.13,46.34,49.47,1
68.938,0.0234,-0.0078,-1.7227,-0.4961,9.5820,7.13,46.80,48.44,1
68.955,0.0156,0.0508,-0.7656,-1.0352,10.7969,7.13,45.96,48.95,1
68.972,0.0117,-0.0059,-2.4141,-0.3047,8.3125,7.13,46.30,48.46,1
68.990,-0.0176,0.0371,-1.4922,-0.2695,9.9609,7.13,46.30,48.65,1
69.010,-0.0020,-0.0078,-1.9922,-0.1914,9.4219,7.13,45.64,48.65,1
69.023,-0.0039,-0.0762,-1.9922,-0.1914,9.4219,7.13,46.16,48.11,1
69.041,-0.0137,-0.0176,-1.3789,-1.3398,9.9219,7.13,46.16,48.56,1
69.059,-0.0117,-0.0059,-2.3359,-0.2305,8.2773,7.13,45.36,47.59,1
69.077,-0.0137,-0.0176,-1.5703,-0.7266,9.7305,7.13,46.44,48.60,1
69.091,-0.0039,-0.0156,-2.4883,-0.2695,8.0117,7.13,45.34,48.60,1
69.109,-0.0215,-0.0527,-2.2617,-0.1914,8.5391,7.13,46.17,47.25,1
69.125,-0.0234,-0.0645,-1.9141,-0.6914,9.1211,6.80,46.17,48.64,1
69.142,0.0039,0.0625,-0.4961,-0.8438,10.8359,6.80,44.80,47.34,1
69.159,0.0176,-0.0020,-2.2227,-0.9961,7.8906,6.80,45.85,48.15,1
69.176,-0.0039,0.0625,-1.6094,-0.7656,9.0430,6.80,45.10,47.54,1
69.193,0.0234,-0.1250,-3.4492,-0.9180,6.4375,6.80,45.85,47.54,1
69.212,0.0000,-0.0859,-1.0742,-0.4961,10.1523,6.80,45.85,48.34,1
69.228,-0.0098,-0.0273,-0.9961,-0.9961,10.5742,6.80,44.84,46.87,1
69.246,-0.0078,-0.0039,-2.2969,-0.7656,8.8828,6.80,45.30,47.69,1
69.261,0.0078,-0.0137,-1.7617,-0.9961,9.6484,6.80,44.33,46.40,1
69.278,0.0215,-0.0371,-2.8359,-0.8828,8.0117,6.80,44.33,46.40,1
69.295,0.0000,-0.0312,-1.7617,-0.4961,10.1914,6.80,44.62,46.42,1
69.312,-0.0078,0.0371,-2.2969,0.2695,9.0039,6.80,43.76,46.22,1
69.329,0.0039,0.0312,-1.4570,-0.9180,10.0742,6.44,44.26,46.57,1
69.346,0.0176,-0.0059,-2.3750,-0.0391,8.5000,6.44,44.26,46.57,1
69.363,-0.0195,-0.0508,-1.9141,-0.8828,9.5781,6.44,43.26,45.71,1
69.383,0.0117,-0.0859,-1.1484,-0.1133,10.5703,6.44,43.82,46.02,1
69.399,0.0176,-0.0527,-1.5703,-0.9961,9.9219,6.44,43.82,44.73,1
69.416,0.0020,-0.0176,-0.9961,-0.4609,11.1484,6.44,42.88,44.73,1
69.431,-0.0176,-0.0039,-2.0703,-0.4219,9.3828,6.44,43.23,45.42,1
69.449,0.0098,-0.0020,-3.0664,-0.3828,8.1953,6.44,42.52,44.19,1
69.466,0.0273,-0.0371,-2.3359,-0.9961,8.6172,6.44,42.52,44.73,1
69.482,-0.0117,-0.0176,-0.7656,-0.7266,10.8789,6.44,43.06,44.19,1
69.499,0.0000,0.0488,-1.7617,-0.2695,9.3477,6.44,41.85,44.19,1
69.516,0.0156,0.0293,-2.4531,-1.0352,7.6250,6.96,42.62,44.44,1
69.538,0.0098,0.0176,-1.0742,-0.5352,10.7266,6.96,42.62,43.70,1
69.550,-0.0176,-0.0234,-1.0742,-0.5352,10.7266,6.96,41.35,43.86,1
69.569,0.0254,-0.0859,-1.7617,-0.3437,9.0039,6.96,41.71,43.86,1
69.588,0.0176,-0.0371,-1.3789,-1.3398,10.0039,6.96,41.71,43.29,1
69.601,-0.0234,0.0391,-2.1445,-0.3828,9.1172,6.96,41.08,43.62,1
69.618,-0.0117,0.0449,-2.7578,-0.4961,7.5859,6.96,41.40,43.62,1
69.636,0.0059,0.0039,-1.9531,-0.3047,9.1953,6.96,41.40,42.52,1
69.652,-0.0508,0.0586,-1.4922,-0.0781,9.6523,6.96,40.37,43.43,1
69.669,-0.0312,0.0254,-1.5703,-0.6914,9.5000,6.96,41.06,42.54,1
69.686,-0.0137,0.0137,-1.9922,-0.6523,9.1562,6.96,39.91,42.54,1
69.703,-0.0293,-0.0312,-1.5703,-0.7266,9.5430,6.96,39.91,42.97,1
69.720,-0.0352,0.0273,-1.7617,-0.7656,9.3437,6.28,40.43,42.06,1
69.740,-0.0352,0.0371,-3.3320,-0.6914,7.2734,6.28,39.90,42.43,1
69.758,-0.0215,-0.0273,-0.1914,-0.0391,12.1406,6.28,39.90,42.43,1
69.771,-0.0488,-0.0020,-0.8047,-0.2695,10.7695,6.28,40.08,41.83,1
69.788,-0.0430,0.0195,-0.8438,-0.8047,10.0000,6.28,40.08,42.30,1
69.806,-0.0332,0.0332,-2.8711,-1.1094,7.6992,6.28,38.95,42.30,1
69.822,-0.0215,0.0469,-2.5273,-2.0312,7.8555,6.28,39.67,40.95,1
69.839,0.0078,-0.0840,-2.1445,-0.8438,9.0781,6.28,39.29,40.89,1
69.856,-0.0156,0.0098,-0.9570,-0.3047,11.4570,6.28,39.29,40.89,1
69.873,-0.0254,0.0430,-2.4883,-0.3437,7.6602,6.28,39.10,42.01,1
69.891,-0.0371,0.0156,-2.1836,0.0000,9.0000,6.28,38.68,40.76,1
69.907,-0.0195,-0.0312,-2.0703,-1.1875,8.8125,6.28,38.68,41.04,1
69.929,-0.0117,-0.0137,-2.4141,-1.3398,8.7734,5.52,39.14,41.04,1
69.943,-0.0254,0.0371,-2.4531,-0.7656,7.8555,5.52,38.34,41.28,1
69.958,-0.0195,-0.0117,-1.9141,-0.1523,9.4258,5.52,38.34,41.28,1
69.976,-0.0312,0.0371,-1.9141,-0.9961,9.8437,5.52,38.87,39.73,1
69.992,-0.0312,0.0391,-2.2969,-0.3437,8.6211,5.52,37.90,41.28,1
70.009,-0.0410,0.0293,-1.6484,-0.5742,9.8047,5.52,37.90,39.56,1
70.026,-0.0352,-0.0176,-2.2227,-0.7266,8.8477,5.52,38.53,39.56,1
70.043,-0.0332,-0.0273,-1.4922,-0.6914,10.4141,5.52,37.67,40.72,1
70.060,-0.0312,-0.0254,-2.9492,-1.0742,7.8125,5.52,37.67,39.62,1
70.077,-0.0391,-0.0039,-2.4141,-0.8047,8.4648,5.52,38.01,39.62,1
70.099,-0.0488,0.0176,-0.4961,-0.7266,11.3008,5.52,38.01,40.62,1
70.117,-0.0430,-0.0156,-1.8008,-0.1914,9.2305,5.52,37.24,39.29,1
70.128,-0.0488,-0.0293,-1.6836,-0.3047,9.1211,5.44,37.74,39.29,1
70.148,-0.0605,-0.0234,-1.9922,-0.8828,9.1172,5.44,37.74,39.71,1
70.162,-0.0352,0.0898,-2.6055,-0.5742,8.5781,5.44,36.96,38.64,1
70.180,-0.0293,0.0059,-1.5703,-1.0352,9.7305,5.44,37.26,38.64,1
70.197,-0.0371,0.0273,-1.9922,-1.4922,9.1953,5.44,37.26,39.04,1
70.216,-0.0742,0.0371,-2.2617,-0.1523,9.3047,5.44,36.39,38.37,1
70.230,-0.0312,0.0078,-2.1055,-0.3828,8.7383,5.44,36.39,38.37,1
70.247,-0.0527,0.0410,-1.8398,-0.9180,9.5430,5.44,36.82,38.25,1
70.265,-0.0605,0.0176,-2.0312,-0.3047,9.2305,5.44,35.92,37.77,1
70.281,-0.0547,0.0371,-1.8008,-0.9180,9.7266,5.44,35.92,37.77,1
70.300,-0.0410,-0.0566,-2.3359,-0.4219,8.2383,5.44,36.17,38.10,1
70.317,-0.0664,-0.0352,-1.8008,-1.1094,9.4648,5.44,36.17,37.70,1
70.332,-0.0605,-0.0664,-1.1094,-0.6133,10.5352,5.37,35.77,37.70,1
70.349,-0.0645,-0.0508,-2.1836,-0.6523,8.7734,5.37,36.09,38.11,1
70.366,-0.0684,-0.0273,-1.9531,-0.8438,9.5391,5.37,36.09,37.08,1
70.385,-0.0508,-0.0664,-2.2227,-0.8828,8.4219,5.37,35.29,37.08,1
70.400,-0.0859,0.0566,-0.9961,-0.9180,10.1484,5.37,35.88,37.55,1
70.417,-0.0664,-0.0078,-1.9922,-1.0352,8.8164,5.37,35.88,37.55,1
70.436,-0.0723,-0.0332,-1.6484,-0.8047,9.1953,5.37,35.05,73.89,1
70.451,-0.0742,-0.0723,-2.6445,-0.2305,7.6289,5.37,35.05,74.90,1
70.468,-0.0820,0.0566,-0.7266,-1.1484,11.3789,5.37,35.41,74.90,1
70.488,-0.0801,-0.0039,-1.4922,-0.6914,9.2656,5.37,34.96,37.01,1
70.502,-0.0742,-0.0996,-1.4180,-0.9570,9.5039,5.37,34.96,37.33,1
70.519,-0.0742,-0.0391,-0.9961,-0.6914,9.9258,5.37,35.43,37.33,1
70.537,-0.0781,-0.0586,-2.2617,-0.6523,8.2773,4.93,35.43,36.87,1
70.555,-0.1074,0.1211,0.2695,-0.6914,13.2500,4.93,34.08,36.87,1
70.570,-0.0742,-0.0273,-3.3320,-0.6523,6.3594,4.93,35.33,36.80,1
70.587,-0.0957,-0.0996,-2.7187,-1.0352,6.8516,4.93,35.33,36.29,1
70.606,-0.0898,-0.1406,-2.6797,-0.6523,6.4023,4.93,34.96,36.29,1
70.621,-0.0840,0.0020,0.4609,-1.6484,11.7969,4.93,34.96,38.14,1
70.638,-0.0879,0.0137,-0.1523,-0.9961,11.1914,4.93,35.19,37.11,1
70.658,-0.0645,-0.1270,-2.8711,-0.2305,6.4375,4.93,35.19,37.11,1
70.677,-0.0957,-0.0684,-0.7656,-0.8438,10.5352,4.93,35.12,38.40,1
70.690,-0.0977,-0.0879,-1.0742,-0.9961,9.6133,4.93,35.68,38.40,1
70.708,-0.1094,-0.0254,-0.8828,-1.3398,9.5039,4.93,35.68,37.71,1
70.723,-0.1035,-0.0312,-1.1484,-1.1094,9.5039,4.20,35.27,38.35,1
70.740,-0.1230,0.0312,-1.1875,-1.1875,9.0430,4.20,36.24,37.99,1
70.758,-0.1094,-0.0781,-1.1875,-0.2695,8.9219,4.20,36.24,37.99,1
70.775,-0.1094,-0.0273,-0.3437,-0.8828,10.8359,4.20,35.63,38.51,1
70.791,-0.1191,-0.0449,-1.0742,-0.6523,9.6875,4.20,35.63,38.51,1
70.808,-0.1152,-0.0254,-1.6836,-1.0352,8.6992,4.20,36.19,38.25,1
70.825,-0.1387,0.0410,-0.7266,-1.0352,10.3477,4.20,35.78,38.53,1
70.842,-0.1055,-0.0586,-1.3008,-1.1875,9.1172,4.20,35.78,38.53,1
70.860,-0.1250,-0.0488,-1.0742,-0.6523,9.4609,4.20,36.43,38.15,1
70.878,-0.1289,0.0020,-0.9961,-0.9570,9.2656,4.20,36.43,39.23,1
70.895,-0.1328,0.0215,-1.1484,-0.9180,9.1562,4.20,36.22,39.23,1
70.910,-0.1230,-0.0156,-0.5352,-0.5352,10.5742,4.20,36.95,38.61,1
70.927,-0.1230,-0.0781,-2.2969,-1.2656,7.3945,4.19,36.95,39.73,1
70.945,-0.1426,-0.0762,-0.6914,-0.9180,10.0352,4.19,36.88,77.94,1
70.961,-0.1270,-0.0098,-1.3398,-0.9961,8.8867,4.19,37.95,80.59,1
70.978,-0.1348,-0.0469,-0.6914,-1.6836,8.6953,4.19,37.95,40.69,1
70.995,-0.1328,-0.0723,-1.1484,-0.8828,8.6562,4.19,37.89,40.69,1
71.012,-0.1465,-0.0254,-0.2305,-1.1094,9.5039,4.19,39.19,41.13,1
71.029,-0.1367,-0.0566,-1.4570,-1.4570,8.0820,4.19,39.19,42.52,1
71.049,-0.1328,-0.0723,-1.5703,-1.6484,7.6250,4.19,39.11,42.43,1
71.063,-0.1270,-0.1289,-0.4961,-1.1484,9.6523,4.19,40.39,42.43,1
71.080,-0.1367,-0.0605,-0.1133,-0.7266,10.0039,4.19,40.39,43.71,1
71.097,-0.1426,0.0117,1.1875,-2.0703,11.6016,4.19,39.92,43.46,1
71.116,-0.1211,0.0039,0.0781,-2.0703,10.0742,4.19,40.82,45.16,1
71.131,-0.0918,-0.1230,-0.9180,-1.8789,8.0430,2.65,40.82,45.16,1
71.148,-0.1074,-0.0645,-0.2305,-0.4961,9.6523,2.65,40.87,43.93,1
71.165,-0.1191,-0.0234,-0.6914,-0.2695,9.1172,2.65,41.75,45.88,1
71.182,-0.1328,-0.0254,0.1133,-0.9961,9.6914,2.65,41.52,44.70,1
71.199,-0.1016,-0.0684,-0.5352,-0.9570,8.8125,2.65,41.52,45.78,1
71.219,-0.1035,-0.0996,-1.2266,-0.8438,8.6953,2.65,42.76,45.78,1
71.235,-0.1211,-0.1172,-0.7266,-0.3047,10.6133,2.65,42.66,44.85,1
71.250,-0.1348,-0.0352,-0.6133,-0.4609,10.6914,2.65,42.66,47.18,1
71.267,-0.1250,-0.0215,-0.5742,-2.6797,8.6172,2.65,43.21,48.56,1
71.285,-0.1172,-0.1074,-1.8398,-0.6914,6.0859,2.65,43.44,46.75,1
71.301,-0.1426,-0.1875,-1.1875,1.5703,7.9727,2.65,45.62,46.75,1
71.318,-0.1582,-0.0879,-0.9961,-1.4180,10.3867,1.39,45.62,46.96,1
71.335,-0.1426,-0.2363,-4.4062,-0.9961,5.4023,1.39,44.89,47.64,1
71.352,-0.1543,-0.2676,-1.4922,-2.1445,11.1094,1.39,46.36,49.90,1
71.369,-0.1426,-0.3125,-2.4141,-2.0312,8.1602,1.39,45.77,51.20,1
71.389,-0.0742,-0.4082,-1.8398,-0.7656,9.2266,1.39,47.68,51.20,1
71.408,-0.0957,-0.4180,-1.1484,1.0352,9.2695,1.39,47.68,50.66,1
71.421,-0.1523,-0.3945,-0.6914,-0.9570,9.5781,1.39,47.49,53.27,1
71.438,-0.1445,-0.3613,-1.2656,-0.6133,8.5781,1.39,48.82,52.99,1
71.457,-0.0898,-0.4219,-0.5742,-2.1055,9.4609,1.39,48.37,54.30,1
71.471,-0.1621,-0.2832,0.4219,-0.7266,11.0703,1.39,49.34,53.13,1
71.489,-0.1426,-0.3437,-0.0781,-1.4570,9.7656,1.39,49.28,54.92,1
71.505,-0.1113,-0.3281,0.2695,-1.7617,10.1484,1.39,49.28,53.88,1
71.522,-0.1602,-0.3809,-0.3828,-0.2695,9.0820,1.72,50.29,55.30,1
71.539,-0.1387,-0.3457,-0.4219,-1.5313,8.8477,1.72,49.20,54.25,1
71.556,-0.1230,-0.3262,-0.0391,-0.5742,9.3437,1.72,50.05,55.40,1
71.578,-0.1152,-0.3242,1.2266,-0.7656,10.9180,1.72,49.33,53.79,1
71.592,-0.1445,-0.3477,0.6914,-1.1875,9.1562,1.72,50.40,54.36,1
71.608,-0.1289,-0.4297,0.0000,-1.4922,8.7344,1.72,50.40,54.36,1
71.625,-0.1230,-0.3516,-0.6523,-1.0352,8.5430,1.72,49.62,53.53,1
71.641,-0.1016,-0.3164,0.1133,-1.9531,9.9609,1.72,49.92,54.53,1
71.659,-0.0898,-0.1953,0.2305,-2.7969,10.0703,1.72,48.22,53.89,1
71.676,-0.1016,-0.2051,0.9570,-1.4570,10.8750,1.72,49.42,54.14,1
71.692,-0.0762,-0.2422,0.8438,-0.9570,10.9922,1.72,48.13,53.09,1
71.709,-0.0879,-0.1719,0.8828,-1.3398,10.3047,1.72,48.13,54.54,1
71.726,-0.0703,-0.2305,-1.2656,-1.3789,7.0859,2.74,48.97,52.97,1
71.743,-0.0566,-0.2402,-0.1914,-1.1094,8.9648,2.74,48.83,54.06,1
71.762,-0.0586,-0.2969,1.1875,-1.1094,12.3789,2.74,48.36,53.19,1
71.779,-0.0879,-0.2324,0.4961,-1.1484,10.6133,2.74,48.76,53.19,1
71.797,-0.1094,-0.2793,-1.4180,-0.8438,6.2070,2.74,50.45,53.93,1
71.811,-0.0801,-0.2051,-1.8398,-1.4180,5.2852,2.74,50.08,55.58,1
71.828,-0.0273,-0.3242,-0.8047,0.0781,7.8516,2.74,50.08,55.58,1
71.845,-0.0312,-0.2754,1.9922,-1.3789,11.7969,2.74,51.34,55.89,1
71.862,-0.0195,-0.3574,1.1875,-2.0703,10.1094,2.74,49.88,58.93,1
71.879,-0.0195,-0.2520,1.8398,-2.5273,12.6406,2.74,50.37,55.44,1
71.896,-0.0781,-0.1758,1.0742,0.6523,12.9062,2.74,48.49,57.82,1
71.919,-0.0742,-0.2207,-0.5352,-1.0352,8.9219,2.74,51.59,56.16,1
71.930,-0.0859,-0.2617,-0.5352,-1.0352,8.9219,2.85,52.97,55.58,1
71.949,-0.0664,-0.4453,-2.9453,-1.9922,-0.8828,2.85,52.97,56.72,1
71.968,-0.0430,-0.6328,0.4609,-2.9883,8.7734,2.85,55.22,58.85,1
71.982,-0.0293,-0.3574,3.9062,-2.9102,16.0898,2.85,51.66,61.15,1
71.998,0.0527,-0.2187,4.8633,-3.9062,19.3047,2.85,49.47,59.08,1
72.017,-0.0293,-0.0176,3.3711,2.7969,18.7695,2.85,45.71,57.24,1
72.032,-0.0762,0.0078,0.2695,1.8398,11.6836,2.85,48.66,56.40,1
72.049,-0.1348,-0.0469,-0.1133,2.9492,12.2187,2.85,48.66,53.07,1
72.066,-0.1621,0.0293,-1.4922,1.7617,10.3086,2.85,46.92,53.83,1
72.085,-0.1094,0.1465,-1.3008,-3.3711,11.3750,2.85,46.07,50.98,1
72.100,-0.1484,0.0566,0.7656,-1.4570,15.6680,2.85,45.90,52.77,1
72.117,-0.1113,0.0312,-1.4570,-3.3320,9.8086,2.52,47.13,49.49,1
72.139,-0.1113,0.1465,-0.1523,1.5703,12.7930,2.52,47.13,49.49,1
72.151,-0.1699,0.0215,-0.1523,1.5703,12.7930,2.52,45.98,51.41,1
72.169,-0.1543,-0.1113,-3.2930,0.0781,6.8516,2.52,47.17,50.05,1
72.185,-0.0937,-0.0996,-2.2227,-3.2930,8.0391,2.52,46.48,53.24,1
72.202,-0.0859,0.0078,-0.3437,-5.1328,9.9648,2.52,48.08,51.58,1
72.219,-0.0430,0.0508,0.1523,-2.7578,11.0703,2.52,48.08,53.71,1
72.237,-0.0254,-0.0156,1.1484,-2.9883,10.4141,2.52,46.78,53.64,1
72.256,0.0156,-0.0859,-2.0703,-1.2266,5.3203,2.52,48.32,54.76,1
72.270,-0.0488,-0.1836,-0.0781,0.0391,7.8555,2.52,47.62,54.99,1
72.287,0.0059,-0.1484,1.8398,-1.3398,10.2305,2.52,48.84,54.99,1
72.308,0.0762,-0.2090,1.0352,0.1133,8.5430,2.52,48.84,55.87,1
72.322,0.0098,-0.2266,1.2266,-3.5234,8.3516,1.31,48.74,55.87,1
72.339,0.0215,-0.2793,0.8047,-1.1875,8.7734,1.31,50.08,56.65,1
72.355,0.0977,-0.3379,-1.5703,-1.6836,5.5156,1.31,49.20,57.64,1
72.372,0.0664,-0.1328,2.5664,-2.2617,9.5430,1.31,51.45,58.54,1
72.390,0.0762,-0.1504,3.4102,1.4922,10.2305,1.31,50.51,60.93,1
72.407,0.0820,-0.1680,2.2969,-1.1094,9.5391,1.31,51.11,60.93,1
72.425,0.0859,-0.2187,-0.5352,0.0000,5.5937,1.31,51.67,60.89,1
72.440,0.0293,-0.1602,1.9922,1.0742,9.8477,1.31,51.67,59.95,1
72.457,0.0645,-0.2715,3.0664,-0.0781,10.0742,1.31,52.58,61.02,1
72.478,0.0723,-0.3750,0.0391,1.1094,6.1641,1.31,52.05,60.94,1
72.496,0.0273,-0.3164,0.8438,-0.1523,8.7383,1.31,53.05,61.04,1
72.509,0.0469,-0.0723,1.3008,0.4219,9.1953,1.31,53.21,61.04,1
72.529,-0.0137,0.0527,1.5703,0.1523,9.4648,0.46,54.15,61.88,1
72.542,0.0020,-0.3008,3.0664,-1.3398,11.8750,0.46,54.26,59.64,1
72.559,0.0195,-0.3750,0.5742,0.2695,6.7422,0.46,55.49,61.92,1
72.576,-0.0254,-0.2754,1.2266,0.5742,9.9609,0.46,55.03,61.11,1
72.596,-0.0156,-0.2422,-0.1914,-0.6914,6.5117,0.46,56.44,62.08,1
72.611,-0.0664,0.0254,2.7969,0.8047,11.7617,0.46,55.99,61.45,1
72.627,-0.0508,-0.1328,3.6758,-0.1523,11.9883,0.46,56.73,62.59,1
72.645,-0.0488,-0.3008,3.4102,-0.1914,11.3359,0.46,56.93,61.76,1
72.661,-0.0742,-0.1602,-0.5352,0.1523,6.4023,0.46,58.51,62.19,1
72.682,-0.0449,-0.0469,1.0352,-0.4219,9.3828,0.46,57.35,62.42,1
72.698,-0.1172,0.1035,2.2227,-1.2266,11.4922,0.46,57.35,63.82,1
72.712,-0.0605,-0.2949,4.7891,-1.2266,14.2930,0.46,58.39,63.46,1
72.729,-0.0820,-0.3301,1.3789,0.5352,9.6914,0.33,57.76,65.07,1
72.746,-0.1133,-0.2227,2.0703,-1.7227,11.7187,0.33,58.27,65.02,1
72.765,-0.1055,-0.2070,-2.4141,-0.4609,5.7422,0.33,61.03,63.70,1
72.780,-0.1094,0.0879,2.6797,-1.1875,12.6016,0.33,59.58,65.23,1
72.797,-0.1113,-0.0137,3.1016,-0.6523,11.9180,0.33,61.19,66.11,1
72.815,-0.0879,-0.1953,3.0273,-1.5703,10.6523,0.33,61.24,65.05,1
72.831,-0.1035,0.0527,1.7617,-1.9531,10.7695,0.33,62.06,66.23,1
72.851,-0.0996,0.0859,-0.2305,-2.8711,8.9219,0.33,61.88,66.80,1
72.869,-0.1621,0.2578,1.7227,1.0742,11.9844,0.33,63.62,64.22,1
72.882,-0.1035,-0.2559,2.8711,-0.9570,11.4180,0.33,62.71,68.59,1
72.899,-0.1328,-0.3340,0.8047,-2.7578,8.6602,0.33,64.65,67.40,1
72.917,-0.1484,-0.2266,-0.4609,-0.7266,8.1211,0.33,64.70,68.80,1
72.936,-0.0879,-0.3867,-2.4883,-1.9141,2.8398,0.76,66.23,71.12,1
72.950,-0.1426,0.0820,3.2187,-0.8438,10.7266,0.76,66.28,69.28,1
72.967,-0.1016,-0.0254,3.4844,-2.2227,10.6094,0.76,66.62,72.67,1
72.986,-0.1172,0.0254,2.9883,-0.0781,9.9609,0.76,69.38,72.01,1
73.001,-0.0820,-0.3789,-2.0703,-0.8438,2.8398,0.76,69.01,72.16,1
73.018,-0.1191,-0.3164,0.2305,0.8047,7.2344,0.76,70.01,75.06,1
73.038,-0.1172,-0.2539,5.8984,-2.7969,16.3906,0.76,68.78,72.97,1
73.055,-0.1152,-0.1738,1.9141,-1.3398,10.9180,0.76,68.88,74.04,1
73.069,-0.1465,0.0078,-1.4922,-2.6445,5.4023,0.76,68.84,74.17,1
73.086,-0.1133,-0.1992,-1.4922,-2.6445,5.4023,0.76,69.73,72.81,1
73.103,-0.1406,-0.1230,0.7266,-0.4609,9.5039,0.76,70.76,75.88,1
73.120,-0.1230,-0.2852,3.5234,-2.0312,12.4492,0.83,70.11,77.23,1
73.137,-0.0918,-0.1309,1.0742,-2.0703,9.9609,0.83,71.38,76.23,1
73.156,-0.1074,-0.0449,-0.2305,-2.4141,8.9219,0.83,71.66,76.59,1
73.171,-0.0625,-0.3301,-0.8438,-1.5313,7.5508,0.83,71.79,78.49,1
73.188,-0.1035,-0.3418,2.4531,-0.4609,12.2227,0.83,73.14,77.83,1
73.209,-0.0937,-0.2832,3.1797,0.0391,13.1016,0.83,72.03,79.66,1
73.222,-0.0977,0.1074,3.1797,0.0391,13.1016,0.83,73.49,79.55,1
73.242,-0.1133,0.0937,-0.7266,0.3437,5.9375,0.83,75.06,79.41,1
73.259,-0.0645,-0.1875,1.8789,-0.6523,9.2305,0.83,73.82,80.49,1
73.276,-0.1074,-0.0273,2.5664,-2.2227,10.4922,0.83,75.69,82.84,1
73.290,-0.0742,-0.3359,2.4883,-0.8828,10.3828,0.83,76.53,80.76,1
73.307,-0.0645,-0.1504,1.0742,-2.1445,8.7773,0.83,75.99,81.93,1
73.326,-0.1367,-0.1074,0.6914,0.5742,9.5820,1.20,77.04,83.20,1
73.341,-0.0352,-0.2812,-0.4961,-2.5273,7.3516,1.20,77.96,83.62,1
73.358,-0.0918,-0.2773,2.1445,-0.8047,11.0312,1.20,76.79,82.93,1
73.375,-0.0840,-0.2988,2.9883,-1.4922,11.5742,1.20,78.75,84.60,1
73.392,-0.0957,0.0586,2.8359,-0.6523,10.6875,1.20,79.58,84.66,1
73.409,-0.0742,0.0352,0.6133,-1.4180,8.5430,1.20,78.20,83.96,1
73.429,-0.0371,-0.1621,0.4609,-0.9180,8.3516,1.20,79.90,83.44,1
73.443,-0.0312,-0.3105,2.9492,-2.1445,12.9844,1.20,80.23,86.39,1
73.460,-0.0352,-0.1289,2.0312,0.3828,9.3828,1.20,79.18,85.17,1
73.477,-0.0566,-0.0410,3.6758,-1.3008,12.9844,1.20,81.29,85.03,1
73.495,-0.0527,-0.1035,-0.1133,-0.4609,8.0430,1.20,80.43,84.93,1
73.511,-0.0586,-0.2148,-0.4609,-1.5313,8.8164,1.20,80.99,86.48,1
73.528,-0.0469,-0.1992,1.6484,-1.1484,11.3750,1.33,81.25,85.61,1
73.546,-0.0156,-0.1855,3.1406,-1.8398,11.1094,1.33,82.77,85.68,1
73.562,-0.0352,0.1133,1.6836,-0.4609,9.2695,1.33,81.03,87.45,1
73.579,-0.0469,0.1934,1.6836,-0.4609,9.2695,1.33,82.75,89.56,1
73.598,-0.0020,-0.0430,2.6055,-2.0703,11.8008,1.33,83.31,87.80,1
73.616,0.0176,-0.0312,0.6133,0.4219,9.1562,1.33,83.19,88.94,1
73.630,-0.0332,-0.0957,2.5664,-1.3398,10.3867,1.33,83.31,88.98,1
73.648,0.0566,-0.0820,1.1875,-0.0391,7.5469,1.33,86.06,90.26,1
73.666,-0.0195,0.0684,2.1055,-0.4609,10.1914,1.33,86.04,92.57,1
73.681,0.0527,-0.3574,-0.5352,-0.4961,5.9375,1.33,85.42,91.40,1
73.698,0.0137,-0.3164,0.6523,-1.4570,8.6953,1.33,85.82,91.79,1
73.722,0.0352,-0.2031,1.6094,-2.6445,11.1484,1.33,86.06,93.91,1
73.732,0.0547,0.0332,1.6094,-2.6445,11.1484,1.46,87.41,91.37,1
73.749,-0.0020,0.0684,2.7578,1.0742,13.0273,1.46,86.27,96.10,1
73.769,0.0410,-0.2187,-0.9180,-0.9570,7.0117,1.46,86.73,94.08,1
73.787,0.0801,-0.2441,-1.9922,-2.1836,6.5898,1.46,88.33,93.42,1
73.800,0.0664,-0.2637,0.7266,-1.8008,10.0352,1.46,89.76,96.22,1
73.819,0.1113,-0.1602,2.6797,-2.1836,10.6875,1.46,89.29,96.91,1
73.836,0.0781,-0.0176,3.7148,-0.4609,13.6328,1.46,87.93,98.63,1
73.851,0.0957,-0.3691,-0.9180,-1.2656,7.6602,1.46,92.44,96.36,1
73.868,0.1152,-0.4766,-0.3047,0.1523,7.0078,1.46,93.27,96.07,1
73.885,0.0996,-0.3574,1.6836,1.0352,10.7969,1.46,91.20,100.19,1
73.902,0.0937,-0.0977,1.4570,-0.3828,8.6953,1.46,91.65,99.27,1
73.920,0.0625,0.0371,5.3242,-2.1055,14.0586,1.80,93.58,99.60,1
73.936,0.1367,-0.2500,0.8828,-0.5352,7.7734,1.80,94.61,98.00,1
73.953,0.0859,-0.1582,1.4570,-0.9180,8.5039,1.80,95.34,97.95,1
73.972,0.0703,-0.1855,1.7227,-0.0781,9.8477,1.80,93.42,99.80,1
73.989,0.1465,-0.0410,0.7266,0.6133,6.0195,1.80,95.25,101.74,1
74.004,0.1113,-0.3594,1.4180,-1.4570,9.4219,1.80,94.73,99.81,1
74.021,0.1074,-0.0742,2.2617,-0.4219,10.9961,1.80,96.68,103.47,1
74.038,0.1152,-0.3555,3.1406,-1.0742,13.5937,1.80,95.45,101.97,1
74.056,0.1191,-0.1855,1.2266,0.6133,10.7305,1.80,93.57,101.75,1
74.072,0.1016,-0.0312,-0.2695,-0.6133,8.1211,1.80,94.98,99.96,1
74.089,0.1035,-0.1406,0.8438,0.9961,7.3164,1.80,95.60,99.53,1
74.106,0.1133,-0.2539,2.7578,-0.8047,11.2187,1.80,94.73,101.41,1
74.123,0.0859,0.1113,3.9062,-1.4922,14.5586,1.85,95.17,99.96,1
74.142,0.1211,0.0449,-0.4219,0.8047,10.0039,1.85,96.35,101.62,1
74.159,0.1602,0.0391,0.6133,-0.3828,10.0742,1.85,94.21,101.19,1
74.177,0.1328,0.1680,2.4141,-0.5352,12.7227,1.85,94.56,100.39,1
74.191,0.1191,-0.1875,1.4180,-0.1914,9.9258,1.85,97.38,100.34,1
74.209,0.1504,-0.1504,0.0391,-1.5313,8.1562,1.85,99.03,101.33,1
74.227,0.1016,-0.0859,0.0781,0.8828,8.0078,1.85,98.16,102.56,1
74.242,0.1484,-0.3047,-1.1875,-1.6836,7.3945,1.85,99.17,102.35,1
74.259,0.1367,-0.3262,-0.1133,-0.2695,9.3867,1.85,99.21,104.77,1
74.276,0.1211,-0.3730,0.6914,-0.1914,8.2383,1.85,98.75,104.77,1
74.293,0.1172,-0.0020,2.4531,0.3047,12.7930,1.85,99.01,107.35,1
74.310,0.0664,0.0410,3.4844,0.6914,11.7227,1.85,102.30,105.93,1
74.329,0.1055,-0.2070,3.0273,-0.2305,12.2187,4.13,101.72,104.35,1
74.346,0.1172,-0.2363,0.5352,-1.1484,7.7383,4.13,102.64,106.03,1
74.361,0.0625,-0.0293,0.5352,-0.3437,9.3047,4.13,103.53,104.47,1
74.379,0.0820,-0.1133,1.4180,-0.6133,9.8867,4.13,100.92,105.94,1
74.400,0.1152,-0.1406,0.6914,-0.3437,8.7734,4.13,102.03,105.57,1
74.412,0.0566,-0.1504,1.9141,0.2695,9.9609,4.13,102.64,104.95,1
74.429,0.0879,-0.0859,0.5742,-0.1523,8.2734,4.13,211.06,108.53,1
74.447,0.0703,-0.0059,1.5703,-0.9961,10.8750,4.13,102.62,108.44,1
74.463,0.0586,-0.2539,-0.7266,-1.1484,7.3516,4.13,103.01,107.01,1
74.480,0.0605,-0.0527,0.6914,-1.4180,11.1133,4.13,103.25,108.27,1
74.501,0.0332,0.1113,-0.8047,-0.2695,7.2031,4.13,100.22,108.20,1
74.518,0.0176,-0.0215,2.0703,0.4961,10.3867,4.13,101.63,107.47,1
74.532,0.0371,-0.2168,2.0703,-1.3398,9.4648,12.17,101.88,106.43,1
74.549,0.0176,-0.0840,3.6406,-0.6914,14.0937,12.17,101.69,108.26,1
74.567,0.0156,0.0605,4.3672,-1.0352,14.8242,12.17,101.58,106.34,1
74.582,-0.0059,0.0762,1.0742,-0.5742,7.5117,12.17,103.26,105.89,1
74.599,0.0059,-0.0254,0.0391,-0.2695,7.6289,12.17,102.66,105.50,1
74.617,0.0391,-0.0215,-1.1094,-2.1055,7.6953,12.17,103.83,107.16,1
74.635,0.0469,0.1172,0.3047,0.0781,10.2695,12.17,103.76,109.21,1
74.650,0.0039,-0.0215,0.1914,-0.1914,8.3516,12.17,101.54,110.17,1
74.667,0.0527,-0.0820,0.2695,-2.1055,9.4219,12.17,102.76,108.06,1
74.684,-0.0234,0.1270,1.3789,-0.2695,10.4531,12.17,103.79,110.44,1
74.702,0.0195,-0.0449,1.0352,-0.7266,9.5820,12.17,105.10,111.00,1
74.718,0.0859,-0.1602,0.4609,-2.3359,10.3086,12.17,106.26,107.38,1
74.737,0.0449,-0.0117,0.9961,-1.4570,10.6914,13.74,107.57,107.99,1
74.752,0.0703,-0.1445,0.3437,-0.2695,8.7773,13.74,106.55,108.93,1
74.769,0.0996,-0.1914,-1.7617,-2.2227,7.8164,13.74,106.60,110.00,1
74.787,0.0117,-0.1172,0.5352,-1.1484,10.0352,13.74,108.14,110.78,1
74.803,0.1152,-0.1719,-0.1914,-0.8438,6.9687,13.74,105.99,111.33,1
74.821,0.1016,-0.1816,0.0781,-1.6484,8.4258,13.74,107.93,113.62,1
74.838,0.0332,-0.2090,0.9180,0.1133,8.7383,13.74,109.73,112.18,1
74.857,0.0742,-0.1875,1.7617,-0.8047,10.4961,13.74,106.73,115.07,1
74.877,0.1094,-0.1914,2.2617,-1.8398,10.4531,13.74,107.79,114.80,1
74.890,0.0527,-0.1895,0.9961,-1.6836,8.3906,13.74,110.66,114.92,1
74.908,0.0937,-0.0605,2.4531,-0.8828,10.9180,13.74,109.51,114.96,1
74.922,0.1523,-0.2559,1.2266,-0.9961,9.8867,14.28,109.90,113.25,1
74.940,0.0703,-0.1035,1.3789,-0.3828,9.0820,14.28,110.62,115.04,1
74.960,0.1172,-0.0312,1.3789,-0.4609,8.9648,14.28,110.45,113.74,1
74.975,0.2227,-0.2168,-0.9961,-2.9102,6.7422,14.28,110.10,115.15,1
74.990,0.0723,-0.1113,2.1445,-0.7266,11.5703,14.28,110.04,113.91,1
75.007,0.1738,-0.0742,0.6523,-1.8398,9.6094,14.28,110.73,114.78,1
75.029,0.2832,-0.0762,3.2578,2.1445,14.8984,14.28,106.76,116.35,1
75.041,0.1133,-0.0547,3.2578,2.1445,14.8984,14.28,109.72,116.58,1
75.059,0.1973,0.0078,-1.8008,-1.4922,6.9727,14.28,109.30,117.26,1
75.078,0.3164,-0.0117,1.9922,1.1484,10.9531,14.28,110.17,117.41,1
75.092,0.1602,-0.1855,2.1055,-1.3789,10.3047,14.28,110.85,117.05,1
75.109,0.1914,0.0312,1.2656,0.2305,11.1484,14.28,112.47,118.88,1
75.127,0.2949,0.0293,2.1445,-0.2695,9.7695,15.96,113.06,119.06,1
75.143,0.1680,-0.0215,1.2656,-0.5352,7.7383,15.96,112.64,119.29,1
75.160,0.1719,-0.0020,0.8438,0.8047,8.8437,15.96,113.73,119.70,1
75.177,0.2871,0.0078,2.7187,-0.6914,10.6914,15.96,114.30,119.40,1
75.196,0.3848,-0.0801,1.1875,0.2305,7.2773,15.96,113.30,120.09,1
75.211,0.1719,-0.0527,0.9570,0.6914,9.1172,15.96,112.07,119.09,1
75.232,0.2520,-0.0039,1.0742,-0.1523,9.0000,15.96,111.93,117.87,1
75.249,0.3594,0.0527,2.0703,-0.1523,12.7578,15.96,113.62,121.20,1
75.262,0.1875,-0.0410,1.2656,-0.9570,10.2266,15.96,114.18,119.67,1
75.279,0.2012,0.0215,0.1914,0.9570,8.1172,15.96,115.86,119.35,1
75.296,0.3125,0.1680,3.0273,0.0391,12.6055,15.96,114.90,121.42,1
75.315,0.3633,0.0762,1.6836,-1.1875,8.8164,16.76,115.45,118.48,1
75.330,0.1641,0.0605,1.8789,0.3437,8.0078,16.76,115.18,119.66,1
75.347,0.2578,0.1562,2.4141,0.0000,10.3086,16.76,117.92,122.62,1
75.366,0.3125,0.0820,1.7617,-0.4219,9.1172,16.76,118.37,120.45,1
75.381,0.1484,0.0508,-0.5352,0.7656,5.2812,16.76,117.43,120.19,1
75.399,0.2051,-0.1211,0.9570,-0.4609,8.8867,16.76,118.93,119.46,1
75.419,0.2559,-0.0078,-0.6914,-0.7656,7.3164,16.76,120.64,121.95,1
75.437,0.2871,-0.0078,0.9570,-0.6523,9.2656,16.76,118.81,123.08,1
75.452,0.1855,-0.1660,0.9570,-0.6523,9.2656,16.76,118.98,121.67,1
75.469,0.1699,0.0664,0.6523,-0.7656,8.1992,16.76,120.70,122.85,1
75.483,0.2129,-0.0508,3.7930,-0.6914,13.3320,16.76,119.92,125.05,1
75.500,0.1855,-0.0137,2.8359,-0.4961,10.0703,16.76,119.93,125.11,1
75.517,0.1797,-0.0801,0.5742,-0.4961,7.4336,17.19,120.47,126.61,1
75.536,0.1895,-0.1387,1.5313,-0.3828,9.3086,17.19,121.73,126.14,1
75.551,0.1758,0.1855,3.0664,-0.2305,11.5352,17.19,122.28,126.18,1
75.568,0.2012,0.0234,0.7656,0.0391,7.2031,17.19,121.05,127.29,1
75.589,0.1895,0.0215,0.9180,0.0000,8.2773,17.19,121.80,126.81,1
75.602,0.1875,0.0898,0.9180,0.0000,8.2773,17.19,119.29,126.10,1
75.621,0.2227,0.0996,-0.2305,-0.4609,9.4258,17.19,119.95,127.93,1
75.639,0.1973,0.1465,2.4141,0.1133,14.2891,17.19,119.60,125.25,1
75.656,0.1934,0.0508,2.1445,-0.1523,13.3672,17.19,119.26,124.18,1
75.671,0.1406,0.2207,-1.8008,0.4219,7.7734,17.19,120.21,125.90,1
75.687,0.1777,0.0625,0.4609,0.1133,7.6289,17.19,121.80,126.84,1
75.705,0.1758,0.0937,1.0742,-0.8828,9.3086,17.19,120.80,127.34,1
75.721,0.1465,-0.2637,-3.2187,-1.4922,3.7891,17.22,121.80,129.28,1
75.738,0.1250,0.0059,0.4609,-0.2695,11.0742,17.22,122.28,132.08,1
75.756,0.1387,0.0879,1.9922,-0.3437,10.9180,17.22,123.44,131.68,1
75.772,0.1504,-0.0762,-1.1094,0.2695,6.2812,17.22,123.41,131.22,1
75.792,0.1191,-0.2090,2.2227,-0.8828,11.5742,17.22,124.16,132.26,1
75.809,0.1367,-0.3594,0.1523,0.1523,8.5430,17.22,125.05,132.63,1
75.823,0.1367,0.1309,-1.6484,-0.7656,5.6328,17.22,125.98,131.79,1
75.840,0.1543,0.0273,1.9922,0.1133,10.6875,17.22,127.05,132.03,1
75.857,0.1191,0.0156,2.7969,0.1914,11.4961,17.22,126.25,130.72,1
75.875,0.0879,-0.0879,2.1055,0.1523,12.6016,17.22,125.68,133.64,1
75.891,0.0605,0.1680,1.6836,-1.4180,11.2969,17.22,128.04,132.59,1
75.909,0.0645,0.1055,3.2187,0.1523,10.9180,17.22,125.41,131.87,1
75.925,0.0820,0.1465,0.2695,0.3047,7.6953,17.54,125.99,134.99,1
75.942,0.0469,-0.2988,-1.6094,-0.6133,6.8945,17.54,126.20,131.54,1
75.959,0.0137,-0.1270,2.7578,1.0742,12.0625,17.54,124.92,130.74,1
75.978,0.0332,-0.1074,-1.8789,-1.2656,6.2422,17.54,125.91,131.44,1
75.995,0.0273,-0.1055,-2.2969,0.4609,5.3633,17.54,126.21,130.87,1
76.011,0.0566,0.1016,3.2930,-1.9531,14.8242,17.54,124.47,134.07,1
76.028,0.0352,0.1406,3.8672,-0.0781,13.4453,17.54,124.67,131.35,1
76.046,0.0215,-0.0273,-1.6836,0.0391,4.3320,17.54,128.17,133.74,1
76.061,0.0254,0.2090,-0.8828,-0.8438,6.6680,17.54,129.77,134.92,1
76.078,0.0254,0.1895,2.9492,0.9180,12.9453,17.54,129.74,132.47,1
76.096,-0.0117,0.3730,2.4531,-1.6484,12.4883,17.54,129.99,134.50,1
76.112,-0.0215,-0.1699,-2.9102,-0.8047,3.9062,17.54,129.75,133.56,1
76.130,-0.0586,-0.0527,0.9180,-0.1523,7.6992,18.22,257.20,137.63,1
76.149,-0.0859,-0.0410,-2.3750,-0.0391,3.9102,18.22,129.17,134.83,1
76.167,-0.0586,-0.0859,-3.3711,0.3437,5.2539,18.22,130.36,134.99,1
76.180,-0.0508,-0.0781,2.8711,-1.8008,15.2031,18.22,130.21,139.72,1
76.198,-0.0547,-0.0898,3.8320,-0.3828,12.4844,18.22,128.07,137.49,1
76.216,-0.0488,-0.1367,-1.0352,-1.0742,7.6602,18.22,130.67,136.44,1
76.231,-0.0645,0.1738,-3.3320,-1.1875,3.7930,18.22,131.70,135.80,1
76.248,-0.0977,0.1348,3.1406,0.4609,10.6094,18.22,133.83,139.39,1
76.266,-0.0645,0.1797,3.2930,-1.1875,11.7227,18.22,132.54,141.76,1
76.282,-0.0859,-0.3262,0.1523,-0.3437,7.7734,18.22,132.01,137.46,1
76.299,-0.0918,-0.3477,-0.3047,-0.4609,7.4336,18.22,130.48,137.91,1
76.316,-0.0586,-0.3301,3.1797,-2.3359,12.1797,18.22,131.75,137.34,1
76.333,-0.0898,0.3418,5.2500,0.1133,13.5273,18.71,131.65,141.70,1
76.352,-0.0898,0.4199,-3.0664,-0.4961,3.5234,18.71,133.87,141.74,1
76.369,-0.0703,0.3965,3.1016,-0.5742,12.1445,18.71,134.54,141.72,1
76.388,-0.0527,0.5215,6.4727,-1.8789,18.2773,18.71,133.03,137.46,1
76.401,-0.0625,-0.3281,-0.4219,0.6523,9.5391,18.71,134.28,137.04,1
76.418,-0.0547,-0.2422,-5.0977,-1.0742,2.7969,18.71,132.59,137.53,1
76.437,-0.0371,-0.3223,-1.9531,-0.3828,7.2773,18.71,133.12,141.50,1
76.452,-0.0840,0.3457,4.5586,-0.8828,14.9805,18.71,134.86,141.60,1
76.469,-0.0352,0.1855,0.4219,-1.4570,9.4609,18.71,137.16,141.04,1
76.487,-0.0488,0.1777,-4.7148,-0.8438,3.7148,18.71,137.51,139.41,1
76.503,-0.0820,-0.1719,-1.7617,-0.5352,6.8203,18.71,136.56,141.12,1
76.522,-0.0391,-0.2520,4.1758,0.1523,13.6367,19.52,136.00,143.53,1
76.539,-0.0840,-0.0859,-4.0273,-0.1523,1.6094,19.52,138.81,143.18,1
76.556,-0.0586,-0.2656,-3.9883,-1.3008,1.8398,19.52,137.16,143.84,1
76.571,-0.0488,0.0410,3.5234,-0.3437,10.8750,19.52,139.12,143.33,1
76.589,-0.0254,-0.0195,6.2422,-1.0352,14.5195,19.52,135.81,142.96,1
76.606,-0.0547,0.1133,3.1016,-1.3398,13.2500,19.52,138.10,145.10,1
76.622,-0.0586,-0.1289,-2.1055,-0.2695,6.9727,19.52,133.99,142.67,1
76.639,-0.0391,-0.1973,-0.8438,-0.8828,10.0039,19.52,135.30,142.17,1
76.656,-0.0488,-0.0469,6.8555,-0.5742,15.6289,19.52,134.77,141.26,1
76.673,-0.0195,0.2187,2.6055,-1.0742,12.1406,19.52,136.87,144.01,1
76.690,-0.0156,0.1387,-5.5937,-0.1133,3.0664,19.52,138.29,143.35,1
76.709,-0.0352,0.1562,3.1406,-2.1055,14.7539,19.52,139.45,144.51,1
76.728,-0.0332,0.2070,5.2852,-1.6836,15.6289,20.28,137.25,144.20,1
76.741,-0.0176,-0.0371,-1.2266,0.7266,7.0898,20.28,138.48,142.09,1
76.759,-0.0391,-0.1641,-4.9414,-0.7656,5.2852,20.28,135.94,142.29,1
76.776,-0.0254,-0.1562,-2.3359,-0.9180,6.6250,20.28,137.49,145.48,1
76.792,-0.0273,0.2793,4.9805,-0.5742,14.5156,20.28,139.30,142.84,1
76.809,-0.0254,0.3633,5.5156,-0.9570,15.5195,20.28,137.89,143.25,1
76.826,-0.0430,0.3203,-4.7930,0.3437,2.4141,20.28,138.37,145.07,1
76.843,-0.0195,-0.3691,-5.9805,-0.5742,1.4180,20.28,137.08,145.52,1
76.860,-0.0410,-0.1836,2.2227,-0.4609,12.2187,20.28,136.26,142.41,1
76.877,-0.0156,-0.3691,4.5977,-1.5313,13.5273,20.28,138.95,143.37,1
76.899,-0.0059,-0.3750,-4.0977,0.0000,6.2031,20.28,138.24,144.93,1
76.911,-0.0547,0.4102,-3.4492,-1.3008,6.6250,20.28,138.31,146.31,1
76.929,-0.0410,0.4121,4.2148,-0.9961,14.8633,20.89,138.39,146.26,1
76.945,-0.0254,0.4004,5.1719,-0.8828,15.9023,20.89,135.61,142.35,1
76.962,0.0098,-0.3340,-0.6523,-0.8828,10.0039,20.89,135.04,144.05,1
76.979,0.0176,-0.2871,-5.3633,-0.3047,1.9531,20.89,137.46,143.31,1
76.996,0.0059,-0.2852,-0.5742,-0.9961,9.2695,20.89,137.55,144.89,1
77.013,-0.0332,0.4902,4.1367,-0.8047,12.3359,20.89,138.47,141.22,1
77.030,-0.0391,0.5312,3.0664,-0.4609,11.9141,20.89,138.18,142.82,1
77.047,-0.0156,0.3848,-3.3711,-0.2305,5.7070,20.89,135.52,144.01,1
77.068,-0.0293,0.4766,0.3047,-0.7656,10.3867,20.89,135.67,143.06,1
77.082,0.0332,-0.4941,5.0937,-1.5703,17.0859,20.89,135.06,144.40,1
77.099,0.0430,-0.4316,0.4609,-0.2695,10.9922,20.89,134.17,143.62,1
77.116,-0.0020,-0.3828,-5.9414,-0.3047,3.1406,20.89,136.33,141.42,1
77.132,-0.0059,0.4297,-3.1016,-0.0781,5.7812,21.39,136.93,144.11,1
77.149,-0.0098,0.5312,4.8633,-1.5313,15.5469,21.39,135.39,143.25,1
77.168,-0.0137,0.2891,0.9961,-0.3828,10.2305,21.39,136.05,144.22,1
77.183,0.0234,-0.3613,-5.0977,-1.1875,3.2187,21.39,135.41,143.84,1
77.200,0.0410,-0.3945,-3.5625,-0.6914,4.0664,21.39,138.85,143.68,1
77.217,0.0312,-0.3477,2.0312,-0.0391,11.6055,21.39,138.06,147.38,1
77.239,0.0117,-0.3496,0.9570,0.1914,9.9609,21.39,138.64,145.84,1
77.253,0.0078,0.2305,-3.9062,-0.8828,4.2109,21.39,136.39,143.68,1
77.270,0.0098,0.2559,-0.4219,-0.6914,9.8867,21.39,137.19,143.39,1
77.288,0.0098,0.2598,3.8672,-1.0742,15.7852,21.39,134.50,144.18,1
77.302,0.0176,-0.1504,1.6836,-1.1094,12.2578,21.39,134.12,143.76,1
77.319,0.0234,-0.1855,-3.5625,0.3437,5.7812,21.39,135.28,143.68,1
77.336,-0.0039,-0.1934,-4.0625,-0.4219,4.2500,21.71,137.31,140.11,1
77.353,0.0234,0.2520,1.4570,-0.5742,12.2617,21.71,134.14,140.10,1
77.370,0.0195,0.2520,2.8359,-0.5742,15.0977,21.71,132.17,143.06,1
77.387,0.0391,0.2187,-2.5273,-1.1484,8.3945,21.71,133.05,142.82,1
77.410,0.0371,0.2012,0.8047,-0.7656,10.1914,21.71,133.53,139.55,1
77.421,0.0117,-0.0176,0.8047,-0.7656,10.1914,21.71,135.28,139.30,1
77.440,0.0059,0.0273,-2.7578,0.4609,7.4687,21.71,133.65,140.15,1
77.459,-0.0039,0.1680,-6.0859,-0.3047,0.3437,21.71,135.37,143.14,1
77.473,0.0527,-0.3750,1.5313,0.1914,10.8359,21.71,136.95,142.59,1
77.489,0.0371,-0.4336,4.2539,-0.8828,16.0469,21.71,136.69,144.05,1
77.506,0.0605,-0.6113,-3.4844,-1.2266,6.0898,21.71,133.33,141.00,1
77.523,-0.0254,0.4238,-2.9102,0.5742,6.4727,21.84,133.44,144.53,1
77.540,0.0098,0.2988,2.8359,-1.0742,13.6719,21.84,132.77,143.27,1
77.558,0.0273,0.3105,2.4531,0.1133,14.5586,21.84,131.41,141.60,1
77.576,0.0273,0.3672,-5.1328,-0.9570,8.1953,21.84,131.34,136.28,1
77.591,0.0078,-0.1133,-4.9023,0.1523,6.1289,21.84,131.80,136.28,1
77.608,0.0137,-0.0605,0.9180,-2.3359,11.4570,21.84,129.75,137.04,1
77.629,0.0312,-0.0937,-5.0586,-0.3047,4.4453,21.84,129.99,137.08,1
77.643,0.0410,-0.0449,0.1133,-0.7656,12.7891,21.84,128.95,138.85,1
77.659,0.0234,0.0078,3.4102,0.5352,13.9766,21.84,128.83,138.91,1
77.676,0.0449,-0.2402,-0.2305,-1.1094,10.0039,21.84,126.82,137.38,1
77.693,-0.0469,0.2637,-4.7109,0.6133,6.5898,21.84,127.57,134.92,1
77.710,-0.0371,0.3672,-1.0352,-0.8828,10.5742,21.84,127.02,132.91,1
77.727,0.0000,0.3730,2.1445,-1.8008,14.0547,21.96,127.71,132.52,1
77.746,0.0176,0.3965,-2.2617,-0.3047,8.8828,21.96,126.50,133.55,1
77.761,-0.0078,-0.2734,-5.9805,-0.8047,5.0195,21.96,126.34,134.81,1
77.778,-0.0176,-0.1504,-1.1875,0.1914,10.6523,21.96,126.34,135.59,1
77.799,-0.0215,-0.1230,-5.0547,-0.5742,5.2109,21.96,125.82,133.37,1
77.817,-0.0254,-0.0215,-4.2539,-0.3047,7.4297,21.96,126.53,132.14,1
77.829,0.0195,-0.1094,1.5313,-0.9180,13.4492,21.96,126.15,133.78,1
77.848,-0.0020,-0.3750,-0.6523,-1.0352,9.9219,21.96,125.57,132.78,1
77.863,-0.0059,0.2656,-5.0977,-0.2305,3.1797,21.96,124.05,132.56,1
77.880,0.0020,0.1816,0.3047,-0.1133,10.0000,21.96,124.38,134.19,1
77.898,0.0117,0.1504,2.1055,-1.3789,13.1445,21.96,123.03,133.94,1
77.917,0.0020,0.1152,-2.2227,-0.4219,6.3984,21.96,122.29,131.84,1
77.931,-0.0391,-0.1074,-2.4883,-0.5352,8.1562,21.96,122.22,129.38,1
77.948,-0.0254,-0.0410,1.0352,-1.5313,11.6055,21.96,120.99,127.68,1
77.969,-0.0059,0.0703,-4.6367,-1.2266,5.0547,21.96,120.63,126.34,1
77.982,0.0059,-0.1445,-4.6367,-1.2266,5.0547,21.96,120.82,122.84,1
78.001,-0.0059,-0.3984,-3.7148,0.1523,10.2695,21.96,121.24,123.53,1
78.019,-0.0605,-0.2559,-6.5508,-0.0391,6.7031,21.96,119.26,127.13,1
78.033,0.0371,-0.2441,-3.6016,0.3047,9.4648,21.96,120.25,131.77,1
78.050,-0.0254,-0.3691,-2.5273,-0.9180,9.6875,21.96,119.42,130.46,1
78.067,-0.0527,-0.7539,-6.4023,-0.0781,5.0937,21.96,120.51,130.01,1
78.085,-0.0879,-0.6680,-1.8398,-0.8047,12.7891,21.96,120.66,134.03,1
78.101,-0.0020,-0.3965,1.3008,-1.3789,16.4297,21.96,120.37,131.22,1
78.118,-0.0391,-0.3125,0.4219,-0.9570,12.7227,21.96,118.85,130.06,1
78.135,-0.0410,-0.6641,-4.0234,-0.2695,4.4062,21.56,120.89,126.81,1
78.152,-0.0488,-0.1621,4.7109,-0.6523,16.3945,21.56,119.95,126.60,1
78.172,-0.0215,0.0996,-0.8828,-0.9570,7.9727,21.56,119.60,125.85,1
78.189,0.0137,0.0312,3.4492,-0.9961,11.1484,21.56,118.23,123.23,1
78.203,-0.0566,-0.2305,3.7539,-1.7227,12.5234,21.56,116.02,122.74,1
78.221,-0.0234,-0.0195,1.6836,0.1523,10.8398,21.56,113.58,120.50,1
78.237,-0.0137,0.1816,3.1016,-0.7266,16.2852,21.56,109.63,118.58,1
78.256,0.0234,0.1172,0.8438,-0.7266,13.0273,21.56,107.18,110.18,1
78.271,-0.0762,0.2363,0.1523,-1.0352,15.4805,21.56,107.94,110.80,1
78.288,-0.0254,0.4199,-0.6133,-0.9961,12.4883,21.56,107.49,110.84,1
78.306,0.0234,0.3340,-3.9062,-1.6484,7.8945,21.56,106.08,112.40,1
78.322,-0.0879,0.4199,-0.1133,-0.8047,12.4844,21.43,104.55,111.66,1
78.339,-0.0703,0.4219,-0.4609,-1.3398,11.1484,21.43,106.19,106.15,1
78.359,0.0332,0.3340,-1.2266,-0.2305,12.8672,21.43,105.93,108.13,1
78.376,0.0918,0.4004,-1.2266,-0.4961,12.6445,21.43,103.47,109.24,1
78.391,-0.0859,0.5156,-4.3320,0.0781,3.2578,21.43,103.76,108.15,1
78.408,0.0664,0.0781,-4.0625,-0.7266,4.1367,21.43,102.47,108.44,1
78.425,0.1055,0.1172,-3.9883,-0.8828,3.4102,21.43,102.54,111.02,1
78.441,-0.0371,0.0977,-0.3437,-0.6914,7.8945,21.43,102.76,110.50,1
78.459,0.0547,0.0918,-1.9922,-1.0352,4.8594,21.43,102.04,111.58,1
78.477,0.0625,-0.0449,-2.2227,-0.7656,3.6445,21.43,104.17,108.44,1
78.492,-0.0234,-0.0488,-1.2266,0.9961,5.3633,21.43,104.79,108.27,1
78.509,0.0586,-0.0254,-1.4922,-1.0742,6.4727,21.43,102.85,109.41,1
78.529,0.0117,0.1406,0.6133,-0.8047,12.6406,20.89,102.17,106.19,1
78.543,0.0039,0.1113,0.6133,-0.8047,12.6406,20.89,99.85,105.78,1
78.561,0.0352,0.2246,-3.9844,-0.1914,3.7148,20.89,99.94,106.24,1
78.580,0.0059,0.1953,-0.6914,-0.7656,9.0430,20.89,99.48,105.20,1
78.595,0.0117,0.1289,-3.1797,-0.4961,4.3281,20.89,99.59,108.51,1
78.611,0.0117,-0.0527,-3.6055,-0.3047,2.4141,20.89,100.52,106.39,1
78.628,0.0039,0.1016,0.9570,-0.0781,12.5273,20.89,99.15,106.81,1
78.646,0.0566,-0.0547,-2.2227,-1.9141,7.9336,20.89,99.35,103.47,1
78.662,0.0293,0.1230,1.3398,-0.9570,12.8320,20.89,98.49,102.59,1
78.679,0.0547,-0.0215,-3.0273,-0.5352,6.0156,20.89,97.13,102.13,1
78.696,0.0762,-0.0449,-0.9570,-0.2305,9.3086,20.89,98.26,101.62,1
78.713,0.0234,0.1484,0.3047,-0.5742,12.5625,20.89,98.31,102.32,1
78.732,0.0781,-0.0020,-1.9531,0.5742,8.0078,19.08,98.11,103.33,1
78.749,0.0586,0.0195,-3.2930,-1.0742,6.2852,19.08,95.31,104.54,1
78.766,0.0117,0.0254,0.2695,-0.1133,11.8750,19.08,95.37,102.53,1
78.781,0.0625,0.0977,-0.6914,0.0391,10.3086,19.08,94.75,103.30,1
78.798,0.0410,0.1680,-1.2266,-0.6133,8.5430,19.08,96.00,100.21,1
78.815,0.0391,0.0039,-2.2969,-0.1914,8.4258,19.08,95.74,98.83,1
78.832,0.0410,0.0645,0.0000,-0.3437,12.6836,19.08,94.54,101.08,1
78.849,0.0605,-0.0312,-2.1445,-0.4609,8.4258,19.08,92.77,100.89,1
78.867,0.0469,0.0566,-0.6914,-0.3047,11.0312,19.08,92.64,100.67,1
78.883,0.0469,0.0586,-2.6055,-0.1523,7.2344,19.08,92.54,99.22,1
78.902,0.0566,-0.0430,-0.4961,-1.1484,11.2617,19.08,94.52,100.68,1
78.920,0.0508,-0.0273,-3.3320,-0.5742,5.2500,19.08,92.07,99.06,1
78.937,0.0176,-0.0137,-0.1523,-0.3047,11.4570,17.67,92.08,99.06,1
78.951,0.0469,0.0664,-1.7617,-0.8438,6.7070,17.67,92.58,100.29,1
78.968,0.0332,-0.0176,0.0000,-0.8438,10.1094,17.67,93.55,98.56,1
78.986,0.0508,-0.0957,-1.6484,-1.2266,8.6172,17.67,93.13,98.98,1
79.002,0.0430,0.0488,0.9570,-0.5352,12.8711,17.67,92.29,97.17,1
79.020,0.0762,0.0430,-0.4961,-1.8789,10.1914,17.67,91.36,95.66,1
79.036,0.0820,-0.0254,-2.0703,-0.8047,7.0508,17.67,92.26,95.15,1
79.053,0.0566,-0.0469,-0.8047,0.6133,9.0781,17.67,91.84,96.25,1
79.070,0.0645,0.0234,-1.0352,-0.9961,9.1211,17.67,91.67,97.28,1
79.089,0.0566,-0.0859,-1.6484,-0.1914,8.4219,17.67,89.86,94.54,1
79.107,0.0840,-0.1270,-0.6523,-1.7617,11.4531,17.67,89.02,94.57,1
79.122,0.0781,0.1133,0.0000,-1.4922,11.9180,17.67,90.21,92.96,1
79.139,0.1055,0.0781,-0.8438,-1.0742,9.9258,17.32,88.08,94.85,1
79.156,0.1250,0.0195,-1.5703,-0.0781,7.4297,17.32,87.91,93.30,1
79.172,0.1035,-0.0625,-1.5313,-0.8047,8.5039,17.32,87.01,94.20,1
79.189,0.1211,-0.0312,-0.8438,-0.6133,9.8477,17.32,88.46,92.30,1
79.206,0.1074,0.0059,-0.6523,-0.8438,10.6914,17.32,87.05,91.63,1
79.223,0.0996,0.0762,-0.1133,-1.2266,11.3359,17.32,86.00,93.41,1
79.240,0.1230,0.0566,-1.9922,-1.2656,8.1211,17.32,85.62,91.89,1
79.257,0.1426,-0.0117,-2.4141,0.3437,7.7383,17.32,85.95,89.25,1
79.279,0.1152,0.1348,-1.6484,0.1133,9.3828,17.32,85.23,90.09,1
79.292,0.1270,-0.0195,-1.1094,0.0391,9.6875,17.32,84.41,91.17,1
79.309,0.1133,0.0000,-2.3750,-0.2695,6.3594,17.32,85.94,91.79,1
79.327,0.0977,-0.0898,-1.5703,-1.1094,8.1562,16.15,85.58,90.60,1
79.342,0.1211,0.0508,0.0781,-0.3047,10.7695,16.15,83.22,89.89,1
79.359,0.1250,-0.0430,-0.4609,0.0000,9.5820,16.15,83.14,89.14,1
79.377,0.0918,0.0703,0.0000,-0.1914,10.6133,16.15,85.28,90.48,1
79.393,0.1016,-0.1035,-2.7187,-0.5352,6.3984,16.15,83.96,89.09,1
79.410,0.0957,0.0664,0.6914,-0.3047,12.3750,16.15,82.22,87.94,1
79.427,0.0801,0.0996,0.0781,-0.8438,10.7656,16.15,83.39,86.86,1
79.449,0.1016,0.0195,-3.0273,-0.3828,5.4805,16.15,83.97,87.35,1
79.463,0.0957,-0.0586,-0.6523,0.3828,9.9219,16.15,82.07,88.31,1
79.479,0.0684,-0.0059,-1.5313,0.6523,8.9609,16.15,82.80,86.04,1
79.497,0.0820,0.0449,-0.7656,-0.8438,10.0000,16.15,83.19,87.60,1
79.512,0.0957,0.0371,-2.0312,0.0391,7.4336,16.15,81.74,87.58,1
79.529,0.0703,0.0059,-0.5742,-0.1914,11.2187,15.28,80.69,86.91,1
79.548,0.0801,-0.0488,-1.8398,-0.6133,8.6602,15.28,81.54,85.34,1
79.563,0.0801,-0.0527,-1.3398,-0.0391,9.9219,15.28,82.24,85.72,1
79.580,0.0801,-0.0020,-1.6484,-0.3047,8.2383,15.28,79.50,86.30,1
79.597,0.0859,-0.0059,-1.4570,-0.2695,9.0820,15.28,80.78,84.04,1
79.619,0.0859,-0.0273,-0.6523,-0.9961,10.6484,15.28,80.21,83.33,1
79.636,0.0781,-0.0645,-1.4180,-0.4609,8.4219,15.28,79.48,84.04,1
79.649,0.0840,0.0273,-1.7617,-0.4609,7.2344,15.28,80.18,82.88,1
79.668,0.0762,-0.0039,-0.4219,0.1133,9.1992,15.28,79.16,83.40,1
79.682,0.0508,-0.0547,-0.5352,-0.2305,11.1875,15.28,78.33,84.91,1
79.700,0.0430,0.0176,-0.7656,0.2695,10.1133,15.28,78.79,85.25,1
79.716,0.0645,0.0078,-0.9570,-0.2305,8.2734,15.28,78.02,82.28,1
79.733,0.0234,-0.0293,-0.4961,-0.2305,10.6875,14.69,77.05,82.80,1
79.751,0.0547,0.0273,-1.4180,-1.2266,8.5430,14.69,76.96,82.49,1
79.767,0.0527,0.0273,-1.4180,-0.4609,9.3867,14.69,77.59,80.27,1
79.786,0.0449,0.0059,-1.7617,0.1523,8.1953,14.69,75.96,81.80,1
79.801,0.0215,-0.0859,-2.6797,-0.3047,5.5977,14.69,77.11,82.18,1
79.821,0.0078,-0.0391,0.3047,-0.3828,11.7617,14.69,76.20,81.70,1
79.839,0.0312,-0.0234,0.9180,0.1914,11.9570,14.69,74.52,80.04,1
79.852,0.0117,0.0937,-1.1875,-1.4922,7.3945,14.69,76.31,80.99,1
79.869,0.0273,-0.0117,-0.0781,-0.5742,10.2695,14.69,73.70,79.85,1
79.886,0.0352,0.1133,-0.4609,-0.8047,10.4180,14.69,74.73,79.12,1
79.903,0.0176,0.0371,0.0391,-0.2305,10.1875,14.69,74.65,79.13,1
79.920,-0.0020,0.0488,-1.3008,0.0391,9.0781,14.15,73.39,79.48,1
79.938,0.0059,0.0449,-0.2695,-1.0352,9.3047,14.15,74.04,77.71,1
79.956,0.0117,0.1875,1.1484,0.0391,12.6055,14.15,73.02,78.67,1
79.971,0.0117,0.1875,-0.4219,-1.3789,9.8437,14.15,72.11,77.84,1
79.988,0.0117,0.2344,-1.1484,-0.0781,8.6562,14.15,72.89,75.35,1
80.008,0.0312,0.1543,-1.4922,-0.6523,7.6250,14.15,72.23,76.97,1
80.023,0.0176,0.1758,0.3828,-0.3047,10.4180,14.15,72.94,76.68,1
80.040,0.0059,0.2187,-1.2266,-0.7656,8.3164,14.15,71.01,75.61,1
80.056,0.0312,0.2539,0.4961,0.1523,10.3867,14.15,71.02,75.99,1
80.073,0.0195,0.1992,-0.6914,-1.9141,7.4727,14.15,72.27,75.04,1
80.090,0.0059,0.1211,-1.1484,0.6523,8.4258,14.15,70.71,74.62,1
80.107,-0.0059,0.2598,0.3047,-0.4219,11.3750,14.15,69.40,75.73,1
80.126,0.0195,0.1953,-1.9531,-1.7227,8.0117,13.15,70.98,73.94,1
80.141,0.0098,0.2598,-1.1875,0.1523,8.3945,13.15,69.75,72.83,1
80.158,0.0371,0.2227,-1.4922,-1.3398,7.3516,13.15,71.01,74.33,1
80.179,0.0508,0.2324,-0.1133,-0.4961,10.4531,13.15,69.84,74.13,1
80.197,0.0352,0.2246,-2.2617,-0.4219,8.0391,13.15,69.49,75.24,1
80.210,0.0195,0.1582,-1.4922,0.4219,9.4648,13.15,70.58,73.27,1
80.228,0.0156,0.1191,-2.3359,-0.4219,8.3516,13.15,70.02,70.77,1
80.243,-0.0020,0.1211,-4.1367,-1.9922,7.0117,13.15,70.58,73.21,1
80.260,0.0312,0.0352,-3.4102,-0.3047,8.1602,13.15,69.53,74.70,1
80.278,0.0293,-0.0508,-4.5195,-0.0781,6.5469,13.15,71.38,74.64,1
80.297,-0.0078,-0.1309,-2.6445,1.6094,7.8906,13.15,72.24,77.86,1
80.311,-0.0078,-0.1035,-1.6094,-0.4609,9.2266,13.15,71.63,77.65,1
80.328,0.0039,-0.2305,-2.2969,-0.6133,7.6289,13.02,73.30,79.26,1
80.349,-0.0254,-0.1836,-2.1445,-0.8438,6.8242,13.02,71.64,80.76,1
80.362,-0.0176,-0.2500,-2.1445,-0.8438,6.8242,13.02,72.20,78.57,1
80.381,-0.0234,-0.2012,-1.3008,0.0781,7.3516,13.02,74.72,78.71,1
80.399,-0.0273,-0.3125,-0.7656,-0.7656,8.5820,13.02,72.76,79.64,1
80.413,-0.0273,-0.2285,-0.3828,-0.3437,9.6914,13.02,74.21,79.20,1
80.430,-0.0098,-0.2285,-1.3008,-0.6133,7.4336,13.02,74.47,77.95,1
80.447,-0.0312,-0.2402,-0.5352,-0.4961,9.0430,13.02,72.80,79.39,1
80.466,-0.0605,-0.2578,-1.0352,-1.3789,6.4375,13.02,74.13,78.29,1
80.481,0.0156,-0.3535,-1.8789,-0.6523,6.2852,13.02,72.82,77.95,1
80.499,-0.0156,-0.2812,-0.9570,-1.7617,8.3945,13.02,73.48,78.88,1
80.516,-0.0430,-0.1934,-0.3828,-1.1484,8.5000,13.02,73.96,76.35,1
80.532,-0.0430,-0.1934,-0.3828,-1.0742,8.5000,12.39,73.39,77.10,1
80.553,0.0059,-0.3594,1.8008,-0.3047,11.7187,12.39,73.71,78.02,1
80.568,-0.0469,-0.3047,0.3437,-1.3008,9.0781,12.39,72.57,77.52,1
80.583,0.0137,-0.2812,0.7266,-0.4219,10.5352,12.39,71.37,77.86,1
80.600,0.0039,-0.2637,0.0000,-0.6914,10.0000,12.39,71.92,76.36,1
80.617,-0.0215,-0.2070,0.1914,-0.5742,10.8359,12.39,68.89,76.17,1
80.636,-0.0664,-0.0527,1.5313,0.4961,13.6328,12.39,69.74,74.87,1
80.651,0.0117,-0.1621,-0.3437,-1.4180,11.3359,12.39,69.10,75.13,1
80.668,-0.0312,-0.0332,1.0352,-0.1523,14.8594,12.39,67.82,73.43,1
80.687,-0.0605,-0.0469,0.9180,-1.8398,13.7930,12.39,69.49,73.75,1
80.702,0.0098,0.0352,0.3828,-0.9180,13.5625,12.39,68.23,73.36,1
80.719,-0.0312,0.0918,0.4219,-0.1133,13.1406,13.19,68.73,70.47,1
80.739,-0.0645,0.1387,-0.6914,-0.4961,12.8281,13.19,68.36,72.81,1
80.757,-0.0547,0.1484,-1.0742,-0.2305,9.5820,13.19,67.88,72.23,1
80.770,-0.0508,-0.0625,0.0000,-0.4219,11.1133,13.19,69.59,72.92,1
80.788,-0.0918,-0.0020,-1.2656,-0.8047,8.8477,13.19,67.96,72.12,1
80.807,-0.0645,-0.0801,-2.1445,-0.5352,6.7422,13.19,69.27,72.05,1
80.821,-0.0605,0.0645,0.6133,-0.6523,11.6016,13.19,68.25,73.14,1
80.838,-0.0645,0.1406,0.0000,-1.8789,11.8008,13.19,67.96,73.61,1
80.857,-0.0430,0.0098,-1.9141,-0.4961,6.8516,13.19,67.27,70.37,1
80.872,-0.0117,0.0820,-0.1914,-1.4180,12.4492,13.19,65.84,71.78,1
80.890,-0.0098,0.0078,-3.0664,-1.5703,6.6289,13.19,68.21,69.70,1
80.906,-0.0371,0.0078,-0.8828,-0.4219,7.6602,13.19,66.51,69.48,1
80.923,-0.0059,-0.0156,-1.4570,-1.3008,7.5859,11.98,67.63,70.89,1
80.941,-0.0078,-0.1094,1.8398,-0.7266,11.5742,11.98,66.00,72.26,1
80.959,-0.0449,0.0547,-0.0781,-1.2656,10.0000,11.98,67.10,71.52,1
80.977,-0.0254,-0.0605,-2.2227,-0.4961,5.3203,11.98,65.51,69.77,1
80.991,0.0059,-0.0137,-0.4609,-1.0742,10.1875,11.98,65.73,69.58,1
81.008,-0.0039,0.0449,-0.0781,-1.3008,9.4258,11.98,66.30,69.77,1
81.027,0.0098,-0.0430,-0.8438,-0.6914,8.9609,11.98,64.96,69.33,1
81.042,-0.0137,0.0078,-0.0781,-0.4961,10.9922,11.98,65.81,70.83,1
81.059,-0.0137,-0.0039,-0.9180,0.0781,8.7773,11.98,65.36,68.31,1
81.076,0.0039,-0.0762,-1.4180,-0.4219,8.0391,11.98,66.23,69.01,1
81.093,0.0098,-0.0508,-0.4961,-0.8047,9.9258,11.98,65.06,68.87,1
81.113,0.0176,-0.0566,-0.6914,0.0781,8.5000,11.98,66.07,70.51,1
81.130,-0.0039,-0.0762,-0.4219,-0.0391,11.0703,11.59,64.25,68.06,1
81.146,0.0176,-0.0156,-0.3437,-1.2266,9.5430,11.59,64.05,68.05,1
81.161,0.0078,-0.0625,0.3828,0.3047,11.4180,11.59,65.62,68.42,1
81.178,0.0078,-0.0371,-1.6094,-1.1094,7.3164,11.59,64.27,66.96,1
81.196,0.0098,-0.0508,0.1914,-0.3047,10.6484,11.59,64.39,68.70,1
81.212,-0.0137,0.1348,0.0391,0.0781,10.4531,11.59,64.07,67.62,1
81.229,-0.0176,-0.0020,-1.0352,-0.1133,6.4023,11.59,65.87,67.49,1
81.246,0.0000,-0.0742,-2.3359,-0.1914,6.0469,11.59,64.83,70.13,1
81.263,-0.0234,-0.0664,-0.3047,-1.0742,8.0078,11.59,65.99,68.27,1
81.280,-0.0098,-0.0996,0.4961,-0.0781,9.8047,11.59,64.23,70.03,1
81.299,0.0195,-0.1562,-0.5742,-0.0391,9.8828,11.59,64.90,67.58,1
81.314,-0.0371,-0.0234,-0.5742,-0.0391,9.8828,11.59,64.04,68.76,1
81.331,-0.0098,-0.0293,-1.3008,-0.9570,7.9336,11.52,63.54,67.87,1
81.348,0.0117,-0.0898,-0.3828,-0.8438,10.0742,11.52,63.83,66.84,1
81.367,0.0254,-0.0918,-1.1875,-1.9531,9.3828,11.52,62.88,68.11,1
81.382,-0.0371,0.0059,-0.6133,0.3437,10.1094,11.52,63.22,67.36,1
81.399,0.0059,-0.0625,-0.7656,-0.1523,8.8164,11.52,62.83,67.68,1
81.416,0.0449,-0.1855,-1.2656,-1.0352,8.0391,11.52,63.77,66.25,1
81.433,0.0293,-0.0762,0.3047,-1.2656,9.9219,11.52,62.04,67.54,1
81.450,0.0469,-0.0703,0.6523,-1.3008,11.7617,11.52,62.21,67.23,1
81.469,0.0547,-0.0625,-0.5742,-1.8789,10.2695,11.52,60.62,67.27,1
81.489,0.0391,-0.0293,-0.8828,-1.2656,10.0352,11.52,62.15,66.42,1
81.501,0.0801,0.0078,-0.4219,-1.7617,9.7695,11.52,60.81,65.04,1
81.519,0.0781,0.0332,-0.3437,-0.1523,9.8867,11.52,61.82,65.12,1
81.538,0.0586,-0.0176,-0.7656,-0.5352,8.7734,11.59,60.40,65.24,1
81.552,0.0508,0.0117,-0.1914,0.3437,9.3437,11.59,61.38,64.79,1
81.569,0.0645,0.0547,1.0352,-0.6914,11.3398,11.59,60.57,64.40,1
81.586,0.0664,0.0293,0.1133,-0.3047,9.8437,11.59,60.72,65.25,1
81.603,0.0625,0.0293,0.7656,0.3047,10.4531,11.59,59.54,62.91,1
81.621,0.0762,-0.0117,-1.9141,-0.6523,6.1250,11.59,60.84,62.23,1
81.637,0.0371,0.1504,0.4219,0.3828,10.5703,11.59,59.66,62.23,1
81.654,0.0820,-0.0254,-1.8008,-1.4570,7.3125,11.59,58.96,62.27,1
81.672,0.0664,-0.0039,-1.1875,0.1523,8.3516,11.59,58.96,63.38,1
81.690,0.0566,0.0410,0.0391,-0.4609,9.8047,11.59,60.39,62.18,1
81.706,0.0547,0.0273,-0.4219,0.7656,9.1602,11.59,60.23,62.81,1
81.722,0.0527,-0.1113,-0.3828,-0.8828,9.3047,10.78,59.01,62.38,1
81.739,0.0781,-0.1230,-1.5313,-0.9570,7.9687,10.78,59.98,63.50,1
81.756,0.0625,-0.0957,-0.6914,-0.6523,9.3086,10.78,59.98,62.56,1
81.773,0.0566,-0.0293,-0.6914,0.3047,9.1602,10.78,59.48,63.71,1
81.790,0.0547,-0.0566,0.0781,-0.4219,9.9258,10.78,58.19,61.99,1
81.807,0.0527,-0.0469,-0.1914,-0.2305,10.2305,10.78,59.02,63.64,1
81.824,0.0176,0.0547,1.6484,0.3047,12.8320,10.78,57.46,61.99,1
81.843,0.0332,0.0312,-0.2695,0.4609,10.6094,10.78,57.46,62.45,1
81.859,0.0273,0.0879,-0.9180,0.0391,9.0820,10.78,58.52,61.85,1
81.877,0.0195,0.0840,0.2305,-0.1133,10.6875,10.78,57.30,61.97,1
81.892,-0.0137,-0.0254,-0.3437,-0.1914,9.8086,10.78,58.08,62.68,1
81.909,0.0059,-0.0410,-0.5352,0.2695,8.9219,10.78,57.66,62.68,1
81.927,0.0078,-0.0293,-1.2266,0.3828,8.5430,11.20,58.26,62.57,1
81.943,-0.0254,0.0352,-1.2266,-0.1133,8.8125,11.20,56.95,60.70,1
81.960,-0.0371,-0.0293,0.0781,1.0742,10.7266,11.20,57.59,61.20,1
81.978,-0.0371,-0.0312,-0.1523,-0.8438,10.0312,11.20,56.78,60.98,1
81.999,-0.0195,-0.0332,0.5742,0.2695,10.7266,11.20,56.97,61.01,1
82.016,0.0000,-0.1172,-2.7969,-1.0352,5.5195,11.20,56.72,60.49,1
82.029,-0.0586,0.0586,-0.7656,0.3047,9.1602,11.20,57.39,61.55,1
82.049,-0.0508,0.0254,-0.8047,-0.3828,8.6992,11.20,55.97,60.88,1
82.062,-0.0723,-0.0996,0.0391,-0.3437,9.4219,11.20,57.34,61.03,1
82.079,-0.0781,-0.0508,0.1523,-0.6914,9.8828,11.20,55.96,60.99,1
82.096,-0.0762,0.0098,-0.0391,-0.5352,9.1211,11.20,57.02,61.18,1
82.113,-0.0508,-0.1152,-1.2656,-0.8047,6.8203,11.20,55.98,60.40,1
82.130,-0.0918,-0.1152,-0.7266,-0.4219,7.9687,10.32,56.74,62.08,1
82.147,-0.0840,-0.1367,-0.6133,-0.0391,7.8555,10.32,55.62,60.18,1
82.164,-0.0801,0.0254,1.1875,-0.7266,11.2578,10.32,55.67,61.34,1
82.181,-0.0684,-0.0039,0.4609,-1.1094,10.2266,10.32,54.80,59.40,1
82.200,-0.0645,-0.0059,-0.9961,-1.1875,8.8125,10.32,55.05,60.06,1
82.219,-0.0977,-0.0527,-0.4961,-0.1523,8.6953,10.32,54.00,59.50,1
82.232,-0.0840,0.0527,-1.3008,-0.6523,8.5391,10.32,54.00,59.38,1
82.249,-0.0781,0.0586,0.1914,-1.2656,10.2305,10.32,107.18,58.57,1
82.266,-0.0742,0.0410,0.0000,-0.2305,10.1133,10.32,107.75,59.02,1
82.283,-0.1016,0.0059,0.5352,-1.8398,11.2578,10.32,54.50,57.77,1
82.300,-0.0664,-0.0371,-1.1484,-0.4219,8.0430,10.32,53.38,58.85,1
82.317,-0.0859,-0.0020,-1.0352,-0.5742,8.8164,9.37,54.61,57.04,1
82.336,-0.1035,0.0195,-0.6133,-1.0742,9.2695,9.37,53.87,58.34,1
82.352,-0.1016,-0.0879,-0.8438,-0.2695,8.1953,9.37,54.75,57.69,1
82.368,-0.1016,-0.0508,-0.0781,-1.3398,9.9219,9.37,53.27,59.11,1
82.389,-0.0898,-0.0742,0.3437,-0.5352,10.5312,9.37,54.24,56.92,1
82.403,-0.1387,0.0625,-0.6914,-1.3398,8.5391,9.37,53.57,58.29,1
82.419,-0.0996,-0.0215,-0.4219,-0.4609,8.8828,9.37,53.57,57.01,1
82.436,-0.0879,-0.0137,-0.6523,-0.8438,8.7773,9.37,54.34,58.19,1
82.453,-0.0957,-0.0137,0.1523,-1.0742,9.8437,9.37,54.42,56.70,1
82.470,-0.1211,0.0000,0.4609,-0.4609,10.4922,9.37,54.42,58.21,1
82.487,-0.1113,0.0254,-0.1133,-1.6094,9.4258,9.37,52.94,56.63,1
82.504,-0.1035,-0.0156,-0.9961,-1.2266,7.8906,9.37,54.36,57.25,1
82.521,-0.1211,-0.0801,-1.3398,-1.0742,7.8516,8.30,53.34,57.30,1
82.538,-0.1152,-0.0469,1.4180,-1.5313,11.3398,8.30,54.63,57.28,1
82.559,-0.0508,-0.0586,0.8438,-0.9570,11.2578,8.30,53.28,56.68,1
82.576,-0.0234,-0.0605,-1.4922,-0.6133,7.6953,8.30,53.90,57.93,1
82.590,-0.1094,0.0098,-0.1133,-1.1094,9.5781,8.30,53.07,57.93,1
82.607,-0.0605,0.0137,0.0781,-1.1094,9.3437,8.30,53.56,57.18,1
82.623,-0.1016,-0.0566,1.2266,-2.5664,10.9922,8.30,53.06,56.24,1
82.641,-0.1133,-0.0312,-0.4609,-0.4961,7.5117,8.30,53.38,56.99,1
82.658,-0.0508,-0.0215,0.9180,-1.0742,10.8789,8.30,53.38,56.99,1
82.676,0.0176,0.0078,0.3047,-1.0742,10.6094,8.30,51.91,54.51,1
82.691,-0.0801,0.1133,-0.0781,-0.1914,9.3437,8.30,53.13,55.06,1
82.708,-0.0645,0.0898,-0.2305,-0.0391,8.6992,8.30,51.92,53.09,1
82.730,-0.0215,0.0957,-1.0352,-0.9570,7.8555,7.26,52.68,53.99,1
82.742,-0.0820,0.0586,-1.0352,-0.9570,7.8555,7.26,51.70,53.03,1
82.762,-0.0625,0.0937,-0.6523,-0.9570,8.8477,7.26,51.79,53.81,1
82.778,-0.0176,-0.0176,-1.0742,0.5742,8.3125,7.26,51.18,52.61,1
82.793,-0.1113,0.1094,-1.4922,-0.7656,7.3906,7.26,51.18,53.93,1
82.810,-0.0879,0.0156,-2.2227,-0.1133,6.4727,7.26,51.75,53.93,1
82.828,-0.0273,-0.0039,-0.1523,-1.1484,9.8828,7.26,51.05,53.76,1
82.844,-0.0781,0.0156,0.0391,-0.7266,10.6914,7.26,50.76,52.94,1
82.861,-0.0859,0.0293,-0.2695,-0.4609,9.8867,7.26,49.88,52.94,1
82.879,-0.0586,0.0098,-1.4180,-0.7656,8.8437,7.26,49.98,52.49,1
82.897,-0.0078,0.0312,-0.6133,-0.9961,10.3047,7.26,48.69,51.88,1
82.912,-0.1035,-0.0352,-1.4922,0.3047,8.7773,7.26,48.69,51.78,1
82.929,-0.0684,0.0020,0.4609,-1.3398,11.5312,7.32,49.30,51.05,1
82.949,0.0059,-0.0762,-0.8047,-0.3828,10.6523,7.32,48.32,50.82,1
82.963,-0.0957,0.1172,-2.3359,-0.8047,8.8125,7.32,48.10,49.86,1
82.981,-0.0820,0.0547,-1.2656,-0.1914,9.9648,7.32,47.31,49.61,1
82.997,-0.0254,0.0547,-0.6133,-0.1914,11.2969,7.32,47.31,49.61,1
83.016,0.0078,0.0996,-0.4219,-1.9922,11.2187,7.32,47.43,49.35,1
83.031,-0.0879,-0.0332,-2.6797,0.0000,6.7852,7.32,46.26,49.85,1
83.048,-0.0273,-0.0312,-1.4180,-1.1484,10.1523,7.32,46.74,47.64,1
83.066,0.0059,-0.0195,-0.0391,-1.0352,11.7187,7.32,44.70,48.29,1
83.082,-0.0996,0.0645,-1.2266,-0.2695,9.7656,7.32,44.70,48.29,1
83.099,-0.0332,0.0156,-2.3359,-1.0742,7.8555,7.32,45.94,45.74,1
83.120,-0.0020,0.1016,-0.0391,-0.6523,11.2578,7.32,43.60,46.43,1
83.136,-0.0215,0.0293,-2.2969,-0.3047,8.1992,6.17,43.96,44.65,1
83.151,-0.0449,0.0176,-0.5742,-1.5703,11.7227,6.17,43.96,45.11,1
83.167,0.0176,0.0312,-3.1797,-1.1484,6.8945,6.17,41.71,45.11,1
83.187,-0.0059,0.0293,-1.8789,-0.5742,8.7734,6.17,42.33,42.05,1
83.201,-0.0371,0.0762,-1.5313,-0.5352,9.1992,6.17,42.33,42.05,1
83.218,0.0059,0.0820,-0.7266,-0.6133,10.6094,6.17,40.55,42.90,1
83.236,0.0078,0.0645,-3.0664,-1.3789,7.3906,6.17,40.20,41.22,1
83.252,-0.0391,-0.0176,-2.5664,-0.2305,7.9336,6.17,40.20,40.70,1
83.269,0.0312,-0.0137,-1.4570,-2.2617,9.9648,6.17,38.77,40.70,1
83.290,0.0117,-0.0293,-2.2617,0.8047,7.5859,6.17,38.51,40.14,1
83.303,-0.0527,0.0469,-2.2617,0.8047,7.5859,6.17,38.51,38.98,1
83.322,-0.0137,0.0566,-1.7227,0.6523,9.3047,6.22,37.29,38.98,1
83.338,0.0078,0.0332,-1.3398,-1.3789,10.1094,6.22,36.56,38.07,1
83.356,-0.0195,0.0664,-1.9141,-0.8047,8.2383,6.22,36.56,38.03,1
83.371,-0.0098,-0.0957,-2.1836,-0.3437,8.4609,6.22,35.27,38.03,1
83.388,0.0117,0.0137,-1.1875,-2.0703,10.6094,6.22,35.27,36.33,1
83.406,-0.0020,0.0020,-2.3359,-1.0352,8.8437,6.22,34.61,36.16,1
83.422,-0.0332,-0.0059,-2.3359,-1.2656,9.1211,6.22,33.11,36.16,1
83.439,0.0117,-0.0039,-1.1875,-0.8047,10.7266,6.22,33.11,34.00,1
83.456,0.0332,-0.0254,-1.6094,-1.2656,9.9219,6.22,32.26,34.00,1
83.473,-0.0312,0.0547,-2.0312,-0.3437,9.2266,6.22,32.26,33.62,1
83.491,0.0117,-0.0098,-1.3789,-0.4961,9.7656,6.22,30.72,33.62,1
83.510,0.0137,-0.0098,-2.4531,-0.6133,7.9336,6.22,30.72,32.12,1
83.526,-0.0137,-0.0195,-1.9141,-0.4609,9.3086,4.30,30.08,32.12,1
83.541,-0.0059,0.0859,-2.1055,-1.1094,8.3906,4.30,30.08,31.47,1
83.559,0.0000,0.0098,-1.5313,-0.7656,9.0820,4.30,29.03,31.47,1
83.577,-0.0117,0.0059,-1.3789,-0.7656,9.5391,4.30,29.03,30.38,1
83.592,0.0117,-0.0801,-1.0352,-0.6914,10.1133,4.30,28.36,30.38,1
83.609,0.0195,-0.0273,-1.8008,-0.9570,8.8437,4.30,28.36,30.19,1
83.626,-0.0117,0.0059,-1.5313,-0.3437,9.4609,4.30,26.70,30.19,1
83.643,0.0469,-0.0293,-2.3750,-1.2266,7.7383,4.30,26.70,27.68,1
83.663,0.0273,-0.0059,-2.0312,-1.0352,7.9687,4.30,26.70,27.68,1
83.680,0.0117,0.0059,-0.4219,-1.1875,10.8398,4.30,26.02,27.53,1
83.696,0.0078,0.0078,-1.9141,-0.2695,9.3086,4.30,26.02,27.53,1
83.711,0.0234,0.0117,-1.1875,-0.7266,9.8047,4.30,24.23,25.69,1
83.729,0.0410,-0.0410,-2.7969,-0.7656,7.0508,5.09,24.23,25.69,1
83.746,0.0195,-0.0098,-1.0742,-0.8828,9.9258,5.09,24.23,25.69,1
83.762,0.0371,-0.0391,-1.1875,-0.4961,10.1484,5.09,23.24,24.75,1
83.779,0.0195,-0.0371,-2.0312,-0.6914,8.8477,5.09,23.24,24.75,1
83.797,0.0020,-0.0039,-1.8008,-0.4219,10.3047,5.09,21.53,23.24,1
83.813,0.0332,0.0254,-1.7617,-1.1875,9.3477,5.09,21.53,23.24,1
83.830,0.0176,0.0312,-0.8828,-0.7266,10.2305,5.09,21.53,23.24,1
83.849,0.0215,0.0137,-0.6133,-1.5313,11.4961,5.09,20.61,22.00,1
83.864,0.0508,0.0703,-0.6133,-1.5313,11.4961,5.09,20.61,22.00,1
83.881,0.0547,0.0059,-1.5703,-0.9570,9.6914,5.09,20.61,22.00,1
83.899,0.0488,0.0176,-2.9102,-0.5742,7.3164,5.09,20.61,19.94,1
83.917,0.0254,0.0234,-1.4922,0.0000,9.7695,5.09,18.72,19.94,1
83.932,0.0469,0.0625,-2.5273,-0.1133,8.0117,3.19,18.72,19.94,1
