t_s,gyro_x_rads,gyro_y_rads,raw_ax_mps2,raw_ay_mps2,raw_az_mps2,speed_kmh,hall_f_hz,hall_r_hz,gps_fix
0.021,-0.0156,0.0273,-0.3047,-0.5742,9.3867,0.02,0.00,0.00,1
0.040,-0.0176,0.0840,-0.1133,-0.4961,9.6914,0.02,0.00,0.00,1
0.055,0.0000,-0.0742,-1.5703,-0.5352,7.4297,0.02,0.00,0.00,1
0.072,-0.0176,-0.0039,-0.1914,-0.3047,9.6484,0.02,0.00,0.00,1
0.092,-0.0176,0.0137,-0.5352,-0.5742,8.8437,0.02,0.00,0.00,1
0.106,-0.0195,-0.0449,-0.5352,-0.5742,8.8437,0.02,0.00,0.00,1
0.124,-0.0234,-0.0332,0.1523,-0.8047,9.8437,0.02,0.00,0.00,1
0.143,-0.0039,-0.0586,-0.1523,-0.2695,9.7656,0.02,0.00,0.00,1
0.160,-0.0117,0.0273,-0.6133,-0.5742,9.0781,0.02,0.00,0.00,1
0.174,-0.0137,-0.0273,0.0391,-0.6133,9.5430,0.02,0.00,0.00,1
0.191,-0.0156,-0.0156,-0.6523,-0.3437,9.2305,0.02,0.00,0.00,1
0.209,-0.0293,0.0215,0.0000,-0.2695,10.0742,0.02,0.00,0.00,1
0.225,-0.0020,-0.0488,-1.3789,-0.6914,8.1562,0.02,0.00,0.00,1
0.242,-0.0156,-0.0273,-0.0391,-0.3047,10.4180,0.02,0.00,0.00,1
0.259,-0.0078,0.0078,-0.4219,-0.5352,9.0391,0.02,0.00,0.00,1
0.276,-0.0273,-0.0312,-0.6523,-0.4961,8.9648,0.02,0.00,0.00,1
0.296,-0.0234,-0.0176,0.0391,-0.7266,10.0742,0.02,0.00,0.00,1
0.313,-0.0020,-0.0586,-0.3828,-0.4961,9.2305,0.02,0.00,0.00,1
0.327,-0.0273,0.0469,-0.3828,-0.4219,9.1562,0.02,0.00,0.00,1
0.344,-0.0137,-0.0410,-0.1133,-0.7266,9.3047,0.02,0.00,0.00,1
0.361,-0.0156,-0.0391,-0.6523,-0.4219,8.9258,0.02,0.00,0.00,1
0.379,-0.0195,-0.0293,-0.1523,-0.4961,9.5430,0.02,0.00,0.00,1
0.395,-0.0078,0.0176,-0.8438,-1.1875,8.3516,0.02,0.00,0.00,1
0.412,-0.0156,-0.0020,0.3047,-0.4961,10.1133,0.02,0.00,0.00,1
0.429,-0.0020,-0.0371,-0.3828,-0.4961,8.9648,0.02,0.00,0.00,1
0.446,-0.0078,0.0098,0.1914,-0.4961,9.8086,0.02,0.00,0.00,1
0.463,0.0039,-0.0254,-0.3047,-0.3437,9.3086,0.02,0.00,0.00,1
0.483,0.0156,-0.0566,-1.0352,-0.6133,8.2383,0.02,0.00,0.00,1
0.499,-0.0020,-0.0527,-0.1914,-0.4219,9.8867,0.02,0.00,0.00,1
0.514,-0.0059,-0.0195,0.0391,-0.5742,9.7695,0.02,0.00,0.00,1
0.532,-0.0156,-0.0098,-0.1523,-0.4961,9.5820,0.02,0.00,0.00,1
0.550,0.0000,-0.0176,-0.1914,-0.4609,9.5000,0.02,0.00,0.00,1
0.565,-0.0195,0.0703,-0.0391,-0.8438,9.1211,0.02,0.00,0.00,1
0.582,-0.0176,0.0273,0.1914,-0.1914,9.8047,0.02,0.00,0.00,1
0.599,-0.0137,-0.0371,-0.0391,-0.3437,9.5430,0.02,0.00,0.00,1
0.616,-0.0195,-0.0117,0.3437,-0.4609,10.0742,0.02,0.00,0.00,1
0.633,-0.0176,-0.0078,-0.7656,-0.1914,8.1211,0.02,0.00,0.00,1
0.652,-0.0352,0.0781,-0.7266,-0.7656,8.1172,0.02,0.00,0.00,1
0.672,-0.0430,0.0391,0.8047,-0.2305,10.3047,0.06,0.00,0.00,1
0.685,-0.0273,-0.0117,-0.0391,-0.3437,9.1211,0.06,0.00,0.00,1
0.703,-0.0273,0.0117,0.6914,-0.6133,9.8086,0.06,0.00,0.00,1
0.719,-0.0195,-0.0176,0.0781,-0.4219,9.1562,0.06,0.00,0.00,1
0.735,-0.0410,-0.0312,0.6914,-0.5352,10.0000,0.06,0.00,0.00,1
0.753,-0.0156,-0.0547,-0.7656,-0.6914,7.6289,0.06,0.00,0.00,1
0.770,-0.0234,-0.0039,0.3437,-0.5352,9.2305,0.06,0.00,0.00,1
0.786,-0.0371,-0.0391,0.0000,-0.8047,8.9609,0.06,0.00,0.00,1
0.803,-0.0254,-0.0527,0.5742,-0.9570,9.5391,0.06,0.00,0.00,1
0.820,-0.0215,-0.0508,0.5742,-0.8047,9.4219,0.06,0.00,0.00,1
0.841,0.0059,-0.0898,0.0781,-0.6914,8.5781,0.06,0.00,0.00,1
0.856,-0.0352,0.0273,0.5352,-0.4961,9.3477,0.06,0.00,0.00,1
0.872,-0.0137,-0.0430,0.6914,-0.8047,9.6914,0.06,0.00,0.00,1
0.889,-0.0078,-0.0469,0.0000,-0.5352,9.0039,0.06,0.00,0.00,1
0.905,-0.0020,-0.0156,0.6914,-0.3437,9.8437,0.06,0.00,0.00,1
0.922,-0.0020,-0.0078,0.0000,-1.1094,8.6172,0.06,0.00,0.00,1
0.940,-0.0156,-0.0117,1.1094,-0.6133,10.7969,0.06,0.00,0.00,1
0.956,-0.0137,0.0117,0.4219,-0.6914,9.7656,0.06,0.00,0.00,1
0.973,-0.0176,0.0156,0.8438,-0.7656,10.2695,0.06,0.00,0.00,1
0.990,-0.0039,0.0020,0.4219,-0.5352,9.7266,0.06,0.00,0.00,1
1.007,-0.0254,0.0566,0.9180,-0.5352,10.0742,0.06,0.00,0.00,1
1.026,-0.0195,0.0332,0.2305,-0.4219,9.8867,0.06,0.00,0.00,1
1.043,-0.0078,0.0000,0.4961,-0.8828,9.6094,0.06,0.00,0.00,1
1.060,-0.0117,0.0059,-0.0391,-0.5742,9.1562,0.07,0.00,0.00,1
1.075,-0.0039,0.0000,0.0781,-0.7266,9.2656,0.07,0.00,0.00,1
1.092,-0.0156,0.0781,0.2305,-0.9180,9.2695,0.07,0.00,0.00,1
1.111,-0.0195,0.0566,0.6523,-0.3437,10.0312,0.07,0.00,0.00,1
1.126,-0.0098,0.0098,0.2305,-0.4219,9.3047,0.07,0.00,0.00,1
1.143,-0.0078,0.0293,0.4961,-0.8047,9.8437,0.07,0.00,0.00,1
1.160,0.0039,0.0059,-0.2695,-0.4609,8.8477,0.07,0.00,0.00,1
1.182,-0.0195,0.0586,-0.9961,-1.1875,8.3125,0.07,0.00,0.00,1
1.200,-0.0234,0.0469,0.5352,-0.4961,10.8008,0.07,0.00,0.00,1
1.213,-0.0117,0.0332,0.4609,-0.4609,10.0312,0.07,0.00,0.00,1
1.231,-0.0156,0.0527,0.3047,-0.6133,10.3437,0.07,0.00,0.00,1
1.245,-0.0176,0.0332,0.0000,-0.5742,9.6523,0.07,0.00,0.00,1
1.263,-0.0234,0.0332,0.6523,-0.8047,10.4961,0.04,0.00,0.00,1
1.279,-0.0020,0.0156,-0.4961,-0.9570,8.8125,0.04,0.00,0.00,1
1.296,-0.0098,0.0176,-0.3828,-0.7266,9.4648,0.04,0.00,0.00,1
1.313,-0.0039,0.0039,-0.4961,-0.9180,8.6953,0.04,0.00,0.00,1
1.330,-0.0137,0.0117,-0.7266,-0.4219,8.3164,0.04,0.00,0.00,1
1.353,-0.0254,0.0391,0.0000,-0.9961,9.5039,0.04,0.00,0.00,1
1.364,0.0176,-0.0352,0.0000,-0.9961,9.5039,0.04,0.00,0.00,1
1.383,-0.0059,-0.0391,0.1133,-0.8047,9.6133,0.04,0.00,0.00,1
1.403,-0.0117,-0.0273,0.1523,-0.9570,9.1953,0.04,0.00,0.00,1
1.415,0.0000,0.0723,-0.6523,-0.5742,8.1172,0.04,0.00,0.00,1
1.433,0.0059,0.0078,0.0000,-0.6133,9.2305,0.04,0.00,0.00,1
1.449,0.0195,-0.0293,-0.6914,-1.0352,8.0117,0.04,0.00,0.00,1
1.466,0.0117,-0.0059,0.5742,-0.3047,9.9219,0.02,0.00,0.00,1
1.483,0.0098,0.0352,0.1523,-0.5352,9.2305,0.02,0.00,0.00,1
1.500,-0.0059,0.0430,0.4609,-0.6914,9.2266,0.02,0.00,0.00,1
1.519,0.0059,0.0078,-0.1914,-0.3828,8.8164,0.02,0.00,0.00,1
1.534,-0.0156,0.0215,0.2305,-0.4961,9.9609,0.02,0.00,0.00,1
1.551,-0.0039,-0.0137,-1.1875,-0.8047,7.5508,0.02,0.00,0.00,1
1.573,-0.0059,0.0156,0.1523,-0.4219,9.0000,0.02,0.00,0.00,1
1.586,-0.0117,-0.0527,0.6133,-0.6133,10.1094,0.02,0.00,0.00,1
1.603,-0.0234,-0.0117,0.2695,-0.5742,9.3828,0.02,0.00,0.00,1
1.621,-0.0371,0.0391,0.5742,-0.6914,10.2305,0.02,0.00,0.00,1
1.636,0.0059,-0.0410,-0.7656,-0.4961,8.1562,0.02,0.00,0.00,1
1.653,-0.0195,-0.0547,-0.1133,-0.5352,9.5039,0.02,0.00,0.00,1
1.670,-0.0195,-0.0273,0.0781,-0.7656,9.3437,0.02,0.00,0.00,1
1.689,-0.0176,-0.0059,-0.1523,-0.6523,9.1602,0.02,0.00,0.00,1
1.704,-0.0176,-0.0039,0.3047,-0.6914,9.8477,0.02,0.00,0.00,1
1.721,0.0059,-0.0703,-0.2695,-1.1875,8.8477,0.02,0.00,0.00,1
1.743,-0.0215,-0.0059,0.0391,-0.4961,9.3867,0.02,0.00,0.00,1
1.760,-0.0176,0.0215,0.5352,-0.8828,9.9219,0.02,0.00,0.00,1
1.773,-0.0195,-0.0156,0.0000,-0.6523,9.4648,0.02,0.00,0.00,1
1.792,-0.0293,0.0098,0.4961,-0.8438,10.1484,0.02,0.00,0.00,1
1.806,-0.0059,0.0059,-0.8438,-0.8047,8.0117,0.02,0.00,0.00,1
1.823,-0.0215,-0.0215,-0.0781,-0.4961,9.8477,0.02,0.00,0.00,1
1.840,-0.0137,0.0059,0.4219,-0.9570,9.6523,0.02,0.00,0.00,1
1.859,-0.0137,0.0215,-0.4219,-0.6523,8.9609,0.02,0.00,0.00,1
1.874,-0.0078,-0.0078,-0.0781,-0.7656,9.5000,0.02,0.00,0.00,1
1.891,0.0078,-0.0723,-0.5352,-1.1094,8.5000,0.02,0.00,0.00,1
1.909,-0.0078,-0.0195,0.5352,-0.4609,10.1914,0.02,0.00,0.00,1
1.925,-0.0117,-0.0117,0.3828,-0.6133,9.9219,0.02,0.00,0.00,1
1.944,-0.0156,0.0000,-0.2305,-0.7266,9.3086,0.02,0.00,0.00,1
1.962,-0.0137,0.0039,0.2305,-0.7266,9.9258,0.02,0.00,0.00,1
1.976,-0.0059,0.0566,-1.2266,-0.8047,7.6953,0.02,0.00,0.00,1
1.993,-0.0195,0.0176,0.0391,-0.5352,9.9219,0.02,0.00,0.00,1
2.010,-0.0059,-0.0020,0.0391,-1.0352,9.5430,0.02,0.00,0.00,1
2.029,-0.0039,0.0137,-0.2305,-0.9180,9.2266,0.02,0.00,0.00,1
2.044,0.0098,0.0078,-0.3047,-0.8438,9.0781,0.02,0.00,0.00,1
2.061,0.0156,-0.0254,-0.2695,-1.0352,8.8867,0.02,0.00,0.00,1
2.080,-0.0059,-0.0312,0.2305,-0.3828,9.5000,0.02,0.00,0.00,1
2.095,-0.0020,0.0078,0.0000,-0.6523,9.3047,0.02,0.00,0.00,1
2.116,0.0078,0.0254,-0.4219,-0.7656,8.8867,0.02,0.00,0.00,1
2.133,0.0176,-0.0137,-0.1523,-0.6914,9.0781,0.02,0.00,0.00,1
2.149,0.0273,-0.0625,-0.9961,-0.9570,7.7734,0.02,0.00,0.00,1
2.163,0.0039,0.0098,0.6523,-0.4609,10.2305,0.02,0.00,0.00,1
2.181,0.0117,0.0215,0.4609,-0.7656,10.0000,0.02,0.00,0.00,1
2.199,0.0156,0.0410,0.8438,-1.1094,10.4961,0.02,0.00,0.00,1
2.214,0.0098,-0.0059,-0.3437,-0.6133,8.6953,0.02,0.00,0.00,1
2.231,-0.0039,0.0371,0.1523,-0.5352,9.5430,0.02,0.00,0.00,1
2.250,0.0039,0.0000,-1.3789,-0.6914,7.2383,0.02,0.00,0.00,1
2.265,0.0020,-0.0547,0.4609,-0.4219,9.9258,0.02,0.00,0.00,1
2.282,0.0039,-0.0312,0.3437,-0.7266,9.6914,0.02,0.00,0.00,1
2.302,0.0078,-0.0137,0.0000,-0.5352,9.0820,0.02,0.00,0.00,1
2.319,-0.0098,0.0488,0.5352,-0.7266,10.1094,0.02,0.00,0.00,1
2.333,0.0195,-0.0527,-0.4609,-0.4961,8.5430,0.02,0.00,0.00,1
2.351,-0.0020,-0.0430,0.1914,-0.7266,10.1875,0.02,0.00,0.00,1
2.367,-0.0039,0.0098,0.2305,-0.9570,9.9609,0.02,0.00,0.00,1
2.384,0.0039,0.0137,-0.5352,-0.5352,8.6211,0.02,0.00,0.00,1
2.401,0.0059,-0.0137,-0.1914,-0.5742,9.2305,0.02,0.00,0.00,1
2.419,0.0215,-0.0801,-0.2305,-0.9570,8.7344,0.02,0.00,0.00,1
2.435,-0.0176,0.0586,0.7656,-0.3047,10.3477,0.02,0.00,0.00,1
2.452,0.0020,-0.0020,0.2695,-0.7656,9.8437,0.00,0.00,0.00,1
2.473,0.0000,-0.0059,-0.5742,-0.6133,8.4609,0.00,0.00,0.00,1
2.491,-0.0020,-0.0195,0.1133,-0.5742,9.6875,0.00,0.00,0.00,1
2.504,0.0000,0.0645,-1.3008,-0.9180,7.5508,0.00,0.00,0.00,1
2.521,-0.0137,0.0508,0.5352,-0.4609,10.2305,0.00,0.00,0.00,1
2.540,0.0020,0.0117,0.2305,-1.0742,9.7656,0.00,0.00,0.00,1
2.554,0.0039,0.0273,-0.2695,-0.5742,9.0000,0.00,0.00,0.00,1
2.571,0.0156,-0.0234,-0.3828,-0.4609,8.5430,0.00,0.00,0.00,1
2.589,0.0078,-0.0098,0.3437,-0.5742,9.7266,0.00,0.00,0.00,1
2.605,0.0059,-0.0410,-0.0781,-0.3047,9.0000,0.00,0.00,0.00,1
2.622,-0.0059,0.0352,0.3047,-0.7266,9.8086,0.00,0.00,0.00,1
2.640,0.0000,0.0547,-0.0781,-0.9961,9.4219,0.00,0.00,0.00,1
2.656,-0.0117,-0.0312,-0.7266,-0.7266,8.2383,0.00,0.00,0.00,1
2.676,-0.0234,-0.0078,-0.0781,-0.9180,8.8867,0.00,0.00,0.00,1
2.693,-0.0039,-0.0391,0.9961,-0.3047,10.4961,0.00,0.00,0.00,1
2.707,-0.0195,-0.0293,0.4609,-0.7266,9.9219,0.00,0.00,0.00,1
2.724,-0.0117,-0.0273,0.3047,-1.0352,9.8086,0.00,0.00,0.00,1
2.742,-0.0098,-0.0215,-0.5352,-0.6133,8.2773,0.00,0.00,0.00,1
2.759,-0.0137,0.0098,0.2695,-0.6523,10.1094,0.00,0.00,0.00,1
2.775,0.0078,-0.0293,-0.9570,-0.8047,7.8945,0.00,0.00,0.00,1
2.793,-0.0156,-0.0312,0.5742,-0.2695,10.5352,0.00,0.00,0.00,1
2.810,-0.0078,-0.0469,0.0000,-0.4961,9.5820,0.00,0.00,0.00,1
2.826,-0.0098,0.0723,0.9180,-0.8828,10.4531,0.00,0.00,0.00,1
2.846,0.0078,0.0020,0.5742,-0.8438,10.3828,0.00,0.00,0.00,1
2.863,0.0156,-0.0488,-1.0742,-0.9180,7.6602,0.00,0.00,0.00,1
2.881,-0.0156,-0.0586,-0.1914,-0.6133,9.4258,0.00,0.00,0.00,1
2.894,-0.0020,0.0391,-0.6523,-0.6914,8.9609,0.00,0.00,0.00,1
2.911,-0.0098,0.0371,-0.4219,-0.6133,8.8164,0.00,0.00,0.00,1
2.929,0.0000,-0.0039,0.2305,-0.5352,9.8828,0.00,0.00,0.00,1
2.945,-0.0176,0.0605,0.3828,-0.9961,9.7305,0.00,0.00,0.00,1
2.963,-0.0137,0.0410,0.3828,-0.4219,9.6875,0.00,0.00,0.00,1
2.980,-0.0137,-0.0098,-0.1523,-0.8047,9.4258,0.00,0.00,0.00,1
2.996,-0.0078,0.0117,0.3047,-0.9570,9.5781,0.00,0.00,0.00,1
3.013,-0.0039,-0.0078,-0.5352,-0.4961,8.4219,0.00,0.00,0.00,1
3.033,-0.0078,0.0742,-0.9570,-0.9570,7.8555,0.00,0.00,0.00,1
3.051,-0.0156,0.0508,0.3437,-0.4961,10.3867,0.00,0.00,0.00,1
3.065,-0.0098,0.0273,0.0781,-0.7656,9.2695,0.00,0.00,0.00,1
3.082,-0.0098,0.0195,0.1523,-0.8047,9.5000,0.00,0.00,0.00,1
3.100,0.0059,-0.0254,-0.2305,-0.7266,9.1992,0.00,0.00,0.00,1
3.115,-0.0195,-0.0195,0.7656,-0.7266,10.4570,0.00,0.00,0.00,1
3.132,0.0039,-0.0527,-0.6914,-0.6523,8.1172,0.00,0.00,0.00,1
3.150,-0.0039,0.0469,-0.1133,-0.6914,9.5781,0.00,0.00,0.00,1
3.166,-0.0117,-0.0215,-0.3047,-0.8047,8.9648,0.00,0.00,0.00,1
3.183,-0.0156,-0.0273,-0.1914,-0.7656,8.9648,0.00,0.00,0.00,1
3.203,-0.0176,-0.0234,0.3437,-1.0352,9.6484,0.00,0.00,0.00,1
3.217,0.0039,0.0000,0.3437,-1.0352,9.6484,0.00,0.00,0.00,1
3.234,-0.0137,-0.0117,0.1133,-0.8828,9.5039,0.00,0.00,0.00,1
3.253,-0.0039,-0.0371,0.2305,-0.9180,9.3086,0.00,0.00,0.00,1
3.270,-0.0098,-0.0234,-0.4219,-0.6523,8.7344,0.00,0.00,0.00,1
3.285,0.0137,-0.0078,0.2305,-0.6133,9.5391,0.00,0.00,0.00,1
3.303,0.0176,-0.0176,-0.4609,-1.1094,8.3555,0.00,0.00,0.00,1
3.320,-0.0137,-0.0254,0.6914,-0.4609,10.3828,0.00,0.00,0.00,1
3.336,0.0039,0.0527,0.4609,-0.7266,9.6484,0.00,0.00,0.00,1
3.353,0.0000,0.0762,0.9961,-0.9961,10.4922,0.00,0.00,0.00,1
3.370,0.0215,0.0078,-0.2695,-0.6133,8.5039,0.00,0.00,0.00,1
3.387,-0.0117,-0.0039,0.3437,-0.6523,10.2305,0.00,0.00,0.00,1
3.406,0.0156,-0.0352,0.2695,-0.4961,10.0742,0.00,0.00,0.00,1
3.423,0.0059,0.0605,0.0781,-0.6523,9.3047,0.00,0.00,0.00,1
3.440,0.0039,0.0723,0.6914,-0.9180,10.3086,0.00,0.00,0.00,1
3.455,-0.0039,-0.0273,-0.1914,-0.6133,9.0781,0.00,0.00,0.00,1
3.472,-0.0039,-0.0273,0.6914,-0.7266,10.5703,0.00,0.00,0.00,1
3.490,0.0117,-0.0547,-1.4180,-0.6914,7.3125,0.00,0.00,0.00,1
3.506,-0.0137,-0.0059,0.0781,-0.5742,9.5000,0.00,0.00,0.00,1
3.524,-0.0020,-0.0391,-0.4219,-0.7656,9.0039,0.00,0.00,0.00,1
3.541,-0.0020,-0.0195,0.4219,-0.8438,9.8086,0.00,0.00,0.00,1
3.562,-0.0117,0.0039,0.4961,-0.9961,10.0039,0.00,0.00,0.00,1
3.576,0.0176,-0.0117,0.0781,-0.4961,9.3867,0.00,0.00,0.00,1
3.593,-0.0039,-0.0293,-0.1523,-0.6914,9.0781,0.00,0.00,0.00,1
3.610,0.0039,-0.0195,0.3828,-0.8828,9.5820,0.00,0.00,0.00,1
3.625,-0.0059,0.0098,-0.3437,-0.6133,8.8867,0.00,0.00,0.00,1
3.642,0.0039,-0.0020,0.3828,-0.5352,9.9219,0.00,0.00,0.00,1
3.660,0.0254,-0.0742,-1.1484,-1.1094,7.6992,0.02,0.00,0.00,1
3.676,-0.0078,0.0508,0.5352,-0.4609,9.9648,0.02,0.00,0.00,1
3.693,0.0117,-0.0527,-0.2305,-0.9570,9.1562,0.02,0.00,0.00,1
3.710,0.0020,-0.0254,-0.2305,-0.7266,8.9609,0.02,0.00,0.00,1
3.727,0.0078,-0.0078,0.3828,-0.4219,9.8437,0.02,0.00,0.00,1
3.744,0.0176,-0.0508,-0.4609,-1.1094,8.4258,0.02,0.00,0.00,1
3.763,-0.0020,0.0195,-0.4609,-0.8828,8.2773,0.02,0.00,0.00,1
3.784,-0.0078,0.0273,-0.4609,-0.8828,8.8477,0.02,0.00,0.00,1
3.796,0.0098,-0.0176,0.9570,-0.3437,10.8359,0.02,0.00,0.00,1
3.813,0.0059,-0.0176,-0.8047,-1.1875,7.7773,0.02,0.00,0.00,1
3.829,-0.0117,0.0273,0.7266,-0.1914,10.6875,0.02,0.00,0.00,1
3.846,0.0293,-0.0977,0.5352,-1.0352,9.4219,0.02,0.00,0.00,1
3.863,0.0039,-0.0625,-0.6914,-0.7266,8.4609,0.02,0.00,0.00,1
3.880,-0.0254,0.0254,0.3828,-0.4609,9.5430,0.02,0.00,0.00,1
3.899,-0.0254,0.0195,-0.1133,-1.0742,8.6992,0.02,0.00,0.00,1
3.914,0.0078,-0.0625,0.1523,-0.3828,9.6094,0.02,0.00,0.00,1
3.931,-0.0273,-0.0703,0.5352,-1.0352,9.6484,0.02,0.00,0.00,1
3.953,-0.0234,-0.0293,-0.8438,-1.0352,7.7734,0.02,0.00,0.00,1
3.966,0.0234,0.0254,0.3437,0.0391,9.8047,0.02,0.00,0.00,1
3.982,-0.0117,0.0234,0.5352,-1.0742,9.6133,0.02,0.00,0.00,1
4.000,-0.0195,-0.0039,0.5352,-0.4219,10.0000,0.02,0.00,0.00,1
4.016,0.0195,0.0117,-0.8047,-0.7656,7.8906,0.02,0.00,0.00,1
4.033,0.0039,0.0176,0.8047,-0.8438,10.6523,0.02,0.00,0.00,1
4.050,0.0020,0.0625,0.3437,-0.4961,9.4648,0.02,0.00,0.00,1
4.067,0.0000,-0.0371,-0.4609,-1.1484,8.7344,0.02,0.00,0.00,1
4.085,-0.0039,0.0039,0.0391,-0.5352,9.0039,0.02,0.00,0.00,1
4.101,-0.0078,0.0098,0.3047,-1.3008,9.8477,0.02,0.00,0.00,1
4.123,0.0020,0.0117,-0.5352,-1.1484,8.5000,0.02,0.00,0.00,1
4.140,0.0059,0.0605,1.1094,-0.4219,10.6914,0.02,0.00,0.00,1
4.153,-0.0078,-0.0234,-0.5352,-1.2656,8.3906,0.02,0.00,0.00,1
4.171,-0.0195,0.0352,0.3047,-0.1133,9.7266,0.02,0.00,0.00,1
4.186,0.0156,0.0410,-0.0781,-1.0352,8.9648,0.02,0.00,0.00,1
4.203,-0.0059,0.0195,0.8828,-0.3437,10.5312,0.02,0.00,0.00,1
4.220,-0.0020,-0.0547,-0.8438,-0.7656,7.4687,0.02,0.00,0.00,1
4.239,-0.0117,0.0059,0.6523,-0.3828,10.3477,0.02,0.00,0.00,1
4.254,0.0156,0.0332,0.3828,-0.6914,9.6523,0.02,0.00,0.00,1
4.271,-0.0020,0.0605,-0.1523,-0.7656,9.1172,0.02,0.00,0.00,1
4.293,0.0020,-0.0371,0.0781,-1.3008,9.6133,0.02,0.00,0.00,1
4.305,0.0059,-0.0137,0.0781,-1.3008,9.6133,0.02,0.00,0.00,1
4.323,0.0156,0.0234,-0.1914,-1.2656,9.2305,0.02,0.00,0.00,1
4.344,0.0020,0.0547,0.6133,-0.1523,10.3867,0.02,0.00,0.00,1
4.356,0.0000,0.0293,-0.6523,-1.3008,8.0391,0.02,0.00,0.00,1
4.373,0.0078,-0.0195,0.2305,0.0000,10.0000,0.02,0.00,0.00,1
4.390,0.0098,0.0254,0.2695,-1.1094,9.6523,0.02,0.00,0.00,1
4.407,-0.0156,-0.0527,-0.2305,-0.3437,9.3437,0.02,0.00,0.00,1
4.424,-0.0039,0.0254,-0.4219,-0.7656,8.6211,0.02,0.00,0.00,1
4.441,0.0059,-0.0039,0.1914,-0.9180,10.0703,0.02,0.00,0.00,1
4.459,0.0195,0.0332,-0.1523,-0.7266,9.3867,0.04,0.00,0.00,1
4.475,-0.0078,-0.0488,-0.5352,-1.0742,8.7734,0.04,0.00,0.00,1
4.496,-0.0020,0.0195,-0.8828,-1.1484,8.1992,0.04,0.00,0.00,1
4.514,0.0059,0.0078,0.0781,0.1133,10.0312,0.04,0.00,0.00,1
4.526,-0.0039,-0.0176,0.3828,-1.1875,9.5820,0.04,0.00,0.00,1
4.543,-0.0137,-0.0586,0.0000,-0.3047,9.7266,0.04,0.00,0.00,1
4.560,-0.0078,0.0273,-0.4219,-0.8438,8.6172,0.04,0.00,0.00,1
4.579,0.0000,-0.0020,0.0781,-0.5742,9.7695,0.04,0.00,0.00,1
4.594,-0.0098,-0.0078,-0.3437,-0.7656,9.2695,0.04,0.00,0.00,1
4.612,-0.0176,-0.0586,-0.3828,-0.9180,8.7383,0.04,0.00,0.00,1
4.629,-0.0137,0.0410,0.6133,-0.2695,10.5742,0.04,0.00,0.00,1
4.645,0.0059,-0.0059,-0.6523,-1.2656,8.1992,0.04,0.00,0.00,1
4.662,-0.0234,0.0430,0.3828,-0.0391,10.2305,0.04,0.00,0.00,1
4.683,-0.0273,-0.0176,-0.6914,-0.3437,8.4258,0.04,0.00,0.00,1
4.700,-0.0117,0.0215,0.3437,-0.4609,10.0742,0.04,0.00,0.00,1
4.713,-0.0137,0.0059,-0.6133,-1.0352,8.3125,0.04,0.00,0.00,1
4.732,-0.0293,0.0547,0.6914,-0.2695,10.3086,0.04,0.00,0.00,1
4.747,0.0098,-0.0742,0.7656,-1.1484,10.3477,0.04,0.00,0.00,1
4.764,-0.0254,-0.0605,-0.5742,-0.5352,8.4609,0.04,0.00,0.00,1
4.781,-0.0508,0.0312,0.1914,-0.4219,9.8477,0.04,0.00,0.00,1
4.800,-0.0234,0.0156,-1.1875,-1.0352,7.6289,0.04,0.00,0.00,1
4.815,-0.0215,0.0098,0.3047,-0.4609,10.3828,0.04,0.00,0.00,1
4.832,-0.0293,0.0840,0.4961,-0.9961,10.0039,0.04,0.00,0.00,1
4.853,-0.0078,0.0234,0.4609,-0.4609,10.3867,0.04,0.00,0.00,1
4.871,0.0098,0.0020,-0.9180,-1.3008,7.7773,0.04,0.00,0.00,1
4.884,-0.0273,-0.0195,0.5352,-0.5742,10.7266,0.04,0.00,0.00,1
4.902,-0.0098,0.0078,-0.1133,-0.8828,9.4219,0.04,0.00,0.00,1
4.920,0.0000,-0.0273,-0.3047,-0.8438,8.7734,0.04,0.00,0.00,1
4.934,-0.0078,0.0391,0.8047,-0.6133,10.6523,0.04,0.00,0.00,1
4.951,-0.0117,0.0840,0.0781,-1.1484,9.2695,0.04,0.00,0.00,1
4.970,-0.0039,0.0566,0.1133,-0.5742,9.1172,0.04,0.00,0.00,1
4.985,-0.0039,0.0273,-0.1133,-0.8438,9.5430,0.04,0.00,0.00,1
5.002,-0.0059,0.0391,0.8828,-0.9961,9.8047,0.04,0.00,0.00,1
5.019,0.0215,0.0117,0.0000,-0.6914,9.1562,0.04,0.00,0.00,1
5.036,-0.0156,0.0508,0.4961,-1.0742,10.2266,0.04,0.00,0.00,1
5.053,0.0078,0.0391,0.6523,-0.9180,10.1484,0.04,0.00,0.00,1
5.073,0.0176,0.0254,-0.0391,-0.9570,9.1953,0.04,0.00,0.00,1
5.087,0.0098,0.0430,0.2695,-0.7266,8.5430,0.04,0.00,0.00,1
5.104,0.0254,0.0410,0.7656,-0.8438,10.3828,0.04,0.00,0.00,1
5.121,0.0176,0.0781,0.3047,-0.9961,8.7734,0.04,0.00,0.00,1
5.140,0.0098,0.0566,1.7227,-0.7656,10.7266,0.04,0.00,0.00,1
5.155,0.0215,0.0312,0.3047,-0.5352,9.1172,0.04,0.00,0.00,1
5.172,0.0176,0.0625,1.4922,-1.1875,10.4961,0.04,0.00,0.00,1
5.190,0.0391,0.0059,0.1133,-0.5352,8.5430,0.04,0.00,0.00,1
5.206,0.0078,-0.0098,0.6133,-0.7656,9.7266,0.04,0.00,0.00,1
5.225,0.0371,0.0098,0.9180,-0.6133,10.1914,0.04,0.00,0.29,1
5.242,0.0352,0.1016,0.3437,-0.3047,8.7344,0.04,0.00,0.29,1
5.260,0.0215,0.0918,1.8398,-1.2266,11.0742,0.06,0.00,0.29,1
5.275,0.0293,-0.0664,0.7656,-0.2695,9.5391,0.06,0.00,0.29,1
5.291,0.0137,-0.0117,0.8828,-0.8047,9.8086,0.06,0.00,0.29,1
5.309,0.0273,0.0000,-0.4609,-0.3437,7.8555,0.06,0.26,0.29,1
5.325,0.0117,-0.0410,0.4609,-0.4609,9.5039,0.06,0.26,0.29,1
5.342,0.0156,-0.0117,0.2695,-0.3437,9.1211,0.06,0.26,0.29,1
5.360,0.0137,-0.0059,0.4609,-0.5742,9.1562,0.06,0.26,0.29,1
5.376,0.0176,0.0234,0.9180,-0.4219,10.1523,0.06,0.26,2.71,1
5.393,0.0391,-0.1133,0.4961,-0.8438,8.5430,0.06,0.26,2.71,1
5.413,-0.0020,-0.0820,0.7266,-0.4609,9.2656,0.06,0.26,2.71,1
5.431,-0.0039,0.0059,1.5703,-0.7266,10.5742,0.06,0.26,2.71,1
5.444,-0.0137,0.0117,0.2305,-0.4609,8.9609,0.06,2.93,2.71,1
5.463,-0.0137,0.0176,0.4961,-0.4609,9.4219,0.06,2.93,2.71,1
5.479,0.0176,-0.1172,-1.1094,-0.8828,6.9336,0.06,2.93,4.05,1
5.495,-0.0195,0.0645,1.1875,-0.3047,10.3437,0.06,2.93,4.05,1
5.512,-0.0020,-0.0645,0.4219,-0.6133,8.8164,0.06,2.93,4.05,1
5.530,-0.0176,-0.0586,1.1484,-0.7266,9.6875,0.06,2.93,4.05,1
5.546,0.0059,0.0117,1.1094,-0.5352,10.1523,0.06,5.25,4.05,1
5.563,0.0020,0.0625,1.1484,-1.1094,9.6484,0.06,5.25,4.05,1
5.580,-0.0176,0.0352,0.3828,-0.7266,8.8867,0.06,5.25,6.62,1
5.601,-0.0039,-0.0664,0.6133,-0.7266,8.8477,0.06,5.25,6.62,1
5.616,-0.0117,0.0234,0.1914,-0.6133,8.8437,0.06,5.25,6.62,1
5.633,0.0137,-0.0039,0.9961,-0.5352,10.6484,0.06,5.25,6.62,1
5.650,0.0117,-0.0176,0.1133,-1.2266,8.1211,0.06,7.57,6.62,1
5.665,0.0098,-0.0312,1.6836,-0.2305,11.1094,0.11,7.57,8.83,1
5.683,0.0059,0.0820,0.7266,-0.8438,9.8867,0.11,7.57,8.83,1
5.700,-0.0137,0.0703,1.1875,-0.6133,10.6484,0.11,7.57,8.83,1
5.716,-0.0078,0.0176,0.0781,-0.4961,9.6914,0.11,9.28,8.83,1
5.733,-0.0254,0.0664,-0.1914,-0.3047,8.6953,0.11,9.28,8.83,1
5.751,-0.0215,0.0820,-0.7266,-0.4961,8.2773,0.11,9.28,10.43,1
5.767,-0.0156,0.0391,-0.1523,-0.2695,9.3477,0.11,9.28,10.43,1
5.787,-0.0215,0.0605,-0.5742,-1.0742,8.4648,0.11,9.28,10.43,1
5.802,-0.0078,0.0078,0.4961,-0.5352,9.8867,0.11,10.96,10.43,1
5.819,0.0059,-0.0508,-0.5742,-0.9570,8.5000,0.11,10.96,12.13,1
5.835,-0.0332,0.0547,0.4961,-0.3047,10.0703,0.11,10.96,12.13,1
5.852,-0.0156,0.0508,0.9961,-0.6914,10.0000,0.11,10.96,12.13,1
5.869,0.0078,0.0176,-0.4609,-0.7266,8.8125,0.11,10.96,12.13,1
5.886,-0.0410,0.0469,0.0391,-0.6914,8.8437,0.11,11.75,12.13,1
5.903,-0.0078,-0.0117,0.3437,-1.0742,9.9609,0.11,11.75,12.36,1
5.920,0.0176,-0.0586,-0.3047,-0.7656,9.5039,0.11,11.75,12.36,1
5.937,-0.0430,0.0156,0.3437,-0.9570,9.3477,0.11,11.75,12.36,1
5.957,-0.0176,-0.0020,-0.7266,-0.8438,7.9727,0.11,11.75,12.36,1
5.974,0.0195,-0.0391,0.2695,0.0391,9.7305,0.11,12.16,12.54,1
5.991,0.0078,-0.0664,-0.4961,-0.8828,8.3516,0.11,12.16,12.54,1
6.005,-0.0195,0.0098,-0.2305,-0.7266,8.8164,0.11,12.16,12.54,1
6.023,0.0117,-0.0156,0.6133,-0.5352,10.0742,0.11,12.16,12.54,1
6.040,0.0234,-0.0664,-0.5352,-1.5703,7.6562,0.11,12.39,12.54,1
6.056,-0.0195,-0.0254,1.1094,-0.3047,10.5312,0.19,12.39,13.00,1
6.073,0.0137,-0.0098,0.4609,-1.3008,8.8828,0.19,12.39,13.00,1
6.091,0.0176,-0.0059,-0.3047,-0.4219,8.2773,0.19,12.39,13.00,1
6.107,-0.0430,-0.0234,0.6133,-0.1133,9.4219,0.19,12.92,13.65,1
6.124,0.0000,-0.1230,-0.6133,-0.7266,6.9297,0.19,12.92,13.65,1
6.144,0.0059,-0.0937,0.9961,-1.2266,9.7305,0.19,12.92,13.65,1
6.162,-0.0195,-0.0781,-0.3828,-1.0352,8.6602,0.19,12.92,13.65,1
6.176,0.0078,-0.0293,0.4219,-0.4219,9.6484,0.19,13.48,13.88,1
6.193,0.0098,-0.0664,-0.8828,-0.6133,7.8906,0.19,13.48,13.88,1
6.210,-0.0391,-0.0273,0.8828,0.1133,11.1094,0.19,13.48,13.88,1
6.226,-0.0254,-0.0430,-0.7656,-0.5352,9.1992,0.19,13.48,13.88,1
6.243,-0.0234,-0.0605,-0.7656,-0.7656,9.1953,0.19,14.37,14.90,1
6.261,-0.0410,0.0156,0.6133,-0.9180,11.6836,0.13,14.37,14.90,1
6.283,-0.0391,-0.0391,0.2305,-0.7656,10.8750,0.13,14.37,14.90,1
6.294,-0.0215,0.0098,0.2305,-0.7656,10.8750,0.13,14.37,14.90,1
6.311,-0.0391,0.0176,-0.4961,-0.6914,9.9258,0.13,14.37,15.04,1
6.333,-0.0508,0.0449,-0.0391,-0.6914,10.9961,0.13,14.37,15.04,1
6.346,-0.0332,0.0195,0.2695,-1.3008,10.5703,0.13,14.37,15.04,1
6.362,-0.0059,-0.0195,-0.4609,-1.1484,9.6133,0.13,14.37,15.04,1
6.380,-0.0234,0.0820,-0.3437,-1.3789,9.6914,0.13,14.37,15.04,1
6.396,-0.0039,-0.0078,-0.1914,-1.3398,9.1172,0.13,14.37,15.04,1
6.413,-0.0156,0.0059,-0.4609,-0.8438,8.9648,0.13,14.37,15.04,1
6.430,-0.0234,0.0293,-0.5352,-1.3008,9.1992,0.13,14.37,15.04,1
6.447,0.0215,-0.0371,-1.6094,-1.3789,7.6953,0.13,14.37,15.04,1
6.464,0.0195,-0.0098,0.0000,-1.1094,10.4180,0.24,14.01,15.04,1
6.481,0.0293,0.0371,-0.4219,-1.1875,9.2266,0.24,14.01,15.04,1
6.503,0.0273,0.0566,-0.3047,-1.0742,9.5820,0.24,14.01,15.04,1
6.516,0.0332,0.0391,-0.1523,-1.1094,10.3086,0.24,14.01,15.04,1
6.532,0.0527,0.0156,-0.9180,-1.1094,9.3828,0.24,14.01,14.33,1
6.549,0.0508,0.0508,-1.0742,-0.6523,8.9258,0.24,13.96,14.33,1
6.566,0.0488,0.0059,-0.9180,-0.9961,9.1211,0.24,13.96,14.33,1
6.584,0.0371,0.0195,-1.5313,-0.4609,8.8828,0.24,13.96,14.33,1
6.600,0.0371,0.0469,-1.1875,-0.7266,9.8867,0.24,13.96,14.33,1
6.617,0.0430,0.1719,-1.7227,-1.2656,8.9258,0.24,13.96,14.33,1
6.634,0.0391,0.1465,-0.7656,-0.6914,10.5742,0.24,13.51,13.83,1
6.651,0.0488,0.0684,-1.2266,-0.8438,9.8477,0.24,13.51,13.83,1
6.673,0.0469,0.0684,-2.4141,-0.4609,8.2344,0.04,13.51,13.83,1
6.687,0.0625,0.0898,-1.9922,-0.3437,9.2695,0.04,13.51,13.83,1
6.703,0.0410,0.1797,-3.6406,-0.8828,6.6680,0.04,13.51,13.83,1
6.723,0.0273,0.1133,-1.7617,-0.2305,9.6133,0.04,13.51,13.83,1
6.736,0.0566,0.0039,-1.9141,-0.6133,9.2695,0.04,13.51,13.83,1
6.754,0.0508,0.0312,-0.5352,-1.0352,11.0312,0.04,13.51,13.83,1
6.770,0.0430,0.0469,-2.0312,-0.4961,8.6172,0.04,12.74,13.83,1
6.787,0.0566,-0.0020,-1.4570,-0.4961,10.0742,0.04,12.74,12.79,1
6.804,0.0703,-0.0469,-2.9883,-0.8047,7.0469,0.04,12.74,12.79,1
6.821,0.0469,-0.0293,-1.8008,-0.2305,9.3477,0.04,12.74,12.79,1
6.840,0.0371,0.0020,-1.9141,-0.3828,8.5391,0.04,12.74,12.79,1
6.855,0.0430,0.0078,-0.9961,-0.6133,10.0312,0.15,12.74,12.79,1
6.876,0.0391,-0.0195,-0.8047,-0.4609,10.1523,0.15,12.74,12.79,1
6.894,0.0566,-0.0879,-2.8359,-0.4609,6.5508,0.15,12.74,12.79,1
6.906,0.0273,0.0391,-1.5313,-0.2695,8.9609,0.15,12.74,12.79,1
6.924,0.0332,-0.0059,-2.1055,-0.3047,8.3164,0.15,12.74,12.79,1
6.940,0.0176,-0.0078,-1.1875,-0.3828,9.3477,0.15,12.74,12.79,1
6.957,0.0176,-0.0176,-1.3008,-0.3047,8.8477,0.15,12.74,12.79,1
6.974,-0.0039,0.0605,-0.7656,-0.5352,9.6133,0.15,12.74,12.79,1
6.991,0.0039,-0.0195,-1.5313,-0.1914,7.6992,0.15,12.74,12.79,1
7.009,0.0117,-0.0957,-0.8047,-0.4219,8.9648,0.15,12.74,12.79,1
7.025,0.0078,-0.0742,-0.8828,-0.5352,8.6211,0.15,12.74,12.79,1
7.042,0.0059,-0.0664,-1.1875,-0.2305,8.4258,0.15,12.74,12.79,1
7.062,-0.0215,0.0215,-0.8438,-0.7656,8.2734,0.11,12.74,12.79,1
7.076,0.0176,-0.1309,0.0391,-0.0391,9.3477,0.11,12.74,12.79,1
7.093,-0.0078,-0.0996,-0.2695,-0.5352,9.0430,0.11,12.74,12.79,1
7.111,-0.0059,-0.0762,0.4609,-0.8828,9.6914,0.11,12.74,12.79,1
7.127,-0.0078,-0.1016,-0.6133,-0.6133,8.1602,0.11,12.74,12.79,1
7.145,-0.0098,-0.0762,0.3437,-0.6523,9.6484,0.11,12.74,12.79,1
7.161,0.0215,-0.1133,-1.1875,-0.9961,7.2070,0.11,12.74,12.79,1
7.179,0.0039,-0.0488,0.3437,-0.5352,10.3477,0.11,12.74,12.79,1
7.195,0.0059,-0.1191,-0.1914,-0.8047,9.1602,0.11,12.74,10.05,1
7.212,0.0000,-0.1055,0.2305,-0.7266,10.2266,0.11,12.74,10.05,1
7.233,-0.0059,-0.0586,0.9961,-0.9961,11.2187,0.11,12.74,10.05,1
7.247,0.0098,-0.0312,0.0391,-0.6914,9.8086,0.11,12.74,10.05,1
7.264,-0.0020,-0.0215,0.4219,-0.6914,10.3047,0.02,12.74,10.05,1
7.281,0.0195,-0.0625,0.1914,-1.0742,9.9648,0.02,0.00,10.05,1
7.297,0.0098,0.0332,-0.3437,-0.8047,9.3828,0.02,0.00,10.05,1
7.314,0.0273,-0.0410,0.4609,-0.5352,10.5742,0.02,0.00,10.05,1
7.331,0.0391,-0.0742,-0.7656,-1.0742,8.7383,0.02,0.00,10.05,1
7.350,0.0234,-0.0488,0.5742,-0.1914,10.6484,0.02,0.00,10.05,1
7.365,0.0234,-0.0273,0.1133,-0.4609,9.6914,0.02,0.00,10.05,1
7.383,0.0156,-0.0254,0.3437,-0.5742,10.1133,0.02,0.00,10.05,1
7.404,0.0117,0.0020,0.7266,-0.8438,10.3047,0.02,0.00,10.05,1
7.422,0.0391,-0.0469,-0.2695,-0.6523,9.0820,0.02,0.00,10.05,1
7.434,0.0176,0.0430,0.0391,-0.5742,9.5000,0.02,0.00,10.05,1
7.453,0.0273,-0.0254,-0.0781,-0.8828,9.2656,0.02,0.00,10.05,1
7.467,0.0176,0.0352,-0.4961,-0.3437,8.6953,0.02,0.00,10.05,1
7.484,0.0352,-0.0176,0.2695,-0.3047,9.5781,0.02,0.00,10.05,1
7.501,0.0410,-0.0488,-0.9961,-0.8828,7.9297,0.02,0.00,10.05,1
7.520,0.0176,-0.0234,0.4609,-0.2305,10.2266,0.02,0.00,10.05,1
7.535,0.0254,-0.0234,-0.1133,-0.6133,8.8125,0.02,0.00,10.05,1
7.552,0.0117,-0.0195,0.0000,-0.5742,9.1562,0.02,0.00,10.05,1
7.570,0.0117,0.0000,0.2305,-0.4609,9.3828,0.02,0.00,10.05,1
7.586,0.0312,0.0430,0.4609,-0.9180,9.7656,0.02,0.00,10.05,1
7.606,0.0156,0.0293,-0.1133,-0.4219,9.3828,0.02,0.00,10.05,1
7.623,0.0215,-0.0371,0.3047,-0.4961,9.5000,0.02,0.00,10.05,1
7.637,0.0215,0.0332,-0.3437,-0.2305,9.0781,0.02,0.00,10.05,1
7.654,0.0254,-0.0156,-0.1133,-0.3047,9.5000,0.02,0.00,10.05,1
7.672,0.0254,-0.0312,-0.9570,-0.7656,8.3164,0.02,0.00,10.05,1
7.690,0.0059,-0.0410,0.3047,-0.0781,10.3086,0.02,0.00,0.00,1
7.705,0.0137,0.0410,-0.2695,-0.5352,9.3477,0.02,0.00,0.00,1
7.723,0.0078,0.0449,0.8438,-0.6523,10.4141,0.02,0.00,0.00,1
7.740,0.0098,0.0059,-0.0391,-0.3047,9.5391,0.02,0.00,0.00,1
7.756,-0.0117,0.0762,0.5742,-0.3828,10.4570,0.02,0.00,0.00,1
7.773,-0.0020,0.0527,-0.8828,-0.3828,8.1602,0.02,0.00,0.00,1
7.793,0.0039,-0.0156,0.2695,-0.5742,9.8086,0.02,0.00,0.00,1
7.810,-0.0098,-0.0039,-0.2695,-0.3828,9.1211,0.02,0.00,0.00,1
7.824,0.0059,0.0098,0.3437,-0.3437,9.9648,0.02,0.00,0.00,1
7.842,0.0059,0.0371,-0.5352,-1.0742,8.5000,0.02,0.00,0.00,1
7.860,0.0000,0.0195,0.5742,-0.3828,10.4570,0.02,0.00,0.00,1
7.875,0.0000,0.0352,0.0781,-0.4961,9.1953,0.02,0.00,0.00,1
7.892,-0.0039,0.0234,0.3047,-0.4609,9.5781,0.02,0.00,0.00,1
7.910,0.0078,0.0176,0.2695,-0.3437,9.7656,0.02,0.00,0.00,1
7.926,-0.0137,0.0957,0.8047,-0.7656,10.0312,0.02,0.00,0.00,1
7.943,0.0020,0.0684,-0.3437,-0.8828,8.5430,0.02,0.00,0.00,1
7.964,0.0156,0.0078,0.4961,-0.8828,9.4219,0.02,0.00,0.00,1
7.982,0.0039,0.0059,-0.0391,-0.3828,9.0039,0.02,0.00,0.00,1
7.995,0.0195,0.0078,0.2305,-0.3828,9.4609,0.02,0.00,0.00,1
8.013,0.0176,0.0508,-0.6133,-0.9570,7.9727,0.02,0.00,0.00,1
8.030,0.0117,0.0273,0.4219,-0.3828,9.6133,0.02,0.00,0.00,1
8.045,0.0176,0.0391,0.0391,-0.4219,9.2695,0.02,0.00,0.00,1
8.062,0.0215,0.0488,0.5742,-0.8438,9.8437,0.00,0.00,0.00,1
8.080,0.0371,0.0000,-0.3828,-0.5352,8.9648,0.00,0.00,0.00,1
8.096,0.0117,0.0156,0.2695,-0.2695,9.8477,0.00,0.00,0.00,1
8.113,0.0352,-0.0508,-1.3789,-0.5742,7.0078,0.00,0.00,0.00,1
8.131,0.0215,0.0234,-0.0391,-0.1914,9.4258,0.00,0.00,0.00,1
8.147,0.0156,-0.0176,-0.3047,-0.4609,9.1172,0.00,0.00,0.00,1
8.166,0.0195,0.0137,-0.2305,-0.4609,9.4609,0.00,0.00,0.00,1
8.184,0.0117,0.0430,-0.1914,-0.6523,9.2695,0.00,0.00,0.00,1
8.201,0.0195,-0.0137,-0.1523,-0.0781,9.1953,0.00,0.00,0.00,1
8.215,0.0117,-0.0527,-0.0781,-0.1914,9.5391,0.00,0.00,0.00,1
8.232,0.0156,-0.0254,0.3828,-0.4609,9.8477,0.00,0.00,0.00,1
8.250,0.0117,0.0117,-0.3828,-0.2695,8.9648,0.02,0.00,0.00,1
8.266,0.0098,-0.0117,-0.0781,-0.1914,9.4609,0.02,0.00,0.00,1
8.283,0.0293,-0.0625,-1.3008,-0.6914,7.5117,0.02,0.00,0.00,1
8.300,0.0039,-0.0078,0.1914,-0.0781,10.2266,0.02,0.00,0.00,1
8.317,-0.0020,-0.0312,0.0391,-0.3828,9.5039,0.02,0.00,0.00,1
8.336,-0.0020,-0.0371,-0.2305,-0.1523,9.3828,0.02,0.00,0.00,1
8.353,-0.0059,-0.0176,0.3437,-0.3828,10.0742,0.02,0.00,0.00,1
8.371,0.0078,-0.0547,-0.4219,-0.2305,8.6602,0.02,0.00,0.00,1
8.385,-0.0195,-0.0117,0.1914,-0.1523,9.9258,0.02,0.00,0.00,1
8.404,-0.0117,-0.0117,0.1133,-0.6133,9.6914,0.02,0.00,0.00,1
8.420,-0.0176,-0.0039,-0.6914,-0.3437,8.7734,0.02,0.00,0.00,1
8.436,-0.0020,-0.0137,-0.1523,-0.2305,9.5391,0.02,0.00,0.00,1
8.454,0.0059,-0.0488,-0.6133,-0.6523,8.4219,0.00,0.00,0.00,1
8.470,-0.0215,-0.0391,0.5352,-0.1133,10.3477,0.00,0.00,0.00,1
8.487,-0.0098,0.0020,0.1133,-0.4219,9.9258,0.00,0.00,0.00,1
8.504,-0.0195,0.0078,0.4961,-0.6133,10.0039,0.00,0.00,0.00,1
8.523,-0.0059,-0.0195,0.4219,-0.3047,10.1094,0.00,0.00,0.00,1
8.543,0.0000,-0.0586,-0.9570,-0.5352,7.8164,0.00,0.00,0.00,1
8.555,-0.0273,0.0410,0.3047,-0.3437,9.9258,0.00,0.00,0.00,1
8.573,-0.0156,-0.0078,-0.0391,-0.7656,9.6133,0.00,0.00,0.00,1
8.590,-0.0195,-0.0176,-0.2305,-0.5352,8.9609,0.00,0.00,0.00,1
8.606,-0.0078,0.0020,-0.1914,-0.4961,9.1562,0.00,0.00,0.00,1
8.623,-0.0156,0.0586,0.1914,-0.7656,9.5820,0.00,0.00,0.00,1
8.641,-0.0234,0.0391,0.3828,-0.2695,9.7305,0.00,0.00,0.00,1
8.657,-0.0117,0.0312,0.1914,-0.5352,9.9609,0.00,0.00,0.00,1
8.674,-0.0078,0.0547,0.3437,-0.8828,9.8867,0.00,0.00,0.00,1
8.691,-0.0020,0.0000,-0.6133,-0.4961,8.4219,0.00,0.00,0.00,1
8.713,0.0000,-0.0039,-0.9570,-0.9180,7.8906,0.00,0.00,0.00,1
8.726,0.0039,-0.0430,0.3437,-0.3437,10.0742,0.00,0.00,0.00,1
8.742,-0.0039,0.0391,0.1914,-0.5352,9.8828,0.00,0.00,0.00,1
8.761,0.0039,0.0430,0.1914,-0.8047,9.6914,0.00,0.00,0.00,1
8.776,-0.0039,0.0020,-0.4961,-0.4219,9.0000,0.00,0.00,0.00,1
8.793,-0.0137,0.0195,0.4609,-0.5742,10.1133,0.00,0.00,0.00,1
8.810,0.0039,-0.0195,-0.7266,-0.6133,8.2383,0.00,0.00,0.00,1
8.827,-0.0039,-0.0527,0.1133,-0.5352,9.9648,0.00,0.00,0.00,1
8.844,0.0059,-0.0156,-0.1523,-0.7266,9.3867,0.00,0.00,0.00,1
8.862,0.0059,0.0098,-0.2695,-0.6523,9.1211,0.00,0.00,0.00,1
8.878,0.0156,-0.0137,-0.4219,-0.4609,9.0391,0.00,0.00,0.00,1
8.897,0.0293,-0.0508,0.3047,-0.2695,9.7266,0.00,0.00,0.00,1
8.913,0.0059,-0.0605,0.4219,-0.5742,9.9648,0.00,0.00,0.00,1
8.930,0.0117,-0.0234,0.1914,-0.6914,9.6914,0.00,0.00,0.00,1
8.946,0.0195,0.0156,-0.7656,-0.3437,8.4609,0.00,0.00,0.00,1
8.963,0.0215,-0.0156,-0.1523,-0.3047,9.4609,0.00,0.00,0.00,1
8.980,0.0273,-0.0469,-0.5742,-0.8047,8.3516,0.00,0.00,0.00,1
8.997,-0.0039,0.0254,0.6914,-0.1914,10.4922,0.00,0.00,0.00,1
9.014,0.0156,0.0176,0.6133,-0.5742,10.1133,0.00,0.00,0.00,1
9.031,0.0117,0.0137,0.6523,-0.7266,10.0312,0.00,0.00,0.00,1
9.053,0.0215,-0.0137,0.3047,-0.2695,9.8828,0.00,0.00,0.00,1
9.065,-0.0117,0.0586,0.3047,-0.2695,9.8828,0.00,0.00,0.00,1
9.084,0.0039,0.0176,0.6914,-0.1914,10.4922,0.00,0.00,0.00,1
9.103,0.0117,0.0312,0.2305,-0.3437,9.7266,0.00,0.00,0.00,1
9.116,-0.0039,-0.0156,0.4609,-0.5352,10.1914,0.00,0.00,0.00,1
9.134,-0.0020,0.0039,-0.4219,-0.1523,8.6992,0.00,0.00,0.00,1
9.150,-0.0195,0.0449,0.4609,-0.1133,10.0742,0.00,0.00,0.00,1
9.167,0.0078,-0.0352,-0.9961,-0.4609,7.8164,0.00,0.00,0.00,1
9.184,-0.0137,-0.0273,0.4219,-0.2695,9.9258,0.00,0.00,0.00,1
9.202,-0.0117,-0.0117,-0.3437,-0.3828,9.0820,0.00,0.00,0.00,1
9.223,-0.0156,-0.0020,-0.3437,-0.2695,8.5820,0.00,0.00,0.00,1
9.235,-0.0059,-0.0254,-0.3437,-0.2695,8.5820,0.00,0.00,0.00,1
9.253,0.0039,-0.0664,-0.0391,-0.2305,9.5000,0.00,0.00,0.00,1
9.273,-0.0156,-0.0410,-0.0391,-0.5352,9.4648,0.00,0.00,0.00,1
9.287,-0.0156,0.0020,-0.3828,-0.5742,9.0000,0.00,0.00,0.00,1
9.303,-0.0117,-0.0059,-1.0742,-0.4219,8.3945,0.00,0.00,0.00,1
9.320,-0.0195,-0.0371,-0.4219,-0.1523,9.0781,0.00,0.00,0.00,1
9.337,-0.0391,0.0547,-0.4961,-0.6523,8.8477,0.00,0.00,0.00,1
9.354,-0.0371,0.0410,0.5352,-0.0781,10.5742,0.00,0.00,0.00,1
9.371,-0.0273,-0.0137,0.0781,-0.4961,9.4219,0.00,0.00,0.00,1
9.390,-0.0371,-0.0254,0.3437,-0.6133,10.0312,0.00,0.00,0.00,1
9.405,-0.0195,-0.0176,-0.6133,-0.4219,8.6172,0.00,0.00,0.00,1
9.422,-0.0391,0.0469,0.1133,-0.3047,9.8828,0.00,0.00,0.00,1
9.442,-0.0488,0.0273,0.3828,-0.1914,10.0703,0.00,0.00,0.00,1
9.457,-0.0332,0.0078,-0.3828,-0.7266,9.2305,0.02,0.00,0.00,1
9.473,-0.0293,0.0332,-0.1133,-0.6133,9.5039,0.02,0.00,0.00,1
9.491,-0.0176,-0.0176,0.0391,-0.5352,9.5039,0.02,0.00,0.00,1
9.507,-0.0371,-0.0273,0.3437,-1.0742,10.2266,0.02,0.00,0.00,1
9.524,-0.0195,-0.0605,0.0781,-0.4609,9.5820,0.02,0.00,0.00,1
9.541,-0.0254,0.0312,0.1133,-0.4961,9.8047,0.02,0.00,0.00,1
9.560,-0.0273,0.0293,0.4609,-0.8047,9.8086,0.02,0.00,0.00,1
9.575,-0.0234,-0.0117,-0.5352,-0.4219,8.4258,0.02,0.00,0.00,1
9.592,-0.0332,0.0391,0.1914,-0.5352,9.8828,0.02,0.00,0.00,1
9.613,-0.0215,0.0195,0.3437,-0.4219,10.4961,0.02,0.00,0.00,1
9.631,-0.0137,-0.0195,-0.0781,-0.8047,9.3828,0.02,0.00,0.00,1
9.644,-0.0117,0.0273,-0.1523,-0.8438,9.1602,0.02,0.00,0.00,1
9.663,0.0000,-0.0039,0.1133,-0.5352,9.7305,0.00,0.00,0.00,1
9.677,-0.0176,-0.0078,0.2305,-0.9570,9.8437,0.00,0.00,0.00,1
9.694,0.0078,-0.0527,0.1523,-0.2695,9.4648,0.00,0.00,0.00,1
9.711,-0.0117,0.0273,-0.1133,-0.4219,9.5391,0.00,0.00,0.00,1
9.728,-0.0059,0.0000,0.5742,-0.9570,10.0000,0.00,0.00,0.00,1
9.745,-0.0117,0.0039,-0.2305,-0.3437,8.8437,0.00,0.00,0.00,1
9.762,-0.0195,0.0293,0.2305,-0.5352,9.7695,0.00,0.00,0.00,1
9.783,-0.0059,0.0117,0.3437,-0.3047,10.1133,0.00,0.00,0.00,1
9.796,-0.0039,-0.0410,0.3437,-0.3047,10.1133,0.00,0.00,0.00,1
9.815,0.0020,-0.0078,0.4609,-0.6523,9.8477,0.00,0.00,0.00,1
9.834,-0.0078,0.0020,-0.0391,-0.3047,9.3437,0.00,0.00,0.00,1
9.847,0.0078,-0.0156,0.6133,-0.6914,10.4961,0.00,0.00,0.00,1
9.864,0.0273,-0.0742,-0.9180,-0.6523,7.8906,0.00,0.00,0.00,1
9.881,-0.0059,-0.0410,-0.3047,-0.3437,9.5000,0.00,0.00,0.00,1
9.900,-0.0059,0.0078,-0.1523,-0.8047,9.3086,0.00,0.00,0.00,1
9.915,-0.0078,0.0156,-0.1523,-0.4219,8.9258,0.00,0.00,0.00,1
9.932,-0.0059,-0.0020,-0.0391,-0.4961,9.5039,0.00,0.00,0.00,1
9.951,0.0156,-0.0625,0.0000,-1.0352,9.2656,0.00,0.00,0.00,1
9.966,-0.0176,0.0508,0.3828,-0.0781,9.6914,0.00,0.00,0.00,1
9.983,-0.0137,-0.0059,0.0000,-0.3437,9.5039,0.00,0.00,0.00,1
10.003,-0.0195,-0.0098,-0.3047,-0.4609,8.6992,0.00,0.00,0.00,1
10.017,0.0039,-0.0059,0.2305,-0.5352,10.0703,0.00,0.00,0.00,1
10.034,-0.0078,0.0371,-1.0742,-0.9961,7.7773,0.00,0.00,0.00,1
10.051,-0.0273,0.0078,0.0391,-0.3437,9.9219,0.00,0.00,0.00,1
10.068,-0.0039,0.0312,0.2305,-0.7266,9.5391,0.00,0.00,0.00,1
10.085,-0.0078,0.0469,0.2695,-0.6133,9.8047,0.00,0.00,0.00,1
10.102,-0.0020,0.0098,-0.0781,-0.6133,9.3047,0.00,0.00,0.00,1
10.121,0.0039,0.0195,0.4961,-0.7656,10.1133,0.00,0.00,0.00,1
10.136,0.0059,-0.0488,-0.9961,-0.5742,7.8125,0.00,0.00,0.00,1
10.153,-0.0020,0.0391,0.0000,-0.4219,9.8437,0.00,0.00,0.00,1
10.173,0.0039,0.0586,0.0000,-0.7656,9.5000,0.00,0.00,0.00,1
10.192,0.0156,0.0098,-0.0391,-0.7266,9.4219,0.00,0.00,0.00,1
10.204,-0.0117,-0.0234,0.6523,-0.8828,10.2305,0.00,0.00,0.00,1
10.222,0.0215,-0.0742,-0.7266,-0.3437,8.2383,0.00,0.00,0.00,1
10.240,0.0059,0.0156,-0.0781,-0.5352,9.5430,0.00,0.00,0.00,1
10.255,-0.0078,-0.0391,-0.4609,-0.5352,8.7383,0.00,0.00,0.00,1
10.273,-0.0039,-0.0547,-0.5352,-0.4961,8.7773,0.00,0.00,0.00,1
10.291,0.0059,-0.0273,0.1133,-0.6914,9.8828,0.00,0.00,0.00,1
10.306,-0.0059,0.0586,0.1523,-1.1484,9.5000,0.00,0.00,0.00,1
10.324,-0.0195,0.0312,0.2695,-0.3828,9.6094,0.00,0.00,0.00,1
10.343,0.0000,-0.0312,0.4219,-0.6914,9.8867,0.00,0.00,0.00,1
10.362,0.0000,-0.0391,-0.6523,-0.4219,8.4609,0.00,0.00,0.00,1
10.374,0.0078,0.0078,-0.0781,-0.4961,9.5820,0.00,0.00,0.00,1
10.394,0.0117,0.0293,-1.0742,-1.1484,7.9727,0.00,0.00,0.00,1
10.410,-0.0039,-0.0039,0.3437,-0.3047,10.0000,0.00,0.00,0.00,1
10.426,-0.0039,0.0488,0.1523,-0.5352,9.7656,0.00,0.00,0.00,1
10.442,-0.0039,0.0664,0.7266,-0.6523,10.2305,0.00,0.00,0.00,1
10.461,0.0117,0.0176,-0.1523,-0.3437,9.5039,0.00,0.00,0.00,1
10.476,-0.0156,-0.0039,0.1523,-0.5352,9.6914,0.00,0.00,0.00,1
10.493,-0.0020,-0.0254,-1.2656,-0.6133,7.6602,0.00,0.00,0.00,1
10.510,0.0039,0.0293,-0.1133,-0.5742,9.5000,0.00,0.00,0.00,1
10.527,-0.0039,-0.0234,-0.2305,-0.8828,9.2695,0.00,0.00,0.00,1
10.547,-0.0117,0.0000,0.0781,-0.2305,9.8828,0.00,0.00,0.00,1
10.563,-0.0215,0.0547,-0.0781,-0.7266,9.0039,0.00,0.00,0.00,1
10.580,-0.0156,0.0273,0.3437,0.0000,9.8477,0.00,0.00,0.00,1
10.595,-0.0098,-0.0547,0.1523,-0.5352,9.8047,0.00,0.00,0.00,1
10.613,-0.0039,0.0059,0.4609,-1.2266,10.1914,0.00,0.00,0.00,1
10.630,0.0039,0.0039,-0.4609,-0.6133,8.7383,0.00,0.00,0.00,1
10.646,-0.0117,-0.0039,-0.0781,-0.7656,9.7266,0.00,0.00,0.00,1
10.663,0.0098,-0.0664,-1.2266,-0.7266,7.5117,0.00,0.00,0.00,1
10.681,-0.0098,0.0098,0.1523,-0.0781,10.0039,0.00,0.00,0.00,1
10.697,-0.0156,-0.0039,0.3437,-0.6133,9.8867,0.00,0.00,0.00,1
10.718,-0.0137,-0.0156,-0.2305,-0.7266,9.0391,0.00,0.00,0.00,1
10.733,-0.0156,-0.0137,0.3437,-0.6914,9.7695,0.00,0.00,0.00,1
10.750,0.0059,-0.0527,-0.4219,-0.3437,8.6172,0.00,0.00,0.00,1
10.765,-0.0273,-0.0039,-0.0781,-0.4961,9.9219,0.00,0.00,0.00,1
10.782,-0.0137,-0.0195,-0.0391,-0.8828,9.3867,0.00,0.00,0.00,1
10.800,-0.0137,-0.0254,-0.7266,-0.6914,8.5391,0.00,0.00,0.00,1
10.816,0.0039,0.0117,-0.1914,-0.6914,9.3477,0.00,0.00,0.00,1
10.833,0.0078,-0.0078,-0.1133,-1.0352,9.1211,0.00,0.00,0.00,1
10.851,-0.0117,-0.0391,0.5352,-0.2305,9.9609,0.00,0.00,0.00,1
10.867,-0.0039,0.0508,0.5352,-0.7656,10.3086,0.00,0.00,0.00,1
10.884,0.0117,0.0586,0.2695,-1.1484,9.9258,0.00,0.00,0.00,1
10.904,0.0176,0.0039,-0.3047,-0.5352,9.1992,0.00,0.00,0.00,1
10.921,0.0215,-0.0254,-0.9570,-0.9180,7.9727,0.00,0.00,0.00,1
10.936,0.0039,-0.0273,0.4609,-0.1133,10.3867,0.00,0.00,0.00,1
10.954,0.0117,0.0547,0.2695,-0.6914,10.0352,0.00,0.00,0.00,1
10.970,0.0215,0.0762,0.6523,-1.1484,10.3086,0.00,0.00,0.00,1
10.986,0.0078,-0.0215,-0.4219,-0.5742,8.8477,0.00,0.00,0.00,1
11.003,0.0059,-0.0117,0.0391,-0.5352,9.5820,0.00,0.00,0.00,1
11.020,0.0156,-0.0332,-1.1484,-0.7656,7.6562,0.00,0.00,0.00,1
11.037,-0.0039,-0.0371,0.2695,-0.3437,10.0039,0.00,0.00,0.00,1
11.054,0.0059,-0.0234,-0.0391,-0.6523,9.6484,0.00,0.00,0.00,1
11.071,0.0039,-0.0098,-0.0391,-0.6523,9.3047,0.00,0.00,0.00,1
11.088,0.0156,0.0000,0.0000,-0.1523,9.1602,0.00,0.00,0.00,1
11.107,0.0137,-0.0430,-0.1523,-0.6523,9.0039,0.00,0.00,0.00,1
11.123,-0.0020,-0.0625,-0.0781,-0.7266,9.5039,0.00,0.00,0.00,1
11.142,0.0098,-0.0039,0.0000,-0.9180,9.5820,0.00,0.00,0.00,1
11.156,0.0059,0.0312,-0.8828,-0.5742,8.3164,0.00,0.00,0.00,1
11.173,0.0078,-0.0117,-0.2305,-0.1523,9.1992,0.00,0.00,0.00,1
11.190,0.0254,-0.0605,-0.4219,-0.8438,8.7734,0.00,0.00,0.00,1
11.207,-0.0059,0.0234,0.4609,-0.0391,10.2305,0.00,0.00,0.00,1
11.224,0.0000,0.0000,0.1914,-0.6133,10.0352,0.00,0.00,0.00,1
11.241,0.0020,-0.0156,0.3437,-1.0352,9.7305,0.00,0.00,0.00,1
11.263,0.0059,-0.0234,0.1523,-0.5742,9.8086,0.00,0.00,0.00,1
11.277,-0.0098,0.0645,-0.8828,-0.7266,7.9727,0.00,0.00,0.00,1
11.293,-0.0039,0.0391,0.2305,-0.3437,10.0703,0.00,0.00,0.00,1
11.311,0.0059,-0.0137,-0.1914,-0.8438,9.5391,0.00,0.00,0.00,1
11.326,0.0098,0.0527,-0.3437,-0.6133,8.7773,0.00,0.00,0.00,1
11.343,0.0156,0.0039,-0.0391,-0.3828,9.2305,0.00,0.00,0.00,1
11.361,0.0117,0.0273,0.4219,-0.8047,9.9219,0.00,0.00,0.00,1
11.377,0.0156,-0.0410,0.2305,-0.3047,9.5430,0.00,0.00,0.00,1
11.395,0.0059,0.0430,0.2695,-0.5742,9.8828,0.00,0.00,0.00,1
11.411,0.0195,0.0430,-0.0391,-0.9180,9.2656,0.00,0.00,0.00,1
11.428,0.0000,-0.0293,-0.7656,-0.4219,8.3945,0.00,0.00,0.00,1
11.448,-0.0020,-0.0234,-0.2305,-0.8828,8.9609,0.00,0.00,0.00,1
11.463,0.0195,-0.0391,0.6914,-0.2695,10.3086,0.00,0.00,0.00,1
11.482,0.0176,0.0527,0.5742,-0.5352,10.4961,0.00,0.00,0.00,1
11.496,-0.0020,-0.0215,0.1914,-0.9180,9.6523,0.00,0.00,0.00,1
11.513,0.0020,-0.0488,-0.8438,-0.2695,7.9727,0.00,0.00,0.00,1
11.531,0.0078,-0.0449,-0.2695,-0.5742,9.3086,0.00,0.00,0.00,1
11.547,-0.0039,0.0605,-0.5742,-0.9570,8.5781,0.00,0.00,0.00,1
11.565,-0.0215,0.0332,0.4961,-0.1914,10.4180,0.00,0.00,0.00,1
11.581,0.0000,-0.0176,0.4609,-0.6133,10.0039,0.00,0.00,0.00,1
11.603,0.0098,-0.0547,-0.4609,-0.3047,8.5781,0.00,0.00,0.00,1
11.616,0.0098,0.0293,-0.4609,-0.3047,8.5781,0.00,0.00,0.00,1
11.635,-0.0137,0.0840,-1.2266,-0.9180,7.6289,0.00,0.00,0.00,1
11.653,-0.0078,0.0664,0.3437,-0.1914,10.3828,0.00,0.00,0.00,1
11.667,0.0078,-0.0078,0.0000,-0.5352,9.5820,0.00,0.00,0.00,1
11.684,0.0039,0.0449,0.4219,-0.7266,9.7695,0.00,0.00,0.00,1
11.702,0.0156,0.0137,-0.0391,-0.4219,9.3437,0.00,0.00,0.00,1
11.717,0.0059,-0.0430,0.4609,-0.6523,10.1484,0.00,0.00,0.00,1
11.734,0.0117,-0.0723,-0.9180,-0.5352,8.2383,0.00,0.00,0.00,1
11.751,0.0000,0.0293,-0.1914,-0.4609,9.6875,0.00,0.00,0.00,1
11.768,0.0039,-0.0176,-0.2305,-0.6523,9.1992,0.00,0.00,0.00,1
11.785,0.0078,-0.0508,-0.6523,-0.5742,8.3555,0.00,0.00,0.00,1
11.802,-0.0078,-0.0293,-0.0781,-0.5352,9.6094,0.00,0.00,0.00,1
11.823,0.0078,-0.0391,0.4219,-0.2305,9.8047,0.00,0.00,0.00,1
11.837,-0.0117,-0.0020,0.0781,-0.4219,9.9258,0.00,0.00,0.00,1
11.854,0.0000,-0.0059,0.1914,-0.7266,9.6523,0.00,0.00,0.00,1
11.871,0.0039,-0.0176,-0.4219,-0.2695,8.5781,0.00,0.00,0.00,1
11.887,0.0176,-0.0059,-0.1914,-0.5352,9.5781,0.00,0.00,0.00,1
11.904,0.0156,-0.0215,-0.8047,-0.9570,8.1172,0.00,0.00,0.00,1
11.921,-0.0039,-0.0371,0.3047,-0.3437,9.9258,0.00,0.00,0.00,1
11.942,0.0078,-0.0332,0.0781,-0.4961,9.8047,0.00,0.00,0.00,1
11.955,0.0098,0.0469,0.5352,-0.7266,9.8867,0.00,0.00,0.00,1
11.972,0.0156,-0.0117,-0.0391,-0.2695,9.1211,0.00,0.00,0.00,1
11.993,0.0176,-0.0273,-0.9570,-0.7266,8.1602,0.00,0.00,0.00,1
12.008,0.0078,0.0000,-0.3047,-0.4219,9.5039,0.00,0.00,0.00,1
12.024,0.0039,0.0566,-0.4961,-0.6133,8.8867,0.00,0.00,0.00,1
12.042,0.0098,0.0449,0.0000,-0.6133,9.3047,0.00,0.00,0.00,1
12.057,-0.0137,-0.0195,0.1914,-0.4609,9.4609,0.00,0.00,0.00,1
12.074,-0.0098,0.0098,0.8047,-0.6523,10.4570,0.00,0.00,0.00,1
12.091,0.0098,-0.0059,-0.4219,-0.4609,8.7734,0.00,0.00,0.00,1
12.108,-0.0117,-0.0430,-0.1914,-0.4961,9.5000,0.00,0.00,0.00,1
12.126,-0.0059,-0.0430,-0.5352,-0.4961,8.9219,0.00,0.00,0.00,1
12.142,-0.0117,-0.0254,-0.6133,-0.3437,8.4648,0.00,0.00,0.00,1
12.163,-0.0137,0.0000,0.5352,-0.8828,9.9648,0.00,0.00,0.00,1
12.176,0.0078,-0.0137,0.5352,-0.8828,9.9648,0.00,0.00,0.00,1
12.196,-0.0117,-0.0352,0.3828,-0.5352,9.8477,0.00,0.00,0.00,1
12.213,-0.0117,-0.0488,-0.0781,-0.6914,9.2266,0.00,0.00,0.00,1
12.227,0.0000,0.0566,-0.8438,-0.2695,8.3516,0.00,0.00,0.00,1
12.244,0.0059,0.0059,-0.3437,-0.2695,9.2656,0.00,0.00,0.00,1
12.262,0.0098,-0.0254,-0.4219,-0.8828,8.6172,0.00,0.00,0.00,1
12.280,-0.0039,-0.0508,0.4609,-0.2695,10.2305,0.00,0.00,0.00,1
12.295,-0.0039,0.0352,0.4219,-0.6523,10.1133,0.00,0.00,0.00,1
12.312,-0.0020,0.0273,0.3828,-0.8828,9.5820,0.00,0.00,0.00,1
12.330,0.0078,-0.0078,-0.2695,-0.4219,9.0391,0.00,0.00,0.00,1
12.346,-0.0215,0.0352,0.1133,-0.3047,9.8086,0.00,0.00,0.00,1
12.367,-0.0078,0.0195,-0.1523,-0.2695,9.5820,0.00,0.00,0.00,1
12.384,-0.0039,0.0352,-0.0781,-0.6523,9.5430,0.00,0.00,0.00,1
12.397,-0.0039,-0.0195,0.0781,-0.8438,9.3867,0.00,0.00,0.00,1
12.414,-0.0039,0.0098,0.1523,-0.6133,9.5039,0.00,0.00,0.00,1
12.432,-0.0156,0.0625,0.4219,-0.5742,10.0742,0.00,0.00,0.00,1
12.448,0.0156,-0.0742,-0.1133,-0.2695,9.0039,0.00,0.00,0.00,1
12.465,-0.0098,-0.0508,0.1133,-0.3047,9.4609,0.00,0.00,0.00,1
12.483,-0.0078,0.0215,0.0781,-0.5742,9.5391,0.00,0.00,0.00,1
12.501,0.0020,0.0176,-0.5742,-0.3437,8.7344,0.00,0.00,0.00,1
12.516,-0.0137,-0.0156,-0.1133,-0.4609,9.4648,0.00,0.00,0.00,1
12.533,-0.0020,-0.0508,-0.4961,-0.8828,8.6953,0.00,0.00,0.00,1
12.553,-0.0176,0.0137,0.3828,-0.4219,10.1523,0.00,0.00,0.00,1
12.571,-0.0039,0.0332,0.6133,-0.8047,9.9258,0.00,0.00,0.00,1
12.585,-0.0195,-0.0215,-0.2695,-0.2695,8.9219,0.00,0.00,0.00,1
12.601,-0.0176,-0.0098,0.2305,-0.4219,10.0039,0.00,0.00,0.00,1
12.621,0.0039,-0.0586,-1.3398,-0.7266,7.3555,0.00,0.00,0.00,1
12.636,-0.0410,0.0254,0.3047,-0.1523,10.0352,0.00,0.00,0.00,1
12.652,-0.0293,-0.0176,-0.1523,-0.5352,9.1602,0.00,0.00,0.00,1
12.671,-0.0234,-0.0195,0.3437,-0.4609,9.7305,0.00,0.00,0.00,1
12.686,-0.0156,0.0098,0.0000,-0.2305,9.2266,0.00,0.00,0.00,1
12.703,-0.0215,0.0293,0.4961,-0.6133,10.0312,0.00,0.00,0.00,1
12.724,-0.0449,0.0059,0.0000,-0.6133,9.7305,0.00,0.00,0.00,1
12.742,-0.0332,-0.0332,-0.0391,-0.8438,9.1211,0.00,0.00,0.00,1
12.754,-0.0254,0.0566,-0.3828,-0.6523,8.8867,0.00,0.00,0.00,1
12.774,-0.0137,0.0117,-0.1523,-0.6523,9.2305,0.00,0.00,0.00,1
12.788,-0.0332,-0.0078,-0.1914,-1.2266,8.9609,0.00,0.00,0.00,1
12.805,-0.0137,-0.0410,0.4609,-0.2305,9.9258,0.00,0.00,0.00,1
12.822,-0.0156,0.0371,0.3047,-0.7266,9.8437,0.00,0.00,0.00,1
12.840,-0.0254,0.0586,0.4609,-0.9570,10.0742,0.00,0.00,0.00,1
12.856,-0.0312,-0.0156,-0.6133,-0.4609,8.6211,0.00,0.00,0.00,1
12.874,-0.0234,-0.0039,-0.1523,-0.7266,9.3047,0.00,0.00,0.00,1
12.891,-0.0117,-0.0488,-1.2266,-1.0742,7.7383,0.00,0.00,0.00,1
12.907,-0.0293,-0.0293,0.4219,-0.2695,9.8086,0.00,0.00,0.00,1
12.927,-0.0137,-0.0625,0.9180,-1.0352,10.5742,0.00,0.00,0.00,1
12.943,-0.0156,-0.0176,-0.4609,-0.6133,8.8477,0.00,0.00,0.00,1
12.958,0.0078,0.0000,-0.0391,-0.8047,9.6523,0.00,0.00,0.00,1
12.976,0.0098,-0.0137,-1.6836,-0.7656,7.2734,0.00,0.00,0.00,1
12.992,-0.0176,-0.0469,0.0781,-0.3828,9.7656,0.00,0.00,0.00,1
13.011,-0.0059,-0.0527,-0.0391,-0.7656,9.6875,0.00,0.00,0.00,1
13.026,0.0039,0.0469,0.4609,-0.9570,10.3047,0.00,0.00,0.00,1
13.043,0.0195,0.0059,-0.2695,-0.6523,9.1602,0.00,0.00,0.00,1
13.061,0.0176,-0.0059,0.3828,-0.7656,9.9609,0.00,0.00,0.00,1
13.077,0.0117,-0.0625,-1.0352,-0.5352,7.8555,0.00,0.00,0.00,1
13.098,0.0059,0.0234,-0.3437,-0.8047,9.2266,0.00,0.00,0.00,1
13.114,0.0098,0.0586,-0.1523,-0.6914,9.2695,0.00,0.00,0.00,1
13.130,0.0234,0.0117,-0.0391,-0.8438,9.5039,0.00,0.00,0.00,1
13.146,0.0000,-0.0195,0.4219,-1.0352,9.6875,0.00,0.00,0.00,1
13.162,0.0176,-0.0645,0.1133,-0.4961,9.4219,0.00,0.00,0.00,1
13.181,0.0117,0.0273,0.2695,-0.7656,9.7695,0.00,0.00,0.00,1
13.196,0.0117,-0.0391,0.1133,-0.8828,9.6094,0.00,0.00,0.00,1
13.213,0.0078,-0.0215,-0.6914,-0.4961,8.5391,0.00,0.00,0.00,1
13.231,0.0039,-0.0117,-0.2695,-0.4961,9.3867,0.00,0.00,0.00,1
13.247,0.0352,-0.0039,-0.3437,-1.0352,8.7773,0.00,0.00,0.00,1
13.264,0.0039,-0.0234,0.7656,-0.3047,10.5742,0.02,0.00,0.00,1
13.285,0.0176,-0.0176,0.3047,-0.8438,9.9609,0.02,0.00,0.00,1
13.302,0.0156,-0.0039,-0.5352,-0.4219,8.5781,0.02,0.00,0.00,1
13.316,0.0332,-0.0020,0.0000,-0.6133,9.7305,0.02,0.00,0.00,1
13.334,0.0352,-0.0273,-1.1484,-0.7656,7.6289,0.02,0.00,0.00,1
13.350,0.0078,-0.0391,0.4219,-0.4219,10.4141,0.02,0.00,0.00,1
13.366,0.0234,0.0352,0.2695,-0.8047,9.6133,0.02,0.00,0.00,1
13.383,0.0293,0.0488,0.4219,-0.7266,10.0000,0.02,0.00,0.00,1
13.401,0.0352,0.0059,-0.0391,-0.5352,9.1953,0.02,0.00,0.00,1
13.417,0.0098,0.0293,0.5352,-0.4609,10.1094,0.02,0.00,0.00,1
13.435,0.0137,-0.0059,-0.8047,-0.3437,7.7773,0.02,0.00,0.00,1
13.451,0.0195,0.0312,0.1914,-0.5352,10.1523,0.02,0.00,0.00,1
13.468,0.0195,-0.0078,0.0000,-0.9180,9.5430,0.00,0.00,0.00,1
13.487,0.0234,-0.0020,-0.0781,-0.6914,9.3437,0.00,0.00,0.00,1
13.504,0.0020,0.0430,0.4961,-0.7656,9.8086,0.00,0.00,0.00,1
13.521,0.0195,0.0039,0.0000,-0.2305,9.2266,0.00,0.00,0.00,1
13.536,0.0234,-0.0312,0.2695,-0.5742,9.7266,0.00,0.00,0.00,1
13.553,0.0273,-0.0254,-0.0781,-0.8047,9.3086,0.00,0.00,0.00,1
13.571,0.0156,0.0039,-0.7656,-0.5742,8.2773,0.00,0.00,0.00,1
13.587,0.0430,-0.0020,-0.1914,-0.3437,9.2695,0.00,0.00,0.00,1
13.604,0.0430,-0.0410,-0.2695,-0.9961,8.7383,0.00,0.00,0.00,1
13.621,0.0098,-0.0449,0.7656,-0.1914,10.1484,0.00,0.00,0.00,1
13.638,0.0312,0.0195,0.3828,-0.4961,9.8477,0.00,0.00,0.00,1
13.658,0.0254,0.0195,-0.6914,-0.2695,8.5000,0.00,0.00,0.00,1
13.673,0.0234,-0.0156,0.0391,-0.1914,9.7266,0.00,0.00,0.00,1
13.690,0.0352,-0.0645,-1.1094,-0.6914,7.8555,0.00,0.00,0.00,1
13.706,0.0098,0.0449,0.3047,-0.3047,10.5312,0.00,0.00,0.00,1
13.723,0.0117,0.0117,0.1914,-0.6523,9.6523,0.00,0.00,0.00,1
13.741,0.0117,-0.0117,0.0000,-0.5742,9.3437,0.00,0.00,0.00,1
13.757,0.0293,-0.0020,-0.0391,-0.3828,9.5430,0.00,0.00,0.00,1
13.774,0.0078,0.0781,0.4609,-0.3437,10.1484,0.00,0.00,0.00,1
13.791,-0.0059,0.0566,-0.6133,-0.0781,8.6211,0.00,0.00,0.00,1
13.808,0.0039,0.0117,0.1133,-0.2695,9.6914,0.00,0.00,0.00,1
13.827,0.0039,0.0566,-0.8047,-0.3437,8.4258,0.00,0.00,0.00,1
13.843,0.0176,0.0078,0.0000,-0.2695,9.5039,0.00,0.00,0.00,1
13.862,0.0078,0.0234,-0.6133,-0.7266,8.3945,0.00,0.00,0.00,1
13.876,0.0039,-0.0508,0.5352,0.0781,10.2656,0.00,0.00,0.00,1
13.893,-0.0078,0.0195,-0.1523,-0.3437,9.4648,0.00,0.00,0.00,1
13.911,-0.0137,0.0215,0.2695,-0.5742,9.6523,0.00,0.00,0.00,1
13.927,-0.0156,0.0098,-0.1914,-0.3047,9.0430,0.00,0.00,0.00,1
13.944,-0.0234,0.0254,0.4609,-0.5352,9.9219,0.00,0.00,0.00,1
13.961,-0.0117,-0.0020,-1.2656,-0.6523,7.5078,0.00,0.00,0.00,1
13.978,-0.0195,-0.0391,0.1914,-0.3828,9.8437,0.00,0.00,0.00,1
13.995,-0.0137,-0.0078,-0.3437,-0.6914,9.2266,0.00,0.00,0.00,1
14.014,-0.0137,-0.0078,0.0391,-0.3828,9.3867,0.00,0.00,0.00,1
14.033,-0.0273,0.0566,0.4609,-0.7266,10.1094,0.00,0.00,0.00,1
14.047,0.0078,-0.0664,0.2305,-0.3047,9.5430,0.00,0.00,0.00,1
14.064,-0.0156,-0.0508,0.0781,-0.5352,9.6094,0.02,0.00,0.00,1
14.083,-0.0078,-0.0098,-0.1133,-0.8828,9.0430,0.02,0.00,0.00,1
14.097,-0.0137,0.0098,-0.7266,-0.2305,8.3906,0.02,0.00,0.00,1
14.114,-0.0117,-0.0215,-0.1914,-0.3437,9.3828,0.02,0.00,0.00,1
14.131,0.0078,-0.0762,-0.4961,-0.7656,8.5391,0.02,0.00,0.00,1
14.148,-0.0254,0.0293,0.6914,-0.0391,10.4961,0.02,0.00,0.00,1
14.165,-0.0176,0.0176,0.3437,-0.4219,10.1875,0.02,0.00,0.00,1
14.182,-0.0195,0.0078,0.3437,-0.6914,9.8437,0.02,0.00,0.00,1
14.204,-0.0117,-0.0195,0.0781,-0.5742,10.1133,0.02,0.00,0.00,1
14.218,-0.0371,0.0723,-0.9961,-0.8438,7.9727,0.02,0.00,0.00,1
14.234,-0.0391,0.0488,0.6523,-0.3047,10.7266,0.02,0.00,0.00,1
14.251,-0.0156,0.0020,0.1523,-0.6133,9.4648,0.02,0.00,0.00,1
14.267,-0.0215,0.0098,0.4609,-0.7266,10.0312,0.02,0.00,0.00,1
14.285,-0.0137,-0.0039,-0.0781,-0.3437,9.0430,0.02,0.00,0.00,1
14.301,-0.0293,0.0937,0.7266,-0.5352,10.4531,0.02,0.00,0.00,1
14.318,-0.0039,-0.0645,-1.0742,-0.5352,7.8125,0.02,0.00,0.00,1
14.335,-0.0156,-0.0215,-0.0391,-0.6133,9.6094,0.02,0.00,0.00,1
14.352,-0.0137,0.0020,-0.3437,-0.7656,8.8828,0.02,0.00,0.00,1
14.374,-0.0117,-0.0059,-0.0781,-0.5352,9.2305,0.02,0.00,0.00,1
14.388,-0.0176,-0.0156,0.2695,-0.8828,9.7656,0.02,0.00,0.00,1
14.404,0.0078,-0.0645,0.0391,-0.4219,9.3086,0.02,0.00,0.00,1
14.422,-0.0078,-0.0176,0.0781,-0.6523,9.5820,0.02,0.00,0.00,1
14.437,-0.0156,-0.0137,-0.0781,-0.8047,9.2695,0.02,0.00,0.00,1
14.454,-0.0117,-0.0293,-0.6914,-0.4961,8.4609,0.02,0.00,0.00,1
14.471,-0.0137,-0.0195,-0.0781,-0.4219,9.8437,0.00,0.00,0.00,1
14.488,-0.0156,0.0566,-0.3828,-0.9570,8.6602,0.00,0.00,0.00,1
14.506,-0.0293,0.0332,0.4609,-0.3437,10.2305,0.00,0.00,0.00,1
14.522,-0.0078,-0.0234,0.1523,-0.4961,9.7305,0.00,0.00,0.00,1
14.544,-0.0020,-0.0352,-0.1523,-0.6523,9.0039,0.00,0.00,0.00,1
14.556,0.0117,0.0039,-0.1523,-0.6523,9.0039,0.00,0.00,0.00,1
14.573,-0.0020,0.0469,-1.1875,-0.9180,7.5117,0.00,0.00,0.00,1
14.594,-0.0195,0.0234,-0.0391,-0.5352,10.0742,0.00,0.00,0.00,1
14.607,0.0020,0.0391,-0.0391,-0.6133,9.3867,0.00,0.00,0.00,1
14.625,0.0059,0.0664,0.2695,-1.0352,9.6484,0.00,0.00,0.00,1
14.642,0.0195,0.0098,0.0781,-0.6914,9.6133,0.00,0.00,0.00,1
14.661,0.0098,0.0352,0.6133,-0.6133,10.2656,0.00,0.00,0.00,1
14.675,0.0254,-0.0566,-0.5742,-0.6523,8.2344,0.00,0.00,0.00,1
14.692,0.0137,0.0449,-0.3828,-0.6133,9.5039,0.00,0.00,0.00,1
14.711,0.0098,0.0664,-0.2695,-0.7266,9.0820,0.00,0.00,0.00,1
14.726,0.0098,-0.0371,-0.5352,-0.6523,8.6211,0.00,0.00,0.00,1
14.746,0.0078,-0.0254,0.3047,-0.9961,9.8437,0.00,0.00,0.00,1
14.764,0.0234,-0.0605,0.2695,-0.4609,9.6484,0.00,0.00,0.00,1
14.777,0.0020,-0.0020,0.1914,-0.6914,9.7305,0.00,0.00,0.00,1
14.794,0.0117,-0.0391,0.0781,-0.7266,9.3867,0.00,0.00,0.00,1
14.811,0.0156,-0.0410,-0.7266,-0.3047,8.3164,0.00,0.00,0.00,1
14.830,0.0098,-0.0176,-0.1523,-0.4609,9.6914,0.00,0.00,0.00,1
14.845,0.0254,0.0371,-0.6523,-1.0742,8.5000,0.00,0.00,0.00,1
14.862,0.0059,-0.0078,0.4219,-0.3437,10.1875,0.00,0.00,0.00,1
14.880,0.0137,-0.0449,0.4219,-0.5352,10.0000,0.00,0.00,0.00,1
14.896,0.0195,0.0723,0.6914,-0.8438,10.2695,0.00,0.00,0.00,1
14.913,0.0312,0.0234,-0.3828,-0.3828,8.8125,0.00,0.00,0.00,1
14.934,0.0273,0.0059,-1.3789,-0.6523,7.3906,0.00,0.00,0.00,1
14.948,0.0312,-0.0410,0.0000,-0.4219,9.8086,0.00,0.00,0.00,1
14.965,0.0195,0.0449,0.2695,-0.7266,9.7656,0.00,0.00,0.00,1
14.981,0.0273,0.0547,0.1914,-0.9180,9.4609,0.00,0.00,0.00,1
14.998,0.0215,-0.0195,0.2305,-0.3437,9.6133,0.00,0.00,0.00,1
15.015,0.0117,0.0195,0.4961,-0.4961,10.0312,0.00,0.00,0.00,1
15.033,0.0195,0.0020,-0.3437,-0.3047,8.8164,0.00,0.00,0.00,1
15.051,0.0234,0.0234,-0.0391,-0.4219,9.6133,0.00,0.00,0.00,1
15.066,0.0215,-0.0059,-0.0391,-0.9570,9.4219,0.00,0.00,0.00,1
15.083,0.0293,0.0000,-0.7266,-0.6133,8.4648,0.00,0.00,0.00,1
15.103,0.0137,0.0605,-0.4219,-0.7266,8.7344,0.00,0.00,0.00,1
15.122,0.0156,0.0215,0.3047,-0.1914,9.9648,0.00,0.00,0.00,1
15.135,0.0293,-0.0410,0.3828,-0.5742,9.9609,0.00,0.00,0.00,1
15.154,0.0352,0.0078,0.4961,-0.9570,9.9219,0.00,0.00,0.00,1
15.168,0.0293,-0.0137,-0.4219,-0.3828,9.0000,0.00,0.00,0.00,1
15.186,0.0293,-0.0312,-0.0781,-0.1523,9.3867,0.00,0.00,0.00,1
15.202,0.0527,-0.0762,-1.2266,-0.6523,7.6289,0.00,0.00,0.00,1
15.221,0.0273,-0.0508,0.3047,-0.1523,10.2266,0.00,0.00,0.00,1
15.236,0.0215,0.0117,0.2695,-0.3437,9.9648,0.00,0.00,0.00,1
15.253,0.0312,-0.0117,0.4609,-0.6914,10.0703,0.00,0.00,0.00,1
15.271,0.0254,-0.0273,-0.1133,-0.3047,9.2695,0.00,0.00,0.00,1
15.287,0.0000,0.0898,0.4609,-0.2695,10.0312,0.00,0.00,0.00,1
15.306,0.0059,0.0684,0.0391,-0.2305,9.5781,0.00,0.00,0.00,1
15.325,0.0156,0.0273,-0.3828,-0.4961,9.3477,0.00,0.00,0.00,1
15.341,0.0176,0.0059,0.0391,-0.3828,9.3477,0.00,0.00,0.00,1
15.356,0.0156,0.0000,0.0000,-0.2305,9.5781,0.00,0.00,0.00,1
15.372,0.0000,0.0723,0.2695,-0.6523,9.6914,0.00,0.00,0.00,1
15.391,-0.0059,0.0547,-0.1523,-0.0781,9.3047,0.00,0.00,0.00,1
15.406,-0.0020,0.0020,0.0000,-0.3047,9.7266,0.00,0.00,0.00,1
15.424,0.0059,0.0293,0.2695,-0.4961,9.5430,0.00,0.00,0.00,1
15.441,0.0117,-0.0039,-0.4961,-0.1133,8.6211,0.00,0.00,0.00,1
15.457,-0.0156,-0.0176,-0.0391,-0.0781,9.5430,0.00,0.00,0.00,1
15.476,0.0098,-0.0703,0.7266,0.0391,10.4922,0.00,0.00,0.00,1
15.494,-0.0078,0.0352,0.0781,-0.3047,9.8828,0.00,0.00,0.00,1
15.508,-0.0117,-0.0195,0.3437,-0.4961,9.8477,0.00,0.00,0.00,1
15.525,-0.0117,-0.0137,-0.4219,-0.1914,9.0820,0.00,0.00,0.00,1
15.542,-0.0254,0.0117,0.3047,-0.3047,9.8867,0.00,0.00,0.00,1
15.562,-0.0176,-0.0156,-0.7656,-0.2305,8.1953,0.00,0.00,0.00,1
15.576,-0.0215,-0.0254,0.0391,-0.1914,9.8437,0.00,0.00,0.00,1
15.593,-0.0176,0.0078,0.0000,-0.4961,9.5820,0.00,0.00,0.00,1
15.612,-0.0254,0.0059,-0.6133,-0.1523,8.3945,0.00,0.00,0.00,1
15.627,-0.0254,-0.0234,-0.3437,-0.1133,9.2656,0.00,0.00,0.00,1
15.644,-0.0176,-0.0684,-0.3047,-0.6914,8.9219,0.00,0.00,0.00,1
15.663,-0.0312,-0.0234,0.4961,-0.4219,10.1523,0.02,0.00,0.00,1
15.682,-0.0410,0.0273,0.2695,-0.4961,9.8867,0.02,0.00,0.00,1
15.695,-0.0430,-0.0137,-0.4609,-0.1523,8.7383,0.02,0.00,0.00,1
15.714,-0.0391,-0.0234,0.1523,-0.4219,9.8437,0.02,0.00,0.00,1
15.730,-0.0176,-0.0625,-0.9180,-0.8438,7.8555,0.02,0.00,0.00,1
15.746,-0.0488,0.0625,0.4219,-0.8438,10.4180,0.02,0.00,0.00,1
15.763,-0.0254,0.0156,-0.0391,-1.1094,9.3437,0.02,0.00,0.00,1
15.782,-0.0195,-0.0020,0.4609,-1.1094,9.9609,0.02,0.00,0.00,1
15.797,-0.0059,0.0000,-0.4961,-0.5742,8.8437,0.02,0.00,0.00,1
15.815,-0.0234,0.0645,0.2695,-0.4219,9.7266,0.02,0.00,0.00,1
15.831,-0.0332,0.0527,-0.9570,-0.3047,7.9336,0.02,0.00,0.00,1
15.853,-0.0098,-0.0137,-0.0391,-0.6133,9.3867,0.02,0.00,0.00,1
15.865,-0.0234,0.0430,-0.4609,-0.4609,8.8125,0.00,0.00,0.00,1
15.884,-0.0078,-0.0039,0.0000,-0.4609,9.6094,0.00,0.00,0.00,1
15.902,-0.0137,0.0254,0.0391,-1.0352,9.4648,0.00,0.00,0.00,1
15.916,-0.0137,-0.0488,0.4961,-0.2305,10.1523,0.00,0.00,0.00,1
15.933,-0.0215,0.0332,0.2305,-0.5742,9.8867,0.00,0.00,0.00,1
15.951,-0.0195,0.0332,0.3828,-0.8828,9.9648,0.00,0.00,0.00,1
15.967,-0.0215,0.0117,-0.3828,-0.4961,8.8125,0.00,0.00,0.00,1
15.984,-0.0293,0.0371,0.1914,-0.6523,9.7266,0.00,0.00,0.00,1
16.001,-0.0215,0.0039,-1.3008,-0.8828,7.3516,0.00,0.00,0.00,1
16.018,-0.0195,-0.0293,0.3828,-0.2305,10.0703,0.00,0.00,0.00,1
16.037,-0.0117,0.0156,-0.1523,-0.4961,8.9219,0.00,0.00,0.00,1
16.054,-0.0078,0.0059,-0.1914,-0.3828,9.0781,0.00,0.00,0.00,1
16.071,-0.0137,0.0605,0.1914,-0.9180,9.5391,0.00,0.00,0.00,1
16.086,0.0098,-0.0723,0.2305,-0.4219,9.8477,0.00,0.00,0.00,1
16.103,-0.0137,0.0039,0.0391,-0.6914,9.8828,0.00,0.00,0.00,1
16.121,0.0020,0.0332,0.0000,-0.9961,9.3047,0.00,0.00,0.00,1
16.137,-0.0039,-0.0293,-0.8047,-0.4219,8.1953,0.00,0.00,0.00,1
16.154,-0.0137,-0.0254,-0.1133,-0.4961,9.3867,0.00,0.00,0.00,1
16.171,0.0098,-0.0410,-0.7266,-0.9180,8.4648,0.00,0.00,0.00,1
16.188,-0.0156,0.0156,0.4961,-0.3047,10.3086,0.00,0.00,0.00,1
16.208,-0.0020,-0.0312,0.4609,-0.8828,9.7305,0.00,0.00,0.00,1
16.224,-0.0020,-0.0391,-0.1133,-0.4219,9.1992,0.00,0.00,0.00,1
16.241,-0.0059,-0.0137,0.3828,-0.6133,10.1484,0.00,0.00,0.00,1
16.256,0.0117,-0.0098,-0.9180,-0.7266,8.0820,0.00,0.00,0.00,1
16.274,-0.0039,-0.0156,-0.0391,-0.5352,9.8047,0.00,0.00,0.00,1
16.291,0.0059,-0.0176,-0.3828,-0.8438,9.0430,0.00,0.00,0.00,1
16.307,0.0098,0.0371,-0.4609,-0.6133,8.6211,0.00,0.00,0.00,1
16.324,0.0176,-0.0156,0.0000,-0.5352,9.5039,0.00,0.00,0.00,1
16.341,0.0312,-0.0664,0.2695,-0.9961,9.5820,0.00,0.00,0.00,1
16.358,0.0117,0.0273,0.5742,-0.3828,10.1523,0.00,0.00,0.00,1
16.375,0.0195,0.0059,-0.1133,-0.6914,9.5391,0.00,0.00,0.00,1
16.394,0.0098,-0.0020,-0.4609,-0.4219,8.5391,0.00,0.00,0.00,1
16.413,0.0176,-0.0117,0.1133,-0.6523,9.9648,0.00,0.00,0.00,1
16.426,0.0137,0.0605,-0.8047,-0.6523,8.1992,0.00,0.00,0.00,1
16.444,0.0117,0.0352,0.0391,-0.3437,10.0039,0.00,0.00,0.00,1
16.462,0.0156,-0.0273,-0.1523,-0.5352,9.0430,0.00,0.00,0.00,1
16.477,0.0293,0.0371,0.2305,-0.5742,9.7305,0.00,0.00,0.00,1
16.494,0.0273,0.0176,0.0391,-0.5352,9.5820,0.00,0.00,0.00,1
16.511,0.0078,0.0684,0.5742,-0.4219,10.1484,0.00,0.00,0.00,1
16.528,0.0352,-0.0605,-0.7266,-0.4219,8.2344,0.00,0.00,0.00,1
16.545,0.0195,0.0176,-0.2695,-0.3437,9.6484,0.00,0.00,0.00,1
16.562,0.0098,0.0449,-0.4609,-0.5352,9.0039,0.00,0.00,0.00,1
16.584,0.0117,0.0098,0.0781,-0.6133,9.6094,0.00,0.00,0.00,1
16.597,0.0078,-0.0410,0.7656,-0.7656,10.4141,0.00,0.00,0.00,1
16.614,0.0332,-0.0605,0.2305,-0.3828,9.6523,0.00,0.00,0.00,1
16.632,0.0117,0.0078,0.0391,-0.7266,9.4648,0.00,0.00,0.00,1
16.647,0.0078,-0.0059,-0.5742,-0.6914,8.5820,0.00,0.00,0.00,1
16.664,0.0039,-0.0312,-0.8828,0.0000,8.3516,0.00,0.00,0.00,1
16.681,0.0059,-0.0371,-0.0391,-0.1523,9.7656,0.00,0.00,0.00,1
16.698,-0.0078,0.0762,-0.1133,-0.3437,9.5820,0.00,0.00,0.00,1
16.715,-0.0195,0.0586,0.3828,0.0391,9.8047,0.00,0.00,0.00,1
16.732,-0.0059,-0.0215,0.0391,-0.6523,9.5820,0.00,0.00,0.00,1
16.754,-0.0020,-0.0527,-0.6133,-0.5742,8.3555,0.00,0.00,0.00,1
16.768,0.0000,0.0273,-0.2305,-0.3828,9.3437,0.00,0.00,0.00,1
16.784,-0.0020,0.0605,-1.0742,-0.7266,7.8945,0.00,0.00,0.00,1
16.802,-0.0156,0.0352,0.4219,-0.0781,10.2266,0.00,0.00,0.00,1
16.817,-0.0078,0.0156,0.1914,-0.3437,9.6523,0.00,0.00,0.00,1
16.835,-0.0039,0.0332,0.1914,-0.4961,9.7266,0.00,0.00,0.00,1
16.851,0.0059,-0.0059,-0.3047,-0.3828,9.0000,0.00,0.00,0.00,1
16.868,-0.0156,-0.0312,0.4961,-0.4961,10.3867,0.00,0.00,0.00,1
16.885,0.0000,-0.0703,-1.2266,-0.5742,7.4687,0.00,0.00,0.00,1
16.902,0.0000,0.0098,0.1133,-0.4219,9.5781,0.00,0.00,0.00,1
16.924,-0.0059,0.0449,0.1914,-0.5352,9.5781,0.00,0.00,0.00,1
16.939,-0.0137,-0.0410,0.0391,-0.5742,9.5781,0.00,0.00,0.00,1
16.953,-0.0176,-0.0332,0.3437,-0.7266,10.0039,0.00,0.00,0.00,1
16.973,0.0137,-0.0664,-0.8047,-0.4219,8.1953,0.00,0.00,0.00,1
16.987,-0.0273,0.0254,-0.4219,-0.6133,9.2266,0.00,0.00,0.00,1
17.004,-0.0176,-0.0215,-0.4609,-0.6133,8.8477,0.00,0.00,0.00,1
17.021,-0.0039,-0.0352,-0.3047,-0.8438,9.0000,0.00,0.00,0.00,1
17.038,0.0137,0.0039,0.0391,-0.8047,9.3828,0.00,0.00,0.00,1
17.055,-0.0078,0.0723,0.6523,-0.9570,10.1484,0.00,0.00,0.00,1
17.072,-0.0039,0.0410,0.1133,-0.6523,9.0820,0.00,0.00,0.00,1
17.091,0.0215,-0.0039,0.1914,-0.9961,9.6523,0.00,0.00,0.00,1
17.106,0.0234,0.0039,0.0391,-0.8828,9.3867,0.00,0.00,0.00,1
17.124,0.0391,0.0098,0.1133,-0.6523,10.0312,0.00,0.00,0.00,1
17.145,0.0234,0.0918,0.2305,-0.8828,9.8828,0.00,0.00,0.00,1
17.157,0.0586,-0.0840,0.8828,-0.3828,10.6484,0.00,0.00,0.00,1
17.174,0.0430,-0.0410,0.4961,-0.6914,10.6523,0.00,0.00,0.00,1
17.191,0.0469,0.0020,0.3437,-0.8047,10.0352,0.00,0.00,0.00,1
17.208,0.0410,0.0234,-0.5742,-0.3047,8.5039,0.00,0.00,0.00,1
17.225,0.0449,-0.0098,-0.1523,-0.1523,9.5039,0.00,0.00,0.00,1
17.242,0.0586,-0.0430,-0.5742,-0.5352,8.3164,0.00,0.00,0.00,1
17.261,0.0371,-0.0312,0.3047,0.1523,9.7266,0.00,0.00,0.00,1
17.276,0.0273,0.0371,0.3437,-0.2695,9.6094,0.00,0.00,0.00,1
17.293,0.0234,0.0176,0.7656,-0.5742,10.3047,0.00,0.00,0.00,1
17.313,0.0312,-0.0117,-0.4609,-0.0391,9.2656,0.00,0.00,0.00,1
17.328,0.0020,0.0879,-1.8789,-0.3047,6.7812,0.00,0.00,0.00,1
17.345,0.0020,0.0547,0.1523,0.0391,9.9219,0.00,0.00,0.00,1
17.361,0.0156,0.0039,0.0781,-0.3828,9.5039,0.00,0.00,0.00,1
17.378,0.0078,0.0117,-0.0781,-0.3437,9.3047,0.00,0.00,0.00,1
17.396,0.0156,0.0039,-0.3047,-0.1133,9.3437,0.00,0.00,0.00,1
17.412,-0.0020,0.0684,0.2695,-0.1914,9.8086,0.00,0.00,0.00,1
17.431,-0.0156,0.0410,-0.9570,0.0000,8.2383,0.00,0.00,0.00,1
17.446,-0.0156,-0.0098,-0.1133,-0.1133,9.7656,0.00,0.00,0.00,1
17.463,-0.0078,0.0137,0.0391,-0.5352,9.5039,0.02,0.00,0.00,1
17.485,0.0039,-0.0039,-0.1133,-0.1133,9.4219,0.02,0.00,0.00,1
17.502,-0.0156,0.0391,-0.2305,-0.4961,8.9609,0.02,0.00,0.00,1
17.515,-0.0059,-0.0645,0.3828,0.1133,9.7656,0.02,0.00,0.00,1
17.534,-0.0254,0.0195,0.5352,-0.3047,9.8437,0.02,0.00,0.00,1
17.548,-0.0371,-0.0156,0.4961,-0.7266,10.1484,0.02,0.00,0.00,1
17.566,-0.0391,-0.0020,-0.4609,-0.2305,8.5391,0.02,0.00,0.00,1
17.582,-0.0391,-0.0234,0.1133,-0.1914,9.3086,0.02,0.00,0.00,1
17.601,-0.0176,-0.0664,-0.6523,-0.7266,8.1211,0.02,0.00,0.00,1
17.616,-0.0469,0.0176,0.6523,-0.3047,10.4570,0.02,0.00,0.00,1
17.633,-0.0332,-0.0020,0.5742,-0.8438,10.4961,0.02,0.00,0.00,1
17.655,-0.0176,-0.0254,-0.4961,-0.3047,8.6562,0.02,0.00,0.00,1
17.672,-0.0078,-0.0449,-0.1914,-0.3828,9.3086,0.00,0.00,0.00,1
17.686,-0.0312,0.0762,-0.9180,-0.8047,8.0391,0.00,0.00,0.00,1
17.704,-0.0293,0.0449,0.5742,-0.4961,10.1875,0.00,0.00,0.00,1
17.718,-0.0020,-0.0664,0.8438,-0.9180,10.4922,0.00,0.00,0.00,1
17.735,-0.0078,-0.0449,0.6523,-1.0742,10.3086,0.00,0.00,0.00,1
17.753,-0.0254,-0.0137,-0.8047,-0.2695,8.0391,0.00,0.00,0.00,1
17.769,0.0215,-0.0176,-0.4961,-0.5742,9.1172,0.00,0.00,0.00,1
17.786,0.0156,-0.0215,-0.9570,-0.8438,7.8906,0.00,0.00,0.00,1
17.804,-0.0137,-0.0332,0.6914,-0.2305,10.6094,0.00,0.00,0.00,1
17.822,-0.0156,-0.0566,0.5352,-0.4219,10.0352,0.00,0.00,0.00,1
17.837,0.0176,0.0801,0.7266,-0.7266,10.2656,0.00,0.00,0.00,1
17.857,0.0078,0.0195,0.0000,-0.6133,9.8047,0.00,0.00,0.00,1
17.874,0.0078,-0.0078,-1.1875,-0.6914,7.8945,0.00,0.00,0.00,1
17.888,0.0156,-0.0293,0.1133,-0.1914,9.8437,0.00,0.00,0.00,1
17.905,0.0059,0.0469,0.0391,-0.3828,9.5820,0.00,0.00,0.00,1
17.922,0.0000,0.0684,0.3437,-0.5742,9.8828,0.00,0.00,0.00,1
17.941,0.0156,0.0156,-0.0781,-0.4609,9.3047,0.00,0.00,0.00,1
17.956,-0.0059,-0.0195,0.5352,-0.4219,10.2266,0.00,0.00,0.00,1
17.973,0.0059,-0.0488,-1.2266,-0.3437,7.5898,0.00,0.00,0.00,1
17.993,0.0039,0.0566,-0.1133,-0.3047,9.5000,0.00,0.00,0.00,1
18.007,-0.0059,-0.0391,-0.3437,-0.5742,9.3828,0.00,0.00,0.00,1
18.024,-0.0039,-0.0430,-0.0391,-0.5742,9.2266,0.00,0.00,0.00,1
18.044,-0.0137,-0.0293,0.6523,-0.5352,10.2656,0.00,0.00,0.00,1
18.062,0.0078,-0.0508,-0.2305,-0.2695,8.8828,0.00,0.00,0.00,1
18.075,-0.0156,-0.0059,-0.0781,-0.5352,9.3867,0.00,0.00,0.00,1
18.092,-0.0078,-0.0293,-0.2305,-0.4609,9.2695,0.00,0.00,0.00,1
18.111,-0.0039,-0.0293,-0.7656,-0.3437,8.4609,0.00,0.00,0.00,1
18.126,0.0020,0.0098,-0.0781,-0.2695,9.5039,0.00,0.00,0.00,1
18.143,0.0059,-0.0078,-0.0781,-0.8438,9.0039,0.00,0.00,0.00,1
18.162,-0.0137,-0.0332,0.8047,-0.2305,10.3867,0.00,0.00,0.00,1
18.177,-0.0020,0.0469,0.3828,-0.5742,10.1133,0.00,0.00,0.00,1
18.194,-0.0078,0.0332,0.1133,-0.6914,9.5391,0.00,0.00,0.00,1
18.214,-0.0020,-0.0098,0.0000,-0.3437,9.6914,0.00,0.00,0.00,1
18.233,0.0098,-0.0469,-0.9961,-0.7266,8.0078,0.00,0.00,0.00,1
18.247,-0.0078,0.0000,0.1914,-0.3047,10.0742,0.00,0.00,0.00,1
18.265,-0.0039,0.0391,-0.0781,-0.4219,9.5000,0.00,0.00,0.00,1
18.282,-0.0078,0.0312,0.1523,-0.5352,9.6094,0.00,0.00,0.00,1
18.296,-0.0137,-0.0039,-0.0391,-0.3047,9.2695,0.00,0.00,0.00,1
18.313,-0.0254,0.0547,0.5742,-0.4961,10.1875,0.00,0.00,0.00,1
18.332,-0.0156,0.0352,-0.5742,-0.4219,8.4648,0.00,0.00,0.00,1
18.347,-0.0059,-0.0488,-0.1523,-0.4219,9.6133,0.00,0.00,0.00,1
18.364,-0.0078,0.0215,0.0000,-0.7266,9.4648,0.00,0.00,0.00,1
18.381,-0.0020,0.0098,-0.7266,-0.3437,8.3516,0.00,0.00,0.00,1
18.398,-0.0195,-0.0156,-0.0781,-0.3437,9.5039,0.00,0.00,0.00,1
18.417,0.0000,-0.0703,0.8047,-0.3047,10.8008,0.00,0.00,0.00,1
18.434,-0.0117,0.0215,0.3828,-0.5352,10.0742,0.00,0.00,0.00,1
18.451,-0.0039,0.0430,0.2305,-0.7266,9.3086,0.00,0.00,0.00,1
18.466,-0.0117,-0.0352,-0.5352,-0.3047,8.6172,0.00,0.00,0.00,1
18.483,-0.0156,-0.0137,0.1133,-0.4219,9.8437,0.00,0.00,0.00,1
18.501,-0.0059,-0.0273,-0.8047,-0.5742,8.1953,0.00,0.00,0.00,1
18.517,-0.0156,-0.0078,0.1523,-0.3828,9.9648,0.00,0.00,0.00,1
18.534,-0.0078,0.0000,-0.3047,-0.7266,9.2695,0.00,0.00,0.00,1
18.551,-0.0059,-0.0137,-0.5742,-0.4961,8.3906,0.00,0.00,0.00,1
18.568,0.0000,-0.0215,0.0000,-0.4961,9.4219,0.00,0.00,0.00,1
18.588,0.0098,-0.0586,0.3047,-0.3047,9.8477,0.00,0.00,0.00,1
18.604,-0.0078,-0.0449,0.3047,-0.4961,9.8828,0.00,0.00,0.00,1
18.621,-0.0039,-0.0039,0.1133,-0.7266,9.3867,0.00,0.00,0.00,1
18.636,-0.0039,0.0039,-0.7656,-0.1523,8.3906,0.00,0.00,0.00,1
18.653,0.0020,-0.0312,-0.1914,-0.3828,9.4258,0.00,0.00,0.00,1
18.671,0.0117,-0.0645,-0.6133,-0.9180,8.4648,0.00,0.00,0.00,1
18.687,-0.0176,0.0391,0.3828,-0.2695,10.1094,0.00,0.00,0.00,1
18.704,-0.0137,0.0059,0.1523,-0.5742,9.9258,0.00,0.00,0.00,1
18.722,-0.0059,-0.0176,0.3828,-0.8047,9.6133,0.00,0.00,0.00,1
18.738,0.0000,0.0117,-0.1133,-0.3437,9.1602,0.00,0.00,0.00,1
18.755,-0.0195,0.0840,0.3437,-0.4609,10.0742,0.00,0.00,0.00,1
18.774,-0.0176,0.0527,-0.1523,-0.4219,9.6875,0.00,0.00,0.00,1
18.793,-0.0098,0.0117,-0.1914,-0.4961,9.3086,0.00,0.00,0.00,1
18.807,0.0000,0.0156,0.0391,-0.6523,9.3477,0.00,0.00,0.00,1
18.824,-0.0059,0.0215,0.0781,-0.4961,9.4219,0.00,0.00,0.00,1
18.842,-0.0195,0.0918,0.8047,-0.5742,10.4922,0.00,0.00,0.00,1
18.857,0.0195,-0.0645,-0.5352,-0.4609,8.5820,0.02,0.00,0.00,1
18.875,0.0039,-0.0449,-0.1133,-0.4961,9.4648,0.02,0.00,0.00,1
18.892,-0.0020,-0.0039,-0.8828,-0.4609,8.4648,0.02,0.00,0.00,1
18.908,-0.0039,-0.0176,-0.4219,-0.4961,8.7734,0.02,0.00,0.00,1
18.925,0.0078,-0.0430,0.1133,-0.4961,9.6484,0.02,0.00,0.00,1
18.945,0.0215,-0.0898,0.1914,-0.4219,9.5039,0.02,0.00,0.00,1
18.959,-0.0156,0.0645,0.1914,-0.4219,9.5039,0.02,0.00,0.00,1
18.976,0.0000,0.0195,-0.0781,-0.6914,9.1992,0.02,0.00,0.00,1
18.995,-0.0020,-0.0156,-0.9961,-0.4219,8.3164,0.02,0.00,0.00,1
19.012,-0.0020,-0.0352,-0.2305,-0.2695,9.3437,0.02,0.00,0.00,1
19.027,-0.0117,0.0840,-0.5742,-0.8438,8.5781,0.02,0.00,0.00,1
19.044,-0.0059,0.0625,0.7266,-0.3047,10.6523,0.02,0.00,0.00,1
19.061,0.0000,-0.0137,0.0781,-0.5742,9.6523,0.00,0.00,0.00,1
19.078,-0.0020,0.0332,0.2305,-0.7266,9.6133,0.00,0.00,0.00,1
19.096,0.0078,0.0039,-0.1523,-0.5352,9.3047,0.00,0.00,0.00,1
19.112,0.0059,0.0195,0.4219,-0.5352,9.8437,0.00,0.00,0.00,1
19.129,0.0039,-0.0371,-0.6523,-0.4609,8.3945,0.00,0.00,0.00,1
19.148,-0.0020,0.0137,0.2695,-0.8438,9.7305,0.00,0.00,0.00,1
19.164,0.0000,-0.0078,-0.5742,-0.4609,8.4609,0.00,0.00,0.00,1
19.182,0.0059,-0.0254,-0.1914,-0.4219,9.7305,0.00,0.00,0.00,1
19.197,-0.0078,0.0566,-0.4961,-0.9180,8.7773,0.00,0.00,0.00,1
19.215,-0.0039,0.0430,0.3047,-0.2305,9.8867,0.00,0.00,0.00,1
19.232,-0.0020,-0.0078,0.0781,-0.4609,9.7656,0.00,0.00,0.00,1
19.248,0.0039,0.0352,0.4609,-0.7656,9.7266,0.00,0.00,0.00,1
19.265,0.0098,0.0215,0.0000,-0.4219,9.4609,0.00,0.00,0.00,1
19.282,0.0059,0.0527,0.2305,-0.5742,9.8867,0.00,0.00,0.00,1
19.304,-0.0039,0.0117,-0.2695,-0.3828,9.7305,0.00,0.00,0.00,1
19.321,0.0039,-0.0195,0.3047,-0.8047,9.6914,0.00,0.00,0.00,1
19.335,-0.0020,0.0273,-0.6914,-0.4961,8.3906,0.00,0.00,0.00,1
19.353,0.0117,-0.0156,-0.1523,-0.3828,9.6094,0.00,0.00,0.00,1
19.367,-0.0098,0.0312,-0.4609,-0.8438,8.6953,0.00,0.00,0.00,1
19.385,-0.0020,0.0273,0.4961,-0.1914,9.9258,0.00,0.00,0.00,1
19.401,-0.0020,-0.0098,0.0000,-0.5352,9.8047,0.00,0.00,0.00,1
19.418,0.0059,0.0430,0.0000,-0.7266,9.3047,0.00,0.00,0.00,1
19.435,0.0156,0.0234,0.1133,-0.3828,9.8477,0.00,0.00,0.00,1
19.452,0.0078,0.0430,0.4219,-0.6523,9.9258,0.00,0.00,0.00,1
19.469,0.0156,-0.0488,-0.6133,-0.3828,8.3516,0.00,0.00,0.00,1
19.486,-0.0020,0.0352,-0.0781,-0.4219,9.6133,0.00,0.00,0.00,1
19.504,0.0059,0.0273,-0.6523,-0.4609,8.5820,0.00,0.00,0.00,1
19.525,0.0156,-0.0117,-0.3437,-0.3828,9.3047,0.00,0.00,0.00,1
19.537,0.0000,0.0176,-0.4219,-0.7656,8.5820,0.00,0.00,0.00,1
19.555,0.0039,0.0098,0.5742,-0.3047,10.2305,0.00,0.00,0.00,1
19.571,0.0039,0.0215,0.4961,-0.4961,10.2305,0.00,0.00,0.00,1
19.588,0.0059,0.0059,0.3437,-0.8438,9.5430,0.00,0.00,0.00,1
19.606,0.0059,0.0176,-0.2305,-0.2695,9.1172,0.00,0.00,0.00,1
19.622,-0.0059,0.0625,0.1523,-0.4219,9.8437,0.00,0.00,0.00,1
19.639,0.0234,-0.0762,-1.1484,-0.6133,7.6953,0.00,0.00,0.00,1
19.657,0.0020,-0.0625,-0.0391,-0.4609,9.6914,0.00,0.00,0.00,1
19.673,0.0078,-0.0020,-0.1133,-0.6133,9.4648,0.00,0.00,0.00,1
19.695,0.0078,0.0195,0.0781,-0.3437,9.6484,0.00,0.00,0.00,1
19.708,0.0117,-0.0312,0.6523,-0.4219,10.0703,0.00,0.00,0.00,1
19.724,0.0293,-0.0781,-0.5742,-0.4609,8.3906,0.00,0.00,0.00,1
19.742,0.0039,-0.0625,0.0391,-0.5742,9.5781,0.00,0.00,0.00,1
19.758,0.0020,0.0234,-0.4961,-0.5742,8.9609,0.00,0.00,0.00,1
19.775,0.0078,0.0059,-0.6523,-0.4219,8.7344,0.00,0.00,0.00,1
19.792,0.0117,-0.0352,-0.1523,-0.4219,9.4609,0.00,0.00,0.00,1
19.811,0.0176,-0.0840,0.4609,-0.6914,9.7695,0.00,0.00,0.00,1
19.826,-0.0078,0.0449,0.4219,-0.3437,9.7266,0.00,0.00,0.00,1
19.843,0.0059,0.0195,0.3437,-0.5352,9.9648,0.00,0.00,0.00,1
19.863,0.0020,0.0078,-1.0742,-0.2305,8.3125,0.00,0.00,0.00,1
19.882,0.0059,-0.0293,-0.5352,-0.2695,9.1602,0.00,0.00,0.00,1
19.894,-0.0156,0.0801,-0.4219,-0.7656,8.4648,0.00,0.00,0.00,1
19.912,-0.0156,0.0508,0.8047,-0.3047,10.5742,0.00,0.00,0.00,1
19.928,0.0020,-0.0605,0.6523,-0.4961,10.3047,0.00,0.00,0.00,1
19.945,-0.0020,0.0059,0.3437,-0.7656,9.8828,0.00,0.00,0.00,1
19.962,-0.0020,0.0156,-0.5742,-0.3047,8.5820,0.00,0.00,0.00,1
19.981,-0.0215,0.0703,-0.1523,-0.3437,9.3477,0.00,0.00,0.00,1
19.996,0.0176,-0.0801,-1.1875,-0.8047,7.7383,0.00,0.00,0.00,1
20.013,0.0000,-0.0684,0.4219,-0.1914,10.1484,0.00,0.00,0.00,1
20.034,-0.0039,-0.0156,0.6133,-0.6914,10.0000,0.00,0.00,0.00,1
20.047,0.0039,0.0059,0.6133,-0.6914,10.0000,0.00,0.00,0.00,1
20.065,0.0078,-0.0293,0.3437,-0.4609,10.0039,0.00,0.00,0.00,1
20.085,0.0215,-0.0723,-1.0352,-0.6133,7.8164,0.00,0.00,0.00,1
20.098,-0.0156,0.0566,0.0000,-0.3437,9.3477,0.00,0.00,0.00,1
20.115,0.0020,0.0215,-0.3437,-0.6523,9.5039,0.00,0.00,0.00,1
20.132,-0.0020,-0.0078,-0.3047,-0.4961,9.0000,0.00,0.00,0.00,1
20.149,0.0039,0.0176,0.1133,-0.3047,9.4258,0.00,0.00,0.00,1
20.166,-0.0137,0.0820,0.5742,-0.7656,10.1914,0.00,0.00,0.00,1
20.183,-0.0098,0.0605,0.0781,-0.3437,9.3047,0.00,0.00,0.00,1
20.201,-0.0039,0.0156,0.1523,-0.4961,9.7305,0.00,0.00,0.00,1
20.217,0.0039,0.0234,-0.1133,-0.7266,9.2305,0.00,0.00,0.00,1
20.237,0.0059,0.0059,-0.2305,-0.3828,9.4258,0.00,0.00,0.00,1
20.255,-0.0098,0.0762,-0.2695,-0.8828,8.8867,0.00,0.00,0.00,1
20.268,0.0117,-0.0586,0.5742,-0.2695,10.3437,0.00,0.00,0.00,1
20.285,0.0039,0.0000,0.3828,-0.5352,10.1094,0.00,0.00,0.00,1
20.302,0.0020,0.0469,0.3828,-0.8047,9.8086,0.00,0.00,0.00,1
20.321,0.0098,0.0176,-0.5742,-0.3437,8.5000,0.00,0.00,0.00,1
20.336,-0.0020,-0.0391,-0.0391,-0.3437,9.5820,0.00,0.00,0.00,1
20.353,0.0156,-0.0742,-1.0742,-0.7266,7.8125,0.00,0.00,0.00,1
20.376,0.0039,0.0195,0.0391,-0.6523,9.6094,0.00,0.00,0.00,1
20.387,-0.0039,-0.0176,0.0391,-0.6523,9.6094,0.00,0.00,0.00,1
20.404,0.0039,-0.0508,0.0781,-0.5742,9.3086,0.00,0.00,0.00,1
20.424,-0.0078,-0.0352,0.6133,-0.5742,9.9258,0.00,0.00,0.00,1
20.438,0.0039,0.0273,-0.3047,-0.3437,8.9258,0.00,0.00,0.00,1
20.455,-0.0098,0.0000,-0.0781,-0.4609,9.5430,0.00,0.00,0.00,1
20.473,0.0000,-0.0020,0.0781,-0.7656,9.4609,0.00,0.00,0.00,1
20.489,0.0000,0.0215,-0.7656,-0.3437,8.3164,0.00,0.00,0.00,1
20.507,0.0059,-0.0156,-0.0391,-0.3437,9.4648,0.00,0.00,0.00,1
20.523,0.0195,-0.0664,-0.5742,-0.9180,8.4609,0.00,0.00,0.00,1
20.541,0.0039,-0.0332,0.5352,-0.2305,10.3828,0.00,0.00,0.00,1
20.557,0.0000,0.0078,0.0781,-0.5352,9.9219,0.00,0.00,0.00,1
20.574,0.0020,-0.0156,-0.2695,-0.5352,8.8867,0.00,0.00,0.00,1
20.594,-0.0059,-0.0176,0.5352,-0.6133,10.0742,0.00,0.00,0.00,1
20.608,-0.0020,0.0547,0.5352,-0.6133,10.0742,0.00,0.00,0.00,1
20.626,-0.0078,0.0234,-0.0781,-0.3828,9.7656,0.00,0.00,0.00,1
20.646,-0.0059,-0.0176,-0.1523,-0.7266,9.2305,0.00,0.00,0.00,1
20.661,-0.0039,-0.0391,-0.7656,-0.2695,8.2734,0.00,0.00,0.00,1
20.676,0.0137,0.0039,-0.1133,-0.5352,9.5430,0.00,0.00,0.00,1
20.693,0.0078,0.0000,-0.1523,-0.8438,9.0820,0.00,0.00,0.00,1
20.711,-0.0059,-0.0254,0.7266,-0.3047,10.4961,0.00,0.00,0.00,1
20.727,0.0000,0.0469,0.3828,-0.4219,10.0000,0.00,0.00,0.00,1
20.744,0.0020,0.0234,0.2695,-0.6523,9.5039,0.00,0.00,0.00,1
20.762,0.0059,-0.0137,-0.2695,-0.3047,8.9609,0.00,0.00,0.00,1
20.778,-0.0059,0.0293,0.1523,-0.4219,9.7266,0.00,0.00,0.00,1
20.798,-0.0078,0.0332,0.1133,-0.4219,9.8828,0.00,0.00,0.00,1
20.815,-0.0020,0.0117,-0.3437,-0.7266,9.0820,0.00,0.00,0.00,1
20.831,0.0020,-0.0156,-0.4609,-0.4219,8.5391,0.00,0.00,0.00,1
20.846,0.0078,0.0039,0.0391,-0.3828,9.7305,0.00,0.00,0.00,1
20.863,-0.0059,0.0684,0.3437,-0.7266,9.9648,0.00,0.00,0.00,1
20.881,-0.0098,0.0391,0.2305,-0.3047,9.6094,0.00,0.00,0.00,1
20.897,0.0039,0.0195,-0.0391,-0.4609,9.6914,0.00,0.00,0.00,1
20.914,0.0039,0.0449,0.3437,-0.7266,9.7305,0.00,0.00,0.00,1
20.932,0.0059,0.0078,-0.4219,-0.2695,8.7344,0.00,0.00,0.00,1
20.948,-0.0137,-0.0176,-0.0781,-0.3828,9.4219,0.00,0.00,0.00,1
20.968,0.0039,-0.0371,0.2305,-0.2695,10.0703,0.00,0.00,0.00,1
20.984,-0.0020,0.0488,0.0781,-0.4961,9.4648,0.00,0.00,0.00,1
21.002,-0.0039,0.0352,0.0000,-0.5352,9.2305,0.00,0.00,0.00,1
21.016,0.0000,-0.0176,0.0781,-0.4219,9.7266,0.00,0.00,0.00,1
21.033,-0.0117,0.0117,0.5352,-0.5352,10.1484,0.00,0.00,0.00,1
21.051,-0.0039,0.0078,-0.5352,-0.4219,8.6172,0.00,0.00,0.00,1
21.067,0.0000,-0.0449,-0.2695,-0.4961,9.6094,0.00,0.00,0.00,1
21.085,0.0000,-0.0039,-0.2305,-0.6914,9.2305,0.00,0.00,0.00,1
21.102,-0.0020,0.0215,-0.6523,-0.3437,8.4219,0.00,0.00,0.00,1
21.118,0.0000,-0.0234,-0.1523,-0.4609,9.5430,0.00,0.00,0.00,1
21.135,0.0195,-0.0742,-0.2695,-0.8828,8.8477,0.00,0.00,0.00,1
21.155,-0.0039,-0.0352,0.2305,-0.4609,9.8828,0.00,0.00,0.00,1
21.172,-0.0078,0.0312,0.2695,-0.6914,9.5000,0.00,0.00,0.00,1
21.186,-0.0059,-0.0312,-0.0391,-0.3437,9.2305,0.00,0.00,0.00,1
21.205,-0.0137,-0.0137,0.2695,-0.4609,9.9219,0.00,0.00,0.00,1
21.222,0.0039,-0.0430,-0.9570,-0.5352,8.0430,0.00,0.00,0.00,1
21.237,-0.0059,0.0078,-0.1133,-0.3828,9.5820,0.00,0.00,0.00,1
21.254,-0.0117,-0.0234,-0.2695,-0.6914,9.3437,0.00,0.00,0.00,1
21.272,-0.0078,-0.0234,-0.5352,-0.3828,8.4219,0.00,0.00,0.00,1
21.288,0.0000,-0.0059,-0.0781,-0.4219,9.8437,0.00,0.00,0.00,1
21.305,0.0117,-0.0391,0.0000,-0.9180,9.1953,0.00,0.00,0.00,1
21.325,0.0000,-0.0332,0.1914,-0.4609,9.7695,0.00,0.00,0.00,1
21.344,0.0000,0.0273,0.2305,-0.8047,9.4219,0.00,0.00,0.00,1
21.358,-0.0078,-0.0234,-0.0781,-0.3828,9.1953,0.00,0.00,0.00,1
21.374,-0.0059,-0.0234,0.2695,-0.3828,10.0742,0.00,0.00,0.00,1
21.392,0.0117,-0.0645,-1.0352,-0.7266,7.8164,0.00,0.00,0.00,1
21.407,-0.0156,0.0508,-0.1523,-0.3437,9.5820,0.00,0.00,0.00,1
21.424,-0.0117,-0.0254,-0.3047,-0.5352,9.1562,0.00,0.00,0.00,1
21.442,-0.0039,-0.0449,-0.1914,-0.4961,9.0391,0.00,0.00,0.00,1
21.458,0.0039,0.0215,0.2695,-0.4609,9.6914,0.00,0.00,0.00,1
21.475,-0.0020,0.0391,0.3828,-0.7656,9.8437,0.00,0.00,0.00,1
21.492,-0.0078,-0.0059,0.2305,-0.3437,9.5000,0.00,0.00,0.00,1
21.509,-0.0059,0.0254,-0.1523,-0.4219,9.4609,0.00,0.00,0.00,1
21.527,-0.0039,0.0059,-0.2305,-0.3828,8.8828,0.00,0.00,0.00,1
21.545,0.0039,-0.0195,-0.0391,-0.4219,9.6523,0.00,0.00,0.00,1
21.562,0.0176,-0.0586,-0.9570,-0.7656,8.0391,0.00,0.00,0.00,1
21.577,-0.0098,0.0312,0.1133,-0.3437,9.8047,0.00,0.00,0.00,1
21.594,-0.0078,-0.0039,0.1133,-0.5352,9.6484,0.00,0.00,0.00,1
21.612,-0.0020,-0.0234,-0.2695,-0.5742,8.8828,0.00,0.00,0.00,1
21.628,0.0059,0.0254,0.0391,-0.4219,9.6133,0.00,0.00,0.00,1
21.646,-0.0078,0.0684,0.2695,-0.6133,9.8867,0.00,0.00,0.00,1
21.662,-0.0156,0.0352,-0.0781,-0.3828,9.1953,0.00,0.00,0.00,1
21.685,-0.0020,-0.0156,0.0781,-0.8438,9.3477,0.00,0.00,0.00,1
21.699,0.0039,0.0410,-0.6523,-0.3047,8.5000,0.00,0.00,0.00,1
21.715,0.0098,0.0039,-0.1914,-0.3437,9.5781,0.00,0.00,0.00,1
21.732,0.0098,0.0215,-0.6133,-0.8438,8.4648,0.00,0.00,0.00,1
21.747,0.0098,-0.0293,0.4219,-0.3047,10.1094,0.00,0.00,0.00,1
21.764,-0.0039,0.0469,0.4219,-0.5352,10.1523,0.00,0.00,0.00,1
21.783,0.0078,0.0586,0.6133,-0.8047,9.8437,0.00,0.00,0.00,1
21.798,-0.0059,-0.0391,-0.1914,-0.3437,8.9609,0.00,0.00,0.00,1
21.815,-0.0156,-0.0059,0.1133,-0.3047,9.8828,0.00,0.00,0.00,1
21.832,0.0059,-0.0312,-1.2266,-0.6914,7.4336,0.00,0.00,0.00,1
21.849,-0.0039,-0.0352,0.1133,-0.4219,9.8437,0.00,0.00,0.00,1
21.866,-0.0020,-0.0293,0.0781,-0.5352,9.6484,0.02,0.00,0.00,1
21.885,-0.0039,-0.0117,0.0000,-0.3047,9.5781,0.02,0.00,0.00,1
21.905,-0.0117,0.0176,0.4609,-0.6133,9.8867,0.02,0.00,0.00,1
21.918,0.0176,-0.0508,-0.2695,-0.3437,8.7773,0.02,0.00,0.00,1
21.934,-0.0059,-0.0605,0.1133,-0.5742,9.6875,0.02,0.00,0.00,1
21.951,0.0000,-0.0039,-0.0391,-0.6523,9.3477,0.02,0.00,0.00,1
21.968,-0.0039,0.0156,-0.8828,-0.4219,8.5000,0.02,0.00,0.00,1
21.985,0.0078,-0.0156,-0.2305,-0.3437,9.3086,0.02,0.00,0.00,1
22.002,0.0156,-0.0742,-0.4219,-0.8828,8.5781,0.02,0.00,0.00,1
22.025,0.0039,-0.0254,0.1914,-0.4961,9.8828,0.02,0.00,0.00,1
22.036,-0.0059,-0.0078,0.1914,-0.4961,9.8828,0.02,0.00,0.00,1
22.053,-0.0039,-0.0234,0.3437,-0.7656,9.7695,0.02,0.00,0.00,1
22.075,-0.0059,-0.0176,0.1523,-0.4219,9.6523,0.00,0.00,0.00,1
22.088,-0.0039,0.0547,-0.8828,-0.6133,7.8906,0.00,0.00,0.00,1
22.105,-0.0098,0.0195,0.0781,-0.4219,10.0000,0.00,0.00,0.00,1
22.122,-0.0020,-0.0215,-0.1133,-0.8047,9.5781,0.00,0.00,0.00,1
22.138,0.0000,0.0488,-0.6523,-0.4609,8.2773,0.00,0.00,0.00,1
22.155,0.0039,0.0000,-0.1914,-0.4609,9.5781,0.00,0.00,0.00,1
22.173,0.0137,-0.0352,-0.0781,-0.8828,9.0430,0.00,0.00,0.00,1
22.189,-0.0020,0.0039,0.5742,-0.3047,10.1914,0.00,0.00,0.00,1
22.206,-0.0039,0.0059,0.2695,-0.4961,10.0742,0.00,0.00,0.00,1
22.223,-0.0059,-0.0117,0.1914,-0.7266,9.5000,0.00,0.00,0.00,1
22.245,0.0000,-0.0234,0.1133,-0.4219,9.9258,0.00,0.00,0.00,1
22.258,-0.0117,0.0605,-0.7656,-0.6523,8.0117,0.00,0.00,0.00,1
22.276,-0.0137,0.0391,0.1133,-0.4219,9.9609,0.00,0.00,0.00,1
22.294,-0.0117,-0.0215,-0.4219,-0.6523,9.0781,0.00,0.00,0.00,1
22.308,0.0078,0.0547,-0.4219,-0.4219,8.8867,0.00,0.00,0.00,1
22.325,0.0098,0.0312,0.0000,-0.4219,9.4258,0.00,0.00,0.00,1
22.342,-0.0059,0.0508,0.4219,-0.6914,9.8867,0.00,0.00,0.00,1
22.361,-0.0137,0.0234,0.2695,-0.3437,9.7305,0.00,0.00,0.00,1
22.377,0.0000,0.0293,0.1914,-0.5742,9.7656,0.00,0.00,0.00,1
22.393,0.0000,0.0430,0.0781,-0.7656,9.4258,0.00,0.00,0.00,1
22.415,0.0059,0.0039,-0.2305,-0.4219,9.2305,0.00,0.00,0.00,1
22.427,-0.0117,-0.0137,-0.2305,-0.4219,9.2305,0.00,0.00,0.00,1
22.445,-0.0020,-0.0273,0.6914,-0.3047,10.2305,0.00,0.00,0.00,1
22.465,-0.0059,0.0488,0.4219,-0.5352,10.3828,0.00,0.00,0.00,1
22.478,-0.0039,-0.0195,0.3828,-0.8047,9.7266,0.00,0.00,0.00,1
22.496,-0.0039,-0.0254,-0.4219,-0.3047,8.6953,0.00,0.00,0.00,1
22.512,-0.0156,0.0000,0.1914,-0.3828,9.9609,0.00,0.00,0.00,1
22.529,0.0156,-0.0273,-1.0352,-0.7656,7.8945,0.00,0.00,0.00,1
22.546,-0.0078,-0.0430,0.0391,-0.4219,9.8086,0.00,0.00,0.00,1
22.563,-0.0039,-0.0312,-0.3437,-0.5742,9.3086,0.00,0.00,0.00,1
22.585,-0.0059,-0.0234,0.1133,-0.3828,9.5039,0.00,0.00,0.00,1
22.597,0.0098,-0.0039,0.1133,-0.3828,9.5039,0.00,0.00,0.00,1
22.618,0.0195,-0.0410,-0.2305,-0.4219,8.8125,0.00,0.00,0.00,1
22.635,-0.0020,-0.0527,-0.0781,-0.5742,9.8437,0.00,0.00,0.00,1
22.648,0.0020,0.0508,-0.5742,-0.5742,8.8867,0.00,0.00,0.00,1
22.665,0.0000,0.0508,-0.6914,-0.3047,8.2773,0.00,0.00,0.00,1
22.682,0.0156,-0.0059,-0.1133,-0.6133,9.3867,0.00,0.00,0.00,1
22.699,-0.0156,0.0020,0.8438,-0.7656,10.4570,0.00,0.00,0.00,1
22.716,0.0059,-0.0078,0.3047,-0.3828,9.6875,0.00,0.00,0.00,1
22.733,0.0098,0.0664,0.1523,-0.6914,9.8086,0.00,0.00,0.00,1
22.752,0.0137,0.0684,-0.4961,-0.6523,8.8867,0.00,0.00,0.00,1
22.767,-0.0078,-0.0527,-1.0352,-0.2305,8.0117,0.00,0.00,0.00,1
22.784,-0.0078,-0.0293,-0.3437,-0.4961,9.1953,0.00,0.00,0.00,1
22.805,0.0156,-0.0469,0.6523,-0.3437,10.2305,0.00,0.00,0.00,1
22.821,0.0098,0.0449,0.5352,-0.6133,10.0312,0.00,0.00,0.00,1
22.835,-0.0137,-0.0410,-0.0781,-0.7266,9.2656,0.00,0.00,0.00,1
22.852,0.0000,-0.0664,-1.1875,-0.3047,7.8125,0.00,0.00,0.00,1
22.869,-0.0020,0.0352,-0.3828,-0.4609,9.3047,0.00,0.00,0.00,1
22.886,-0.0098,0.0723,-0.3047,-0.7266,8.8437,0.00,0.00,0.00,1
22.904,-0.0156,0.0449,0.8828,-0.3047,10.5703,0.00,0.00,0.00,1
22.922,-0.0020,-0.0332,0.4961,-0.6133,10.2656,0.00,0.00,0.00,1
22.937,0.0000,0.0723,0.5352,-0.8047,10.0000,0.00,0.00,0.00,1
22.954,0.0039,0.0273,-0.4609,-0.3047,8.5781,0.00,0.00,0.00,1
22.975,0.0000,0.0527,-1.2266,-0.7656,7.8516,0.00,0.00,0.00,1
22.993,-0.0078,0.0195,0.1133,-0.4219,10.0703,0.00,0.00,0.00,1
23.006,-0.0098,0.0449,0.0391,-0.6133,9.5820,0.00,0.00,0.00,1
23.024,-0.0020,0.0391,-0.1914,-0.4609,8.9258,0.00,0.00,0.00,1
23.039,-0.0078,-0.0352,0.1133,-0.4219,9.5391,0.00,0.00,0.00,1
23.056,-0.0176,-0.0039,0.4609,-0.6914,10.1133,0.00,0.00,0.00,1
23.073,0.0020,-0.0137,-0.1914,-0.4219,9.0820,0.00,0.00,0.00,1
23.092,0.0000,0.0293,0.0000,-0.4219,9.6523,0.00,0.00,0.00,1
23.107,-0.0020,0.0000,-0.0391,-0.7266,9.1211,0.00,0.00,0.00,1
23.125,-0.0059,0.0059,-0.7266,-0.3437,8.5430,0.00,0.00,0.00,1
23.141,-0.0137,0.0566,-0.0781,-0.4219,9.6133,0.00,0.00,0.00,1
23.164,-0.0059,0.0391,0.4961,-0.2695,10.3047,0.00,0.00,0.00,1
23.177,0.0000,-0.0488,0.2305,-0.4961,9.9258,0.00,0.00,0.00,1
23.195,0.0000,0.0176,0.3437,-0.8438,9.6094,0.00,0.00,0.00,1
23.209,0.0000,-0.0215,-0.1133,-0.3828,9.1602,0.00,0.00,0.00,1
23.226,0.0000,-0.0273,0.3047,-0.4219,10.0039,0.00,0.00,0.00,1
23.243,0.0137,-0.0547,-0.8828,-0.6523,8.0078,0.00,0.00,0.00,1
23.261,0.0039,0.0059,0.0000,-0.3437,9.5039,0.00,0.00,0.00,1
23.277,-0.0078,-0.0156,-0.4961,-0.6523,9.1602,0.00,0.00,0.00,1
23.294,-0.0039,-0.0391,-0.1133,-0.5352,9.0039,0.00,0.00,0.00,1
23.312,-0.0020,-0.0234,0.1523,-0.4219,9.6523,0.00,0.00,0.00,1
23.328,-0.0059,0.0625,0.6133,-0.6523,10.3477,0.00,0.00,0.00,1
23.345,-0.0117,0.0293,0.1133,-0.4219,9.3437,0.00,0.00,0.00,1
23.365,0.0039,-0.0293,0.0391,-0.9180,9.1953,0.00,0.00,0.00,1
23.379,0.0000,0.0527,-0.6914,-0.4219,8.5039,0.00,0.00,0.00,1
23.396,0.0098,0.0078,0.1133,-0.3437,9.7305,0.00,0.00,0.00,1
23.413,0.0156,0.0234,-0.5742,-1.0352,8.5000,0.00,0.00,0.00,1
23.432,-0.0039,-0.0039,0.6523,-0.3437,10.0742,0.00,0.00,0.00,1
23.447,0.0039,0.0195,-0.2305,-0.3828,9.2266,0.00,0.00,0.00,1
23.465,-0.0020,0.0078,0.1914,-0.4609,9.4258,0.00,0.00,0.00,1
23.482,0.0039,-0.0195,-0.2695,-0.2695,8.8867,0.00,0.00,0.00,1
23.498,-0.0176,0.0312,0.3828,-0.4219,10.3437,0.00,0.00,0.00,1
23.515,-0.0098,-0.0020,-1.2656,-0.6133,7.7383,0.00,0.00,0.00,1
23.535,-0.0078,0.0234,-0.6133,-0.5352,8.9219,0.00,0.00,0.00,1
23.552,-0.0117,0.0293,0.1133,-0.2695,9.6094,0.00,0.00,0.00,1
23.566,-0.0098,-0.0176,0.1523,-0.3047,9.6523,0.00,0.00,0.00,1
23.586,-0.0293,0.0527,0.3828,-0.6523,9.9648,0.00,0.00,0.00,1
23.602,-0.0293,0.0117,-0.2305,-0.2305,8.9219,0.00,0.00,0.00,1
23.617,-0.0156,-0.0488,0.0000,-0.4961,9.6094,0.00,0.00,0.00,1
23.634,-0.0195,-0.0078,0.0781,-0.7266,9.4219,0.00,0.00,0.00,1
23.652,-0.0176,-0.0039,-0.5742,-0.4609,8.6562,0.00,0.00,0.00,1
23.668,-0.0156,-0.0117,0.0391,-0.4961,9.8047,0.00,0.00,0.00,1
23.685,0.0039,-0.0605,-0.5742,-0.9961,8.6562,0.00,0.00,0.00,1
23.705,-0.0156,-0.0234,0.1133,-0.6133,9.8477,0.00,0.00,0.00,1
23.719,-0.0137,-0.0137,0.1133,-0.6133,9.8477,0.00,0.00,0.00,1
23.737,-0.0078,-0.0176,-0.2695,-0.4961,9.0820,0.00,0.00,0.00,1
23.754,-0.0137,-0.0137,0.3437,-0.6133,10.1484,0.00,0.00,0.00,1
23.771,0.0156,-0.0645,-1.3789,-0.7266,7.4727,0.00,0.00,0.00,1
23.787,-0.0195,0.0488,0.3047,-0.4219,9.8477,0.00,0.00,0.00,1
23.804,-0.0078,-0.0098,-0.1133,-0.8438,9.4219,0.00,0.00,0.00,1
23.822,-0.0078,-0.0117,0.3828,-0.8047,9.7695,0.00,0.00,0.00,1
23.838,0.0137,0.0117,0.0781,-0.6133,9.3867,0.00,0.00,0.00,1
23.856,0.0059,0.0527,0.3828,-0.9180,9.7656,0.00,0.00,0.00,1
23.872,-0.0078,0.0176,-0.4219,-0.2695,8.5000,0.00,0.00,0.00,1
23.889,0.0039,0.0215,0.1133,-0.3437,9.3867,0.00,0.00,0.00,1
23.908,0.0078,0.0312,-0.4609,-0.4961,8.6953,0.00,0.00,0.00,1
23.926,0.0176,-0.0059,-0.1133,-0.5742,9.5781,0.00,0.00,0.00,1
23.942,0.0215,-0.0312,-0.8828,-1.0742,8.0117,0.00,0.00,0.00,1
23.957,0.0059,-0.0117,0.4609,-0.1523,10.1094,0.00,0.00,0.00,1
23.974,0.0078,0.0137,0.2305,-0.6914,10.0312,0.00,0.00,0.00,1
23.992,0.0098,0.0156,0.4219,-0.8438,9.8086,0.00,0.00,0.00,1
24.008,0.0117,0.0078,-0.2695,-0.5352,9.1602,0.00,0.00,0.00,1
24.025,0.0000,0.0664,0.3437,-0.6523,10.1094,0.00,0.00,0.00,1
24.043,0.0039,0.0332,-1.3008,-0.6523,7.5859,0.00,0.00,0.00,1
24.064,0.0098,0.0234,-0.1914,-0.7656,9.5430,0.00,0.00,0.00,1
24.078,0.0176,-0.0156,0.0391,-0.6133,9.4219,0.00,0.00,0.00,1
24.096,0.0176,0.0078,0.0000,-0.4961,9.4648,0.00,0.00,0.00,1
24.112,0.0000,0.0664,0.4609,-0.6133,9.8477,0.00,0.00,0.00,1
24.127,0.0391,-0.0664,-0.4219,-0.0781,8.6172,0.00,0.00,0.00,1
24.144,0.0117,-0.0547,0.0391,-0.4219,9.7266,0.00,0.00,0.00,1
24.161,0.0156,0.0020,-0.1914,-0.6523,9.3437,0.00,0.00,0.00,1
24.178,0.0117,-0.0039,-0.8828,-0.3437,8.3945,0.00,0.00,0.00,1
24.195,0.0156,-0.0312,-0.3047,-0.3437,9.2695,0.00,0.00,0.00,1
24.212,0.0254,-0.0703,-0.2305,-0.6914,9.0820,0.00,0.00,0.00,1
24.229,-0.0117,0.0352,0.5352,0.1133,10.0039,0.00,0.00,0.00,1
24.246,-0.0078,0.0078,0.4609,-0.4609,10.1914,0.00,0.00,0.00,1
24.265,0.0000,0.0000,-0.6133,-0.2695,8.5430,0.00,0.00,0.00,1
24.285,0.0078,-0.0391,-0.2305,-0.2695,9.0781,0.00,0.00,0.00,1
24.297,-0.0293,0.0801,-0.9570,-0.6523,7.9297,0.00,0.00,0.00,1
24.315,-0.0273,0.0332,0.4961,-0.1523,10.3477,0.00,0.00,0.00,1
24.332,-0.0117,0.0430,0.6133,-0.6914,10.2266,0.00,0.00,0.00,1
24.348,-0.0059,-0.0430,0.6523,-0.8438,10.1484,0.00,0.00,0.00,1
24.365,-0.0234,-0.0078,-0.7656,-0.2695,8.4258,0.00,0.00,0.00,1
24.382,-0.0273,0.0332,-0.3047,-0.3047,9.3867,0.00,0.00,0.00,1
24.399,0.0078,-0.0508,-1.3789,-0.7266,7.5117,0.00,0.00,0.00,1
24.416,-0.0195,-0.0625,0.4609,-0.1914,10.1875,0.00,0.00,0.00,1
24.436,-0.0156,-0.0605,0.9180,-0.6133,10.5742,0.00,0.00,0.00,1
24.455,-0.0215,-0.0273,-0.3437,-0.1914,8.8828,0.00,0.00,0.00,1
24.468,-0.0039,-0.0020,0.1523,-0.4961,9.8477,0.00,0.00,0.00,1
24.485,-0.0039,-0.0176,-1.4180,-0.6133,7.2734,0.00,0.00,0.00,1
24.502,-0.0254,-0.0332,0.4961,-0.4219,10.5352,0.00,0.00,0.00,1
24.518,-0.0117,0.0391,-0.1133,-0.4219,9.3828,0.00,0.00,0.00,1
24.535,-0.0234,0.0566,0.4219,-0.4609,10.0703,0.00,0.00,0.00,1
24.552,-0.0117,-0.0059,-0.0781,-0.4609,9.0430,0.00,0.00,0.00,1
24.569,-0.0293,0.0352,0.4609,-0.7656,9.9609,0.00,0.00,0.00,1
24.586,-0.0293,0.0273,-0.1523,-0.3047,9.2266,0.00,0.00,0.00,1
24.604,-0.0195,0.0039,0.2305,-0.6523,9.9258,0.00,0.00,0.00,1
24.625,-0.0176,-0.0020,-0.6133,-0.4961,8.3516,0.00,0.00,0.00,1
24.638,-0.0020,-0.0078,0.0000,-0.2305,9.3437,0.00,0.00,0.00,1
24.655,-0.0176,0.0410,-0.8828,-0.8438,8.0430,0.00,0.00,0.00,1
24.672,-0.0273,0.0234,0.5742,-0.3828,10.5352,0.00,0.00,0.00,1
24.688,-0.0156,0.0254,0.1523,-0.9180,9.4648,0.00,0.00,0.00,1
24.705,-0.0117,0.0391,-0.1523,-0.6914,9.1562,0.00,0.00,0.00,1
24.723,0.0000,-0.0078,-0.0781,-0.4609,9.2656,0.00,0.00,0.00,1
24.739,-0.0234,0.0176,0.4609,-0.6523,9.8047,0.00,0.00,0.00,1
24.756,-0.0117,0.0059,0.0000,-0.2695,9.1953,0.00,0.00,0.00,1
24.773,-0.0078,0.0215,0.1914,-0.3437,9.7695,0.00,0.00,0.00,1
24.795,-0.0078,0.0176,-0.8047,-0.9961,8.4258,0.00,0.00,0.00,1
24.809,0.0039,0.0078,-0.2305,-0.9180,9.2695,0.00,0.00,0.00,1
24.825,-0.0098,0.0527,-0.9180,-0.8828,7.9297,0.00,0.00,0.00,1
24.844,-0.0156,0.0449,0.6133,-0.2695,10.4922,0.00,0.00,0.00,1
24.858,-0.0059,-0.0059,0.3047,-0.4961,9.8437,0.00,0.00,0.00,1
24.875,0.0000,0.0449,0.0000,-0.6914,9.2266,0.00,0.00,0.00,1
24.892,0.0156,-0.0039,-0.2695,-0.3047,8.8437,0.00,0.00,0.00,1
24.909,-0.0137,-0.0137,0.3828,-0.7656,9.9258,0.00,0.00,0.00,1
24.926,0.0078,-0.0391,-0.2695,-0.7266,8.9219,0.00,0.00,0.00,1
24.944,-0.0039,0.0254,0.1914,-0.5352,10.0000,0.00,0.00,0.00,1
24.962,0.0039,0.0215,0.0781,-0.9961,9.6484,0.00,0.00,0.00,1
24.977,0.0078,0.0000,-0.8438,-0.3437,8.3945,0.00,0.00,0.00,1
24.998,-0.0117,0.0332,-0.4961,-0.9180,8.6602,0.00,0.00,0.00,1
25.015,-0.0039,0.0273,0.6523,-0.6523,10.4922,0.00,0.00,0.00,1
25.028,0.0098,-0.0410,0.2305,-0.8438,10.0352,0.00,0.00,0.00,1
25.045,0.0156,0.0195,0.3047,-0.9570,9.4609,0.00,0.00,0.00,1
25.063,0.0156,0.0039,-0.4609,-0.4219,8.6992,0.00,0.00,0.00,1
25.079,0.0117,-0.0195,0.3437,-0.4219,9.9609,0.00,0.00,0.00,1
25.096,0.0312,-0.0645,-0.8047,-0.6523,8.1172,0.00,0.00,0.00,1
25.113,0.0137,0.0039,0.0781,-0.3828,9.8477,0.00,0.00,0.00,1
25.131,0.0234,0.0410,-0.3047,-0.9961,9.1992,0.00,0.00,0.00,1
25.147,0.0195,-0.0371,-0.4609,-0.8438,8.5820,0.00,0.00,0.00,1
25.164,0.0117,-0.0273,-0.0781,-0.4961,9.4648,0.00,0.00,0.00,1
25.185,0.0352,-0.0742,0.1523,-0.4961,9.5820,0.00,0.00,0.00,1
25.199,0.0098,0.0430,0.1523,-0.4219,9.6875,0.00,0.00,0.00,1
25.215,0.0234,-0.0332,0.1133,-0.4961,9.4648,0.00,0.00,0.00,1
25.232,0.0156,-0.0410,-0.7656,-0.1133,8.3555,0.00,0.00,0.00,1
25.249,0.0254,0.0078,0.0000,-0.3828,9.5039,0.00,0.00,0.00,1
25.267,0.0293,0.0039,-0.6914,-1.1094,8.1953,0.00,0.00,0.00,1
25.283,0.0156,-0.0020,0.6133,-0.4219,10.6523,0.00,0.00,0.00,1
25.302,0.0195,-0.0098,-0.1914,-0.5352,9.1562,0.00,0.00,0.00,1
25.317,0.0098,0.0117,0.0000,-0.4609,9.3047,0.00,0.00,0.00,1
25.334,0.0195,-0.0156,-0.1914,-0.2305,9.3047,0.00,0.00,0.00,1
25.354,0.0352,-0.0527,-0.6523,-0.4609,8.3516,0.00,0.00,0.00,1
25.369,0.0078,0.0273,0.0000,-0.3828,9.8047,0.00,0.00,0.00,1
25.385,0.0098,-0.0078,-0.0391,-0.6914,9.3086,0.00,0.00,0.00,1
25.405,0.0117,-0.0195,-0.5352,-0.3047,8.7734,0.00,0.00,0.00,1
25.419,0.0254,-0.0078,0.1523,-0.3047,9.8828,0.00,0.00,0.00,1
25.437,0.0059,0.0547,-0.4219,-0.8047,8.5820,0.00,0.00,0.00,1
25.453,0.0039,0.0312,0.6133,-0.1523,10.3047,0.00,0.00,0.00,1
25.472,0.0059,-0.0312,-0.0391,-0.4961,9.2656,0.00,0.00,0.00,1
25.487,0.0117,0.0508,0.7656,-0.7266,9.9258,0.00,0.00,0.00,1
25.504,0.0176,-0.0020,-0.0781,-0.4219,9.0781,0.00,0.00,0.00,1
25.526,0.0176,-0.0195,-1.0352,-0.4609,7.7734,0.00,0.00,0.00,1
25.543,-0.0039,-0.0195,0.1523,-0.1914,9.9258,0.00,0.00,0.00,1
25.557,0.0078,-0.0039,0.1133,-0.6133,9.0820,0.00,0.00,0.00,1
25.576,-0.0039,-0.0234,-0.6523,-0.6523,8.8477,0.00,0.00,0.00,1
25.589,0.0195,0.0098,0.3828,-0.4219,10.0352,0.00,0.00,0.00,1
25.606,0.0234,-0.0742,-1.0742,-0.9570,7.9687,0.00,0.00,0.00,1
25.624,-0.0137,0.0684,0.4961,0.0391,10.1914,0.00,0.00,0.00,1
25.642,-0.0176,0.0469,1.3398,-0.6133,10.4922,0.00,0.00,0.00,1
25.657,0.0156,-0.0195,0.2305,-0.1133,10.0000,0.00,0.00,0.00,1
25.674,0.0039,-0.0957,-1.2266,-0.3047,7.2031,0.00,0.00,0.00,1
25.692,-0.0273,-0.0586,0.8047,-0.3047,10.6094,0.00,0.00,0.00,1
25.708,0.0312,0.0449,0.6914,-0.7656,9.6484,0.00,0.00,0.00,1
25.728,-0.0117,0.1484,-1.6836,-0.3047,6.4727,0.00,0.00,0.00,1
25.746,-0.0293,0.0723,1.6094,-0.3047,11.0742,0.00,0.00,0.00,1
25.759,-0.0020,-0.0801,1.3008,-0.3437,10.5352,0.00,0.00,0.00,1
25.776,-0.0137,-0.1133,1.4570,-0.4609,10.8008,0.00,0.00,0.00,1
25.793,-0.0078,-0.1191,-1.8008,-0.1133,6.2812,0.00,0.00,0.00,1
25.812,-0.0254,-0.1387,0.0000,-0.2695,8.8867,0.00,0.00,0.00,1
25.827,0.0059,0.0254,0.4961,-0.6914,9.1992,0.00,0.00,0.00,1
25.844,-0.0312,0.0605,2.3359,-0.8438,11.7227,0.00,0.00,0.00,1
25.862,-0.0430,0.0879,1.6094,-0.2305,9.5820,0.00,0.00,0.00,1
25.878,-0.0059,0.0488,0.2695,-0.7656,8.9609,0.00,0.00,0.00,1
25.895,-0.0469,0.1484,-0.0391,-0.1523,8.3516,0.00,0.00,0.00,1
25.916,-0.0254,0.0312,2.2969,-0.1133,11.7187,0.00,0.00,0.00,1
25.932,0.0059,0.0664,1.9531,-0.6133,10.0352,0.00,0.00,0.00,1
25.946,-0.0254,-0.1367,2.5273,-0.3437,12.1797,0.00,0.00,0.00,1
25.963,0.0020,-0.1367,-0.9961,-0.4219,6.3594,0.00,0.00,0.00,1
25.982,-0.0215,-0.1309,-0.1914,-0.2305,8.2383,0.00,0.00,0.00,1
25.997,-0.0020,0.0391,-0.1914,-0.2305,8.2383,0.00,0.00,0.00,1
26.014,-0.0137,0.0391,1.8008,-0.8047,10.0312,0.00,0.00,0.00,1
26.032,-0.0391,0.0801,1.8008,-0.8828,10.9961,0.00,0.00,0.00,1
26.048,-0.0078,0.0078,0.6523,-0.3437,8.5820,0.00,0.00,0.00,1
26.065,-0.0332,0.1113,0.1914,-0.4961,8.7344,0.02,0.00,0.00,1
26.086,-0.0117,0.0137,2.1055,-0.0391,11.0742,0.02,0.00,0.00,1
26.104,0.0000,0.0762,2.3359,-0.4961,10.9961,0.02,0.00,0.00,1
26.117,-0.0176,-0.1133,2.4141,-0.5352,11.5352,0.02,0.00,0.00,1
26.135,-0.0039,-0.1172,-1.6094,-0.4961,5.8594,0.02,0.00,0.00,1
26.152,-0.0312,-0.1055,0.6133,-0.0391,8.5430,0.02,0.00,0.00,1
26.167,-0.0039,0.1309,2.2969,-0.9180,10.6914,0.02,0.00,0.00,1
26.184,-0.0293,0.1777,3.6406,-0.6523,12.9883,0.02,0.00,0.00,1
26.203,-0.0176,0.0742,0.3828,-0.6133,7.2070,0.02,0.00,0.00,1
26.218,-0.0312,-0.1387,0.0000,0.0781,6.2852,0.02,0.00,0.00,1
26.235,-0.0254,-0.1504,2.1055,-0.8438,9.5820,0.02,0.00,0.00,1
26.252,0.0059,-0.1367,4.6367,-0.9180,13.1406,0.02,0.00,0.00,1
26.269,-0.0059,0.0566,1.8398,-0.9180,8.6602,0.06,0.00,0.00,1
26.286,0.0098,-0.0156,2.4141,-0.6523,9.1562,0.06,0.00,0.00,1
26.304,-0.0039,0.0078,4.5195,-0.4609,13.1016,0.06,0.00,0.00,1
26.323,0.0098,-0.0898,1.1094,-0.8438,8.3164,0.06,0.00,0.00,1
26.337,-0.0020,0.0156,1.4180,-0.0781,8.7383,0.06,0.05,0.00,1
26.354,0.0195,0.0547,2.5664,-0.9570,9.3477,0.06,0.05,0.00,1
26.372,0.0273,0.1230,3.6016,-0.6133,12.2969,0.06,0.05,0.00,1
26.388,-0.0020,-0.0586,-0.0391,-0.8047,7.1250,0.06,0.05,0.00,1
26.405,-0.0039,0.0586,2.1445,-0.2695,9.5781,0.06,11.51,0.00,1
26.422,0.0059,-0.0137,2.3750,-0.8047,10.2656,0.06,11.51,0.05,1
26.439,0.0117,0.0195,1.9531,-0.8438,9.2695,0.06,11.51,0.05,1
26.457,0.0195,-0.0879,2.5664,-1.4180,10.6484,0.11,14.89,0.05,1
26.476,0.0254,-0.1367,2.7969,0.1133,11.0742,0.11,14.89,17.66,1
26.493,0.0020,-0.0977,0.7266,-0.8047,8.4258,0.11,14.89,17.66,1
26.507,0.0117,0.1895,0.1914,0.3047,7.3555,0.11,16.90,18.80,1
26.524,0.0176,0.0742,2.6055,-0.6914,10.1523,0.11,16.90,18.80,1
26.543,0.0078,0.0898,2.2969,-0.1133,9.6914,0.11,19.41,18.80,1
26.558,-0.0078,-0.0957,0.3437,-0.3828,7.8164,0.11,19.41,20.35,1
26.575,-0.0156,0.0312,2.4531,-0.1914,11.0312,0.11,19.41,20.35,1
26.592,-0.0234,0.0332,3.2578,-0.8828,11.1133,0.11,20.38,22.30,1
26.609,-0.0156,-0.1211,0.9961,-0.1523,7.7344,0.11,20.38,22.30,1
26.626,-0.0391,-0.1191,1.2266,-0.4609,7.6289,0.11,22.74,23.75,1
26.645,-0.0293,-0.1602,3.5625,-0.9570,11.7969,0.11,22.74,23.75,1
26.663,-0.0391,-0.0879,0.6914,0.0000,7.8516,2.28,23.73,25.38,1
26.677,-0.0195,0.1836,0.9180,-0.8047,7.8125,2.28,23.73,25.38,1
26.695,-0.0449,0.2363,3.2187,-0.0781,11.3789,2.28,26.08,25.38,1
26.714,-0.0332,0.1074,2.7187,-1.2266,10.1133,2.28,26.08,27.26,1
26.728,-0.0586,-0.0430,0.0391,-0.5742,6.9687,2.28,27.28,28.90,1
26.745,-0.0430,-0.1113,1.1875,-0.4961,8.7773,2.28,27.28,28.90,1
26.763,-0.0254,-0.0879,3.6406,-0.9570,12.9453,2.28,29.38,30.06,1
26.779,-0.0273,0.0781,3.2187,-1.1875,10.1875,2.28,29.38,30.06,1
26.796,-0.0312,0.1035,0.1523,-0.8438,6.0898,2.28,30.63,32.07,1
26.815,-0.0430,0.1309,2.8711,-1.0742,10.9531,2.28,32.00,32.79,1
26.835,-0.0293,0.0820,4.2891,-0.5742,12.6406,2.28,32.00,32.79,1
26.848,-0.0664,0.0469,1.2266,-0.3047,7.4687,2.28,33.24,34.27,1
26.867,-0.0410,-0.1133,0.2695,-0.9180,6.1289,0.06,33.24,34.27,1
26.884,-0.0254,-0.1699,0.3437,-1.1094,7.1641,0.06,34.49,35.43,1
26.898,-0.0430,0.0566,5.2852,-0.8828,12.6836,0.06,35.72,37.34,1
26.915,-0.0449,0.1328,4.0977,-0.0781,9.9609,0.06,35.72,37.98,1
26.932,-0.0840,0.1523,1.8398,-0.4961,9.3047,0.06,37.44,37.98,1
26.949,-0.0645,-0.1445,-1.1484,-0.2695,4.6367,0.06,38.27,40.14,1
26.967,-0.0801,-0.0137,3.6406,-0.6914,10.0000,0.06,39.85,40.65,1
26.983,-0.0645,-0.1211,4.7109,-0.8828,10.4531,0.06,39.85,42.58,1
27.000,-0.0937,0.0918,4.4062,-0.4219,11.9844,0.06,40.65,42.58,1
27.019,-0.0820,0.0312,2.7578,-1.0742,9.9648,0.06,42.53,43.20,1
27.035,-0.0703,-0.0254,5.0547,-1.2656,12.3750,0.06,42.53,45.16,1
27.052,-0.0801,0.0195,4.6367,-1.5703,12.7891,0.06,42.65,45.48,1
27.068,-0.0742,0.0469,-0.9180,-0.6133,3.9062,0.09,44.73,47.62,1
27.085,-0.0840,0.0664,2.0312,-0.4219,8.6953,0.09,45.17,47.62,1
27.102,-0.0664,0.0430,5.1328,-1.7617,12.8320,0.09,47.06,47.94,1
27.119,-0.0898,-0.0937,4.2539,-1.4180,11.2969,0.09,47.99,49.29,1
27.136,-0.0469,-0.1562,0.0000,-2.2617,5.7852,0.09,47.99,50.42,1
27.153,-0.0312,-0.2383,1.6484,-1.3008,8.0430,0.09,49.69,51.92,1
27.170,-0.0410,0.1250,4.3672,-1.3398,10.6094,0.09,49.79,52.24,1
27.189,-0.0391,0.2559,-0.0781,-1.2656,5.5156,0.09,51.85,54.21,1
27.204,-0.0352,0.1387,0.5352,0.0000,6.6680,0.09,52.45,54.26,1
27.223,-0.0332,0.2070,4.9414,-1.4180,12.2227,0.09,53.29,55.85,1
27.238,-0.0586,-0.2363,5.0195,-0.6914,12.2227,0.09,54.55,56.73,1
27.255,-0.0254,-0.3047,0.0391,-1.4180,5.8633,0.09,55.97,58.64,1
27.272,-0.0430,-0.1094,1.7227,-0.5352,8.3516,0.13,56.41,59.06,1
27.289,-0.0195,0.1777,4.6367,-1.3398,10.8789,0.13,58.11,60.46,1
27.306,-0.0137,0.1816,6.3203,-1.0742,14.3633,0.13,58.21,60.88,1
27.323,0.0039,0.0234,-1.3789,-1.0742,3.8320,0.13,59.46,62.75,1
27.346,0.0059,0.1348,5.0547,-1.7617,12.4492,0.13,60.49,63.44,1
27.357,-0.0020,-0.1582,5.0547,-1.7617,12.4492,0.13,61.49,64.50,1
27.376,0.0410,-0.1934,2.1055,-1.4570,9.0430,0.13,62.66,66.02,1
27.395,-0.0059,-0.0312,-1.6094,0.0781,4.0625,0.13,63.82,66.62,1
27.408,0.0430,0.1465,3.0273,-0.8047,8.9219,0.13,63.82,67.38,1
27.427,0.0254,0.2578,5.3633,-0.6914,12.9492,0.13,65.90,67.38,1
27.442,0.0176,0.1895,6.2422,-1.0742,12.6016,0.13,66.59,69.31,1
27.459,0.0371,-0.3047,0.9180,0.0781,6.4375,0.13,66.88,70.82,1
27.476,0.0391,-0.2871,0.5352,-0.7656,7.3945,0.06,69.20,70.98,1
27.493,0.0625,-0.3516,0.4609,-0.3828,6.0898,0.06,70.18,72.97,1
27.512,0.0430,-0.3223,5.3633,-0.4219,12.3789,0.06,70.36,73.05,1
27.527,0.0547,0.0977,4.6719,-0.4961,10.2266,0.06,73.01,74.09,1
27.548,0.0391,0.0469,1.2656,-0.8438,6.3594,0.06,73.67,76.31,1
27.564,-0.0039,-0.0469,0.6523,-0.3437,5.9766,0.06,73.80,76.42,1
27.579,0.0410,0.0312,2.6445,-1.1094,7.9727,0.06,76.52,77.50,1
27.596,-0.0176,0.1875,2.7578,-1.0742,8.3125,0.06,76.65,79.13,1
27.613,-0.0098,0.2754,5.5937,-1.3008,12.2969,0.06,78.03,80.19,1
27.629,0.0215,-0.3008,5.8242,-0.7266,11.5352,0.06,79.37,81.35,1
27.646,0.0039,-0.1660,4.0625,-0.2305,10.7656,0.06,80.61,82.93,1
27.663,0.0449,-0.1035,1.9141,-0.8047,7.9727,11.13,81.02,84.27,1
27.682,0.0684,0.0996,0.6523,0.1133,7.3164,11.13,81.29,85.47,1
27.698,-0.0137,-0.0898,2.6055,-1.1094,8.7734,11.13,83.18,85.99,1
27.714,0.0449,-0.1543,4.0234,-0.3437,10.9141,11.13,84.74,86.66,1
27.735,0.0645,-0.3125,4.3672,0.3047,10.7695,11.13,85.70,88.22,1
27.750,-0.0137,0.0879,3.6406,-0.3437,10.2305,11.13,86.52,89.00,1
27.765,0.0352,0.0605,1.0352,-1.4180,7.0117,11.13,87.02,90.87,1
27.784,0.0078,0.0430,2.2227,-0.6523,6.7461,11.13,88.23,91.69,1
27.799,0.0254,0.0234,4.2891,-2.1445,10.1523,11.13,91.14,93.47,1
27.816,0.0195,0.2227,5.4023,-0.6523,12.1445,11.13,91.34,95.49,1
27.833,0.0312,0.1348,5.1719,-1.7227,9.5781,11.13,92.70,97.08,1
27.850,0.0605,-0.3945,3.0273,-0.6914,6.9727,11.13,95.04,98.88,1
27.867,0.0625,-0.2930,2.0312,-1.0742,8.1953,13.13,95.04,98.94,1
27.884,0.0566,-0.1016,2.2227,-1.1094,10.0703,13.13,96.62,100.27,1
27.906,0.0469,-0.0723,4.5977,-0.3047,6.9297,13.13,98.58,101.26,1
27.923,0.0625,-0.0410,5.1719,0.5742,11.6016,13.13,98.78,101.96,1
27.936,0.0664,-0.0078,2.1055,-2.0312,7.6953,13.13,100.55,104.74,1
27.955,0.0156,-0.0039,0.7656,-0.2695,7.4687,13.13,100.55,104.74,1
27.969,0.0762,-0.0273,2.9492,-1.1484,7.9336,13.13,101.91,105.05,1
27.986,0.0391,0.0879,2.4531,-1.4180,10.1875,13.13,101.91,105.62,1
28.004,0.0273,0.1348,3.3711,0.6914,12.4102,13.13,103.05,106.76,1
28.022,0.0625,-0.0254,2.7187,-0.1914,6.6289,13.13,104.77,106.88,1
28.037,0.0234,0.1504,2.4141,0.5352,10.3086,13.13,106.07,109.30,1
28.054,0.0273,0.1973,4.2891,-0.0781,11.6016,13.13,106.85,109.57,1
28.072,0.0488,-0.0371,2.4531,-0.6133,7.0859,15.30,107.37,110.83,1
28.088,0.0234,0.1660,3.7930,-0.2305,11.1914,15.30,108.37,112.37,1
28.107,0.0078,0.1836,1.9531,-1.5313,7.9297,15.30,108.37,112.79,1
28.125,0.0195,-0.0254,1.9922,-0.1133,7.0508,15.30,111.45,113.37,1
28.139,0.0098,0.0742,1.8789,-2.2227,9.1211,15.30,111.54,115.59,1
28.157,-0.0195,0.0586,4.1367,0.4961,10.9180,15.30,111.69,115.79,1
28.174,0.0020,-0.0078,2.9102,-0.4219,10.1094,15.30,113.02,117.21,1
28.190,-0.0215,0.0391,1.3398,-1.3398,7.8906,15.30,113.49,118.65,1
28.207,-0.0566,0.0137,2.1836,0.2305,7.6992,15.30,115.07,119.96,1
28.224,-0.0195,-0.0566,1.4922,-0.2695,7.9687,15.30,116.48,120.08,1
28.244,0.0195,-0.0215,2.1836,-1.5313,10.0742,15.30,116.48,122.20,1
28.258,-0.0996,0.0781,3.6016,0.4961,10.9570,17.95,118.65,122.38,1
28.278,-0.0410,0.2051,0.9570,-1.7227,7.9297,17.95,119.02,122.68,1
28.296,0.0117,0.0879,1.2656,0.0781,6.2812,17.95,119.02,124.36,1
28.309,-0.0898,-0.0215,3.2930,-1.5313,11.2578,17.95,122.43,125.22,1
28.326,-0.0488,-0.0781,2.3750,-1.7227,8.2344,17.95,122.43,125.44,1
28.343,-0.0352,-0.0977,1.4570,-1.4922,7.7383,17.95,123.43,126.66,1
28.360,-0.0117,-0.0801,3.8672,-1.4180,10.8750,17.95,123.55,128.72,1
28.377,-0.0117,-0.2266,3.2578,-1.7227,10.5352,17.95,124.83,128.85,1
28.394,-0.0137,-0.0781,1.5313,-0.6914,6.7852,17.95,125.13,129.74,1
28.412,0.0059,-0.1699,2.5273,-1.6484,11.2578,17.95,126.36,130.70,1
28.428,-0.0098,0.2598,4.3672,-0.2305,10.9570,17.95,128.25,131.06,1
28.445,0.0176,0.0273,1.9141,-0.0781,6.5078,17.95,128.25,131.72,1
28.464,0.0312,-0.0156,3.9844,0.1133,11.4531,19.71,128.25,134.39,1
28.483,0.0176,-0.0957,5.8594,0.3047,13.7930,19.71,129.94,134.12,1
28.497,-0.0078,0.1152,0.0781,-1.5313,6.7422,19.71,129.94,134.12,1
28.515,-0.0078,0.1152,0.8047,-0.0391,5.3594,19.71,130.57,137.16,1
28.532,-0.0137,0.2207,5.4766,-0.9180,14.2148,19.71,132.50,137.16,1
28.547,0.0078,-0.2969,3.7539,-1.6836,12.3008,19.71,133.71,138.54,1
28.564,0.0234,-0.3555,0.1133,0.7656,4.7148,19.71,134.34,138.68,1
28.582,-0.0020,-0.3320,0.1914,-1.9922,8.4219,19.71,133.82,140.25,1
28.598,0.0098,0.4023,5.5156,-0.5742,13.3320,19.71,136.15,140.75,1
28.616,-0.0176,0.4473,4.1758,0.3828,10.8008,19.71,136.99,140.75,1
28.636,-0.0020,0.4336,0.1914,0.0391,4.6719,19.71,136.99,142.35,1
28.649,0.0254,-0.4727,0.1914,0.0391,4.6719,19.71,139.24,143.02,1
28.668,0.0117,-0.4883,6.3984,-0.9570,14.0937,21.26,139.55,143.39,1
28.687,0.0605,-0.5918,0.5742,0.8828,7.6953,21.26,139.72,144.61,1
28.700,-0.0703,0.5566,-1.2656,-2.1836,5.7461,21.26,141.98,145.39,1
28.717,-0.0547,0.4805,1.3008,-0.4609,6.0859,21.26,142.31,146.54,1
28.734,-0.0586,0.5508,6.6289,-1.1094,16.0469,21.26,142.21,147.97,1
28.753,-0.1211,0.5605,4.7109,-1.4922,12.3398,21.26,143.08,148.94,1
28.768,0.0684,-0.7168,-1.3398,1.6484,2.5625,21.26,145.16,149.66,1
28.785,0.0156,-0.4375,-0.5352,-2.3750,7.1641,21.26,145.16,150.49,1
28.803,0.0195,-0.3477,2.4141,0.4219,7.4297,21.26,145.16,152.70,1
28.819,-0.0020,0.1523,6.3984,-2.2617,14.6758,21.26,147.89,153.02,1
28.839,0.0156,-0.0977,2.3750,0.2695,8.5781,21.26,147.99,153.99,1
28.856,-0.0137,-0.1113,2.2617,-1.3008,7.6602,21.26,148.59,154.68,1
28.873,0.0469,-0.2910,0.9961,1.4180,8.1211,23.39,149.43,155.04,1
28.887,0.0059,0.0605,1.2266,-1.8398,9.8867,23.39,149.50,155.59,1
28.904,-0.0273,0.1523,2.4141,-0.4219,8.5820,23.39,151.72,157.11,1
28.923,0.0000,0.0430,2.6055,-2.0312,10.6523,23.39,152.53,156.08,1
28.938,0.0098,0.1113,3.8672,-0.9570,11.1484,23.39,152.84,156.08,1
28.956,-0.0469,0.1973,4.3281,0.5742,11.8398,23.39,154.37,159.24,1
28.973,-0.0352,0.3828,4.3281,-1.5703,12.0273,23.39,154.37,159.24,1
28.989,0.0430,0.0469,1.1875,1.0742,7.7773,23.39,154.25,159.62,1
29.006,0.0117,0.0957,0.5742,-1.4570,7.3125,23.39,155.21,161.37,1
29.025,-0.0234,0.1738,0.8828,-2.1055,9.1211,23.39,156.76,162.28,1
29.044,-0.0020,0.2422,2.1836,-1.7227,7.8125,23.39,156.76,164.37,1
29.057,0.0586,-0.0156,3.3711,-0.8438,11.9570,24.74,158.33,164.85,1
29.074,0.0312,0.1348,4.0234,-1.7617,11.3750,24.74,158.33,164.47,1
29.092,-0.0117,0.2168,4.0625,0.1914,10.7656,24.74,158.20,166.33,1
29.108,0.0410,-0.1191,2.9883,-0.6523,11.4180,24.74,160.80,166.20,1
29.125,0.0312,0.1543,2.2617,0.8047,8.4609,24.74,160.80,168.12,1
29.142,0.0156,0.2070,2.3359,-0.3828,7.9336,24.74,162.31,168.12,1
29.159,0.1074,-0.2539,1.3008,-0.0781,8.3906,24.74,164.28,169.95,1
29.176,0.0586,-0.0273,1.1094,-0.8438,9.3437,24.74,164.28,170.39,1
29.196,0.0000,0.2109,1.6094,-0.6133,8.6172,24.74,165.29,170.01,1
29.210,0.0391,-0.0840,1.6094,-0.6133,8.6172,24.74,166.25,171.06,1
29.228,0.0312,0.2734,0.9570,-1.2656,9.0391,24.74,165.67,171.14,1
29.246,0.0176,0.2676,1.9531,-1.1094,8.1953,24.74,166.58,173.73,1
29.263,0.0586,-0.1367,2.0312,-1.3789,9.8437,26.72,166.53,172.95,1
29.278,0.0234,0.1738,2.2227,-0.7656,8.8828,26.72,167.90,177.02,1
29.295,0.0098,0.0859,3.2930,-1.1094,10.9922,26.72,167.95,175.35,1
29.313,0.0586,-0.2676,3.8672,-0.9961,11.8359,26.72,168.10,176.96,1
29.329,-0.0156,0.4004,3.6406,-0.4219,11.6797,26.72,171.26,176.77,1
29.346,0.0215,-0.0176,3.4492,-1.4570,10.5742,26.72,169.41,176.77,1
29.363,0.0293,-0.1562,3.9062,0.3437,11.2187,26.72,171.20,178.13,1
29.380,-0.0254,0.2754,3.2187,-0.8828,11.1523,26.72,172.38,180.02,1
29.397,0.0234,-0.2187,3.6406,-0.6914,11.6406,26.72,172.92,180.02,1
29.416,0.0469,-0.1465,1.6836,0.5352,8.9258,26.72,175.53,181.13,1
29.432,-0.0430,0.2812,3.6406,-0.7266,10.4531,26.72,175.93,179.76,1
29.448,0.0352,-0.3047,2.7969,-0.0781,11.1484,26.72,176.21,181.32,1
29.466,-0.0430,0.2461,4.5195,-0.8438,12.1836,28.24,177.30,183.86,1
29.482,-0.0391,0.1152,3.2187,-0.5742,10.7305,28.24,176.49,184.06,1
29.499,-0.0371,0.1465,3.9844,-1.6836,9.3086,28.24,177.34,187.16,1
29.517,-0.0293,0.0605,3.0273,-0.3828,9.1992,28.24,177.34,187.06,1
29.533,0.0371,-0.2910,4.6719,-1.5703,11.5352,28.24,179.37,187.06,1
29.550,-0.0371,0.2324,4.2891,-0.5742,11.3398,28.24,178.35,187.44,1
29.569,0.0215,-0.2129,2.7969,-0.9570,9.3477,28.24,180.60,186.12,1
29.586,-0.0234,0.0645,1.7227,-1.3789,10.0039,28.24,180.08,186.12,1
29.604,-0.0254,0.1699,1.7227,-0.9570,12.1016,28.24,181.49,186.08,1
29.618,-0.0195,0.0469,2.4531,-1.7227,11.9570,28.24,184.06,189.21,1
29.636,-0.0156,0.1641,0.8438,-0.8828,8.3125,28.24,184.50,190.01,1
29.653,-0.0039,-0.1855,0.1523,-0.3828,3.6758,28.24,185.39,191.24,1
29.669,-0.0156,-0.0254,2.2617,-0.5742,8.2344,29.71,185.87,191.24,1
29.686,-0.0039,-0.1973,0.4961,-0.8828,5.2852,29.71,186.71,191.86,1
29.703,-0.0625,0.0352,1.9922,-0.4219,10.9141,29.71,185.77,194.55,1
29.720,-0.0195,-0.0977,2.6055,-0.7656,10.7969,29.71,186.05,196.43,1
29.737,-0.0762,0.0898,2.3359,-0.9180,8.1172,29.71,188.15,194.59,1
29.756,-0.0566,-0.1113,2.7578,-1.8008,10.2305,29.71,189.00,196.70,1
29.776,-0.0234,0.0039,0.8438,0.0000,7.4297,29.71,189.93,198.06,1
29.788,-0.0664,-0.0508,2.1055,-1.3008,10.4570,29.71,188.68,197.75,1
29.806,-0.0449,0.1035,3.2187,-0.3828,11.6406,29.71,190.40,200.20,1
29.822,-0.0449,-0.0312,1.6836,-0.6133,7.9336,29.71,193.20,200.08,1
29.839,-0.0566,0.1309,-0.3437,-1.4180,9.7656,29.71,192.68,198.53,1
29.856,-0.0391,-0.1816,1.6094,-1.7227,8.4258,31.13,193.24,198.53,1
29.874,-0.0371,0.0449,2.2617,-0.8438,9.8047,31.13,193.24,200.84,1
29.890,-0.0254,-0.1172,0.9570,-1.4570,8.1953,31.13,193.16,201.37,1
29.907,-0.0332,0.0801,3.0664,-0.3047,9.5000,31.13,193.99,201.29,1
29.924,-0.0156,-0.1035,3.1016,-1.1484,13.1445,31.13,193.09,202.84,1
29.945,-0.0117,0.0312,1.3789,0.1914,12.7227,31.13,190.88,201.69,1
29.959,-0.0273,0.0078,2.0312,-0.3047,14.0547,31.13,192.42,200.96,1
29.975,-0.0273,0.1270,0.7266,0.5742,11.0352,31.13,189.14,200.16,1
29.992,-0.0391,0.3848,0.4609,-0.6914,10.0000,31.13,192.83,198.81,1
30.009,-0.0293,0.0488,0.8438,-1.9922,10.3828,31.13,192.53,198.65,1
30.026,-0.0098,0.3437,-0.1133,-2.0703,8.5820,31.13,191.39,197.32,1
30.043,-0.0352,0.4453,1.0352,-2.7969,12.9102,31.13,187.48,200.20,1
30.063,0.0195,0.2578,1.1094,0.9570,15.4023,32.78,186.01,196.00,1
30.077,-0.0332,0.5312,-5.5195,-0.9961,1.7617,32.78,185.53,194.70,1
30.094,-0.0312,0.2930,-4.8984,1.3789,4.6719,32.78,183.45,196.62,1
30.116,0.0039,-0.2070,-4.8633,-1.4570,10.0039,32.78,182.05,196.81,1
30.130,-0.0410,0.4629,-8.1562,1.0742,3.1797,32.78,180.02,197.78,1
30.146,-0.0312,0.2227,-5.6328,-1.5313,7.0859,32.78,178.60,195.66,1
30.162,-0.0195,0.3184,-2.4883,-0.7266,12.6406,32.78,176.34,194.59,1
30.179,0.0254,-0.1699,-2.7578,0.1914,8.8867,32.78,170.53,193.27,1
30.196,0.0215,-0.1504,-1.9141,-1.0352,11.5352,32.78,167.79,193.27,1
30.213,-0.0117,-0.0039,-4.9414,-0.3828,6.5859,32.78,164.12,190.69,1
30.230,0.0117,-0.2031,-5.7852,0.1133,8.8867,32.78,162.76,188.47,1
30.247,-0.0039,-0.1699,-5.2852,-0.7656,9.1172,32.78,164.66,187.86,1
30.264,-0.0391,-0.2617,-2.5273,-1.3008,12.7930,33.69,164.66,187.30,1
30.286,-0.0586,-0.1953,-5.8984,-1.5703,7.7383,33.69,163.72,185.53,1
30.303,-0.0312,-0.2441,-9.3086,-0.0391,3.8320,33.69,162.34,182.88,1
30.316,-0.0508,0.1816,-3.9062,-0.6523,10.0742,33.69,162.34,183.25,1
30.335,-0.0352,0.1582,0.0000,-1.3789,15.0547,33.69,160.64,179.34,1
30.349,-0.0332,-0.2031,-4.8633,-0.5742,9.4609,33.69,160.51,180.08,1
30.367,-0.0879,-0.0352,-8.0820,-0.5352,4.3672,33.69,157.85,177.09,1
30.383,-0.0781,0.0918,-2.8711,-1.1484,9.7656,33.69,156.96,176.62,1
30.403,-0.0645,0.1016,-0.4219,-1.1094,13.8320,33.69,154.89,174.16,1
30.417,-0.0234,-0.1895,-5.7852,-1.0352,7.5898,33.69,153.12,173.25,1
30.434,-0.0332,-0.1113,-4.4062,-1.2266,9.0820,33.69,151.58,170.82,1
30.455,-0.0762,0.0117,-4.6367,-1.6094,6.8555,33.69,147.28,170.65,1
30.468,0.0488,0.0273,-4.6367,-1.6094,6.8555,32.08,143.78,167.06,1
30.487,-0.0059,0.0957,-4.9414,-1.3008,8.6602,32.08,142.65,164.55,1
30.506,-0.0645,0.0703,-4.9805,-1.1094,8.4219,32.08,141.56,164.23,1
30.519,0.0625,-0.0742,-3.1406,-0.3828,10.8008,32.08,141.56,161.21,1
30.536,0.0469,-0.0840,-5.3242,-1.1094,7.8555,32.08,140.63,161.21,1
30.553,-0.0312,0.0195,-4.0977,-0.3437,9.3086,32.08,137.53,161.29,1
30.570,0.1016,-0.0254,-5.3242,-0.3828,6.9336,32.08,134.50,157.51,1
30.587,0.0371,0.0527,-4.1758,-0.6523,9.2656,32.08,133.80,156.57,1
30.605,-0.0371,0.1465,-2.2617,0.3437,11.8008,32.08,129.23,154.82,1
30.623,-0.0117,-0.0254,-4.9414,-0.4961,5.8594,32.08,125.25,153.96,1
30.638,-0.0117,0.0195,-2.2617,0.1133,8.2773,32.08,115.41,153.99,1
30.658,-0.0293,-0.0664,-3.4102,-1.1875,7.7383,32.08,90.09,153.78,1
30.676,0.0684,-0.1230,-2.0312,2.5273,12.9102,28.69,78.81,151.42,1
30.689,-0.0137,-0.0332,-2.1055,-4.9023,12.8320,28.69,74.47,151.15,1
30.706,0.0410,0.0547,-3.4102,2.6055,8.3164,28.69,74.47,149.39,1
30.724,0.0156,0.0547,-5.4414,-2.7969,8.7344,28.69,71.14,148.35,1
30.742,0.0605,-0.1133,-4.0625,0.8047,6.7070,28.69,71.14,146.22,1
30.757,0.0527,-0.0742,-2.4883,-2.0312,11.1914,28.69,71.14,145.62,1
30.774,0.0566,0.0957,-2.6797,-1.5703,10.9922,28.69,71.14,143.72,1
30.793,0.0176,0.0371,-7.6602,1.2266,4.6719,28.69,71.14,143.62,1
30.808,0.0156,-0.1094,-3.3711,-0.6523,11.7617,28.69,71.14,142.45,1
30.825,-0.0449,-0.1387,-1.6836,0.7656,12.7187,28.69,71.14,140.45,1
30.845,-0.0195,-0.0312,-5.1719,-0.1523,6.3594,28.69,71.14,138.03,1
30.863,0.0176,-0.0937,-4.2891,0.1914,8.3906,25.97,71.14,137.99,1
30.876,-0.0234,0.0430,-3.2578,-0.2695,10.4570,25.97,71.14,136.65,1
30.894,0.0156,0.0391,-2.6797,-2.0312,9.7266,25.97,71.14,135.63,1
30.912,0.0645,0.0234,-3.1016,-0.6523,10.2266,25.97,71.14,134.43,1
30.927,0.0234,0.0039,-2.4531,-2.4531,10.7656,25.97,71.14,132.17,1
30.944,0.0820,-0.0645,-3.7148,-0.4961,8.0117,25.97,71.14,132.17,1
30.963,0.0977,0.0352,-3.6758,-1.2266,9.5430,25.97,71.14,129.62,1
30.978,0.0449,-0.1094,-3.9453,-0.5352,7.0508,25.97,71.14,128.82,1
30.995,0.0762,0.0566,-2.2227,0.0000,11.2187,25.97,71.14,127.78,1
31.016,0.0703,-0.0469,-2.0703,0.6914,11.7969,25.97,71.14,126.57,1
31.034,0.0957,-0.0059,-4.7109,-0.8828,7.6992,25.97,71.14,125.02,1
31.047,0.0547,0.0000,-3.5234,-0.0391,9.0430,25.97,71.14,124.47,1
31.065,0.0566,0.0117,-4.2891,0.6133,8.2383,23.45,71.14,122.01,1
31.083,0.0645,0.0879,-2.7969,-0.8438,9.8047,23.45,71.14,121.21,1
31.097,0.0117,0.0039,-2.3750,0.8828,10.5703,23.45,71.14,120.25,1
31.114,0.0117,0.0234,-3.0273,-0.2305,10.0039,23.45,71.14,119.80,1
31.132,0.0605,-0.0703,-4.0625,-1.3398,7.6953,23.45,71.14,118.19,1
31.148,0.0195,0.0098,-3.5625,-0.6133,8.5391,23.45,71.14,117.54,1
31.166,0.0293,0.0352,-2.6797,-1.1875,10.4922,23.45,71.14,115.50,1
31.182,0.0449,0.1289,-2.5273,-1.3398,9.8828,23.45,71.14,115.50,1
31.199,0.0469,-0.0664,-5.0547,-0.3437,6.3984,23.45,71.14,114.10,1
31.219,-0.0059,0.0020,-2.7969,-1.1484,9.2266,23.45,0.00,113.71,1
31.236,0.0234,-0.0410,-2.6055,0.3828,10.6914,23.45,0.00,112.22,1
31.250,0.0117,0.0410,-3.4492,-0.6133,8.5039,23.45,0.00,112.03,1
31.267,-0.0176,-0.0547,-4.2539,-0.5352,8.8164,21.11,0.00,109.23,1
31.284,-0.0078,-0.0039,-3.7930,0.1133,8.6992,21.11,0.00,109.18,1
31.303,0.0176,-0.0430,-2.6797,-0.1523,10.0742,21.11,0.00,107.03,1
31.318,-0.0527,0.0781,-2.6445,-0.3828,11.0703,21.11,0.00,105.83,1
31.335,-0.0371,-0.0254,-4.3281,-0.3437,8.0430,21.11,0.00,104.70,1
31.353,-0.0098,0.0156,-3.4492,-1.0352,9.8047,21.11,0.00,103.73,1
31.369,-0.0293,-0.0625,-3.3320,-0.9570,9.5000,21.11,0.00,101.58,1
31.386,-0.0273,0.0273,-3.7539,-0.6914,8.5039,21.11,0.00,101.47,1
31.405,-0.0527,0.0762,-3.6016,-1.6484,9.1953,21.11,0.00,99.96,1
31.423,-0.0391,-0.0625,-3.3711,-0.4961,9.9258,21.11,0.00,99.31,1
31.437,-0.0508,-0.0254,-2.8711,-1.5313,9.8047,21.11,0.00,97.48,1
31.454,-0.0508,-0.0957,-3.3320,-1.2266,9.3437,21.11,0.00,96.32,1
31.473,-0.0312,0.0176,-4.1758,-1.0352,8.3945,18.72,0.00,94.53,1
31.488,-0.0293,-0.0195,-2.5273,-0.2305,10.0312,18.72,0.00,94.34,1
31.506,-0.0117,-0.0137,-2.8359,-0.8828,9.1172,18.72,0.00,93.12,1
31.522,-0.0195,0.0293,-2.2617,-0.4609,10.6484,18.72,0.00,92.26,1
31.539,-0.0547,0.0215,-2.9883,-1.1094,9.1602,18.72,0.00,90.86,1
31.556,-0.0547,0.0684,-3.6016,-1.7227,9.5781,18.72,0.00,90.11,1
31.576,-0.0332,0.0117,-2.6797,-1.3789,10.7656,18.72,0.00,88.87,1
31.595,-0.0156,-0.0859,-4.6367,-0.9961,7.3945,18.72,0.00,88.25,1
31.607,-0.0898,0.0273,-4.2891,-0.8438,7.9727,18.72,0.00,86.72,1
31.626,-0.0684,0.0215,-2.7187,-0.6914,10.0742,18.72,0.00,85.16,1
31.643,-0.0664,0.0664,-2.2969,-1.4570,10.3867,18.72,0.00,84.91,1
31.658,-0.1016,0.0312,-3.2187,-0.5742,9.5430,16.65,0.00,82.81,1
31.675,-0.0918,0.0566,-2.9883,-1.1875,9.3437,16.65,0.00,81.37,1
31.692,-0.0605,0.0059,-5.2109,-1.5313,6.8242,16.65,0.00,80.97,1
31.709,-0.0762,0.0117,-2.8359,-1.1484,10.4531,16.65,0.00,78.72,1
31.726,-0.0527,-0.0039,-3.5234,-1.4922,9.5391,16.65,0.00,77.38,1
31.747,-0.0195,0.0312,-3.1797,-1.9141,9.7266,16.65,0.00,77.32,1
31.760,-0.0508,0.0605,-3.1797,-1.9141,9.7266,16.65,0.00,75.25,1
31.777,-0.0020,0.0156,-4.0625,-1.2656,8.7383,16.65,0.00,72.97,1
31.795,0.0176,-0.0215,-3.4844,-1.6484,9.5781,16.65,0.00,72.40,1
31.813,0.0215,-0.0371,-3.1797,-0.8828,9.8477,16.65,0.00,71.13,1
31.828,-0.0020,0.0508,-4.4805,-0.4609,8.1992,16.65,0.00,70.81,1
31.845,0.0020,0.0449,-3.5234,-0.7656,9.3086,16.65,0.00,69.19,1
31.862,0.0078,-0.0176,-3.1406,-1.1875,9.1602,14.13,0.00,68.26,1
31.879,-0.0195,0.0195,-2.4531,0.0391,10.1133,14.13,0.00,65.89,1
31.896,-0.0254,-0.0801,-3.8672,-0.7656,8.3906,14.13,0.00,64.74,1
31.914,-0.0469,0.0410,-2.4141,-0.4609,10.7695,14.13,0.00,64.66,1
31.930,-0.0469,0.0312,-3.2930,0.3047,9.2305,14.13,0.00,62.79,1
31.949,-0.0684,0.1191,-5.1328,-0.1133,6.0469,14.13,0.00,62.64,1
31.966,-0.0527,0.0176,-3.3711,-0.7266,9.4258,14.13,0.00,60.58,1
31.983,-0.0449,-0.1016,-2.9492,-0.4961,9.5820,14.13,0.00,60.23,1
31.998,-0.0352,-0.0020,-3.7539,-1.2656,9.3867,14.13,0.00,58.70,1
32.015,0.0059,-0.0117,-3.0664,-0.7266,9.3867,14.13,0.00,58.51,1
32.033,0.0039,0.1270,-2.7578,-1.7617,10.2695,14.13,0.00,58.51,1
32.049,0.0430,-0.0957,-4.4062,-0.4219,7.9336,14.13,0.00,56.25,1
32.066,0.0352,0.0449,-3.9844,-0.6523,9.1953,11.93,0.00,55.92,1
32.083,0.0117,0.0137,-3.2930,-0.3047,9.2305,11.93,0.00,53.46,1
32.100,0.0273,0.0156,-3.7539,-0.1133,9.7695,11.93,0.00,53.13,1
32.120,0.0117,0.0215,-4.7109,-1.0352,8.0820,11.93,0.00,50.41,1
32.136,0.0059,-0.0215,-3.4844,-0.1914,9.5391,11.93,0.00,50.41,1
32.154,0.0039,0.1133,-3.4102,-0.7656,10.1094,11.93,0.00,49.88,1
32.168,0.0273,-0.0586,-2.0703,0.0391,11.6445,11.93,0.00,46.94,1
32.186,0.0020,0.0020,-4.2148,-0.0781,8.6562,11.93,0.00,46.73,1
32.202,-0.0098,-0.0156,-3.2187,-0.4219,10.1484,11.93,0.00,46.73,1
32.219,0.0215,-0.0137,-4.9805,-0.4609,7.3516,11.93,0.00,44.02,1
32.237,0.0195,-0.0039,-2.7187,-1.3398,10.1523,11.93,0.00,42.54,1
32.253,0.0430,0.0742,-4.4062,-0.5742,8.5391,11.93,0.00,42.54,1
32.270,0.0527,-0.0723,-3.9844,-0.8047,7.9687,9.57,0.00,39.79,1
32.287,0.0332,-0.0273,-3.4492,0.4961,9.6914,9.57,0.00,38.94,1
32.307,0.0488,-0.1230,-2.4883,0.6523,9.9258,9.57,0.00,38.94,1
32.326,0.0371,-0.0293,-3.4844,0.1523,9.6094,9.57,0.00,36.47,1
32.339,0.0430,-0.0723,-2.2969,-0.3047,10.7969,9.57,0.00,36.47,1
32.356,0.0391,-0.0586,-5.3633,-0.0391,6.4375,9.57,0.00,34.63,1
32.373,0.0156,0.0273,-3.1016,-0.1523,10.7266,9.57,0.00,34.63,1
32.389,0.0488,-0.0234,-4.0977,-0.7266,8.2734,9.57,0.00,32.36,1
32.406,0.0117,-0.0312,-4.1367,0.4219,9.1953,9.57,0.00,32.36,1
32.423,-0.0039,-0.0332,-4.6367,0.1914,8.3945,9.57,0.00,32.36,1
32.442,-0.0234,0.0527,-3.9062,-0.0391,9.3867,9.57,0.00,30.15,1
32.457,-0.0293,0.0000,-3.7148,-0.3047,10.1094,6.95,0.00,30.15,1
32.474,-0.0195,-0.0430,-3.6406,-0.8047,9.3437,6.95,0.00,30.15,1
32.496,-0.0547,-0.0020,-4.2539,-0.1914,9.0430,6.95,0.00,26.85,1
32.509,-0.0391,-0.0410,-3.3711,-0.6914,10.3047,6.95,0.00,26.85,1
32.526,-0.0488,-0.0332,-3.9844,-0.3047,9.1992,6.95,0.00,26.85,1
32.543,-0.0762,0.0078,-3.6758,-0.1914,10.3828,6.95,0.00,26.85,1
32.559,-0.0586,0.0430,-5.0195,-0.4961,7.5469,6.95,0.00,23.63,1
32.576,-0.0762,0.0273,-3.9844,-0.0781,10.1094,6.95,0.00,23.63,1
32.593,-0.0859,0.0098,-3.7148,-0.3047,10.0742,6.95,0.00,23.63,1
32.610,-0.0645,0.0156,-3.8672,-1.1875,9.9648,6.95,0.00,23.63,1
32.627,-0.0566,-0.0527,-4.8281,-0.6523,8.3516,6.95,0.00,23.63,1
32.644,-0.0840,0.0215,-3.4102,-0.9570,10.3828,6.95,0.00,23.63,1
32.666,-0.0996,0.0176,-3.6758,-0.4961,9.8477,4.67,0.00,23.63,1
32.683,-0.0840,-0.0488,-4.7891,-0.7656,8.6992,4.67,0.00,23.63,1
32.696,-0.0645,0.0469,-3.6016,-1.1484,10.0039,4.67,0.00,23.63,1
32.714,-0.0625,-0.0195,-3.7148,-1.1875,9.1562,4.67,0.00,23.63,1
32.729,-0.0645,-0.0625,-2.7578,-1.4570,9.3828,4.67,0.00,23.63,1
32.746,-0.0332,-0.1387,-2.7187,-1.0352,8.5781,4.67,0.00,23.63,1
32.763,-0.0586,-0.0625,-1.0742,-0.7656,10.1094,4.67,0.00,23.63,1
32.780,-0.0645,-0.1113,-0.1133,-1.1875,10.5312,4.67,0.00,23.63,1
32.798,-0.0547,-0.1113,0.0391,-1.1875,9.9219,4.67,0.00,23.63,1
32.814,-0.0430,-0.1113,0.7266,-1.2266,10.1094,4.67,0.00,23.63,1
32.836,-0.0273,-0.1270,0.9180,-0.9961,9.6094,4.67,0.00,23.63,1
32.848,-0.0293,-0.0801,0.9180,-0.9961,9.6094,4.67,0.00,23.63,1
32.866,-0.0234,-0.1094,1.3398,-1.2656,9.9609,1.80,0.00,23.63,1
32.885,-0.0332,-0.0840,0.1914,-0.8047,8.3125,1.80,0.00,23.63,1
32.899,-0.0059,-0.0664,0.9961,-1.1875,9.6484,1.80,0.00,23.63,1
32.916,0.0117,-0.0527,-0.1523,-1.6484,7.3945,1.80,0.00,23.63,1
32.933,-0.0098,-0.0410,1.1484,-1.2266,9.8086,1.80,0.00,23.63,1
32.950,0.0117,0.0059,0.7656,-1.1094,8.6953,1.80,0.00,23.63,1
32.967,0.0059,0.0371,1.1875,-1.2266,9.8477,1.80,0.00,23.63,1
32.984,0.0195,-0.0176,0.6523,-0.6914,8.8828,1.80,0.00,23.63,1
33.002,0.0215,-0.0371,1.3398,-0.7266,10.0312,1.80,0.00,23.63,1
33.018,0.0117,-0.0234,-0.1523,-0.7266,7.6992,1.80,0.00,23.63,1
33.035,0.0000,0.0156,0.5352,-0.6914,9.6523,1.80,0.00,23.63,1
33.056,-0.0039,0.0117,-0.1523,-1.1484,8.4609,1.80,0.00,23.63,1
33.070,0.0000,0.0352,0.4219,-0.7656,9.6094,0.85,0.00,0.00,1
33.086,-0.0137,0.0957,0.3437,-1.1484,8.8828,0.85,0.00,0.00,1
33.103,-0.0117,0.0449,0.8047,-0.6133,9.9258,0.85,0.00,0.00,1
33.120,0.0000,-0.0156,0.4219,-0.8828,9.5781,0.85,0.00,0.00,1
33.137,0.0020,0.0273,0.9180,-1.4180,10.0312,0.85,0.00,0.00,1
33.154,0.0117,0.0352,-0.2305,-1.0352,8.7344,0.85,0.00,0.00,1
33.172,-0.0137,0.1289,0.2695,-0.9961,9.9648,0.85,0.00,0.00,1
33.188,0.0273,-0.0527,-1.3398,-1.2656,7.3125,0.85,0.00,0.00,1
33.205,0.0059,0.0156,0.1914,-0.8047,10.3477,0.85,0.00,0.00,1
33.225,0.0078,0.0449,0.1523,-1.1875,9.7305,0.85,0.00,0.00,1
33.244,0.0176,0.0273,-0.0781,-0.9180,9.4648,0.85,0.00,0.00,1
33.257,0.0078,-0.0176,0.4961,-1.3789,10.2656,0.17,0.00,0.00,1
33.274,0.0293,-0.0410,-0.9961,-1.0742,8.3164,0.17,0.00,0.00,1
33.290,0.0098,0.0625,-0.4609,-1.1875,9.7656,0.17,0.00,0.00,1
33.307,0.0234,-0.0195,-0.6914,-1.3008,8.9648,0.17,0.00,0.00,1
33.324,0.0215,-0.0410,-0.9180,-0.9570,8.6211,0.17,0.00,0.00,1
33.343,0.0137,-0.0293,-0.3828,-0.9180,9.6094,0.17,0.00,0.00,1
33.358,0.0430,0.0078,-0.4961,-1.4180,9.0430,0.17,0.00,0.00,1
33.375,0.0312,0.0000,0.2695,-0.9180,10.3047,0.17,0.00,0.00,1
33.396,0.0430,-0.0059,0.2695,-1.4570,9.8477,0.17,0.00,0.00,1
33.409,0.0391,0.0332,0.2695,-1.4570,9.8477,0.17,0.00,0.00,1
33.426,0.0508,-0.0195,0.3828,-0.9180,10.3047,0.17,0.00,0.00,1
33.447,0.0664,-0.0684,-1.0742,-0.9570,7.7773,0.17,0.00,0.00,1
33.460,0.0430,0.0156,0.0781,-0.6523,9.8477,0.15,0.00,0.00,1
33.477,0.0508,0.0098,-0.4219,-0.8047,8.9219,0.15,0.00,0.00,1
33.494,0.0332,-0.0039,-0.0781,-0.8828,9.1211,0.15,0.00,0.00,1
33.513,0.0332,-0.0176,0.3047,-0.6914,9.4648,0.15,0.00,0.00,1
33.528,0.0273,0.0840,0.5742,-1.1094,10.0312,0.15,0.00,0.00,1
33.545,0.0234,0.0547,0.4219,-0.4961,9.5781,0.15,0.00,0.00,1
33.563,0.0332,-0.0137,0.0391,-0.3437,9.5820,0.15,0.00,0.00,1
33.579,0.0312,0.0117,0.1914,-0.5742,9.2656,0.15,0.00,0.00,1
33.598,0.0273,-0.0195,0.1914,-0.5742,9.9219,0.15,0.00,0.00,1
33.616,0.0156,0.0312,-0.8828,-0.9570,8.0078,0.15,0.00,0.00,1
33.630,0.0215,-0.0488,0.3047,-0.5742,10.1914,0.15,0.00,0.00,1
33.647,0.0098,0.0449,-0.1133,-0.6133,9.2656,0.15,0.00,0.00,1
33.664,0.0000,0.0410,0.1523,-0.4609,9.5039,0.15,0.00,0.00,1
33.683,0.0039,-0.0156,-0.3047,-0.2305,9.1211,0.15,0.00,0.00,1
33.698,-0.0215,0.0195,0.5352,-0.5742,10.3086,0.15,0.00,0.00,1
33.715,-0.0117,-0.0234,-0.7656,-0.5352,8.1172,0.15,0.00,0.00,1
33.733,-0.0117,-0.0078,0.0000,-0.7266,9.8477,0.15,0.00,0.00,1
33.749,-0.0176,-0.0195,0.0391,-0.8828,9.1211,0.15,0.00,0.00,1
33.769,-0.0176,0.0059,0.0781,-0.6523,9.6914,0.15,0.00,0.00,1
33.786,-0.0391,0.0840,0.0391,-0.9961,9.1211,0.15,0.00,0.00,1
33.803,-0.0352,0.0449,0.6914,-0.2695,10.2266,0.15,0.00,0.00,1
33.818,-0.0312,-0.0371,0.2305,-0.4219,9.6094,0.15,0.00,0.00,1
33.834,-0.0332,0.0078,0.6523,-0.7266,10.0039,0.15,0.00,0.00,1
33.853,-0.0293,-0.0078,-0.4219,-0.4219,8.5039,0.15,0.00,0.00,1
33.868,-0.0527,-0.0078,0.4961,-0.6914,10.5352,0.13,0.00,0.00,1
33.885,-0.0312,-0.0527,-0.9961,-1.0742,7.7383,0.13,0.00,0.00,1
33.903,-0.0625,0.0391,0.4961,-0.6523,10.4141,0.13,0.00,0.00,1
33.919,-0.0527,-0.0273,-0.1133,-0.9961,9.8047,0.13,0.00,0.00,1
33.936,-0.0508,-0.0020,-0.1133,-0.8828,9.3867,0.13,0.00,0.00,1
33.957,-0.0625,0.0352,0.2305,-1.1094,9.7305,0.13,0.00,0.00,1
33.973,-0.0566,0.0176,0.5352,-0.6523,9.9219,0.13,0.00,0.00,1
33.987,-0.0625,-0.0234,-0.1133,-1.0352,9.3477,0.13,0.00,0.00,1
34.005,-0.0566,0.0156,0.5352,-1.4922,10.0703,0.13,0.00,0.00,1
34.023,-0.0410,0.0156,-0.4219,-1.1875,8.6172,0.13,0.00,0.00,1
34.038,-0.0391,0.0000,0.3047,-1.0742,10.2656,0.13,0.00,0.00,1
34.055,-0.0176,-0.0488,-1.1484,-1.0352,7.6602,0.13,0.00,0.00,1
34.073,-0.0430,0.0273,0.1914,-0.7266,9.7695,0.13,0.00,0.00,1
34.089,-0.0391,-0.0469,-0.6133,-1.0742,8.8164,0.13,0.00,0.00,1
34.106,-0.0449,-0.0352,-0.1133,-1.1094,9.0000,0.13,0.00,0.00,1
34.127,-0.0488,0.0059,0.0391,-1.5313,9.3086,0.13,0.00,0.00,1
34.140,-0.0176,0.0039,0.0391,-1.5313,9.3086,0.13,0.00,0.00,1
34.159,-0.0371,-0.0059,-0.2305,-0.8438,9.0781,0.13,0.00,0.00,1
34.176,-0.0352,0.0195,0.3828,-1.1094,9.6133,0.13,0.00,0.00,1
34.194,-0.0312,0.0156,-0.3828,-0.9180,8.7383,0.13,0.00,0.00,1
34.208,-0.0293,-0.0039,-0.0391,-1.0352,9.5430,0.13,0.00,0.00,1
34.225,-0.0059,-0.0566,-1.2656,-1.1875,7.3945,0.13,0.00,0.00,1
34.243,-0.0273,-0.0195,0.1523,-0.9961,9.9648,0.13,0.00,0.00,1
34.259,-0.0293,-0.0195,-0.1133,-1.1484,9.4258,0.13,0.00,0.00,1
34.276,-0.0293,-0.0254,-0.1523,-1.3398,9.3047,0.13,0.00,0.00,1
34.293,-0.0176,-0.0254,-0.1523,-1.3789,9.3867,0.13,0.00,0.00,1
34.310,-0.0117,0.0664,0.3828,-1.3398,10.0742,0.13,0.00,0.00,1
34.329,-0.0195,0.0410,0.0391,-1.2266,9.6484,0.13,0.00,0.00,1
34.347,-0.0078,-0.0078,-0.1133,-1.6836,9.5781,0.13,0.00,0.00,1
34.363,0.0059,-0.0176,-0.4219,-1.4180,9.1992,0.13,0.00,0.00,1
34.378,0.0273,0.0000,-0.2695,-1.3789,9.6484,0.13,0.00,0.00,1
34.395,0.0234,0.0508,-0.4219,-1.6094,8.6211,0.13,0.00,0.00,1
34.413,0.0117,0.0312,0.5742,-0.9570,10.0703,0.13,0.00,0.00,1
34.429,0.0293,0.0352,0.3437,-1.2656,10.0000,0.13,0.00,0.00,1
34.447,0.0293,0.0527,0.3828,-1.6094,9.8086,0.13,0.00,0.00,1
34.463,0.0469,0.0059,-0.5352,-1.1875,8.5820,0.13,0.00,0.00,1
34.480,0.0332,-0.0352,-0.0391,-1.1484,9.6875,0.13,0.00,0.00,1
34.500,0.0605,-0.0625,0.3437,-0.8828,10.3047,0.13,0.00,0.00,1
34.516,0.0410,0.0469,0.1914,-1.1875,9.7266,0.13,0.00,0.00,1
34.533,0.0488,0.0566,0.2695,-1.3398,9.8047,0.13,0.00,0.00,1
34.548,0.0449,-0.0098,-0.0391,-1.0352,9.5430,0.13,0.00,0.00,1
34.565,0.0469,-0.0039,0.4609,-1.1094,10.0352,0.13,0.00,0.00,1
34.583,0.0664,-0.0449,-1.0352,-0.9961,7.8164,0.13,0.00,0.00,1
34.599,0.0508,-0.0117,-0.0781,-1.1484,9.7266,0.13,0.00,0.00,1
34.616,0.0625,-0.0117,-0.1523,-1.1875,9.1953,0.13,0.00,0.00,1
34.634,0.0586,-0.0020,-0.3047,-0.9180,8.7734,0.13,0.00,0.00,1
34.650,0.0781,0.0059,-0.0391,-0.8047,9.4258,0.13,0.00,0.00,1
34.667,0.0801,-0.0430,0.0391,-1.0352,9.2305,0.13,0.00,0.00,1
34.686,0.0586,-0.0645,0.0000,-1.0352,9.8047,0.13,0.00,0.00,1
34.705,0.0625,0.0000,0.4219,-1.1875,10.0703,0.13,0.00,0.00,1
34.718,0.0625,0.0176,-0.6133,-0.7656,8.4258,0.13,0.00,0.00,1
34.736,0.0684,-0.0078,-0.2305,-0.5352,9.3086,0.13,0.00,0.00,1
34.753,0.0801,-0.0645,-0.9180,-0.8047,7.8945,0.13,0.00,0.00,1
34.769,0.0449,0.0215,0.3047,-0.3437,10.3086,0.13,0.00,0.00,1
34.786,0.0469,-0.0215,0.1523,-0.7656,9.6875,0.13,0.00,0.00,1
34.803,0.0488,-0.0176,0.1523,-0.9570,9.6914,0.13,0.00,0.00,1
34.820,0.0625,0.0078,-0.1523,-0.8047,9.1562,0.13,0.00,0.00,1
34.837,0.0430,0.0762,0.5742,-0.7656,9.8867,0.13,0.00,0.00,1
34.854,0.0273,0.0469,-0.6914,-0.4609,8.1172,0.13,0.00,0.00,1
34.871,0.0430,-0.0059,0.0391,-0.3828,9.8047,0.13,0.00,0.00,1
34.889,0.0391,0.0195,-0.3047,-0.6523,8.9609,0.13,0.00,0.00,1
34.906,0.0508,-0.0137,-0.1133,-0.5352,9.3477,0.13,0.00,0.00,1
34.923,0.0234,0.0410,0.1523,-0.6914,9.6133,0.13,0.00,0.00,1
34.939,0.0391,-0.0547,0.2305,-0.1914,9.4648,0.13,0.00,0.00,1
34.956,0.0156,0.0371,0.4961,-0.5352,10.1484,0.13,0.00,0.00,1
34.973,0.0215,0.0586,0.3047,-0.7656,9.8477,0.13,0.00,0.00,1
34.990,0.0098,-0.0352,-0.8438,-0.4961,8.3125,0.13,0.00,0.00,1
35.007,0.0000,-0.0410,-0.3047,-0.3828,9.2266,0.13,0.00,0.00,1
35.024,0.0176,-0.0684,-0.7656,-1.0352,8.3164,0.13,0.00,0.00,1
35.046,0.0078,0.0449,0.3047,-0.6914,10.0312,0.13,0.00,0.00,1
35.060,-0.0039,-0.0215,0.6914,-0.8828,10.1523,0.15,0.00,0.00,1
35.075,0.0020,-0.0430,-0.3828,-0.4609,8.9219,0.15,0.00,0.00,1
35.093,-0.0078,-0.0391,0.0391,-0.5352,9.6914,0.15,0.00,0.00,1
35.109,0.0020,0.0254,-1.3789,-0.8047,7.4687,0.15,0.00,0.00,1
35.126,-0.0195,0.0059,0.2305,-0.6914,9.8047,0.15,0.00,0.00,1
35.143,-0.0059,-0.0098,0.0000,-0.8828,9.6094,0.15,0.00,0.00,1
35.160,-0.0020,0.0684,-0.0391,-0.8047,9.1992,0.15,0.00,0.00,1
35.177,0.0020,0.0059,-0.0391,-0.6523,9.3867,0.15,0.00,0.00,1
35.194,0.0078,-0.0176,0.3437,-0.8438,9.9648,0.15,0.00,0.00,1
35.216,-0.0078,-0.0391,0.0781,-0.7656,9.7695,0.15,0.00,0.00,1
35.230,-0.0059,0.0410,0.0391,-0.9961,9.5039,0.15,0.00,0.00,1
35.247,-0.0039,0.0449,-0.7266,-0.6914,8.4258,0.15,0.00,0.00,1
35.267,0.0098,0.0020,-0.0781,-0.6523,9.4648,0.13,0.00,0.00,1
35.279,-0.0137,0.0391,-0.4609,-1.1484,8.5000,0.13,0.00,0.00,1
35.297,-0.0137,0.0176,0.6914,-0.5742,10.3867,0.13,0.00,0.00,1
35.313,0.0000,0.0000,0.1523,-0.9180,9.8477,0.13,0.00,0.00,1
35.330,0.0039,0.0117,0.1914,-1.0352,9.6133,0.13,0.00,0.00,1
35.347,0.0098,0.0000,-0.4219,-0.6914,8.9648,0.13,0.00,0.00,1
35.364,-0.0020,0.0684,0.1523,-0.7656,9.8828,0.13,0.00,0.00,1
35.387,-0.0137,0.0371,0.0391,-0.8047,9.9609,0.13,0.00,0.00,1
35.398,0.0000,0.0176,0.0391,-0.8047,9.9609,0.13,0.00,0.00,1
35.417,0.0078,0.0332,-0.4961,-0.6914,8.5000,0.13,0.00,0.00,1
35.436,0.0156,-0.0078,-0.1523,-0.7656,9.3828,0.13,0.00,0.00,1
35.449,-0.0020,-0.0273,0.3828,-0.9961,9.6484,0.13,0.00,0.00,1
35.467,0.0195,-0.0430,0.3047,-0.6133,9.9258,0.11,0.00,0.00,1
35.484,0.0137,0.0449,0.2695,-0.8047,9.8828,0.11,0.00,0.00,1
35.500,0.0020,-0.0273,0.1133,-1.0352,9.4219,0.11,0.00,0.00,1
35.517,0.0059,-0.0469,-0.6523,-0.5742,8.4609,0.11,0.00,0.00,1
35.534,-0.0039,-0.0312,-0.2695,-0.6523,9.1953,0.11,0.00,0.00,1
35.551,0.0059,0.0156,-0.7266,-0.9961,8.2383,0.11,0.00,0.00,1
