t_s,lin_ax_raw_mps2,lin_ax_filt_mps2,lin_ay_raw_mps2,lin_ay_filt_mps2,lin_az_raw_mps2,lin_az_filt_mps2,roll_deg,pitch_deg,speed_kmh,hall_f_hz,hall_r_hz,gps_fix
0.011,1.6406,1.6406,-0.4648,-0.4648,-2.3398,-2.3398,-1.40,2.45,0.00,0.00,0.00,1
0.029,0.9492,1.4528,-0.2344,-0.3955,-1.0781,-2.0782,-1.40,2.44,0.00,0.00,0.00,1
0.039,-1.9609,1.1797,-0.1953,-0.3795,2.2930,-1.7285,-1.40,2.44,0.00,0.00,0.00,1
0.053,1.2578,1.1859,-0.2773,-0.3713,-1.6875,-1.7252,-1.39,2.46,0.00,0.00,0.00,1
0.070,-1.2734,1.0563,-0.0117,-0.3132,1.2617,-1.5936,-1.38,2.47,0.00,0.00,0.00,1
0.081,0.9883,1.0508,-0.0859,-0.2950,-0.9219,-1.5399,-1.38,2.46,0.00,0.00,0.00,1
0.099,2.4805,1.0393,-0.1641,-0.2410,-3.7578,-1.5140,-1.37,2.45,0.00,0.00,0.00,1
0.110,-1.8086,0.8115,0.2187,-0.2042,2.0664,-1.2275,-1.36,2.44,0.00,0.00,0.00,1
0.123,0.3359,0.7734,0.1797,-0.1735,-0.1953,-1.1450,-1.36,2.43,0.00,0.00,0.00,1
0.138,0.3359,0.6838,-0.4727,-0.1574,-0.6172,-0.9963,-1.36,2.46,0.00,0.00,0.00,1
0.151,-1.4258,0.5150,-0.0508,-0.1488,1.9883,-0.7576,-1.35,2.45,0.00,0.00,0.00,1
0.169,1.2930,0.7052,-0.0937,-0.1096,-1.5742,-0.9874,-1.34,2.45,0.00,0.00,0.00,1
0.179,-1.1172,0.5594,0.3633,-0.0718,1.6445,-0.7768,-1.33,2.44,0.00,0.00,0.00,1
0.193,-0.1992,0.4988,-0.4805,-0.1045,-0.0039,-0.7150,-1.33,2.45,0.00,0.00,0.00,1
0.209,1.2188,0.3782,-0.0195,-0.0492,-1.1914,-0.5202,-1.32,2.44,0.00,0.00,0.00,1
0.221,-2.3047,0.1636,-0.2500,-0.0652,3.0625,-0.2336,-1.31,2.45,0.00,0.00,0.00,1
0.239,0.5195,0.3232,-0.0195,-0.0300,-0.9609,-0.4186,-1.30,2.47,0.00,0.00,0.00,1
0.249,0.6367,0.3483,0.0586,-0.0229,-1.1523,-0.4773,-1.29,2.47,0.00,0.00,0.00,1
0.263,-0.8516,0.2523,0.1719,-0.0074,1.1836,-0.3445,-1.29,2.46,0.00,0.00,0.00,1
0.278,2.2070,0.2627,-0.2930,-0.0147,-3.0312,-0.3794,-1.28,2.47,0.00,0.00,0.00,1
0.291,-1.0117,0.1608,0.4336,0.0211,1.2617,-0.2481,-1.27,2.47,0.00,0.00,0.00,1
0.309,-0.5117,0.0857,0.0117,0.0562,0.9141,-0.0837,-1.27,2.48,0.00,0.00,0.00,1
0.319,0.0234,0.0807,-0.4492,0.0158,-0.2734,-0.0988,-1.27,2.49,0.00,0.00,0.00,1
0.333,-0.7812,0.0117,0.1250,0.0245,1.2227,0.0069,-1.26,2.50,0.00,0.00,0.00,1
0.349,1.3242,0.0132,0.0508,0.0369,-1.6523,0.0030,-1.25,2.48,0.00,0.00,0.00,1
0.361,-1.5078,-0.1085,0.2812,0.0564,2.1797,0.1771,-1.25,2.48,0.00,0.00,0.00,1
0.379,-1.3555,-0.1563,0.4336,0.0465,1.8359,0.2344,-1.24,2.47,0.00,0.00,0.00,1
0.390,1.2578,-0.0431,-0.1797,0.0284,-1.5352,0.0929,-1.24,2.46,0.00,0.00,0.00,1
0.403,-2.6133,-0.2487,-0.1875,0.0111,3.3281,0.3517,-1.24,2.46,0.00,0.00,0.00,1
0.419,1.9063,-0.2081,0.1562,-0.0031,-2.6914,0.2646,-1.24,2.46,0.00,0.00,0.00,1
0.431,-0.7734,-0.2533,0.1953,0.0128,0.7148,0.3006,-1.23,2.46,0.00,0.00,0.00,1
0.449,-1.9141,-0.3563,0.0039,0.0002,2.3242,0.4395,-1.23,2.44,0.00,0.00,0.00,1
0.459,2.9883,-0.0888,-0.1484,-0.0117,-4.1094,0.0756,-1.23,2.44,0.00,0.00,0.00,1
0.473,-2.0664,-0.2470,0.2734,0.0111,2.4414,0.2649,-1.23,2.42,0.00,0.00,0.00,1
0.490,0.0859,-0.2496,0.3164,0.0152,0.4883,0.3357,-1.23,2.40,0.00,0.00,0.00,1
0.501,0.4687,-0.1921,-0.3320,-0.0126,-0.8555,0.2404,-1.23,2.41,0.00,0.00,0.00,1
0.518,-1.8984,-0.4493,0.1641,0.0033,2.3555,0.5601,-1.23,2.40,0.00,0.00,0.00,1
0.529,1.7773,-0.2712,-0.0273,0.0009,-2.1250,0.3453,-1.23,2.39,0.00,0.00,0.00,1
0.543,-1.3242,-0.3554,0.3086,0.0255,1.9336,0.4724,-1.23,2.38,0.00,0.00,0.00,1
0.558,-1.8164,-0.3067,0.3086,0.0408,2.2422,0.3690,-1.23,2.37,0.00,0.00,0.00,1
0.572,1.4023,-0.1700,0.0508,0.0416,-1.5117,0.2186,-1.23,2.34,0.00,0.00,0.00,1
0.589,-1.3555,-0.1068,-0.6797,0.0070,0.9375,0.0950,-1.23,2.35,0.00,0.00,0.00,1
0.600,0.1367,-0.0874,0.1250,0.0164,-0.2500,0.0674,-1.24,2.35,0.00,0.00,0.00,1
0.613,1.3633,0.0287,0.2422,0.0345,-1.7891,-0.0811,-1.24,2.34,0.00,0.00,0.00,1
0.630,-1.7383,0.0025,0.4336,0.0705,2.3867,-0.0094,-1.24,2.32,0.00,0.00,0.00,1
0.641,1.2500,0.1023,-0.3320,0.0383,-1.5977,-0.1365,-1.25,2.32,0.00,0.00,0.00,1
0.659,0.6836,0.0956,-0.2266,0.0517,-0.9844,-0.1313,-1.25,2.31,0.00,0.00,0.00,1
0.670,-2.1523,-0.0843,-0.1406,0.0363,2.7305,0.0976,-1.25,2.32,0.00,0.00,0.00,1
0.683,2.2930,0.1059,0.3164,0.0587,-2.1328,-0.0808,-1.26,2.32,0.00,0.00,0.00,1
0.699,-0.6211,0.1918,0.2422,0.0840,0.6250,-0.2262,-1.25,2.32,0.00,0.00,0.00,1
0.711,0.1445,0.1880,-0.0273,0.0751,-0.0664,-0.2135,-1.26,2.31,0.00,0.00,0.00,1
0.729,2.4844,0.2644,-0.2578,0.0409,-3.5117,-0.3621,-1.27,2.31,0.00,0.00,0.00,1
0.739,-1.6523,0.1111,0.3164,0.0630,1.9258,-0.1791,-1.27,2.31,0.00,0.00,0.00,1
0.753,0.3750,0.1322,0.4727,0.0957,-0.1406,-0.1760,-1.28,2.30,0.00,0.00,0.00,1
0.770,-0.5039,0.1133,-0.4492,0.0543,0.3164,-0.1510,-1.28,2.31,0.00,0.00,0.00,1
0.781,-0.8477,0.0364,0.1641,0.0631,1.0469,-0.0552,-1.28,2.31,0.00,0.00,0.00,1
0.799,1.9453,0.0533,0.0586,0.0673,-2.4023,-0.0549,-1.29,2.30,0.00,0.00,0.00,1
0.810,-2.0352,-0.1138,0.2500,0.0819,2.8086,0.1742,-1.30,2.31,0.00,0.00,0.00,1
0.823,1.3711,0.0050,-0.4414,0.0400,-1.9414,0.0050,-1.30,2.30,0.00,0.00,0.00,1
0.839,1.2578,0.0508,-0.0664,0.0605,-1.1016,0.0127,-1.31,2.27,0.00,0.00,0.00,1
0.851,-2.2305,-0.1317,-0.1797,0.0413,2.8828,0.2423,-1.32,2.27,0.00,0.00,0.00,1
0.869,2.4453,0.2107,0.0898,0.0289,-3.5508,-0.2417,-1.32,2.28,0.00,0.00,0.00,1
0.879,-1.4609,0.0769,-0.0586,0.0219,1.6211,-0.0927,-1.32,2.27,0.00,0.00,0.00,1
0.893,1.1055,0.1592,-0.0586,0.0155,-1.1016,-0.1734,-1.33,2.27,0.00,0.00,0.00,1
0.909,2.5977,0.2632,0.0195,-0.0092,-3.7812,-0.3555,-1.34,2.26,0.00,0.00,0.00,1
0.921,-2.0000,0.0822,0.2891,0.0146,2.5781,-0.1209,-1.34,2.24,0.00,0.00,0.00,1
0.939,1.8008,0.0581,0.0586,-0.0039,-1.9063,-0.0538,-1.35,2.21,0.00,0.00,0.00,1
0.949,-1.3086,-0.0513,-0.7461,-0.0633,1.1211,0.0402,-1.35,2.22,0.00,0.00,0.00,1
0.963,0.3086,-0.0225,0.0977,-0.0504,-0.8320,-0.0296,-1.35,2.22,0.00,0.00,0.00,1
0.979,1.4570,0.0159,0.0586,-0.0506,-1.8672,-0.0637,-1.36,2.21,0.00,0.00,0.00,1
0.991,-2.2227,-0.1632,0.3242,-0.0206,2.8086,0.1660,-1.36,2.21,0.02,0.00,0.00,1
1.009,-0.8398,-0.0587,0.4023,-0.0149,1.4297,0.0583,-1.36,2.19,0.02,0.00,0.00,1
1.019,1.3047,0.0504,-0.2031,-0.0300,-1.4844,-0.0652,-1.36,2.17,0.02,0.00,0.00,1
1.033,-2.4414,-0.1490,-0.0859,-0.0344,3.0742,0.1860,-1.36,2.16,0.02,0.00,0.00,1
1.049,2.4531,-0.1299,0.0273,-0.0589,-3.4375,0.1116,-1.36,2.17,0.02,0.00,0.00,1
1.061,-0.9180,-0.1930,0.1406,-0.0429,0.8906,0.1739,-1.36,2.17,0.02,0.00,0.00,1
1.079,-1.4844,-0.2815,-0.0586,-0.0255,1.8516,0.3157,-1.36,2.15,0.02,0.00,0.00,1
1.090,2.7305,-0.0405,-0.1250,-0.0334,-3.9727,-0.0274,-1.36,2.14,0.02,0.00,0.00,1
1.103,-1.9063,-0.1898,0.2187,-0.0133,2.3086,0.1595,-1.36,2.13,0.02,0.00,0.00,1
1.119,0.8594,-0.1842,0.2578,-0.0168,-0.7930,0.1794,-1.36,2.10,0.02,0.00,0.00,1
1.132,-0.8711,-0.2391,-0.6641,-0.0685,0.3945,0.1966,-1.36,2.11,0.02,0.00,0.00,1
1.150,-1.1719,-0.1935,0.0977,-0.0459,1.7734,0.1709,-1.36,2.10,0.02,0.00,0.00,1
1.160,1.5508,-0.0540,0.0586,-0.0375,-1.7109,0.0203,-1.36,2.10,0.02,0.00,0.00,1
1.173,-1.8203,-0.1953,0.4023,-0.0023,2.6172,0.2281,-1.36,2.10,0.02,0.00,0.00,1
1.189,-0.7812,-0.1956,0.4805,0.0661,1.2734,0.2365,-1.36,2.08,0.02,0.00,0.00,1
1.202,0.9453,-0.1043,-0.2109,0.0439,-1.2930,0.1142,-1.36,2.06,0.02,0.00,0.00,1
1.218,-2.4258,-0.0889,-0.4414,0.0004,3.1133,0.1465,-1.36,2.06,0.02,0.00,0.00,1
1.229,1.8242,0.0642,0.2891,0.0235,-2.4414,-0.0606,-1.36,2.06,0.02,0.00,0.00,1
1.243,-0.2070,0.0425,0.2109,0.0385,0.0508,-0.0517,-1.36,2.06,0.02,0.00,0.00,1
1.260,-1.8125,-0.0734,0.0586,0.0387,2.0781,0.0670,-1.36,2.04,0.02,0.00,0.00,1
1.271,2.5977,0.1403,-0.3633,0.0066,-3.6289,-0.2286,-1.36,2.04,0.02,0.00,0.00,1
1.289,-0.4648,0.1149,-0.2500,0.0209,0.8906,-0.1272,-1.36,2.00,0.02,0.00,0.00,1
1.299,0.0000,0.1057,0.2109,0.0361,0.3555,-0.0885,-1.36,1.99,0.02,0.00,0.00,1
1.313,-0.1211,0.0876,-0.5547,-0.0112,-0.1406,-0.0927,-1.36,2.00,0.02,0.00,0.00,1
1.329,-1.3477,0.1040,0.1719,0.0227,1.6953,-0.1168,-1.35,2.00,0.02,0.00,0.00,1
1.341,1.6797,0.2301,-0.2500,0.0009,-1.9805,-0.2659,-1.35,1.99,0.02,0.00,0.00,1
1.359,1.4492,0.3216,-0.0937,-0.0364,-2.4805,-0.4367,-1.35,1.98,0.02,0.00,0.00,1
1.370,-1.3398,0.1887,0.4023,-0.0013,1.6953,-0.2661,-1.34,1.97,0.02,0.00,0.00,1
1.383,0.9609,0.2505,0.0586,0.0035,-0.8711,-0.3145,-1.35,1.95,0.00,0.00,0.00,1
1.399,-1.4922,0.2450,-0.7070,-0.0268,1.2383,-0.3299,-1.35,1.95,0.00,0.00,0.00,1
1.412,0.5000,0.2654,-0.0937,-0.0322,-0.9453,-0.3791,-1.35,1.95,0.00,0.00,0.00,1
1.430,1.3047,0.2502,-0.0195,-0.0245,-1.4453,-0.3229,-1.34,1.94,0.00,0.00,0.00,1
1.439,-1.7227,0.0924,0.3633,0.0065,2.5391,-0.0940,-1.34,1.94,0.00,0.00,0.00,1
1.453,1.6172,0.2144,-0.6328,-0.0446,-2.0977,-0.2543,-1.33,1.93,0.00,0.00,0.00,1
1.469,1.1523,0.2118,-0.3242,-0.0229,-1.2930,-0.2163,-1.32,1.90,0.00,0.00,0.00,1
1.481,-2.0664,0.0296,-0.1719,-0.0348,2.7695,0.0226,-1.32,1.89,0.00,0.00,0.00,1
1.499,2.0703,0.0751,0.0195,-0.0575,-2.8242,-0.0651,-1.30,1.91,0.00,0.00,0.00,1
1.509,-0.7266,0.0109,0.1719,-0.0392,0.7773,0.0023,-1.30,1.91,0.00,0.00,0.00,1
1.523,0.9609,0.0869,-0.2109,-0.0529,-0.9453,-0.0735,-1.30,1.89,0.00,0.00,0.00,1
1.539,1.9180,0.1396,-0.3633,-0.0641,-2.9297,-0.1802,-1.29,1.88,0.00,0.00,0.00,1
1.552,-0.8008,0.0644,0.1250,-0.0489,0.7852,-0.1029,-1.29,1.88,0.00,0.00,0.00,1
1.569,-1.2617,-0.0464,-0.0273,-0.0795,1.2813,0.0364,-1.28,1.87,0.00,0.00,0.00,1
1.579,2.1484,0.1292,-0.2187,-0.0907,-2.5859,-0.1734,-1.28,1.87,0.00,0.00,0.00,1
1.593,-2.4883,-0.0802,-0.4492,-0.1194,3.2734,0.1023,-1.27,1.88,0.00,0.00,0.00,1
1.610,0.1992,-0.0997,-0.0664,-0.0971,0.2109,0.1529,-1.26,1.86,0.00,0.00,0.00,1
1.621,-0.1133,-0.1008,0.1250,-0.0794,0.2852,0.1635,-1.25,1.86,0.00,0.00,0.00,1
1.639,-1.0313,-0.0126,0.3086,-0.0727,1.0156,0.0040,-1.24,1.87,0.00,0.00,0.00,1
1.649,0.0000,-0.0116,0.2344,-0.0481,0.3633,0.0328,-1.23,1.87,0.00,0.00,0.00,1
1.663,-0.4961,-0.0503,-0.3789,-0.0746,0.5547,0.0745,-1.23,1.88,0.00,0.00,0.00,1
1.679,0.3086,-0.0685,-0.0352,-0.1108,-0.4805,0.0741,-1.22,1.89,0.00,0.00,0.00,1
1.691,0.8047,0.0014,0.0820,-0.0954,-0.9023,-0.0040,-1.21,1.90,0.00,0.00,0.00,1
1.709,-1.2227,-0.0234,0.3008,-0.0627,2.0859,0.0830,-1.19,1.89,0.00,0.00,0.00,1
1.719,0.3477,0.0063,-0.3477,-0.0855,-0.6719,0.0226,-1.18,1.90,0.00,0.00,0.00,1
1.733,1.2266,0.1039,-0.0039,-0.0790,-1.8984,-0.1311,-1.17,1.90,0.00,0.00,0.00,1
1.749,-1.7617,-0.0021,-0.2734,-0.0890,2.4336,0.0429,-1.16,1.91,0.00,0.00,0.00,1
1.761,1.8398,0.1453,0.3008,-0.0578,-1.8594,-0.1093,-1.16,1.91,0.00,0.00,0.00,1
1.779,0.7617,0.2342,0.0352,-0.0381,-1.3203,-0.2758,-1.14,1.93,0.00,0.00,0.00,1
1.790,-0.6953,0.1599,-0.0117,-0.0360,0.9766,-0.1756,-1.14,1.92,0.00,0.00,0.00,1
1.803,0.4922,0.1864,0.0664,-0.0278,-0.5547,-0.2059,-1.13,1.92,0.00,0.00,0.00,1
1.819,-0.2734,0.2538,0.2930,-0.0320,0.3633,-0.3016,-1.12,1.95,0.00,0.00,0.00,1
1.831,-0.3516,0.2054,0.6406,0.0218,0.8242,-0.2115,-1.11,1.94,0.00,0.00,0.00,1
1.849,0.7969,0.1694,-0.2031,0.0097,-1.0547,-0.1691,-1.11,1.96,0.00,0.00,0.00,1
1.859,-1.5859,0.0290,0.1797,0.0233,2.0117,0.0053,-1.10,1.97,0.00,0.00,0.00,1
1.873,2.3984,0.2186,0.1016,0.0296,-3.3516,-0.2632,-1.10,1.98,0.00,0.00,0.00,1
1.890,-1.3633,0.1878,0.2578,0.0390,2.0117,-0.2016,-1.09,1.97,0.00,0.00,0.00,1
1.901,0.0156,0.1740,-0.3555,0.0075,-0.1719,-0.1992,-1.09,1.98,0.00,0.00,0.00,1
1.920,1.3203,0.1215,-0.0117,0.0327,-1.6289,-0.1172,-1.08,1.98,0.00,0.00,0.00,1
1.929,-2.6250,-0.0982,-0.3164,0.0048,3.4297,0.1665,-1.08,2.00,0.00,0.00,0.00,1
1.943,2.1992,0.0856,0.1797,0.0188,-2.1641,-0.0199,-1.08,2.01,0.00,0.00,0.00,1
1.959,-0.3359,0.1562,0.1328,0.0420,0.2187,-0.1497,-1.07,2.02,0.00,0.00,0.00,1
1.971,-0.1367,0.1328,-0.0977,0.0309,0.2187,-0.1202,-1.07,2.01,0.00,0.00,0.00,1
1.989,2.6602,0.1657,-0.2500,0.0188,-3.7266,-0.2061,-1.06,2.01,0.00,0.00,0.00,1
2.000,-1.4023,0.0402,0.2109,0.0341,1.5586,-0.0649,-1.06,2.01,0.00,0.00,0.00,1
2.013,0.2070,0.0536,0.5156,0.0727,0.2930,-0.0363,-1.06,2.00,0.00,0.00,0.00,1
2.029,1.8477,0.1014,-0.2891,0.0427,-2.4648,-0.1020,-1.06,2.02,0.00,0.00,0.00,1
2.041,-2.7109,-0.1236,-0.4023,0.0071,3.0547,0.1505,-1.06,2.02,0.00,0.00,0.00,1
2.060,1.3125,-0.1399,-0.0977,0.0137,-1.4297,0.1447,-1.06,2.01,0.00,0.00,0.00,1
2.070,-0.7578,-0.1893,0.3242,0.0385,1.3672,0.2425,-1.06,2.01,0.00,0.00,0.00,1
2.083,-0.9883,-0.2532,-0.1719,0.0217,1.2891,0.3262,-1.06,2.02,0.00,0.00,0.00,1
2.100,1.1563,-0.2509,0.1328,0.0529,-1.1211,0.3633,-1.06,2.02,0.00,0.00,0.00,1
2.111,-2.0586,-0.3955,-0.4414,0.0133,2.6328,0.5448,-1.06,2.04,0.00,0.00,0.00,1
2.129,0.0078,-0.4322,-0.0117,-0.0362,-0.2891,0.5047,-1.06,2.05,0.00,0.00,0.00,1
2.139,1.1953,-0.3020,0.1719,-0.0196,-1.7031,0.3281,-1.06,2.06,0.00,0.00,0.00,1
2.153,-1.3320,-0.3844,0.2109,-0.0011,1.8594,0.4506,-1.06,2.05,0.00,0.00,0.00,1
2.169,1.5781,-0.3394,-0.4023,-0.0093,-2.0898,0.4157,-1.05,2.06,0.00,0.00,0.00,1
2.181,0.0859,-0.3054,0.2109,0.0083,-0.2891,0.3593,-1.05,2.06,0.00,0.00,0.00,1
2.199,-2.2812,-0.3559,-0.2500,-0.0285,2.8906,0.4267,-1.06,2.07,0.00,0.00,0.00,1
2.210,1.8086,-0.1827,-0.2500,-0.0462,-2.2031,0.2163,-1.07,2.08,0.00,0.00,0.00,1
2.223,-2.0586,-0.3328,-0.4805,-0.0809,2.4687,0.3965,-1.06,2.08,0.00,0.00,0.00,1
2.239,1.0430,-0.2934,-0.0977,-0.0749,-1.0234,0.3621,-1.06,2.08,0.00,0.00,0.00,1
2.251,-0.4883,-0.3090,0.3242,-0.0430,1.0469,0.4169,-1.05,2.08,0.00,0.00,0.00,1
2.269,-1.6367,-0.2030,0.1328,-0.0355,2.0039,0.2461,-1.05,2.09,0.00,0.00,0.00,1
2.279,0.7734,-0.1249,0.4023,-0.0005,-0.8320,0.1599,-1.06,2.08,0.00,0.00,0.00,1
2.293,-1.0625,-0.1999,-0.4414,-0.0358,1.6953,0.2827,-1.05,2.09,0.00,0.00,0.00,1
2.309,-1.8281,-0.2867,-0.1328,-0.0791,2.4609,0.3778,-1.06,2.10,0.00,0.00,0.00,1
2.321,2.7656,-0.0425,0.4414,-0.0375,-3.7422,0.0482,-1.05,2.11,0.00,0.00,0.00,1
2.339,-1.2188,-0.0004,0.2500,-0.0356,1.7344,0.0111,-1.05,2.10,0.00,0.00,0.00,1
2.349,-0.4570,-0.0369,-0.2891,-0.0559,0.4727,0.0480,-1.05,2.12,0.00,0.00,0.00,1
2.363,2.0312,0.1286,-0.0195,-0.0530,-3.0547,-0.2002,-1.05,2.12,0.00,0.00,0.00,1
2.379,-2.1445,0.0134,-0.2109,-0.0548,2.7227,-0.0158,-1.04,2.13,0.00,0.00,0.00,1
2.391,1.8789,0.1627,0.5156,-0.0092,-2.1055,-0.1830,-1.04,2.13,0.00,0.00,0.00,1
2.409,1.3047,0.2619,0.0195,-0.0217,-1.7578,-0.3432,-1.04,2.14,0.00,0.00,0.00,1
2.420,-1.4531,0.1247,0.2500,0.0000,1.9961,-0.1561,-1.04,2.14,0.00,0.00,0.00,1
2.433,1.4570,0.2313,0.0195,0.0016,-1.7578,-0.2842,-1.04,2.15,0.00,0.00,0.00,1
2.450,-0.8477,0.2774,0.4414,0.0240,0.9297,-0.3740,-1.04,2.17,0.00,0.00,0.00,1
2.461,-0.0469,0.2515,0.5937,0.0696,0.2422,-0.3247,-1.04,2.17,0.00,0.00,0.00,1
2.480,0.3750,0.1776,-0.2891,0.0401,-0.6406,-0.2125,-1.04,2.19,0.00,0.00,0.00,1
2.489,-1.0117,0.0825,-0.0586,0.0322,1.3516,-0.0874,-1.03,2.20,0.00,0.00,0.00,1
2.503,2.1680,0.2493,0.1328,0.0402,-3.1289,-0.3307,-1.04,2.20,0.00,0.00,0.00,1
2.520,-1.3867,0.2320,0.1719,0.0380,2.0781,-0.2876,-1.04,2.19,0.00,0.00,0.00,1
2.531,-0.2070,0.1969,-0.4805,-0.0034,0.2422,-0.2452,-1.03,2.20,0.00,0.00,0.00,1
2.550,1.3320,0.1370,0.0586,0.0256,-1.2930,-0.1325,-1.04,2.19,0.00,0.00,0.00,1
2.559,-2.6953,-0.0896,-0.2109,0.0067,3.5742,0.1641,-1.04,2.21,0.00,0.00,0.00,1
2.573,-1.6992,-0.2184,-0.7930,-0.0573,1.6953,0.2866,-1.03,2.22,0.00,0.00,0.00,1
2.590,0.8672,-0.0798,0.0117,-0.0608,-1.5586,0.0313,-1.02,2.23,0.00,0.00,0.00,1
2.601,-1.2773,-0.1756,-0.1797,-0.0703,1.6602,0.1616,-1.02,2.22,0.00,0.00,0.00,1
2.619,2.3984,-0.1186,-0.4102,-0.0802,-3.2070,0.1039,-1.01,2.23,0.00,0.00,0.00,1
2.630,-1.0117,-0.1901,0.3164,-0.0485,1.2383,0.1947,-1.00,2.23,0.00,0.00,0.00,1
2.643,-0.2812,-0.1974,0.5469,-0.0009,0.9297,0.2535,-0.99,2.22,0.00,0.00,0.00,1
2.660,1.3633,-0.1888,-0.6797,-0.0741,-1.8750,0.2310,-0.98,2.25,0.00,0.00,0.00,1
2.671,-2.2383,-0.3528,-0.9102,-0.1410,2.4922,0.4119,-0.97,2.26,0.00,0.00,0.00,1
2.689,1.2891,-0.2981,0.1172,-0.1036,-1.4531,0.3313,-0.94,2.26,0.00,0.00,0.00,1
2.699,-0.7422,-0.3336,0.6172,-0.0459,1.1523,0.3970,-0.93,2.25,0.00,0.00,0.00,1
2.713,-0.9336,-0.3816,0.0430,-0.0388,1.1133,0.4543,-0.92,2.26,0.00,0.00,0.00,1
2.730,1.2578,-0.3779,0.1875,0.0439,-1.1445,0.4962,-0.91,2.25,0.00,0.00,0.00,1
2.741,-2.0742,-0.5136,-0.4961,0.0007,2.3711,0.6462,-0.91,2.26,0.00,0.00,0.00,1
2.759,-0.4375,-0.5548,-0.5781,-0.1250,0.2266,0.6182,-0.88,2.27,0.00,0.00,0.00,1
2.770,1.9766,-0.3523,-0.3555,-0.1434,-2.7617,0.3478,-0.86,2.28,0.00,0.00,0.00,1
2.783,-2.0430,-0.4876,-0.2422,-0.1513,2.9062,0.5525,-0.85,2.26,0.00,0.00,0.00,1
2.799,1.9023,-0.4278,-0.6250,-0.1735,-2.5703,0.4846,-0.82,2.27,0.00,0.00,0.00,1
2.812,-0.3125,-0.4186,0.4023,-0.1274,0.2539,0.4661,-0.80,2.26,0.00,0.00,0.00,1
2.829,-2.0742,-0.3995,0.0859,-0.0969,2.9766,0.5050,-0.76,2.27,0.00,0.00,0.00,1
2.840,1.3711,-0.2578,-0.1055,-0.0976,-1.8906,0.3133,-0.74,2.28,0.00,0.00,0.00,1
2.853,2.5586,-0.0325,0.4219,-0.0561,-3.0781,0.0420,-0.72,2.28,0.00,0.00,0.00,1
2.869,0.7578,-0.0603,0.0312,-0.0306,-0.8555,0.0649,-0.69,2.27,0.00,0.00,0.00,1
2.881,-0.8867,-0.1264,0.1875,-0.0131,1.5508,0.1837,-0.67,2.27,0.00,0.00,0.00,1
2.899,-2.3828,-0.1171,0.3789,0.0448,3.3516,0.1571,-0.64,2.27,0.00,0.00,0.00,1
2.910,1.7266,0.0304,-0.0430,0.0378,-1.9727,-0.0132,-0.63,2.25,0.00,0.00,0.00,1
2.923,-2.2578,-0.1527,-0.0820,0.0282,2.1328,0.1584,-0.61,2.25,0.00,0.00,0.00,1
2.939,1.4570,-0.1337,0.2539,0.0410,-2.1289,0.1096,-0.58,2.26,0.00,0.00,0.00,1
2.952,-0.2656,-0.1442,0.1797,0.0521,0.0195,0.1024,-0.57,2.26,0.00,0.00,0.00,1
2.970,-1.4922,-0.2159,-0.5508,0.0133,1.4414,0.2005,-0.55,2.27,0.00,0.00,0.00,1
2.979,3.0664,0.0467,0.2539,0.0325,-4.3945,-0.1671,-0.54,2.27,0.00,0.00,0.00,1
2.993,0.9297,0.1173,0.1992,0.0458,-0.9844,-0.2325,-0.52,2.25,0.00,0.00,0.00,1
3.009,1.2344,0.0917,0.1641,0.0583,-0.9102,-0.1477,-0.50,2.25,0.00,0.00,0.00,1
3.021,-0.9570,0.0078,-0.0273,0.0514,1.1602,-0.0431,-0.49,2.25,0.00,0.00,0.00,1
3.040,-0.3437,0.0159,0.2383,0.0887,0.6602,-0.0590,-0.47,2.25,0.00,0.00,0.00,1
3.049,0.3555,0.0431,0.3477,0.1094,-0.2578,-0.0749,-0.47,2.24,0.00,0.00,0.00,1
3.063,2.6055,0.2481,-0.3047,0.0763,-3.5508,-0.3529,-0.46,2.26,0.00,0.00,0.00,1
3.079,0.3477,0.1334,0.1172,0.0996,0.2031,-0.1577,-0.44,2.25,0.00,0.00,0.00,1
3.091,-0.4219,0.0890,0.0391,0.0947,0.4414,-0.1098,-0.44,2.26,0.00,0.00,0.00,1
3.110,-0.4219,-0.0090,0.0781,0.0582,0.4336,-0.0292,-0.43,2.27,0.00,0.00,0.00,1
3.119,1.3047,0.0961,0.3086,0.0783,-1.6367,-0.1578,-0.43,2.27,0.00,0.00,0.00,1
3.133,0.9961,0.1681,0.2305,0.0904,-1.0234,-0.2270,-0.42,2.27,0.00,0.00,0.00,1
3.149,0.9141,0.1168,-0.4648,0.0698,-1.5234,-0.1640,-0.42,2.27,0.00,0.00,0.00,1
3.161,1.2266,0.2055,0.2617,0.0852,-2.0195,-0.3124,-0.41,2.26,0.00,0.00,0.00,1
3.180,-1.8438,0.1337,0.1836,0.0836,2.0391,-0.2218,-0.41,2.26,0.00,0.00,0.00,1
3.189,1.2188,0.2205,-0.0078,0.0763,-1.5586,-0.3287,-0.41,2.28,0.02,0.00,0.00,1
3.203,1.1406,0.2941,0.2227,0.0880,-1.4375,-0.4174,-0.41,2.28,0.02,0.00,0.00,1
3.219,0.3008,0.2724,-0.0430,0.0875,-0.2500,-0.3888,-0.41,2.29,0.02,0.00,0.00,1
3.231,-0.0820,0.2441,0.3398,0.1076,0.4023,-0.3255,-0.41,2.28,0.02,0.00,0.00,1
3.250,-1.0430,0.3031,0.5664,0.1358,1.0508,-0.4522,-0.42,2.28,0.02,0.00,0.00,1
3.259,-0.0820,0.2723,0.4531,0.1612,0.5469,-0.3723,-0.42,2.28,0.02,0.00,0.00,1
3.273,-0.2070,0.2340,-0.0078,0.1477,0.2852,-0.3197,-0.43,2.29,0.02,0.00,0.00,1
3.289,-1.9297,0.0994,-0.1523,0.1102,2.8516,-0.1143,-0.45,2.29,0.02,0.00,0.00,1
3.301,2.2070,0.2680,0.3086,0.1261,-2.9297,-0.3396,-0.45,2.30,0.02,0.00,0.00,1
3.319,-0.3984,0.2531,0.3828,0.1319,0.8242,-0.2991,-0.47,2.30,0.02,0.00,0.00,1
3.331,-0.4727,0.1950,-0.1992,0.1054,0.4414,-0.2399,-0.48,2.31,0.02,0.00,0.00,1
3.343,2.2773,0.3616,0.2227,0.1148,-3.5078,-0.5013,-0.48,2.31,0.02,0.00,0.00,1
3.360,-1.4336,0.2325,0.0000,0.1170,1.7031,-0.3234,-0.50,2.30,0.02,0.00,0.00,1
3.371,1.2813,0.3164,0.4219,0.1414,-1.3594,-0.4063,-0.52,2.31,0.02,0.00,0.00,1
3.390,0.4375,0.3292,0.0859,0.1211,-1.2773,-0.5119,-0.54,2.32,0.02,0.00,0.00,1
3.399,-0.5977,0.2551,0.0859,0.1183,0.2539,-0.4506,-0.55,2.32,0.02,0.00,0.00,1
3.413,-1.6680,0.1012,0.3164,0.1341,2.0195,-0.2530,-0.57,2.32,0.02,0.00,0.00,1
3.429,-0.5586,0.1859,0.1250,0.0905,0.5234,-0.3848,-0.59,2.32,0.02,0.00,0.00,1
3.441,-0.8281,0.1048,0.5156,0.1245,1.5195,-0.2324,-0.60,2.31,0.02,0.00,0.00,1
3.460,1.3945,0.0689,-0.1367,0.0872,-1.9648,-0.2222,-0.63,2.33,0.02,0.00,0.00,1
3.470,-2.1680,-0.1101,-0.2109,0.0634,2.5625,0.0006,-0.63,2.33,0.02,0.00,0.00,1
3.483,-1.0664,-0.1866,0.2930,0.0817,0.6484,0.0524,-0.65,2.33,0.02,0.00,0.00,1
3.500,-0.7969,-0.1731,0.4453,0.1123,1.2578,0.0995,-0.67,2.33,0.02,0.00,0.00,1
3.511,-1.0664,-0.2446,-0.4648,0.0661,0.9141,0.1647,-0.68,2.33,0.02,0.00,0.00,1
3.529,0.5078,-0.2983,-0.0039,0.0554,-0.3477,0.2720,-0.70,2.33,0.02,0.00,0.00,1
3.540,-1.4844,-0.3932,-0.3867,0.0200,1.7578,0.3909,-0.71,2.35,0.02,0.00,0.00,1
3.553,-1.1406,-0.4530,-0.7734,-0.0435,0.7227,0.4174,-0.72,2.35,0.02,0.00,0.00,1
3.570,1.3086,-0.2923,0.2227,-0.0250,-1.9219,0.1852,-0.74,2.36,0.02,0.00,0.00,1
3.582,-1.1016,-0.3570,0.1172,-0.0136,1.4492,0.2863,-0.74,2.35,0.00,0.00,0.00,1
3.599,1.2734,-0.3210,-0.4180,-0.0165,-1.9219,0.2631,-0.76,2.35,0.00,0.00,0.00,1
3.609,0.3906,-0.2641,0.0781,-0.0090,-0.9258,0.1680,-0.76,2.35,0.00,0.00,0.00,1
3.623,1.0039,-0.1627,-0.4570,-0.0448,-1.2305,0.0561,-0.77,2.34,0.00,0.00,0.00,1
3.639,1.9609,-0.1381,-0.3359,-0.0901,-2.5312,0.0114,-0.78,2.35,0.00,0.00,0.00,1
3.652,-2.2617,-0.3080,-0.6484,-0.1348,2.7148,0.2277,-0.78,2.36,0.00,0.00,0.00,1
3.669,-0.0703,-0.2855,-0.1055,-0.1133,0.7148,0.2715,-0.79,2.36,0.00,0.00,0.00,1
3.680,0.0156,-0.2614,0.3086,-0.0795,0.4102,0.2826,-0.79,2.36,0.00,0.00,0.00,1
3.693,2.3125,-0.0555,-0.1875,-0.0882,-3.5352,-0.0228,-0.79,2.36,0.00,0.00,0.00,1
3.710,0.3242,-0.1355,0.0781,-0.0681,0.0273,0.1117,-0.79,2.36,0.00,0.00,0.00,1
3.721,-1.1406,-0.2159,-0.4180,-0.0961,1.4063,0.2152,-0.79,2.37,0.00,0.00,0.00,1
3.740,0.0469,-0.2799,-0.0742,-0.1350,-0.2812,0.2350,-0.78,2.39,0.00,0.00,0.00,1
3.751,1.1953,-0.1619,0.3477,-0.0964,-1.6992,0.0803,-0.77,2.38,0.00,0.00,0.00,1
3.763,1.4648,-0.0317,0.5781,-0.0424,-1.6602,-0.0590,-0.77,2.38,0.00,0.00,0.00,1
3.780,1.0039,-0.0840,-0.0742,0.0148,-1.3516,0.0441,-0.78,2.39,0.00,0.00,0.00,1
3.791,1.0430,0.0062,0.2305,0.0320,-1.7734,-0.1013,-0.78,2.39,0.02,0.00,0.00,1
3.809,-2.3672,-0.0878,-0.3359,-0.0245,3.0898,0.0309,-0.79,2.39,0.02,0.00,0.00,1
3.820,2.0703,0.0848,0.1250,-0.0125,-2.0039,-0.1319,-0.80,2.40,0.02,0.00,0.00,1
3.833,0.6523,0.1302,0.2031,0.0047,-0.9688,-0.1988,-0.79,2.41,0.02,0.00,0.00,1
3.850,-0.9570,0.0958,-0.1055,0.0048,1.0664,-0.1905,-0.79,2.41,0.02,0.00,0.00,1
3.861,0.6914,0.1434,0.2383,0.0235,-1.1914,-0.2706,-0.79,2.41,0.02,0.00,0.00,1
3.879,0.0000,0.2568,0.1641,0.0028,-0.5391,-0.5093,-0.80,2.43,0.02,0.00,0.00,1
3.889,-1.1484,0.1444,0.6602,0.0554,1.9492,-0.3126,-0.80,2.42,0.02,0.00,0.00,1
3.903,-1.5391,0.0097,0.2031,0.0672,1.7578,-0.1470,-0.81,2.43,0.02,0.00,0.00,1
3.920,-1.9219,-0.0418,-0.2187,0.0261,2.2187,-0.0826,-0.81,2.45,0.02,0.00,0.00,1
3.931,2.1445,0.1331,0.0547,0.0284,-3.3281,-0.3423,-0.81,2.45,0.02,0.00,0.00,1
3.949,-0.6875,0.1480,0.2109,0.0168,1.4219,-0.2688,-0.82,2.44,0.02,0.00,0.00,1
3.959,-1.0430,0.0527,-0.2109,-0.0014,1.4570,-0.1307,-0.83,2.45,0.02,0.00,0.00,1
3.973,-1.4258,-0.0656,0.2109,0.0156,1.9961,0.0394,-0.83,2.46,0.02,0.00,0.00,1
3.990,-1.3477,-0.1159,-0.1719,0.0149,1.7266,0.1180,-0.83,2.46,0.00,0.00,0.00,1
4.002,0.7969,-0.0429,0.7070,0.0703,-0.8789,0.0382,-0.84,2.46,0.00,0.00,0.00,1
4.019,2.1367,0.0438,0.4375,0.1072,-2.6797,-0.0521,-0.84,2.47,0.00,0.00,0.00,1
4.029,-1.8828,-0.1103,-0.0195,0.0970,2.2617,0.1331,-0.85,2.48,0.00,0.00,0.00,1
4.043,-1.3477,-0.2093,0.1719,0.1030,1.8789,0.2727,-0.85,2.48,0.00,0.00,0.00,1
4.060,1.7852,-0.0490,-0.3203,0.0210,-2.9062,-0.0155,-0.85,2.50,0.00,0.00,0.00,1
4.071,-1.9141,-0.1982,0.4375,0.0543,2.3789,0.1761,-0.86,2.48,0.00,0.00,0.00,1
4.089,1.4883,-0.1959,0.7070,0.1046,-1.5664,0.2212,-0.87,2.48,0.00,0.00,0.00,1
4.100,-1.2344,-0.2790,-0.3555,0.0678,1.0391,0.2867,-0.88,2.49,0.00,0.00,0.00,1
4.113,0.6445,-0.2051,0.1406,0.0736,-1.3359,0.1569,-0.88,2.49,0.00,0.00,0.00,1
4.130,0.3359,-0.1924,-0.0898,0.0542,-0.4570,0.1387,-0.89,2.49,0.00,0.00,0.00,1
4.141,-1.5000,-0.2970,0.1406,0.0612,1.8047,0.2720,-0.90,2.50,0.00,0.00,0.00,1
4.159,-0.1992,-0.3159,0.6016,0.0990,0.6562,0.3195,-0.91,2.50,0.00,0.00,0.00,1
4.170,0.5273,-0.2485,-0.0039,0.0908,-0.1484,0.2821,-0.92,2.49,0.00,0.00,0.00,1
4.183,1.7148,-0.0914,-0.1211,0.0738,-2.2187,0.0820,-0.93,2.49,0.00,0.00,0.00,1
4.200,2.7500,-0.0721,0.3789,0.0868,-4.0195,-0.0066,-0.94,2.50,0.00,0.00,0.00,1
4.211,-1.9609,-0.2232,0.0625,0.0848,2.1094,0.1627,-0.95,2.51,0.00,0.00,0.00,1
4.230,-0.2383,-0.2902,-0.4258,0.0487,-0.1953,0.2402,-0.96,2.52,0.00,0.00,0.00,1
4.239,2.2148,-0.0898,0.0703,0.0504,-3.4141,-0.0521,-0.96,2.52,0.00,0.00,0.00,1
4.253,1.3711,0.0270,0.0430,0.0498,-1.4219,-0.1617,-0.96,2.51,0.00,0.00,0.00,1
4.269,1.7148,-0.0070,-0.1875,0.0076,-2.3047,-0.1666,-0.99,2.52,0.00,0.00,0.00,1
4.281,-2.9180,-0.2398,-0.2656,-0.0143,3.3672,0.1161,-1.00,2.52,0.00,0.00,0.00,1
4.299,0.2227,-0.2789,0.1562,0.0091,-0.0820,0.1984,-1.01,2.51,0.00,0.00,0.00,1
4.310,-0.3125,-0.2816,0.0781,0.0146,0.4180,0.2160,-1.01,2.52,0.00,0.00,0.00,1
4.323,2.2148,-0.0819,0.3867,0.0444,-3.3750,-0.0713,-1.02,2.52,0.00,0.00,0.00,1
4.340,1.5625,-0.1366,0.1250,0.0815,-1.8047,0.0601,-1.04,2.50,0.00,0.00,0.00,1
4.351,-1.1094,-0.2145,0.0508,0.0790,0.8750,0.1252,-1.05,2.49,0.00,0.00,0.00,1
4.370,1.7617,-0.1280,-0.4102,0.0574,-2.0352,0.0444,-1.06,2.51,0.00,0.00,0.00,1
4.379,-2.0664,-0.2831,0.4336,0.0874,2.6758,0.2549,-1.06,2.51,0.00,0.00,0.00,1
4.393,-1.0039,-0.3407,-0.2187,0.0630,0.6094,0.2833,-1.07,2.52,0.00,0.00,0.00,1
4.411,-0.8867,-0.1992,0.5469,0.0726,0.5703,0.0341,-1.09,2.52,0.00,0.00,0.00,1
4.421,0.3750,-0.1533,-0.0195,0.0652,-1.5742,-0.0946,-1.10,2.51,0.00,0.00,0.00,1
4.440,-1.9141,-0.3222,0.2500,0.0568,2.4844,0.1495,-1.12,2.51,0.00,0.00,0.00,1
4.450,2.9102,-0.0636,-0.1719,0.0385,-3.5664,-0.1478,-1.13,2.50,0.00,0.00,0.00,1
4.463,0.7656,0.0027,0.3242,0.0614,-1.0000,-0.2160,-1.13,2.51,0.00,0.00,0.00,1
4.480,1.4180,0.0424,-0.4805,-0.0190,-2.5703,-0.3605,-1.15,2.53,0.00,0.00,0.00,1
4.491,-0.1914,0.0237,0.2930,0.0060,-0.3477,-0.3595,-1.16,2.52,0.00,0.00,0.00,1
4.510,-1.8750,-0.0313,-0.2812,-0.0295,1.5664,-0.3345,-1.17,2.53,0.00,0.00,0.00,1
4.519,-0.8438,-0.0963,0.5625,0.0178,0.6836,-0.2531,-1.18,2.54,0.00,0.00,0.00,1
4.533,-3.0352,-0.3314,0.4492,0.0524,4.0195,0.0887,-1.19,2.54,0.00,0.00,0.00,1
4.549,-0.9258,-0.2701,-0.5039,0.0149,0.1484,-0.0260,-1.20,2.54,0.00,0.00,0.00,1
4.561,1.8398,-0.1013,-0.4258,-0.0203,-2.9531,-0.2602,-1.21,2.52,0.00,0.00,0.00,1
4.579,1.8086,-0.0336,-0.8398,-0.0418,-2.9531,-0.3328,-1.23,2.49,0.00,0.00,0.00,1
4.590,-3.0195,-0.2725,-0.4180,-0.0719,3.1367,-0.0553,-1.23,2.48,0.00,0.00,0.00,1
4.603,1.0508,-0.1666,-0.2266,-0.0843,-1.7266,-0.1890,-1.24,2.47,0.00,0.00,0.00,1
4.620,1.2813,-0.2461,-0.3008,-0.0359,-2.0742,-0.0387,-1.25,2.48,0.00,0.00,0.00,1
4.631,0.3984,-0.1945,-0.3008,-0.0571,-1.5000,-0.1556,-1.26,2.48,0.00,0.00,0.00,1
4.650,-0.6719,-0.2963,0.0430,0.0485,0.8398,0.0057,-1.27,2.46,0.00,0.00,0.00,1
4.660,0.2383,-0.2535,-0.8711,-0.0250,-1.0000,-0.0748,-1.28,2.47,0.00,0.00,0.00,1
4.673,2.9648,0.0039,-0.1797,-0.0374,-4.4102,-0.4216,-1.28,2.46,0.00,0.00,0.00,1
4.690,1.9219,-0.1715,-0.5625,0.0004,-2.8398,-0.1755,-1.30,2.48,0.00,0.00,0.00,1
4.701,-1.1016,-0.2459,-0.9844,-0.0784,0.4180,-0.1280,-1.32,2.48,0.00,0.00,0.00,1
4.720,-2.0508,-0.3794,-0.1016,0.0279,1.2227,-0.1069,-1.33,2.45,0.00,0.00,0.00,1
4.729,-0.1758,-0.3631,-0.4883,-0.0134,-1.4219,-0.2121,-1.34,2.45,0.00,0.00,0.00,1
4.743,1.7461,-0.1944,0.2109,0.0045,-3.1836,-0.4498,-1.34,2.42,0.00,0.00,0.00,1
4.759,0.1758,-0.5323,-0.8555,0.0130,-2.2656,-0.1563,-1.36,2.42,0.00,0.00,0.00,1
4.771,1.1328,-0.3991,0.2578,0.0326,-3.1367,-0.3947,-1.37,2.42,0.00,0.00,0.00,1
4.791,-0.6211,-0.3964,-0.0859,0.1271,-0.4180,-0.4518,-1.39,2.39,0.02,0.00,0.00,1
4.800,-1.3477,-0.4725,-0.5078,0.0763,0.1562,-0.4031,-1.40,2.39,0.02,0.00,0.00,1
4.813,1.7617,-0.2937,0.1406,0.0815,-3.3281,-0.6371,-1.41,2.37,0.02,0.00,0.00,1
4.830,0.1523,-0.5662,-1.0820,0.0436,-2.4883,-0.3997,-1.42,2.36,0.02,0.00,0.00,1
4.841,1.9180,-0.3675,0.2266,0.0583,-4.5156,-0.7289,-1.43,2.34,0.02,0.00,0.00,1
4.859,-1.5469,-0.4842,-0.3086,0.1229,0.5078,-0.6183,-1.44,2.26,0.02,0.00,0.00,1
4.870,-1.2383,-0.5445,-0.1953,0.0975,-0.3711,-0.5985,-1.46,2.25,0.02,0.00,0.00,1
4.883,-0.0820,-0.5075,0.1133,0.0987,-0.7539,-0.6110,-1.46,2.22,0.02,0.00,0.00,1
4.900,-0.8867,-0.7435,-0.5000,0.0913,-0.9453,-0.3383,-1.47,2.21,0.02,0.00,0.00,1
4.911,-3.3008,-0.9480,-0.2695,0.0624,2.4609,-0.1144,-1.47,2.20,0.02,0.00,0.00,1
4.929,-1.9063,-1.0308,0.0039,0.1515,0.6250,-0.0459,-1.49,2.16,0.02,0.00,0.00,1
4.940,-0.1836,-0.9630,-0.4180,0.1059,-1.4453,-0.1579,-1.50,2.15,0.02,0.00,0.00,1
4.953,1.7422,-0.7466,-0.2266,0.0793,-3.0547,-0.3896,-1.51,2.12,0.02,0.00,0.00,1
4.969,-0.0195,-0.9791,-0.3398,0.1136,-1.3203,-0.0369,-1.52,2.13,0.02,0.00,0.00,1
4.981,-1.3242,-1.0067,-0.8008,0.0404,-0.2500,-0.0540,-1.54,2.12,0.02,0.00,0.00,1
5.000,-1.9961,-1.1558,0.7773,0.1447,1.0156,0.1215,-1.55,2.10,0.02,0.00,0.00,1
5.011,1.9883,-0.9043,-0.4102,0.1003,-3.4219,-0.1619,-1.57,2.08,0.02,0.00,0.00,1
5.023,2.5312,-0.6294,0.0898,0.0995,-4.6914,-0.5243,-1.57,2.06,0.02,0.00,0.00,1
5.040,-1.6758,-0.9233,0.2891,0.1533,1.4453,-0.1039,-1.59,2.03,0.02,0.00,0.00,1
5.051,0.8164,-0.7841,-0.4023,0.1089,-2.8477,-0.3234,-1.60,2.05,0.02,0.00,0.00,1
5.070,-2.1289,-1.0131,1.0156,0.1720,0.7539,-0.1720,-1.62,2.02,0.02,0.00,0.00,1
5.080,-1.0547,-1.0164,0.2891,0.1813,-0.6250,-0.2083,-1.64,2.02,0.02,0.00,0.00,1
5.093,-5.7969,-1.3988,0.1367,0.1778,5.7344,0.2672,-1.65,2.01,0.02,0.00,0.04,1
5.109,-4.8711,-1.3069,0.4570,0.1637,4.5078,0.1207,-1.69,1.97,0.02,0.00,0.04,1
5.121,-1.9492,-1.3583,-0.3555,0.1222,0.6406,0.1623,-1.70,1.97,0.02,0.00,0.04,1
5.140,-3.6680,-1.3554,0.5703,0.0841,2.0273,0.0618,-1.73,1.93,0.02,0.00,0.04,1
5.151,-2.1328,-1.4176,1.1563,0.1698,0.9531,0.1331,-1.75,1.92,0.02,0.00,0.04,1
5.163,-1.3984,-1.4160,-0.6445,0.1047,0.0352,0.1253,-1.77,1.90,0.02,0.04,13.44,1
5.180,2.4023,-1.4083,0.0898,0.1300,-5.4531,0.0128,-1.81,1.90,0.02,0.04,13.44,1
5.191,0.2187,-1.2781,0.6172,0.1690,-1.5352,-0.1111,-1.82,1.89,0.06,0.04,13.44,1
5.210,2.0586,-1.2224,-0.5625,0.0624,-4.5625,-0.2563,-1.86,1.93,0.06,0.04,13.44,1
5.219,-2.7617,-1.3456,1.1328,0.1480,0.2266,-0.2177,-1.87,1.93,0.06,0.04,13.44,1
5.233,0.3789,-1.2076,0.1367,0.1471,-3.3750,-0.4703,-1.91,1.92,0.06,15.23,15.88,1
5.250,-6.4219,-1.5074,-1.1211,-0.0083,4.7148,-0.1959,-1.95,1.87,0.06,15.23,15.88,1
5.262,2.3086,-1.2021,-0.1562,-0.0201,-5.8203,-0.6459,-1.98,1.86,0.06,15.23,15.88,1
5.280,-1.3828,-1.3354,-1.7578,-0.1295,1.0000,-0.2240,-2.02,1.78,0.06,17.60,18.35,1
5.290,-0.5703,-1.2742,-0.3320,-0.1457,-0.7617,-0.2670,-2.04,1.75,0.06,17.60,18.35,1
5.303,-5.9648,-1.6494,0.9648,-0.0569,6.9766,0.3124,-2.06,1.70,0.06,17.60,18.35,1
5.320,-1.6484,-1.5153,0.2148,-0.0772,0.6172,0.2098,-2.11,1.62,0.06,17.60,18.35,1
5.331,-6.0234,-1.8760,-0.5547,-0.1154,5.2148,0.6102,-2.14,1.61,0.06,19.83,20.45,1
5.349,-5.2266,-1.7575,1.0273,0.0121,4.8672,0.4240,-2.17,1.55,0.06,19.83,20.45,1
5.361,0.4805,-1.5785,-0.9648,-0.0661,-2.0273,0.2279,-2.18,1.51,0.06,19.83,20.45,1
5.373,0.9961,-1.3725,-0.2773,-0.0830,-3.7891,-0.0935,-2.19,1.48,0.06,21.23,22.25,1
5.390,-4.1445,-1.6649,-0.2383,-0.0729,3.6797,0.2072,-2.20,1.32,0.11,21.23,22.25,1
5.401,0.1523,-1.5195,-0.3086,-0.0917,-1.5586,0.0659,-2.20,1.28,0.11,21.23,22.25,1
5.419,-3.8398,-1.7135,-0.6914,-0.2460,1.3125,0.1102,-2.21,1.11,0.11,23.67,25.01,1
5.431,-0.1445,-1.5880,0.7266,-0.1682,-2.2109,-0.0755,-2.21,1.03,0.11,23.67,25.01,1
5.443,0.7891,-1.3978,-1.0039,-0.2350,-2.4102,-0.2623,-2.22,0.96,0.11,23.67,26.47,1
5.460,-0.4961,-1.5137,1.1484,-0.1438,-1.9023,-0.2296,-2.22,0.89,0.11,25.02,26.47,1
5.471,-4.1289,-1.7230,-0.4141,-0.1655,2.6914,0.0041,-2.22,0.87,0.11,25.02,26.47,1
5.489,-6.1875,-1.8984,1.1953,-0.0643,4.8672,0.1005,-2.20,0.85,0.11,25.02,28.03,1
5.500,5.0430,-1.3431,-0.8047,-0.1235,-8.5312,-0.5901,-2.18,0.82,0.11,27.80,28.03,1
5.513,2.4141,-1.0425,0.2305,-0.0952,-6.2227,-1.0407,-2.17,0.77,0.11,27.80,29.12,1
5.530,-2.1289,-1.4017,-1.7695,-0.1011,1.8125,-0.4446,-2.14,0.70,0.11,28.24,29.12,1
5.541,-5.1484,-1.7015,-0.3555,-0.1214,3.1211,-0.1593,-2.13,0.68,0.11,28.24,29.12,1
5.559,-8.3945,-1.6919,-1.7344,-0.1863,6.6836,-0.2669,-2.10,0.66,0.11,28.24,31.54,1
5.569,0.3086,-1.5319,0.5977,-0.1236,-3.6211,-0.5352,-2.08,0.65,0.11,30.85,31.54,1
5.583,-3.1680,-1.6628,1.1328,-0.0231,1.7070,-0.3558,-2.07,0.67,0.04,30.85,32.48,1
5.600,-8.8242,-2.0647,0.7422,-0.0182,7.5273,0.0092,-2.03,0.60,0.04,31.49,32.48,1
5.612,-7.3203,-2.4852,2.0352,0.1460,7.2227,0.5863,-2.02,0.59,0.04,31.49,33.72,1
5.630,-3.3672,-2.1647,-0.7227,-0.0374,1.6758,0.2427,-2.00,0.58,0.04,32.82,33.72,1
5.640,-3.8203,-2.2971,-0.3789,-0.0647,2.1328,0.3939,-1.98,0.60,0.04,32.82,34.86,1
5.653,-7.4961,-2.7130,-1.2266,-0.1577,6.1953,0.8580,-1.97,0.62,0.04,34.17,34.86,1
5.671,-4.1172,-2.5820,0.0820,-0.1151,1.8984,0.6145,-1.96,0.66,0.04,34.17,36.84,1
5.681,-3.6523,-2.6676,-1.1797,-0.2003,0.5195,0.6069,-1.96,0.63,0.04,35.96,36.84,1
5.699,-0.2266,-2.6512,1.3477,-0.0105,-2.5469,0.4919,-1.97,0.62,0.04,35.96,37.79,1
5.709,-7.1133,-3.0082,1.5000,0.1103,6.9844,1.0113,-1.97,0.63,0.04,35.77,37.79,1
5.723,-3.5195,-3.0491,-0.8281,0.0352,1.3594,1.0392,-1.97,0.71,0.04,35.77,40.41,1
5.739,1.2539,-2.5031,0.2734,0.0635,-3.8477,0.4035,-1.95,0.89,0.04,37.81,40.41,1
5.751,3.4727,-2.0251,-0.7305,-0.0000,-8.1797,-0.2831,-1.94,0.94,0.04,37.81,37.49,1
5.770,6.2383,-1.6140,-0.9141,-0.0559,-7.2578,-0.5678,-1.93,0.94,0.04,38.41,39.32,1
5.779,-11.2500,-2.3849,-2.9141,-0.2846,12.1562,0.4501,-1.92,0.92,0.02,38.41,39.32,1
5.793,-3.0156,-2.4353,1.1953,-0.1662,3.3437,0.6816,-1.93,0.94,0.02,40.78,41.76,1
5.810,0.4414,-2.1941,-1.3438,-0.2622,-2.7852,0.5467,-1.91,1.01,0.02,40.29,41.76,1
5.821,4.6562,-1.6461,1.6445,-0.1097,-5.8203,0.0373,-1.88,1.06,0.02,40.29,43.46,1
5.840,1.4844,-1.7782,1.5703,0.0998,-3.0547,0.2927,-1.85,1.09,0.02,43.77,43.42,1
5.850,0.4492,-1.6000,0.3750,0.1218,-3.4062,-0.0033,-1.84,1.11,0.02,43.77,43.42,1
5.863,0.1211,-1.4623,-2.1992,-0.0639,-0.8711,-0.0727,-1.82,1.02,0.02,43.60,46.17,1
5.880,3.4062,-1.4318,1.2070,0.0525,-6.1250,-0.0884,-1.80,0.94,0.02,45.30,46.97,1
5.891,2.7266,-1.0992,-2.4609,-0.1485,-4.1328,-0.4119,-1.79,0.90,0.02,45.30,46.97,1
5.909,0.1758,-1.2029,0.7109,-0.1407,-1.9883,-0.2734,-1.78,0.91,0.02,45.11,48.37,1
5.920,1.7070,-0.9701,1.5078,-0.0088,-3.8633,-0.5606,-1.75,0.92,0.02,45.11,48.37,1
5.933,3.1328,-0.6419,0.7500,0.0519,-7.0000,-1.0757,-1.75,0.90,0.02,47.91,48.00,1
5.950,6.6719,-0.5656,0.5859,0.1624,-9.0273,-1.0229,-1.71,0.87,0.02,47.66,50.55,1
5.961,4.7344,-0.1416,2.1602,0.3222,-9.6406,-1.7123,-1.70,0.81,0.02,49.02,50.25,1
5.979,-1.8633,-0.7315,-0.2617,0.3458,3.6133,-0.6350,-1.69,0.71,0.02,49.02,50.25,1
5.989,-2.6289,-0.8833,-1.7969,0.1744,1.0469,-0.5004,-1.69,0.72,0.02,48.56,52.77,1
6.003,5.4219,-0.3789,0.5039,0.2007,-8.5977,-1.1482,-1.67,0.68,0.13,51.48,50.42,1
6.020,4.0977,-0.6555,-0.4180,0.0945,-7.6406,-0.9417,-1.68,0.64,0.13,51.48,53.43,1
6.031,3.9219,-0.2893,-1.1836,-0.0078,-4.9531,-1.2626,-1.67,0.60,0.13,50.57,53.43,1
6.050,3.0117,-0.6316,2.7617,0.0732,-7.6719,-1.2638,-1.67,0.58,0.13,53.02,53.70,1
6.059,-3.2266,-0.8392,2.3711,0.2570,3.6289,-0.8724,-1.67,0.55,0.13,53.02,55.09,1
6.073,-2.7187,-0.9895,-2.0703,0.0708,2.8242,-0.5767,-1.68,0.54,0.13,53.64,55.45,1
6.091,2.7500,-0.6463,2.2969,0.3173,-5.4414,-1.0194,-1.70,0.58,0.13,53.64,55.45,1
6.101,1.6953,-0.4590,0.7344,0.3507,-2.9141,-1.1710,-1.70,0.55,0.13,53.26,55.25,1
6.119,-1.8242,-0.8271,-0.4844,0.2529,4.7461,-0.1776,-1.75,0.52,0.13,52.81,56.77,1
6.130,-3.9766,-1.0790,-1.5977,0.1048,4.7070,0.2132,-1.78,0.52,0.13,52.81,56.64,1
6.143,-4.3906,-1.3440,0.6328,0.1471,8.4609,0.8730,-1.80,0.55,0.13,52.87,55.25,1
6.160,-4.2422,-1.3656,-3.2734,-0.2656,5.7812,1.2181,-1.85,0.65,0.13,54.04,55.25,1
6.171,-0.4219,-1.2901,0.0664,-0.2390,-3.4883,0.8416,-1.87,0.70,0.13,55.82,56.61,1
6.189,0.0391,-1.1228,0.6875,-0.1600,-3.0000,0.3564,-1.91,0.74,0.13,56.69,55.04,1
6.200,3.4258,-0.7589,-0.0391,-0.1503,-5.4492,-0.1080,-1.93,0.69,0.24,56.69,59.70,1
6.213,0.4062,-0.6657,1.5000,-0.0183,-4.8594,-0.4881,-1.97,0.66,0.24,58.69,59.18,1
6.230,-7.1992,-1.0557,-0.4531,0.1544,8.6641,-0.0665,-2.04,0.59,0.24,59.19,59.18,1
6.241,0.5391,-0.9281,0.0234,0.1439,-3.7891,-0.3643,-2.08,0.62,0.24,58.59,62.45,1
6.260,-5.6133,-1.0992,-1.1563,0.0817,2.3047,-0.5069,-2.16,0.58,0.24,62.35,61.68,1
6.270,-0.0195,-1.0128,0.6875,0.1301,-4.0937,-0.7938,-2.20,0.54,0.24,62.35,62.35,1
6.283,1.6016,-0.8037,-1.0273,0.0375,-2.7852,-0.9531,-2.25,0.48,0.24,65.10,64.59,1
6.299,2.9609,-0.9057,1.1641,-0.1278,-10.4766,-1.5143,-2.34,0.43,0.24,65.10,65.31,1
6.311,-3.0781,-1.0795,-0.0937,-0.1251,0.3633,-1.3641,-2.38,0.35,0.24,64.19,65.91,1
6.329,2.9297,-0.7891,1.8750,-0.3173,-5.2266,-1.7208,-2.47,0.23,0.24,63.44,70.01,1
6.340,-2.6484,-0.9379,-1.4102,-0.4047,-1.2656,-1.6844,-2.52,0.11,0.24,65.72,66.60,1
6.353,-3.3125,-1.1278,0.0859,-0.3655,2.9492,-1.3137,-2.55,-0.01,0.24,64.97,69.55,1
6.370,-10.6602,-1.9109,-4.5273,-0.6925,11.6797,0.1212,-2.63,-0.20,0.24,62.93,69.11,1
6.381,-5.8242,-2.2240,1.1055,-0.5487,7.2383,0.6905,-2.67,-0.23,0.24,64.30,68.90,1
6.400,-2.0703,-2.1434,-3.9062,-0.8332,2.7266,1.0821,-2.73,-0.21,0.37,63.71,68.50,1
6.410,3.4531,-1.6957,-1.5625,-0.8916,-2.1016,0.8274,-2.75,-0.18,0.37,63.71,69.93,1
6.423,0.2734,-1.5382,2.0469,-0.6565,-4.0156,0.4399,-2.77,-0.18,0.37,66.15,68.38,1
6.440,0.5195,-1.3354,-1.3945,-0.5252,0.3125,0.4819,-2.80,-0.23,0.37,66.15,71.54,1
6.452,3.2852,-0.9658,0.2539,-0.4629,-6.8984,-0.1085,-2.83,-0.25,0.37,67.53,71.14,1
6.469,-2.3711,-1.3653,0.4531,-0.1615,3.1484,0.5806,-2.85,-0.29,0.37,67.53,72.17,1
6.479,-0.3711,-1.2858,-2.2656,-0.3298,1.9219,0.6879,-2.86,-0.29,0.37,67.93,72.17,1
6.493,-0.7227,-1.2407,-1.5703,-0.4290,-3.6719,0.3391,-2.87,-0.26,0.37,70.90,72.29,1
6.511,-0.0156,-1.2483,-1.1484,-0.1278,-1.5664,0.1396,-2.89,-0.24,0.37,70.71,72.73,1
6.521,-3.5508,-1.4325,-1.0625,-0.2026,0.8086,0.1931,-2.90,-0.22,0.37,72.40,75.52,1
6.540,-7.0586,-1.5866,4.7578,0.1815,8.9297,0.5653,-2.92,-0.26,0.37,72.97,75.17,1
6.549,0.2227,-1.4418,-1.7852,0.0242,-0.1875,0.5051,-2.93,-0.22,0.37,70.72,76.66,1
6.563,-4.7227,-1.7043,-2.6719,-0.1915,5.1289,0.8750,-2.94,-0.19,0.37,72.47,75.10,1
6.580,-0.5898,-1.3747,3.4258,0.3670,0.4180,0.4529,-2.96,-0.11,0.37,72.47,76.06,1
6.592,-8.8203,-1.9704,-5.0703,-0.0680,4.6406,0.7879,-2.97,-0.11,9.65,75.75,76.23,1
6.609,-2.1367,-1.5118,1.5195,0.2768,-0.8750,-0.1161,-3.00,-0.17,9.65,76.78,79.17,1
6.620,-4.3828,-1.7414,2.7812,0.4771,5.8281,0.3594,-3.00,-0.24,9.65,76.78,79.10,1
6.633,-0.4531,-1.6384,-2.8789,0.2086,2.5703,0.5363,-3.02,-0.28,9.65,78.21,78.41,1
6.651,-0.7578,-1.5905,4.3984,0.4575,-0.0039,0.4251,-3.05,-0.30,9.65,76.22,80.21,1
6.661,-1.4414,-1.5786,-4.1445,0.0893,-3.2109,0.1343,-3.06,-0.30,9.65,80.45,78.93,1
6.680,0.0312,-1.2134,1.4961,0.3025,-2.5234,-0.6149,-3.10,-0.36,9.65,78.56,82.50,1
6.690,-6.3437,-1.6239,3.6016,0.5664,7.8203,0.0599,-3.10,-0.46,9.65,78.06,82.50,1
6.703,-1.2422,-1.5933,-2.0273,0.3589,3.1484,0.3070,-3.12,-0.54,9.65,79.30,83.37,1
6.721,-1.5313,-1.6936,4.5703,0.4305,0.6172,0.4144,-3.14,-0.65,9.65,79.67,80.49,1
6.731,-1.5703,-1.6838,-4.8945,0.0045,-4.4766,0.0231,-3.15,-0.65,9.65,81.83,83.21,1
6.750,-0.8320,-1.5509,0.2109,0.1032,-1.8711,-0.4320,-3.18,-0.69,9.65,80.69,85.52,1
6.760,1.5117,-1.3059,-1.2461,-0.0047,-0.5703,-0.4430,-3.19,-0.75,9.65,81.06,84.92,1
6.773,-5.1484,-1.6133,-2.9336,-0.2390,5.2539,0.0127,-3.21,-0.79,9.65,81.61,86.27,1
6.790,2.3672,-1.1934,3.4727,0.1474,-1.6016,-0.1283,-3.24,-0.83,11.06,83.04,84.34,1
6.801,-1.0703,-1.1835,-0.3594,0.1068,-2.7891,-0.3412,-3.26,-0.85,11.06,84.22,86.57,1
6.815,3.1523,-0.8367,-0.2344,0.0795,-5.8945,-0.7854,-3.27,-0.88,11.06,81.19,89.28,1
6.830,2.1250,-1.0646,-0.3047,0.2287,-1.1055,-0.2029,-3.30,-0.94,11.06,81.19,87.60,1
6.843,-6.0742,-1.4653,-4.0273,-0.1118,6.9375,0.3683,-3.32,-0.94,11.06,83.01,88.53,1
6.861,2.8437,-0.9524,0.7305,0.2375,-2.4062,0.0272,-3.35,-0.89,11.06,88.00,87.08,1
6.871,3.7695,-0.5746,1.7734,0.3604,-8.1094,-0.6237,-3.38,-0.89,11.06,84.92,88.73,1
6.890,-2.2656,-0.9077,2.3086,0.4595,2.2734,-0.2046,-3.40,-1.00,11.06,85.13,91.51,1
6.900,5.2109,-0.4182,-1.3242,0.3168,-4.1250,-0.5182,-3.43,-1.02,11.06,85.13,90.64,1
6.913,0.5781,-0.3385,3.1992,0.5474,-0.9453,-0.5524,-3.44,-1.04,11.06,87.09,90.41,1
6.931,-7.6367,-0.6114,-1.7813,0.3588,5.1445,-0.4047,-3.47,-1.11,11.06,89.79,92.63,1
6.941,-1.2383,-0.6615,0.3320,0.3566,1.2773,-0.2701,-3.49,-1.17,11.06,87.63,92.72,1
6.960,6.5937,-0.4663,-0.7383,0.2477,-6.6914,-0.1257,-3.50,-1.22,11.06,89.40,94.03,1
6.971,-1.4844,-0.5477,4.2383,0.5669,3.4609,0.1612,-3.51,-1.27,11.06,89.25,92.52,1
6.983,6.0781,-0.0176,0.1797,0.5360,-6.8750,-0.4017,-3.53,-1.29,12.63,91.62,92.90,1
7.000,5.7266,-0.1278,2.5625,0.4442,-8.8359,-0.6055,-3.56,-1.26,12.63,90.93,94.84,1
7.012,-2.0977,-0.2854,0.5234,0.4505,4.7617,-0.1762,-3.57,-1.24,12.63,92.03,95.61,1
7.030,-6.3477,-0.4130,-2.7148,0.0284,7.4531,0.1300,-3.59,-1.23,12.63,90.30,93.55,1
7.040,2.3086,-0.1952,4.4375,0.3811,-0.2852,0.0968,-3.61,-1.22,12.63,93.88,95.57,1
7.053,-2.3711,-0.3693,0.5781,0.3969,-0.4687,0.0516,-3.61,-1.17,12.63,93.84,97.14,1
7.070,-4.2578,-0.4416,3.3359,0.5439,4.2734,-0.0273,-3.64,-1.11,12.63,91.58,95.95,1
7.082,-1.8828,-0.5569,-0.8867,0.4294,1.4375,0.0899,-3.64,-1.10,12.63,96.22,96.55,1
7.101,3.4297,-0.2165,3.3750,0.6145,-2.6992,-0.1350,-3.68,-1.20,12.63,98.70,98.34,1
7.110,4.5781,0.1670,0.6641,0.6185,-7.9453,-0.7598,-3.68,-1.25,12.63,94.69,97.18,1
7.123,-2.3008,-0.0304,0.9219,0.6427,1.8594,-0.5503,-3.68,-1.30,12.63,95.64,99.58,1
7.139,4.7852,0.0101,-0.1133,0.5973,-4.8047,-0.3490,-3.70,-1.33,12.63,96.79,100.62,1
7.151,-0.0430,0.0058,4.3789,0.8999,2.5195,-0.1195,-3.71,-1.33,12.63,97.35,99.20,1
7.165,-0.5312,-0.0371,-3.1680,0.5744,-1.9258,-0.2640,-3.73,-1.33,12.63,98.63,100.60,1
7.180,2.0508,0.0794,-1.4922,0.5172,-3.7539,-0.6480,-3.74,-1.44,12.63,96.78,103.14,1
7.193,6.5469,0.5968,-1.5273,0.3536,-6.1289,-1.0865,-3.74,-1.53,13.87,98.64,102.69,1
7.211,-3.1758,0.0260,3.4141,0.3893,7.0859,-0.1865,-3.75,-1.61,13.87,97.95,101.25,1
7.222,-2.0625,-0.1411,0.4336,0.3928,-2.6445,-0.3832,-3.75,-1.59,13.87,99.41,103.77,1
7.240,-4.7461,-0.4560,2.8008,0.4160,5.5625,0.0451,-3.75,-1.60,13.87,97.66,106.08,1
7.250,-4.5937,-0.7870,-2.8320,0.1561,4.2578,0.3821,-3.75,-1.59,13.87,101.56,104.11,1
7.263,-2.6367,-0.9350,4.4453,0.4993,5.4453,0.7871,-3.75,-1.60,13.87,104.35,102.61,1
7.279,-2.1953,-0.6818,1.2695,0.3439,-1.8320,0.0493,-3.75,-1.68,13.87,100.82,107.58,1
7.292,-3.4102,-0.9001,1.2695,0.4179,2.9180,0.2788,-3.74,-1.76,13.87,99.56,109.12,1
7.310,-3.6875,-0.7259,-3.6445,-0.0002,3.9531,0.3188,-3.72,-1.95,13.87,100.78,107.74,1
7.320,0.2344,-0.6491,-4.4844,-0.3589,-0.6445,0.2417,-3.72,-2.07,13.87,106.32,106.36,1
7.333,2.0742,-0.4312,4.4297,0.0241,-4.6289,-0.1479,-3.70,-2.16,13.87,101.34,109.21,1
7.351,-2.6992,-0.7204,2.6328,-0.0343,3.3867,0.3780,-3.66,-2.33,13.87,103.66,109.63,1
7.361,-4.0391,-0.9859,-1.5820,-0.1581,3.7695,0.6494,-3.63,-2.38,13.87,104.26,108.65,1
7.380,-2.7812,-0.9960,-3.0156,-0.0861,0.0078,0.6839,-3.58,-2.41,13.87,105.98,108.17,1
7.390,-3.8867,-1.2272,-0.3633,-0.1083,5.5977,1.0770,-3.55,-2.45,15.48,104.53,111.25,1
7.403,2.5117,-0.9281,-0.0664,-0.1050,-2.7969,0.7671,-3.52,-2.49,15.48,106.22,111.12,1
7.420,-2.2383,-1.1069,1.2578,-0.0840,2.9102,0.9666,-3.45,-2.55,15.48,107.99,111.46,1
7.431,-6.4922,-1.5378,-0.6172,-0.1266,3.7539,1.1896,-3.43,-2.56,15.48,107.97,110.58,1
7.451,-8.5430,-1.4810,-0.4414,-0.0695,11.1367,1.3056,-3.36,-2.66,15.48,105.79,111.43,1
7.460,-4.1758,-1.6966,-3.6289,-0.3542,3.8594,1.5099,-3.32,-2.68,15.48,109.82,113.62,1
7.473,-1.3789,-1.6712,6.3594,0.1829,3.9727,1.7069,-3.28,-2.71,15.48,111.52,113.52,1
7.490,1.8828,-1.1765,3.2500,0.1103,-2.6602,1.0502,-3.20,-2.75,15.48,109.66,115.74,1
7.502,-2.4844,-1.2811,0.1016,0.1096,3.5078,1.2468,-3.16,-2.77,15.48,107.62,112.35,1
7.520,-4.8516,-1.2606,-0.3359,0.0898,7.1367,1.3649,-3.06,-2.81,15.48,108.89,112.89,1
7.530,-6.3828,-1.6703,-2.5977,-0.1252,3.8437,1.5632,-3.03,-2.79,15.48,112.68,114.65,1
7.543,4.0742,-1.2108,2.1836,0.0595,-4.7461,1.0585,-2.98,-2.81,15.48,110.84,115.92,1
7.560,3.5312,-0.8145,2.6992,0.2315,-3.1367,0.7490,-2.87,-2.83,15.48,110.66,115.45,1
7.572,-1.2891,-0.8524,6.2891,0.7161,3.2930,0.9525,-2.82,-2.84,15.48,112.42,114.38,1
7.585,0.2734,-0.7624,-5.4297,0.2244,-3.1914,0.6210,-2.79,-2.82,16.74,110.13,116.40,1
7.600,4.5352,-0.1482,1.8711,0.6668,-4.1094,0.0580,-2.69,-2.86,16.74,112.66,118.67,1
7.613,-5.1562,-0.5488,-2.2812,0.4310,6.2344,0.5521,-2.65,-2.86,16.74,113.33,118.75,1
7.630,2.2734,-0.2901,-1.5234,0.6500,-3.9258,0.3493,-2.58,-2.84,16.74,112.57,119.90,1
7.641,2.3516,-0.0788,-0.2305,0.5796,-1.3594,0.2126,-2.54,-2.86,16.74,111.88,120.11,1
7.660,-1.1406,-0.2246,-0.5156,0.4065,-1.0234,0.1674,-2.49,-2.86,16.74,111.83,118.67,1
7.670,-0.7148,-0.2639,1.0859,0.4608,0.8164,0.2193,-2.46,-2.87,16.74,116.97,119.27,1
7.683,1.8164,-0.0974,-0.9063,0.3515,-2.7148,-0.0154,-2.43,-2.91,16.74,114.68,120.44,1
7.700,-0.8125,-0.3286,0.9570,0.3378,2.3789,0.4314,-2.39,-3.01,16.74,113.71,121.21,1
7.711,-4.1289,-0.6326,1.8359,0.4577,6.7070,0.9335,-2.38,-3.05,16.74,115.78,120.11,1
7.730,-1.1328,-0.3803,0.2969,0.4307,-0.6914,0.4921,-2.35,-3.12,16.74,114.13,123.12,1
7.740,0.7070,-0.2933,0.0586,0.4009,-1.2305,0.3543,-2.33,-3.14,16.74,117.19,121.89,1
7.753,-0.0977,-0.2776,-1.0117,0.2879,-0.7305,0.2675,-2.31,-3.18,16.74,117.98,119.55,1
7.770,2.1289,-0.2653,1.2383,0.3692,-3.9180,0.2623,-2.29,-3.21,16.74,118.75,121.67,1
7.781,-0.5117,-0.2851,-0.1016,0.3315,0.2187,0.2588,-2.29,-3.20,18.00,116.60,125.05,1
7.795,2.3594,-0.0735,-1.3633,0.1959,-4.6094,-0.1306,-2.27,-3.18,18.00,117.04,123.89,1
7.810,2.3594,0.1564,0.1992,0.2413,-3.8047,-0.4213,-2.26,-3.19,18.00,120.93,121.39,1
7.823,-1.5078,0.0233,-1.2578,0.1214,0.8320,-0.3210,-2.25,-3.20,18.00,119.37,126.23,1
7.841,1.2578,0.0128,1.1484,0.1331,-0.5469,-0.1415,-2.23,-3.26,18.00,121.36,123.43,1
7.851,-2.0742,-0.1541,0.9961,0.2021,5.0000,0.2698,-2.23,-3.29,18.00,122.25,122.73,1
7.871,-1.1016,-0.0127,-0.5781,0.0176,1.1289,0.0016,-2.25,-3.35,18.00,118.40,123.66,1
7.880,4.2539,0.3286,-0.3086,-0.0085,-5.8398,-0.4657,-2.25,-3.34,18.00,120.16,126.71,1
7.893,-1.5391,0.1792,-2.2227,-0.1856,1.4375,-0.3135,-2.26,-3.33,18.00,120.99,125.52,1
7.910,1.6484,0.3088,-2.5312,-0.2159,-3.0820,-0.4314,-2.25,-3.36,18.00,122.23,127.03,1
7.921,-2.9102,0.0513,-2.4531,-0.3949,3.8867,-0.0859,-2.25,-3.36,18.00,121.24,128.60,1
7.940,-9.3398,-0.1566,-3.5703,-0.5635,10.5937,0.1164,-2.24,-3.44,18.00,122.19,128.53,1
7.950,-1.1406,-0.2354,-2.5742,-0.7243,-1.8594,-0.0417,-2.24,-3.44,18.00,122.91,125.13,1
7.963,-1.5156,-0.3378,2.2187,-0.4889,3.3516,0.2298,-2.24,-3.49,18.00,120.83,127.50,1
7.980,4.7578,0.0734,0.8789,-0.4142,-6.5781,-0.2493,-2.21,-3.62,18.00,121.29,128.67,1
7.991,6.5977,0.5954,1.1484,-0.2892,-10.2148,-1.0465,-2.20,-3.71,19.02,122.12,127.26,1
8.005,-3.9297,0.2334,-1.7734,-0.4079,2.1953,-0.7872,-2.19,-3.77,19.02,124.86,130.55,1
8.019,0.3984,0.0811,-0.2383,-0.2692,-1.4063,-0.4481,-2.16,-3.91,19.02,125.82,131.79,1
8.033,-4.4648,-0.2826,1.7539,-0.1073,7.1367,0.1587,-2.14,-3.98,19.02,127.91,131.04,1
8.049,-3.9609,-0.1772,1.8594,-0.0416,5.6797,-0.0927,-2.13,-4.08,19.02,123.37,133.42,1
8.061,6.6055,0.3655,1.7461,0.1014,-8.8359,-0.7922,-2.11,-4.10,19.02,126.09,132.66,1
8.080,2.8125,0.0392,3.9648,0.1705,-2.7070,-0.4153,-2.08,-4.22,19.02,128.57,131.86,1
8.090,-2.8867,-0.1948,1.6680,0.2903,5.5273,0.0601,-2.07,-4.31,19.02,126.06,130.72,1
8.103,0.7070,-0.1227,-1.3203,0.1614,-1.0625,-0.0297,-2.06,-4.32,19.02,126.60,134.72,1
8.120,-9.8984,-0.5838,1.0859,0.2359,13.7656,0.5837,-2.03,-4.39,19.02,130.33,131.27,1
8.140,-3.9375,-1.1348,-0.2930,0.1828,7.7109,1.4895,-2.04,-4.41,19.02,128.02,132.22,1
8.145,-3.9375,-1.1348,-0.2930,0.1828,7.7109,1.4895,-2.04,-4.41,19.02,130.87,133.76,1
8.159,2.3086,-0.0252,3.0000,0.3168,-2.1797,0.0884,-2.04,-4.44,19.02,127.68,132.33,1
8.173,3.1484,0.2287,-1.5586,0.1668,-6.4609,-0.4355,-2.04,-4.47,19.02,130.46,133.89,1
8.190,4.4609,0.0836,-2.8594,0.0769,-5.6289,-0.0237,-2.04,-4.58,19.02,130.29,134.50,1
8.201,-6.5664,-0.4484,2.6172,0.2801,9.1523,0.7104,-2.05,-4.63,20.19,133.71,133.71,1
8.220,-5.8594,-0.1382,1.7734,0.3321,8.9687,0.2133,-2.07,-4.78,20.19,129.40,137.42,1
8.230,9.7305,0.6513,0.3594,0.3343,-12.5625,-0.8087,-2.09,-4.84,20.19,130.75,139.78,1
8.243,-10.0273,-0.2030,-0.7461,0.2478,13.6016,0.3441,-2.11,-4.90,20.19,133.83,135.63,1
8.261,-8.0273,-0.4469,-0.0547,0.2491,12.1875,0.7309,-2.15,-4.97,20.19,131.35,140.37,1
8.272,9.1719,0.3226,-0.5078,0.1885,-12.0234,-0.2894,-2.19,-5.00,20.19,131.22,139.00,1
8.291,-3.5469,-0.3732,1.8047,0.2191,4.1406,0.4983,-2.24,-5.08,20.19,133.42,137.91,1
8.300,-12.0430,-1.3068,1.3789,0.3119,16.1680,1.7518,-2.26,-5.11,20.19,134.05,141.14,1
8.313,9.5234,-0.4404,-1.7188,0.1495,-11.0352,0.7289,-2.29,-5.13,20.19,136.30,143.35,1
8.330,-7.1289,-1.0230,-0.1406,0.0204,11.2578,1.4158,-2.34,-5.20,20.19,138.66,141.38,1
8.341,-11.0312,-1.8236,3.2305,0.2772,15.2812,2.5250,-2.36,-5.26,20.19,136.71,143.25,1
8.355,6.4062,-1.1652,-1.6641,0.1219,-4.2266,1.9849,-2.39,-5.32,20.19,136.37,144.65,1
8.370,11.0117,0.1356,-0.6211,-0.0914,-16.7500,-0.0895,-2.44,-5.40,20.19,138.37,142.78,1
8.383,-8.5937,-0.5627,4.0977,0.2437,11.1680,0.8111,-2.46,-5.45,20.19,139.12,144.11,1
8.400,6.6211,0.0016,-1.9531,-0.1164,-9.5117,0.2967,-2.50,-5.51,21.09,139.86,144.59,1
8.411,10.2148,0.8187,-1.2969,-0.2109,-16.2617,-1.0280,-2.53,-5.50,21.09,138.08,144.24,1
8.431,-3.5352,-0.0870,-3.4648,-0.1733,7.8398,0.2830,-2.57,-5.51,21.09,140.25,143.39,1
8.439,-11.0469,-0.9638,1.6406,-0.0282,14.9961,1.4600,-2.59,-5.51,21.09,137.27,145.50,1
8.453,8.1758,-0.2326,-0.6992,-0.0819,-13.6953,0.2476,-2.62,-5.49,21.09,140.27,143.64,1
8.471,-6.3047,-0.8154,-4.6445,-0.2020,10.7383,1.1879,-2.67,-5.52,21.09,139.88,147.67,1
8.481,-12.2773,-1.7323,2.1914,-0.0105,16.3672,2.4023,-2.69,-5.53,21.09,143.80,144.61,1
8.500,-1.1992,-0.8216,4.1836,0.3011,0.5000,0.9768,-2.74,-5.58,21.09,142.63,145.60,1
8.510,13.2578,0.3048,-0.7891,0.2139,-16.8516,-0.4495,-2.75,-5.66,21.09,141.34,149.93,1
8.523,-12.5156,-0.7209,1.1172,0.2861,18.1602,1.0393,-2.77,-5.70,21.09,141.80,145.35,1
8.540,-8.8750,-0.7779,-4.1133,-0.0745,14.4375,1.2201,-2.81,-5.74,21.09,140.31,146.82,1
8.551,13.2344,0.3431,-0.6680,-0.1220,-16.1719,-0.1712,-2.82,-5.79,21.09,142.13,149.52,1
8.565,-13.8867,-0.7953,1.1328,-0.0216,19.9141,1.4356,-2.82,-5.84,21.09,141.70,147.30,1
8.579,-7.6211,-0.4847,-2.6953,-0.0603,15.3086,1.5514,-2.84,-5.95,21.09,139.68,147.82,1
8.593,13.0977,0.6018,0.5977,-0.0076,-14.1875,0.2923,-2.85,-5.92,22.37,142.17,148.30,1
8.610,6.2148,0.0803,-0.9570,-0.1118,-8.8320,0.9637,-2.86,-6.04,22.37,139.63,146.33,1
8.621,-7.8437,-0.5537,0.0781,-0.0966,12.7734,1.9085,-2.88,-6.08,22.37,139.63,145.79,1
8.640,-6.4336,0.4237,-0.6875,-0.1649,7.8164,0.4369,-2.90,-6.25,22.37,141.14,145.12,1
8.650,10.5000,1.2298,-3.4375,-0.4267,-16.4688,-0.9156,-2.92,-6.32,22.37,144.36,144.40,1
8.663,-12.0195,0.1699,-0.1445,-0.4042,15.5937,0.4052,-2.93,-6.44,22.37,143.10,152.56,1
8.680,-7.1836,0.0863,-1.0938,-0.4454,13.3789,0.9883,-2.93,-6.60,22.37,141.08,150.13,1
8.691,10.7812,0.9419,1.1719,-0.3160,-13.1367,-0.1417,-2.94,-6.65,22.37,141.74,149.41,1
8.710,2.4258,0.5324,1.2891,-0.1063,0.3086,0.6494,-2.95,-6.69,22.37,143.16,150.74,1
8.720,4.4453,0.8455,2.1016,0.0704,-3.8281,0.2912,-2.97,-6.70,22.37,141.44,149.48,1
8.733,0.3867,0.8088,1.0664,0.1500,1.1836,0.3626,-3.00,-6.74,22.37,141.34,149.05,1
8.750,0.9219,0.8601,-4.1758,-0.1455,2.6680,0.4884,-3.03,-6.81,22.37,141.08,150.72,1
8.761,0.7227,0.8491,0.6914,-0.0786,2.1719,0.6231,-3.04,-6.83,22.37,141.44,150.26,1
8.781,-1.2617,1.2292,0.0391,-0.1508,4.3555,0.2603,-3.04,-6.93,22.37,141.26,149.72,1
8.791,1.3828,1.2415,-1.3008,-0.2428,0.5234,0.2813,-3.05,-6.99,23.45,141.36,152.49,1
8.803,5.4805,1.5806,0.4687,-0.1859,-2.6094,0.0501,-3.06,-7.06,23.45,141.44,152.00,1
8.820,-3.3125,1.0340,-0.4414,-0.0791,7.6094,0.8110,-3.08,-7.20,23.45,142.57,150.31,1
8.831,-1.3984,0.8394,-0.0664,-0.0781,4.0859,1.0730,-3.09,-7.26,23.45,143.20,150.63,1
8.845,0.4766,0.8104,-0.0586,-0.0765,-2.0039,0.8268,-3.12,-7.24,23.45,141.02,150.78,1
8.860,5.8320,1.2356,-1.1563,-0.1334,-6.1875,0.1419,-3.14,-7.30,23.45,143.02,151.75,1
8.873,-6.6250,0.6067,-2.9648,-0.3599,7.9766,0.7686,-3.14,-7.26,23.45,146.54,150.11,1
8.890,1.9492,0.7678,-0.3594,-0.2187,-0.4102,0.6043,-3.15,-7.23,23.45,143.12,150.63,1
8.901,-3.0781,0.4601,-0.1211,-0.2109,3.0273,0.7981,-3.16,-7.19,23.45,144.05,151.08,1
8.920,-4.9141,0.5791,-2.1797,-0.4264,3.6406,0.1267,-3.19,-7.24,23.45,149.10,151.63,1
8.930,0.2539,0.5531,-1.9219,-0.5461,-3.5234,-0.1653,-3.19,-7.31,23.45,148.10,151.88,1
8.943,-0.9453,0.4332,1.7188,-0.3649,2.0703,0.0135,-3.20,-7.42,23.45,146.89,156.30,1
8.960,-2.7773,-0.0522,-0.7344,-0.4691,2.3086,0.4477,-3.19,-7.50,23.45,148.57,156.37,1
8.971,-0.9375,-0.1230,1.2266,-0.3334,1.9570,0.5684,-3.20,-7.52,23.45,150.63,154.25,1
8.990,0.1953,-0.0425,-0.8789,-0.3468,-2.4883,0.1921,-3.21,-7.47,23.45,146.50,153.49,1
9.001,-1.3750,-0.1491,0.0039,-0.3187,5.3555,0.6052,-3.19,-7.43,24.67,145.05,153.37,1
9.013,5.5039,0.3032,-1.6836,-0.4279,-5.1758,0.1427,-3.19,-7.36,24.67,147.34,151.93,1
9.030,3.0586,0.4288,-3.1016,-0.8469,-5.2227,-0.2108,-3.16,-7.23,24.67,149.66,150.06,1
9.041,5.8477,0.8623,1.6406,-0.6479,-6.1445,-0.6855,-3.14,-7.21,24.67,148.06,152.98,1
9.055,-0.9805,0.7149,1.4883,-0.4770,2.3906,-0.4394,-3.10,-7.19,24.67,149.77,151.15,1
9.070,0.1719,1.0403,1.8633,-0.2895,1.9766,-0.7963,-3.06,-7.22,24.67,148.32,154.63,1
9.083,4.2383,1.2962,-0.7812,-0.3288,-3.8828,-1.0432,-3.05,-7.25,24.67,148.04,154.39,1
9.101,-0.1367,0.9950,-0.0273,-0.2848,1.5859,-0.6359,-2.99,-7.27,24.67,147.71,153.59,1
9.111,4.2305,1.2538,0.0859,-0.2552,-4.0742,-0.9110,-2.96,-7.29,24.67,148.79,152.98,1
9.130,3.2344,1.0423,2.0312,-0.0224,-1.7461,-0.3337,-2.90,-7.31,24.67,147.80,157.75,1
9.141,3.5352,1.2417,1.2656,0.0806,-6.0742,-0.7930,-2.87,-7.32,24.67,149.99,155.69,1
9.153,0.2383,1.1614,1.2109,0.1711,-1.4023,-0.8417,-2.84,-7.35,24.67,149.84,159.18,1
9.170,0.3398,1.5930,2.7734,0.3736,0.0312,-1.4778,-2.78,-7.54,24.67,150.33,160.38,1
9.181,1.7734,1.6074,-1.7852,0.2009,-3.8750,-1.6696,-2.77,-7.65,24.67,148.68,160.46,1
9.200,-1.0391,1.2262,-0.5352,0.2773,3.6797,-0.9446,-2.70,-7.84,24.59,149.68,158.28,1
9.210,-2.7930,0.9047,-1.0039,0.1748,5.6719,-0.4152,-2.68,-7.91,24.59,149.48,161.03,1
9.223,-0.9453,0.7567,3.9766,0.4789,4.1758,-0.0480,-2.64,-7.96,24.59,151.52,156.49,1
9.240,2.5000,0.9230,0.2539,0.3765,0.4297,-0.0821,-2.59,-8.01,24.59,150.40,158.45,1
9.251,4.9531,1.2454,-0.3672,0.3170,-3.5625,-0.3605,-2.55,-8.04,24.59,150.85,157.38,1
9.265,-1.7500,1.0058,-3.0937,0.0442,3.7930,-0.0283,-2.53,-8.03,24.59,155.23,160.00,1
9.280,-0.4883,0.8665,-1.4883,0.0232,2.5312,0.3902,-2.46,-8.06,24.59,150.33,157.73,1
9.293,-0.8789,0.7269,0.3359,0.0483,3.6406,0.6502,-2.41,-8.07,24.59,153.40,160.77,1
9.311,0.1172,0.8081,0.6719,0.0095,1.8789,0.6414,-2.36,-8.10,24.59,152.39,160.49,1
9.322,2.8750,0.9734,1.5547,0.1331,-1.9141,0.4370,-2.33,-8.11,24.59,153.73,157.53,1
9.335,0.3789,0.9258,-1.1719,0.0287,0.5391,0.4452,-2.30,-8.14,24.59,152.46,157.80,1
9.350,2.6523,0.9875,0.3437,0.0412,-0.7656,0.5073,-2.23,-8.20,24.59,153.47,157.04,1
9.363,-1.0703,0.8229,-0.8438,-0.0296,3.9844,0.7855,-2.21,-8.22,24.59,152.07,160.21,1
9.380,0.4180,0.8429,0.9492,0.1411,-0.4258,0.5597,-2.15,-8.18,24.59,149.88,160.82,1
9.391,-1.8516,0.6273,-0.0156,0.1286,2.6367,0.7259,-2.11,-8.15,25.52,153.35,158.78,1
9.410,-2.3281,0.7153,-2.4062,0.0725,3.2891,0.4710,-2.04,-8.10,25.52,151.08,161.37,1
9.421,-1.3672,0.5487,-1.2578,-0.0340,1.0586,0.5180,-2.01,-8.06,25.52,150.78,161.21,1
9.433,1.2266,0.6029,0.3906,0.0000,0.3711,0.5063,-1.99,-8.05,25.52,150.85,158.50,1
9.450,-3.7461,0.0798,-2.9219,-0.1357,4.3516,1.0687,-1.92,-7.93,25.52,152.39,158.43,1
9.461,3.9922,0.3928,3.5078,0.1558,-4.4648,0.6260,-1.88,-7.89,25.52,155.01,161.24,1
9.475,-1.6523,0.2292,-2.2695,-0.0383,-0.1758,0.5619,-1.86,-7.84,25.52,154.75,160.13,1
9.490,5.8086,0.8464,0.8164,0.1439,-6.9648,-0.2472,-1.81,-7.78,25.52,153.42,160.41,1
9.503,-4.2422,0.4393,-0.2930,0.1090,6.2148,0.2698,-1.79,-7.74,25.52,156.59,325.63,1
9.520,0.1523,0.6152,1.3086,0.3185,2.3437,0.2445,-1.76,-7.72,25.52,154.34,161.92,1
9.531,0.0391,0.5691,0.1875,0.3080,2.9961,0.4646,-1.75,-7.71,25.52,156.01,161.81,1
9.550,-1.9688,0.7043,-1.6875,0.1148,2.3008,0.1972,-1.73,-7.67,25.52,154.80,158.48,1
9.561,3.5859,0.9348,-1.5352,-0.0172,-6.3594,-0.3273,-1.72,-7.65,25.52,158.08,163.85,1
9.573,1.4336,0.9747,0.6484,0.0361,-1.2617,-0.4021,-1.71,-7.67,25.52,153.66,161.47,1
9.590,-3.6250,0.4234,-0.9297,-0.0752,4.3281,0.2265,-1.69,-7.67,25.82,153.85,162.36,1
9.601,0.8984,0.4614,1.6758,0.0649,1.2656,0.3096,-1.68,-7.69,25.82,155.81,161.34,1
9.615,0.8516,0.4926,-1.2344,-0.0391,-0.8438,0.2173,-1.68,-7.66,25.82,154.89,163.91,1
9.630,4.2539,0.9749,-0.7070,-0.1382,-3.9062,-0.2160,-1.67,-7.63,25.82,153.92,164.28,1
9.643,-1.8867,0.7460,-0.5469,-0.1709,4.4844,0.1601,-1.67,-7.61,25.82,157.46,161.52,1
9.660,5.0703,1.0054,-0.2695,-0.1107,-4.7187,-0.0255,-1.68,-7.55,25.82,156.40,161.58,1
9.671,-1.7461,0.7853,0.2187,-0.0844,3.9023,0.2887,-1.67,-7.55,25.82,153.37,164.80,1
9.685,5.5703,1.1681,-0.0859,-0.0845,-6.1367,-0.2253,-1.67,-7.57,25.82,156.47,161.08,1
9.700,3.0430,1.0895,0.9180,-0.0717,-4.3359,-0.2955,-1.68,-7.58,25.82,158.00,162.02,1
9.713,1.8906,1.1536,-0.2695,-0.0875,-0.1992,-0.2878,-1.70,-7.61,25.82,154.63,165.45,1
9.730,-2.3203,0.6249,-1.0352,-0.1261,4.7812,0.5247,-1.71,-7.60,25.82,154.99,163.67,1
9.741,0.0469,0.5787,1.2617,-0.0151,3.0977,0.7306,-1.72,-7.60,25.82,156.84,162.10,1
9.760,1.8750,0.8879,-1.5273,-0.1488,1.5625,0.5228,-1.74,-7.55,25.82,155.18,163.11,1
9.769,6.1875,1.3119,-1.0586,-0.2215,-7.2461,-0.0987,-1.74,-7.51,25.82,155.45,162.95,1
9.783,-1.0195,1.1253,-0.3789,-0.2341,2.2852,0.0920,-1.75,-7.49,26.32,159.52,165.10,1
9.800,2.8477,1.3140,-1.2891,-0.2447,-0.3594,0.0227,-1.78,-7.48,26.32,158.18,163.00,1
9.811,-2.4062,1.0164,1.1250,-0.1351,4.4687,0.3784,-1.79,-7.47,26.32,155.18,163.27,1
9.825,4.4023,1.2872,-1.3281,-0.2305,-4.4961,-0.0116,-1.80,-7.46,26.32,157.95,165.40,1
9.840,3.5078,1.3897,0.3281,-0.2011,-3.6914,-0.1315,-1.84,-7.42,26.32,158.65,165.59,1
9.853,2.7422,1.4979,-1.8086,-0.3297,-0.9727,-0.1988,-1.87,-7.42,26.32,155.62,162.92,1
9.870,-2.7383,0.9315,-1.9180,-0.3626,4.8789,0.4889,-1.88,-7.43,26.32,155.50,163.51,1
9.881,2.1289,1.0273,0.7266,-0.2755,0.0547,0.4541,-1.88,-7.45,26.32,156.01,166.67,1
9.901,0.4805,1.1715,-0.2617,-0.2035,3.2344,0.4074,-1.91,-7.46,26.32,154.15,166.47,1
9.910,5.1094,1.4866,0.3047,-0.1628,-4.8125,-0.0102,-1.92,-7.45,26.32,154.75,165.73,1
9.923,-4.1797,1.0333,-1.7188,-0.2873,7.9844,0.6294,-1.93,-7.41,26.32,158.60,162.44,1
9.940,2.5469,1.1683,-1.1797,-0.2237,-0.5977,0.5875,-1.96,-7.34,26.32,157.75,162.68,1
9.951,-0.7852,1.0120,0.8164,-0.1405,2.8125,0.7655,-1.96,-7.32,26.32,154.32,165.34,1
9.965,5.9180,1.4045,-0.3320,-0.1558,-6.0000,0.2243,-1.97,-7.34,26.32,158.00,162.89,1
9.980,3.8437,1.2608,0.1445,-0.1813,-5.1641,0.2002,-2.01,-7.33,26.32,159.29,162.65,1
9.993,1.5898,1.2871,-1.0820,-0.2533,1.3477,0.2920,-2.03,-7.36,27.00,156.96,166.44,1
10.011,-1.4414,0.9272,-0.1602,-0.1968,3.1484,0.7816,-2.05,-7.36,27.00,155.98,166.47,1
10.021,-0.4453,0.8174,0.6406,-0.1298,2.1914,0.8944,-2.05,-7.38,27.00,156.94,164.18,1
10.035,2.3047,0.9364,0.1523,-0.1072,-2.8281,0.5966,-2.07,-7.35,27.00,155.86,163.69,1
10.050,5.9648,1.3204,-0.7305,-0.2196,-6.3594,0.1598,-2.09,-7.29,27.00,155.88,163.21,1
10.063,-3.4297,0.9404,-1.5273,-0.3242,6.6289,0.6773,-2.10,-7.25,27.00,158.45,165.37,1
10.080,1.6914,1.1661,-0.3398,-0.2249,0.7266,0.4785,-2.12,-7.24,27.00,158.00,166.28,1
10.091,-0.2656,1.0516,0.5820,-0.1603,2.3359,0.6271,-2.12,-7.23,27.00,155.33,163.85,1
10.110,-2.6016,1.1560,-0.0625,-0.1706,4.9258,0.3349,-2.14,-7.25,27.00,157.53,164.37,1
10.120,1.6836,1.1982,-0.1289,-0.1672,-1.8477,0.1603,-2.16,-7.23,27.00,157.16,165.86,1
10.133,3.2539,1.3627,-0.1289,-0.1642,-0.2852,0.1246,-2.18,-7.25,27.00,154.56,163.43,1
10.150,-2.2031,0.8549,0.4062,-0.0202,6.0000,0.9480,-2.20,-7.22,27.00,156.74,162.97,1
10.161,1.4375,0.9015,-0.0859,-0.0255,1.0586,0.9569,-2.21,-7.21,27.00,154.23,164.69,1
10.175,2.8750,1.0594,0.3828,0.0072,-1.6719,0.7466,-2.22,-7.16,27.00,153.70,164.80,1
10.190,6.7305,1.6125,0.1133,-0.0699,-7.8008,0.0314,-2.25,-7.10,26.93,154.51,164.72,1
10.203,-1.1250,1.3935,0.0078,-0.0637,3.7695,0.3305,-2.27,-7.07,26.93,157.93,161.34,1
10.220,2.4687,1.5158,-1.0273,-0.1272,-1.9375,0.1118,-2.31,-7.06,26.93,155.11,162.95,1
10.231,-1.9141,1.2414,1.4648,0.0002,3.7305,0.4013,-2.33,-7.06,26.93,155.06,164.72,1
10.245,6.5625,1.6671,-0.5508,-0.0439,-7.3867,-0.2218,-2.34,-7.10,26.93,157.90,165.73,1
10.261,1.9961,1.2838,0.0625,-0.1066,-3.3711,0.0112,-2.39,-7.10,26.93,158.48,163.03,1
10.273,-0.6094,1.1324,-0.1602,-0.1109,3.0703,0.2560,-2.41,-7.13,26.93,155.71,165.81,1
10.290,-5.0234,0.4574,-0.2383,-0.0460,7.3633,1.0403,-2.46,-7.10,26.93,158.10,166.67,1
10.301,4.8906,0.8120,0.0391,-0.0392,-5.4687,0.5196,-2.48,-7.10,26.93,156.30,162.60,1
10.315,-0.0977,0.7393,0.2305,-0.0176,-0.8906,0.4068,-2.51,-7.08,26.93,155.23,164.31,1
10.331,4.5742,0.9310,-1.0195,-0.0361,-3.9844,0.2932,-2.56,-7.07,26.93,155.28,164.07,1
10.343,-3.3320,0.5899,-0.4727,-0.0710,6.8477,0.8176,-2.59,-7.05,26.93,154.58,164.34,1
10.360,1.8320,0.8152,-1.4922,-0.1608,1.0625,0.6692,-2.63,-7.00,26.93,153.89,164.31,1
10.371,-0.9727,0.6722,1.2969,-0.0442,3.7383,0.9147,-2.65,-6.96,26.93,155.71,164.47,1
10.390,-1.0703,0.8873,-0.8125,-0.1446,3.1250,0.6030,-2.69,-6.89,27.48,155.88,163.80,1
10.400,2.9414,1.0516,-0.8320,-0.1996,-3.0039,0.3145,-2.71,-6.86,27.48,156.01,163.75,1
10.413,2.0625,1.1325,-1.1406,-0.2749,1.2773,0.3915,-2.73,-6.87,27.48,156.13,161.16,1
10.431,-4.0898,0.4945,-0.7578,-0.1657,5.3008,1.0921,-2.76,-6.77,27.48,156.79,161.79,1
10.441,1.3789,0.5652,0.7461,-0.0927,-1.5547,0.8803,-2.76,-6.73,27.48,153.89,160.75,1
10.455,2.3984,0.7119,0.5156,-0.0441,-3.6406,0.5187,-2.77,-6.67,27.48,153.00,164.28,1
10.471,6.2500,0.9881,-0.6641,0.0045,-8.0078,0.0131,-2.79,-6.57,27.48,154.68,163.69,1
10.483,-4.8437,0.5216,-1.1992,-0.0918,6.7031,0.5483,-2.81,-6.52,27.48,155.47,163.83,1
10.500,-0.1836,0.6732,-0.5430,-0.0913,0.9883,0.2499,-2.81,-6.44,27.48,155.21,164.53,1
10.512,0.8047,0.6837,0.7539,-0.0237,-0.4297,0.1956,-2.80,-6.40,27.48,158.76,162.55,1
10.530,-2.4922,0.8163,-0.8555,-0.0611,4.1289,-0.0743,-2.79,-6.39,27.48,158.55,162.13,1
10.540,1.1328,0.8416,-0.2070,-0.0728,-1.9609,-0.2252,-2.79,-6.35,27.48,155.76,162.26,1
10.553,0.2148,0.7915,-0.6641,-0.1201,1.0625,-0.1222,-2.80,-6.33,27.48,157.75,165.59,1
10.570,-3.0586,0.4149,-0.4062,-0.0195,6.3867,0.5619,-2.78,-6.25,27.48,157.85,165.45,1
10.581,2.3437,0.5692,0.5156,0.0234,-0.9375,0.4419,-2.75,-6.22,27.08,157.41,165.67,1
10.595,0.9844,0.6024,-0.2891,-0.0016,-0.7539,0.3463,-2.74,-6.16,27.08,154.32,163.24,1
10.611,6.8320,1.1904,-0.1055,-0.0909,-8.2617,-0.3161,-2.71,-6.05,27.08,157.73,162.10,1
10.623,-2.3711,0.9055,-0.1055,-0.0921,3.4609,-0.0139,-2.70,-6.00,27.08,155.40,162.52,1
10.640,4.6641,1.3756,-0.1133,0.0145,-4.7383,-0.6548,-2.66,-5.96,27.08,155.38,162.52,1
10.651,-1.5430,1.1421,0.8438,0.0808,2.5430,-0.3990,-2.63,-5.96,27.08,154.94,165.78,1
10.671,-3.1836,1.1171,0.7969,0.1649,4.8008,-0.4996,-2.60,-6.03,27.08,157.16,165.32,1
10.680,1.7969,1.1714,0.4844,0.1905,-2.0937,-0.6271,-2.58,-6.03,27.08,155.06,165.32,1
10.693,0.3047,1.1021,0.1758,0.1893,1.8906,-0.4257,-2.57,-6.05,27.08,157.06,162.05,1
10.711,-3.3828,0.3434,-0.1680,0.2331,5.7227,0.6314,-2.55,-6.00,27.08,157.08,162.87,1
10.721,1.2383,0.4149,1.3203,0.3200,-1.3359,0.4740,-2.52,-5.97,27.08,157.95,161.50,1
10.735,2.8789,0.6121,-0.0234,0.2926,-4.6602,0.0633,-2.51,-5.91,27.08,155.47,165.34,1
10.750,7.2383,1.0997,-0.1055,0.2961,-8.3437,-0.4302,-2.47,-5.87,27.08,157.95,162.21,1
10.763,-2.6836,0.7970,-0.5664,0.2271,5.2148,0.0214,-2.47,-5.87,27.08,156.37,165.07,1
10.781,1.1055,0.9574,0.2305,0.2641,1.1172,-0.0162,-2.44,-5.92,27.08,154.92,167.06,1
10.791,-0.3477,0.8530,0.9961,0.3227,2.1797,0.1595,-2.42,-5.92,27.08,155.52,162.36,1
10.805,6.3945,1.2963,0.5273,0.3391,-6.4687,-0.3708,-2.41,-5.96,27.08,159.01,164.20,1
10.820,1.7969,0.8974,-0.1211,0.2287,-2.3008,0.0771,-2.40,-5.98,27.08,155.74,163.56,1
10.833,-0.2344,0.8069,-0.7344,0.1517,2.7187,0.2885,-2.40,-5.99,27.08,157.28,165.98,1
10.851,-3.9258,0.2869,-0.7031,0.1420,6.2812,0.9890,-2.39,-5.92,27.08,157.90,165.23,1
10.861,2.2031,0.4402,0.9023,0.2028,-2.8359,0.6830,-2.37,-5.90,27.08,155.45,162.36,1
10.875,1.8867,0.5559,0.7500,0.2466,-2.9961,0.3887,-2.37,-5.87,27.08,157.18,163.93,1
10.890,8.1719,1.0794,-0.2852,0.3567,-10.6211,-0.4086,-2.37,-5.87,27.08,157.78,165.59,1
10.903,-4.2500,0.6531,0.5977,0.3760,6.1562,0.1166,-2.39,-5.89,27.08,155.50,162.00,1
10.921,-1.9727,0.3731,-1.1953,0.2643,6.3867,0.6850,-2.43,-5.92,27.08,153.52,163.40,1
10.931,-1.4922,0.2239,1.9844,0.4019,4.0820,0.9567,-2.44,-5.90,27.08,156.54,161.73,1
10.945,6.2852,0.7088,0.0391,0.3729,-6.8359,0.3333,-2.45,-5.88,27.08,153.26,163.75,1
10.960,2.3164,0.4552,0.4609,0.2814,-3.0820,0.5643,-2.50,-5.82,27.08,153.47,164.42,1
10.973,1.5117,0.5397,-1.2539,0.1586,1.1328,0.6098,-2.52,-5.79,27.08,156.81,160.03,1
10.991,-4.0586,0.1103,-1.4766,0.0449,7.7109,1.3374,-2.55,-5.71,27.13,157.08,161.16,1
11.001,2.4844,0.3002,0.3906,0.0725,-2.5547,1.0260,-2.57,-5.68,27.13,158.91,162.36,1
11.015,3.3945,0.5477,-0.7500,0.0067,-5.6172,0.4946,-2.60,-5.64,27.13,158.00,166.50,1
11.031,5.7812,0.7510,0.2852,0.0636,-7.4648,0.1043,-2.62,-5.71,27.13,159.06,162.97,1
11.043,-7.4375,0.0959,-1.6602,-0.0743,10.4687,0.9335,-2.65,-5.72,27.13,155.84,167.17,1
11.061,-3.4609,-0.1086,-0.1992,-0.0256,4.6016,1.0541,-2.70,-5.71,27.13,155.96,165.40,1
11.071,1.2578,0.0008,0.6445,0.0280,-0.8086,0.9051,-2.71,-5.70,27.13,156.13,163.53,1
11.085,4.5937,0.3682,-0.1133,0.0167,-5.7109,0.3758,-2.73,-5.70,27.13,155.38,164.26,1
11.100,0.5547,0.6573,-0.9180,0.0309,-2.0391,-0.2513,-2.77,-5.65,27.13,157.08,163.03,1
11.113,0.3242,0.6307,-0.4141,-0.0047,0.1445,-0.2196,-2.78,-5.65,27.13,158.45,166.33,1
11.130,-3.7812,0.1565,-0.5273,-0.0398,5.2695,0.3645,-2.81,-5.58,27.13,157.31,165.84,1
11.141,3.1875,0.3990,1.3516,0.0715,-4.4219,-0.0184,-2.81,-5.58,27.13,155.59,163.03,1
11.155,1.3125,0.4721,-0.1367,0.0548,-1.3594,-0.1257,-2.82,-5.59,27.13,156.42,163.29,1
11.170,5.6406,0.7077,0.0937,0.1114,-5.9258,-0.2576,-2.83,-5.48,27.13,156.64,165.29,1
11.183,-6.3867,0.1401,0.0937,0.1100,10.6992,0.6190,-2.85,-5.43,27.13,155.04,161.81,1
11.201,-2.0742,0.1953,-0.6250,0.1598,3.6836,0.6645,-2.87,-5.29,27.19,153.44,162.39,1
11.211,1.0586,0.2644,-0.2812,0.1245,-1.2969,0.5076,-2.87,-5.20,27.19,157.75,162.21,1
11.225,6.1523,0.7354,-0.7031,0.0583,-9.7656,-0.3143,-2.87,-5.14,27.19,154.73,165.23,1
11.240,1.6250,0.6556,-0.4336,-0.1193,-2.7148,-0.3024,-2.86,-5.07,27.19,155.33,165.45,1
11.253,-0.5586,0.5584,-0.0586,-0.1144,0.9922,-0.1988,-2.86,-5.05,27.19,158.50,162.73,1
11.270,-4.5703,0.0576,-0.2148,-0.1270,6.5078,0.3831,-2.86,-4.98,27.19,157.63,162.36,1
11.281,4.1914,0.3883,1.2031,-0.0206,-4.6406,-0.0188,-2.85,-4.95,27.19,159.13,162.84,1
11.301,-0.6719,0.2395,-0.3359,-0.0368,1.6758,0.1794,-2.83,-4.90,27.19,158.30,165.95,1
11.311,3.3125,0.4854,0.1992,-0.0179,-4.3789,-0.1853,-2.81,-4.89,27.19,157.85,163.08,1
11.323,-2.5898,0.2394,-0.6055,-0.0649,5.0820,0.2361,-2.79,-4.87,27.19,155.88,165.59,1
11.341,-0.1445,0.3874,-1.3008,-0.1053,0.4727,0.1037,-2.76,-4.84,27.19,155.21,165.67,1
11.351,0.0859,0.3633,1.1523,-0.0047,0.0117,0.0963,-2.75,-4.80,27.19,156.67,163.03,1
11.365,5.3398,0.7614,0.0391,-0.0012,-7.2656,-0.4926,-2.73,-4.78,27.19,156.10,163.08,1
11.380,2.4609,1.0400,-1.0039,0.0055,-2.2031,-0.8094,-2.70,-4.77,27.19,155.71,163.96,1
11.393,-3.1641,0.7037,0.4844,0.0438,4.8008,-0.3606,-2.68,-4.77,27.19,155.04,166.14,1
11.410,-4.3516,0.2403,-0.1680,0.0225,7.6250,0.2858,-2.65,-4.74,26.74,156.94,165.86,1
11.421,3.2734,0.4829,1.2031,0.1170,-3.7500,-0.0370,-2.63,-4.72,26.74,157.18,166.39,1
11.435,-0.8242,0.3783,-0.5195,0.0660,1.5352,0.0887,-2.62,-4.70,26.74,156.59,163.19,1
11.451,3.7539,0.7841,0.7734,0.1014,-4.7070,-0.5832,-2.57,-4.65,26.74,157.78,164.85,1
11.463,-1.0625,0.6364,-0.5664,0.0480,2.3398,-0.3494,-2.56,-4.66,26.74,154.92,161.68,1
11.480,-0.2500,0.7625,-0.5664,0.0692,2.1406,-0.4689,-2.54,-4.69,26.74,157.75,162.60,1
11.492,-1.4375,0.5865,1.0742,0.1496,2.7930,-0.2079,-2.52,-4.68,26.74,155.74,165.43,1
11.510,2.5469,1.0397,1.0742,0.3422,-4.2187,-0.8691,-2.50,-4.65,26.74,155.91,167.50,1
11.520,-0.8789,0.8862,-0.9883,0.2358,1.2969,-0.6958,-2.51,-4.59,26.74,155.71,167.14,1
11.533,-2.2187,0.6378,0.1836,0.2316,2.1406,-0.4689,-2.51,-4.56,26.74,155.57,163.67,1
11.551,-2.5820,0.3554,-1.1094,0.0869,4.1719,-0.1057,-2.50,-4.47,26.74,158.81,162.95,1
11.561,3.7031,0.6232,-0.0078,0.0793,-6.1406,-0.5885,-2.50,-4.43,26.74,156.35,165.37,1
11.580,1.6641,0.7187,-0.3516,0.0191,-1.7734,-0.7558,-2.49,-4.43,26.74,158.38,166.09,1
11.590,2.6680,0.8746,1.1406,0.1089,-2.8477,-0.9232,-2.48,-4.43,26.74,158.53,163.67,1
11.603,-2.3125,0.6197,-0.8867,0.0292,3.1367,-0.5984,-2.49,-4.42,27.32,158.25,164.96,1
11.621,1.2813,0.8256,0.6133,0.1839,-0.9688,-0.9738,-2.49,-4.38,27.32,158.10,165.54,1
11.631,0.1602,0.7724,-1.0781,0.0829,0.6094,-0.8472,-2.49,-4.36,27.32,154.85,162.68,1
11.650,0.3086,0.8567,0.5273,0.2527,0.1484,-0.8156,-2.49,-4.33,27.32,155.09,162.07,1
11.661,1.2969,0.8919,-1.0430,0.1490,-0.0820,-0.7569,-2.51,-4.27,27.32,154.73,161.29,1
11.673,-2.3906,0.6293,-0.4687,0.0996,4.3633,-0.3473,-2.51,-4.21,27.32,154.04,163.91,1
11.690,-2.3359,0.3803,0.6914,0.1899,2.8672,-0.0591,-2.52,-4.08,27.32,153.82,164.10,1
11.701,2.8633,0.5789,0.2695,0.1963,-5.9805,-0.5328,-2.53,-4.03,27.32,155.33,161.06,1
11.715,2.4062,0.7251,-1.7617,0.0397,-4.1406,-0.8214,-2.55,-4.03,27.32,158.20,163.08,1
11.730,6.1211,1.1106,0.6523,0.0809,-7.3203,-1.3545,-2.56,-4.05,27.32,158.15,165.65,1
11.743,-4.4805,0.6633,-1.0352,-0.0084,6.5937,-0.7186,-2.57,-4.10,27.32,158.81,162.76,1
11.760,-4.7891,0.2065,0.8203,0.2310,8.2773,0.0232,-2.60,-4.09,27.32,157.78,332.56,1
11.771,1.2578,0.2906,-0.8633,0.1435,-1.9102,-0.1315,-2.62,-4.03,27.32,156.57,166.17,1
11.785,3.6602,0.5602,1.0039,0.2123,-5.0547,-0.5253,-2.63,-3.98,27.32,157.55,165.95,1
11.801,0.4375,0.8880,-1.8594,0.0232,-0.8398,-1.1369,-2.64,-3.96,27.02,155.96,167.17,1
11.813,-1.8945,0.6654,-0.4453,-0.0143,3.1836,-0.7912,-2.64,-3.90,27.02,155.86,164.66,1
11.831,-4.1836,0.4649,-0.5117,-0.1703,7.7500,-0.2975,-2.65,-3.86,27.02,156.35,163.99,1
11.841,2.9336,0.6624,1.2813,-0.0542,-4.2422,-0.6131,-2.66,-3.81,27.02,158.40,164.61,1
11.861,2.7812,0.8360,0.1758,-0.1011,-3.8867,-0.8431,-2.67,-3.75,27.02,157.65,165.98,1
11.871,1.7148,0.9063,0.9414,-0.0177,-0.7539,-0.8359,-2.68,-3.72,27.02,158.40,163.13,1
11.883,-1.2656,0.7326,0.6758,0.0378,3.8516,-0.4609,-2.68,-3.70,27.02,157.46,165.95,1
11.900,-2.8594,0.5396,-0.6289,-0.0385,4.2344,-0.2722,-2.69,-3.61,27.02,156.54,165.45,1
11.911,-0.7891,0.4334,-0.3203,-0.0610,1.6289,-0.1201,-2.68,-3.55,27.02,154.73,164.88,1
11.930,1.1797,0.7458,0.6367,0.0660,1.4766,-0.1598,-2.66,-3.40,27.02,150.44,161.60,1
11.940,3.2383,0.9452,0.1016,0.0688,-0.9766,-0.2251,-2.66,-3.30,27.02,151.86,159.31,1
11.953,1.3789,0.9799,-1.5156,-0.0579,1.6758,-0.0730,-2.65,-3.21,27.02,146.05,160.15,1
11.971,3.4453,1.1286,-1.4414,-0.1546,-0.5859,0.1245,-2.63,-2.96,27.02,143.31,159.57,1
11.982,3.0000,1.2783,1.7695,-0.0006,1.0234,0.1964,-2.60,-2.84,27.02,139.43,157.83,1
12.000,1.3516,1.5029,-0.1836,-0.0540,4.3164,0.3945,-2.58,-2.62,27.11,131.08,158.20,1
12.010,3.0977,1.6305,-0.5742,-0.0957,0.1719,0.3767,-2.55,-2.48,27.11,125.34,156.96,1
12.023,5.8555,1.9685,1.7617,0.0529,-4.8086,-0.0381,-2.52,-2.32,27.11,90.08,153.75,1
12.041,4.3906,2.2499,-0.8945,-0.0584,-2.7695,-0.3596,-2.46,-2.05,27.11,90.08,153.33,1
12.052,10.7656,2.9312,-4.5430,-0.4171,-11.5430,-1.2543,-2.45,-1.93,27.11,68.18,152.18,1
12.071,6.7969,3.3401,-3.6797,0.5069,-6.7461,-1.9038,-2.34,-1.83,27.11,68.18,152.39,1
12.081,3.8867,3.3838,-2.9102,0.2335,1.1055,-1.6630,-2.32,-1.85,27.11,68.18,151.22,1
12.093,-5.7617,2.6522,8.8398,0.9220,11.0664,-0.6447,-2.30,-1.71,27.11,68.18,154.11,1
12.111,16.4414,5.6261,0.0898,0.8569,-16.3164,-4.1941,-2.21,-1.70,27.11,68.18,151.01,1
12.122,-3.1172,4.9266,-1.3711,0.6786,11.5039,-2.9383,-2.19,-1.81,27.11,68.18,150.67,1
12.141,10.1602,5.4151,1.2188,1.0813,-6.9844,-3.0471,-2.09,-1.83,27.11,68.18,150.49,1
12.151,2.4062,5.1744,-0.8203,0.9292,2.9766,-2.5652,-2.07,-1.79,27.11,68.18,147.36,1
12.163,9.1797,5.4948,1.9297,1.0092,-6.7539,-2.9003,-2.04,-1.82,27.11,68.18,150.06,1
12.181,5.4102,5.6210,1.0781,0.8703,-1.1836,-2.7582,-1.98,-1.86,27.11,68.18,147.99,1
12.191,1.1094,5.2600,-1.0273,0.7185,3.5352,-2.2548,-1.97,-1.86,27.13,68.18,143.78,1
12.211,3.2461,5.3319,-0.7383,0.5715,2.9766,-2.0438,-1.91,-1.96,27.13,68.18,146.11,1
12.220,3.5859,5.1922,-1.2031,0.4295,1.4063,-1.7678,-1.88,-1.98,27.13,68.18,143.08,1
12.233,3.1484,5.0287,-0.1797,0.3808,0.5352,-1.5835,-1.83,-1.97,27.13,68.18,142.98,1
12.250,0.7656,4.7828,3.1016,0.5624,5.0625,-1.1722,-1.75,-2.05,27.13,68.18,142.98,1
12.261,4.3516,4.7483,2.2500,0.6974,-1.0195,-1.1600,-1.71,-2.06,27.13,68.18,142.23,1
12.280,3.9961,4.8222,0.9766,0.7178,0.5117,-1.2612,-1.65,-2.16,27.13,68.18,141.44,1
12.291,0.5820,4.4830,1.8516,0.8085,4.1211,-0.8306,-1.63,-2.17,27.13,68.18,137.84,1
12.303,6.0898,4.6115,-1.7578,0.6032,-4.6055,-1.1326,-1.61,-2.18,27.13,68.18,137.99,1
12.321,0.7773,4.5562,0.8789,0.3782,2.1758,-1.3181,-1.55,-2.20,27.13,68.18,136.09,1
12.331,5.1016,4.5998,0.6406,0.3992,-3.0664,-1.4580,-1.51,-2.25,27.13,68.18,135.21,1
12.350,2.9453,4.3011,1.8594,0.5473,1.0469,-1.1075,-1.46,-2.31,27.13,68.18,133.56,1
12.361,1.5117,4.0780,3.0000,0.7435,3.2227,-0.7611,-1.44,-2.35,27.13,68.18,131.84,1
12.373,3.2695,4.0133,1.3125,0.7890,0.9336,-0.6255,-1.44,-2.35,27.13,68.18,129.53,1
12.391,2.8164,3.8694,0.8945,0.5767,1.0547,-0.4603,-1.44,-2.31,26.65,68.18,128.16,1
12.401,5.0977,3.9677,-1.0625,0.4455,-1.2813,-0.5260,-1.43,-2.32,26.65,68.18,126.77,1
12.415,2.1016,3.8184,0.1562,0.4224,2.6719,-0.2701,-1.43,-2.32,26.65,68.18,127.49,1
12.431,6.3164,3.9077,-1.1055,0.2213,-5.5156,-0.5632,-1.42,-2.25,26.65,68.18,126.60,1
12.443,3.7031,3.8913,2.2266,0.3818,-1.0039,-0.5985,-1.42,-2.26,26.65,68.18,126.28,1
12.460,5.3633,3.8052,-1.4961,0.2348,-2.4844,-0.5158,-1.43,-2.27,26.65,68.18,121.79,1
12.472,0.7812,3.5633,-0.2578,0.1954,3.6094,-0.1858,-1.45,-2.24,26.65,68.18,120.90,1
12.490,2.0078,3.4698,-0.4805,0.1335,2.0078,0.0016,-1.49,-2.15,26.65,68.18,120.13,1
12.501,3.9062,3.5047,-2.4687,-0.0746,-1.6719,-0.1323,-1.50,-2.11,26.65,68.18,120.71,1
12.513,2.7266,3.4425,-0.5859,-0.1156,-0.3281,-0.1479,-1.52,-2.04,26.65,68.18,119.03,1
12.530,3.8437,3.3193,0.7148,-0.1378,-0.8203,-0.0088,-1.52,-1.99,26.65,68.18,119.06,1
12.541,0.8398,3.1209,-2.0430,-0.2902,2.0977,0.1597,-1.54,-1.96,26.65,0.00,117.25,1
12.555,5.7578,3.3319,1.4141,-0.1539,-4.4141,-0.2062,-1.55,-1.91,26.65,0.00,115.34,1
12.571,4.0430,3.5132,-1.6133,-0.1805,-1.1563,-0.4220,-1.60,-1.88,26.65,0.00,117.22,1
12.583,2.8008,3.4563,0.7227,-0.1083,0.4219,-0.3545,-1.61,-1.85,24.19,0.00,114.84,1
12.600,3.8750,3.4961,-1.1445,-0.3267,0.2773,-0.2948,-1.66,-1.77,24.19,0.00,113.60,1
12.611,3.3125,3.4814,-1.3672,-0.4099,0.6602,-0.2184,-1.68,-1.71,24.19,0.00,110.46,1
12.625,2.5625,3.4079,0.0195,-0.3755,2.1602,-0.0281,-1.69,-1.67,24.19,0.00,109.22,1
12.640,4.6992,3.4502,-2.4609,-0.4992,-2.6289,-0.1398,-1.73,-1.56,24.19,0.00,109.81,1
12.653,3.1523,3.4263,0.9492,-0.3833,-0.3594,-0.1574,-1.74,-1.53,24.19,0.00,108.97,1
12.671,3.0742,3.4079,-2.4844,-0.4838,0.1016,-0.1599,-1.78,-1.48,24.19,0.00,107.16,1
12.681,3.8320,3.4418,1.0703,-0.3595,-0.9648,-0.2243,-1.81,-1.45,24.19,0.00,106.93,1
12.695,3.3203,3.4321,-2.3711,-0.5204,-0.2383,-0.2254,-1.82,-1.44,24.19,0.00,105.97,1
12.711,4.7344,3.3774,0.5117,-0.5536,-1.8750,-0.1128,-1.88,-1.40,24.19,0.00,105.01,1
12.723,0.7656,3.1685,-2.0859,-0.6762,1.9180,0.0497,-1.90,-1.37,24.19,0.00,102.39,1
12.740,5.6016,3.5494,0.7109,-0.5253,-3.6758,-0.5700,-1.94,-1.31,24.19,0.00,101.42,1
12.751,2.1680,3.4389,-1.1211,-0.5729,0.8906,-0.4531,-1.97,-1.29,24.19,0.00,102.62,1
12.765,3.7617,3.4647,0.0352,-0.5243,-0.7969,-0.4806,-2.00,-1.29,24.19,0.00,100.09,1
12.781,5.5664,3.5492,-1.1133,-0.5443,-3.9297,-0.7002,-2.04,-1.27,24.19,0.00,98.09,1
12.793,1.4531,3.3815,0.0430,-0.4973,1.7852,-0.5014,-2.05,-1.27,21.50,0.00,99.72,1
12.810,3.2695,3.2329,0.2422,-0.4151,-0.7422,-0.4346,-2.11,-1.27,21.50,0.00,97.50,1
12.821,1.3008,3.0783,-2.0937,-0.5494,1.3633,-0.2907,-2.13,-1.25,21.50,0.00,95.20,1
12.835,0.6719,2.8858,0.5195,-0.4639,2.1328,-0.0969,-2.15,-1.22,21.50,0.00,97.01,1
12.851,3.8203,2.9451,-1.8867,-0.4659,-2.2266,-0.4326,-2.20,-1.23,21.50,0.00,92.92,1
12.863,2.6250,2.9195,1.0625,-0.3436,0.0000,-0.3980,-2.21,-1.26,21.50,0.00,93.30,1
12.880,2.8008,2.8369,-0.6602,-0.3161,0.1484,-0.2606,-2.24,-1.30,21.50,0.00,93.51,1
12.891,2.0195,2.7715,-0.8516,-0.3589,1.6094,-0.1110,-2.26,-1.31,21.50,0.00,90.60,1
12.910,3.6016,2.8806,1.0703,-0.1952,-0.6094,-0.1369,-2.27,-1.32,21.50,0.00,88.95,1
12.920,3.9336,2.9648,-0.9219,-0.2533,-2.0195,-0.2876,-2.28,-1.30,21.50,0.00,89.73,1
12.933,1.8477,2.8755,0.3125,-0.2080,0.4687,-0.2270,-2.28,-1.29,21.50,0.00,86.93,1
12.950,4.2305,2.8113,0.2734,-0.0924,-2.2422,-0.1447,-2.28,-1.28,21.50,0.00,88.09,1
12.961,2.7969,2.8102,-0.2227,-0.1028,-0.9102,-0.2059,-2.29,-1.26,21.50,0.00,85.59,1
12.975,0.5195,2.6269,0.9961,-0.0149,3.6953,0.1062,-2.30,-1.26,21.50,0.00,83.71,1
12.991,3.0937,2.5054,0.1211,0.0287,-0.7891,0.2507,-2.33,-1.20,19.15,0.00,84.03,1
13.003,1.4258,2.4190,-0.0703,0.0208,1.7891,0.3738,-2.35,-1.17,19.15,0.00,81.19,1
13.020,3.5391,2.4850,0.6289,0.1366,-0.7812,0.3177,-2.39,-1.12,19.15,0.00,82.30,1
13.031,2.2578,2.4668,1.7383,0.2647,0.5312,0.3348,-2.42,-1.10,19.15,0.00,78.81,1
13.045,3.8125,2.5745,-0.6680,0.1901,-2.0820,0.1414,-2.46,-1.09,19.15,0.00,78.41,1
13.061,4.8633,2.7213,0.4219,0.2533,-2.3516,0.0236,-2.51,-1.11,19.15,0.00,78.41,1
13.073,1.1016,2.5918,1.3398,0.3402,1.8320,0.1682,-2.54,-1.11,19.15,0.00,75.84,1
13.090,5.6680,2.7011,0.2695,0.3547,-3.5742,0.0195,-2.60,-1.10,19.15,0.00,76.76,1
13.101,-0.6758,2.4310,0.3906,0.3576,4.4766,0.3760,-2.62,-1.07,19.15,0.00,76.76,1
13.115,3.4883,2.5156,-0.6445,0.2774,-0.8477,0.2781,-2.64,-1.03,19.15,0.00,73.02,1
13.130,3.3750,2.7051,-0.4453,0.0902,-0.8008,0.0017,-2.66,-0.95,19.15,0.00,72.25,1
13.143,2.7070,2.7052,0.8203,0.1486,0.7695,0.0632,-2.67,-0.92,19.15,0.00,71.54,1
13.160,1.7500,2.7463,-0.3594,0.1264,0.5469,-0.0914,-2.68,-0.86,19.15,0.00,68.70,1
13.171,3.2344,2.7853,-0.9805,0.0378,-0.7187,-0.1416,-2.68,-0.86,19.15,0.00,68.70,1
13.185,4.1406,2.8937,-0.3594,0.0060,-2.4883,-0.3293,-2.68,-0.85,16.35,0.00,67.49,1
13.201,1.7852,2.8681,-0.6758,-0.0536,0.4336,-0.4068,-2.68,-0.88,16.35,0.00,67.49,1
13.213,1.8477,2.7864,0.5977,-0.0015,-0.1445,-0.3858,-2.68,-0.89,16.35,0.00,67.54,1
13.230,4.2852,2.6512,0.5586,0.1573,-1.7148,-0.1190,-2.69,-0.91,16.35,0.00,65.46,1
13.241,-0.8281,2.3729,0.6758,0.1988,3.8789,0.2008,-2.71,-0.87,16.35,0.00,65.11,1
13.255,5.5156,2.6243,-0.6211,0.1332,-3.3594,-0.0840,-2.73,-0.84,16.35,0.00,62.40,1
13.271,2.5352,2.7190,-1.2266,0.0028,-0.0977,-0.2186,-2.78,-0.82,16.35,0.00,62.33,1
13.283,3.2539,2.7618,-0.1133,-0.0065,-0.7500,-0.2611,-2.80,-0.82,16.35,0.00,59.60,1
13.301,3.7695,2.8211,-0.5664,-0.1100,-2.5859,-0.4380,-2.84,-0.81,16.35,0.00,59.63,1
13.312,2.4883,2.7945,0.3164,-0.0759,-0.6719,-0.4567,-2.85,-0.81,16.35,0.00,59.63,1
13.325,2.4141,2.7641,-0.0664,-0.0751,-0.3945,-0.4517,-2.87,-0.84,16.35,0.00,57.61,1
13.341,-1.9844,2.5488,-0.1836,-0.1024,5.0820,-0.2106,-2.89,-0.82,16.35,0.00,57.02,1
13.353,3.7812,2.6474,-0.5586,-0.1389,-2.1211,-0.3635,-2.90,-0.81,16.35,0.00,55.18,1
13.370,3.3672,2.5929,0.2461,-0.1307,-2.4258,-0.4264,-2.90,-0.76,16.35,0.00,55.18,1
13.381,-0.5859,2.3386,-0.2539,-0.1405,3.4805,-0.1138,-2.91,-0.75,16.35,0.00,53.69,1
13.395,4.9844,2.5503,-1.0938,-0.2168,-3.6836,-0.3994,-2.91,-0.73,14.24,0.00,51.60,1
13.411,2.5156,2.5173,-0.1055,-0.1827,-1.1094,-0.4188,-2.90,-0.71,14.24,0.00,50.80,1
13.423,3.2383,2.5750,-0.7578,-0.2287,-1.4922,-0.5046,-2.89,-0.72,14.24,0.00,50.80,1
13.440,3.3594,2.6995,-0.0664,-0.2182,-2.1055,-0.7143,-2.86,-0.71,14.24,0.00,48.61,1
13.451,1.3984,2.5954,-0.0742,-0.2067,0.2695,-0.6356,-2.84,-0.73,14.24,0.00,48.61,1
13.465,1.9648,2.5450,-0.3516,-0.2183,-0.2266,-0.6029,-2.83,-0.74,14.24,0.00,48.17,1
13.481,0.4023,2.4959,0.5977,-0.1769,1.1133,-0.6831,-2.79,-0.71,14.24,0.00,45.55,1
13.493,2.3867,2.4872,0.7109,-0.1059,-0.5625,-0.6735,-2.77,-0.71,14.24,0.00,45.33,1
13.510,2.5156,2.3708,-1.2773,-0.1872,-1.0938,-0.5523,-2.75,-0.69,14.24,0.00,45.33,1
13.521,0.4219,2.2149,-0.5117,-0.2131,2.3164,-0.3228,-2.73,-0.67,14.24,0.00,41.99,1
13.535,5.4336,2.4724,-0.7500,-0.2561,-4.5859,-0.6639,-2.72,-0.66,14.24,0.00,41.99,1
13.551,0.5820,2.4477,0.3125,-0.1912,2.4687,-0.5858,-2.70,-0.67,14.24,0.00,40.89,1
13.563,1.9063,2.4043,-0.3008,-0.2000,0.8633,-0.4698,-2.69,-0.68,14.24,0.00,40.89,1
13.580,2.8125,2.4055,0.7734,-0.0200,-0.5156,-0.3754,-2.70,-0.66,14.24,0.00,38.01,1
13.591,1.2266,2.3112,-0.2227,-0.0362,0.9766,-0.2672,-2.71,-0.64,11.39,0.00,38.01,1
13.605,3.1250,2.3763,-0.6445,-0.0848,-0.9688,-0.3234,-2.71,-0.62,11.39,0.00,36.42,1
13.620,0.6055,2.3084,-0.3008,-0.0783,1.8750,-0.2344,-2.72,-0.57,11.39,0.00,36.42,1
13.633,3.5000,2.4038,-0.4609,-0.1089,-1.6875,-0.3506,-2.71,-0.55,11.39,0.00,33.88,1
13.650,5.2383,2.5634,-0.1133,-0.1352,-4.3711,-0.5987,-2.70,-0.55,11.39,0.00,33.88,1
13.661,-1.2813,2.2559,0.5352,-0.0816,4.6328,-0.1802,-2.69,-0.56,11.39,0.00,31.91,1
13.675,2.6172,2.2848,0.7266,-0.0169,-0.8477,-0.2336,-2.68,-0.56,11.39,0.00,31.91,1
13.691,0.5273,2.2097,0.8711,0.1310,2.3789,-0.0747,-2.67,-0.54,11.39,0.00,31.91,1
13.703,2.0820,2.1995,0.9414,0.1958,0.1875,-0.0537,-2.67,-0.53,11.39,0.00,28.60,1
13.720,0.7852,2.1019,-0.1992,0.1265,1.0000,-0.0526,-2.67,-0.45,11.39,0.00,28.60,1
13.731,1.5430,2.0572,0.0312,0.1189,0.6953,0.0073,-2.66,-0.39,11.39,0.00,28.60,1
13.745,5.0508,2.2967,-0.4687,0.0719,-4.8164,-0.3786,-2.66,-0.34,11.39,0.00,26.16,1
13.761,1.7344,2.2419,-0.4766,-0.0032,0.1250,-0.3407,-2.66,-0.28,11.39,0.00,26.16,1
13.773,0.8008,2.1266,-0.0156,-0.0042,1.6680,-0.1800,-2.66,-0.25,11.39,0.00,22.33,1
13.790,3.0078,2.0622,0.9414,0.1327,-2.0508,-0.1436,-2.66,-0.15,8.83,0.00,22.33,1
13.801,0.8828,1.9678,0.7969,0.1859,0.5117,-0.0912,-2.66,-0.09,8.83,0.00,22.33,1
13.815,2.3633,1.9995,0.2617,0.1919,-0.9375,-0.1589,-2.67,-0.06,8.83,0.00,22.33,1
13.830,3.6016,2.0966,0.2617,0.1207,-3.0469,-0.4191,-2.70,0.04,8.83,0.00,19.10,1
13.843,-0.2812,1.9064,0.1055,0.1195,2.6719,-0.1718,-2.70,0.06,8.83,0.00,19.10,1
13.860,3.4180,1.8827,-0.4219,0.0053,-1.8516,-0.1337,-2.73,0.13,8.83,0.00,19.10,1
13.871,0.4219,1.7658,-0.1914,-0.0104,2.0586,0.0417,-2.74,0.16,8.83,0.00,19.10,1
13.885,2.7422,1.8439,0.5742,0.0363,-1.7344,-0.1004,-2.77,0.19,8.83,0.00,19.10,1
13.900,0.9961,1.8299,0.6211,0.1003,1.4844,-0.0093,-2.80,0.26,8.83,0.00,19.10,1
13.913,0.8359,1.7503,-0.4922,0.0529,0.9180,0.0649,-2.82,0.31,8.83,0.00,13.62,1
13.930,2.4883,1.7041,0.0156,0.0325,-0.5391,0.1328,-2.87,0.36,8.83,0.00,13.62,1
13.941,0.3359,1.5947,-0.4766,-0.0082,1.9492,0.2781,-2.89,0.40,8.83,0.00,13.62,1
13.955,3.0117,1.7080,0.0312,-0.0051,-1.4219,0.1421,-2.91,0.43,8.83,0.00,13.62,1
13.971,2.3359,1.7154,0.6445,0.0749,-0.9219,0.0977,-2.95,0.50,8.83,0.00,13.62,1
13.983,1.1016,1.6663,0.3008,0.0929,0.9180,0.1633,-2.98,0.52,8.83,0.00,13.62,1
14.001,2.7578,1.6715,-0.1836,0.1068,-2.2266,0.0418,-3.01,0.55,6.30,0.00,13.62,1
14.012,2.0195,1.6993,-0.1758,0.0842,-1.1445,-0.0531,-3.08,0.63,6.30,0.00,13.62,1
14.030,-0.2187,1.4639,-0.9336,-0.0106,1.4219,0.1622,-3.13,0.68,6.30,0.00,13.62,1
14.040,2.2578,1.5274,-0.7422,-0.0691,-1.6797,0.0149,-3.15,0.71,6.30,0.00,13.62,1
14.053,-0.7383,1.3462,-1.0039,-0.1439,2.3789,0.2040,-3.18,0.73,6.30,0.00,13.62,1
14.071,1.6211,1.2452,0.0000,-0.1307,-1.8281,0.0669,-3.23,0.78,6.30,0.00,13.62,1
14.082,-0.5703,1.1000,0.1914,-0.1049,0.7344,0.1203,-3.26,0.79,6.30,0.00,13.62,1
14.095,-1.2695,0.9104,0.1250,-0.0866,1.1172,0.2001,-3.29,0.80,6.30,0.00,13.62,1
14.111,-0.5859,0.5423,0.1328,-0.0359,-0.9922,0.1946,-3.34,0.79,6.30,0.00,13.62,1
14.123,-3.1914,0.2436,-0.2812,-0.0555,1.8047,0.3234,-3.37,0.78,6.30,0.00,13.62,1
14.141,-3.2695,-0.2966,-0.4258,-0.1463,1.7305,0.4964,-3.40,0.71,6.30,0.00,13.62,1
14.152,-0.8086,-0.3375,-0.3516,-0.1627,-1.9180,0.3033,-3.42,0.66,6.30,0.00,13.62,1
14.165,-1.7266,-0.4487,-0.6094,-0.1985,-0.4609,0.2421,-3.44,0.61,6.30,0.00,13.62,1
14.180,-1.3672,-0.7855,-0.8320,-0.2653,-2.1562,0.1952,-3.49,0.55,6.30,0.00,13.62,1
14.193,-2.3242,-0.9086,-0.0664,-0.2494,-1.0469,0.0958,-3.51,0.52,3.89,0.00,13.62,1
14.211,-4.4258,-1.2631,-0.0195,-0.2086,2.2422,0.2337,-3.56,0.46,3.89,0.00,13.62,1
14.221,-1.4375,-1.2771,0.2539,-0.1716,-1.2070,0.1185,-3.58,0.44,3.89,0.00,13.62,1
14.241,-3.6875,-1.7241,-0.0117,-0.1499,1.6602,0.4792,-3.61,0.40,3.89,0.00,13.62,1
14.252,-1.7734,-1.7280,-0.3516,-0.1661,-0.2930,0.4174,-3.63,0.38,3.89,0.00,13.62,1
14.263,-3.1445,-1.8414,-0.4570,-0.1893,1.6211,0.5137,-3.64,0.37,3.89,0.00,13.62,1
14.281,-3.9961,-1.8417,-0.6094,-0.2625,1.9570,0.2878,-3.67,0.38,3.89,0.00,13.62,1
14.291,-1.4961,-1.8141,-0.6484,-0.2934,-1.2227,0.1669,-3.69,0.37,3.89,0.00,13.62,1
14.305,-1.7656,-1.8102,0.2695,-0.2483,-1.0703,0.0680,-3.71,0.38,3.89,0.00,13.62,1
14.320,-3.9102,-2.0787,0.7852,-0.1635,1.9570,0.2368,-3.73,0.39,3.89,0.00,13.62,1
14.333,-1.0742,-1.9983,1.1680,-0.0570,-2.0273,0.0557,-3.75,0.41,3.89,0.00,13.62,1
14.351,-4.2852,-2.1777,1.0586,0.1003,2.1094,0.1428,-3.79,0.42,3.89,0.00,13.62,1
14.361,-3.3281,-2.2697,0.0273,0.0945,0.1562,0.1439,-3.81,0.45,3.89,0.00,13.62,1
14.381,-1.6406,-2.1282,-0.5312,0.0314,-1.5273,-0.2284,-3.86,0.78,3.89,0.00,13.62,1
14.391,-4.8203,-2.3436,-0.7148,-0.0283,2.1484,-0.0382,-3.89,0.96,0.11,0.00,13.62,1
14.403,-0.5312,-2.1986,-0.5625,-0.0710,-2.9062,-0.2677,-3.91,1.10,0.11,0.00,0.00,1
14.421,-1.5352,-2.2039,0.1328,-0.0621,-2.4102,-0.4303,-3.95,1.41,0.11,0.00,0.00,1
14.431,-4.1719,-2.3614,0.1055,-0.0487,1.3906,-0.2846,-3.98,1.56,0.11,0.00,0.00,1
14.445,-2.1406,-2.3437,0.1797,-0.0305,-0.9453,-0.3375,-4.00,1.71,0.11,0.00,0.00,1
14.461,-2.6445,-2.2853,0.2266,-0.0163,-0.7539,-0.5340,-4.05,2.03,0.11,0.00,0.00,1
14.473,-2.8008,-2.3265,0.3477,0.0128,0.3555,-0.4628,-4.07,2.15,0.11,0.00,0.00,1
14.492,-1.2227,-2.3096,-0.6758,-0.0653,-1.7422,-0.4851,-4.12,2.44,0.11,0.00,0.00,1
14.501,-4.6680,-2.4983,-0.9375,-0.1351,2.5078,-0.2457,-4.14,2.57,0.11,0.00,0.00,1
14.520,-0.9844,-2.5087,-0.5859,-0.2161,-1.8203,-0.2253,-4.17,2.82,0.11,0.00,0.00,1
14.531,-3.6328,-2.5986,-0.4687,-0.2364,1.7422,-0.0679,-4.19,2.95,0.11,0.00,0.00,1
14.543,-3.5273,-2.6729,-0.3867,-0.2484,1.3594,0.0462,-4.20,3.10,0.11,0.00,0.00,1
14.560,-1.5664,-2.6996,0.1875,-0.1699,-0.6641,0.1740,-4.23,3.35,0.11,0.00,0.00,1
14.571,-3.9805,-2.8021,-0.0430,-0.1598,1.8672,0.3095,-4.25,3.49,0.11,0.00,0.00,1
14.585,-3.5977,-2.8657,-0.5312,-0.1895,1.2227,0.3825,-4.27,3.63,0.00,0.00,0.00,1
14.601,-1.1055,-2.6405,-0.1406,-0.1736,-1.6563,0.1229,-4.29,3.86,0.00,0.00,0.00,1
14.613,-2.5937,-2.6367,-0.5547,-0.2041,0.6406,0.1643,-4.30,3.96,0.00,0.00,0.00,1
14.631,0.6328,-2.4649,-0.8203,-0.2798,-3.4570,0.0451,-4.31,4.16,0.00,0.00,0.00,1
14.641,-2.5859,-2.4746,-0.2852,-0.2802,0.7617,0.1024,-4.32,4.26,0.00,0.00,0.00,1
14.655,-2.1875,-2.4516,-0.0547,-0.2622,1.3750,0.2042,-4.32,4.34,0.00,0.00,0.00,1
14.671,-0.0781,-2.3047,-0.4375,-0.2667,-1.8438,0.1829,-4.33,4.54,0.00,0.00,0.00,1
14.683,-4.2852,-2.4631,-0.5469,-0.2891,3.4375,0.4432,-4.33,4.63,0.00,0.00,0.00,1
14.701,-0.7930,-2.3791,-0.2773,-0.2732,-0.5859,0.4401,-4.33,4.79,0.00,0.00,0.00,1
14.711,-2.3555,-2.3772,-0.1250,-0.2614,1.1758,0.4990,-4.33,4.87,0.00,0.00,0.00,1
14.731,-3.9531,-2.5629,-0.0117,-0.2765,2.9023,0.7868,-4.32,5.03,0.00,0.00,0.00,1
14.741,-0.6836,-2.4126,-0.3164,-0.2797,-1.1211,0.6341,-4.32,5.09,0.00,0.00,0.00,1
14.753,-3.9766,-2.5377,-0.9297,-0.3317,2.5937,0.7909,-4.31,5.18,0.00,0.00,0.00,1
14.771,-2.9258,-2.6177,-0.2773,-0.3627,1.3594,0.8478,-4.29,5.32,0.00,0.00,0.00,1
14.781,0.2227,-2.3905,0.1055,-0.3253,-3.0469,0.5362,-4.28,5.40,0.00,0.00,0.00,1
14.795,-0.6211,-2.2489,0.0664,-0.2939,-1.5117,0.3724,-4.27,5.45,0.00,0.00,0.00,1
14.812,-1.1328,-2.2621,-0.6602,-0.2910,-1.5898,0.3579,-4.24,5.59,0.00,0.00,0.00,1
14.823,-0.9727,-2.1589,-0.2109,-0.2846,-2.1250,0.1593,-4.23,5.66,0.00,0.00,0.00,1
14.840,-3.7227,-2.1792,-0.2109,-0.2698,1.5430,0.1383,-4.20,5.78,0.00,0.00,0.00,1
14.851,-0.2227,-2.0226,-0.2109,-0.2651,-2.3633,-0.0618,-4.19,5.83,0.00,0.00,0.00,1
14.865,-0.5977,-1.9086,-0.1016,-0.2520,-2.2852,-0.2397,-4.17,5.89,0.00,0.00,0.00,1
14.880,-1.5000,-1.9655,-0.2539,-0.2376,-0.7148,-0.2169,-4.14,5.98,0.00,0.00,0.00,1
14.893,-2.7187,-2.0257,-0.1797,-0.2330,0.9609,-0.1227,-4.12,6.03,0.00,0.00,0.00,1
14.911,-4.7344,-2.0358,0.2734,-0.1773,3.0312,-0.1994,-4.09,6.12,0.00,0.00,0.00,1
14.921,-0.9727,-1.9508,-0.0273,-0.1653,-1.2617,-0.2844,-4.08,6.16,0.00,0.00,0.00,1
14.935,-0.5352,-1.8375,0.0508,-0.1481,-1.8359,-0.4085,-4.07,6.22,0.00,0.00,0.00,1
14.951,-1.9844,-1.9587,0.1953,-0.1459,-0.3008,-0.2827,-4.04,6.34,0.00,0.00,0.00,1
14.963,-1.0156,-1.8833,0.2734,-0.1124,-1.8047,-0.4045,-4.02,6.39,0.00,0.00,0.00,1
14.980,-3.7148,-1.9846,0.1133,-0.0777,2.2266,-0.2232,-3.99,6.47,0.00,0.00,0.00,1
14.991,0.6914,-1.7705,-0.0781,-0.0777,-3.6367,-0.4963,-3.98,6.50,0.00,0.00,0.00,1
15.005,-2.2422,-1.8083,0.1875,-0.0565,0.7305,-0.3981,-3.96,6.63,0.00,0.00,0.00,1
15.021,-2.1055,-1.8318,0.1523,-0.0443,0.2266,-0.3410,-3.95,6.85,0.00,0.00,0.00,1
15.033,-2.1719,-1.8590,-0.3867,-0.0717,-0.0820,-0.3203,-3.94,6.96,0.00,0.00,0.00,1
15.051,-3.0781,-1.8436,0.0742,-0.0381,1.8359,-0.2429,-3.92,7.15,0.00,0.00,0.00,1
15.061,-0.7695,-1.7576,0.1133,-0.0259,-1.1133,-0.3126,-3.92,7.23,0.00,0.00,0.00,1
15.075,-1.3750,-1.7270,-0.4336,-0.0586,-0.8008,-0.3516,-3.90,7.32,0.00,0.00,0.00,1
15.091,-2.8906,-1.7660,0.4180,-0.0135,1.7656,-0.2716,-3.89,7.46,0.00,0.00,0.00,1
15.103,-0.5078,-1.6654,0.1055,-0.0040,-1.3750,-0.3599,-3.89,7.52,0.00,0.00,0.00,1
15.120,-4.1406,-1.6876,-0.5469,-0.0509,3.1836,-0.2584,-3.88,7.63,0.00,0.00,0.00,1
15.131,-0.8398,-1.6198,0.4492,-0.0109,-1.0313,-0.3202,-3.88,7.68,0.00,0.00,0.00,1
15.145,-1.5898,-1.6174,0.0742,-0.0041,-0.3789,-0.3249,-3.88,7.74,0.00,0.00,0.00,1
15.161,-3.4102,-1.7637,-0.2031,-0.0234,2.0352,-0.1154,-3.87,7.84,0.00,0.00,0.00,1
15.173,1.3008,-1.5185,-0.3945,-0.0531,-4.1328,-0.4367,-3.86,7.89,0.00,0.00,0.00,1
15.190,-2.1641,-1.5622,-0.2422,-0.0594,0.6953,-0.3025,-3.85,7.95,0.00,0.00,0.00,1
15.201,-1.5820,-1.5638,-0.0508,-0.0588,0.0820,-0.2718,-3.85,7.97,0.00,0.00,0.00,1
15.215,-2.4609,-1.6356,-0.2031,-0.0703,1.0391,-0.1669,-3.85,8.01,0.00,0.00,0.00,1
15.231,-3.5195,-1.6406,-0.0117,-0.0521,2.3789,-0.1473,-3.84,8.07,0.00,0.00,0.00,1
15.243,-0.4375,-1.5444,-0.1641,-0.0611,-1.4453,-0.2512,-3.84,8.10,0.00,0.00,0.00,1
15.261,-0.7461,-1.4700,-0.0859,-0.0959,-1.8281,-0.4031,-3.82,8.19,0.00,0.00,0.00,1
15.272,-2.8750,-1.5824,0.1797,-0.0739,1.7344,-0.2321,-3.81,8.20,0.00,0.00,0.00,1
15.285,-3.4805,-1.7343,-0.1719,-0.0817,1.9648,-0.0564,-3.80,8.22,0.00,0.00,0.00,1
15.300,-3.3867,-1.7348,-0.5469,-0.1313,2.2812,-0.0052,-3.78,8.27,0.00,0.00,0.00,1
15.313,-0.4687,-1.6335,0.1719,-0.1071,-1.5586,-0.1295,-3.77,8.28,0.00,0.00,0.00,1
15.332,-1.7539,-1.6356,0.0898,-0.0961,0.2734,-0.0840,-3.74,8.33,0.00,0.00,0.00,1
15.341,-3.2773,-1.7670,-0.2578,-0.1090,1.9258,0.0768,-3.73,8.36,0.00,0.00,0.00,1
15.355,-2.5117,-1.8265,0.0898,-0.0931,0.7031,0.1269,-3.71,8.39,0.00,0.00,0.00,1
15.371,-2.0312,-1.8450,-0.3789,-0.1083,0.5469,0.1860,-3.68,8.41,0.00,0.00,0.00,1
15.383,-1.7148,-1.8346,0.2734,-0.0777,0.2031,0.1873,-3.67,8.42,0.00,0.00,0.00,1
15.401,0.5508,-1.7247,0.3867,-0.0486,-2.9766,0.0538,-3.64,8.45,0.00,0.00,0.00,1
15.412,-3.6445,-1.8783,-0.0430,-0.0482,2.4922,0.2489,-3.63,8.46,0.00,0.00,0.00,1
15.425,-2.4883,-1.9271,0.2266,-0.0262,1.3516,0.3371,-3.61,8.47,0.00,0.00,0.00,1
15.440,0.0156,-1.7900,-0.2031,-0.0611,-2.7070,0.0895,-3.58,8.52,0.00,0.00,0.00,1
15.453,-2.7656,-1.8680,0.4102,-0.0234,1.6992,0.2182,-3.56,8.53,0.00,0.00,0.00,1
15.472,0.1953,-1.8190,0.1055,-0.0347,-2.0586,0.1874,-3.54,8.53,0.00,0.00,0.00,1
15.481,-2.7852,-1.8963,-0.7383,-0.0910,1.2695,0.2739,-3.53,8.55,0.00,0.00,0.00,1
15.495,-0.2109,-1.7615,-0.0977,-0.0915,-2.0664,0.0867,-3.51,8.55,0.00,0.00,0.00,1
15.511,-0.8789,-1.7562,0.1328,-0.0711,-0.5703,0.1436,-3.48,8.57,0.00,0.00,0.00,1
15.523,-2.7461,-1.8354,0.3555,-0.0370,1.8438,0.2796,-3.47,8.59,0.00,0.00,0.00,1
15.541,-2.4648,-1.8283,0.6719,0.0402,1.8828,0.3261,-3.44,8.61,0.00,0.00,0.00,1
15.552,-0.6953,-1.7376,-0.0273,0.0348,-0.4570,0.2634,-3.43,8.60,0.00,0.00,0.00,1
15.565,-0.2266,-1.6167,-0.1406,0.0208,-1.5664,0.1170,-3.42,8.61,0.00,0.00,0.00,1
15.581,0.2891,-1.5868,0.0430,-0.0209,-2.6016,0.0577,-3.40,8.63,0.00,0.00,0.00,1
15.593,-2.5703,-1.6655,-0.1133,-0.0283,1.1523,0.1453,-3.39,8.63,0.00,0.00,0.00,1
15.611,-2.5625,-1.7412,0.0039,-0.0093,1.1133,0.2709,-3.36,8.66,0.00,0.00,0.00,1
15.621,1.0000,-1.5219,0.0742,-0.0026,-3.6797,-0.0451,-3.35,8.67,0.00,0.00,0.00,1
15.635,-0.6328,-1.4507,0.3086,0.0223,-0.6875,-0.0965,-3.34,8.67,0.00,0.00,0.00,1
15.651,0.1602,-1.4471,0.2266,0.0571,-1.6445,-0.0465,-3.33,8.68,0.00,0.00,0.00,1
15.663,-2.8203,-1.5570,-0.4648,0.0154,1.4961,0.0769,-3.32,8.69,0.00,0.00,0.00,1
15.681,-1.9727,-1.5423,-0.0430,0.0150,0.8398,0.0564,-3.32,8.71,0.00,0.00,0.00,1
15.691,-0.8828,-1.4896,-0.0820,0.0073,-0.6094,0.0031,-3.31,8.72,0.00,0.00,0.00,1
15.705,1.2227,-1.2726,-0.2734,-0.0152,-3.9102,-0.3099,-3.31,8.74,0.00,0.00,0.00,1
15.721,-1.5859,-1.3779,0.2930,0.0356,0.6484,-0.1452,-3.30,8.75,0.00,0.00,0.00,1
15.733,-0.9375,-1.3427,0.2266,0.0509,-0.3789,-0.1639,-3.30,8.76,0.00,0.00,0.00,1
15.751,-2.9805,-1.4264,0.4102,0.0833,2.2656,-0.0334,-3.30,8.77,0.00,0.00,0.00,1
15.761,1.2031,-1.2160,0.4922,0.1160,-3.1367,-0.2816,-3.30,8.77,0.00,0.00,0.00,1
15.775,-0.5508,-1.1628,0.0664,0.1121,-0.5703,-0.3047,-3.31,8.76,0.00,0.00,0.00,1
15.791,-1.5703,-1.2768,-0.2344,0.1098,0.8398,-0.0438,-3.32,8.76,0.00,0.00,0.00,1
15.803,0.2070,-1.1581,0.0039,0.1013,-1.3438,-0.1478,-3.34,8.76,0.00,0.00,0.00,1
15.821,-3.0117,-1.2172,-0.5312,0.0007,2.4180,0.0146,-3.36,8.79,0.00,0.00,0.00,1
15.831,-0.2852,-1.1426,-0.0742,-0.0053,-0.9922,-0.0660,-3.36,8.81,0.00,0.00,0.00,1
15.845,-0.6602,-1.1040,0.4258,0.0292,-0.7617,-0.1216,-3.36,8.83,0.00,0.00,0.00,1
15.862,-1.3008,-1.1236,0.1562,0.0651,0.5039,-0.0764,-3.37,8.86,0.00,0.00,0.00,1
15.873,-1.7539,-1.1740,0.1953,0.0755,1.0781,0.0159,-3.37,8.87,0.00,0.00,0.00,1
15.892,-2.6289,-1.1071,-0.1484,0.0270,1.7266,-0.1442,-3.39,8.89,0.00,0.00,0.00,1
15.901,-0.5508,-1.0626,-0.4961,-0.0148,-0.6797,-0.1871,-3.39,8.89,0.00,0.00,0.00,1
15.915,0.4531,-0.9413,-0.6094,-0.0624,-1.9805,-0.3305,-3.39,8.91,0.00,0.00,0.00,1
15.931,-1.5391,-1.0918,-0.1133,-0.1490,-0.2187,-0.2343,-3.38,8.94,0.00,0.00,0.00,1
15.943,0.3555,-0.9760,0.3086,-0.1124,-2.5547,-0.4199,-3.38,8.95,0.00,0.00,0.00,1
15.960,-3.0000,-1.0992,0.3398,-0.0288,1.9648,-0.2848,-3.36,8.95,0.00,0.00,0.00,1
15.972,0.7891,-0.9481,-0.4180,-0.0600,-3.3203,-0.5276,-3.35,8.95,0.00,0.00,0.00,1
15.985,-2.1133,-1.0413,0.2656,-0.0339,1.2383,-0.3864,-3.35,8.95,0.00,0.00,0.00,1
16.001,-2.1758,-1.0264,-0.5039,-0.1032,0.9688,-0.4094,-3.34,8.93,0.00,0.00,0.00,1
16.013,-2.5508,-1.1484,-0.8867,-0.1659,1.0938,-0.2891,-3.33,8.93,0.00,0.00,0.00,1
16.032,-2.1875,-1.1142,-0.2344,-0.1713,0.8633,-0.3801,-3.29,8.93,0.00,0.00,0.00,1
16.041,-0.4570,-1.0616,-0.3203,-0.1832,-0.8633,-0.4187,-3.28,8.91,0.00,0.00,0.00,1
16.055,-2.7852,-1.1995,-0.5469,-0.2123,1.7422,-0.2458,-3.26,8.91,0.00,0.00,0.00,1
16.070,-3.1836,-1.1558,0.1328,-0.2038,2.5469,-0.2904,-3.22,8.88,0.00,0.00,0.00,1
16.083,0.0352,-1.0605,-0.0195,-0.1891,-1.1680,-0.3606,-3.19,8.86,0.00,0.00,0.00,1
16.100,-1.2930,-0.9784,-0.5625,-0.1930,-0.7461,-0.5299,-3.16,8.85,0.00,0.00,0.00,1
16.111,-2.0898,-1.0673,-0.1055,-0.1860,1.2461,-0.3878,-3.13,8.84,0.00,0.00,0.00,1
16.125,-2.4648,-1.1791,-0.3047,-0.1955,1.9727,-0.1990,-3.10,8.83,0.00,0.00,0.00,1
16.140,-2.5547,-1.2104,-0.1953,-0.2095,2.8555,0.0249,-3.04,8.78,0.00,0.00,0.00,1
16.153,-0.9375,-1.1886,-1.0469,-0.2765,0.2109,0.0398,-3.02,8.77,0.00,0.00,0.00,1
16.172,0.1133,-1.1950,-0.5195,-0.2681,-1.2070,0.1444,-2.94,8.75,0.00,0.00,0.00,1
16.181,-2.7930,-1.3229,-0.2187,-0.2642,2.0820,0.2994,-2.91,8.75,0.00,0.00,0.00,1
16.195,-2.9453,-1.4527,-0.3359,-0.2699,2.4258,0.4695,-2.87,8.75,0.00,0.00,0.00,1
16.211,-0.3555,-1.2226,0.2227,-0.1738,-1.2461,0.1554,-2.80,8.74,0.00,0.00,0.00,1
16.223,-0.9219,-1.1985,-0.0430,-0.1634,0.1719,0.1567,-2.75,8.71,0.00,0.00,0.00,1
16.242,1.9375,-1.0535,-0.5195,-0.1899,-4.3164,-0.0821,-2.66,8.66,0.00,0.00,0.00,1
16.251,-2.9648,-1.2064,-0.0664,-0.1800,2.1562,0.0969,-2.62,8.64,0.00,0.00,0.00,1
16.265,-1.9180,-1.2633,-0.0742,-0.1716,1.0156,0.1704,-2.58,8.61,0.00,0.00,0.00,1
16.281,-2.1680,-1.3100,0.1094,-0.1172,0.9023,0.2061,-2.50,8.60,0.00,0.00,0.00,1
16.293,0.1680,-1.1918,0.5508,-0.0638,-1.7813,0.0471,-2.46,8.59,0.00,0.00,0.00,1
16.311,-0.1250,-1.1892,0.2773,0.0010,-0.9453,0.0723,-2.39,8.57,0.00,0.00,0.00,1
16.322,-2.7187,-1.3116,0.3437,0.0284,2.6562,0.2791,-2.36,8.56,0.00,0.00,0.00,1
16.335,-0.1914,-1.2220,-0.0742,0.0202,-1.1758,0.1627,-2.33,8.55,0.00,0.00,0.00,1
16.352,-0.0547,-1.1927,-0.0898,0.0461,-0.6797,0.2308,-2.26,8.51,0.00,0.00,0.00,1
16.363,1.7852,-0.9545,0.4453,0.0781,-2.4023,0.0201,-2.24,8.51,0.00,0.00,0.00,1
16.380,-0.6133,-1.1140,0.8203,0.1386,0.0117,0.2894,-2.18,8.50,0.00,0.00,0.00,1
16.391,0.4219,-0.9911,0.8125,0.1925,-1.8672,0.1169,-2.16,8.50,0.00,0.00,0.00,1
16.405,-0.0625,-0.9168,0.4687,0.2146,-0.8008,0.0435,-2.14,8.49,0.00,0.00,0.00,1
16.421,0.3203,-0.9381,-0.4609,0.1870,-1.2617,0.1449,-2.10,8.48,0.00,0.00,0.00,1
16.433,-1.6992,-0.9990,0.5352,0.2149,1.9961,0.2930,-2.08,8.47,0.00,0.00,0.00,1
16.451,-2.4141,-1.0223,0.1836,0.1762,2.0430,0.3700,-2.05,8.47,0.00,0.00,0.00,1
16.461,1.5313,-0.8180,-0.2852,0.1393,-2.6680,0.1270,-2.03,8.47,0.00,0.00,0.00,1
16.475,0.6133,-0.7035,0.0977,0.1359,-1.6367,-0.0141,-2.01,8.46,0.00,0.00,0.00,1
16.491,-0.6055,-0.7250,-0.1367,0.1087,0.3945,0.0544,-1.98,8.46,0.00,0.00,0.00,1
16.503,-2.3984,-0.8588,-0.2930,0.0766,2.0430,0.2135,-1.96,8.46,0.00,0.00,0.00,1
16.521,-2.3125,-0.7213,0.0469,0.0211,1.6914,-0.0333,-1.91,8.45,0.00,0.00,0.00,1
16.531,-0.4961,-0.7033,0.0469,0.0232,-0.0352,-0.0335,-1.88,8.43,0.00,0.00,0.00,1
16.545,-0.2344,-0.6658,0.1523,0.0335,-0.3398,-0.0580,-1.87,8.44,0.00,0.00,0.00,1
16.561,-0.8789,-0.7296,0.2578,0.0372,0.1641,-0.0075,-1.82,8.45,0.00,0.00,0.00,1
16.573,-1.6758,-0.8053,-0.0937,0.0267,1.0859,0.0800,-1.80,8.45,0.00,0.00,0.00,1
16.591,-2.0430,-0.8071,-0.7148,-0.0748,1.8125,0.1037,-1.75,8.42,0.02,0.00,0.00,1
16.601,0.1406,-0.7312,-1.3633,-0.1779,-1.6367,-0.0355,-1.72,8.41,0.02,0.00,0.00,1
16.615,-1.4219,-0.7865,-0.3008,-0.1877,0.7031,0.0236,-1.68,8.39,0.02,0.00,0.00,1
16.631,-2.4883,-0.8708,-0.3633,-0.2331,1.5820,0.0430,-1.59,8.37,0.02,0.00,0.00,1
16.643,1.5352,-0.6783,0.1055,-0.2060,-3.1680,-0.2138,-1.56,8.37,0.02,0.00,0.00,1
16.662,-0.0977,-0.5756,0.4336,-0.0879,-1.7500,-0.4357,-1.47,8.35,0.02,0.00,0.00,1
16.671,-1.4297,-0.6439,-0.0781,-0.0871,0.0508,-0.3968,-1.43,8.32,0.02,0.00,0.00,1
16.685,-2.8477,-0.8202,0.0352,-0.0774,2.4648,-0.1679,-1.38,8.30,0.02,0.00,0.00,1
16.700,-0.5703,-0.6919,-0.5547,-0.1811,-0.4844,-0.3349,-1.28,8.27,0.02,0.00,0.00,1
16.713,-2.4727,-0.8343,0.3945,-0.1351,2.7305,-0.0897,-1.24,8.24,0.02,0.00,0.00,1
16.731,1.2891,-0.8132,0.4883,-0.0552,-2.2852,-0.0802,-1.13,8.22,0.02,0.00,0.00,1
16.741,-2.6562,-0.9607,0.1406,-0.0395,2.3477,0.1140,-1.08,8.20,0.02,0.00,0.00,1
16.755,0.3398,-0.8566,1.0469,0.0474,-1.7891,-0.0382,-1.04,8.19,0.02,0.00,0.00,1
16.771,-0.6797,-0.8895,0.0430,0.0643,0.1250,0.0461,-0.98,8.15,0.02,0.00,0.00,1
16.783,0.0117,-0.8174,-0.5312,0.0166,-0.6406,-0.0089,-0.94,8.17,0.02,0.00,0.00,1
16.801,-2.0117,-0.9000,0.6758,0.0673,2.6992,0.2205,-0.86,8.17,0.02,0.00,0.00,1
16.811,-0.7461,-0.8876,-0.1328,0.0513,0.4336,0.2376,-0.82,8.17,0.02,0.00,0.00,1
16.825,1.4766,-0.6985,0.8555,0.1156,-2.0508,0.0545,-0.79,8.18,0.02,0.00,0.00,1
16.842,-0.7773,-0.8515,0.6914,0.1511,0.5469,0.3219,-0.72,8.19,0.02,0.00,0.00,1
16.853,-1.3906,-0.8946,0.3398,0.1662,1.0078,0.3768,-0.70,8.20,0.02,0.00,0.00,1
16.870,-1.7656,-0.9016,0.6758,0.1999,1.6992,0.4246,-0.65,8.20,0.02,0.21,0.00,1
16.882,0.5312,-0.7870,-0.3945,0.1524,-1.4453,0.2750,-0.63,8.20,0.02,0.21,0.00,1
16.895,-1.4883,-0.8431,0.5937,0.1877,1.6602,0.3859,-0.61,8.19,0.02,0.21,0.00,1
16.911,-1.8633,-0.8342,0.5078,0.1981,1.3125,0.3450,-0.57,8.18,0.02,0.21,0.00,1
16.923,-2.2461,-0.9471,0.1328,0.1928,2.0430,0.4809,-0.56,8.18,0.02,0.21,0.00,1
16.941,0.3281,-0.8022,0.7773,0.2711,-1.5273,0.2659,-0.54,8.12,0.02,0.21,0.00,1
16.952,-1.0820,-0.8245,0.4609,0.2863,0.8477,0.3124,-0.54,8.08,0.02,0.21,0.00,1
16.965,-1.8398,-0.9058,0.5078,0.3040,1.4688,0.4049,-0.53,8.03,0.02,0.21,0.00,1
16.981,-0.2305,-0.7063,0.0781,0.2357,-0.9922,0.0555,-0.52,7.98,0.02,0.21,0.00,1
16.993,0.4336,-0.6151,-0.2344,0.1981,-0.9531,-0.0252,-0.51,7.93,0.02,0.21,0.00,1
17.012,0.7031,-0.5961,-0.1602,0.1606,-1.8672,-0.0908,-0.52,7.90,0.02,0.21,0.00,1
17.021,-1.7891,-0.6915,-0.2734,0.1259,1.0859,0.0033,-0.52,7.88,0.02,0.21,0.00,1
17.035,-0.7852,-0.6990,0.2539,0.1361,-0.3711,-0.0266,-0.51,7.85,0.02,0.21,0.00,1
17.051,-0.6211,-0.6560,0.6055,0.1717,0.4336,-0.0321,-0.51,7.78,0.02,0.21,0.00,1
17.063,1.3008,-0.4994,0.1484,0.1698,-2.6328,-0.2402,-0.50,7.75,0.02,0.21,0.00,1
17.080,-0.6445,-0.5646,0.3398,0.2095,0.3555,-0.1064,-0.50,7.70,0.02,0.21,0.00,1
17.092,-1.3711,-0.6291,-0.1953,0.1771,0.8164,-0.0326,-0.51,7.68,0.02,0.21,0.00,1
17.105,-0.4062,-0.6113,-0.3203,0.1373,-0.1016,-0.0381,-0.52,7.66,0.02,0.21,0.00,1
17.121,1.4844,-0.5300,0.1484,0.1445,-2.3711,-0.0581,-0.53,7.62,0.02,0.21,0.00,1
17.133,0.0664,-0.4823,0.0703,0.1385,-0.4570,-0.0900,-0.54,7.59,0.02,0.21,0.00,1
17.150,-0.9570,-0.5469,-0.3125,0.1227,0.3086,0.0164,-0.54,7.55,0.02,0.21,0.00,1
17.162,1.1484,-0.4112,-0.0820,0.1063,-2.8320,-0.2115,-0.55,7.53,0.02,0.21,0.00,1
17.175,-0.3398,-0.4055,0.0312,0.1003,0.1172,-0.1852,-0.55,7.50,0.02,0.21,0.00,1
17.191,0.7422,-0.4158,0.5312,0.1384,-0.6484,-0.0787,-0.57,7.47,0.02,0.21,0.00,1
17.203,-0.4062,-0.4151,0.1484,0.1392,-0.0742,-0.0783,-0.58,7.45,0.02,0.21,0.00,1
17.221,-0.5898,-0.3890,0.3477,0.1654,-0.1406,-0.1563,-0.61,7.42,0.02,0.21,0.00,1
17.231,-0.0859,-0.3648,0.5000,0.1922,-0.6406,-0.1951,-0.63,7.40,0.02,0.21,0.00,1
17.245,1.2188,-0.2381,-0.2266,0.1587,-2.4844,-0.3782,-0.64,7.39,0.02,0.21,0.00,1
17.261,-1.8086,-0.3862,0.6992,0.2018,2.4648,-0.1028,-0.67,7.36,0.02,0.21,0.00,1
17.273,-2.0312,-0.5178,0.5859,0.2325,1.0469,-0.0108,-0.68,7.36,0.02,0.21,0.00,1
17.291,-1.7539,-0.5869,-0.9102,0.1191,1.3516,0.0323,-0.72,7.34,0.02,0.21,0.00,1
17.302,0.9648,-0.4628,0.2852,0.1324,-1.9805,-0.1288,-0.75,7.33,0.02,0.21,0.00,1
17.315,0.0078,-0.4251,-0.2812,0.0993,-0.4492,-0.1544,-0.77,7.31,0.02,0.21,0.00,1
17.332,-1.1328,-0.5396,-0.4336,-0.0024,0.7773,0.0367,-0.81,7.29,0.02,0.21,0.00,1
17.343,-1.5547,-0.6208,0.4922,0.0372,0.8555,0.1022,-0.82,7.29,0.02,0.21,0.00,1
17.360,-0.9727,-0.6104,-0.1953,0.0262,0.9297,0.1166,-0.86,7.25,0.02,0.21,0.00,1
17.371,-0.7344,-0.6203,0.5312,0.0666,0.3945,0.1389,-0.87,7.24,0.02,0.00,0.00,1
17.385,-2.2656,-0.7520,-0.5781,0.0150,2.2344,0.3065,-0.89,7.23,0.02,0.00,0.00,1
17.401,-1.8477,-0.6805,-0.4570,-0.0575,1.5039,0.1834,-0.92,7.21,0.02,0.00,0.00,1
17.413,-0.3828,-0.6567,0.4336,-0.0182,0.2812,0.1912,-0.93,7.20,0.02,0.00,0.00,1
17.431,2.0781,-0.5158,-0.4180,-0.0431,-3.5898,-0.0173,-0.94,7.18,0.02,0.00,0.00,1
17.441,-0.4531,-0.5108,0.3867,-0.0087,-0.1797,-0.0302,-0.95,7.15,0.02,0.00,0.00,1
17.455,-0.0234,-0.4718,-0.5703,-0.0536,-0.2578,-0.0485,-0.96,7.12,0.02,0.00,0.00,1
17.471,0.3672,-0.4188,-0.4883,-0.0724,-0.5937,-0.0368,-0.99,7.07,0.02,0.00,0.00,1
17.483,0.6836,-0.3306,0.2031,-0.0504,-1.4063,-0.1463,-0.99,7.06,0.02,0.00,0.00,1
17.501,-0.6484,-0.4139,0.0117,-0.0098,0.3164,-0.0583,-0.99,7.02,0.02,0.00,0.00,1
17.511,-0.5273,-0.4230,0.5078,0.0316,0.4414,-0.0183,-0.99,7.00,0.02,0.00,0.00,1
17.525,1.3125,-0.2842,-0.5625,-0.0159,-2.7461,-0.2365,-0.99,6.98,0.02,0.00,0.00,1
17.541,-0.8633,-0.3596,-0.4492,-0.0485,0.9297,-0.1215,-1.01,6.94,0.02,0.00,0.00,1
17.554,-2.3203,-0.5165,-0.2969,-0.0684,2.1094,0.0570,-1.02,6.92,0.02,0.00,0.00,1
17.571,-2.8008,-0.5100,-0.7461,-0.1584,3.1523,0.0784,-1.03,6.78,0.02,0.00,0.00,1
17.582,0.1094,-0.4604,0.3633,-0.1167,-0.6406,0.0209,-1.03,6.72,0.02,0.00,0.00,1
17.595,-1.7305,-0.5620,0.0937,-0.0998,1.8906,0.1705,-1.04,6.67,0.00,0.00,0.00,1
17.611,-2.2500,-0.5654,0.9375,0.0138,2.7695,0.2172,-1.03,6.57,0.00,0.00,0.00,1
17.623,1.7344,-0.3814,-0.2500,-0.0073,-3.0156,-0.0414,-1.03,6.53,0.00,0.00,0.00,1
17.641,0.8594,-0.4614,-0.4414,-0.0096,-1.0234,0.1519,-1.03,6.43,0.00,0.00,0.00,1
17.651,-2.2031,-0.6007,-0.6719,-0.0626,2.3477,0.3276,-1.03,6.40,0.00,0.00,0.00,1
17.665,-0.5937,-0.6002,-1.1289,-0.1479,-0.3320,0.2748,-1.04,6.37,0.00,0.00,0.00,1
17.681,2.4023,-0.4549,0.0195,-0.1503,-3.7812,0.0859,-1.03,6.31,0.00,0.00,0.00,1
17.693,1.2500,-0.3186,-0.0977,-0.1461,-1.6719,-0.0547,-1.02,6.27,0.00,0.00,0.00,1
17.711,-1.4219,-0.4515,-0.2969,-0.0649,1.1211,0.1259,-1.01,6.21,0.00,0.00,0.00,1
17.721,2.1797,-0.2410,-0.0273,-0.0619,-3.9727,-0.2020,-1.01,6.19,0.00,0.00,0.00,1
17.735,0.4531,-0.1855,0.0508,-0.0529,-0.5625,-0.2308,-1.00,6.15,0.00,0.00,0.00,1
17.751,0.3477,-0.2445,0.6602,-0.0420,-0.4102,-0.1258,-1.00,6.10,0.00,0.00,0.00,1
17.763,-2.2187,-0.4024,-0.2187,-0.0561,2.7695,0.1058,-1.00,6.08,0.00,0.00,0.00,1
17.781,-2.3164,-0.3554,-0.1406,-0.0496,2.3398,0.0183,-0.99,6.04,0.00,0.00,0.00,1
17.792,0.5156,-0.2857,-0.4102,-0.0784,-0.8008,-0.0473,-0.99,6.02,0.00,0.00,0.00,1
17.805,-1.9805,-0.4213,-0.1406,-0.0834,1.7656,0.0978,-0.98,6.00,0.00,0.00,0.00,1
17.821,-2.0430,-0.3268,0.2422,-0.0762,2.0430,-0.0778,-0.98,5.96,0.00,0.00,0.00,1
17.833,-0.8945,-0.3723,-0.2578,-0.0907,0.2812,-0.0491,-0.97,5.93,0.00,0.00,0.00,1
17.851,0.5234,-0.3250,-0.4180,-0.0783,-1.4063,-0.1138,-0.97,5.90,0.00,0.00,0.00,1
17.861,-1.6602,-0.4318,0.0039,-0.0717,1.8906,0.0466,-0.97,5.88,0.00,0.00,0.00,1
17.875,-1.1523,-0.4894,0.2031,-0.0498,1.0078,0.1235,-0.97,5.86,0.00,0.00,0.00,1
17.892,-0.7227,-0.4611,0.5391,-0.0093,1.0078,0.1690,-0.96,5.81,0.00,0.00,0.00,1
17.903,1.1914,-0.3289,-0.0742,-0.0145,-2.3242,-0.0304,-0.96,5.78,0.00,0.00,0.00,1
17.922,0.7695,-0.3209,0.0430,0.0110,-1.1367,-0.0086,-0.96,5.73,0.00,0.00,0.00,1
17.931,-2.0586,-0.4599,0.0117,0.0110,2.2734,0.1740,-0.97,5.72,0.00,0.00,0.00,1
17.945,-1.3672,-0.5325,-0.5273,-0.0320,0.7383,0.2191,-0.97,5.70,0.00,0.00,0.00,1
17.961,1.2773,-0.3928,0.2031,-0.0129,-2.1328,0.0439,-0.98,5.67,0.00,0.00,0.00,1
17.973,1.3281,-0.2551,0.0039,-0.0115,-1.7109,-0.0965,-0.98,5.64,0.00,0.00,0.00,1
17.991,0.2969,-0.3144,-0.7187,-0.0388,-0.8711,-0.0010,-0.97,5.60,0.00,0.00,0.00,1
18.001,0.5703,-0.2436,-0.2578,-0.0563,-1.6367,-0.1319,-0.97,5.58,0.00,0.00,0.00,1
18.015,0.4258,-0.1901,-0.1406,-0.0631,-0.7148,-0.1785,-0.98,5.55,0.00,0.00,0.00,1
18.032,1.5273,-0.1850,0.1172,-0.0403,-1.3672,-0.0906,-0.97,5.53,0.00,0.00,0.00,1
18.043,0.2656,-0.1490,0.1562,-0.0245,-1.0625,-0.1683,-0.97,5.52,0.00,0.00,0.00,1
18.062,-1.0977,-0.1909,-0.0664,-0.0252,1.1211,-0.1393,-0.96,5.48,0.00,0.00,0.00,1
18.072,-1.5195,-0.2972,0.0859,-0.0163,1.5039,-0.0079,-0.96,5.46,0.00,0.00,0.00,1
18.085,1.5078,-0.1528,-0.5352,-0.0578,-2.4414,-0.2025,-0.95,5.45,0.00,0.00,0.00,1
18.101,-0.6016,-0.2499,0.1953,-0.0388,0.8555,-0.0541,-0.94,5.42,0.00,0.00,0.00,1
18.113,0.0195,-0.2283,0.3789,-0.0054,0.0508,-0.0457,-0.94,5.42,0.00,0.00,0.00,1
18.131,-1.1680,-0.3275,0.0430,-0.0319,1.4297,0.1105,-0.92,5.40,0.00,0.00,0.00,1
18.141,1.9336,-0.1466,0.1953,-0.0137,-2.6328,-0.1090,-0.91,5.38,0.00,0.00,0.00,1
