t_s,lin_ax_raw_mps2,lin_ax_filt_mps2,lin_ay_raw_mps2,lin_ay_filt_mps2,lin_az_raw_mps2,lin_az_filt_mps2,roll_deg,pitch_deg,raw_ax_mps2,raw_ay_mps2,raw_az_mps2,bike_long_acc_raw_mps2,bike_long_acc_filt_mps2,speed_kmh,hall_f_hz,hall_r_hz,gps_fix
0.004,0.5781,0.5781,0.0508,0.0508,0.9063,0.9063,-0.98,0.71,-0.0781,-0.2305,9.0391,-0.0781,0.4178,28.48,0.00,0.00,1
0.021,0.0312,0.4571,-0.0664,0.0248,-0.3203,0.6348,-0.98,0.66,0.2305,-0.1523,10.1133,0.2305,0.3018,28.48,0.00,0.00,1
0.040,-0.0820,0.3657,-0.0664,0.0096,-0.0508,0.5495,-0.99,0.67,-0.1914,-0.2305,9.3047,-0.1914,0.1841,28.48,0.00,0.00,1
0.060,-0.7734,0.1834,-0.0273,-0.0088,-1.2383,0.2842,-0.98,0.68,-0.8828,-0.1914,8.1172,-0.8828,-0.0754,28.48,0.00,0.00,1
0.072,-0.1211,0.0886,0.1641,0.0037,0.0273,0.1516,-0.98,0.68,-0.2305,0.0000,9.3828,-0.2305,-0.0992,28.48,0.00,0.00,1
0.090,0.0312,0.0413,-0.1406,0.0248,-0.0898,0.1070,-0.99,0.66,-0.0781,-0.3047,9.2695,-0.0781,-0.1027,28.48,0.00,0.00,1
0.113,0.3711,0.0901,0.1250,0.0092,0.3711,0.1107,-0.99,0.62,0.2695,-0.1523,10.1484,0.2695,0.0043,28.48,0.00,0.00,1
0.123,0.3711,0.1333,0.0117,0.0179,0.7930,0.1844,-0.99,0.62,0.2695,-0.1523,10.1484,0.2695,0.0450,28.48,0.00,0.00,1
0.143,0.5625,0.2437,-0.1797,-0.0136,0.5625,0.3565,-0.99,0.63,-0.6133,-0.1523,8.5820,-0.6133,0.0899,28.48,0.00,0.00,1
0.162,-0.5117,0.0964,0.0117,-0.0183,-0.7773,0.1184,-0.99,0.63,-0.1914,0.0000,9.2695,-0.1914,-0.0758,28.48,0.00,0.00,1
0.174,-0.0898,0.0266,0.1641,0.0117,-0.0898,0.0258,-1.00,0.63,-0.8438,-0.3437,8.2383,-0.8438,-0.1536,28.48,0.00,0.00,1
0.191,-0.7500,-0.1525,-0.1797,-0.0212,-1.1250,-0.2361,-0.99,0.59,0.1914,0.0391,9.8437,0.1914,-0.2665,28.48,0.00,0.00,1
0.210,-0.1055,-0.0939,0.0859,0.0240,0.4844,-0.0827,-1.00,0.57,-0.1914,-0.0781,9.8437,-0.1914,-0.1951,28.48,0.00,0.00,1
0.230,0.4766,-0.0506,-0.2578,0.0141,0.0625,0.0444,-1.00,0.60,0.3828,-0.4219,9.4258,0.3828,-0.0670,28.48,0.00,0.00,1
0.242,0.4766,0.0304,-0.2578,-0.0277,0.0625,0.0471,-1.00,0.61,0.0000,-0.0391,9.7656,0.0000,-0.0285,28.48,0.00,0.00,1
0.260,0.5547,0.1108,0.0508,-0.0035,0.4844,0.1569,-1.00,0.61,0.4609,-0.1133,9.8477,0.4609,0.0832,28.48,0.00,0.00,1
0.283,-0.5977,0.0851,-0.0273,0.0030,-0.9336,0.0508,-1.00,0.59,-0.1523,0.0391,9.8867,-0.1523,-0.0717,28.48,0.00,0.00,1
0.293,-0.0586,0.0234,0.2031,0.0168,0.5234,0.0161,-1.01,0.59,-0.1523,0.0391,9.8867,-0.1523,-0.0841,28.48,0.00,0.00,1
0.314,0.0156,0.0068,-0.3711,-0.0079,-0.1641,0.0835,-1.02,0.58,-0.8438,0.0781,8.6953,-0.8438,-0.1476,28.48,0.00,0.00,1
0.331,-0.7500,-0.1601,0.2500,0.0266,-0.6641,-0.0974,-1.02,0.58,-0.1914,-0.1914,8.9219,-0.1914,-0.2928,28.48,0.00,0.00,1
0.344,-0.0977,-0.1905,-0.0195,0.0346,-0.4336,-0.1874,-1.02,0.57,0.2305,-0.2305,9.8867,0.2305,-0.2366,28.48,0.00,0.00,1
0.362,0.3242,-0.0708,-0.0586,0.0106,0.5234,-0.0454,-1.03,0.59,0.1133,0.0000,9.5039,0.1133,-0.1135,28.48,0.00,0.00,1
0.381,0.5156,0.0553,-0.0586,0.0339,0.6016,0.0768,-1.04,0.60,0.4219,-0.2305,9.9648,0.4219,0.0321,28.48,0.00,0.00,1
0.401,0.0937,0.1521,-0.1328,0.0018,0.2930,0.2010,-1.04,0.60,0.0000,-0.3047,9.6523,0.0000,0.0493,28.48,0.00,0.00,1
0.412,0.0937,0.1432,-0.1328,-0.0189,0.2930,0.2151,-1.05,0.59,-0.8047,0.0000,8.1562,-0.8047,-0.0227,28.48,0.00,0.00,1
0.429,-0.3672,-0.0744,-0.0195,0.0134,-0.1641,-0.0987,-1.05,0.60,-0.4609,-0.1914,9.1992,-0.4609,-0.2132,28.48,0.00,0.00,1
0.450,0.0234,-0.1262,-0.2422,-0.0138,-0.2812,-0.1266,-1.06,0.62,-0.0781,-0.4219,9.0781,-0.0781,-0.1987,28.48,0.00,0.00,1
0.463,0.5156,-0.0537,0.2578,-0.0243,0.7930,-0.0749,-1.06,0.61,0.4219,0.0781,10.1523,0.4219,-0.0614,28.48,0.00,0.00,1
0.481,0.5156,0.1078,-0.0898,0.0279,0.6406,0.1590,-1.07,0.59,0.4219,-0.2695,10.0000,0.4219,0.0757,28.48,0.00,0.00,1
0.501,0.5156,0.2468,-0.2031,-0.0373,0.5234,0.2973,-1.08,0.60,-0.9961,0.0000,8.2773,-0.9961,0.0803,28.48,0.00,0.00,1
0.521,-0.0586,0.0038,0.0664,0.0057,-0.0508,0.0008,-1.09,0.61,-0.1523,-0.1133,9.3047,-0.1523,-0.1000,28.48,0.00,0.00,1
0.532,-0.0508,-0.0088,0.0664,0.0191,-0.0508,-0.0106,-1.10,0.62,-0.6914,-0.3828,8.5781,-0.6914,-0.1547,28.48,0.00,0.00,1
0.551,-0.5977,-0.1417,-0.2031,-0.0271,-0.7773,-0.1828,-1.10,0.59,0.1914,0.0391,9.7695,0.1914,-0.2363,28.48,0.00,0.00,1
0.569,0.0469,-0.0659,0.0352,0.0178,0.4844,-0.0428,-1.12,0.57,-0.0391,-0.1523,9.8477,-0.0391,-0.1415,28.48,0.00,0.00,1
0.582,0.0469,-0.0485,0.0352,0.0205,0.4844,0.0382,-1.12,0.57,0.3047,-0.3828,9.3828,0.3047,-0.0982,28.48,0.00,0.00,1
0.600,-0.1367,0.0409,0.0742,-0.0183,0.0273,0.0607,-1.13,0.57,-0.2305,-0.1133,9.3828,-0.2305,-0.0793,28.48,0.00,0.00,1
0.620,0.3633,0.0305,0.1094,0.0107,0.3711,0.0787,-1.14,0.58,0.2695,-0.0781,9.7305,0.2695,-0.0115,28.48,0.00,0.00,1
0.633,-0.9023,0.0029,-0.2734,0.0019,-1.1250,0.0237,-1.14,0.58,-0.9961,-0.4609,8.2383,-0.9961,-0.2294,28.48,0.00,0.00,1
0.651,0.1250,-0.1716,0.0352,-0.0515,0.1797,-0.1977,-1.15,0.56,0.0391,-0.1523,9.5430,0.0391,-0.2178,28.48,0.00,0.00,1
0.672,0.0078,-0.0964,0.1172,-0.0038,0.2930,-0.0440,-1.17,0.56,0.6133,-0.4219,9.8828,0.6133,-0.1148,28.48,0.00,0.00,1
0.684,0.6992,-0.0251,-0.2266,-0.0127,0.5234,0.0262,-1.17,0.56,0.6133,-0.4219,9.8828,0.6133,-0.0030,28.48,0.00,0.00,1
0.703,-0.1445,0.0922,0.0820,-0.0382,-0.1641,0.0901,-1.18,0.56,0.1133,-0.0391,9.6484,0.1133,-0.0047,28.48,0.00,0.00,1
0.721,0.1992,0.1012,0.1562,0.0123,0.2930,0.1192,-1.18,0.55,-0.8438,-0.4609,8.2773,-0.8438,-0.0478,28.48,0.00,0.00,1
0.740,0.0078,-0.0756,0.0820,-0.0304,0.0625,-0.1208,-1.18,0.53,-0.0781,-0.1133,9.4219,-0.0781,-0.1497,28.48,0.00,0.00,1
0.752,0.0078,-0.0628,0.0820,-0.0132,0.0625,-0.0926,-1.18,0.53,0.1523,-0.0391,9.6484,0.1523,-0.1203,28.48,0.00,0.00,1
0.770,0.8516,0.0757,-0.3008,0.0038,1.1758,0.0963,-1.19,0.53,0.7656,-0.4961,10.5352,0.7656,0.1084,28.48,0.00,0.00,1
0.791,-0.2578,0.2070,0.1172,-0.0492,-0.4805,0.2699,-1.19,0.53,-0.3437,-0.0781,8.8867,-0.3437,0.0493,28.48,0.00,0.00,1
0.803,-0.2187,0.1073,0.1562,-0.0092,-0.2500,0.1223,-1.19,0.53,-0.3047,-0.0391,9.1172,-0.3047,-0.0291,28.48,0.00,0.00,1
0.821,-0.7578,-0.0283,-0.4180,-0.0082,-0.9414,-0.0386,-1.19,0.54,-0.8438,-0.6133,8.4219,-0.8438,-0.2265,28.48,0.00,0.00,1
0.843,0.6602,0.0867,0.1172,-0.0177,0.6680,0.0624,-1.20,0.53,0.5352,-0.1133,10.7656,0.5352,0.0856,28.48,0.00,0.00,1
0.854,0.6211,0.1716,0.0820,0.0002,1.3984,0.2139,-1.20,0.53,0.5352,-0.1133,10.7656,0.5352,0.1546,28.48,0.00,0.00,1
0.873,0.3906,0.2895,-0.2266,-0.0193,0.3242,0.4527,-1.20,0.54,-0.7656,-0.1914,8.1953,-0.7656,0.1334,28.48,0.00,0.00,1
0.891,-0.6797,0.0813,0.0039,-0.0271,-1.1680,0.0860,-1.19,0.54,-0.3437,-0.0391,9.5039,-0.3437,-0.0878,28.48,0.00,0.00,1
0.910,-0.6055,-0.0863,-0.4180,-0.0193,-1.1680,-0.0766,-1.19,0.54,-0.6914,-0.6133,8.1992,-0.6914,-0.2520,28.48,0.00,0.00,1
0.923,-0.6055,-0.1661,-0.4180,-0.0805,-1.1680,-0.2443,-1.18,0.52,0.4961,0.1133,10.3477,0.4961,-0.2245,28.48,0.00,0.00,1
0.940,0.2695,-0.0057,-0.0742,-0.0201,0.2109,-0.0122,-1.18,0.50,0.1914,-0.2695,9.5781,0.1914,-0.0463,28.48,0.00,0.00,1
0.961,0.6602,0.1036,-0.1094,-0.0383,0.8984,0.1061,-1.18,0.51,0.5742,-0.3047,10.2656,0.5742,0.1059,28.48,0.00,0.00,1
0.973,-0.2187,0.1188,0.0039,-0.0401,-0.4023,0.1237,-1.18,0.51,-0.3047,-0.1914,8.9648,-0.3047,0.0428,28.48,0.00,0.00,1
0.990,0.1641,0.0328,0.0820,-0.0189,0.4023,0.0087,-1.17,0.51,0.0781,-0.1133,9.7656,0.0781,0.0091,28.48,0.00,0.00,1
1.012,-0.9570,-0.0947,-0.1562,-0.0211,-1.2852,-0.1163,-1.17,0.47,0.2695,-0.1523,9.6914,0.2695,-0.1788,28.48,0.00,0.00,1
1.024,0.3398,-0.1234,0.0352,-0.0265,0.3242,-0.1671,-1.17,0.46,0.2695,-0.1523,9.6914,0.2695,-0.1099,28.48,0.00,0.00,1
1.044,-0.0078,-0.0189,0.0430,-0.0043,0.6680,0.0532,-1.17,0.46,-0.6523,-0.1914,8.0391,-0.6523,-0.1251,28.48,0.00,0.00,1
1.061,-0.5742,-0.1411,-0.0039,-0.0013,-1.3242,-0.2133,-1.16,0.47,-0.3047,-0.2695,9.3086,-0.3047,-0.2468,28.48,0.00,0.00,1
1.080,0.2305,-0.1536,-0.1172,-0.0271,0.2852,-0.2056,-1.15,0.49,0.1523,-0.3047,9.6523,0.1523,-0.1654,28.48,0.00,0.00,1
1.092,0.2305,-0.0946,-0.1172,-0.0410,0.2852,-0.1302,-1.15,0.49,0.3828,-0.1523,9.6484,0.3828,-0.0981,28.48,0.00,0.00,1
1.113,0.2305,0.0632,0.3008,-0.0025,0.9766,0.0667,-1.14,0.50,0.1523,0.1133,10.3477,0.1523,0.0148,28.48,0.00,0.00,1
1.130,0.5742,0.1477,-0.3086,0.0521,0.2109,0.3156,-1.14,0.48,0.4961,-0.4961,9.5820,0.4961,0.1378,28.48,0.00,0.00,1
1.143,0.5742,0.2132,-0.3086,-0.0033,0.2109,0.2996,-1.14,0.48,-0.4219,-0.0781,8.9258,-0.4219,0.1194,28.48,0.00,0.00,1
1.161,-0.2734,0.0800,0.2656,0.0237,0.0195,0.1212,-1.13,0.47,-0.3437,0.0781,9.3867,-0.3437,-0.0479,28.48,0.00,0.00,1
1.184,-0.8477,-0.1287,-0.2734,0.0234,-1.5508,-0.1547,-1.13,0.48,0.0391,0.1133,10.2305,0.0391,-0.2350,28.48,0.00,0.00,1
1.194,0.1094,-0.1626,0.3008,0.0237,0.8594,-0.1763,-1.13,0.47,0.0391,0.1133,10.2305,0.0391,-0.1929,28.48,0.00,0.00,1
1.211,0.2617,-0.0733,-0.1172,0.0689,-0.0195,0.0471,-1.13,0.50,0.1914,-0.3047,9.3477,0.1914,-0.0934,28.48,0.00,0.00,1
1.232,-0.4180,-0.1095,-0.0430,0.0219,-0.3711,-0.0534,-1.13,0.51,-0.1133,0.0000,9.3047,-0.1133,-0.2001,28.48,0.00,0.00,1
1.250,0.4922,-0.0712,0.0352,0.0423,0.6602,-0.0179,-1.13,0.50,0.4219,-0.1523,10.0352,0.4219,-0.0933,28.48,0.00,0.00,1
1.262,0.4922,0.0154,0.0352,0.0412,0.6602,0.0862,-1.14,0.49,-0.3047,-0.0781,9.0000,-0.3047,-0.0723,28.48,0.00,0.00,1
1.282,0.0703,-0.0038,0.1875,0.0664,0.6602,0.0719,-1.13,0.45,0.0000,0.0000,10.0312,0.0000,-0.0841,28.48,0.00,0.00,1
1.301,-0.3125,-0.0107,-0.2734,0.0708,-0.5273,0.1775,-1.14,0.46,-0.3828,-0.4609,8.8477,-0.3828,-0.1401,28.48,0.00,0.00,1
1.313,-0.3125,-0.0571,-0.2734,0.0180,-0.5273,0.0692,-1.14,0.46,-0.7266,-0.0391,8.5039,-0.7266,-0.2049,28.48,0.00,0.00,1
1.330,-0.2344,-0.2079,-0.0430,0.0229,-0.2969,-0.1857,-1.14,0.46,-0.3047,-0.2305,9.0820,-0.3047,-0.2894,28.48,0.00,0.00,1
1.354,0.2227,-0.1467,-0.0820,-0.0055,0.2031,-0.1468,-1.15,0.46,0.3437,0.0000,9.8047,0.3437,-0.1497,28.48,0.00,0.00,1
1.364,0.4062,-0.0753,0.1875,0.0043,0.4336,-0.0746,-1.14,0.44,0.3437,0.0000,9.8047,0.3437,-0.0739,28.48,0.00,0.00,1
1.382,0.4062,0.0613,0.0742,0.0472,0.7773,0.0970,-1.15,0.41,0.3437,-0.1133,10.1484,0.3437,0.0446,28.48,0.00,0.00,1
1.402,0.3320,0.1427,-0.3086,-0.0299,0.2031,0.1629,-1.15,0.42,-0.6523,-0.0781,8.6602,-0.6523,0.0346,28.48,0.00,0.00,1
1.415,-0.5898,0.0980,0.1094,-0.0392,-0.7187,0.0953,-1.15,0.43,-0.6523,-0.0781,8.6602,-0.6523,-0.0709,28.48,0.00,0.00,1
1.432,-0.1289,-0.0058,0.1094,0.0114,-0.1055,-0.0083,-1.16,0.43,-0.8828,-0.4219,8.3555,-0.8828,-0.2876,28.48,0.00,0.00,1
1.451,-0.8203,-0.1937,-0.2344,-0.0369,-1.0234,-0.2390,-1.16,0.40,0.2695,0.0000,9.8047,0.2695,-0.3642,28.48,0.00,0.00,1
1.471,-0.0234,-0.1090,0.0352,0.0033,0.6992,-0.0720,-1.16,0.37,-0.0781,-0.1523,10.0742,-0.0781,-0.2251,28.48,0.00,0.00,1
1.483,-0.0234,-0.0958,0.0352,0.0082,0.6992,0.0465,-1.16,0.38,0.1523,-0.3047,9.1992,0.1523,-0.1841,28.48,0.00,0.00,1
1.501,-0.0234,-0.0242,-0.0430,-0.0199,0.0469,0.0379,-1.17,0.38,-0.0781,-0.2305,9.4258,-0.0781,-0.1204,28.48,0.00,0.00,1
1.521,0.4062,0.0104,0.1094,-0.0143,0.7773,0.0989,-1.17,0.39,0.3437,-0.0781,10.1484,0.3437,-0.0150,28.48,0.00,0.00,1
1.534,-0.6641,-0.0144,-0.1953,-0.0196,-1.2930,0.0375,-1.17,0.39,-0.7266,-0.3828,8.0820,-0.7266,-0.1243,28.48,0.00,0.00,1
1.551,-0.0078,-0.1462,0.0430,-0.0504,0.3164,-0.2111,-1.18,0.41,-0.0781,-0.1523,9.6914,-0.0781,-0.1516,28.48,0.00,0.00,1
1.572,-0.1992,-0.1414,-0.0352,-0.0359,0.1250,-0.0736,-1.18,0.41,-0.6914,-0.1523,8.3906,-0.6914,-0.2256,28.48,0.00,0.00,1
1.592,-0.6211,-0.2511,0.0352,-0.0201,-0.9844,-0.2628,-1.18,0.40,-0.1523,-0.3047,9.2695,-0.1523,-0.3146,28.48,0.00,0.00,1
1.604,-0.0820,-0.2502,-0.1172,-0.0313,-0.1055,-0.2875,-1.18,0.40,0.3437,-0.2305,9.9258,0.3437,-0.2390,28.48,0.00,0.00,1
1.622,0.4141,-0.0927,-0.0430,-0.0392,0.5469,-0.0915,-1.17,0.42,0.3047,-0.0781,9.5781,0.3047,-0.0768,28.48,0.00,0.00,1
1.640,0.3008,0.0630,-0.0352,-0.0088,0.5469,0.0561,-1.18,0.44,0.2305,-0.2305,9.9219,0.2305,0.0368,28.48,0.00,0.00,1
1.653,0.3008,0.0996,-0.0352,-0.0129,0.5469,0.1315,-1.18,0.45,0.1914,-0.4609,9.5781,0.1914,0.0634,28.48,0.00,0.00,1
1.672,-0.7266,0.0796,0.0430,-0.0612,-0.7930,0.0959,-1.19,0.45,-0.8047,-0.1523,8.5781,-0.8047,-0.1134,28.48,0.00,0.00,1
1.692,-0.1992,-0.1068,0.1172,-0.0257,-0.1445,-0.1043,-1.18,0.44,-0.2695,-0.0781,9.2305,-0.2695,-0.1910,28.48,0.00,0.00,1
1.704,-0.6562,-0.1576,-0.1875,-0.0281,-0.7930,-0.1623,-1.18,0.44,-0.7266,-0.3828,8.5820,-0.7266,-0.2733,28.48,0.00,0.00,1
1.721,0.3750,-0.2451,0.1953,-0.0518,0.5078,-0.2733,-1.18,0.43,0.3047,0.0000,9.8828,0.3047,-0.1996,28.48,0.00,0.00,1
1.743,0.0391,-0.0853,0.0820,0.0150,0.5078,-0.0070,-1.19,0.46,0.3437,-0.4609,9.3867,0.3437,-0.0945,28.48,0.00,0.00,1
1.755,0.4219,-0.0356,-0.2656,-0.0025,0.0117,0.0324,-1.20,0.46,0.3437,-0.4609,9.3867,0.3437,-0.0272,28.48,0.00,0.00,1
1.773,-0.0742,0.0442,0.1172,-0.0334,0.2031,0.0547,-1.19,0.46,0.3047,-0.1133,9.7695,0.3047,-0.0049,28.48,0.00,0.00,1
1.792,0.3828,0.1118,0.0820,0.0015,0.3945,0.1392,-1.20,0.44,-0.9180,-0.3828,8.1211,-0.9180,-0.0149,28.48,0.00,0.00,1
1.811,0.0703,-0.0714,0.2344,-0.0137,0.3555,-0.1125,-1.20,0.41,0.0000,0.0391,9.7305,0.0000,-0.1196,28.48,0.00,0.00,1
1.823,0.0703,-0.0496,0.2344,0.0244,0.3555,-0.0406,-1.20,0.41,-0.5352,-0.3047,8.9609,-0.5352,-0.1441,28.48,0.00,0.00,1
1.842,-0.2734,-0.1452,-0.0742,0.0013,-0.6328,-0.1405,-1.21,0.43,-0.3437,-0.2695,8.7383,-0.3437,-0.2350,28.48,0.00,0.00,1
1.862,0.0312,-0.1572,0.1172,-0.0048,0.4023,-0.1973,-1.21,0.43,-0.0391,-0.0781,9.7656,-0.0391,-0.1984,28.48,0.00,0.00,1
1.874,0.4531,-0.0945,-0.1875,-0.0104,0.2461,-0.1177,-1.21,0.43,0.3828,-0.3828,9.6094,0.3828,-0.1092,28.48,0.00,0.00,1
1.891,-0.0078,0.0553,0.2344,-0.0371,0.2461,0.0063,-1.20,0.41,-0.0781,0.0391,9.6094,-0.0781,-0.0434,28.48,0.00,0.00,1
1.914,0.3398,0.0872,-0.0742,0.0081,0.1719,0.0767,-1.21,0.38,0.1914,-0.3828,9.8437,0.1914,0.0371,28.48,0.00,0.00,1
1.925,0.2695,0.1204,-0.1875,-0.0136,0.4766,0.1157,-1.21,0.39,0.1914,-0.3828,9.8437,0.1914,0.0608,28.48,0.00,0.00,1
1.944,-0.5742,0.0416,0.1562,-0.0201,-0.7852,0.0449,-1.21,0.40,-0.4961,-0.2695,9.0039,-0.4961,-0.1215,28.48,0.00,0.00,1
1.962,-0.4180,-0.0984,-0.0742,-0.0211,-0.3633,-0.0971,-1.22,0.41,-0.4961,-0.3828,8.7773,-0.4961,-0.2277,28.48,0.00,0.00,1
1.981,0.5742,-0.1280,0.2422,-0.0354,0.6680,-0.1523,-1.22,0.41,0.4961,0.0391,10.0312,0.4961,-0.0996,28.48,0.00,0.00,1
1.993,0.5742,-0.0201,0.2422,0.0073,0.6680,-0.0263,-1.22,0.40,0.3437,-0.2305,10.2695,0.3437,-0.0203,28.48,0.00,0.00,1
2.012,0.5664,0.1493,-0.1016,0.0050,0.5937,0.2514,-1.23,0.39,0.4961,-0.3047,9.9609,0.4961,0.1375,28.48,0.00,0.00,1
2.030,-0.2734,0.2243,0.0117,-0.0223,-0.4805,0.2822,-1.23,0.40,-0.3437,-0.1914,8.8828,-0.3437,0.0739,28.48,0.00,0.00,1
2.044,-0.2734,0.1478,0.0117,-0.0171,-0.4805,0.1650,-1.23,0.40,-0.1133,-0.1133,9.6484,-0.1133,0.0282,28.48,0.00,0.00,1
2.061,-0.8398,0.0074,-0.2578,-0.0129,-1.4766,0.0212,-1.24,0.42,-0.9180,-0.4609,7.8906,-0.9180,-0.1981,28.48,0.00,0.00,1
2.084,0.0000,-0.1524,0.1641,-0.0316,0.5937,-0.1714,-1.25,0.41,-0.1133,-0.3437,8.9219,-0.1133,-0.2082,28.48,0.00,0.00,1
2.095,-0.0430,-0.1325,-0.1406,-0.0259,-0.4414,-0.1367,-1.25,0.40,-0.1133,-0.3437,8.9219,-0.1133,-0.1936,28.48,0.00,0.00,1
2.112,-0.0820,-0.1102,-0.0586,-0.0519,0.0937,-0.1803,-1.25,0.39,-0.1523,-0.2695,9.4648,-0.1523,-0.1795,28.48,0.00,0.00,1
2.132,-0.0078,-0.0842,0.0195,-0.0369,0.0547,-0.0955,-1.25,0.39,0.4609,-0.1914,10.0703,0.4609,-0.1018,28.48,0.00,0.00,1
2.153,-0.4961,0.0141,-0.0586,-0.0239,-0.6328,0.0335,-1.25,0.41,-0.5742,-0.2695,8.7344,-0.5742,-0.1390,28.48,0.00,0.00,1
2.163,-0.4961,-0.0988,-0.0586,-0.0316,-0.6328,-0.1140,-1.26,0.41,0.2695,-0.1914,10.0000,0.2695,-0.1678,28.48,0.00,0.00,1
2.182,0.3477,-0.0247,0.0273,-0.0202,0.6328,0.0190,-1.27,0.44,-0.1133,-0.4219,9.3828,-0.1133,-0.0744,28.48,0.00,0.00,1
2.202,-0.4570,-0.0401,0.0273,-0.0509,-0.7852,-0.0101,-1.27,0.44,-0.5352,-0.1914,8.5781,-0.5352,-0.1810,28.48,0.00,0.00,1
2.214,-0.4570,-0.1041,0.0273,-0.0389,-0.7852,-0.1291,-1.27,0.43,-0.3828,-0.1133,9.3867,-0.3828,-0.2232,28.48,0.00,0.00,1
2.231,-0.0742,-0.1628,-0.1641,-0.0157,-0.4023,-0.1583,-1.28,0.43,-0.1523,-0.3828,8.9648,-0.1523,-0.2266,28.48,0.00,0.00,1
2.251,0.4609,-0.0949,0.1797,-0.0303,0.6680,-0.1419,-1.28,0.42,0.3828,-0.0391,10.0312,0.3828,-0.0871,28.48,0.00,0.00,1
2.265,0.4219,0.0250,0.0664,0.0071,0.8984,0.0558,-1.28,0.44,0.3437,-0.1523,10.2656,0.3437,0.0082,28.48,0.00,0.00,1
2.282,0.4609,0.1407,-0.2422,-0.0008,0.3242,0.2488,-1.29,0.46,0.3828,-0.4609,9.6914,0.3828,0.1120,28.48,0.00,0.00,1
2.302,-0.4961,0.0381,0.1797,0.0103,-0.5937,0.0714,-1.29,0.46,-0.1523,-0.1133,9.3047,-0.1523,-0.0882,28.48,0.00,0.00,1
2.322,-0.0742,-0.0201,0.1055,0.0419,-0.0586,0.0012,-1.29,0.45,-1.1094,-0.5742,7.6562,-1.1094,-0.1829,28.48,0.00,0.00,1
2.333,-1.0313,-0.1790,-0.3555,-0.0148,-1.7070,-0.2653,-1.29,0.44,0.2695,0.0781,10.3477,0.2695,-0.2777,28.48,0.00,0.00,1
2.352,0.3477,-0.1156,0.2969,0.0329,0.9766,-0.0802,-1.30,0.44,0.1523,-0.3828,9.7656,0.1523,-0.1318,28.48,0.00,0.00,1
2.370,-0.0742,-0.0153,-0.0859,-0.0016,-0.0977,0.0772,-1.30,0.46,-0.1523,-0.3047,9.2695,-0.1523,-0.1024,28.48,0.00,0.00,1
2.384,-0.0742,-0.0243,-0.0859,-0.0145,-0.0977,0.0503,-1.29,0.47,-0.3047,-0.3828,9.0000,-0.3047,-0.1223,28.48,0.00,0.00,1
2.402,0.5000,-0.0264,0.1797,-0.0335,0.8984,0.0255,-1.29,0.46,0.4219,-0.0391,10.2695,0.4219,-0.0236,28.48,0.00,0.00,1
2.421,-0.4961,0.0432,-0.1250,0.0026,-0.9023,0.1290,-1.28,0.44,-0.5742,-0.3437,8.4609,-0.5742,-0.1177,28.48,0.00,0.00,1
2.435,-0.0352,-0.0393,0.0195,-0.0141,0.5156,0.0142,-1.28,0.43,-0.1133,-0.1914,9.8828,-0.1133,-0.1168,28.48,0.00,0.00,1
2.452,-0.0742,-0.0412,-0.2852,-0.0289,-0.2500,0.0951,-1.28,0.44,-0.1523,-0.4961,9.1211,-0.1523,-0.1244,28.48,0.00,0.00,1
2.474,-0.9883,-0.3145,-0.0195,-0.0545,-1.0547,-0.2689,-1.27,0.45,-0.0391,-0.0781,9.3477,-0.0391,-0.4155,28.48,0.00,0.00,1
2.486,0.0469,-0.3352,0.1328,-0.0369,-0.0195,-0.3068,-1.26,0.45,-0.0391,-0.0781,9.3477,-0.0391,-0.3577,28.48,0.00,0.00,1
2.504,-0.1445,-0.2343,-0.2109,-0.0318,-0.2500,-0.2443,-1.26,0.46,0.5352,-0.0781,10.1484,0.5352,-0.2421,28.48,0.00,0.00,1
2.522,0.6211,-0.0394,0.1328,-0.0066,0.7852,-0.0168,-1.25,0.46,0.0781,-0.2695,9.5039,0.0781,-0.0582,28.48,0.00,0.00,1
2.540,0.2773,0.0652,-0.1406,-0.0215,0.6328,0.1116,-1.23,0.45,0.1914,-0.3437,10.0000,0.1914,0.0133,28.48,0.00,0.00,1
2.554,0.2773,0.0978,-0.1406,-0.0398,0.6328,0.1916,-1.23,0.45,-0.0781,0.0000,8.8125,-0.0781,0.0191,28.48,0.00,0.00,1
2.571,0.3555,0.1104,0.4336,0.0418,0.6328,0.1003,-1.22,0.44,0.2695,0.2305,10.0000,0.2695,0.0629,28.48,0.00,0.00,1
2.592,-0.7187,0.0940,-0.0664,0.1129,-1.2070,0.1041,-1.21,0.44,-0.8047,-0.2695,8.1562,-0.8047,-0.1162,28.48,0.00,0.00,1
2.605,0.2383,-0.0093,0.0898,0.0857,0.1328,-0.0789,-1.21,0.43,0.1523,-0.1133,9.5039,0.1523,-0.0568,28.48,0.00,0.00,1
2.623,-0.3359,0.0291,-0.0273,0.0777,0.1719,-0.0036,-1.21,0.46,-0.4219,-0.2305,9.5430,-0.4219,-0.1126,28.48,0.00,0.00,1
2.644,-0.2969,-0.0893,-0.1016,0.0305,-0.7852,-0.0908,-1.21,0.47,0.0781,-0.0781,9.7656,0.0781,-0.1701,28.48,0.00,0.00,1
2.662,0.1641,-0.0462,0.1250,0.0432,0.4023,-0.0249,-1.21,0.47,0.4219,-0.3437,9.7695,0.4219,-0.0722,28.48,0.00,0.00,1
2.674,0.5078,0.0532,-0.1406,0.0205,0.4023,0.0697,-1.20,0.47,-0.1523,0.0781,9.0820,-0.1523,-0.0088,28.48,0.00,0.00,1
2.692,-0.0664,0.0550,0.2812,0.0682,-0.2891,0.0110,-1.20,0.44,0.2305,0.0391,9.8437,0.2305,-0.0189,28.48,0.00,0.00,1
2.712,0.2383,0.1159,-0.3320,0.0838,0.2109,0.1046,-1.21,0.45,0.1523,-0.5352,9.5820,0.1523,0.0488,28.48,0.00,0.00,1
2.724,0.2383,0.1347,-0.3320,0.0199,0.2109,0.1209,-1.21,0.46,-0.7656,-0.1914,8.1953,-0.7656,-0.0087,28.48,0.00,0.00,1
2.742,-0.1055,-0.0444,0.0898,0.0037,0.2109,-0.1291,-1.21,0.46,-0.1914,-0.1133,9.5781,-0.1914,-0.1397,28.48,0.00,0.00,1
2.761,-0.3750,-0.0868,-0.4492,-0.0101,-0.9023,-0.1023,-1.20,0.47,-0.4609,-0.6523,8.4648,-0.4609,-0.2170,28.48,0.00,0.00,1
2.775,-0.3750,-0.1310,-0.4492,-0.0775,-0.9023,-0.2252,-1.20,0.45,0.5742,0.2305,10.1484,0.5742,-0.1716,28.48,0.00,0.00,1
2.793,0.4219,0.0587,0.0117,0.0124,0.2461,-0.0206,-1.20,0.43,0.3437,-0.1914,9.6133,0.3437,0.0316,28.48,0.00,0.00,1
2.814,0.5742,0.2059,-0.2187,-0.0232,0.6680,0.1351,-1.20,0.44,-0.2695,-0.0391,9.0430,-0.2695,0.1200,28.48,0.00,0.00,1
2.831,-0.1914,0.1409,0.1641,0.0060,-0.3281,0.0658,-1.20,0.44,0.1914,-0.0781,9.6133,0.1914,0.0464,28.48,0.00,0.00,1
2.844,0.2695,0.1382,0.1250,0.0350,0.2461,0.0668,-1.21,0.44,-1.0742,-0.4609,7.8125,-1.0742,-0.0228,28.48,0.00,0.00,1
2.862,-0.9961,-0.1047,-0.2578,-0.0242,-1.5508,-0.2800,-1.20,0.43,0.1523,0.1133,9.8477,0.1523,-0.2228,28.48,0.00,0.00,1
2.882,0.1914,-0.0638,0.0117,0.0346,0.3242,-0.1505,-1.21,0.41,0.1133,-0.1914,9.6875,0.1133,-0.1036,28.48,0.00,0.00,1
2.894,0.1914,-0.0073,0.0117,0.0296,0.3242,-0.0454,-1.22,0.41,0.9570,-0.5352,10.2656,0.9570,0.0119,28.48,0.00,0.00,1
2.912,1.0352,0.2358,-0.3320,-0.0516,0.8984,0.1865,-1.22,0.43,-0.1914,0.0391,9.3828,-0.1914,0.1881,28.48,0.00,0.00,1
2.930,0.0391,0.1948,0.1641,0.0094,0.0547,0.1828,-1.22,0.42,-0.0391,-0.0391,9.4219,-0.0391,0.0924,28.48,0.00,0.00,1
2.945,0.0391,0.1709,0.1641,0.0332,0.0547,0.1631,-1.22,0.42,-1.0742,-0.5352,7.8945,-1.0742,-0.0106,28.48,0.00,0.00,1
2.962,0.1836,-0.0749,0.3945,-0.0048,0.4766,-0.1519,-1.21,0.40,0.1133,0.1914,9.8437,0.1133,-0.1104,28.48,0.00,0.00,1
2.981,0.1836,-0.0016,-0.0664,0.0716,0.1328,-0.0012,-1.22,0.41,0.1133,-0.2695,9.5039,0.1133,-0.0470,28.48,0.00,0.00,1
3.002,0.9883,0.2396,-0.2930,-0.0256,1.0898,0.2563,-1.22,0.42,-0.2305,0.0000,9.0391,-0.2305,0.1901,28.48,0.00,0.00,1
3.013,-0.1602,0.2628,0.2031,-0.0270,-0.3281,0.2709,-1.22,0.42,-0.2305,0.0000,9.0391,-0.2305,0.1255,28.48,0.00,0.00,1
3.032,-0.0820,0.1601,0.0898,0.0132,-0.0195,0.1693,-1.22,0.43,-1.1094,-0.5352,7.8945,-1.1094,-0.0298,28.48,0.00,0.00,1
3.052,-1.0313,-0.1186,-0.3320,-0.0584,-1.4766,-0.2067,-1.22,0.42,0.3437,0.1133,10.0312,0.3437,-0.2198,28.48,0.00,0.00,1
3.064,0.4219,-0.0974,0.3164,-0.0194,0.6680,-0.1583,-1.23,0.43,0.5742,-0.3047,10.2305,0.5742,-0.0766,28.48,0.00,0.00,1
3.082,0.6523,0.1009,-0.1016,-0.0166,0.8594,0.1184,-1.23,0.44,0.7266,-0.2305,10.7969,0.7266,0.1202,28.48,0.00,0.00,1
3.100,-0.5352,0.2249,-0.0273,-0.0245,-1.1680,0.3257,-1.23,0.45,-0.6133,-0.2305,8.1992,-0.6133,0.0304,28.48,0.00,0.00,1
3.115,-0.5352,0.1082,-0.0273,-0.0250,-1.1680,0.0963,-1.23,0.45,-0.3828,-0.0391,9.3047,-0.3828,-0.0501,28.48,0.00,0.00,1
3.132,-0.7656,-0.0827,-0.2578,-0.0052,-1.0938,-0.1029,-1.23,0.46,-0.8438,-0.4609,8.2773,-0.8438,-0.2655,28.48,0.00,0.00,1
3.151,0.5000,-0.1751,0.2422,-0.0369,0.7070,-0.2399,-1.23,0.43,0.4219,0.0391,10.0703,0.4219,-0.1494,28.48,0.00,0.00,1
3.172,0.3828,0.0291,-0.0273,-0.0014,0.4766,0.0320,-1.22,0.42,0.8047,-0.0391,10.8398,0.8047,0.0454,28.48,0.00,0.00,1
3.183,0.8750,0.1228,0.1641,0.0099,1.4727,0.1799,-1.22,0.43,0.8047,-0.0391,10.8398,0.8047,0.1620,28.48,0.00,0.00,1
3.203,-0.4648,0.0389,0.0117,0.0274,-1.0938,-0.0390,-1.22,0.43,-0.2305,0.0781,9.5391,-0.2305,-0.0880,28.48,0.00,0.00,1
3.223,-0.1602,-0.0365,0.2812,0.0826,0.1719,-0.0581,-1.22,0.44,-1.1094,-0.4961,7.7773,-1.1094,-0.1987,28.48,0.00,0.00,1
3.234,-1.0391,-0.1989,-0.2930,0.0384,-1.5898,-0.2778,-1.22,0.43,0.2305,0.0391,10.1875,0.2305,-0.2931,28.48,0.00,0.00,1
3.252,0.2930,-0.1424,0.2422,0.0628,0.8242,-0.1156,-1.24,0.44,-0.2305,-0.1914,9.4219,-0.2305,-0.1815,28.48,0.00,0.00,1
3.270,0.6445,-0.0581,0.0508,0.0617,0.7852,0.0450,-1.24,0.44,0.5742,-0.1523,10.1523,0.5742,-0.0201,28.48,0.00,0.00,1
3.285,0.6445,0.0498,0.0508,0.0601,0.7852,0.1587,-1.25,0.46,-0.1914,0.0000,9.4609,-0.1914,0.0099,28.48,0.00,0.00,1
3.302,0.1484,0.0570,0.2422,0.1032,0.4766,0.2068,-1.25,0.45,0.0781,0.0391,9.8477,0.0781,0.0009,28.48,0.00,0.00,1
3.322,-1.1172,-0.0183,-0.2187,0.1058,-1.5508,0.1211,-1.26,0.45,-1.1875,-0.4219,7.8125,-1.1875,-0.2573,28.48,0.00,0.00,1
3.343,0.1094,-0.1030,0.0977,0.0678,0.4766,0.0379,-1.28,0.45,-0.3047,-0.2695,9.0391,-0.3047,-0.1681,28.48,0.00,0.00,1
3.353,-0.2344,-0.0979,-0.0586,0.0598,-0.3281,0.0409,-1.29,0.46,-0.3047,-0.2695,9.0391,-0.3047,-0.1891,28.48,0.00,0.00,1
3.373,-0.2266,-0.1432,0.0195,0.0315,-0.2109,-0.0669,-1.31,0.48,-0.1523,-0.1133,9.4219,-0.1523,-0.2163,28.48,0.00,0.00,1
3.393,-0.0742,-0.1331,0.1055,0.0471,0.0547,-0.0489,-1.31,0.47,0.2695,0.0000,9.9219,0.2695,-0.1644,28.48,0.00,0.00,1
3.404,0.3477,-0.0553,0.2187,0.0774,0.5547,0.0508,-1.32,0.47,-0.5352,-0.1133,8.8125,-0.5352,-0.1328,28.48,0.00,0.00,1
3.423,-0.4648,-0.1208,0.1055,0.0924,-0.5547,-0.0518,-1.34,0.44,0.0000,-0.3437,9.8867,0.0000,-0.2041,28.48,0.00,0.00,1
3.441,-0.3516,-0.1201,-0.2031,0.0253,-0.3633,0.0100,-1.36,0.46,-0.4219,-0.4219,9.0039,-0.4219,-0.2279,28.48,0.00,0.00,1
3.455,-0.3516,-0.1556,-0.2031,-0.0098,-0.3633,-0.0474,-1.36,0.46,-0.9180,-0.1133,8.4219,-0.9180,-0.2974,28.48,0.00,0.00,1
3.472,-0.1133,-0.3012,0.0742,0.0109,-0.1367,-0.2546,-1.38,0.46,-0.1914,-0.1523,9.2266,-0.1914,-0.3481,28.48,0.00,0.00,1
3.490,-0.0352,-0.2309,-0.0039,0.0262,0.1328,-0.1929,-1.40,0.46,-0.1133,-0.2305,9.5000,-0.1133,-0.2774,28.48,0.00,0.00,1
3.513,0.3828,-0.1000,0.3047,0.0634,0.5156,-0.0230,-1.43,0.44,0.2695,-0.2695,9.9648,0.2695,-0.1057,28.48,0.00,0.00,1
3.523,0.3477,-0.0286,-0.0430,0.0726,0.5937,0.0659,-1.43,0.45,0.2695,-0.2695,9.9648,0.2695,-0.0481,28.48,0.00,0.00,1
3.545,0.4687,0.1183,-0.1484,0.0170,0.5547,0.2399,-1.46,0.47,-0.6523,-0.3047,8.4609,-0.6523,0.0095,28.48,0.00,0.00,1
3.562,-0.5664,-0.0114,-0.0703,-0.0126,-0.9023,0.0067,-1.47,0.47,-0.1523,-0.1914,9.3828,-0.1523,-0.1382,28.48,0.00,0.00,1
3.575,-0.0664,-0.0575,0.0430,-0.0080,0.0195,-0.0529,-1.49,0.48,-1.0352,-0.5742,8.0391,-1.0352,-0.2120,28.48,0.00,0.00,1
3.592,-0.9570,-0.2571,-0.3398,-0.0783,-1.3242,-0.3297,-1.49,0.44,0.3828,-0.1133,10.1094,0.3828,-0.3320,28.48,0.00,0.00,1
3.611,-0.1602,-0.1915,0.1641,-0.0459,0.4023,-0.1811,-1.50,0.43,-0.2305,-0.0781,9.7695,-0.2305,-0.2235,28.48,0.00,0.00,1
3.625,-0.1602,-0.1867,0.1641,-0.0136,0.4023,-0.0915,-1.52,0.43,0.3828,-0.4609,9.5430,0.3828,-0.1755,28.48,0.00,0.00,1
3.643,0.4609,-0.0417,-0.2187,-0.0480,0.1719,-0.0024,-1.54,0.45,-0.0781,-0.1914,9.5781,-0.0781,-0.0540,28.48,0.00,0.00,1
3.662,0.4219,0.0327,-0.1328,-0.0428,0.4766,0.0893,-1.55,0.46,0.3437,-0.3828,9.8477,0.3437,0.0311,28.48,0.00,0.00,1
3.684,-0.6875,-0.0050,-0.0937,-0.0675,-1.0547,-0.0139,-1.55,0.44,0.1523,-0.1133,9.7656,0.1523,-0.1035,28.48,0.00,0.00,1
3.693,0.2305,-0.0364,0.1367,-0.0531,0.4023,-0.0572,-1.57,0.44,0.1523,-0.1133,9.7656,0.1523,-0.0642,28.48,0.00,0.00,1
3.711,0.3008,0.0449,-0.2461,-0.0299,0.5156,0.0822,-1.58,0.42,0.2305,-0.4961,9.8828,0.2305,0.0145,28.48,0.00,0.00,1
3.733,-0.6211,-0.0719,-0.0547,-0.0612,-0.9023,-0.0838,-1.59,0.42,-0.1133,-0.1914,9.6133,-0.1133,-0.1799,28.48,0.00,0.00,1
3.744,-0.0430,-0.1100,0.0664,-0.0505,0.2461,-0.1177,-1.59,0.42,-0.1133,-0.1914,9.6133,-0.1133,-0.1697,28.48,0.00,0.00,1
3.762,-0.8125,-0.2613,-0.3945,-0.1194,-1.3594,-0.3698,-1.60,0.42,0.3437,-0.1133,10.4141,0.3437,-0.2738,28.48,0.00,0.00,1
3.782,0.4141,-0.1462,0.1445,-0.0781,1.0508,-0.1171,-1.61,0.41,-0.1133,-0.2695,9.3477,-0.1133,-0.1352,28.48,0.00,0.00,1
3.795,-0.0430,-0.0924,-0.0117,-0.0528,-0.0195,-0.0230,-1.61,0.42,-0.3828,-0.3047,9.1172,-0.3828,-0.1519,28.48,0.00,0.00,1
3.812,-0.3047,-0.1363,-0.0469,-0.0490,-0.2500,-0.0730,-1.62,0.43,0.1523,-0.1914,9.6523,0.1523,-0.1746,28.48,0.00,0.00,1
3.830,0.2383,-0.0397,-0.2383,-0.0405,0.2109,0.0125,-1.62,0.45,0.1523,-0.4961,9.5820,0.1523,-0.0631,28.48,0.00,0.00,1
3.851,-0.0664,0.0148,0.1055,-0.0691,-0.0898,0.0447,-1.62,0.45,-0.1523,-0.1523,9.2656,-0.1523,-0.0695,28.48,0.00,0.00,1
3.863,0.0469,0.0059,0.1523,-0.0267,0.5234,0.0640,-1.63,0.45,-0.0391,-0.1133,9.8867,-0.0391,-0.0627,28.48,0.00,0.00,1
3.881,0.5078,0.0544,-0.4180,-0.0216,0.4102,0.1852,-1.63,0.45,0.4219,-0.6914,9.7656,0.4219,0.0460,28.48,0.00,0.00,1
3.902,-0.1445,0.0646,0.1211,-0.0374,-0.2812,0.1089,-1.63,0.44,-0.3047,-0.1914,9.3477,-0.3047,-0.0542,28.48,0.00,0.00,1
3.914,-0.2187,0.0265,0.0820,-0.0162,-0.0117,0.0705,-1.63,0.44,-0.3047,-0.1914,9.3477,-0.3047,-0.0927,28.48,0.00,0.00,1
3.933,-0.8789,-0.2573,-0.3086,-0.0873,-1.4688,-0.3751,-1.63,0.43,0.0781,-0.0391,10.0312,0.0781,-0.3501,28.48,0.00,0.00,1
3.952,0.1562,-0.2045,0.2266,-0.0316,0.6758,-0.2106,-1.63,0.41,0.0781,-0.4609,9.3477,0.0781,-0.2287,28.48,0.00,0.00,1
3.965,0.1562,-0.1246,-0.1875,-0.0381,-0.0117,-0.1201,-1.63,0.43,-0.4609,-0.3437,9.0820,-0.4609,-0.2039,28.48,0.00,0.00,1
3.982,-0.3828,-0.1643,-0.0703,-0.0545,-0.2812,-0.1490,-1.63,0.44,0.1133,-0.1133,9.5820,0.1133,-0.2309,28.48,0.00,0.00,1
4.001,0.3477,-0.0634,-0.0703,-0.0130,0.4844,-0.0310,-1.63,0.45,0.2695,-0.3437,9.8477,0.2695,-0.0790,28.48,0.00,0.00,1
4.022,-0.2656,0.0041,0.3047,0.0008,-0.2422,0.0570,-1.63,0.44,-0.3437,0.0391,9.1211,-0.3437,-0.1158,28.48,0.00,0.00,1
4.033,0.3086,-0.0097,0.1211,0.0533,0.3711,0.0399,-1.63,0.45,0.2305,-0.1523,9.7266,0.2305,-0.0392,28.48,0.00,0.00,1
4.052,-0.0352,0.0531,-0.2227,0.0451,0.1797,0.1185,-1.63,0.43,-0.1133,-0.4961,9.5430,-0.1133,-0.0388,28.48,0.00,0.00,1
4.072,-0.6875,-0.1214,0.0430,0.0126,-1.1602,-0.1572,-1.63,0.43,-0.3047,-0.2305,9.3867,-0.3047,-0.2497,28.48,0.00,0.00,1
4.084,-0.2187,-0.1708,0.0352,0.0166,0.0273,-0.2162,-1.63,0.43,-0.3047,-0.2305,9.3867,-0.3047,-0.2582,28.48,0.00,0.00,1
4.104,-0.0664,-0.1638,-0.1875,-0.0113,-0.2422,-0.1746,-1.64,0.45,0.5352,-0.0391,10.1914,0.5352,-0.1758,28.48,0.00,0.00,1
4.123,0.6211,0.0160,0.2344,0.0321,0.8320,0.0440,-1.64,0.45,0.2305,-0.1133,10.3437,0.2305,0.0014,28.48,0.00,0.00,1
4.135,0.3164,0.1031,0.1602,0.0655,0.9844,0.2418,-1.65,0.44,0.4609,-0.6523,9.4219,0.4609,0.0706,28.48,0.00,0.00,1
4.152,0.5469,0.2146,-0.3789,-0.0270,0.0625,0.2484,-1.65,0.45,-0.6133,-0.0391,8.7773,-0.6133,0.0953,28.48,0.00,0.00,1
4.171,-0.0273,0.0632,0.1211,0.0179,-0.0508,0.0439,-1.65,0.44,-0.1133,-0.1523,9.3047,-0.1133,-0.0356,28.48,0.00,0.00,1
4.191,-0.8711,-0.0300,-0.1484,0.0256,-1.3164,-0.0842,-1.66,0.47,-0.9570,-0.4219,8.0391,-0.9570,-0.2444,28.48,0.00,0.00,1
4.203,0.2773,-0.1242,0.1953,0.0146,0.6016,-0.2035,-1.66,0.47,0.1914,-0.0781,9.9609,0.1914,-0.1479,28.48,0.00,0.00,1
4.221,0.0156,-0.0067,0.0039,0.0609,0.4102,0.0557,-1.67,0.48,-0.0781,-0.2695,9.7656,-0.0781,-0.0919,28.48,0.00,0.00,1
4.245,0.0937,0.0129,0.0039,0.0415,0.0625,0.1231,-1.67,0.48,0.2305,-0.3437,9.4609,0.2305,-0.0466,28.48,0.00,0.00,1
4.254,0.3242,0.0438,-0.0703,0.0298,0.1016,0.1169,-1.67,0.47,0.2305,-0.3437,9.4609,0.2305,-0.0040,28.48,0.00,0.00,1
4.275,0.4375,0.1568,0.1602,0.0310,0.8672,0.2293,-1.68,0.48,-0.4609,-0.3828,8.3125,-0.4609,0.0437,28.48,0.00,0.00,1
4.292,-0.3672,0.0583,-0.1094,0.0080,-1.0469,-0.0134,-1.68,0.48,-0.1523,0.0000,10.2656,-0.1523,-0.0748,28.48,0.00,0.00,1
4.305,-0.0586,0.0115,0.2812,0.0420,0.9063,0.0579,-1.68,0.50,0.0000,-0.6523,8.9648,0.0000,-0.0797,28.48,0.00,0.00,1
4.322,0.0937,0.0254,-0.3711,-0.0345,-0.3945,0.0106,-1.69,0.52,-0.8047,-0.0781,8.5000,-0.8047,-0.1215,28.48,0.00,0.00,1
4.343,-0.2109,-0.1379,0.1289,0.0077,-0.0117,-0.1907,-1.69,0.52,-0.3047,-0.1523,9.3437,-0.3047,-0.2438,28.48,0.00,0.00,1
4.356,-0.2109,-0.1541,0.1289,0.0345,-0.0117,-0.1511,-1.70,0.51,-0.2305,-0.5352,8.8828,-0.2305,-0.2513,28.48,0.00,0.00,1
4.373,0.4766,-0.1034,0.2031,-0.0053,0.7148,-0.1393,-1.70,0.48,0.3828,-0.0781,10.0742,0.3828,-0.1085,28.48,0.00,0.00,1
4.392,0.4297,0.0890,-0.0234,0.0476,0.7930,0.1581,-1.71,0.46,0.3437,-0.3047,10.1523,0.3437,0.0504,28.48,0.00,0.00,1
4.415,0.4297,0.2051,-0.1406,0.0054,0.5234,0.3332,-1.72,0.48,-0.2305,-0.2695,8.8828,-0.2305,0.1045,28.48,0.00,0.00,1
4.424,-0.1367,0.1943,0.0117,-0.0048,-0.4727,0.2827,-1.71,0.49,-0.2305,-0.2695,8.8828,-0.2305,0.0530,28.48,0.00,0.00,1
4.445,-0.0195,0.0995,0.2812,0.0422,0.3711,0.1548,-1.72,0.50,-0.9570,-0.5352,7.7344,-0.9570,-0.0779,28.48,0.00,0.00,1
4.463,-0.8633,-0.1210,-0.2539,-0.0084,-1.6211,-0.2248,-1.72,0.48,-0.1133,-0.0391,10.0312,-0.1133,-0.2597,28.48,0.00,0.00,1
4.483,0.1992,-0.1189,-0.1016,0.0211,-0.1641,-0.1166,-1.73,0.45,0.1133,-0.3828,9.1953,0.1133,-0.1597,28.48,0.00,0.00,1
4.493,0.1992,-0.0700,-0.1016,0.0022,-0.1641,-0.1239,-1.73,0.46,-0.3047,-0.3437,9.3437,-0.3047,-0.1512,28.48,0.00,0.00,1
4.513,-0.2187,-0.0862,-0.0625,-0.0186,-0.0117,-0.1016,-1.74,0.47,-0.1133,-0.3437,9.1602,-0.1133,-0.1794,28.48,0.00,0.00,1
4.531,0.7383,-0.0158,0.1758,-0.0129,0.9844,-0.0302,-1.75,0.49,0.6523,-0.1133,10.3477,0.6523,0.0126,28.48,0.00,0.00,1
4.543,0.7383,0.1000,0.1758,0.0161,0.9844,0.1256,-1.74,0.49,-0.6914,-0.2305,8.6211,-0.6914,0.0034,28.48,0.00,0.00,1
4.561,0.2383,0.0040,-0.0547,0.0282,0.0625,-0.0069,-1.75,0.48,0.1523,-0.3437,9.4219,0.1523,-0.0468,28.48,0.00,0.00,1
4.585,-0.7969,-0.0751,0.0977,0.0234,-0.2812,-0.0360,-1.77,0.47,-0.5742,-0.4961,8.3164,-0.5742,-0.2478,28.48,0.00,0.00,1
4.594,-0.4883,-0.1613,-0.2070,0.0104,-1.0469,-0.1350,-1.77,0.47,-0.5742,-0.4961,8.3164,-0.5742,-0.2979,28.48,0.00,0.00,1
4.612,-0.0273,-0.2172,-0.0156,-0.0360,0.2539,-0.2895,-1.76,0.48,-0.1133,-0.3047,9.6133,-0.1133,-0.2743,28.48,0.00,0.00,1
4.633,0.5078,-0.0340,-0.0547,-0.0377,0.4492,-0.0610,-1.77,0.49,0.0391,-0.2305,9.5000,0.0391,-0.0676,28.48,0.00,0.00,1
4.653,0.3906,0.0562,0.0977,-0.0143,0.6016,0.0523,-1.77,0.48,0.3047,-0.1914,9.9648,0.3047,0.0035,28.48,0.00,0.00,1
4.664,0.3906,0.1076,0.0977,0.0029,0.6016,0.1366,-1.78,0.47,0.1914,-0.4961,9.8086,0.1914,0.0407,28.48,0.00,0.00,1
4.684,0.2773,0.1628,-0.2070,-0.0377,0.4492,0.2348,-1.78,0.48,-0.6523,-0.2695,8.5820,-0.6523,0.0159,28.48,0.00,0.00,1
4.696,-0.5664,0.0585,0.0195,-0.0403,-0.7773,0.0938,-1.78,0.47,-0.1914,-0.1914,9.2656,-0.1914,-0.0951,28.48,0.00,0.00,1
4.714,-0.1055,-0.0167,0.0977,-0.0061,-0.0898,-0.0011,-1.78,0.49,-0.9180,-0.6133,8.3516,-0.9180,-0.1805,28.48,0.00,0.00,1
4.731,0.3906,-0.1552,0.1367,-0.0535,0.5234,-0.1692,-1.78,0.49,0.3047,-0.1523,9.8828,0.3047,-0.1614,28.48,0.00,0.00,1
4.755,-0.0586,-0.0381,0.1055,0.0066,0.5625,0.0729,-1.78,0.51,0.3828,-0.4609,9.4219,0.3828,-0.0893,28.48,0.00,0.00,1
4.766,0.4766,0.0015,-0.1641,0.0002,0.0625,0.1081,-1.78,0.51,0.3828,-0.4609,9.4219,0.3828,-0.0168,28.48,0.00,0.00,1
4.782,0.1250,0.1081,-0.0469,-0.0370,0.2539,0.1105,-1.78,0.50,0.0391,-0.3437,9.6094,0.0391,0.0205,28.48,0.00,0.00,1
4.803,0.3906,0.1727,0.2187,0.0184,0.7148,0.2614,-1.78,0.50,-0.6523,-0.4609,8.1953,-0.6523,0.0408,28.48,0.00,0.00,1
4.815,-0.5664,0.1296,-0.1719,0.0179,-1.1602,0.1811,-1.78,0.50,-0.6523,-0.4609,8.1953,-0.6523,-0.0657,28.48,0.00,0.00,1
4.834,0.0469,-0.0135,0.2500,0.0180,0.7539,0.0178,-1.78,0.49,0.0000,-0.6133,9.0820,0.0000,-0.0886,28.48,0.00,0.00,1
4.852,0.0859,0.0123,-0.3242,-0.0433,-0.2812,-0.0025,-1.78,0.52,-0.7656,-0.3437,8.5391,-0.7656,-0.1247,28.48,0.00,0.00,1
4.866,-0.6719,-0.0878,-0.0547,-0.0640,-0.8164,-0.1464,-1.78,0.52,-0.3437,-0.1133,9.4219,-0.3437,-0.2328,28.48,0.00,0.00,1
4.883,-0.2500,-0.1601,0.1758,-0.0104,0.0625,-0.1419,-1.77,0.53,-0.6133,-0.7266,8.2773,-0.6133,-0.2858,28.48,0.00,0.00,1
4.902,0.5156,-0.1844,0.1367,-0.0749,0.8320,-0.2445,-1.77,0.52,0.4219,-0.1523,10.1875,0.4219,-0.1684,28.48,0.00,0.00,1
4.922,-0.0977,-0.0349,0.2109,-0.0090,0.6406,0.0455,-1.77,0.52,-0.1914,-0.0781,10.0000,-0.1914,-0.1367,28.48,0.00,0.00,1
4.934,0.0859,-0.0341,-0.2852,0.0000,-0.5469,0.0822,-1.77,0.52,0.0000,-0.5742,8.8164,0.0000,-0.1065,28.48,0.00,0.00,1
4.951,0.1250,0.0031,0.2109,-0.0412,0.5625,-0.0075,-1.76,0.51,0.0391,-0.0781,9.9219,0.0391,-0.0676,28.48,0.00,0.00,1
4.974,0.4297,0.1375,-0.0937,-0.0283,0.3711,0.1626,-1.75,0.50,-0.4219,-0.1914,8.9219,-0.4219,0.0331,28.48,0.00,0.00,1
4.985,-0.3359,0.1211,0.0977,-0.0231,-0.4336,0.1303,-1.74,0.49,-0.4219,-0.1914,8.9219,-0.4219,-0.0368,28.48,0.00,0.00,1
5.005,0.1992,0.0475,0.0117,0.0049,0.2539,0.0436,-1.74,0.48,0.0391,-0.4219,9.8828,0.0391,-0.0223,28.48,0.00,0.00,1
5.023,0.1250,0.0741,-0.1406,-0.0269,0.5234,0.1629,-1.73,0.50,-0.6523,-0.3047,8.2734,-0.6523,-0.0602,28.48,0.00,0.00,1
5.036,-0.5664,-0.0208,-0.0234,-0.0341,-1.0859,-0.0045,-1.73,0.51,-0.2695,-0.2305,9.2695,-0.2695,-0.1606,28.48,0.00,0.00,1
5.053,-0.1836,-0.0908,0.0508,-0.0146,-0.0898,-0.0907,-1.72,0.52,-0.6914,-0.4609,8.6172,-0.6914,-0.2252,28.48,0.00,0.00,1
5.072,0.5078,-0.1530,0.1680,-0.0299,0.6016,-0.1680,-1.71,0.51,0.4219,-0.1133,9.9609,0.4219,-0.1378,28.48,0.00,0.00,1
5.092,-0.0664,-0.0116,0.1289,0.0231,0.7539,0.0625,-1.71,0.50,-0.1523,-0.1523,10.1094,-0.1523,-0.1061,28.48,0.00,0.00,1
5.104,0.1250,-0.0084,-0.1406,0.0250,-0.5117,0.1142,-1.71,0.50,0.0391,-0.4219,8.8437,0.0391,-0.0740,28.48,0.00,0.00,1
5.122,0.1641,0.0402,0.0898,-0.0131,0.3320,-0.0317,-1.69,0.50,0.0781,-0.1914,9.6875,0.0781,-0.0268,28.48,0.00,0.00,1
5.144,0.3906,0.1172,0.1289,0.0280,0.6406,0.1397,-1.69,0.50,-0.4961,-0.3828,8.2773,-0.4961,0.0092,28.48,0.00,0.00,1
5.155,-0.4102,0.0952,-0.1094,0.0245,-1.0859,0.0785,-1.68,0.50,-0.4961,-0.3828,8.2773,-0.4961,-0.0685,28.48,0.00,0.00,1
5.175,-0.1055,-0.0303,0.3125,0.0436,0.9844,-0.0004,-1.68,0.51,-0.0391,-0.6914,8.9258,-0.0391,-0.1156,28.48,0.00,0.00,1
5.193,0.0469,-0.0179,-0.4180,-0.0418,-0.4336,-0.0350,-1.68,0.52,-0.8047,-0.1523,8.6172,-0.8047,-0.1552,28.48,0.00,0.00,1
5.206,-0.7109,-0.1200,0.1211,-0.0422,-0.7422,-0.1706,-1.68,0.53,-0.3437,-0.0391,9.3477,-0.3437,-0.2620,28.48,0.00,0.00,1
5.223,-0.2578,-0.1873,0.2344,0.0292,-0.0117,-0.1710,-1.67,0.53,-0.1523,-0.6523,8.8477,-0.1523,-0.2699,28.48,0.00,0.00,1
5.245,0.3906,-0.1205,0.3125,-0.0195,0.7539,-0.1573,-1.66,0.50,0.3047,0.0391,10.1133,0.3047,-0.1287,28.48,0.00,0.00,1
5.262,0.4687,0.0600,-0.1094,0.0599,0.4102,0.1259,-1.66,0.48,0.3828,-0.3828,9.7656,0.3828,0.0364,28.48,0.00,0.00,1
5.274,0.4687,0.1228,-0.1094,0.0339,0.4102,0.1695,-1.65,0.49,0.1914,-0.4219,10.0312,0.1914,0.0743,28.48,0.00,0.00,1
5.291,-0.1445,0.1527,0.0742,-0.0082,-0.6641,0.2197,-1.64,0.50,-0.2305,-0.1914,8.6953,-0.2305,0.0208,28.48,0.00,0.00,1
5.311,0.1641,0.0931,0.1133,0.0183,0.3711,0.0519,-1.63,0.50,0.0781,-0.1523,9.7305,0.0781,0.0179,28.48,0.00,0.00,1
5.325,-0.7969,0.0319,-0.1172,0.0209,-1.2773,-0.0093,-1.63,0.51,-0.8828,-0.3828,8.0820,-0.8828,-0.1815,28.48,0.00,0.00,1
5.346,0.3555,-0.0736,0.2656,0.0326,0.4844,-0.1710,-1.62,0.48,0.3047,-0.3047,9.8477,0.3047,-0.0909,28.48,0.00,0.00,1
5.363,0.3906,0.0558,-0.0391,0.0313,0.4844,0.0148,-1.61,0.49,0.8438,-0.4219,10.5352,0.8438,0.0644,28.48,0.00,0.00,1
5.382,-0.2578,0.2279,0.1875,0.0016,-0.3945,0.2454,-1.60,0.50,-0.3437,-0.0781,8.9648,-0.3437,0.0673,28.48,0.00,0.00,1
5.394,-0.2578,0.1204,0.1797,0.0415,-0.3945,0.1038,-1.60,0.49,-0.0391,-0.1133,9.5820,-0.0391,0.0007,28.48,0.00,0.00,1
5.413,0.0469,0.0805,0.1445,0.0729,0.2187,0.0982,-1.59,0.48,-1.1094,-0.5352,7.7773,-1.1094,-0.0962,28.48,0.00,0.00,1
5.432,0.2695,-0.1326,0.1797,0.0142,0.4844,-0.2061,-1.58,0.46,0.1914,-0.0781,9.8437,0.1914,-0.1537,28.48,0.00,0.00,1
5.444,0.2695,-0.0709,0.1797,0.0397,0.4844,-0.1001,-1.58,0.46,-0.2695,-0.1914,9.7695,-0.2695,-0.1376,28.48,0.00,0.00,1
5.462,0.2773,-0.0480,-0.1250,0.0400,0.0273,0.0475,-1.58,0.48,0.1914,-0.3828,9.3828,0.1914,-0.0806,28.48,0.00,0.00,1
5.482,0.0000,0.0221,0.1445,0.0147,0.0625,0.0446,-1.56,0.48,-0.0781,-0.1133,9.4219,-0.0781,-0.0631,28.48,0.00,0.00,1
5.495,0.3828,0.0478,0.1445,0.0435,0.7148,0.1008,-1.56,0.48,0.3047,-0.1133,10.0703,0.3047,0.0183,28.48,0.00,0.00,1
5.512,-0.6484,0.0603,-0.0117,0.0596,-1.1250,0.1277,-1.55,0.45,-0.7266,-0.2695,8.2383,-0.7266,-0.1287,28.48,0.00,0.00,1
5.532,0.0312,0.0097,-0.0117,0.0394,0.4492,0.1208,-1.55,0.44,-0.3437,-0.3437,9.1953,-0.3437,-0.1277,28.48,0.00,0.00,1
5.553,-0.7656,-0.1071,0.1055,0.0162,-1.0078,-0.0086,-1.55,0.46,-0.8438,-0.1523,8.3516,-0.8438,-0.3120,28.48,0.00,0.00,1
5.565,-0.7656,-0.2529,0.1055,0.0360,-1.0078,-0.2298,-1.55,0.46,-0.2305,-0.1914,9.3047,-0.2305,-0.3806,28.48,0.00,0.00,1
5.584,-0.1523,-0.2626,0.0664,0.0470,-0.0508,-0.2386,-1.55,0.47,0.0781,-0.3437,9.3867,0.0781,-0.3133,28.48,0.00,0.00,1
5.603,0.5742,-0.1040,0.1719,0.0295,0.7148,-0.0974,-1.54,0.44,0.4961,-0.0781,10.0742,0.4961,-0.0874,28.48,0.00,0.00,1
5.614,0.5742,0.0002,0.1719,0.0513,0.7148,0.0273,-1.55,0.44,0.1133,-0.1523,10.0312,0.1133,-0.0284,28.48,0.00,0.00,1
5.632,0.5664,0.1157,-0.1719,0.0498,0.3711,0.2263,-1.55,0.43,0.4961,-0.4219,9.7266,0.4961,0.1046,28.48,0.00,0.00,1
5.651,-0.2344,0.1795,0.0586,0.0054,-0.5117,0.1967,-1.55,0.42,-0.3047,-0.1914,8.8477,-0.3047,0.0384,28.48,0.00,0.00,1
5.665,0.0312,0.1091,0.2109,0.0293,0.3711,0.1106,-1.55,0.43,-0.0391,-0.0391,9.7305,-0.0391,0.0213,28.48,0.00,0.00,1
5.682,-0.9258,0.0105,-0.1328,0.0533,-1.5820,0.0282,-1.55,0.44,-0.9961,-0.3828,7.7734,-0.9961,-0.2076,28.48,0.00,0.00,1
5.704,0.1562,-0.0522,0.1797,0.0677,0.4844,-0.0196,-1.55,0.45,0.0781,-0.3047,10.0352,0.0781,-0.0951,28.48,0.00,0.00,1
5.716,0.1562,-0.0202,-0.0469,0.0668,0.6758,0.0731,-1.55,0.46,0.0781,-0.3047,10.0352,0.0781,-0.0685,28.48,0.00,0.00,1
5.735,-0.6133,-0.0782,-0.1641,0.0100,-1.2773,-0.0214,-1.55,0.47,-0.2305,-0.1523,9.5391,-0.2305,-0.1999,28.48,0.00,0.00,1
5.753,-0.1523,-0.1280,0.1055,0.0203,0.1797,-0.0552,-1.56,0.46,0.0781,-0.4609,9.3867,0.0781,-0.1839,28.48,0.00,0.00,1
5.771,0.3008,-0.0372,0.1445,-0.0104,0.2539,-0.0002,-1.56,0.44,0.2305,-0.1133,9.6133,0.2305,-0.0608,28.48,0.00,0.00,1
5.784,0.3008,0.0147,0.1445,0.0134,0.2539,0.0389,-1.56,0.43,0.0781,0.0391,10.1484,0.0781,-0.0283,28.48,0.00,0.00,1
5.802,0.4922,0.0965,-0.3945,0.0460,0.2539,0.2219,-1.56,0.42,0.4219,-0.6523,9.6133,0.4219,0.0841,28.48,0.00,0.00,1
5.822,-0.2734,0.1475,0.1055,-0.0389,-0.3555,0.1822,-1.57,0.42,-0.3437,-0.1523,9.0039,-0.3437,0.0104,28.48,0.00,0.00,1
5.835,-0.1992,0.0603,0.1445,-0.0038,0.0625,0.0967,-1.57,0.42,-0.2695,-0.1133,9.4219,-0.2695,-0.0515,28.48,0.00,0.00,1
5.852,-0.9258,-0.0714,-0.3945,-0.0049,-1.5820,-0.0446,-1.57,0.44,-0.9961,-0.6523,7.7734,-0.9961,-0.2742,28.48,0.00,0.00,1
5.875,0.4531,-0.1509,0.2187,-0.0435,0.9844,-0.1745,-1.57,0.43,0.0000,-0.1914,9.9609,0.0000,-0.1598,28.48,0.00,0.00,1
5.886,0.0703,-0.0888,0.0664,-0.0154,0.6016,-0.0271,-1.58,0.42,0.0000,-0.1914,9.9609,0.0000,-0.1353,28.48,0.00,0.00,1
5.904,0.3008,0.0009,-0.2773,-0.0403,-0.1641,0.0696,-1.57,0.42,-0.1133,-0.1133,9.4219,-0.1133,-0.0513,28.48,0.00,0.00,1
5.923,-0.0430,0.0099,0.1445,-0.0142,0.0625,0.0535,-1.57,0.42,0.3828,-0.2695,10.0039,0.3828,-0.0292,28.48,0.00,0.00,1
5.941,-0.7344,0.0375,-0.2031,-0.0197,-1.1602,0.0764,-1.56,0.44,-0.8047,-0.4609,8.1992,-0.8047,-0.1515,28.48,0.00,0.00,1
5.954,-0.7344,-0.0810,-0.2031,-0.0479,-1.1602,-0.1135,-1.56,0.44,0.0000,-0.0391,9.6484,0.0000,-0.1875,28.48,0.00,0.00,1
5.973,-0.5039,-0.1199,-0.2031,-0.0149,-0.2031,-0.0979,-1.56,0.44,-0.5742,-0.4609,9.1562,-0.5742,-0.2507,28.48,0.00,0.00,1
5.992,-0.5039,-0.2508,-0.0117,-0.0638,-0.9688,-0.1950,-1.56,0.44,-0.5742,-0.2695,8.3906,-0.5742,-0.3610,28.48,0.00,0.00,1
6.005,-0.5039,-0.2897,-0.0117,-0.0558,-0.9688,-0.3139,-1.56,0.43,-0.0781,-0.2695,9.5430,-0.0781,-0.3540,28.48,0.00,0.00,1
6.022,0.3086,-0.1967,-0.2383,-0.0589,0.2539,-0.2055,-1.55,0.45,0.2305,-0.4961,9.6133,0.2305,-0.1917,28.48,0.00,0.00,1
6.045,0.4609,-0.0010,0.0977,-0.0684,0.2539,-0.0489,-1.55,0.45,0.0391,-0.0391,10.2305,0.0391,-0.0321,28.48,0.00,0.00,1
6.056,0.1172,0.0424,0.2109,-0.0339,0.8672,0.0467,-1.54,0.47,0.0391,-0.0391,10.2305,0.0391,-0.0211,28.48,0.00,0.00,1
6.076,0.4609,0.1207,-0.4414,-0.0506,0.0273,0.1974,-1.54,0.48,-0.3828,-0.1133,9.1211,-0.3828,0.0356,28.48,0.00,0.00,1
6.093,-0.3047,0.0478,0.1367,-0.0335,-0.2422,0.0895,-1.52,0.47,-0.1523,-0.0781,9.5039,-0.1523,-0.0646,28.48,0.00,0.00,1
6.112,-0.8047,-0.0596,-0.3633,-0.0203,-1.3906,-0.0423,-1.52,0.47,-0.8828,-0.6133,7.9727,-0.8828,-0.2017,28.48,0.00,0.00,1
6.124,-0.8047,-0.1741,-0.3633,-0.0729,-1.3906,-0.2494,-1.50,0.45,-0.0781,-0.0391,10.0742,-0.0781,-0.2419,28.48,0.00,0.00,1
6.143,-0.0078,-0.1766,0.2031,-0.0299,0.7148,-0.1071,-1.50,0.43,-0.0391,-0.4961,9.0820,-0.0391,-0.1924,28.48,0.00,0.00,1
6.162,-0.3047,-0.1348,-0.0625,-0.0648,-0.3203,-0.1125,-1.48,0.45,-0.3828,-0.3047,9.0391,-0.3828,-0.2162,28.48,0.00,0.00,1
6.175,-0.3047,-0.1609,-0.0625,-0.0644,-0.3203,-0.1444,-1.47,0.45,0.0000,-0.1523,9.6484,0.0000,-0.2111,28.48,0.00,0.00,1
6.192,0.4609,-0.0707,-0.1016,-0.0359,0.5234,-0.0120,-1.46,0.47,0.3828,-0.3437,9.8867,0.3828,-0.0544,28.48,0.00,0.00,1
6.215,-0.1914,0.0103,0.1211,-0.0241,-0.2422,0.0529,-1.44,0.46,0.2305,-0.2305,9.6914,0.2305,-0.0504,28.48,0.00,0.00,1
6.226,0.3086,0.0193,0.0039,-0.0112,0.3320,0.0535,-1.44,0.46,0.2305,-0.2305,9.6914,0.2305,-0.0072,28.48,0.00,0.00,1
6.243,0.0391,0.0798,-0.0352,-0.0100,0.6406,0.1572,-1.42,0.45,-0.0391,-0.2695,10.0039,-0.0391,0.0005,28.48,0.00,0.00,1
6.263,-0.4883,-0.0508,-0.0430,-0.0203,-1.0469,-0.0515,-1.41,0.45,-0.3828,-0.1914,9.4258,-0.3828,-0.1801,28.48,0.00,0.00,1
6.284,-0.4883,-0.1489,-0.2695,-0.0338,-0.8945,-0.1648,-1.38,0.45,-0.3828,-0.1914,9.4258,-0.3828,-0.2376,28.48,0.00,0.00,1
6.294,-0.4883,-0.2240,-0.2695,-0.0860,-0.8945,-0.3263,-1.38,0.46,0.3047,-0.0391,9.9258,0.3047,-0.2147,28.48,0.00,0.00,1
6.313,0.3906,-0.1045,0.1875,-0.0369,0.5625,-0.1650,-1.36,0.48,0.1133,-0.1133,9.6094,0.1133,-0.0827,28.48,0.00,0.00,1
6.331,0.7383,0.0532,-0.1641,-0.0052,0.7539,0.0355,-1.35,0.49,0.6523,-0.3828,10.1094,0.6523,0.1034,28.48,0.00,0.00,1
6.345,0.7383,0.1584,-0.1641,-0.0296,0.7539,0.1458,-1.34,0.50,-0.1523,-0.1133,9.3477,-0.1523,0.1233,28.48,0.00,0.00,1
6.362,0.2383,0.1523,0.1406,0.0038,0.4102,0.1698,-1.33,0.49,0.1523,-0.0781,9.7656,0.1523,0.0968,28.48,0.00,0.00,1
6.382,-0.9883,0.0785,-0.1719,0.0176,-1.5078,0.0845,-1.30,0.48,-1.0742,-0.3828,7.8516,-1.0742,-0.1589,28.48,0.00,0.00,1
6.396,0.0859,-0.0716,0.2109,0.0063,0.3711,-0.1176,-1.30,0.47,0.0000,0.0000,9.7305,0.0000,-0.1237,28.48,0.00,0.00,1
6.414,-0.2969,-0.0576,-0.0195,0.0459,-0.1289,-0.0190,-1.29,0.50,-0.3828,-0.2305,9.2266,-0.3828,-0.1734,28.48,0.00,0.00,1
6.434,-0.3281,-0.1324,-0.0195,0.0273,-0.7773,-0.1937,-1.28,0.51,0.0000,0.0000,9.6914,0.0000,-0.2021,28.48,0.00,0.00,1
6.453,0.0859,-0.0962,0.2109,0.0651,0.3320,-0.1137,-1.27,0.50,0.3437,-0.3437,9.6914,0.3437,-0.1173,28.48,0.00,0.00,1
6.465,0.4297,-0.0031,-0.1406,0.0433,0.3320,-0.0150,-1.26,0.49,0.0781,0.0391,9.6914,0.0781,-0.0365,28.48,0.00,0.00,1
6.483,0.1641,0.0608,0.2422,0.0759,0.3320,0.0834,-1.25,0.46,0.1133,-0.2305,9.5000,0.1133,-0.0012,28.48,0.00,0.00,1
6.502,0.2695,0.1100,-0.1797,0.0440,0.6406,0.1539,-1.24,0.46,0.1914,-0.3828,10.0000,0.1914,0.0551,28.48,0.00,0.00,1
6.515,0.2695,0.1345,-0.1797,0.0096,0.6406,0.2286,-1.24,0.47,-0.6133,-0.0391,8.4648,-0.6133,0.0117,28.48,0.00,0.00,1
6.533,-0.0273,-0.0054,0.1641,0.0426,0.1016,0.0134,-1.22,0.47,-0.1133,-0.0391,9.4648,-0.1133,-0.0907,28.48,0.00,0.00,1
6.552,-0.9102,-0.0823,-0.0352,0.0611,-1.0859,-0.0566,-1.21,0.49,-0.9961,-0.2305,8.2734,-0.9961,-0.2925,28.48,0.00,0.00,1
6.566,0.3906,-0.1614,0.1562,0.0551,0.5625,-0.1525,-1.20,0.48,0.3047,-0.0391,9.9258,0.3047,-0.1603,28.48,0.00,0.00,1
6.583,0.0078,-0.0039,0.0820,0.0836,0.5234,0.0881,-1.20,0.48,-0.0781,-0.1133,9.8867,-0.0781,-0.0865,28.48,0.00,0.00,1
6.605,0.0859,0.0121,0.0430,0.0771,-0.0508,0.1483,-1.19,0.48,-0.2305,-0.3047,9.0430,-0.2305,-0.0799,28.48,0.00,0.00,1
6.617,-0.1445,0.0050,-0.1094,0.0597,-0.3203,0.0962,-1.19,0.48,-0.2305,-0.3047,9.0430,-0.2305,-0.1031,28.48,0.00,0.00,1
6.634,0.5469,0.0602,0.2344,0.0548,1.0234,0.1606,-1.18,0.48,-0.7266,-0.1133,8.1211,-0.7266,-0.0454,28.48,0.00,0.00,1
6.654,-0.6406,-0.0646,0.0820,0.0720,-1.2383,-0.0952,-1.18,0.48,-0.1523,-0.1523,9.7305,-0.1523,-0.1927,28.48,0.00,0.00,1
6.672,-0.2187,-0.1103,-0.1094,0.0522,-0.3203,-0.0838,-1.18,0.51,-0.3047,-0.3047,9.0430,-0.3047,-0.2126,28.48,0.00,0.00,1
6.685,-0.2187,-0.1269,-0.1094,0.0274,-0.3203,-0.1201,-1.18,0.51,-0.5742,0.0000,8.8828,-0.5742,-0.2483,28.48,0.00,0.00,1
6.703,-0.0664,-0.1993,-0.1484,0.0397,-0.2422,-0.2131,-1.18,0.51,-0.1523,-0.3437,9.1211,-0.1523,-0.2661,28.48,0.00,0.00,1
6.721,0.5469,-0.1050,-0.0039,-0.0145,0.6406,-0.1524,-1.17,0.51,0.4609,-0.1914,10.0000,0.4609,-0.0916,28.48,0.00,0.00,1
6.736,0.5469,-0.0048,-0.0039,-0.0129,0.6406,-0.0306,-1.17,0.51,-0.0391,0.0000,9.4219,-0.0391,-0.0467,28.48,0.00,0.00,1
6.753,0.4766,0.0758,-0.0742,0.0235,0.3711,0.0590,-1.18,0.53,0.3828,-0.2695,9.7305,0.3828,0.0493,28.48,0.00,0.00,1
6.775,-0.0977,0.1242,-0.0742,-0.0098,0.2930,0.1534,-1.18,0.53,-0.8438,-0.0781,7.9727,-0.8438,-0.0521,28.48,0.00,0.00,1
6.787,-0.7500,0.0380,0.1172,-0.0044,-1.3906,0.0401,-1.18,0.54,-0.8438,-0.0781,7.9727,-0.8438,-0.1737,28.48,0.00,0.00,1
6.812,-0.2109,-0.1576,-0.2656,0.0116,-0.6250,-0.2195,-1.19,0.53,-0.3047,-0.4609,8.7344,-0.3047,-0.2577,28.48,0.00,0.00,1
6.824,-0.2109,-0.1658,-0.2656,-0.0310,-0.6250,-0.2818,-1.18,0.53,0.4961,0.0000,10.1484,0.4961,-0.2009,28.48,0.00,0.00,1
6.844,0.3633,0.0278,-0.0742,-0.0018,0.4844,-0.0213,-1.20,0.55,0.2695,-0.2695,9.8477,0.2695,-0.0134,28.48,0.00,0.00,1
6.855,0.3633,0.1021,-0.0742,-0.0178,0.4844,0.0906,-1.21,0.56,0.4219,-0.1914,10.0742,0.4219,0.0614,28.48,0.00,0.00,1
6.873,0.5156,0.2099,0.0039,-0.0165,0.7148,0.2533,-1.20,0.57,-0.3047,-0.1523,8.7344,-0.3047,0.1055,28.48,0.00,0.00,1
6.892,0.0937,0.1324,0.1562,0.0106,0.2930,0.1041,-1.21,0.56,0.0000,-0.0391,9.6484,0.0000,0.0331,28.48,0.00,0.00,1
6.906,0.0937,0.1265,0.1562,0.0329,0.2930,0.1331,-1.21,0.55,-0.9961,-0.4609,7.8906,-0.9961,-0.0517,28.48,0.00,0.00,1
6.924,0.2070,-0.0784,0.1953,-0.0078,0.5234,-0.1527,-1.20,0.53,0.1133,0.0000,9.8867,0.1133,-0.1281,28.48,0.00,0.00,1
6.946,-0.0586,-0.0219,0.0508,0.0393,0.3711,0.0544,-1.22,0.56,0.1133,-0.2305,9.3828,0.1133,-0.0999,28.48,0.00,0.00,1
6.957,0.2070,-0.0063,-0.0273,0.0348,0.0273,0.0756,-1.22,0.57,0.1133,-0.2305,9.3828,0.1133,-0.0672,28.48,0.00,0.00,1
6.974,0.0547,0.0420,-0.0273,0.0172,0.0273,0.0619,-1.22,0.56,-0.0391,-0.2305,9.3828,-0.0391,-0.0497,28.48,0.00,0.00,1
6.994,0.5898,0.1648,0.2031,0.0530,0.9063,0.2446,-1.22,0.55,-0.8438,-0.4609,8.1211,-0.8438,0.0292,28.48,0.00,0.00,1
7.013,0.0156,-0.0091,0.2031,0.0103,0.2187,-0.0215,-1.23,0.53,-0.0781,0.0000,9.5820,-0.0781,-0.0990,28.48,0.00,0.00,1
7.025,0.0156,-0.0036,0.2031,0.0530,0.2187,0.0317,-1.23,0.54,-0.5352,-0.3047,9.2266,-0.5352,-0.1309,28.48,0.00,0.00,1
7.043,-0.4414,-0.0993,-0.1016,0.0281,-0.1367,0.0061,-1.24,0.57,-0.4609,-0.1914,8.5000,-0.4609,-0.2396,28.48,0.00,0.00,1
7.062,0.0156,-0.1642,0.0117,0.0160,0.1328,-0.1690,-1.24,0.56,-0.0781,-0.1914,9.5000,-0.0781,-0.2304,28.48,0.00,0.00,1
7.076,0.0156,-0.1366,0.0117,0.0154,0.1328,-0.1226,-1.25,0.55,0.5352,-0.1133,10.1914,0.5352,-0.1579,28.48,0.00,0.00,1
7.093,-0.0273,0.0367,0.0898,0.0363,-0.1719,0.0809,-1.24,0.53,-0.1133,-0.1133,9.1953,-0.1133,-0.0651,28.48,0.00,0.00,1
7.112,0.1641,0.0339,0.0117,0.0452,0.7070,0.0795,-1.25,0.53,0.0781,-0.1914,10.0703,0.0781,-0.0364,28.48,0.00,0.00,1
7.127,-0.4023,0.0174,-0.1797,0.0225,-0.5937,0.1143,-1.25,0.54,-0.4961,-0.3828,8.7773,-0.4961,-0.1382,28.48,0.00,0.00,1
7.145,-0.6719,-0.1232,0.0508,-0.0164,-0.8633,-0.1081,-1.26,0.55,-0.7656,-0.1523,8.5000,-0.7656,-0.2993,28.48,0.00,0.00,1
7.164,-0.2109,-0.2085,-0.0664,-0.0232,-0.3633,-0.2635,-1.26,0.53,0.4961,-0.1523,10.1484,0.4961,-0.2374,28.48,0.00,0.00,1
7.184,0.5898,-0.0320,0.0508,-0.0095,0.7852,-0.0377,-1.26,0.53,-0.0781,-0.1914,9.1992,-0.0781,-0.0753,28.48,0.00,0.00,1
7.195,0.0078,0.0163,0.0117,-0.0022,-0.1719,-0.0026,-1.26,0.53,0.2305,-0.2305,10.3047,0.2305,-0.0512,28.48,0.00,0.00,1
7.213,0.3242,0.0839,-0.0273,-0.0069,0.9375,0.1949,-1.27,0.55,-0.3437,-0.4219,8.8164,-0.3437,-0.0173,28.48,0.00,0.00,1
7.233,-0.7891,-0.0402,-0.0273,-0.0528,-1.0547,-0.0151,-1.27,0.56,-0.8828,-0.2305,8.3164,-0.8828,-0.2479,28.48,0.00,0.00,1
7.246,-0.7891,-0.1552,-0.0273,-0.0489,-1.0547,-0.1748,-1.27,0.55,-0.1914,-0.2695,9.1992,-0.1914,-0.2901,28.48,0.00,0.00,1
7.263,0.4844,-0.1270,-0.1328,-0.0579,0.6680,-0.1572,-1.27,0.56,0.3828,-0.3437,10.0312,0.3828,-0.1294,28.48,0.00,0.00,1
7.283,0.0625,0.0126,0.0195,-0.0670,-0.0195,0.0218,-1.27,0.58,-0.0391,-0.1914,9.3437,-0.0391,-0.0775,28.48,0.00,0.00,1
7.297,0.3711,0.0450,-0.2109,-0.0721,0.8242,0.0830,-1.27,0.58,0.2695,-0.4219,10.1875,0.2695,-0.0242,28.48,0.00,0.00,1
7.314,-0.3516,0.0796,-0.3320,-0.1212,-0.5547,0.1829,-1.27,0.60,-0.4609,-0.5352,8.8125,-0.4609,-0.1025,28.48,0.00,0.00,1
7.335,-0.6172,-0.1082,-0.1016,-0.1577,-0.9023,-0.1220,-1.26,0.60,-0.1523,-0.3828,9.2305,-0.1523,-0.2541,28.48,0.00,0.00,1
7.353,-0.0430,-0.1254,-0.1797,-0.1590,-0.1367,-0.1738,-1.26,0.62,0.3828,-0.3047,10.1133,0.3828,-0.1824,28.48,0.00,0.00,1
7.366,0.4922,-0.0250,-0.1016,-0.1516,0.7461,-0.0300,-1.25,0.62,-0.0781,-0.1523,9.1953,-0.0781,-0.0942,28.48,0.00,0.00,1
7.384,0.0312,0.0197,0.0508,-0.1037,-0.1719,-0.0131,-1.23,0.59,0.1523,-0.3047,10.0352,0.1523,-0.0712,28.48,0.00,0.00,1
7.403,-0.3594,0.0377,-0.1484,-0.0980,-0.4414,0.0822,-1.22,0.59,-0.4609,-0.3437,8.9219,-0.4609,-0.1307,28.48,0.00,0.00,1
7.416,-0.3594,-0.0233,-0.1484,-0.1057,-0.4414,0.0018,-1.20,0.60,-0.8047,-0.2695,8.3555,-0.8047,-0.2089,28.48,0.00,0.00,1
7.434,0.1016,-0.1694,-0.1094,-0.1021,-0.0977,-0.2387,-1.19,0.59,0.0000,-0.3047,9.2695,0.0000,-0.2340,28.48,0.00,0.00,1
7.452,0.4453,-0.0650,-0.0352,-0.0982,0.5937,-0.1434,-1.17,0.59,0.3437,-0.2305,9.9609,0.3437,-0.0915,28.48,0.00,0.00,1
7.475,0.2539,0.0795,0.1484,-0.0485,0.0937,0.0311,-1.16,0.57,0.3828,-0.3047,9.7695,0.3828,0.0210,28.48,0.00,0.00,1
7.484,0.4844,0.1248,-0.1172,-0.0395,0.4023,0.0654,-1.15,0.58,0.3828,-0.3047,9.7695,0.3828,0.0766,28.48,0.00,0.00,1
7.506,-0.0117,0.1712,0.0742,-0.0366,0.4023,0.1803,-1.13,0.59,-0.7266,-0.1523,8.0820,-0.7266,-0.0088,28.48,0.00,0.00,1
7.523,-0.6250,-0.0164,0.0352,-0.0138,-1.2852,-0.1302,-1.11,0.59,-0.2305,-0.1133,9.6133,-0.2305,-0.1727,28.48,0.00,0.00,1
7.536,-0.1289,-0.0749,0.0664,0.0018,0.2461,-0.1506,-1.09,0.58,-0.3437,-0.3047,9.0000,-0.3437,-0.1945,28.48,0.00,0.00,1
7.553,-0.2422,-0.1153,-0.1250,-0.0222,-0.3633,-0.1730,-1.08,0.58,0.2305,-0.0391,9.6133,0.2305,-0.1909,28.48,0.00,0.00,1
7.573,0.3711,-0.0211,0.2500,0.0151,0.9375,-0.0368,-1.07,0.57,0.2695,0.0781,10.3047,0.2695,-0.0654,28.48,0.00,0.00,1
7.586,0.3711,0.0392,0.2500,0.0512,0.9375,0.1129,-1.06,0.60,0.3437,-0.1914,9.8437,0.3437,-0.0080,28.48,0.00,0.00,1
7.603,0.4531,0.1515,-0.0195,0.0479,0.4766,0.2447,-1.05,0.62,-0.5352,-0.1914,8.6172,-0.5352,0.0214,28.48,0.00,0.00,1
7.622,-0.0508,0.0350,0.3633,0.0555,0.2109,0.0528,-1.04,0.61,-0.1523,0.1914,9.5781,-0.1523,-0.0836,28.48,0.00,0.00,1
7.637,-0.0508,0.0219,0.3633,0.1028,0.2109,0.0771,-1.04,0.61,-0.9180,-0.4961,8.0430,-0.9180,-0.1554,28.48,0.00,0.00,1
7.654,0.2930,-0.1313,0.4336,0.0573,0.6328,-0.1561,-1.03,0.61,0.1914,0.2695,10.0000,0.1914,-0.1699,28.48,0.00,0.00,1
7.672,0.2617,-0.0135,0.1719,0.1430,0.4023,0.0492,-1.03,0.64,0.1523,0.0000,9.7656,0.1523,-0.0760,28.48,0.00,0.00,1
7.693,0.6055,0.1564,-0.1328,0.0854,0.4023,0.1696,-1.03,0.65,-0.3047,0.0391,9.0781,-0.3047,0.0549,28.48,0.00,0.00,1
7.712,0.3008,0.1462,0.2422,0.1010,0.3633,0.1348,-1.03,0.64,0.1914,0.0781,9.7266,0.1914,0.0291,28.48,0.00,0.00,1
7.723,0.3008,0.1700,0.2422,0.1227,0.3633,0.1699,-1.03,0.64,-1.1875,-0.3828,7.8555,-1.1875,-0.0562,28.48,0.00,0.00,1
7.744,0.1484,-0.0784,0.2852,0.0746,0.5156,-0.1346,-1.04,0.64,0.0391,0.1133,9.8867,0.0391,-0.1705,28.48,0.00,0.00,1
7.756,0.1562,-0.0270,0.2852,0.1212,0.5156,0.0093,-1.05,0.66,-0.1523,-0.0391,9.3867,-0.1523,-0.1394,28.48,0.00,0.00,1
7.774,-0.0352,-0.0174,0.1328,0.1340,0.0195,0.0431,-1.05,0.68,-0.1133,-0.0781,9.3047,-0.1133,-0.1399,28.48,0.00,0.00,1
7.792,0.1562,-0.0002,0.1328,0.1256,0.0937,0.0251,-1.06,0.66,0.0391,-0.0391,9.4648,0.0391,-0.0971,28.48,0.00,0.00,1
7.807,0.1562,0.0239,0.1328,0.1267,0.0937,0.0357,-1.06,0.66,0.4961,-0.1133,10.1914,0.4961,-0.0397,28.48,0.00,0.00,1
7.824,-0.3867,0.0180,0.0586,0.1225,-0.6719,-0.0091,-1.07,0.67,-0.4961,-0.1133,8.6953,-0.4961,-0.1073,28.48,0.00,0.00,1
7.843,-0.0039,-0.0662,0.1797,0.1141,0.6680,-0.0899,-1.09,0.69,-0.1133,0.0000,10.0312,-0.1133,-0.1328,28.48,0.00,0.00,1
7.864,0.0312,-0.0372,-0.2812,0.0344,-0.4805,-0.0857,-1.11,0.70,-0.9180,0.0000,8.5039,-0.9180,-0.1814,28.48,0.00,0.00,1
7.875,-0.8086,-0.0938,0.1797,0.0228,-0.8633,-0.1770,-1.11,0.71,-0.9180,0.0000,8.5039,-0.9180,-0.2945,28.48,0.00,0.00,1
7.896,-0.1211,-0.1802,0.1094,0.0636,-0.1719,-0.2510,-1.12,0.69,-0.1914,-0.4609,8.9258,-0.1914,-0.2662,28.48,0.00,0.00,1
7.913,-0.0820,-0.1548,-0.2734,-0.0081,-0.4414,-0.2882,-1.12,0.67,0.5352,0.0781,10.4141,0.5352,-0.1868,28.48,0.00,0.00,1
7.926,0.6367,-0.0283,0.2656,0.0160,1.0508,-0.0929,-1.13,0.66,0.2305,-0.2695,9.5391,0.2305,-0.0514,28.48,0.00,0.00,1
7.944,0.3320,0.0929,-0.0820,0.0098,0.1719,0.0369,-1.15,0.67,0.2695,-0.3437,9.9648,0.2695,0.0316,28.48,0.00,0.00,1
7.962,-0.1953,0.1418,0.0742,-0.0241,-0.4023,0.1229,-1.16,0.68,-0.3047,-0.1133,8.9609,-0.3047,-0.0143,28.48,0.00,0.00,1
7.977,-0.1953,0.0900,0.0742,-0.0090,-0.4023,0.0422,-1.17,0.68,0.1523,-0.1914,9.8086,0.1523,-0.0224,28.48,0.00,0.00,1
7.994,-0.8477,0.0336,-0.1875,-0.0175,-1.3594,-0.0141,-1.18,0.69,-0.9570,-0.3828,8.0078,-0.9570,-0.2083,28.48,0.00,0.00,1
8.013,0.3008,-0.1245,0.1172,-0.0413,0.4414,-0.2516,-1.18,0.67,0.1914,-0.0781,9.8086,0.1914,-0.1665,28.48,0.00,0.00,1
8.036,-0.3594,-0.1443,-0.1094,-0.0432,-0.0195,-0.1095,-1.19,0.66,-0.2695,-0.3437,8.7773,-0.2695,-0.2671,28.48,0.00,0.00,1
8.045,-0.1680,-0.1620,-0.1484,-0.0565,-0.5937,-0.1416,-1.19,0.66,-0.2695,-0.3437,8.7773,-0.2695,-0.2675,28.48,0.00,0.00,1
8.066,-0.0117,-0.1400,0.1562,-0.0410,0.4766,-0.1314,-1.18,0.65,0.3437,-0.4219,9.5391,0.3437,-0.1873,28.48,0.00,0.00,1
8.084,0.4531,-0.0008,-0.2266,-0.0698,0.1719,-0.0264,-1.19,0.67,-0.0781,-0.0781,9.3867,-0.0781,-0.0704,28.48,0.00,0.00,1
8.096,0.0312,0.0349,0.1172,-0.0517,0.0195,-0.0059,-1.19,0.67,0.1914,-0.1914,9.8867,0.1914,-0.0506,28.48,0.00,0.00,1
8.113,0.3008,0.0935,0.0039,-0.0289,0.5156,0.1111,-1.20,0.69,0.3047,-0.6133,9.6523,0.3047,0.0271,28.48,0.00,0.00,1
8.132,-0.5430,0.1197,0.3086,-0.0792,-0.5195,0.1193,-1.20,0.69,-0.6523,0.1133,8.8477,-0.6523,-0.0901,28.48,0.00,0.00,1
8.147,-0.5430,0.0179,0.3086,-0.0196,-0.5195,0.0212,-1.20,0.68,-0.2305,-0.1133,9.0781,-0.2305,-0.1427,28.48,0.00,0.00,1
8.164,-0.3867,-0.0690,-0.1484,0.0049,-0.4023,-0.0902,-1.19,0.67,-0.4961,-0.3437,8.9648,-0.4961,-0.2084,28.48,0.00,0.00,1
8.182,0.3008,-0.1223,0.2344,-0.0168,0.2461,-0.1448,-1.19,0.67,0.1914,0.0391,9.6133,0.1914,-0.1543,28.48,0.00,0.00,1
8.206,0.4922,0.0985,0.1562,0.0599,0.9375,0.2052,-1.19,0.69,0.8047,-0.4609,10.1875,0.8047,0.0909,28.48,0.00,0.00,1
8.215,0.9141,0.1927,-0.2656,0.0410,0.8242,0.3086,-1.19,0.69,0.8047,-0.4609,10.1875,0.8047,0.2005,28.48,0.00,0.00,1
8.236,-0.1953,0.2682,0.0039,-0.0221,-0.3633,0.3020,-1.19,0.69,-0.3047,0.1133,9.3828,-0.3047,0.0919,28.48,0.00,0.00,1
8.253,-0.1953,0.1368,0.3086,0.0527,0.0195,0.1980,-1.19,0.69,-0.9961,-0.6523,7.6289,-0.9961,-0.0759,28.48,0.00,0.00,1
8.266,-0.8867,-0.0429,-0.4570,-0.0083,-1.7422,-0.1121,-1.19,0.70,0.0000,0.1133,10.1484,0.0000,-0.1999,28.48,0.00,0.00,1
8.284,0.1094,-0.0618,0.3086,0.0339,0.7852,-0.0151,-1.20,0.71,0.0000,-0.1914,9.3828,0.0000,-0.1432,28.48,0.00,0.00,1
8.304,-0.1133,-0.0197,-0.0742,0.0349,-0.0977,0.0312,-1.19,0.73,-0.2305,-0.2695,9.2695,-0.2305,-0.1454,28.48,0.00,0.00,1
8.317,-0.1133,-0.0340,-0.0742,0.0181,-0.0977,0.0114,-1.19,0.73,-0.0781,-0.1133,9.2656,-0.0781,-0.1463,28.48,0.00,0.00,1
8.334,0.6523,0.0263,0.1172,0.0293,0.8984,0.0602,-1.19,0.72,0.5352,-0.0781,10.2656,0.5352,-0.0327,28.48,0.00,0.00,1
8.353,-0.3516,0.1578,-0.0742,0.0440,-0.7109,0.2172,-1.19,0.70,-0.4609,-0.2695,8.6602,-0.4609,-0.0596,28.48,0.00,0.00,1
8.376,0.0703,0.0490,0.1562,0.0391,0.7461,0.1246,-1.19,0.68,-0.1133,-0.5742,9.0781,-0.1133,-0.0827,28.48,0.00,0.00,1
8.385,-0.0039,0.0463,-0.3789,0.0143,-0.2891,0.1372,-1.19,0.70,-0.1133,-0.5742,9.0781,-0.1133,-0.0874,28.48,0.00,0.00,1
8.407,-0.7266,-0.0818,0.0820,-0.0490,-1.0547,-0.1257,-1.19,0.71,-0.3437,-0.1133,9.2656,-0.3437,-0.2634,28.48,0.00,0.00,1
8.423,-0.2344,-0.1557,0.0820,-0.0118,-0.0977,-0.1774,-1.18,0.71,-0.0391,-0.4219,9.2695,-0.0391,-0.2618,28.48,0.00,0.00,1
8.437,0.0703,-0.1263,-0.2266,-0.0385,-0.0977,-0.1597,-1.18,0.70,0.4609,0.0781,10.1914,0.4609,-0.1725,28.48,0.00,0.00,1
8.453,0.5703,0.0401,0.2656,0.0171,0.8242,0.0619,-1.16,0.66,0.3437,-0.1523,10.2305,0.3437,-0.0022,28.48,0.00,0.00,1
8.474,0.4141,0.1829,-0.2734,0.0118,0.2852,0.2858,-1.16,0.65,0.3047,-0.4609,9.6523,0.3047,0.1071,28.48,0.00,0.00,1
8.492,-0.3867,0.1844,0.1484,-0.0353,-0.7109,0.2059,-1.15,0.67,-0.4961,-0.0391,8.6602,-0.4961,-0.0141,28.48,0.00,0.00,1
8.504,-0.3867,0.0967,0.1484,-0.0071,-0.7109,0.0651,-1.15,0.67,-0.1523,-0.1133,9.5039,-0.1523,-0.0606,28.48,0.00,0.00,1
8.523,-0.8477,-0.0350,-0.2344,0.0002,-1.4375,-0.0858,-1.15,0.68,-0.9570,-0.4219,7.9336,-0.9570,-0.2700,28.48,0.00,0.00,1
8.546,0.2617,-0.1417,0.2656,-0.0030,0.6328,-0.2286,-1.14,0.66,-0.1523,-0.3047,9.5000,-0.1523,-0.2140,28.48,0.00,0.00,1
8.555,-0.0508,-0.1047,-0.1172,0.0076,0.1328,-0.1363,-1.13,0.64,-0.1523,-0.3047,9.5000,-0.1523,-0.2045,28.48,0.00,0.00,1
8.577,0.1094,-0.0617,-0.0039,-0.0175,-0.0977,-0.0800,-1.13,0.65,0.1133,-0.1523,9.6484,0.1133,-0.1344,28.48,0.00,0.00,1
8.594,0.2148,0.0101,0.0352,-0.0050,0.2852,-0.0003,-1.12,0.65,0.3437,-0.1523,10.0312,0.3437,-0.0458,28.48,0.00,0.00,1
8.614,-0.3867,0.0537,0.0273,0.0047,-0.8633,0.0429,-1.11,0.67,-0.4961,-0.1523,8.5039,-0.4961,-0.0643,28.48,0.00,0.00,1
8.625,-0.3867,-0.0139,0.0273,0.0081,-0.8633,-0.0963,-1.10,0.67,-0.0391,0.0781,9.9648,-0.0391,-0.0941,28.48,0.00,0.00,1
8.643,0.0703,-0.0185,0.2578,0.0646,0.5937,0.0087,-1.10,0.69,0.0391,-0.4961,9.2656,0.0391,-0.0722,28.48,0.00,0.00,1
8.663,-0.6172,-0.0273,0.0664,-0.0018,-0.9023,-0.0523,-1.09,0.69,-0.7266,-0.1133,8.4648,-0.7266,-0.2037,28.48,0.00,0.00,1
8.675,-0.6172,-0.1179,0.0664,0.0087,-0.9023,-0.1829,-1.08,0.67,-0.1523,-0.1133,9.5820,-0.1523,-0.2381,28.48,0.00,0.00,1
8.693,-0.5039,-0.1621,-0.2812,0.0006,-0.9414,-0.2046,-1.08,0.67,-0.6133,-0.4609,8.4219,-0.6133,-0.3109,28.48,0.00,0.00,1
8.713,0.5312,-0.1763,0.3242,-0.0309,1.0156,-0.2570,-1.07,0.64,0.4219,0.1523,10.3828,0.4219,-0.1675,28.48,0.00,0.00,1
8.725,0.0625,-0.0572,0.1328,0.0324,0.2852,-0.0338,-1.07,0.64,-0.0391,-0.0391,9.6484,-0.0391,-0.1391,28.48,0.00,0.00,1
8.743,0.4922,0.0111,-0.2500,0.0302,0.1719,0.0476,-1.06,0.67,0.3828,-0.4219,9.5391,0.3828,-0.0174,28.48,0.00,0.00,1
8.764,-0.1953,-0.0046,0.4414,0.1038,0.1719,0.0828,-1.05,0.67,0.2695,-0.2695,9.6094,0.2695,-0.0529,28.48,0.00,0.00,1
8.776,0.3789,0.0121,-0.0977,0.1125,0.2539,0.1031,-1.05,0.68,0.2695,-0.2695,9.6094,0.2695,-0.0034,28.48,0.00,0.00,1
8.795,-0.8086,-0.0453,0.0586,0.0649,-1.1250,-0.0573,-1.05,0.67,-0.1133,-0.1133,9.6094,-0.1133,-0.1828,28.48,0.00,0.00,1
8.814,-0.0039,-0.0837,0.0586,0.0631,0.2539,-0.0549,-1.05,0.65,-0.0781,-0.3828,9.5430,-0.0781,-0.1602,28.48,0.00,0.00,1
8.827,0.0312,-0.0606,-0.2109,0.0207,0.1797,0.0020,-1.05,0.65,-0.6914,-0.0391,8.5781,-0.6914,-0.1911,28.48,0.00,0.00,1
8.845,-0.5820,-0.1703,0.1328,0.0311,-0.7773,-0.1594,-1.04,0.65,-0.1914,-0.1133,9.2266,-0.1914,-0.2930,28.48,0.00,0.00,1
8.863,0.0703,-0.1567,0.0195,0.0416,0.2930,-0.1524,-1.04,0.67,-0.0391,-0.1523,9.6484,-0.0391,-0.2247,28.48,0.00,0.00,1
8.883,0.4141,-0.0648,0.0937,0.0413,0.1797,-0.0352,-1.04,0.67,0.3047,-0.0781,9.5391,0.3047,-0.0959,28.48,0.00,0.00,1
8.895,0.2617,0.0290,0.2109,0.0623,0.8320,0.0646,-1.04,0.69,0.1523,0.0391,10.1914,0.1523,-0.0410,28.48,0.00,0.00,1
8.914,0.5312,0.1166,-0.2578,0.0669,0.4102,0.2485,-1.04,0.69,0.4219,-0.4219,9.7656,0.4219,0.0735,28.48,0.00,0.00,1
8.936,-0.2734,0.0516,0.0508,0.0266,-0.5859,0.0296,-1.04,0.68,-0.2695,0.0781,9.5039,-0.2695,-0.0971,28.48,0.00,0.00,1
8.946,-0.1602,0.0107,0.2422,0.0456,0.1406,-0.0068,-1.04,0.68,-0.2695,0.0781,9.5039,-0.2695,-0.1236,28.48,0.00,0.00,1
8.966,-0.9258,-0.1651,-0.3320,0.0244,-1.7344,-0.2445,-1.03,0.67,0.3828,0.1133,10.2656,0.3828,-0.2770,28.48,0.00,0.00,1
8.985,0.4922,-0.0670,0.2773,0.0582,0.9063,-0.0827,-1.04,0.68,-0.1133,-0.1133,9.8047,-0.1133,-0.1296,28.48,0.00,0.00,1
8.997,-0.0039,-0.0195,0.0508,0.0719,0.4492,0.0660,-1.05,0.70,0.0000,-0.2695,9.1953,0.0000,-0.1169,28.48,0.00,0.00,1
9.015,0.1172,0.0117,-0.1055,0.0313,-0.1641,0.0390,-1.04,0.70,0.0391,-0.1133,9.4219,0.0391,-0.0806,28.48,0.00,0.00,1
9.033,0.5000,0.0847,0.0859,0.0318,0.7148,0.0862,-1.04,0.70,0.3828,-0.0781,10.0742,0.3828,0.0363,28.48,0.00,0.00,1
9.053,-0.3125,0.1375,-0.1055,0.0319,-0.7773,0.1451,-1.04,0.66,-0.4219,-0.2695,8.5781,-0.4219,-0.0435,28.48,0.00,0.00,1
9.065,-0.0039,0.0930,0.2773,0.0414,0.7148,0.1228,-1.04,0.66,-0.1133,0.1133,10.0742,-0.1133,-0.0543,28.48,0.00,0.00,1
9.082,0.1484,0.0777,-0.2969,0.0624,-0.1289,0.2232,-1.04,0.65,0.0391,-0.4609,9.2305,0.0391,-0.0373,28.48,0.00,0.00,1
9.105,-0.6562,-0.0218,-0.0664,-0.0247,-0.9336,-0.0204,-1.04,0.66,-0.3437,0.0391,9.5039,-0.3437,-0.2057,28.48,0.00,0.00,1
9.116,-0.2344,-0.0855,0.2031,-0.0095,0.1406,-0.0748,-1.03,0.67,-0.3437,0.0391,9.5039,-0.3437,-0.2269,28.48,0.00,0.00,1
9.136,-0.3867,-0.1596,-0.3711,-0.0252,-1.1250,-0.1957,-1.03,0.68,0.4609,0.0781,10.3047,0.4609,-0.2334,28.48,0.00,0.00,1
9.153,0.5703,-0.0122,0.2422,0.0124,0.9453,-0.0011,-1.03,0.69,0.0000,-0.0391,10.0742,0.0000,-0.0734,28.48,0.00,0.00,1
9.167,0.1094,0.0459,0.1250,0.0453,0.7148,0.1730,-1.03,0.69,0.0000,-0.4609,8.7773,0.0000,-0.0571,28.48,0.00,0.00,1
9.185,0.1094,0.0639,-0.2969,-0.0255,-0.5859,0.0388,-1.02,0.69,-0.0391,0.0391,9.8047,-0.0391,-0.0440,28.48,0.00,0.00,1
9.204,0.4922,0.1021,-0.1133,-0.0031,0.4492,0.1194,-1.01,0.67,0.3828,-0.2695,9.8047,0.3828,0.0510,28.48,0.00,0.00,1
9.223,-0.3516,0.1452,-0.0742,-0.0312,-0.8633,0.1079,-1.00,0.66,-0.4609,-0.2305,8.5000,-0.4609,-0.0416,28.48,0.00,0.00,1
9.235,-0.3516,0.0689,-0.0742,-0.0378,-0.8633,-0.0413,-1.00,0.64,-0.1133,0.1133,10.2305,-0.1133,-0.0782,28.48,0.00,0.00,1
9.253,0.1094,0.0316,-0.4961,-0.0140,-0.3633,0.0692,-1.00,0.66,0.0000,-0.6523,9.0039,0.0000,-0.0651,28.48,0.00,0.00,1
9.277,-0.6172,-0.0535,0.1172,-0.0842,-0.7500,-0.1376,-0.99,0.67,-0.3437,0.0391,9.4648,-0.3437,-0.2183,28.48,0.00,0.00,1
9.286,-0.2344,-0.1094,0.1953,-0.0470,0.0937,-0.1642,-0.99,0.67,-0.3437,0.0391,9.4648,-0.3437,-0.2376,28.48,0.00,0.00,1
9.303,-0.3125,-0.1511,-0.4180,-0.0273,-1.0156,-0.1798,-0.97,0.68,-0.4219,-0.5742,8.3516,-0.4219,-0.2850,28.48,0.00,0.00,1
9.324,0.4141,-0.0453,0.3477,0.0089,0.9375,-0.0325,-0.96,0.68,0.1133,0.0000,9.8867,0.1133,-0.0993,28.48,0.00,0.00,1
9.337,0.2227,0.0269,0.1562,0.0545,0.5156,0.1174,-0.96,0.66,0.0391,-0.5352,9.0039,0.0391,-0.0582,28.48,0.00,0.00,1
9.354,0.1484,0.0660,-0.3867,-0.0368,-0.3633,0.0358,-0.95,0.66,-0.1523,0.0391,9.4648,-0.1523,-0.0459,28.48,0.00,0.00,1
9.374,-0.0430,0.0470,0.1875,-0.0090,0.0937,0.0238,-0.94,0.65,0.3437,-0.0781,10.0039,0.3437,-0.0364,28.48,0.00,0.00,1
9.393,-0.8477,0.0530,-0.1562,0.0067,-1.2461,0.0502,-0.93,0.66,-0.9570,-0.3047,8.1172,-0.9570,-0.1947,28.48,0.00,0.00,1
9.405,-0.8477,-0.0854,-0.1562,-0.0184,-1.2461,-0.1489,-0.93,0.67,-0.1914,0.0781,9.6523,-0.1914,-0.2505,28.48,0.00,0.00,1
9.423,-0.3125,-0.1465,0.1094,0.0338,-0.4023,-0.1437,-0.93,0.68,-0.4219,-0.0391,8.9609,-0.4219,-0.2814,28.48,0.00,0.00,1
9.443,0.4141,-0.1355,-0.0039,0.0462,0.4766,-0.1467,-0.91,0.68,0.3047,-0.1523,9.8437,0.3047,-0.1604,28.48,0.00,0.00,1
9.456,0.1094,-0.0382,-0.0508,0.0313,0.0195,-0.0454,-0.91,0.68,0.0000,-0.1914,9.3828,0.0000,-0.1249,28.48,0.00,0.00,1
9.473,0.6133,0.0439,0.1797,0.0265,0.8984,0.0434,-0.90,0.69,0.4961,0.0391,10.2656,0.4961,0.0203,28.48,0.00,0.00,1
9.494,-0.7656,-0.0671,-0.1289,0.0104,-1.3164,-0.1553,-0.90,0.71,-0.0781,-0.0391,9.7305,-0.0781,-0.2232,28.48,0.00,0.00,1
9.507,0.0391,-0.1100,0.1016,0.0075,0.3711,-0.1986,-0.90,0.73,-0.0781,-0.0391,9.7305,-0.0781,-0.2009,28.48,0.00,0.00,1
9.526,-0.3047,-0.1206,-0.0117,0.0167,0.0273,-0.0899,-0.90,0.73,-0.6914,-0.0781,8.3164,-0.6914,-0.2637,28.48,0.00,0.00,1
9.545,-0.5742,-0.2324,0.0625,0.0251,-1.0469,-0.2944,-0.89,0.72,-0.1523,-0.1133,9.4219,-0.1523,-0.3419,28.48,0.00,0.00,1
9.563,0.0469,-0.1879,-0.0117,0.0248,0.1016,-0.2332,-0.88,0.72,-0.0781,-0.1523,9.4648,-0.0781,-0.2609,28.48,0.00,0.00,1
9.575,0.0469,-0.1519,-0.0117,0.0192,0.1016,-0.1817,-0.88,0.73,0.3828,-0.0781,9.7305,0.3828,-0.1959,28.48,0.00,0.00,1
9.593,0.2773,0.0282,0.2539,0.0450,1.0234,0.0435,-0.88,0.74,0.1523,0.1133,10.3867,0.1523,-0.0496,28.48,0.00,0.00,1
9.613,0.4766,0.1148,-0.2422,0.0646,0.1406,0.2508,-0.88,0.76,0.3437,-0.3828,9.5039,0.3437,0.0500,28.48,0.00,0.00,1
9.626,-0.2500,0.1367,0.0625,0.0210,-0.5469,0.1714,-0.88,0.77,-0.3828,-0.0781,8.8125,-0.3828,-0.0458,28.48,0.00,0.00,1
9.644,-0.0273,0.0449,0.2539,0.0481,0.2930,0.0349,-0.88,0.76,-0.1523,0.1133,9.6484,-0.1523,-0.0904,28.48,0.00,0.00,1
9.665,-0.9102,-0.1710,-0.2812,-0.0120,-1.6602,-0.3242,-0.87,0.74,0.0781,0.1914,10.2266,0.0781,-0.2692,28.48,0.00,0.00,1
9.677,0.2031,-0.1955,0.3320,-0.0043,0.8672,-0.3272,-0.87,0.72,0.0781,0.1914,10.2266,0.0781,-0.2159,28.48,0.00,0.00,1
9.697,0.1641,-0.0656,-0.0117,0.0576,0.1016,-0.0376,-0.88,0.74,-0.2305,-0.1523,9.2266,-0.2305,-0.1483,28.48,0.00,0.00,1
9.715,-0.1055,-0.0601,-0.0117,0.0379,-0.1289,-0.0491,-0.87,0.75,0.0781,-0.1133,9.2656,0.0781,-0.1469,28.48,0.00,0.00,1
9.733,0.5078,0.0363,0.1797,0.0443,0.8672,0.0113,-0.88,0.76,0.3828,0.0391,10.2305,0.3828,-0.0028,28.48,0.00,0.00,1
9.745,0.5078,0.1087,0.1797,0.0651,0.8672,0.1428,-0.87,0.75,-0.4609,-0.1133,8.6211,-0.4609,-0.0110,28.48,0.00,0.00,1
9.764,0.0469,0.0361,0.2187,0.0763,0.6406,0.0439,-0.88,0.74,-0.0781,0.0781,10.0039,-0.0781,-0.0797,28.48,0.00,0.00,1
9.783,0.0859,0.0423,-0.3281,0.0729,-0.2031,0.1457,-0.87,0.72,-0.0391,-0.4609,9.1602,-0.0391,-0.0706,28.48,0.00,0.00,1
9.796,-0.6797,-0.0093,0.0937,0.0179,-0.9688,0.0072,-0.87,0.72,-0.8047,-0.0391,8.3906,-0.8047,-0.2331,28.48,0.00,0.00,1
9.813,-0.1797,-0.1594,0.1328,0.0425,-0.0117,-0.1930,-0.88,0.73,-0.3047,0.0000,9.3437,-0.3047,-0.2845,28.48,0.00,0.00,1
9.835,-0.2187,-0.1723,-0.2891,0.0085,-0.7031,-0.2374,-0.88,0.75,0.4219,0.1914,10.4531,0.4219,-0.2412,28.48,0.00,0.00,1
9.847,0.5469,-0.1182,0.3242,0.0119,1.0977,-0.1649,-0.88,0.74,0.4219,0.1914,10.4531,0.4219,-0.1394,28.48,0.00,0.00,1
9.866,0.3164,0.0731,-0.1367,0.0476,0.0352,0.1023,-0.89,0.76,0.3437,-0.1133,10.1484,0.3437,-0.0012,28.48,0.00,0.00,1
9.884,0.4687,0.1758,0.0195,0.0299,0.8008,0.2527,-0.89,0.76,-0.0391,-0.0391,9.2656,-0.0391,0.0660,28.48,0.00,0.00,1
9.902,0.3164,0.1856,0.0195,0.0415,0.3320,0.2207,-0.89,0.75,0.1914,-0.1133,9.6875,0.1914,0.0812,28.48,0.00,0.00,1
9.915,0.3164,0.2057,0.0195,0.0381,0.3320,0.2378,-0.89,0.74,-0.8828,-0.0781,8.3516,-0.8828,0.0122,28.48,0.00,0.00,1
9.934,0.0117,0.0609,0.0547,0.0406,0.1797,0.0630,-0.89,0.73,-0.1133,-0.0781,9.5430,-0.1133,-0.1234,28.48,0.00,0.00,1
9.952,0.2773,0.0682,-0.2422,0.0209,0.4102,0.1145,-0.90,0.74,0.1523,-0.3828,9.7656,0.1523,-0.0618,28.48,0.00,0.00,1
9.966,0.2773,0.1003,-0.2422,-0.0196,0.4102,0.1600,-0.90,0.75,-0.8828,-0.0391,8.3125,-0.8828,-0.1117,28.48,0.00,0.00,1
9.984,0.0117,-0.0713,-0.0117,-0.0070,-0.0898,-0.0914,-0.90,0.75,-0.1133,-0.1523,9.2656,-0.1133,-0.2043,28.48,0.00,0.00,1
10.006,-0.1445,-0.0670,-0.0898,-0.0206,-0.2422,-0.1143,-0.91,0.76,0.6914,0.0391,10.2695,0.6914,-0.1407,28.48,0.00,0.00,1
10.017,0.8164,-0.0021,0.1797,-0.0097,0.9063,-0.0420,-0.91,0.75,0.6914,0.0391,10.2695,0.6914,-0.0129,28.48,0.00,0.00,1
10.037,0.4297,0.2176,0.0625,0.0369,0.3711,0.1990,-0.92,0.74,0.1133,-0.2695,9.7656,0.1133,0.1022,28.48,0.00,0.00,1
10.054,0.2383,0.2354,-0.1289,0.0018,0.4102,0.2565,-0.93,0.75,0.0000,-0.1914,9.0000,0.0000,0.0963,28.48,0.00,0.00,1
10.074,0.2031,0.2105,0.1094,-0.0078,0.4844,0.1589,-0.93,0.74,0.0781,-0.0391,9.8477,0.0781,0.0808,28.48,0.00,0.00,1
10.085,0.2031,0.2094,0.1094,0.0102,0.4844,0.2089,-0.93,0.74,-0.8047,-0.1523,8.4258,-0.8047,0.0097,28.48,0.00,0.00,1
10.104,0.0469,0.0150,-0.0039,0.0119,0.1406,-0.0134,-0.94,0.73,-0.0781,-0.1523,9.5039,-0.0781,-0.1071,28.48,0.00,0.00,1
10.123,0.1641,0.0352,-0.1562,-0.0057,0.4844,0.0666,-0.94,0.76,0.0391,-0.3047,9.8437,0.0391,-0.0713,28.48,0.00,0.00,1
10.136,0.1641,0.0550,-0.1562,-0.0288,0.4844,0.1308,-0.95,0.77,-0.9180,-0.2305,8.1172,-0.9180,-0.1309,28.48,0.00,0.00,1
10.154,-0.1445,-0.1274,0.1094,-0.0359,-0.0117,-0.1391,-0.95,0.77,-0.2695,-0.0391,9.3477,-0.2695,-0.2557,28.48,0.00,0.00,1
10.173,-0.2969,-0.1444,-0.2344,-0.0222,-0.6641,-0.1552,-0.96,0.77,-0.4219,-0.3828,8.6992,-0.4219,-0.2934,28.48,0.00,0.00,1
10.187,0.6992,-0.0985,0.2266,-0.0323,0.9063,-0.1422,-0.96,0.75,0.5742,0.0781,10.2695,0.5742,-0.1014,28.48,0.00,0.00,1
10.204,0.0469,0.0756,0.0352,0.0258,0.3320,0.1092,-0.97,0.74,-0.0781,-0.1133,9.6914,-0.0781,-0.0541,28.48,0.00,0.00,1
10.225,0.2383,0.1082,-0.3477,-0.0557,-0.1289,0.0832,-0.97,0.74,0.1523,0.2305,10.1523,0.1523,0.0061,28.48,0.00,0.00,1
10.245,0.2031,0.1577,-0.2734,-0.0014,0.0273,0.2111,-0.96,0.74,0.0781,-0.4219,9.3828,0.0781,0.0395,28.48,0.00,0.00,1
10.256,0.2031,0.1677,-0.2734,-0.0616,0.0273,0.1704,-0.97,0.73,-0.3828,0.0391,8.8867,-0.3828,0.0112,28.48,0.00,0.00,1
10.274,-0.2578,0.0757,0.1875,-0.0197,-0.4727,0.0192,-0.96,0.73,0.0000,-0.1914,9.5391,0.0000,-0.0699,28.48,0.00,0.00,1
10.292,0.5859,0.1075,-0.1875,-0.0260,0.8984,0.0924,-0.97,0.74,0.4609,-0.3437,10.2656,0.4609,0.0559,28.48,0.00,0.00,1
10.306,0.5859,0.1810,-0.1875,-0.0508,0.8984,0.2162,-0.97,0.75,-0.4961,0.0000,8.6211,-0.4961,0.0416,28.48,0.00,0.00,1
10.323,-0.0742,0.0698,0.0781,-0.0061,0.0195,0.0429,-0.97,0.76,-0.1914,-0.0781,9.3828,-0.1914,-0.0743,28.48,0.00,0.00,1
10.343,-0.7578,-0.0258,-0.1133,0.0024,-0.9766,-0.0434,-0.98,0.79,-0.8828,-0.2695,8.3945,-0.8828,-0.2605,28.48,0.00,0.00,1
10.357,0.2773,-0.1050,0.0039,-0.0138,0.2461,-0.1521,-0.98,0.79,0.1523,-0.1523,9.6094,0.1523,-0.1692,28.48,0.00,0.00,1
10.374,0.1250,-0.0087,0.2344,0.0097,0.7852,0.0039,-0.99,0.81,0.0000,0.0781,10.1484,0.0000,-0.1117,28.48,0.00,0.00,1
10.396,0.1250,0.0439,-0.2656,-0.0437,-0.3281,-0.0043,-0.99,0.81,0.0000,0.0391,9.5039,0.0000,-0.0677,28.48,0.00,0.00,1
10.415,0.4297,0.0959,0.0781,0.0020,0.7852,0.0682,-0.99,0.79,0.3047,-0.0781,10.1523,0.3047,0.0228,28.48,0.00,0.00,1
10.426,0.4297,0.1698,0.0781,0.0188,0.7852,0.2269,-0.99,0.79,-0.8047,-0.3047,8.0078,-0.8047,-0.0036,28.48,0.00,0.00,1
10.444,-0.6797,-0.0020,-0.1484,-0.0145,-1.3594,-0.0894,-0.99,0.78,0.0391,0.0000,9.7656,0.0391,-0.1633,28.48,0.00,0.00,1
10.463,-0.0586,-0.0116,-0.1484,0.0019,-0.0195,-0.0565,-1.00,0.82,-0.1914,-0.3047,9.3477,-0.1914,-0.1453,28.48,0.00,0.00,1
10.476,-0.0586,-0.0188,-0.1484,-0.0212,-0.0195,-0.0508,-1.00,0.82,-0.3047,-0.1523,8.7344,-0.3047,-0.1614,28.48,0.00,0.00,1
10.493,-0.0586,-0.0554,-0.0352,-0.0245,-0.0977,-0.1713,-1.00,0.82,-0.1914,-0.1914,9.2656,-0.1914,-0.1852,28.48,0.00,0.00,1
10.514,0.7070,0.0049,0.1953,-0.0091,1.0508,-0.0585,-1.00,0.81,0.5742,0.0391,10.4180,0.5742,-0.0175,28.48,0.00,0.00,1
10.527,-0.5195,0.0622,-0.2656,-0.0007,-1.1328,0.0123,-1.00,0.82,-0.6523,-0.4219,8.2344,-0.6523,-0.1580,28.48,0.00,0.00,1
10.545,-0.0195,-0.0628,0.0781,-0.0484,0.3242,-0.1959,-1.00,0.81,-0.1523,-0.0781,9.6914,-0.1523,-0.1876,28.48,0.00,0.00,1
10.565,-0.5195,-0.1876,0.0781,0.0014,-0.6328,-0.2626,-1.00,0.82,0.6133,-0.2695,10.2305,0.6133,-0.2693,28.48,0.00,0.00,1
10.578,0.7461,-0.1373,-0.1133,-0.0021,0.8594,-0.2001,-1.00,0.83,0.6133,-0.2695,10.2305,0.6133,-0.1337,28.48,0.00,0.00,1
10.596,0.4023,0.1111,-0.0742,-0.0340,0.4023,0.0909,-0.99,0.83,0.2305,0.0781,9.8437,0.2305,0.0203,28.48,0.00,0.00,1
10.615,0.3633,0.1850,0.2344,0.0229,0.4766,0.1957,-0.99,0.84,-1.2656,-0.4609,7.7383,-1.2656,-0.0398,28.48,0.00,0.00,1
10.633,0.0547,-0.0835,0.0781,-0.0273,0.2461,-0.1557,-0.99,0.82,-0.0781,-0.0781,9.6094,-0.0781,-0.1949,28.48,0.00,0.00,1
10.646,0.0547,-0.0623,0.0781,-0.0111,0.2461,-0.0940,-0.98,0.82,-0.1133,0.0000,9.4219,-0.1133,-0.1797,28.48,0.00,0.00,1
10.664,1.0156,0.0473,-0.2656,0.0077,0.9766,0.0414,-0.98,0.83,0.8828,-0.4219,10.3437,0.8828,0.0634,28.48,0.00,0.00,1
10.683,0.2461,0.2604,0.0781,-0.0423,0.0547,0.2329,-0.97,0.83,0.1133,-0.0781,9.4219,0.1133,0.1255,28.48,0.00,0.00,1
10.697,0.1719,0.2513,0.3086,0.0028,0.3242,0.2150,-0.96,0.82,0.0391,0.1523,9.6914,0.0391,0.1063,28.48,0.00,0.00,1
10.714,-1.2148,0.1117,-0.4648,0.0452,-1.9375,0.0713,-0.95,0.83,-1.3398,-0.6133,7.4297,-1.3398,-0.2218,28.48,0.00,0.00,1
10.735,0.3164,-0.1054,0.1875,-0.0285,0.5937,-0.2247,-0.95,0.84,-0.1523,0.0391,9.6914,-0.1523,-0.1962,28.48,0.00,0.00,1
10.748,-0.0273,-0.0681,0.1875,0.0047,0.3242,-0.1206,-0.95,0.83,-0.1523,0.0391,9.6914,-0.1523,-0.1894,28.48,0.00,0.00,1
10.767,0.7383,0.0634,-0.1562,0.0142,0.7461,0.0959,-0.94,0.84,0.1523,-0.1133,9.3867,0.1523,0.0035,28.48,0.00,0.00,1
10.784,0.2773,0.1528,0.0352,0.0082,0.0195,0.1195,-0.92,0.84,0.1523,-0.0781,9.9219,0.1523,0.0457,28.48,0.00,0.00,1
10.803,-0.9414,0.0978,-0.1211,0.0121,-1.4375,0.0778,-0.92,0.86,-1.0742,-0.2695,7.9336,-1.0742,-0.1894,28.48,0.00,0.00,1
10.816,-0.9414,-0.0619,-0.1211,-0.0084,-1.4375,-0.1549,-0.91,0.85,0.2305,-0.1523,9.6133,0.2305,-0.2209,28.48,0.00,0.00,1
10.834,-0.3359,-0.0476,0.0352,-0.0105,0.0547,-0.1300,-0.91,0.85,-0.4609,-0.1133,9.4219,-0.4609,-0.2201,28.48,0.00,0.00,1
10.853,-0.2500,-0.1375,0.0352,0.0051,-0.7500,-0.1314,-0.91,0.86,-0.3828,-0.1133,8.6211,-0.3828,-0.2849,28.48,0.00,0.00,1
10.867,-0.2500,-0.1547,0.0352,0.0097,-0.7500,-0.2264,-0.90,0.85,0.0000,-0.1523,9.6484,0.0000,-0.2693,28.48,0.00,0.00,1
10.885,0.3242,-0.1358,0.0352,0.0169,0.3242,-0.2890,-0.89,0.86,0.1914,-0.1133,9.6875,0.1914,-0.1506,28.48,0.00,0.00,1
10.907,0.0547,-0.0204,0.0625,0.0273,-0.4023,-0.1915,-0.89,0.85,0.3828,-0.0391,10.0312,0.3828,-0.0735,28.48,0.00,0.00,1
10.918,0.5156,0.0280,0.1016,0.0359,0.6680,-0.1383,-0.88,0.88,0.3828,-0.0391,10.0312,0.3828,-0.0035,28.48,0.00,0.00,1
10.938,0.4375,0.1823,-0.1641,0.0175,0.6328,0.1312,-0.87,0.88,-0.6914,0.0391,8.3555,-0.6914,0.0264,28.48,0.00,0.00,1
10.955,-0.5508,0.0359,0.1797,0.0421,-1.0156,-0.0914,-0.87,0.87,-0.1523,0.0000,9.3867,-0.1523,-0.1341,28.48,0.00,0.00,1
10.975,-0.9023,-0.0841,-0.2812,0.0442,-1.3984,-0.2263,-0.86,0.88,-1.0352,-0.4219,7.9687,-1.0352,-0.3357,28.48,0.00,0.00,1
10.986,-0.9023,-0.2097,-0.2812,-0.0058,-1.3984,-0.4064,-0.86,0.87,0.7266,0.3047,10.6875,0.7266,-0.3022,28.48,0.00,0.00,1
11.004,0.8594,-0.0163,0.4453,0.0769,1.3203,-0.0860,-0.86,0.86,-0.0391,-0.3047,9.5391,-0.0391,-0.0717,28.48,0.00,0.00,1
11.024,0.5547,0.1020,0.1797,0.0571,0.4414,0.0893,-0.87,0.87,0.4219,0.0391,9.8086,0.4219,0.0415,28.48,0.00,0.00,1
11.037,0.5547,0.1715,0.1797,0.0760,0.4414,0.1434,-0.87,0.88,0.0391,-0.0391,9.5039,0.0391,0.0693,28.48,0.00,0.00,1
11.054,0.5625,0.2248,0.0273,0.0832,0.4023,0.1790,-0.87,0.88,0.4219,-0.1133,9.7695,0.4219,0.1437,28.48,0.00,0.00,1
11.077,-0.6719,0.1503,-0.0117,0.0582,-1.1680,0.0140,-0.87,0.87,0.2305,0.0391,9.5781,0.2305,-0.0265,28.48,0.00,0.00,1
11.094,0.3633,0.1463,0.1797,0.0807,0.2109,-0.0161,-0.88,0.85,0.4961,-0.3047,9.7266,0.4961,0.0676,28.48,0.00,0.00,1
11.105,0.6289,0.2008,-0.1641,0.0684,0.3633,0.0310,-0.87,0.86,0.4961,-0.3047,9.7266,0.4961,0.1334,28.48,0.00,0.00,1
11.124,-0.4023,0.0940,0.2187,0.0872,-0.4023,-0.0442,-0.88,0.86,0.1523,-0.0391,9.1953,0.1523,-0.0012,28.48,0.00,0.00,1
11.145,-0.9688,0.0051,-0.2344,0.0717,-1.3984,-0.1929,-0.89,0.88,0.1523,-0.0391,9.1953,0.1523,0.0424,28.48,0.00,0.00,1
11.156,-0.9766,-0.2116,-0.2344,0.0040,-1.3984,-0.4597,-0.89,0.87,0.8047,0.0781,10.4180,0.8047,0.1189,28.48,0.00,0.00,1
11.174,0.9375,-0.0050,0.2266,0.0384,1.0508,-0.1839,-0.90,0.86,-0.1914,-0.1523,8.7734,-0.1914,0.2337,28.48,0.00,0.00,1
11.194,-0.1445,0.0254,-0.0039,0.0372,0.0937,-0.1744,-0.91,0.86,-0.2695,-0.1523,9.4648,-0.2695,0.0715,28.48,0.00,0.00,1
11.207,-0.1445,-0.0007,-0.0039,0.0309,0.0937,-0.1332,-0.91,0.86,0.4609,0.1523,9.6094,0.4609,0.0775,28.48,0.00,0.00,1
11.224,0.0547,0.1165,-0.1211,0.0717,-0.1367,-0.0432,-0.92,0.87,-0.0781,-0.2695,9.2305,-0.0781,0.0889,28.48,0.00,0.00,1
11.244,0.6602,0.1474,0.1406,0.0379,0.4023,-0.0266,-0.93,0.84,0.5352,0.0000,9.7656,0.5352,0.1773,28.48,0.00,0.00,1
11.258,-0.1797,0.1937,0.1797,0.0638,-0.5547,-0.0083,-0.94,0.84,-0.3047,0.0391,8.8164,-0.3047,0.0706,28.48,0.00,0.00,1
11.275,0.6211,0.1519,-0.1953,0.0667,0.6328,-0.0682,-0.95,0.83,0.4961,-0.3437,10.0039,0.4961,0.1414,28.48,0.00,0.00,1
11.295,0.4687,0.2686,0.2617,0.1070,0.5547,0.1486,-0.96,0.83,0.1133,-0.1914,9.0781,0.1133,0.1920,28.48,0.00,0.00,1
11.314,0.2383,0.2744,-0.0430,0.0834,-0.2891,0.0770,-0.97,0.81,-0.4219,0.0000,8.8437,-0.4219,0.1268,28.48,0.00,0.00,1
11.327,-0.3047,0.1830,0.1484,0.0849,-0.5195,-0.0394,-0.98,0.80,-0.1914,-0.1914,9.1211,-0.1914,0.0238,28.48,0.00,0.00,1
11.345,-0.0742,0.0957,-0.0352,0.0623,-0.2500,-0.1159,-0.99,0.78,1.2266,-0.2695,10.6094,1.2266,0.0762,28.48,0.00,0.00,1
11.364,-0.0430,0.3274,-0.0352,0.0131,0.4023,0.1944,-1.01,0.78,-0.1523,-0.1914,9.7695,-0.1523,0.1632,28.48,0.00,0.00,1
11.377,-0.0430,0.2705,-0.0352,0.0057,0.4023,0.2263,-1.01,0.78,0.0391,-0.1133,8.9648,0.0391,0.1301,28.48,0.00,0.00,1
11.394,-0.5039,0.1657,-0.0742,0.0046,-1.0547,0.0059,-1.02,0.77,-0.6133,-0.2305,8.3164,-0.6133,-0.0453,28.48,0.00,0.00,1
11.413,0.0234,0.0180,0.2695,0.0097,0.6328,-0.1599,-1.03,0.73,-0.0781,0.1133,10.0039,-0.0781,-0.0880,28.48,0.00,0.00,1
11.428,1.5938,0.1448,-0.1797,0.0313,0.8984,0.0368,-1.04,0.73,1.4922,-0.3437,10.2695,1.4922,0.2617,28.48,0.00,0.00,1
11.445,0.1797,0.5257,0.1250,-0.0163,0.7461,0.3184,-1.05,0.72,0.0781,-0.0391,10.1094,0.0781,0.3683,28.48,0.00,0.00,1
11.467,0.1016,0.3957,0.0859,0.0259,-0.3633,0.2938,-1.07,0.73,-0.3828,-0.3437,8.4219,-0.3828,0.2166,28.48,0.00,0.00,1
11.485,-0.2812,0.2276,-0.1719,-0.0141,-0.9414,-0.0205,-1.08,0.73,-0.2695,-0.0781,9.1602,-0.2695,0.0556,28.48,0.00,0.00,1
11.497,-0.1758,0.1312,0.0937,-0.0082,-0.2109,-0.1121,-1.09,0.73,1.3398,0.0000,10.6484,1.3398,0.1124,28.48,0.00,0.00,1
11.515,1.4336,0.4003,0.1719,0.0380,1.2813,0.1901,-1.11,0.74,0.6523,-0.1914,10.0352,0.6523,0.4055,28.48,0.00,0.00,1
11.534,0.0234,0.4998,-0.0508,0.0284,-0.4805,0.2963,-1.13,0.75,-0.0781,-0.2305,8.8828,-0.0781,0.3280,28.48,0.00,0.00,1
11.547,0.0234,0.4266,-0.0508,0.0163,-0.4805,0.1770,-1.14,0.73,0.1133,0.0781,8.7383,0.1133,0.2809,28.48,0.00,0.00,1
11.564,-0.7891,0.2615,0.0273,0.0625,-0.8242,-0.1057,-1.16,0.70,-0.8828,-0.1523,8.5430,-0.8828,0.0033,28.48,0.00,0.00,1
11.585,0.9297,0.0409,-0.2344,0.0296,-0.0195,-0.2863,-1.18,0.70,0.8438,-0.4219,9.3437,0.8438,0.0833,28.48,0.00,0.00,1
11.606,1.5781,0.5746,0.4570,0.1218,2.1641,0.4380,-1.19,0.69,-0.3047,-0.5742,8.2773,-0.3047,0.4942,28.48,0.00,0.00,1
11.615,-0.2187,0.5850,-0.3789,0.1064,-1.0938,0.4425,-1.21,0.70,-0.3047,-0.5742,8.2773,-0.3047,0.3715,28.48,0.00,0.00,1
11.637,0.8906,0.4814,0.5391,0.0819,0.3633,0.1426,-1.23,0.69,-0.4219,-0.4219,8.6953,-0.4219,0.3575,28.48,0.00,0.00,1
11.656,-0.3359,0.3260,-0.2266,0.0421,-0.6719,-0.0239,-1.26,0.68,-0.4219,-0.3828,8.0781,-0.4219,0.1364,28.48,0.00,0.00,1
11.667,-0.3437,0.1783,-0.1797,-0.0101,-1.2852,-0.2615,-1.27,0.69,1.1875,0.0391,10.6914,1.1875,0.1416,28.48,0.00,0.00,1
11.685,1.2656,0.3864,0.2422,0.0351,1.3203,0.0248,-1.30,0.68,-0.1133,-1.0352,7.9727,-0.1133,0.3342,28.48,0.00,0.00,1
11.705,1.2656,0.4213,0.7852,-0.0680,0.8984,-0.1209,-1.32,0.65,1.1875,0.5742,10.2695,1.1875,0.4695,28.48,0.00,0.00,1
11.717,1.2656,0.5510,0.7852,0.0631,0.8984,0.0357,-1.33,0.64,1.5313,-0.6523,10.0703,1.5313,0.6073,28.48,0.00,0.00,1
11.735,1.6016,0.8280,-0.4414,-0.0036,0.7070,0.2380,-1.35,0.62,0.3437,-0.0781,9.4648,0.3437,0.7743,28.48,0.00,0.00,1
11.754,0.6367,0.9702,0.0586,-0.0878,-0.5937,0.2670,-1.37,0.61,0.5742,-0.1523,8.7734,0.5742,0.7032,28.48,0.00,0.00,1
11.768,0.6367,0.9190,0.0586,-0.0653,-0.5937,0.1348,-1.38,0.60,0.6914,-0.5352,9.0000,0.6914,0.6928,28.48,0.00,0.00,1
11.785,0.7734,0.8576,0.1797,-0.0913,-0.4414,-0.0545,-1.39,0.56,0.7266,-0.0391,8.9219,0.7266,0.7001,28.48,0.00,0.00,1
11.807,2.0391,1.0233,-0.2422,-0.0637,1.1289,0.0548,-1.41,0.54,1.8008,-0.0781,11.1133,1.8008,1.0527,28.48,0.00,0.00,1
11.825,1.8477,1.2690,0.1406,-0.0296,1.7344,0.4934,-1.42,0.55,0.1914,-0.3047,8.4219,0.1914,1.1361,28.48,0.00,0.00,1
11.838,0.2305,1.1487,-0.0781,-0.0255,-0.9492,0.3559,-1.45,0.56,0.6914,0.1523,8.7344,0.6914,0.9671,28.48,0.00,0.00,1
11.855,0.7305,0.9989,0.3789,0.0607,-0.6406,0.0540,-1.45,0.54,0.0391,-0.2305,8.4258,0.0391,0.8367,28.48,0.00,0.00,1
11.875,1.6016,0.8992,-0.0430,0.0631,0.6250,-0.0853,-1.46,0.52,1.5703,-0.2695,10.0039,1.5703,0.8457,28.48,0.00,0.00,1
11.887,1.6016,1.0071,-0.0430,0.0468,0.6250,0.0238,-1.49,0.51,1.9141,-0.0781,11.4180,1.9141,0.9845,28.48,0.00,0.00,1
11.905,1.9375,1.2500,0.1562,0.0654,2.0391,0.5072,-1.51,0.52,0.3047,-0.4961,8.8437,0.3047,1.1194,28.48,0.00,0.00,1
11.923,1.2813,1.1042,0.3203,0.0260,-0.0664,0.3385,-1.52,0.49,1.2656,0.0781,9.3086,1.2656,1.0543,28.48,0.00,0.00,1
11.938,1.2813,1.1314,0.3203,0.0712,-0.0664,0.2763,-1.55,0.50,-0.5742,-0.0781,8.1562,-0.5742,0.9396,28.48,0.00,0.00,1
11.956,2.1133,0.8729,-0.1016,0.0906,1.1992,0.0269,-1.57,0.47,2.1055,-0.3437,10.5742,2.1055,1.0165,28.48,0.00,0.00,1
11.974,1.8398,1.2028,0.4414,0.0795,2.1875,0.4384,-1.59,0.46,1.8398,0.1914,11.5703,1.8398,1.2666,28.48,0.00,8.72,1
11.995,1.1094,1.2583,-0.4687,0.0015,0.3477,0.6275,-1.63,0.49,0.3828,0.4961,8.8125,0.3828,1.1549,28.48,0.00,8.72,1
12.006,0.3750,1.1767,0.7539,0.0271,-0.5703,0.5111,-1.64,0.48,0.3828,0.4961,8.8125,0.3828,1.0363,28.48,0.00,8.72,1
12.027,-0.1602,0.7103,0.0352,0.1093,-1.1484,-0.0785,-1.69,0.49,2.0703,-0.0391,10.1914,2.0703,0.7462,28.48,0.00,8.72,1
12.044,2.0625,0.9554,0.2344,0.1324,0.8086,0.0511,-1.74,0.47,1.0352,0.3047,10.6133,1.0352,1.0389,28.48,9.37,8.72,1
12.057,1.0195,1.0402,0.5781,0.2078,1.2266,0.2830,-1.76,0.45,1.2266,-0.5352,9.3867,1.2266,1.0534,28.48,9.37,8.72,1
12.075,1.2109,1.0767,-0.2539,0.1287,0.0039,0.2800,-1.81,0.48,0.3047,0.2695,8.3555,0.3047,1.0288,28.48,9.37,10.69,1
12.094,0.4727,0.8741,0.3359,0.2109,-0.1211,-0.0365,-1.87,0.47,0.4961,0.0391,9.2656,0.4961,0.8243,28.48,9.37,10.69,1
12.108,0.4727,0.8124,0.3359,0.2301,-0.1211,-0.0495,-1.90,0.46,2.5664,-0.4219,10.3828,2.5664,0.9395,28.48,9.37,10.69,1
12.126,0.7656,1.1384,0.3516,0.1767,-0.3125,0.1375,-1.97,0.43,0.8047,0.0391,9.0781,0.8047,1.1042,28.48,11.43,10.69,1
12.145,0.9883,1.0505,-0.2070,0.1816,-0.2344,0.0161,-2.04,0.41,1.0352,-0.5352,9.1602,1.0352,1.0703,28.48,11.43,12.45,1
12.166,0.4492,0.9100,0.1367,0.1252,-1.6523,-0.3831,-2.11,0.35,1.4570,-0.2305,10.6523,1.4570,0.9514,28.48,11.43,12.45,1
12.176,1.4023,0.9155,0.1055,0.1245,1.2578,-0.3452,-2.14,0.35,1.4570,-0.2305,10.6523,1.4570,1.0291,28.48,11.43,12.45,1
12.197,2.7734,1.2920,-0.0391,0.0958,1.6484,0.2613,-2.22,0.33,0.9570,-0.3437,8.1211,0.9570,1.4157,28.48,13.42,12.45,1
12.214,0.8789,1.2929,0.0078,0.0679,-1.2617,0.0106,-2.30,0.29,1.5703,-0.2305,9.9258,1.5703,1.3347,28.48,13.42,14.93,1
12.227,1.4844,1.2943,0.1367,0.0744,0.5391,0.0056,-2.34,0.28,-0.4609,-0.6133,5.9023,-0.4609,1.2243,28.48,13.42,14.93,1
12.245,-0.5469,0.8986,-0.2383,0.0091,-3.4844,-0.7335,-2.41,0.21,1.4922,0.0000,9.8086,1.4922,0.9026,28.48,13.42,14.93,1
12.264,2.1133,1.0131,-0.0312,0.0678,0.6172,-0.5471,-2.49,0.18,2.2227,-0.4219,10.0000,2.2227,1.2653,28.48,15.65,14.93,1
12.278,2.1133,1.1821,-0.0312,0.0526,0.6172,-0.3682,-2.53,0.15,0.4219,-0.1133,9.0781,0.4219,1.2683,28.48,15.65,16.92,1
12.295,1.4063,1.0732,-0.1992,0.0766,0.0039,-0.2691,-2.63,0.09,1.5313,-0.6133,9.3828,1.5313,1.2252,28.48,15.65,16.92,1
12.314,-1.1758,0.9611,-0.5742,-0.0316,-3.3320,-0.4585,-2.70,0.02,-1.0352,-0.9961,6.0469,-1.0352,0.7441,28.48,15.65,16.92,1
12.336,2.6094,0.8140,-0.7109,-0.2376,1.8789,-0.6377,-2.78,-0.02,0.9570,-0.7266,8.5430,0.9570,1.0691,28.48,17.09,18.80,1
12.346,0.7930,0.9444,-0.2812,-0.2759,-0.8398,-0.4687,-2.81,-0.05,0.9570,-0.7266,8.5430,0.9570,1.0519,28.48,17.09,18.80,1
12.368,0.7773,0.8904,-0.1602,-0.2592,0.0391,-0.4602,-2.88,-0.12,1.8008,-0.0391,10.3828,1.8008,1.0871,28.48,17.09,18.80,1
12.386,1.6133,1.0433,0.4219,-0.1023,1.0000,-0.1060,-2.95,-0.16,0.6133,-1.0352,8.4648,0.6133,1.1945,28.48,18.75,20.24,1
12.397,0.4180,0.9859,-0.5586,-0.1369,-0.9180,-0.1558,-2.97,-0.19,2.6445,-1.0742,10.5312,2.6445,1.2284,28.48,18.75,20.24,1
12.416,2.4414,1.2726,-0.5977,-0.2651,1.1602,0.0880,-3.04,-0.21,0.6523,-0.6914,8.5000,0.6523,1.4706,28.48,18.75,20.24,1
12.433,3.2227,1.3248,-1.0391,-0.3343,1.3125,0.0521,-3.08,-0.29,3.4492,-1.5313,10.6875,3.4492,1.8106,28.48,20.30,21.65,1
12.448,3.2227,1.6163,-1.0391,-0.4425,1.3125,0.2457,-3.10,-0.31,2.8359,0.1523,11.8789,2.8359,2.0133,28.48,20.30,21.65,1
12.465,1.8711,1.9278,-0.4570,-0.2549,0.9375,0.8228,-3.15,-0.29,2.1055,-0.9570,10.3047,2.1055,2.1321,28.48,20.30,22.95,1
12.485,0.1797,1.7731,-0.6797,-0.3401,-2.0977,0.6175,-3.20,-0.26,0.4219,-1.1875,7.2773,0.4219,1.7504,28.48,21.89,22.95,1
12.507,0.4492,1.2713,-0.3281,-0.4018,-1.4375,-0.2068,-3.23,-0.25,1.1094,-1.1484,9.1211,1.1094,1.4074,28.48,21.89,24.71,1
12.516,0.8594,1.1778,-0.6328,-0.4149,-0.2500,-0.3008,-3.24,-0.26,1.1094,-1.1484,9.1211,1.1094,1.3616,28.48,23.44,24.71,1
12.537,0.8438,1.0669,0.4531,-0.3224,-1.3594,-0.4539,-3.28,-0.32,2.4141,-0.7266,11.2227,2.4141,1.3800,28.48,23.44,24.71,1
12.555,2.1484,1.2923,-0.1953,-0.2460,1.8555,0.0008,-3.31,-0.36,1.9922,-0.9180,9.8437,1.9922,1.6395,28.48,25.26,25.87,1
12.568,1.7031,1.4134,-0.3789,-0.2629,0.4766,0.1995,-3.33,-0.38,3.0664,-0.8828,11.2578,3.0664,1.8035,28.48,25.26,25.87,1
12.585,2.7852,1.7350,-0.3437,-0.2881,1.8945,0.5919,-3.35,-0.37,1.1094,0.0391,7.9336,1.1094,2.0051,28.48,26.38,27.31,1
12.605,1.9648,1.6258,-1.2539,-0.1906,-0.5195,0.1644,-3.39,-0.34,2.2617,-1.8008,8.8437,2.2617,1.9548,28.48,26.38,27.31,1
12.618,1.9648,1.6779,-1.2539,-0.3539,-0.5195,0.0594,-3.40,-0.36,0.9180,0.1523,8.3125,0.9180,1.8944,28.48,28.53,28.68,1
12.635,0.6055,1.4584,0.7070,-0.1752,-1.0547,-0.2233,-3.41,-0.42,2.1836,-1.9531,11.0742,2.1836,1.7187,28.48,28.53,28.68,1
12.653,-0.6055,1.3268,0.4102,-0.3268,-2.7031,-0.0771,-3.42,-0.46,-0.2695,-0.1523,6.6680,-0.2695,1.3343,28.48,28.91,31.09,1
12.677,2.9141,1.2087,-0.7773,-0.2580,2.2383,-0.2133,-3.43,-0.49,0.6914,-0.6523,7.1641,0.6914,1.5826,28.48,28.91,31.09,1
12.686,0.3398,1.2647,-0.0898,-0.2828,-2.2031,-0.1921,-3.43,-0.51,0.6914,-0.6523,7.1641,0.6914,1.4457,28.48,31.23,30.90,1
12.704,3.8945,1.2868,-1.3906,-0.3321,1.8555,-0.4377,-3.42,-0.51,4.2539,-1.9531,11.2187,4.2539,2.0202,28.48,31.23,30.90,1
12.725,1.6719,1.6839,0.7148,-0.2270,0.1328,-0.0372,-3.41,-0.55,3.1406,-2.6445,11.8398,3.1406,2.1127,28.48,31.68,33.07,1
12.738,2.7656,1.8492,-2.0898,-0.4494,2.4687,0.3592,-3.39,-0.56,-0.1914,-1.1484,6.7070,-0.1914,2.0736,28.48,31.68,34.10,1
12.755,-0.5742,1.3700,-0.5937,-0.5835,-2.6641,-0.1784,-3.34,-0.63,0.9570,-1.0352,7.5898,0.9570,1.5231,28.48,33.52,34.10,1
12.775,0.5508,1.0676,-0.4883,-0.5631,-1.7813,-0.6880,-3.28,-0.67,0.6523,-0.6914,8.2734,0.6523,1.3382,28.48,33.52,35.47,1
12.788,0.2461,0.9064,-0.1523,-0.4949,-1.0938,-0.8244,-3.25,-0.65,3.4844,-0.8438,10.3867,3.4844,1.4130,28.48,34.09,35.64,1
12.806,3.0703,1.3442,-0.3047,-0.4315,1.0234,-0.4322,-3.19,-0.62,2.4141,0.5352,11.5703,2.4141,1.9148,28.48,35.61,35.64,1
12.825,2.3750,1.6591,-0.5117,-0.1272,1.1758,0.3180,-3.14,-0.60,2.7969,-1.0352,10.5312,2.7969,2.1697,28.48,35.61,38.11,1
12.844,0.1367,1.6831,0.0625,-0.1903,-0.7031,0.4110,-3.08,-0.65,0.5742,-0.4609,8.6562,0.5742,1.8557,28.48,35.95,38.11,1
12.856,-0.2070,1.3133,0.8672,-0.0700,-2.2734,0.0388,-3.05,-0.65,0.2305,0.3437,7.0859,0.2305,1.4960,28.48,37.46,37.28,1
12.873,0.3516,0.9268,-0.4883,0.0873,-1.1602,-0.5279,-3.00,-0.67,0.8047,-0.9961,8.1992,0.8047,1.2642,28.48,37.46,39.96,1
12.895,-0.2148,0.6054,1.8867,0.4167,-2.2734,-0.9898,-2.97,-0.67,3.7148,-0.4961,13.4492,3.7148,1.1905,28.48,38.55,40.21,1
12.907,3.2539,0.7569,0.0039,0.4919,4.0859,-0.6782,-2.96,-0.67,3.7148,-0.4961,13.4492,3.7148,1.5783,28.48,39.09,40.21,1
12.927,1.4922,1.1085,0.8047,0.5526,0.7539,0.0010,-2.93,-0.64,2.2969,-0.0391,9.8867,2.2969,1.7336,28.48,39.09,40.92,1
12.946,1.8281,1.2917,0.4609,0.5480,0.5234,0.1635,-2.91,-0.65,0.6133,0.9180,6.8555,0.6133,1.7586,28.48,40.51,41.84,1
12.958,0.1289,1.1494,1.4102,0.6746,-2.5039,-0.2218,-2.90,-0.71,4.0625,-1.6484,11.8008,4.0625,1.7811,28.48,41.86,41.84,1
12.975,3.5703,1.6216,-1.1563,0.3152,2.4375,0.2245,-2.89,-0.70,0.6523,0.5742,6.8242,0.6523,2.1553,28.48,41.86,43.15,1
12.994,1.2539,1.4047,-1.1914,0.2633,1.1367,-0.1383,-2.87,-0.68,1.7617,-1.6836,10.4961,1.7617,1.8884,28.48,41.42,44.03,1
13.014,-0.7695,1.2001,0.6367,-0.0030,-2.4648,-0.0649,-2.84,-0.64,-0.2695,0.1523,6.8906,-0.2695,1.4030,28.48,42.87,44.71,1
13.026,1.9063,0.9782,-0.7031,0.0314,0.2539,-0.3785,-2.83,-0.65,2.4141,-1.1875,9.6133,2.4141,1.6267,28.48,43.41,44.71,1
13.045,-1.1289,0.9986,1.2578,-0.0201,-2.2266,-0.3976,-2.83,-0.67,-0.6133,0.7656,7.1250,-0.6133,1.1800,28.48,43.41,45.41,1
13.067,2.6719,1.2411,-1.2383,-0.2239,-0.1953,-0.5415,-2.81,-0.79,3.1016,0.4219,14.2539,3.1016,1.9732,28.48,45.27,46.89,1
13.077,2.5391,1.4502,0.9063,-0.2082,4.8984,-0.0808,-2.78,-0.83,3.1016,0.4219,14.2539,3.1016,2.1465,28.48,44.45,47.59,1
13.097,1.0078,1.5862,-1.0859,-0.1342,-0.1562,0.8403,-2.76,-0.81,1.2266,-0.2305,8.8828,1.2266,2.0103,28.48,44.45,47.59,1
13.115,0.6562,1.3444,0.2461,-0.1094,-0.4648,0.4894,-2.71,-0.82,1.5313,0.5742,9.0039,1.5313,1.8124,28.48,46.39,47.51,1
13.128,0.9453,1.2365,1.0430,0.0917,-0.3477,0.2962,-2.70,-0.85,2.1055,-2.0703,9.3867,2.1055,1.7961,28.48,46.19,48.43,1
13.146,1.5195,1.2810,-1.6016,-0.2238,0.0352,0.1983,-2.68,-0.83,0.4961,1.4922,7.3945,0.4961,1.7551,28.48,48.18,49.67,1
13.165,2.2344,1.0886,-1.3320,0.0534,4.0195,0.0558,-2.66,-0.83,2.8359,-1.8008,13.3711,2.8359,1.8437,28.48,47.34,50.11,1
13.179,2.2344,1.2646,-1.3320,-0.1594,4.0195,0.6646,-2.65,-0.79,-0.2695,-0.4219,6.7422,-0.2695,1.7477,28.48,49.17,50.91,1
13.196,0.7305,0.9805,0.3828,-0.1610,-0.5117,0.3158,-2.63,-0.78,1.3398,-0.0781,8.8477,1.3398,1.4228,28.48,48.56,50.26,1
13.214,0.4180,0.8846,0.4922,0.0020,-0.0117,0.1211,-2.59,-0.79,1.0352,0.0391,9.3477,1.0352,1.3318,28.48,48.56,50.26,1
13.237,1.0898,0.8287,0.0625,0.1031,-1.0469,-0.0832,-2.56,-0.80,2.0703,0.3437,11.3008,2.0703,1.4535,28.48,50.84,53.10,1
13.247,1.4297,0.8960,0.7891,0.1550,1.9414,0.0079,-2.55,-0.84,2.0703,0.3437,11.3008,2.0703,1.5482,28.48,49.86,51.82,1
13.267,0.3945,0.9189,-0.4727,0.1774,1.1758,0.5494,-2.54,-0.81,2.5273,-0.5352,8.3164,2.5273,1.5520,28.48,51.36,54.53,1
13.285,1.8789,1.0987,-0.0820,0.0795,-1.0469,0.2352,-2.51,-0.79,0.7266,0.4961,10.4531,0.7266,1.6846,28.48,51.63,51.93,1
13.298,0.0703,0.9936,0.9414,0.2009,1.0977,0.2808,-2.49,-0.82,3.4844,-1.9141,8.5391,3.4844,1.6932,28.48,53.44,56.01,1
13.316,2.8281,1.3421,-1.4688,-0.1225,-0.8164,0.0889,-2.48,-0.87,2.2969,1.3008,10.3437,2.2969,2.1062,28.48,53.44,54.35,1
13.335,0.8906,1.4374,-1.7852,-0.0764,2.1719,0.3257,-2.47,-0.91,1.5703,-2.2227,11.5312,1.5703,2.0487,28.48,52.74,56.68,1
13.349,0.8906,1.3534,-1.7852,-0.3389,2.1719,0.6093,-2.46,-0.87,1.5703,-0.1133,7.5898,1.5703,1.9752,28.48,55.01,56.00,1
13.366,-0.1445,1.1394,1.0508,-0.2241,-1.4375,0.2050,-2.45,-0.86,1.5703,-0.1133,7.5898,1.5703,1.8604,28.48,56.10,56.61,1
13.385,2.7148,0.9272,-1.7539,-0.0154,0.9375,-0.1649,-2.43,-0.91,3.4102,-2.1836,10.3047,3.4102,2.1687,28.48,56.10,58.78,1
13.407,-0.0977,1.1047,1.3867,-0.1257,-3.3516,-0.4479,-2.41,-0.99,2.5664,-2.1445,13.5234,2.5664,1.9549,28.48,55.60,58.88,1
13.417,1.8477,1.0756,-1.7148,-0.1415,4.1562,-0.2933,-2.41,-0.98,2.5664,-2.1445,13.5234,2.5664,2.0489,28.48,56.68,59.59,1
13.434,-0.8320,1.0802,0.3086,-0.4259,-2.7383,0.4171,-2.38,-0.99,-0.1133,-0.1133,6.6289,-0.1133,1.6026,28.48,56.86,59.76,1
13.456,0.3750,0.6954,0.9570,-0.0320,-1.8594,-0.4641,-2.36,-1.08,1.4922,-0.9180,10.1133,1.4922,1.4651,28.48,58.41,59.60,1
13.474,0.7734,0.6928,-0.2617,-0.0866,-4.2734,-0.6024,-2.36,-1.13,1.5313,-0.6914,5.0937,1.5313,1.4830,28.48,59.00,63.31,1
13.486,0.7734,0.7052,-0.2617,-0.1135,-4.2734,-1.1663,-2.35,-1.18,2.9883,-0.4961,14.6758,2.9883,1.6069,28.48,59.69,60.82,1
13.505,2.2070,1.0418,-0.0742,-0.1140,5.3047,0.0723,-2.33,-1.21,0.9180,-1.4570,9.5820,0.9180,1.8331,28.48,58.23,64.11,1
13.524,0.6289,0.8913,0.8047,-0.2258,-2.7773,0.1724,-2.31,-1.22,1.4180,0.3828,6.5898,1.4180,1.6318,28.48,60.71,62.08,1
13.536,0.6289,0.8510,0.8047,-0.0675,-2.7773,-0.2807,-2.30,-1.31,1.6484,-1.1094,8.8867,1.6484,1.6174,28.48,64.22,65.98,1
13.554,0.0625,0.7721,0.2617,-0.1190,-3.5078,-0.7226,-2.30,-1.36,0.8828,-0.1523,5.8633,0.8828,1.4585,28.48,64.22,65.98,1
13.574,4.2969,0.9096,0.3750,-0.0020,4.6133,-0.8628,-2.29,-1.40,5.1328,-0.0391,13.9805,5.1328,2.2358,28.48,63.49,66.37,1
13.587,0.7734,1.3774,-1.6172,-0.0779,1.2070,0.0766,-2.28,-1.40,1.6094,-2.0312,10.5742,1.6094,2.0972,28.48,65.73,67.98,1
13.605,1.5938,1.2717,2.4844,-0.1863,-1.5156,0.1794,-2.24,-1.46,2.4531,2.0703,7.8516,2.4531,2.1456,28.48,66.23,67.00,1
13.625,0.2734,1.0893,-1.3945,-0.1343,-2.3945,-0.5930,-2.22,-1.59,1.3398,-0.0781,7.1680,1.3398,1.8209,28.48,67.67,70.48,1
13.638,0.4414,0.9774,0.3281,-0.1901,-2.2031,-0.8544,-2.21,-1.63,1.3398,-0.0781,7.1680,1.3398,1.7470,28.48,67.90,72.13,1
13.658,3.5000,1.6611,0.0234,-0.0998,4.4219,0.5647,-2.19,-1.70,1.2656,-2.5273,9.5820,1.2656,2.4024,28.48,66.04,72.13,1
13.676,0.3594,1.4876,-2.1289,-0.5412,0.2109,0.7267,-2.16,-1.65,1.6484,1.6484,7.8164,1.6484,2.1106,28.48,71.51,71.41,1
13.694,0.1602,1.1634,-2.0156,-0.2248,-2.2031,-0.0010,-2.12,-1.66,1.0742,-2.4141,7.1680,1.0742,1.8260,28.48,73.34,72.17,1
13.706,0.1602,1.0093,-2.0156,-0.4999,-2.2031,-0.3392,-2.11,-1.70,1.9531,0.7656,7.6289,1.9531,1.7808,28.48,70.27,75.68,1
13.724,2.2266,1.0593,0.0859,-0.2027,2.8164,-0.4792,-2.06,-1.77,3.1797,-0.3047,12.1797,3.1797,2.1110,28.48,71.10,76.92,1
13.745,0.8711,1.2819,-2.4219,-0.3214,2.2773,0.4123,-2.00,-1.86,1.8398,-2.7969,11.6445,1.8398,2.1176,28.48,73.64,74.63,1
13.757,0.8242,1.1872,2.9023,-0.3604,-3.1602,0.3901,-1.99,-1.85,1.8008,2.5273,6.2070,1.8008,2.0475,28.48,75.30,75.25,1
13.774,2.5703,1.2240,-2.6523,0.1206,-0.0977,-0.3718,-1.93,-1.95,3.5625,-3.0273,9.2656,3.5625,2.3674,28.48,76.39,76.53,1
13.796,0.2578,1.1712,1.4492,0.0830,-4.4570,-1.2431,-1.87,-2.11,2.4531,-1.3789,13.2109,2.4531,2.0868,28.48,74.58,79.31,1
13.808,1.4141,1.1234,-1.0195,0.0953,3.8555,-1.0718,-1.85,-2.15,2.4531,-1.3789,13.2109,2.4531,2.1430,28.48,76.58,80.48,1
13.828,2.2930,1.3575,-1.2188,-0.3153,1.4414,0.2372,-1.79,-2.12,1.8789,0.8438,10.0312,1.8789,2.3818,28.48,77.32,77.75,1
13.845,0.8320,1.2995,1.1875,-0.0390,0.6758,0.4093,-1.71,-2.12,1.4180,-1.7227,4.0664,1.4180,2.2023,28.48,78.53,80.39,1
13.859,0.3555,1.1228,-1.3945,-0.1642,-5.2969,-0.4491,-1.69,-2.19,4.9023,2.3750,13.5664,4.9023,2.3075,28.48,78.90,82.07,1
13.876,3.8242,1.6729,2.7031,0.3937,4.2031,0.2785,-1.61,-2.27,2.6445,-3.8672,11.5703,2.6445,2.8628,28.48,79.54,83.31,1
13.894,-0.9336,1.5644,2.9844,-0.0706,-0.9336,0.7999,-1.55,-2.23,0.1523,2.6797,8.4219,0.1523,2.2368,28.48,77.59,80.63,1
13.915,1.1211,1.0203,-1.6953,0.4215,-2.6172,0.1736,-1.49,-2.22,2.2227,-1.9922,6.7422,2.2227,2.1038,28.48,80.44,82.75,1
13.927,0.4609,0.9898,1.0938,0.1761,-2.0039,-0.3950,-1.45,-2.30,1.5703,0.8047,7.3516,1.5703,1.9858,28.48,80.68,85.47,1
13.945,0.3516,0.8311,0.8945,0.4204,2.4766,-0.4929,-1.39,-2.50,1.4922,0.6133,11.8398,1.4922,1.8506,28.48,79.81,85.17,1
13.966,4.1016,1.2436,-2.3398,0.0853,2.7852,0.5669,-1.33,-2.57,1.0352,0.4609,7.7344,1.0352,2.4570,28.48,82.88,83.66,1
13.978,-0.1133,1.3454,0.7266,-0.0419,-1.6211,0.5551,-1.31,-2.57,1.0352,0.4609,7.7344,1.0352,2.2386,28.48,85.49,87.42,1
13.998,-0.6602,0.7641,-0.7070,-0.0001,-3.9570,-0.5456,-1.25,-2.60,3.1016,-0.1523,11.6406,3.1016,1.8839,28.48,83.38,90.23,1
14.015,1.9375,0.9351,0.0977,-0.0225,2.2852,-0.1316,-1.19,-2.68,5.0195,-1.8398,14.5156,5.0195,2.3827,28.48,85.09,88.17,1
14.034,-2.2148,1.3335,0.6094,-0.2874,-3.3437,0.8274,-1.13,-2.73,-1.0352,0.3828,6.0195,-1.0352,1.9416,28.48,87.71,87.72,1
14.046,-2.2148,0.7885,0.6094,-0.1496,-3.3437,0.1867,-1.09,-2.81,-0.3047,0.1133,5.2539,-0.3047,1.5428,28.48,87.75,90.54,1
14.066,2.8789,0.4430,0.0586,-0.0176,2.8320,-0.4287,-1.06,-2.92,4.0977,-0.1523,12.1797,4.0977,1.6951,28.48,85.36,92.19,1
14.085,3.4023,1.1758,-1.9414,-0.1560,4.1719,0.6032,-0.97,-3.05,4.6367,-2.1445,13.5273,4.6367,2.4958,28.48,86.98,91.72,1
14.097,-0.9727,1.3185,1.3047,-0.2915,-1.4219,0.9455,-0.94,-3.12,0.2695,1.1094,7.9336,0.2695,2.0031,28.48,89.74,90.83,1
14.114,-0.8438,0.5461,0.5312,0.1892,-4.9453,-0.1434,-0.88,-3.19,0.4219,0.3437,4.4102,0.4219,1.4458,28.48,91.15,93.48,1
14.137,4.2500,0.8547,1.0547,0.3862,5.7734,-0.1341,-0.83,-3.19,3.6758,-1.5703,10.3477,3.6758,2.3942,28.48,92.58,96.54,1
14.148,2.4102,1.2290,-1.3984,0.2927,0.9922,0.3908,-0.80,-3.25,3.6758,-1.5703,10.3477,3.6758,2.5910,28.48,89.06,94.36,1
14.168,-0.5547,1.1763,-0.4102,-0.1321,-1.3438,0.2370,-0.77,-3.29,-0.5742,-0.3047,5.6680,-0.5742,2.0203,28.48,95.83,94.03,1
14.185,-1.8477,0.3992,-0.1484,-0.1530,-3.6836,-0.7291,-0.74,-3.25,2.1836,-0.0781,11.2227,2.1836,1.5051,28.48,92.76,96.16,1
14.199,0.9023,0.3244,0.0703,-0.1184,1.8633,-0.5310,-0.72,-3.26,2.9492,-0.8828,9.8477,2.9492,1.7165,28.48,93.75,95.96,1
14.216,1.6602,0.6560,-0.7344,-0.2430,0.5000,-0.1537,-0.70,-3.40,1.3008,0.1914,9.5039,1.3008,1.9343,28.48,94.91,97.93,1
14.235,-0.8242,0.4592,-0.2109,-0.1515,-4.0586,-0.3655,-0.67,-3.48,0.4961,-0.3437,5.2852,0.4961,1.5402,28.48,94.42,99.92,1
14.255,-0.9375,0.0861,-0.0586,-0.1562,1.4961,-0.9685,-0.67,-3.46,0.3828,-0.1914,10.8398,0.3828,1.2190,28.48,96.16,101.21,1
14.267,-0.9375,-0.0711,-0.0586,-0.1412,1.4961,-0.5899,-0.67,-3.49,4.0234,2.0312,11.6797,4.0234,1.3818,28.48,94.79,98.37,1
14.284,1.6758,-0.1078,-1.2461,-0.2128,0.9219,-0.0443,-0.68,-3.61,3.0273,-1.3789,10.2695,3.0273,1.9106,28.48,97.20,100.19,1
14.309,1.0078,0.3977,1.2070,-0.1882,-0.4180,0.0793,-0.69,-3.70,0.4609,-1.3398,8.6953,0.4609,1.9532,28.48,98.77,102.03,1
14.318,-0.8984,0.3389,-1.2070,-0.1671,-0.6406,-0.0149,-0.71,-3.68,0.4609,-1.3398,8.6953,0.4609,1.7240,28.48,100.85,100.82,1
14.335,-1.2305,-0.0386,0.7930,-0.3020,-1.3281,-0.2474,-0.78,-3.59,0.1133,0.6523,8.0078,0.1133,1.2888,28.48,98.15,102.36,1
14.356,0.8711,0.0202,-0.5508,-0.2261,-0.7930,-0.4974,-0.84,-3.65,3.0273,0.4219,12.4883,3.0273,1.6716,28.48,96.91,105.46,1
14.376,3.9492,0.7172,-0.6094,-0.1132,3.6133,0.5576,-0.90,-3.74,5.3242,-0.7656,12.9453,5.3242,2.6421,28.48,98.74,104.24,1
14.386,3.9492,1.2136,-0.6094,-0.1894,3.6133,1.0270,-0.94,-3.76,1.8008,-1.1875,6.3242,1.8008,2.7722,28.48,103.67,102.45,1
14.406,0.4180,1.2080,-1.0234,-0.4002,-3.0156,0.2934,-1.01,-3.81,1.9922,-0.5742,7.8164,1.9922,2.5120,28.48,101.07,108.10,1
14.424,-0.6406,0.8881,-1.8906,-0.5556,-0.5625,-0.3338,-1.09,-3.88,0.7656,-2.0703,8.7734,0.7656,2.0633,28.48,101.79,107.84,1
14.437,-0.6406,0.6533,-1.8906,-0.7606,-0.5625,-0.3689,-1.15,-3.90,0.9570,-0.4219,8.5391,0.9570,1.8793,28.48,104.79,108.00,1
14.454,-1.1172,0.2130,-0.8633,-0.7233,-2.5156,-0.6381,-1.24,-3.93,0.3047,-1.0742,6.8203,0.3047,1.4205,28.48,102.55,108.58,1
14.475,1.2578,0.0258,-1.1992,-0.7899,2.1641,-0.7962,-1.35,-3.93,2.6797,-1.4180,11.4922,2.6797,1.6297,28.48,103.86,107.67,1
14.488,1.2305,0.2963,-0.2617,-0.8055,2.0117,-0.1533,-1.40,-3.91,2.6445,-0.4961,11.3398,2.6445,1.8543,28.48,107.10,107.32,1
14.505,1.0000,0.5428,-1.2891,-0.7334,-1.4766,0.1817,-1.49,-3.85,2.4141,-1.5313,7.8555,2.4141,2.0274,28.48,106.30,110.72,1
14.526,1.0820,0.7168,0.2578,-0.5805,0.4805,0.0495,-1.58,-3.83,3.8320,-2.0312,10.5312,3.8320,2.2920,28.48,109.49,109.85,1
14.545,2.4180,1.1160,-1.7656,-0.7906,1.2070,0.3325,-1.65,-3.85,3.5234,-1.0352,10.1484,3.5234,2.7041,28.48,111.99,111.02,1
14.557,2.1016,1.3556,-0.7539,-0.8510,0.8242,0.4672,-1.68,-3.89,2.5664,-0.8828,10.8750,2.5664,2.8089,28.48,109.11,115.14,1
14.576,1.1445,1.3553,-0.5937,-0.7880,1.5508,0.7293,-1.75,-3.86,1.3398,-2.1445,8.1172,1.3398,2.6420,28.48,110.12,115.39,1
14.595,0.1484,0.9540,-0.9219,-1.0017,0.2773,0.3444,-1.84,-3.93,1.5703,-1.2266,9.6094,1.5703,2.2491,28.48,112.18,113.77,1
14.607,0.1484,0.8303,-0.9219,-0.9895,0.2773,0.3341,-1.87,-4.00,0.9570,0.0000,7.5898,0.9570,2.0957,28.48,109.09,116.40,1
14.625,-2.3867,0.2686,-1.6250,-0.7682,-3.5430,-0.4037,-1.92,-4.10,-0.9570,-1.9531,5.7812,-0.9570,1.2839,28.48,111.57,116.23,1
14.645,-0.3281,-0.3198,0.8320,-0.8146,0.8633,-0.9415,-1.99,-4.23,1.1094,0.4961,10.1875,1.1094,1.1057,28.48,112.84,115.85,1
14.658,1.0898,-0.2082,-1.0273,-0.5989,-1.3516,-0.7193,-2.01,-4.30,2.5273,-1.3789,7.9687,2.5273,1.4203,28.48,113.28,118.61,1
14.676,-0.0195,0.0712,0.0078,-0.6376,1.6680,-0.6570,-2.05,-4.33,1.4180,-0.3437,10.9922,1.4180,1.4888,28.48,111.99,118.62,1
14.697,0.3555,0.1232,-0.6367,-0.5602,-1.3984,-0.5430,-2.09,-4.38,0.7656,-0.7656,9.1953,0.7656,1.5123,28.48,113.88,117.44,1
14.709,-0.6719,0.0767,-0.3984,-0.5529,-0.1328,-0.5732,-2.10,-4.43,0.7656,-0.7656,9.1953,0.7656,1.3976,28.48,111.63,118.91,1
14.728,0.4102,-0.0123,-1.4258,-0.6580,-0.3633,-0.4584,-2.12,-4.41,2.6445,0.6133,13.2500,2.6445,1.5512,28.48,112.45,119.32,1
14.747,1.2227,0.2873,0.9961,-0.3398,3.9336,0.5195,-2.15,-4.43,1.4180,-0.6523,5.6328,1.4180,1.7632,28.48,114.03,119.83,1
14.764,-1.3516,0.1505,0.3828,-0.1911,-0.8945,-0.2545,-2.14,-4.49,0.0781,0.0000,8.4219,0.0781,1.3489,28.48,114.86,119.82,1
14.777,-1.3516,-0.0802,0.3828,-0.1030,-0.8945,-0.3528,-2.15,-4.52,2.0312,0.5352,9.3437,2.0312,1.3100,28.48,117.41,118.89,1
14.794,0.9688,0.0697,0.3125,0.1676,-0.0117,-0.2792,-2.15,-4.62,2.4141,-0.0781,9.3086,2.4141,1.6406,28.48,118.51,122.43,1
14.814,-0.9102,0.1743,0.4297,0.2181,-1.3906,-0.3136,-2.14,-4.71,0.5352,0.0391,7.9297,0.5352,1.4441,28.48,117.54,121.70,1
14.828,1.4961,0.1268,0.8125,0.2955,2.3242,-0.2548,-2.13,-4.77,2.9492,0.4219,11.6406,2.9492,1.7772,28.48,120.06,121.09,1
14.845,-0.2656,0.3742,1.0898,0.4643,-1.1602,0.1979,-2.17,-4.80,1.1875,0.6914,8.1562,1.1875,1.7197,28.48,117.59,125.93,1
14.868,-3.1445,-0.2861,-0.4844,0.4358,-3.4961,-0.6239,-2.18,-4.85,3.0273,1.1875,11.6797,3.0273,1.1009,28.48,118.62,123.53,1
14.879,1.5586,-0.3489,1.5859,0.4601,2.3711,-0.5957,-2.17,-4.90,3.0273,1.1875,11.6797,3.0273,1.3968,28.48,120.86,124.21,1
14.898,1.2031,0.2468,0.4766,0.6735,2.0273,0.3629,-2.19,-4.99,-1.0352,-0.6914,5.5547,-1.0352,1.5569,28.48,120.66,126.45,1
14.915,-2.5117,-0.3041,-0.2930,0.4473,-3.7578,-0.4453,-2.19,-5.08,1.4570,0.8047,9.3828,1.4570,1.0211,28.48,121.39,124.69,1
14.934,2.7969,-0.1262,0.1758,0.5387,2.3320,-0.3072,-2.22,-5.15,4.2891,-0.2305,11.6406,4.2891,1.7965,28.48,123.20,130.84,1
14.947,2.7969,0.3228,0.1758,0.4829,2.3320,0.0982,-2.23,-5.16,0.2305,-1.6836,7.3555,0.2305,1.8547,28.48,124.58,130.06,1
14.964,-0.5039,0.1869,1.1719,0.2713,-1.7266,-0.1991,-2.24,-5.17,0.9961,0.7656,7.5859,0.9961,1.5116,28.48,124.72,127.40,1
14.985,0.6914,0.0866,-0.6211,0.3832,1.2969,-0.3904,-2.27,-5.24,2.1836,-1.0352,10.6133,2.1836,1.6282,28.48,125.42,132.52,1
14.998,0.6914,0.1795,-0.6211,0.2290,1.2969,-0.1312,-2.27,-5.27,0.4609,-0.3437,7.2344,0.4609,1.5757,28.48,126.50,128.63,1
15.015,-2.3516,-0.2434,1.3711,0.2393,-3.4805,-0.7113,-2.30,-5.33,-0.8438,0.9570,5.8203,-0.8438,0.9069,28.48,126.20,130.72,1
15.038,2.3242,-0.2439,-1.0430,0.2544,3.6445,-0.5610,-2.34,-5.42,2.7969,0.3828,12.2187,2.7969,1.5534,28.48,127.73,131.46,1
15.049,1.2813,0.0671,0.8047,0.2029,2.9141,0.0265,-2.36,-5.46,2.7969,0.3828,12.2187,2.7969,1.7444,28.48,126.10,129.02,1
15.068,0.1172,0.3023,-0.6445,0.1855,-3.0547,0.0942,-2.44,-5.55,0.6133,-0.3828,10.4531,0.6133,1.6947,28.48,126.66,132.10,1
15.086,-0.9102,0.0224,0.0547,0.1048,1.1602,0.1339,-2.52,-5.54,5.2852,-0.0391,13.3711,5.2852,1.7617,28.48,126.98,133.67,1
15.104,0.4609,0.7654,0.4141,0.1881,-0.9453,0.9071,-2.60,-5.58,1.9922,-0.0391,8.3555,1.9922,2.2342,28.48,126.15,134.43,1
15.117,0.4609,0.7186,0.4141,0.2228,-0.9453,0.6225,-2.64,-5.56,-1.5703,-1.6094,6.6250,-1.5703,1.9120,28.48,127.98,137.23,1
15.136,-3.0859,-0.1394,-1.1406,-0.0670,-2.6680,-0.2034,-2.72,-5.54,1.9141,0.8438,9.0391,1.9141,1.2031,28.48,130.51,134.52,1
15.155,3.1953,0.0680,-0.4336,0.1246,5.6797,0.1150,-2.79,-5.56,4.7109,-0.9180,14.9805,4.7109,2.0645,28.48,133.05,136.80,1
15.168,3.1953,0.5484,-0.4336,0.0388,5.6797,0.9697,-2.84,-5.56,0.2695,-2.2227,5.7852,0.2695,2.1157,28.48,133.82,135.50,1
15.185,-2.7031,0.0746,1.0039,-0.2697,-4.2031,-0.0866,-2.92,-5.62,-1.1875,0.4961,5.0937,-1.1875,1.1638,28.48,132.59,134.97,1
15.209,1.1563,-0.2796,-1.2461,-0.1811,3.0078,-0.3824,-3.01,-5.68,4.7500,-1.0742,12.3789,4.7500,1.6246,28.48,134.52,142.35,1
15.219,3.2187,0.1060,-0.5508,-0.2891,3.0859,0.1446,-3.06,-5.86,4.7500,-1.0742,12.3789,4.7500,2.1047,28.48,132.61,137.74,1
15.236,-0.9258,0.6572,0.5000,-0.2792,-2.6992,0.5159,-3.15,-6.20,0.6133,-0.0391,6.5898,0.6133,1.9394,28.48,134.92,140.25,1
15.255,-3.3477,-0.4185,-2.2578,-0.6239,-3.3906,-0.7332,-3.24,-6.48,3.0273,-0.3437,9.8437,3.0273,1.0505,28.48,136.05,139.04,1
15.276,4.4805,0.1890,-1.0391,-0.5792,5.3516,-0.1365,-3.34,-6.73,6.0508,-1.6094,14.6367,6.0508,2.3936,28.48,137.82,140.43,1
15.287,4.4883,1.1400,-1.0313,-0.6798,5.3516,1.0781,-3.39,-6.80,0.8828,-0.1523,7.7734,0.8828,2.7895,28.48,136.07,142.39,1
15.306,-0.6875,0.9441,0.4258,-0.4570,-1.5039,0.7729,-3.47,-6.99,-2.3750,-0.2305,1.1875,-2.3750,1.9882,28.48,137.85,142.47,1
15.325,-2.0234,-0.3855,-1.1602,-0.2956,0.5273,-1.1826,-3.54,-7.22,-0.4219,-1.7617,9.8086,-0.4219,0.9329,28.48,136.04,143.68,1
15.338,-2.0234,-0.6371,-1.1602,-0.4284,0.5273,-0.9199,-3.57,-7.32,5.2852,-0.3828,13.7148,5.2852,1.1814,28.48,138.01,141.42,1
15.355,2.5195,0.4141,-0.1953,-0.3184,4.0195,0.6498,-3.63,-7.50,4.1367,-0.8047,13.2930,4.1367,2.3263,28.48,140.13,146.91,1
15.375,-2.8203,0.5840,-0.6406,-0.3191,-3.9023,0.9717,-3.68,-7.70,-1.1875,-1.2656,5.3594,-1.1875,1.6614,28.48,142.05,146.39,1
15.389,-2.7656,-0.1650,0.2422,-0.3196,-5.1680,-0.2082,-3.69,-7.81,-1.1094,-0.3828,4.0977,-1.1094,1.0482,28.48,140.63,145.60,1
15.406,1.5234,-0.5594,-0.4766,-0.2178,4.3320,-0.8548,-3.74,-7.91,3.1797,-1.1094,13.5937,3.1797,1.3855,28.48,139.84,148.81,1
15.429,5.7734,1.4658,-0.4687,-0.3174,5.1758,1.4262,-3.77,-7.97,4.8633,0.4219,11.8398,4.8633,3.5595,28.48,137.95,144.84,1
15.446,3.2070,2.1195,1.0625,-0.0215,2.5703,1.9130,-3.79,-8.04,0.0781,-1.8398,7.3555,0.0781,3.5464,28.48,142.80,149.48,1
15.459,-1.5781,1.6252,-1.1914,-0.1278,-1.9102,1.3703,-3.80,-8.03,-2.4141,-0.0781,4.1719,-2.4141,2.5795,28.48,141.38,148.54,1
15.476,-4.0703,0.1652,0.5703,-0.0395,-5.0898,-0.2638,-3.78,-8.08,1.1094,-1.6484,11.2578,1.1094,1.4451,28.48,145.18,146.58,1
15.494,3.4062,0.0367,0.3359,-0.1701,5.2461,0.3606,-3.78,-8.05,5.0547,-0.3047,14.5156,5.0547,2.2038,28.48,142.96,149.90,1
15.508,3.4062,0.5543,0.3359,-0.0924,5.2461,1.1110,-3.77,-8.04,4.5195,0.0391,11.8750,4.5195,2.5989,28.48,144.18,150.78,1
15.525,-2.5977,0.9389,-0.2852,0.0739,-0.9297,1.4866,-3.73,-8.07,-0.9570,-0.9180,8.3516,-0.9570,2.0417,28.48,141.78,152.02,1
15.545,-2.8437,-0.0838,0.6641,0.0480,-4.2344,0.5370,-3.69,-7.99,-1.2266,0.0391,5.0586,-1.2266,1.1316,28.48,143.88,149.68,1
15.559,0.1133,-0.2712,-0.8320,0.0230,2.9687,0.3803,-3.69,-7.99,1.7227,-1.4570,12.2578,1.7227,1.2223,28.48,143.18,150.29,1
15.576,2.7422,0.0482,2.8867,0.0780,6.9062,1.4294,-3.65,-7.84,4.3281,2.2617,16.2031,4.3281,1.9409,28.48,141.60,147.65,1
15.597,0.7812,0.6654,1.0078,0.7469,0.8477,2.3660,-3.66,-7.64,-5.3594,0.9961,2.4141,-5.3594,1.5741,28.48,141.44,145.29,1
15.616,-6.9023,-1.0022,1.6211,0.9566,-6.8984,0.2211,-3.66,-7.50,-4.6758,0.8438,1.4570,-4.6758,-0.3376,28.48,143.51,148.57,1
15.627,-6.1875,-2.1982,1.4688,1.0803,-7.8633,-1.5028,-3.66,-7.47,3.4102,-0.6914,12.8711,3.4102,-0.6508,28.48,141.46,146.80,1
15.646,1.9102,-1.5375,-0.0664,0.8507,3.5508,-0.7806,-3.68,-7.33,3.8320,-0.2695,14.3633,3.8320,0.5347,28.48,142.09,150.72,1
15.665,-4.0195,-0.7442,0.2812,0.6518,-4.3477,0.3664,-3.70,-7.19,-2.5664,-0.3437,4.9766,-2.5664,0.2427,28.48,139.18,146.76,1
15.678,-4.0195,-1.2473,0.2812,0.5949,-4.3477,-0.3577,-3.70,-7.13,-1.5703,0.0391,9.1953,-1.5703,-0.1091,28.48,139.98,146.37,1
15.696,-0.0898,-1.6705,0.2031,0.5596,2.5781,-0.3073,-3.72,-7.07,1.3398,-0.4219,11.9180,1.3398,0.0368,28.48,144.34,148.10,1
15.715,-2.5078,-1.4156,0.5625,0.4873,-0.3789,0.2745,-3.78,-6.96,-1.1094,-0.0781,8.9609,-1.1094,-0.1357,28.48,144.57,150.72,1
15.729,-2.5078,-1.5834,0.5625,0.4988,-0.3789,0.1741,-3.82,-6.90,-2.1836,0.1133,3.4102,-2.1836,-0.3712,28.48,142.15,150.08,1
15.746,-2.5312,-2.1144,-0.2344,0.4958,-2.2969,-1.2988,-3.89,-6.96,-1.1484,-0.8828,7.0508,-1.1484,-0.7600,28.48,142.61,154.46,1
15.768,-2.6172,-2.2697,0.0508,0.2906,-1.7188,-1.5503,-3.97,-7.09,1.2266,-0.2305,12.4844,1.2266,-0.7183,28.48,142.86,153.21,1
15.786,-0.1719,-1.8271,0.4414,0.3091,3.1445,-0.5218,-4.06,-7.18,-0.3828,-2.0312,10.6875,-0.3828,-0.2955,28.48,145.14,151.10,1
15.798,-1.7891,-1.7091,-1.3516,0.0630,1.3516,0.0142,-4.09,-7.23,0.9180,0.0391,12.0625,0.9180,-0.2107,28.48,142.33,150.53,1
15.816,-0.4805,-1.4422,0.7266,0.1217,2.7305,0.6987,-4.18,-7.29,-0.3828,-0.7266,10.0312,-0.3828,0.0053,28.48,144.84,152.49,1
15.835,-4.7227,-1.7201,0.4727,0.1533,-4.5078,0.3987,-4.28,-7.30,-3.3320,-0.2305,4.8281,-3.3320,-0.7797,28.48,143.47,150.13,1
15.848,-4.7227,-2.1813,0.4727,0.2024,-4.5078,-0.3549,-4.32,-7.37,-0.2695,0.2305,8.2734,-0.2695,-0.9267,28.48,146.18,150.42,1
15.866,-2.6875,-2.2661,0.1992,0.3697,-2.5469,-0.9108,-4.45,-7.64,-1.2656,-0.5352,6.7812,-1.2656,-0.9231,28.48,144.34,151.72,1
15.885,0.8164,-2.1342,-0.2461,0.2775,4.0117,-0.9439,-4.58,-7.88,2.2617,-0.9961,13.3320,2.2617,-0.2593,28.48,145.35,153.66,1
15.899,0.8164,-1.6810,-0.2461,0.1971,4.0117,-0.1827,-4.64,-7.92,0.6523,-1.6836,10.9180,0.6523,-0.0008,28.48,138.95,149.28,1
15.917,-1.5977,-1.3504,-0.8750,-0.1411,4.8164,0.8201,-4.78,-7.97,-0.1523,-1.6484,14.1328,-0.1523,0.0438,28.48,137.38,148.15,1
15.938,-3.9180,-1.7911,-0.6953,-0.3637,2.2773,1.7925,-4.90,-7.93,-4.1758,-1.1875,7.5469,-4.1758,-0.8206,28.48,137.23,146.80,1
15.956,-5.5898,-2.7643,-0.3750,-0.3869,-1.7813,1.0318,-5.01,-7.87,-2.1055,-1.6484,9.2695,-2.1055,-1.6065,28.48,138.72,146.69,1
15.969,-3.5039,-3.0692,-0.8203,-0.4526,-0.0586,0.6738,-5.05,-7.85,-3.6016,-0.3828,4.8594,-3.6016,-1.8366,28.48,141.02,143.99,1
15.985,-4.9922,-3.5219,0.4531,-0.2751,-4.4648,-0.5090,-5.12,-7.84,0.9180,-1.4180,10.9531,0.9180,-1.9756,28.48,140.79,145.12,1
16.006,-1.6055,-3.0271,-0.2305,-0.2695,1.3594,-0.3039,-5.15,-7.87,-0.2305,-1.0742,10.6914,-0.2305,-1.3314,28.48,136.63,148.77,1
16.019,-1.6055,-2.7124,-0.2305,-0.2609,1.3594,0.0642,-5.21,-7.90,0.9570,-1.6484,12.6797,0.9570,-0.9927,28.48,139.72,144.30,1
16.036,-0.4023,-2.1322,-0.7969,-0.3776,3.3516,0.8724,-5.26,-7.88,0.9570,-0.9570,13.2148,0.9570,-0.4398,28.48,137.46,147.51,1
16.054,-3.7187,-1.8046,-0.4805,-0.3529,-2.6992,1.3425,-5.29,-7.85,-2.3750,-1.3398,6.6250,-2.3750,-0.7010,28.48,140.23,144.03,1
16.069,-3.7187,-2.0986,-0.4805,-0.3725,-2.6992,0.7217,-5.30,-7.84,0.3437,0.0391,11.1484,0.3437,-0.7406,28.48,138.16,149.37,1
16.086,-1.8789,-1.9438,-0.5117,-0.1294,-0.9102,0.6172,-5.33,-7.78,-0.5742,-1.3789,8.4258,-0.5742,-0.5741,28.48,137.80,148.15,1
16.106,-4.2070,-2.1117,-0.8867,-0.2679,-6.5000,-0.2632,-5.35,-7.80,-2.9102,-1.7617,2.8359,-2.9102,-1.0911,28.48,138.50,147.25,1
16.126,-1.0664,-2.1310,0.7227,-0.1227,1.3906,-0.6431,-5.34,-7.80,-1.2656,-1.6094,8.6953,-1.2656,-0.7602,28.48,140.29,145.03,1
16.137,-2.5469,-2.0859,-0.7422,-0.1100,-0.6406,-0.4932,-5.32,-7.82,-1.2656,-1.6094,8.6953,-1.2656,-0.8379,28.48,139.70,146.22,1
16.157,-0.8516,-1.8679,1.0508,0.0713,2.1953,0.0841,-5.32,-7.80,0.6914,0.1133,10.6875,0.6914,-0.3868,28.48,139.94,146.39,1
16.177,-0.5664,-1.5165,0.9727,0.3318,1.3359,0.4927,-5.31,-7.72,-1.7227,0.7266,7.7734,-1.7227,-0.2742,28.48,137.67,143.27,1
16.188,-2.9570,-1.6734,1.5859,0.5678,-1.5742,0.2323,-5.29,-7.73,0.8828,0.2305,8.9258,0.8828,-0.3863,28.48,137.14,143.14,1
16.206,-0.3437,-1.4591,1.0977,0.7485,-0.4258,-0.0259,-5.31,-7.70,-1.3789,-1.1094,7.9687,-1.3789,-0.2073,28.48,137.16,144.61,1
16.225,-0.7344,-1.5674,-0.5195,0.4638,-0.3477,-0.3508,-5.30,-7.65,0.4609,-1.3789,9.0039,0.4609,-0.1995,28.48,139.37,145.69,1
16.239,-0.7344,-1.4395,-0.5195,0.3127,-0.3477,-0.3503,-5.28,-7.67,1.7617,-0.0391,12.0273,1.7617,0.0060,28.48,139.33,143.76,1
16.256,-0.9805,-0.9523,-0.6328,0.2911,-0.8555,0.2255,-5.28,-7.65,0.1914,-1.4922,8.5039,0.1914,0.2570,28.48,139.98,146.41,1
16.276,0.1016,-0.8738,0.7812,0.1422,-0.7773,-0.0748,-5.28,-7.60,1.2656,-0.0781,8.5781,1.2656,0.4761,28.48,137.80,145.45,1
16.296,-1.8555,-0.9744,0.3164,0.2572,-2.4258,-0.6791,-5.25,-7.68,-0.9180,-2.1445,6.5078,-0.9180,0.0600,28.48,137.14,150.83,1
16.307,-2.0742,-1.1272,-1.3008,0.1369,-2.8477,-0.9812,-5.25,-7.68,-0.9180,-2.1445,6.5078,-0.9180,-0.0902,28.48,140.71,146.80,1
16.327,0.0078,-1.1303,1.8711,0.1340,2.3633,-0.8171,-5.22,-7.65,0.4609,-2.1055,8.5430,0.4609,0.1586,28.48,140.73,146.35,1
16.346,-0.6797,-0.9596,-1.2695,-0.0684,-0.8164,-0.6188,-5.15,-7.69,1.4922,0.2305,13.8711,1.4922,0.3269,28.48,140.21,147.38,1
16.358,0.3594,-0.7381,1.0586,0.0234,4.5078,0.1553,-5.12,-7.66,1.0352,-0.8438,11.4141,1.0352,0.5482,28.48,140.92,145.54,1
16.376,-0.0820,-0.5245,-0.0234,0.0775,2.0547,0.8468,-5.06,-7.61,-1.0742,-0.5352,8.1562,-1.0742,0.5176,28.48,139.14,146.24,1
16.395,-2.0508,-0.9575,0.5742,0.1521,-2.2344,0.2529,-5.00,-7.58,-0.9570,-0.2305,7.1250,-0.9570,0.0008,28.48,138.89,144.03,1
16.409,-2.0508,-1.1254,0.5742,0.2170,-2.2344,-0.1291,-4.98,-7.58,-2.2617,-0.2695,7.8164,-2.2617,-0.2507,28.48,141.26,147.65,1
16.426,-0.8086,-1.6056,0.2148,0.2989,0.0273,-0.5251,-4.92,-7.59,0.2695,-0.5742,9.3828,0.2695,-0.3761,28.48,138.68,144.68,1
16.445,-2.5937,-1.5223,0.3125,0.2829,-2.7305,-0.5891,-4.85,-7.55,-1.5313,-0.4609,6.6250,-1.5313,-0.5915,28.48,140.86,147.43,1
16.468,-1.4375,-1.6172,-0.1172,0.1737,-0.8086,-0.8880,-4.80,-7.59,1.1484,0.0000,11.4180,1.1484,-0.3869,28.48,138.99,144.49,1
16.477,0.0937,-1.4671,0.7656,0.1996,2.0625,-0.6461,-4.77,-7.60,1.1484,0.0000,11.4180,1.1484,-0.1510,28.48,140.33,147.15,1
16.498,0.2539,-0.9104,0.0664,0.2852,0.6484,0.0601,-4.71,-7.62,1.5703,-0.3047,11.8398,1.5703,0.3567,28.48,138.99,145.96,1
16.517,0.5312,-0.5188,0.4375,0.3053,2.4844,0.6333,-4.66,-7.59,0.3047,-0.3437,8.2734,0.3047,0.5997,28.48,140.98,148.57,1
16.529,-0.7266,-0.4796,0.3906,0.3273,-1.0859,0.4946,-4.63,-7.57,0.5352,-0.8438,8.0820,0.5352,0.5528,28.48,143.33,146.05,1
16.546,-0.4805,-0.4952,-0.1172,0.2329,-1.2773,0.0040,-4.56,-7.55,1.7227,-0.3047,10.7695,1.7227,0.6428,28.48,141.42,147.47,1
16.565,-1.3125,-0.3149,-0.0547,0.2267,-0.0898,0.2085,-4.48,-7.56,-0.3047,-0.7656,9.2656,-0.3047,0.5623,28.48,139.55,149.57,1
16.579,-1.3125,-0.4682,-0.0547,0.1835,-0.0898,0.1627,-4.45,-7.55,0.8047,0.3828,10.5703,0.8047,0.5179,28.48,142.05,148.26,1
16.596,-2.5547,-0.6263,0.0742,0.3433,-1.7422,0.2085,-4.38,-7.50,-1.5703,-0.6133,7.6289,-1.5703,0.0900,28.48,138.58,149.41,1
16.615,-2.1562,-1.1414,-0.2109,0.2441,-1.0469,-0.2891,-4.30,-7.46,-1.1875,-0.8828,8.3125,-1.1875,-0.2961,28.48,142.88,146.11,1
16.630,-2.1562,-1.2972,-0.2109,0.1742,-1.0469,-0.4055,-4.26,-7.47,1.3008,-0.2305,12.0273,1.3008,-0.2340,28.48,141.54,149.45,1
16.647,-1.0820,-0.9975,-0.7227,0.1332,-0.7773,0.1538,-4.18,-7.52,-0.1133,-1.3789,8.5820,-0.1133,-0.0237,28.48,140.06,147.34,1
16.668,0.1875,-0.8313,0.5625,0.0388,1.5977,0.2011,-4.11,-7.54,0.5352,-1.3789,11.8750,0.5352,0.2545,28.48,139.90,146.43,1
16.686,-0.4258,-0.6781,-0.7461,-0.1023,2.5156,0.8004,-4.05,-7.55,1.0352,-0.0781,9.4219,1.0352,0.3741,28.48,144.65,148.83,1
16.699,0.0898,-0.5431,0.5469,-0.0461,0.0547,0.8020,-4.01,-7.52,0.4961,0.0000,9.7305,0.4961,0.4773,28.48,142.80,149.61,1
16.716,-0.4414,-0.4811,0.6172,0.1376,0.3633,0.6583,-3.94,-7.52,-1.9531,-0.3437,5.2539,-1.9531,0.2867,28.48,143.12,149.90,1
16.737,-0.9453,-1.0066,1.2148,0.2773,-0.0977,-0.3914,-3.88,-7.58,0.0000,0.6133,9.2656,0.0000,-0.0447,28.48,142.17,146.43,1
16.749,-0.9375,-0.9918,1.2070,0.4836,-0.0977,-0.3264,-3.85,-7.59,-0.1914,-0.5352,8.2734,-0.1914,-0.0501,28.48,142.96,150.63,1
16.767,-1.1211,-1.0170,0.0508,0.4329,-1.0938,-0.4820,-3.80,-7.64,-0.1523,-0.6914,9.8828,-0.1523,-0.0870,28.48,143.47,147.34,1
16.786,0.1445,-0.9449,0.1484,0.2770,0.2852,-0.2525,-3.75,-7.67,1.0742,-0.4219,9.6484,1.0742,0.1621,28.48,143.76,149.99,1
16.808,-0.5078,-0.6737,0.4492,0.2794,-0.1367,-0.1340,-3.67,-7.66,1.6484,0.8047,11.3750,1.6484,0.3862,28.48,139.92,149.66,1
16.817,0.7266,-0.5495,1.3672,0.3789,2.0117,0.0374,-3.66,-7.66,1.6484,0.8047,11.3750,1.6484,0.5801,28.48,142.35,303.77,1
16.835,0.5508,-0.2016,0.3555,0.5783,2.1641,0.6095,-3.63,-7.62,1.4570,-0.1914,11.5352,1.4570,0.8407,28.48,140.55,151.70,1
16.856,-1.8945,-0.4863,-0.9102,0.2222,-3.1602,-0.0388,-3.60,-7.56,0.7656,-0.3437,9.1562,0.7656,0.3555,28.48,144.13,149.93,1
16.876,-0.3555,-0.5114,-1.0625,0.0462,0.8594,-0.1857,-3.60,-7.58,0.5352,-1.6094,10.2266,0.5352,0.4364,28.48,141.50,148.65,1
16.886,-0.3555,-0.4874,-1.0625,-0.1241,0.8594,-0.0252,-3.57,-7.56,0.6133,0.2305,9.4609,0.6133,0.4578,28.48,143.86,149.23,1
16.906,-0.2539,-0.4275,0.7773,0.0169,0.0859,0.0545,-3.57,-7.47,0.4609,0.4609,9.1211,0.4609,0.4897,28.48,143.58,151.47,1
16.919,-0.3906,-0.4101,1.0000,0.2194,-0.2578,0.0087,-3.57,-7.43,-1.7227,-0.8828,6.9297,-1.7227,0.3087,28.48,142.27,151.56,1
16.937,-2.5586,-0.8844,-0.3437,0.1434,-2.4336,-0.5484,-3.58,-7.40,0.8438,0.7656,10.4961,0.8438,-0.0621,28.48,146.41,148.28,1
16.956,-0.7812,-0.7888,0.1953,0.3561,0.8516,-0.2046,-3.59,-7.37,0.0391,-0.3437,10.2305,0.0391,0.0686,28.48,142.47,151.79,1
16.970,-0.7812,-0.7877,0.1953,0.3314,0.8516,-0.0423,-3.61,-7.35,0.1914,-1.3789,9.9258,0.1914,0.0763,28.48,142.86,148.61,1
16.987,0.1523,-0.6766,0.8984,0.1321,2.3867,0.3232,-3.65,-7.29,0.9570,0.3437,11.7578,0.9570,0.2850,28.48,146.48,147.91,1
17.006,-2.0156,-0.6149,-0.7461,0.2179,-3.1680,0.4640,-3.70,-7.25,-1.2266,-1.3008,6.2031,-1.2266,-0.0077,28.48,145.77,148.94,1
17.026,0.3594,-0.5668,0.4844,0.1615,0.2461,-0.0186,-3.77,-7.26,0.8438,-0.4219,10.6523,0.8438,0.3621,28.48,143.23,152.04,1
17.038,0.0547,-0.4490,0.1484,0.1843,1.2813,0.1049,-3.79,-7.30,0.8438,-0.4219,10.6523,0.8438,0.4361,28.48,145.12,149.14,1
17.058,-0.0898,-0.2927,-0.6016,-0.0436,-0.0195,0.1990,-3.87,-7.30,2.1836,-0.4219,11.8359,2.1836,0.6560,28.48,143.02,150.69,1
17.077,1.4023,0.0951,0.1719,-0.0306,2.4687,0.6877,-3.96,-7.26,-0.1133,-1.7617,8.6602,-0.1133,0.9055,28.48,145.73,152.63,1
17.089,-0.8789,0.0340,-1.1602,-0.1904,-0.7109,0.5935,-3.99,-7.25,0.5352,-0.8828,7.5469,0.5352,0.7319,28.48,147.49,153.35,1
17.108,-0.2227,-0.0797,-0.2734,-0.2692,-1.8203,-0.0220,-4.07,-7.22,-0.2695,-0.5352,8.1211,-0.2695,0.6117,28.48,145.82,151.52,1
17.126,-0.9805,-0.3513,-0.7148,-0.2336,-1.1680,-0.4660,-4.16,-7.20,-0.2305,-1.3398,8.1992,-0.2305,0.3199,28.48,143.62,153.40,1
17.140,-0.9805,-0.4479,-0.7148,-0.3075,-1.1680,-0.5738,-4.19,-7.21,1.6836,0.3047,12.3359,1.6836,0.3885,28.48,146.76,151.38,1
17.157,-0.2461,-0.2686,-0.0039,-0.1316,0.1328,-0.0537,-4.25,-7.16,0.4961,-0.6523,9.5039,0.4961,0.5734,28.48,142.94,152.58,1
17.176,-0.7891,-0.3057,-1.3281,-0.2013,0.5156,0.0298,-4.36,-6.95,-0.0781,-1.9922,9.8828,-0.0781,0.4244,28.48,143.70,150.99,1
17.197,0.1797,-0.2561,0.5586,-0.1679,1.7422,0.4669,-4.43,-6.80,-1.3008,-1.3398,5.9414,-1.3008,0.4060,28.48,146.48,151.86,1
17.208,-1.9961,-0.3632,-0.6680,-0.1544,-3.4375,0.2484,-4.45,-6.79,-1.3008,-1.3398,5.9414,-1.3008,0.1438,28.48,146.80,150.94,1
17.229,0.4687,-0.5413,-0.1562,-0.2509,1.8945,-0.1892,-4.51,-6.70,1.5313,-0.8047,10.9922,1.5313,0.3766,28.48,146.80,307.69,1
17.246,0.8594,-0.1684,-0.1094,-0.2137,1.6289,0.3430,-4.59,-6.59,0.5742,-0.9570,8.3164,0.5742,0.6275,28.48,144.84,154.18,1
17.259,-0.0898,-0.0867,-0.2539,-0.2128,-1.0547,0.2154,-4.62,-6.56,0.9180,-0.6133,9.0430,0.9180,0.6432,28.48,147.08,150.67,1
17.276,0.2695,-0.0081,0.0977,-0.1467,-0.3281,0.0160,-4.69,-6.44,-0.1914,-1.4570,8.0781,-0.1914,0.6324,28.48,146.13,152.91,1
17.295,-0.1289,-0.1680,0.0000,-0.2398,-0.4805,-0.3084,-4.76,-6.36,0.4961,-0.7266,8.8867,0.4961,0.5037,28.48,148.39,149.95,1
17.310,-0.1289,-0.1620,0.0000,-0.2030,-0.4805,-0.3348,-4.78,-6.33,0.4961,-0.5742,9.7266,0.4961,0.5025,28.48,144.74,154.63,1
17.327,-1.2148,-0.2360,-0.9727,-0.1774,-1.6680,-0.3077,-4.84,-6.21,-0.6133,-1.7227,7.6992,-0.6133,0.2548,28.48,144.78,151.47,1
17.345,-1.0469,-0.5563,0.9492,-0.2948,-0.4023,-0.6702,-4.90,-6.12,-0.4609,0.1914,8.9609,-0.4609,-0.0074,28.48,146.46,151.75,1
17.369,-0.8555,-0.6941,-0.1172,-0.0345,-1.7070,-0.7793,-4.94,-6.08,-0.9961,-1.2656,8.8828,-0.9961,-0.1659,28.48,147.02,156.45,1
17.378,-1.5742,-0.7764,-0.5000,-0.0778,-0.4727,-0.8230,-4.96,-6.05,-0.9961,-1.2656,8.8828,-0.9961,-0.2934,28.48,144.78,153.49,1
17.399,1.3438,-0.6002,0.5430,-0.0615,2.4766,-0.2506,-4.99,-6.01,0.0391,-1.9141,9.3086,0.0391,0.1424,28.48,144.74,153.49,1
17.416,-0.5312,-0.4638,-1.1406,-0.2627,-0.0508,-0.0365,-5.00,-5.94,0.0000,-0.8438,10.0039,0.0000,0.1100,28.48,148.50,155.26,1
17.429,-0.5469,-0.4812,-0.0625,-0.2914,0.6406,0.0666,-5.01,-5.87,0.3437,-0.4219,10.0352,0.3437,0.1131,28.48,148.50,155.35,1
17.446,-0.2031,-0.4237,0.3516,-0.1348,0.6758,0.2372,-5.01,-5.74,-1.6094,-1.2266,4.7930,-1.6094,0.0223,28.48,150.06,153.61,1
17.466,-1.2969,-0.8305,0.6953,-0.1054,-1.3906,-0.8468,-4.98,-5.74,-0.7656,-0.0781,7.9687,-0.7656,-0.3473,28.48,147.78,157.16,1
17.480,-1.2969,-0.9021,0.6953,0.0176,-1.3906,-0.9303,-4.97,-5.72,1.8008,-0.4609,10.5352,1.8008,-0.2062,28.48,151.24,153.49,1
17.497,1.2773,-0.4444,0.3047,0.1234,1.1758,-0.4929,-4.96,-5.69,1.0742,-0.9570,9.5000,1.0742,0.3049,28.48,149.41,156.59,1
17.515,1.8203,0.0397,0.6875,0.1148,2.3242,-0.0429,-4.93,-5.66,2.3359,-0.0781,11.6797,2.3359,0.8464,28.48,150.26,153.73,1
17.539,0.5352,0.4493,-0.3164,0.1558,0.3320,0.4581,-4.91,-5.55,-0.1523,-0.7656,7.3945,-0.1523,0.8903,28.48,151.40,153.89,1
17.548,-0.6445,0.3681,-0.0078,0.1080,-1.9648,0.2550,-4.91,-5.50,-0.1523,-0.7656,7.3945,-0.1523,0.7301,28.48,150.06,154.18,1
17.565,0.3516,0.1606,0.0586,0.0805,0.4844,-0.1786,-4.85,-5.50,0.8438,-0.6914,9.8437,0.8438,0.7003,28.48,150.99,154.42,1
17.587,-1.3672,-0.1547,-0.6289,-0.0791,-0.9023,-0.2595,-4.80,-5.47,0.2305,-0.4219,10.2305,0.2305,0.2497,28.48,149.79,156.76,1
17.606,-0.0625,-0.2370,0.1602,-0.0102,1.0977,0.0416,-4.75,-5.44,0.4219,-0.5742,10.4531,0.4219,0.2855,28.48,149.23,155.74,1
17.616,-0.0625,-0.2102,0.1602,0.0160,1.0977,0.2038,-4.73,-5.45,-0.6914,-1.1875,9.1172,-0.6914,0.2174,28.48,148.24,154.92,1
17.636,0.6250,-0.3315,1.4531,0.0421,1.2500,0.2479,-4.68,-5.44,1.1094,0.7266,10.6133,1.1094,0.3061,28.48,151.33,158.53,1
17.655,0.1367,-0.0445,-0.3320,0.3788,0.5234,0.5314,-4.61,-5.43,0.6133,-1.0352,9.8867,0.6133,0.4701,28.48,147.38,157.33,1
17.667,0.1367,-0.0166,-0.3320,0.2696,0.5234,0.5302,-4.58,-5.44,-0.6523,-0.7266,8.1602,-0.6523,0.3909,28.48,148.68,156.49,1
17.685,-0.2148,-0.2534,1.5703,0.2779,0.5625,0.1803,-4.52,-5.45,0.2695,0.8828,9.9219,0.2695,0.2392,28.48,153.05,158.78,1
17.709,-1.0195,-0.3638,-0.5078,0.3993,-2.3867,-0.1424,-4.44,-5.43,-1.5703,-0.2695,6.8906,-1.5703,-0.0615,28.48,149.90,316.36,1
17.718,-2.0625,-0.5480,0.4023,0.3328,-2.4648,-0.4934,-4.41,-5.47,-1.5703,-0.2695,6.8906,-1.5703,-0.2932,28.48,153.07,159.52,1
17.736,0.1133,-0.8034,0.5117,0.3613,-0.9688,-0.9328,-4.34,-5.56,0.6133,-0.1523,8.3945,0.6133,-0.1722,28.48,152.63,160.31,1
17.756,0.7187,-0.4095,0.4648,0.3936,1.6719,-0.3586,-4.25,-5.54,0.6523,-0.5352,10.1914,0.6523,0.1786,28.48,152.70,157.88,1
17.777,0.7344,-0.1373,1.4375,0.4225,2.7070,0.2454,-4.17,-5.43,1.2266,0.8047,12.0664,1.2266,0.4672,28.48,150.15,159.72,1
17.789,0.7344,0.0556,1.4297,0.6459,2.7070,0.7902,-4.13,-5.32,-0.7266,-0.9570,6.5898,-0.7266,0.4790,28.48,150.56,158.73,1
17.807,-1.2188,-0.1841,-0.3398,0.4766,-2.7695,0.1218,-4.03,-5.15,-0.7266,-0.1133,10.3867,-0.7266,0.1371,28.48,152.30,155.96,1
17.825,0.5742,-0.3887,-0.3164,0.3703,0.6758,0.1840,-3.94,-4.95,1.0352,-0.9180,10.0312,1.0352,0.2325,28.48,152.18,159.29,1
17.837,0.5742,-0.2408,-0.3164,0.2648,0.6758,0.2595,-3.91,-4.87,-1.4180,-0.4219,6.9687,-1.4180,0.1596,28.48,150.85,160.44,1
17.856,-0.5391,-0.5499,0.5391,0.2330,-1.5820,-0.4027,-3.81,-4.83,-0.0781,-0.0391,7.7734,-0.0781,-0.0817,28.48,153.80,158.38,1
17.876,2.4023,-0.3115,-0.3203,0.2510,2.9687,-0.3731,-3.74,-4.79,2.8711,-0.8828,12.3398,2.8711,0.5720,28.48,153.33,162.39,1
17.888,0.0586,0.1016,0.0937,0.1577,0.7070,0.1855,-3.70,-4.79,0.5352,-0.4609,10.0742,0.5352,0.5638,28.48,150.60,160.90,1
17.907,-0.0156,0.0835,0.0859,0.1389,-0.4414,0.2416,-3.61,-4.76,0.4609,-0.4609,8.9219,0.4609,0.5393,28.48,152.39,160.13,1
17.927,1.7852,0.4482,-0.3047,0.0344,1.8555,0.5170,-3.53,-4.72,0.3437,-0.3437,8.0820,0.3437,0.9731,28.48,157.11,161.39,1
17.939,-0.1406,0.4995,0.1875,0.0217,-1.2852,0.4714,-3.50,-4.74,0.3437,-0.3437,8.0820,0.3437,0.8764,28.48,151.31,161.21,1
17.959,0.1289,0.3227,-0.6719,-0.0538,-0.7109,-0.0393,-3.40,-4.70,0.8828,-0.1914,10.3086,0.8828,0.7928,28.48,153.14,159.64,1
17.977,0.3984,0.3274,0.3164,-0.0104,0.9375,0.1351,-3.32,-4.66,0.7656,-0.6523,8.5000,0.7656,0.8090,28.48,156.47,162.44,1
17.990,0.2812,0.3251,-0.1602,-0.0112,-0.8633,0.0361,-3.28,-4.66,1.9922,-0.2305,12.4883,1.9922,0.8975,28.48,154.85,164.20,1
18.008,1.5078,0.5841,0.2539,0.0382,3.1211,0.6628,-3.19,-4.57,1.7227,-0.1914,12.2227,1.7227,1.1864,28.48,157.36,162.13,1
18.026,0.1055,0.7335,0.0859,0.1031,-1.0547,1.1119,-3.12,-4.47,0.5742,-0.3828,8.3164,0.5742,1.1151,28.48,154.89,162.79,1
18.045,0.4492,0.5829,0.0703,0.0969,2.4687,0.7793,-3.04,-4.40,0.9180,-0.3828,11.8359,0.9180,1.0377,28.48,154.34,162.50,1
18.058,0.2383,0.5365,0.0312,0.0879,-0.0195,0.9542,-3.02,-4.35,0.6914,-0.4219,9.3477,0.6914,0.9611,28.48,158.25,161.97,1
18.076,-0.8359,0.3660,-0.5508,0.0253,-3.1328,0.4290,-2.98,-4.31,-0.3828,-0.9961,6.2461,-0.3828,0.6469,28.48,157.06,161.92,1
18.099,0.4219,0.1494,0.0625,-0.0769,0.8164,-0.1787,-2.94,-4.30,1.8008,-0.6914,9.5430,1.8008,0.7282,28.48,154.82,164.20,1
18.109,1.3320,0.2641,-0.2539,-0.0808,0.1641,-0.0781,-2.92,-4.32,1.8008,-0.6914,9.5430,1.8008,0.8930,28.48,156.96,161.16,1
18.128,0.2969,0.4692,-0.2227,-0.1350,-0.8320,-0.1485,-2.92,-4.29,1.5703,-1.0742,11.7969,1.5703,0.9732,28.48,153.80,163.16,1
18.146,1.1094,0.6001,-0.6445,-0.2532,2.4219,0.3778,-2.89,-4.17,1.3008,-0.7266,10.0000,1.3008,1.1210,28.48,153.73,165.18,1
18.160,0.8398,0.6714,-0.3047,-0.2876,0.6250,0.5542,-2.87,-4.16,0.4961,-0.0781,8.1953,0.4961,1.0964,28.48,155.96,162.18,1
18.177,0.0352,0.5411,0.3437,-0.1490,-1.1758,0.1757,-2.86,-4.14,0.9180,-1.4922,11.0703,0.9180,0.9599,28.48,154.13,165.56,1
18.196,0.8398,0.5189,-0.3359,-0.3233,0.5859,0.4405,-2.85,-4.09,1.3008,-0.7656,9.9648,1.3008,1.0303,28.48,157.65,165.26,1
18.216,-0.5742,0.4968,-0.2969,-0.3237,-2.0977,0.2670,-2.85,-4.05,-0.1133,-0.7266,7.2734,-0.1133,0.7941,28.48,158.25,166.92,1
18.228,0.6133,0.4273,-0.7187,-0.3534,2.3008,0.2557,-2.84,-4.06,-0.1133,-0.7266,7.2734,-0.1133,0.6547,28.48,160.23,166.78,1
18.245,1.2383,0.5391,-0.5742,-0.4680,0.6172,0.8182,-2.82,-4.12,1.7227,-0.9961,10.0039,1.7227,0.7992,28.48,159.54,165.21,1
18.270,-0.2461,0.5495,-0.1836,-0.4442,-2.1797,0.3201,-2.83,-4.04,0.6133,-0.9961,10.6484,0.6133,0.7215,28.48,159.52,168.35,1
18.279,0.1445,0.4585,-0.5742,-0.4354,1.2656,0.2117,-2.81,-3.99,0.6133,-0.9961,10.6484,0.6133,0.7048,28.48,159.80,165.21,1
18.296,1.4766,0.4760,0.0781,-0.4226,1.5742,0.5353,-2.80,-3.99,1.9531,-0.3437,10.9570,1.9531,0.9754,28.48,162.89,162.58,1
18.317,-0.5234,0.3745,-0.2695,-0.3288,-1.4141,0.2282,-2.80,-4.05,-0.2305,-1.6836,9.9648,-0.2305,0.6142,28.48,157.41,168.72,1
18.336,1.7617,0.2734,0.1250,-0.4196,3.6016,0.4452,-2.80,-4.09,2.2617,-0.3047,12.9844,2.2617,0.7575,28.48,159.92,164.42,1
18.347,1.7617,0.5020,0.1250,-0.3359,3.6016,0.9300,-2.81,-4.06,0.4961,-0.3437,8.9648,0.4961,0.8473,28.48,161.71,164.55,1
18.368,-0.6055,0.3826,-0.5586,-0.2398,-0.3516,0.7045,-2.82,-4.02,-0.1133,-0.9961,9.0430,-0.1133,0.5927,28.48,157.55,169.46,1
18.387,2.5664,0.2995,0.5898,-0.2566,2.9062,0.6051,-2.81,-3.97,3.0664,0.1523,12.3008,3.0664,1.0557,28.48,160.31,167.93,1
18.398,2.5664,0.6477,0.5898,-0.1266,2.9062,0.9586,-2.83,-3.92,0.2695,-1.0742,7.4687,0.2695,1.1408,28.48,156.96,167.34,1
18.416,-1.1367,0.4393,0.0547,-0.1749,-2.2266,0.2289,-2.82,-3.87,-0.6523,-0.3828,7.1680,-0.6523,0.6398,28.48,158.96,167.00,1
18.436,2.1953,0.2589,-0.0508,-0.1182,2.9766,-0.0512,-2.84,-3.82,2.6797,-0.4961,12.3750,2.6797,1.0107,28.48,157.73,169.23,1
18.449,0.3906,0.5431,-0.8203,-0.1649,-1.1641,0.2876,-2.84,-3.85,0.8828,-1.2656,8.2344,0.8828,0.9824,28.48,157.18,167.08,1
18.467,-2.1328,0.2980,-0.4062,-0.3176,-1.1641,-0.1241,-2.83,-3.80,-1.6484,-0.8438,8.2344,-1.6484,0.3940,28.48,158.88,166.39,1
18.487,0.2734,0.0018,0.5898,-0.1274,1.6328,0.1403,-2.83,-3.72,0.4609,-1.6484,9.3828,0.4609,0.4963,28.48,158.81,168.27,1
18.506,-2.0859,-0.1532,-0.2461,-0.3132,-0.0117,0.1828,-2.82,-3.66,-1.6094,-0.6914,9.3867,-1.6094,0.0261,28.48,163.08,164.96,1
18.518,-2.0781,-0.5797,-0.2461,-0.2984,-0.0195,0.1385,-2.82,-3.63,1.4570,0.6914,11.4961,1.4570,-0.0906,28.48,158.88,166.00,1
18.537,0.9883,-0.3261,1.1445,0.0242,2.0859,0.5597,-2.84,-3.61,-0.5352,-0.9961,7.0469,-0.5352,0.1890,28.48,160.44,166.03,1
18.555,-3.8477,-0.6705,-0.6211,-0.0787,-5.7305,-0.4504,-2.85,-3.60,-3.3711,-1.0742,3.6758,-3.3711,-0.6855,28.48,163.69,170.71,1
18.568,-3.8477,-1.1585,-0.6211,-0.1620,-5.7305,-1.2614,-2.85,-3.61,-0.0391,-0.1133,8.0430,-0.0391,-0.8315,28.48,162.02,168.27,1
18.586,1.2695,-0.9875,0.0000,-0.0732,2.0469,-1.2736,-2.87,-3.66,1.7617,-0.4609,11.4531,1.7617,-0.1628,28.48,160.93,168.75,1
18.609,-1.0742,-0.5780,-0.9570,-0.1952,-1.0156,-0.6120,-2.90,-3.72,-0.0781,0.6914,8.1172,-0.0781,-0.1295,28.48,162.89,168.49,1
18.619,-0.5781,-0.6145,1.1523,-0.1435,-1.2852,-0.6956,-2.90,-3.72,-0.0781,0.6914,8.1172,-0.0781,-0.1216,28.48,161.19,171.41,1
18.636,-0.0937,-0.5655,-0.7187,0.0743,-0.0977,-0.7678,-2.92,-3.76,0.4219,-1.1875,9.3086,0.4219,0.0014,28.48,161.86,172.83,1
18.659,-0.7227,-0.5561,-0.1445,-0.0750,-0.2891,-0.5583,-2.91,-3.85,-0.6133,-0.2695,7.1680,-0.6133,-0.1083,28.48,164.77,170.71,1
18.670,-1.1445,-0.6154,0.1992,-0.0582,-2.2422,-0.6732,-2.91,-3.87,-0.6133,-0.2695,7.1680,-0.6133,-0.1858,28.48,160.05,170.07,1
18.689,3.0625,-0.1496,-0.4492,-0.0700,5.6875,0.0099,-2.92,-3.94,0.1523,-1.0742,9.4258,0.1523,0.5879,28.48,161.66,172.06,1
18.707,-0.3867,-0.0020,-0.6055,-0.2122,0.0156,0.3649,-2.92,-3.93,-0.3437,0.0391,8.3125,-0.3437,0.4247,28.48,166.42,172.65,1
18.726,1.0703,-0.1192,-0.3281,-0.0958,1.0508,0.1027,-2.93,-3.90,1.6094,-0.8047,10.4531,1.6094,0.5949,28.48,165.56,171.14,1
18.738,1.0703,0.0635,-0.3281,-0.1315,1.0508,0.2484,-2.92,-3.91,2.0703,-1.1094,11.2617,2.0703,0.7876,28.48,164.47,171.88,1
18.755,-1.1523,0.3212,0.4375,-0.1993,-1.3633,0.4926,-2.90,-3.88,-0.6133,-0.0391,8.0430,-0.6133,0.6310,28.48,165.67,171.53,1
18.776,-0.6836,-0.0592,-0.6406,-0.1050,0.8594,0.1441,-2.89,-3.81,-0.1523,-1.1094,10.2695,-0.1523,0.3801,28.48,165.26,171.76,1
18.789,1.5820,0.0261,-0.2969,-0.1597,2.1992,0.3612,-2.89,-3.81,2.1055,-0.7656,11.6055,2.1055,0.6451,28.48,163.19,168.83,1
18.806,-0.0273,0.4294,0.1641,-0.1696,-0.0977,0.8040,-2.88,-3.75,0.4961,-0.3047,9.3086,0.4961,0.7868,28.48,162.13,170.62,1
18.829,-0.7148,0.1681,-0.6055,-0.1741,-0.0586,0.5026,-2.85,-3.72,3.3320,-0.3828,12.8672,3.3320,0.7746,28.48,165.04,174.13,1
18.840,2.8164,0.3150,0.0781,-0.1856,3.4648,0.6983,-2.84,-3.69,3.3320,-0.3828,12.8672,3.3320,1.1674,28.48,161.34,173.04,1
18.859,0.1211,0.7538,0.3086,-0.0603,1.2422,1.3001,-2.83,-3.52,-2.1055,-0.9961,6.7070,-2.1055,0.9168,28.48,161.45,173.73,1
18.877,-2.5820,-0.0239,-0.5352,-0.1424,-2.7031,0.4105,-2.82,-3.36,0.2695,0.1133,9.7656,0.2695,0.2497,28.48,163.96,168.98,1
18.895,-1.5625,-0.3261,-0.5352,-0.0504,-1.4063,0.0755,-2.81,-3.25,-1.1094,-0.9961,8.0117,-1.1094,-0.0487,28.48,161.32,172.24,1
18.908,-1.5625,-0.5160,-0.5352,-0.1249,-1.4063,-0.1521,-2.81,-3.19,-1.4570,0.0781,6.2070,-1.4570,-0.2395,28.48,161.00,172.24,1
18.926,-0.2070,-0.8320,0.2383,0.0174,0.3945,-0.8022,-2.81,-3.14,0.2305,-0.2305,9.8047,0.2305,-0.2811,28.48,164.18,171.73,1
18.946,-0.4609,-0.6750,-1.0234,-0.0209,0.0781,-0.4881,-2.82,-3.02,-0.0391,-1.4922,9.5000,-0.0391,-0.1957,28.48,159.13,168.41,1
18.959,-0.4609,-0.6421,-1.0234,-0.1749,0.0781,-0.4012,-2.82,-2.95,0.5352,-0.5742,12.2617,0.5352,-0.1257,28.48,156.99,171.00,1
18.976,-2.8633,-0.7829,1.2734,-0.2318,3.0664,-0.0262,-2.83,-2.78,-2.4883,0.8047,12.4883,-2.4883,-0.6074,28.48,158.48,167.08,1
18.999,-5.6289,-1.9170,-2.2500,-0.2598,-5.5898,-0.3015,-2.83,-2.57,-5.1719,2.0312,7.1289,-5.1719,-2.0328,28.48,153.89,165.26,1
19.010,-5.5000,-2.4768,2.5000,-0.1855,-2.2969,-0.8503,-2.82,-2.49,-5.1719,2.0312,7.1289,-5.1719,-2.5149,28.48,156.35,165.45,1
19.029,-5.7539,-3.5465,0.3984,0.4072,-5.3984,-1.8199,-2.83,-2.44,-3.4102,0.4961,10.1133,-3.4102,-3.3339,28.48,154.49,165.34,1
19.047,-3.7148,-3.7212,0.9727,0.5318,0.6914,-1.4870,-2.88,-2.41,-5.3633,0.1133,5.9766,-5.3633,-3.5118,28.48,149.59,165.86,1
19.061,-5.6680,-4.0198,0.5977,0.5718,-3.4453,-1.6403,-2.90,-2.41,-2.9492,-0.9570,10.0312,-2.9492,-3.7284,28.48,147.12,160.98,1
19.078,-3.2539,-3.9530,-0.4648,0.3440,0.6133,-1.2540,-2.96,-2.44,-3.9453,-0.0391,10.5703,-3.9453,-3.5871,28.48,143.72,163.77,1
19.098,-6.5703,-4.1828,-0.3047,0.2680,-3.4453,-0.8323,-3.01,-2.41,-6.2812,-0.8047,5.9766,-6.2812,-4.2262,28.48,138.26,160.67,1
19.116,-3.5078,-4.7517,0.6992,0.1530,2.5820,-1.2378,-3.06,-2.50,-3.2187,0.1914,11.9883,-3.2187,-4.2490,28.48,135.26,159.49,1
19.129,-3.5078,-4.5607,0.6992,0.2369,2.5820,-0.6511,-3.09,-2.48,-5.0195,-0.4219,8.8164,-5.0195,-4.2348,28.48,135.24,158.40,1
19.147,-3.9961,-4.6043,-0.1289,0.2050,1.6250,-0.2720,-3.15,-2.50,-3.7148,-0.6523,11.0352,-3.7148,-4.2136,28.48,136.69,156.57,1
19.169,-4.9375,-4.5415,-0.4258,0.0456,0.8594,0.2571,-3.24,-2.47,-4.7891,-2.2227,9.6484,-4.7891,-4.3244,28.48,135.28,152.18,1
19.180,-5.0391,-4.6105,-1.6836,-0.1275,0.2461,0.3006,-3.28,-2.43,-4.7891,-2.2227,9.6484,-4.7891,-4.3957,28.48,135.35,152.77,1
19.197,-5.1680,-4.7423,-0.4414,-0.4694,1.8945,0.4170,-3.35,-2.39,-4.9414,-0.9961,11.2969,-4.9414,-4.5410,28.48,136.65,151.68,1
19.218,-6.0430,-5.0811,-1.3516,-0.6613,-0.3281,0.4288,-3.42,-2.32,-3.4102,-0.4219,13.9805,-3.4102,-4.7854,28.48,135.43,151.01,1
19.237,-6.4219,-5.0398,-0.5312,-0.5795,-2.1289,0.7628,-3.45,-2.28,-6.2422,-1.1094,7.2734,-6.2422,-4.8303,28.48,129.97,144.57,1
19.248,-6.4219,-5.2520,-0.5312,-0.5721,-2.1289,0.3187,-3.52,-2.19,-4.4805,-0.4961,10.7695,-4.4805,-4.9063,28.48,131.70,144.93,1
19.267,-4.6367,-5.1887,0.0898,-0.4230,1.3594,0.3965,-3.56,-2.13,-4.9023,-0.9180,8.4648,-4.9023,-4.8193,28.48,126.79,144.47,1
19.286,-3.1445,-4.9623,-0.0117,-0.3406,3.2734,0.4094,-3.58,-2.11,-3.0273,-0.6133,12.6797,-3.0273,-4.4326,28.48,124.98,144.20,1
19.299,-3.1445,-4.6831,-0.0117,-0.2901,3.2734,0.8494,-3.60,-2.08,-5.8594,-1.6094,7.1680,-5.8594,-4.4433,28.48,121.92,139.61,1
19.316,-4.4531,-4.8351,0.2187,-0.3796,0.7852,0.3537,-3.62,-2.06,-4.3672,-0.3828,10.1914,-4.3672,-4.5958,28.48,117.56,137.53,1
19.335,-3.9453,-4.6861,-0.9609,-0.3043,0.1250,0.4232,-3.62,-1.96,-3.9062,-1.5703,9.5430,-3.9062,-4.4290,28.48,112.98,136.91,1
19.350,-2.7812,-4.4291,-0.4336,-0.4074,0.6602,0.4000,-3.62,-1.92,-2.7578,-1.0352,10.0703,-2.7578,-4.0591,28.48,102.59,136.65,1
19.368,-5.7383,-4.1983,-0.2812,-0.4026,-4.0898,0.0938,-3.60,-1.86,-5.7422,-0.8828,5.3242,-5.7422,-4.3505,28.48,86.98,136.76,1
19.387,-4.0391,-4.2590,0.0195,-0.3016,-0.4414,-0.2853,-3.56,-1.81,-3.5234,-0.8438,10.3477,-3.5234,-4.2257,28.48,79.61,134.68,1
19.401,-3.4766,-4.1802,-0.2500,-0.2739,0.9297,-0.1996,-3.54,-1.80,-3.5234,-0.8438,10.3477,-3.5234,-4.1179,28.48,71.95,131.91,1
19.419,-2.3594,-3.7687,-0.5234,-0.3077,2.7695,0.4680,-3.48,-1.69,-7.8906,0.1523,4.9023,-7.8906,-4.0467,28.48,73.04,130.87,1
19.438,-7.7812,-4.5689,0.7305,-0.0914,-4.5195,-0.4924,-3.38,-1.66,-2.7578,-2.0703,9.5391,-2.7578,-4.7262,28.48,70.57,128.72,1
19.456,-4.1328,-4.3208,-0.2891,-0.3485,-1.5625,-0.6831,-3.30,-1.59,-4.2891,-0.8438,7.8555,-4.2891,-4.3940,28.48,57.04,125.71,1
19.469,-4.1328,-4.2919,-0.2891,-0.3394,-1.5625,-0.8182,-3.24,-1.60,-4.2539,0.4219,6.3633,-4.2539,-4.3751,28.48,57.04,126.41,1
19.486,-3.8672,-4.2029,-1.2305,-0.1430,-2.4023,-1.4445,-3.13,-1.62,-4.0625,-1.7617,7.0078,-4.0625,-4.2914,28.48,57.04,124.15,1
19.506,-2.5000,-3.9983,2.4609,-0.1561,1.7031,-1.3877,-3.03,-1.66,-2.7187,1.9531,11.1094,-2.7187,-3.9291,28.48,57.04,123.72,1
19.520,-3.7578,-3.8688,-0.1055,0.0405,0.7070,-0.9927,-3.03,-1.66,-3.9844,-0.6133,10.1094,-3.9844,-3.9376,28.48,57.04,123.76,1
19.537,-2.4297,-3.7311,2.4453,0.2032,2.5469,-0.3634,-2.90,-1.69,-2.6797,1.9531,11.9570,-2.6797,-3.6621,28.48,57.04,120.98,1
19.559,-5.9258,-3.8244,1.1758,0.7726,-3.3555,-0.2779,-2.85,-1.71,-4.9023,0.6914,7.4687,-4.9023,-4.2232,28.48,57.04,121.17,1
19.577,-4.6055,-4.1282,1.1758,0.8869,-1.9375,-0.8369,-2.82,-1.76,-4.0234,0.8438,8.7773,-4.0234,-4.3455,28.48,57.04,118.54,1
19.590,-3.7187,-4.0976,1.3203,0.9731,-0.6328,-0.8801,-2.82,-1.82,-3.2930,0.8438,11.1523,-3.2930,-4.2158,28.48,57.04,117.22,1
19.608,-2.9727,-3.8250,1.3203,1.0715,1.7422,-0.2843,-2.81,-1.83,-3.7930,0.1914,9.5039,-3.7930,-3.9941,28.48,57.04,116.39,1
19.627,-2.8281,-3.6215,0.0156,0.9192,1.0508,0.0156,-2.81,-1.87,-3.1797,-0.4609,10.4531,-3.1797,-3.7898,28.48,57.04,115.38,1
19.639,-2.8281,-3.4996,0.0156,0.7804,1.0508,0.1746,-2.80,-1.86,-2.8359,-0.5352,11.0352,-2.8359,-3.6686,28.48,57.04,114.89,1
19.656,-4.6406,-3.3378,-0.7578,0.4411,-1.7461,0.3665,-2.77,-1.78,-5.0547,-1.2266,7.6602,-5.0547,-3.8757,28.48,57.04,220.99,1
19.677,-3.4609,-3.6129,0.8047,0.2261,0.5937,-0.0455,-2.71,-1.76,-3.9062,0.3437,10.0039,-3.9062,-3.9559,28.48,57.04,108.97,1
19.690,-4.2891,-3.6455,0.1406,0.3010,-0.3203,0.0229,-2.68,-1.73,-4.7500,-0.3047,9.0781,-4.7500,-4.1317,28.48,57.04,107.68,1
19.707,-3.4531,-3.7933,0.2461,0.2548,-0.8633,-0.1376,-2.61,-1.70,-3.9453,-0.1914,8.5430,-3.9453,-4.1644,28.48,57.04,107.02,1
19.729,-3.3437,-3.6605,0.3164,0.2626,0.2539,-0.2134,-2.54,-1.69,-2.8359,-0.4219,10.4531,-2.8359,-3.9850,28.48,57.04,105.81,1
19.741,-2.2891,-3.5275,0.0078,0.2462,1.0586,-0.0772,-2.50,-1.68,-2.8359,-0.4219,10.4531,-2.8359,-3.8085,28.48,57.04,103.86,1
19.760,-3.2891,-3.2589,-0.2773,0.1211,0.7148,0.2572,-2.42,-1.65,-3.8320,-0.0781,9.8828,-3.8320,-3.7666,28.48,57.04,104.45,1
19.778,-3.2383,-3.2562,0.3281,0.1421,0.4844,0.3360,-2.35,-1.63,-3.7539,-0.3047,9.7656,-3.7539,-3.7789,28.48,57.04,101.46,1
19.796,-4.9531,-3.3650,0.3516,0.1597,-2.3867,0.1338,-2.29,-1.62,-5.5937,-0.0391,7.0117,-5.5937,-4.1776,28.48,57.04,101.47,1
19.809,-4.9531,-3.6089,0.3516,0.1892,-2.3867,-0.2533,-2.26,-1.63,-4.4062,0.8828,8.5820,-4.4062,-4.3001,28.48,57.04,99.23,1
19.828,-3.3828,-3.6923,-1.0742,0.2503,0.0625,-0.4405,-2.23,-1.63,-4.0625,-1.4570,9.4609,-4.0625,-4.2774,28.48,57.04,97.11,1
19.847,-3.0352,-3.5558,0.1055,-0.1069,0.9063,-0.2015,-2.16,-1.62,-3.7539,-0.2695,10.3086,-3.7539,-4.1358,28.48,57.04,94.62,1
19.860,-3.0352,-3.4758,0.1055,-0.0743,0.9063,-0.0314,-2.14,-1.60,-4.3281,-0.0781,9.7305,-4.3281,-4.1231,28.48,57.04,93.79,1
19.877,-3.2109,-3.4486,0.1445,0.0291,-0.4727,0.0610,-2.10,-1.59,-3.9844,-0.2305,8.9258,-3.9844,-4.1169,28.48,57.04,95.02,1
19.900,-3.3477,-3.3886,1.1719,0.2263,-0.5430,-0.1317,-2.06,-1.65,-3.2187,-0.6523,10.0000,-3.2187,-4.0415,28.48,57.04,91.79,1
19.917,-2.4141,-3.1704,-0.2852,0.1720,0.6016,0.0050,-2.03,-1.67,-4.0625,-0.1914,8.8867,-4.0625,-3.8757,28.48,57.04,90.26,1
19.930,-3.2344,-3.1290,0.1758,0.1416,-0.5039,-0.0328,-2.01,-1.69,-4.7109,-1.3008,7.1641,-4.7109,-3.9689,28.48,57.04,89.54,1
19.948,-3.8672,-3.2989,-0.9258,-0.0925,-2.2344,-0.5494,-2.00,-1.73,-3.2187,-1.6836,8.7383,-3.2187,-4.0600,28.48,0.00,89.82,1
19.968,-1.0547,-2.9622,0.5586,-0.3374,2.4375,-0.4288,-1.97,-1.83,-1.9141,0.1914,11.8359,-1.9141,-3.4844,28.48,0.00,88.47,1
19.979,-1.0469,-2.5389,0.5586,-0.1391,2.4375,0.2056,-1.96,-1.87,-2.4141,-0.2305,11.2187,-2.4141,-3.1769,28.48,0.00,85.52,1
19.997,-1.5234,-2.2212,0.1445,-0.0328,1.8320,0.7046,-1.98,-1.89,-5.5547,-0.7656,7.3906,-5.5547,-3.2118,28.48,0.00,85.85,1
20.016,-4.3945,-2.8477,-0.6836,-0.1460,-2.1875,-0.0121,-2.02,-1.85,-5.3242,-1.0742,7.2070,-5.3242,-3.9595,28.48,0.00,83.58,1
20.030,-4.3945,-3.0853,-0.6836,-0.2286,-2.1875,-0.3462,-2.02,-1.89,-2.4531,-0.5742,10.1094,-2.4531,-3.9395,28.48,0.00,81.23,1
20.047,-3.3984,-2.8626,-0.8203,-0.2912,-1.2305,-0.3048,-2.07,-1.91,-4.3672,-1.2266,8.1602,-4.3672,-3.8563,28.48,0.00,80.32,1
20.070,-3.1836,-3.0123,-0.4961,-0.4218,-0.7734,-0.5502,-2.11,-1.93,-6.0508,-2.3359,6.8203,-6.0508,-4.1262,28.48,0.00,79.99,1
20.081,-5.0430,-3.1873,-1.9141,-0.5467,-2.5703,-0.7282,-2.13,-1.92,-6.0508,-2.3359,6.8203,-6.0508,-4.4218,28.48,0.00,76.64,1
20.098,-1.2305,-3.4086,-0.8359,-0.8482,2.7539,-0.8247,-2.17,-1.95,-2.2617,-1.2656,12.1406,-2.2617,-4.0452,28.48,0.00,74.77,1
20.117,-2.8203,-3.0179,-0.5586,-0.7826,-0.0430,-0.2237,-2.21,-1.99,-4.1758,-1.3008,10.0000,-4.1758,-4.0092,28.48,0.00,75.19,1
20.137,-3.0977,-3.0232,-0.8477,-0.7831,0.6094,-0.0281,-2.24,-1.95,-5.1719,-1.6836,7.2070,-5.1719,-4.1362,28.48,0.00,73.76,1
20.149,-4.0625,-3.1879,-1.2227,-0.8550,-2.1797,-0.3154,-2.26,-1.95,-3.9453,-0.3047,10.4922,-3.9453,-4.2672,28.48,0.00,72.52,1
20.167,-2.8281,-3.1628,0.1562,-0.6541,1.1133,-0.1153,-2.27,-1.95,-2.1836,-0.4219,11.3750,-2.1836,-4.0350,28.48,0.00,71.17,1
20.186,-3.3867,-2.7267,-0.8633,-0.4801,-0.8789,0.3239,-2.29,-1.93,-4.5586,-1.3398,8.5039,-4.5586,-3.9294,28.48,0.00,68.05,1
20.200,-3.3867,-2.8281,-0.8633,-0.5389,-0.8789,0.1391,-2.29,-1.91,-4.1367,-1.3789,9.3828,-4.1367,-3.9923,28.48,0.00,68.32,1
20.217,-3.7617,-2.9563,-0.8164,-0.6521,-1.7227,-0.0957,-2.30,-1.89,-4.9805,-1.3008,7.6562,-4.9805,-4.2283,28.48,0.00,66.47,1
20.236,-0.7031,-2.9400,-0.0898,-0.6406,4.5625,-0.0543,-2.31,-1.88,-1.9531,-0.5742,13.9453,-1.9531,-3.7716,28.48,0.00,65.72,1
20.251,-2.2969,-2.5725,-0.7734,-0.5734,0.2695,0.6240,-2.32,-1.87,-3.5625,-1.2656,9.6484,-3.5625,-3.7253,28.48,0.00,63.41,1
20.268,-4.2109,-2.6474,-0.6094,-0.6170,-1.9453,0.3463,-2.36,-1.86,-5.5156,-1.1094,7.4297,-5.5156,-4.1114,28.48,0.00,62.64,1
20.288,-1.7656,-2.8049,-0.4883,-0.5958,1.0820,0.0300,-2.39,-1.83,-3.9453,-1.7227,8.8828,-3.9453,-3.9730,28.48,0.00,60.71,1
20.308,-2.5937,-2.6934,-1.2148,-0.7261,-0.4883,-0.0191,-2.41,-1.86,-3.5625,-0.4219,10.4141,-3.5625,-3.9345,28.48,0.00,60.36,1
20.319,-2.1797,-2.6077,0.0937,-0.6333,1.0508,0.1134,-2.42,-1.83,-5.2500,-1.1484,6.9336,-5.2500,-3.9872,28.48,0.00,58.03,1
20.338,-3.8516,-2.8564,-0.6328,-0.5879,-2.4336,-0.3919,-2.44,-1.83,-3.3320,-0.8047,10.8359,-3.3320,-4.1919,28.48,0.00,57.44,1
20.357,-2.2695,-2.6722,-0.6250,-0.5310,0.4023,-0.0657,-2.46,-1.78,-3.7148,-1.1484,9.7656,-3.7148,-3.9835,28.48,0.00,55.04,1
20.370,-2.2695,-2.6104,-0.6250,-0.5454,0.4023,0.0062,-2.47,-1.76,-5.1328,-1.4922,7.3125,-5.1328,-4.0556,28.48,0.00,53.95,1
20.387,-2.1836,-2.7680,0.4922,-0.5516,0.7852,-0.3276,-2.45,-1.72,-3.6758,-0.0391,10.1484,-3.6758,-4.1004,28.48,0.00,51.94,1
20.407,-2.8359,-2.6545,-0.9688,-0.3724,-1.8516,-0.2230,-2.43,-1.64,-4.3672,-1.4922,7.5078,-4.3672,-4.1330,28.48,0.00,50.71,1
20.430,-2.3437,-2.6407,0.4844,-0.3525,-0.5859,-0.5838,-2.40,-1.62,-3.7930,-0.4609,9.0000,-3.7930,-4.0731,28.48,0.00,49.61,1
20.438,-2.2148,-2.5848,0.0547,-0.2584,-0.3555,-0.5657,-2.39,-1.60,-3.7930,-0.4609,9.0000,-3.7930,-4.0300,28.48,0.00,49.61,1
20.459,-2.3359,-2.4773,-0.6016,-0.2524,-0.7422,-0.5534,-2.35,-1.59,-3.1016,-0.1523,10.0000,-3.1016,-3.9249,28.48,0.00,48.35,1
20.478,-1.4844,-2.2487,0.3555,-0.1396,0.6484,-0.2992,-2.32,-1.55,-3.7539,-0.8438,9.0391,-3.7539,-3.7436,28.48,0.00,45.77,1
20.491,-2.1055,-2.1750,-0.3437,-0.1375,-0.3125,-0.2371,-2.30,-1.55,-3.1406,0.6523,10.5312,-3.1406,-3.6968,28.48,0.00,44.86,1
20.508,-1.4844,-2.0178,1.1523,0.1351,1.1836,0.0726,-2.27,-1.55,-3.5625,-0.1523,9.7266,-3.5625,-3.5728,28.48,0.00,44.86,1
20.527,-2.6719,-2.0105,0.2305,0.2443,-1.1172,0.1035,-2.27,-1.54,-4.3672,-0.2695,8.2383,-4.3672,-3.7474,28.48,0.00,42.14,1
20.540,-2.6719,-2.1121,0.2305,0.2422,-1.1172,-0.0840,-2.28,-1.52,-4.6719,-0.7656,8.1953,-4.6719,-3.8670,28.48,0.00,41.25,1
20.557,-0.8711,-2.2145,0.0391,0.1219,1.4883,-0.2350,-2.28,-1.53,-2.6055,-0.4609,10.8359,-2.6055,-3.6841,28.48,0.00,41.25,1
20.578,-3.2617,-2.0248,-0.1914,0.0800,-1.1523,0.0425,-2.29,-1.50,-5.0195,-0.6914,8.1992,-5.0195,-3.9124,28.48,0.00,38.39,1
20.599,-1.7656,-2.2167,0.5781,0.1056,0.6484,-0.0882,-2.28,-1.47,-4.2539,-0.0391,9.0000,-4.2539,-3.9319,28.48,0.00,37.09,1
20.608,-2.4570,-2.2027,0.4531,0.1682,-0.3477,-0.0548,-2.28,-1.47,-4.2539,-0.0391,9.0000,-4.2539,-3.9814,28.48,0.00,37.09,1
20.630,-1.3125,-2.1136,0.8359,0.3241,2.0273,0.2102,-2.28,-1.44,-3.6758,-0.3437,8.8477,-3.6758,-3.8014,28.48,0.00,33.68,1
20.648,-1.8320,-2.0014,0.1484,0.3171,-0.5039,0.1653,-2.27,-1.42,-4.9023,-0.2305,8.7734,-4.9023,-3.8639,28.48,0.00,33.68,1
20.661,-3.0273,-2.1475,0.2539,0.2960,-0.5703,0.0070,-2.27,-1.41,-4.4062,-0.1133,8.7773,-4.4062,-4.0540,28.48,0.00,31.40,1
20.677,-2.5156,-2.2838,0.3711,0.3100,-0.5703,-0.1567,-2.26,-1.39,-2.8711,-0.7266,10.1133,-2.8711,-4.0311,28.48,0.00,31.40,1
20.697,-1.3711,-1.9555,0.0625,0.1813,1.4570,0.1373,-2.25,-1.37,-3.2930,-0.4219,10.8008,-3.2930,-3.7290,28.48,0.00,28.44,1
20.710,-1.3711,-1.8657,0.0625,0.1630,1.4570,0.3400,-2.23,-1.36,-4.8281,0.3047,8.4609,-4.8281,-3.7848,28.48,0.00,28.44,1
20.727,-2.8828,-2.0600,0.7812,0.2936,-0.8711,0.1415,-2.22,-1.33,-4.4805,0.8438,8.1172,-4.4805,-4.0529,28.48,0.00,25.74,1
20.746,-1.5000,-2.1543,0.1719,0.5193,0.0859,-0.1971,-2.21,-1.31,-3.4844,-0.3047,9.4258,-3.4844,-3.9782,28.48,0.00,25.74,1
20.761,-1.5000,-2.0538,0.1719,0.4659,0.0859,-0.1536,-2.21,-1.31,-3.4844,-0.5352,9.6914,-3.4844,-3.9024,28.48,0.00,25.74,1
20.778,-2.0742,-1.9062,-0.5586,0.2587,0.6562,0.0285,-2.20,-1.33,-4.0977,-1.0352,10.0000,-4.0977,-3.8956,28.48,0.00,22.08,1
20.797,-2.3203,-1.9735,-0.8320,0.0050,-0.6016,0.1059,-2.17,-1.30,-4.3672,-1.3008,8.7344,-4.3672,-4.0126,28.48,0.00,22.08,1
20.817,-1.7305,-1.9612,-0.4570,-0.1973,0.0859,0.0169,-2.14,-1.30,-3.0273,-0.8828,10.3437,-3.0273,-3.8764,28.48,0.00,22.08,1
20.829,-0.9336,-1.8620,-0.4297,-0.2350,1.0078,0.1012,-2.12,-1.29,-3.0273,-0.8828,10.3437,-3.0273,-3.7460,28.48,0.00,18.14,1
20.848,-2.2656,-1.8935,0.3750,-0.1122,-1.1016,-0.1085,-2.08,-1.30,-4.1758,0.3828,9.4648,-4.1758,-3.9069,28.48,0.00,18.14,1
20.867,-2.0508,-1.9515,0.8281,0.1263,0.1250,-0.1187,-2.04,-1.27,-3.8320,-0.7656,9.1602,-3.8320,-3.9556,28.48,0.00,18.14,1
20.880,-1.6836,-1.9171,-0.3203,0.1052,-0.1797,-0.1115,-2.02,-1.28,-4.0234,-0.7266,9.5430,-4.0234,-3.9436,28.48,0.00,18.14,1
20.897,-1.8594,-1.8898,-0.2969,-0.0103,0.2031,-0.0461,-1.97,-1.28,-3.7930,-0.6523,9.4609,-3.7930,-3.9478,28.48,0.00,18.14,1
20.916,-2.6602,-1.8918,-0.8047,-0.1335,-1.6367,-0.1243,-1.92,-1.28,-4.8633,-1.2266,7.6992,-4.8633,-4.1319,28.48,0.00,12.38,1
20.936,-1.5352,-2.0197,-0.3906,-0.2907,0.3945,-0.3907,-1.85,-1.30,-3.7539,-0.8047,9.7305,-3.7539,-4.0938,28.48,0.00,12.38,1
20.948,-1.5664,-1.9150,-0.2852,-0.3044,0.4336,-0.2138,-1.80,-1.32,-3.7930,-0.6914,9.7656,-3.7930,-4.0272,28.48,0.00,12.38,1
20.967,-1.2734,-1.7927,-0.1445,-0.2877,0.4336,-0.0302,-1.71,-1.29,-3.5234,-0.5352,9.7656,-3.5234,-3.9011,28.48,0.00,12.38,1
20.988,-1.6406,-1.7267,-0.0391,-0.2237,0.1641,0.0417,-1.62,-1.23,-3.4492,-0.2695,9.6484,-3.4492,-3.8660,28.48,0.00,12.38,1
20.999,-1.1602,-1.6750,0.0898,-0.1851,0.3164,0.0727,-1.58,-1.18,-3.4492,-0.2695,9.6484,-3.4492,-3.8020,28.48,0.00,12.38,1
21.020,-2.0234,-1.6321,0.0078,-0.1039,-0.8711,-0.0266,-1.48,-1.11,-3.2930,0.0000,9.6875,-3.2930,-3.8482,28.48,0.00,12.38,1
21.038,-0.9648,-1.5088,0.3437,0.0021,0.3555,0.0053,-1.40,-1.02,-3.2930,-0.1914,9.6484,-3.2930,-3.6907,28.48,0.00,12.38,1
21.050,-0.9570,-1.3872,0.1367,0.0459,0.3164,0.0768,-1.36,-0.99,-3.4844,-0.0391,7.6562,-3.4844,-3.6180,28.48,0.00,12.38,1
21.068,-1.1328,-1.3041,0.2891,0.1054,-1.6758,-0.2961,-1.27,-0.96,-2.4531,-0.3828,8.8828,-2.4531,-3.4976,28.48,0.00,12.38,1
21.087,0.0312,-0.9410,-0.5391,0.0286,-1.8281,-0.5305,-1.19,-0.95,-2.3359,-0.8438,7.5078,-2.3359,-3.1156,28.48,0.00,12.38,1
21.101,0.0312,-0.7917,-0.5391,-0.0586,-1.8281,-0.7298,-1.13,-0.98,-0.3047,-0.8047,10.0039,-0.3047,-2.8333,28.48,0.00,12.38,1
21.118,2.1211,-0.1052,-0.6445,-0.2011,0.0781,-0.5366,-1.09,-1.01,-0.2305,-0.9180,9.4258,-0.2305,-2.1048,28.48,0.00,12.38,1
21.137,2.8945,0.5881,-0.6602,-0.3281,0.3867,-0.3376,-0.89,-1.11,0.5352,-0.9180,9.7305,0.5352,-1.4038,28.48,0.00,12.38,1
21.159,2.8125,1.4738,-0.0352,-0.2805,0.3008,-0.0768,-0.74,-1.17,0.5742,0.3047,9.8047,0.5742,-0.6607,28.48,0.00,12.38,1
21.169,2.9258,1.6885,0.5234,-0.1982,0.4570,-0.0063,-0.67,-1.20,0.5742,0.3047,9.8047,0.5742,-0.4710,28.48,0.00,12.38,1
21.190,2.5273,2.0491,0.1250,-0.0134,-0.2031,0.0502,-0.54,-1.27,0.6523,-0.1133,10.4922,0.6523,-0.1864,28.48,0.00,12.38,1
21.208,2.9883,2.2867,0.0742,0.0146,1.1367,0.2749,-0.43,-1.31,0.6133,-0.4219,11.3789,0.6133,0.0484,28.48,0.00,12.38,1
21.221,2.9414,2.4348,-0.2500,-0.0220,2.0117,0.6000,-0.35,-1.32,-0.1523,-0.9180,10.3867,-0.1523,0.1121,28.48,0.00,12.38,1
21.238,2.1758,2.4090,-0.7617,-0.1999,1.0156,0.7799,-0.18,-1.34,0.1523,-0.6523,10.8008,0.1523,0.0615,28.48,0.00,12.38,1
21.258,1.6445,2.3490,-0.5039,-0.3231,-0.8320,0.7960,0.00,-1.31,-0.6914,-0.6133,8.5391,-0.6914,-0.0943,28.48,0.00,12.38,1
21.271,1.6445,2.2408,-0.5039,-0.3509,-0.8320,0.5459,0.10,-1.30,0.2695,-0.1133,8.8867,0.2695,-0.1091,28.48,0.00,12.38,1
21.288,2.1445,2.2716,0.1484,-0.2538,-0.9102,0.1399,0.26,-1.27,-0.1914,0.0781,8.4609,-0.1914,-0.0820,28.48,0.00,12.38,1
21.306,3.7461,2.3637,-0.2969,-0.1754,0.2773,-0.0629,0.42,-1.23,1.4180,-0.3437,9.6484,1.4180,0.2431,28.48,0.00,12.38,1
21.330,3.0937,2.7348,0.0937,-0.1568,-0.3789,-0.0477,0.60,-1.20,1.6836,0.4219,9.6914,1.6836,0.5321,28.48,0.00,12.38,1
21.339,4.0117,2.8634,0.4219,-0.0921,0.3164,-0.0430,0.69,-1.17,1.6836,0.4219,9.6914,1.6836,0.7090,28.48,0.00,12.38,1
21.356,2.5195,3.0697,0.5039,0.0603,-1.9141,-0.1195,0.89,-1.17,0.1914,0.5352,7.4687,0.1914,0.6551,28.48,0.00,12.38,1
21.377,3.0859,3.0075,0.4492,0.1994,-0.8008,-0.4849,1.07,-1.16,0.8828,-0.4961,8.0820,0.8828,0.7022,28.48,0.00,12.38,1
21.391,3.1953,3.0416,-0.5664,0.0987,-1.3008,-0.6316,1.16,-1.14,-0.0781,-0.5742,7.7383,-0.0781,0.6653,28.48,0.00,12.38,1
21.408,2.2344,2.8726,-0.6602,-0.1107,-1.6445,-0.8975,1.36,-1.09,0.7266,-0.5742,9.0781,0.7266,0.5188,28.48,0.00,0.00,1
21.427,3.2695,2.9016,-1.1289,-0.3419,-0.0273,-0.7484,1.58,-1.03,0.9570,-0.9961,9.3477,0.9570,0.6406,28.48,0.00,0.00,1
21.441,3.2617,2.9819,-1.1523,-0.5197,-0.0273,-0.5888,1.71,-0.99,0.9570,0.1523,9.9219,0.9570,0.7107,28.48,0.00,0.00,1
21.459,3.2617,3.0612,-0.0273,-0.4501,0.5469,-0.3025,1.95,-0.91,0.2695,0.3828,9.5039,0.2695,0.7255,28.48,0.00,0.00,1
21.476,3.4531,3.0065,0.0273,-0.2626,1.7031,-0.0047,2.19,-0.82,1.1484,0.2695,11.0703,1.1484,0.7646,28.48,0.00,0.00,1
21.500,2.4648,3.0070,0.2617,-0.1278,1.3984,0.5307,2.45,-0.73,0.1914,0.3047,10.6484,0.1914,0.6161,28.48,0.00,0.00,1
21.509,2.4961,2.9262,0.0078,-0.0883,1.2813,0.6546,2.56,-0.68,0.1914,0.3047,10.6484,0.1914,0.5508,28.48,0.00,0.00,1
21.526,1.2617,2.7055,0.3906,-0.0304,0.0547,0.7342,2.81,-0.62,-1.0352,0.7266,9.4219,-1.0352,0.1775,28.48,0.00,0.00,1
21.548,2.2969,2.4424,0.4844,0.1339,2.5078,1.0455,3.05,-0.54,-0.1523,0.2305,10.5352,-0.1523,0.1048,28.48,0.00,0.00,1
21.566,1.1484,2.2699,0.2383,0.1009,0.6406,1.1234,3.26,-0.43,-1.1484,0.6523,10.0000,-1.1484,-0.2033,28.48,0.00,0.00,1
21.578,1.1484,2.0976,0.2383,0.1220,0.6406,1.0493,3.37,-0.38,-0.2695,1.3398,9.7656,-0.2695,-0.2782,28.48,0.00,0.00,1
21.598,2.0273,2.0229,0.8945,0.3002,0.4102,0.8824,3.58,-0.25,-1.1484,1.5313,8.2773,-1.1484,-0.3460,28.48,0.00,0.00,1
21.616,1.9844,1.8420,1.6133,0.5929,-0.2422,0.3646,3.76,0.33,-0.3047,2.1055,9.1172,-0.3047,-0.4329,28.48,0.00,0.00,1
21.628,1.9844,1.8639,1.6133,0.7497,-0.2422,0.2714,3.82,0.82,-1.0352,1.8398,8.4219,-1.0352,-0.4716,28.48,0.00,0.00,1
21.646,2.3750,1.7875,0.7695,0.9161,-0.1562,-0.0360,3.94,1.68,0.0781,1.3008,9.1992,0.0781,-0.4174,28.48,0.00,0.00,1
21.671,2.7500,2.0454,0.6719,0.8512,0.2266,-0.0182,4.04,2.40,0.2695,0.7266,9.1602,0.2695,-0.1552,28.48,0.00,0.00,1
21.679,2.5586,2.1383,0.1562,0.7824,-0.1953,-0.0144,4.08,2.73,0.2695,0.7266,9.1602,0.2695,-0.0899,28.48,0.00,0.00,1
21.697,1.7852,2.1956,0.1328,0.6029,-2.0664,-0.2154,4.19,3.29,-0.4961,0.7266,7.2734,-0.4961,-0.1574,28.48,0.00,0.00,1
21.718,2.2344,2.1614,0.8086,0.6105,-0.7617,-0.5740,4.28,3.76,0.5352,1.5703,9.5430,0.5352,-0.0649,28.48,0.00,0.00,1
21.739,1.9141,2.2760,1.1680,0.7346,-2.3320,-0.5688,4.36,4.19,-0.3437,1.8008,7.0078,-0.3437,-0.0548,28.48,0.00,0.00,1
21.750,1.9063,2.1947,1.1602,0.8293,-2.3320,-0.9590,4.39,4.36,0.7656,2.0312,10.3047,0.7656,-0.0300,28.48,0.00,0.00,1
21.769,3.0156,2.3584,1.3906,0.9742,0.9609,-0.6196,4.44,4.74,0.0391,0.8438,9.9648,0.0391,0.1375,28.48,0.00,0.00,1
21.781,2.2812,2.3911,0.1875,0.8815,0.6172,-0.3226,4.46,4.95,-0.0391,1.5313,9.0391,-0.0391,0.1095,28.48,0.00,0.00,1
21.798,2.2031,2.3426,0.8594,0.8334,-0.2969,-0.2584,4.51,5.34,-1.2266,1.1875,7.6289,-1.2266,-0.0277,28.48,0.00,0.00,1
21.817,2.1562,2.0479,0.0781,0.7082,-1.4844,-0.6544,4.55,5.63,-0.0781,0.7656,7.8516,-0.0781,-0.1822,28.48,0.00,0.00,1
21.837,1.8750,2.0562,0.8359,0.5901,-0.1055,-0.7795,4.58,5.87,-0.3437,1.5313,9.2266,-0.3437,-0.2115,28.48,0.00,0.00,1
21.849,2.7070,2.0826,0.1484,0.5895,0.2031,-0.6056,4.58,5.97,0.4961,0.8438,9.5430,0.4961,-0.0549,28.48,0.00,0.00,1
21.867,1.5352,2.1660,0.7148,0.5097,-0.8711,-0.4622,4.59,6.18,-0.6523,1.4180,8.4648,-0.6523,-0.1528,28.48,0.00,0.00,1
21.889,2.1719,2.0487,0.7891,0.5911,1.0078,-0.3130,4.61,6.38,-0.2305,0.9961,9.0000,-0.2305,-0.1565,28.48,0.00,0.00,1
21.900,1.9414,2.0492,0.2852,0.5812,-0.3320,-0.2173,4.61,6.50,-0.2305,0.9961,9.0000,-0.2305,-0.1679,28.48,0.00,0.00,1
21.920,0.7773,1.8336,0.9297,0.5792,-1.2148,-0.3920,4.61,6.71,-0.4961,1.2656,8.8437,-0.4961,-0.4443,28.48,0.00,0.00,1
21.938,1.6602,1.7294,0.5469,0.5939,-0.4727,-0.4611,4.59,6.90,-0.6523,0.8828,8.5039,-0.6523,-0.4715,28.48,0.00,0.00,1
21.951,1.4961,1.6889,0.1719,0.5259,-0.8242,-0.5177,4.57,6.97,0.3437,1.1094,9.8828,0.3437,-0.4318,28.48,0.00,0.00,1
21.968,2.4844,1.8529,0.3984,0.4756,0.5547,-0.2994,4.55,7.11,-0.2305,1.2656,9.0430,-0.2305,-0.2578,28.48,0.00,0.00,1
21.988,2.6133,1.9584,0.5820,0.4942,0.8633,-0.1554,4.53,7.20,0.4961,1.3008,10.1875,0.4961,-0.0877,28.48,0.00,0.00,1
22.006,2.2070,2.1116,0.7812,0.5351,-0.0586,0.0598,4.49,7.29,0.1133,1.4922,9.2695,0.1133,-0.0068,28.48,0.00,0.00,1
22.019,2.3906,2.1474,0.5898,0.5742,0.4414,0.0736,4.47,7.34,0.3047,1.3008,9.7656,0.3047,0.0621,28.48,0.00,0.00,1
22.036,1.3789,2.1478,0.1016,0.5421,-1.1289,0.0734,4.40,7.41,-0.6914,0.8047,8.1953,-0.6914,-0.0756,28.48,0.00,0.00,1
22.060,2.0547,1.9895,0.4453,0.4447,0.0937,-0.1487,4.34,7.47,0.2305,0.8047,9.6484,0.2305,-0.0710,28.48,0.00,0.00,1
22.070,2.2773,2.0173,0.1016,0.4173,0.3242,-0.0930,4.31,7.51,0.2305,0.8047,9.6484,0.2305,-0.0247,28.48,0.00,0.00,1
22.091,1.2266,1.9446,0.8438,0.4237,-0.9297,-0.1434,4.25,7.58,-0.1914,1.4570,9.0781,-0.1914,-0.1822,28.48,0.00,0.00,1
22.108,1.8242,1.8732,0.7773,0.5281,-0.2422,-0.2142,4.16,7.63,-0.6133,1.1484,8.5781,-0.6133,-0.2186,28.48,0.00,0.00,1
22.121,1.3867,1.7952,0.4766,0.5371,-0.7383,-0.2966,4.12,7.65,0.2695,1.2656,9.3828,0.2695,-0.2353,28.48,0.00,0.00,1
22.138,2.2617,1.8730,0.5937,0.5458,0.0664,-0.2438,4.02,7.66,0.1133,1.3789,9.8477,0.1133,-0.1046,28.48,0.00,0.00,1
22.158,2.2656,1.9692,0.4609,0.5778,0.5547,-0.0075,3.91,7.69,0.3047,1.1094,9.8867,0.3047,0.0120,28.48,0.00,0.00,1
22.177,1.6484,2.0193,0.6758,0.5567,-0.3633,0.1107,3.79,7.72,-0.3047,1.3008,8.9648,-0.3047,-0.0231,28.48,0.00,0.00,1
22.189,1.6484,1.9623,0.6758,0.5750,-0.3633,0.0379,3.72,7.75,-0.0391,1.3398,9.5820,-0.0391,-0.0451,28.48,0.00,0.00,1
22.207,0.5898,1.8215,0.2812,0.5874,-2.3555,-0.1334,3.58,7.80,-1.3398,0.8828,6.9727,-1.3398,-0.3309,28.48,0.00,0.00,1
22.230,1.7930,1.5864,0.8008,0.5628,0.3242,-0.4793,3.42,7.82,-0.2695,1.0742,8.7344,-0.2695,-0.3395,28.48,0.00,0.00,1
22.240,1.6211,1.6044,0.5039,0.5756,-0.5937,-0.4293,3.34,7.81,-0.2695,1.0742,8.7344,-0.2695,-0.3288,28.48,0.00,0.00,1
22.257,1.9141,1.6326,0.6406,0.5662,0.4023,-0.3963,3.17,7.82,0.0391,1.1875,9.7305,0.0391,-0.2437,28.48,0.00,0.00,1
22.277,1.9805,1.7432,0.3867,0.5354,0.0586,-0.2001,2.99,7.84,0.4219,0.9570,9.8828,0.4219,-0.0973,28.48,0.00,0.00,1
22.298,1.3828,1.8360,0.0430,0.4715,-1.3203,-0.1212,2.81,7.88,-0.4609,0.5352,8.0078,-0.4609,-0.1157,28.48,0.00,0.00,1
22.308,1.3828,1.7663,0.0430,0.4057,-1.3203,-0.3054,2.71,7.88,-0.0781,0.8828,9.5039,-0.0781,-0.1381,28.48,0.00,0.00,1
22.328,1.8203,1.7445,0.0820,0.3584,-0.4414,-0.3121,2.52,7.90,-0.0781,0.8828,9.5039,-0.0781,-0.1211,28.48,0.00,0.00,1
22.346,1.1836,1.7162,0.3828,0.2914,-0.7461,-0.3821,2.32,7.89,-0.6133,0.8047,8.5781,-0.6133,-0.2249,28.48,0.00,0.00,1
22.359,1.1836,1.6344,0.3828,0.3055,-0.7461,-0.4380,2.22,7.88,0.1914,0.8828,9.6875,0.1914,-0.2202,28.48,0.00,0.00,1
22.376,1.5352,1.6663,0.1133,0.3325,-0.6719,-0.3112,2.01,7.88,-0.2305,0.4961,8.6562,-0.2305,-0.1732,28.48,0.00,0.00,1
22.400,2.3164,1.7416,0.3828,0.2992,0.4414,-0.2632,1.80,7.88,0.3828,0.3047,9.3086,0.3828,0.0202,28.48,0.00,0.00,1
22.410,2.1172,1.8140,-0.0234,0.2795,-0.0195,-0.1918,1.69,7.89,0.3828,0.3047,9.3086,0.3828,0.0759,28.48,0.00,0.00,1
22.428,2.2930,1.9140,-0.2187,0.1780,0.6250,-0.0914,1.48,7.92,0.5742,0.0781,9.9609,0.5742,0.2053,28.48,0.00,0.00,1
22.447,1.6055,1.8911,-0.4023,0.0021,-0.8633,-0.1765,1.27,7.92,0.5352,0.1133,10.1914,0.5352,0.1486,28.48,0.00,0.00,1
22.468,0.6523,1.8447,-0.5469,-0.0949,-1.4766,-0.1082,1.07,7.91,-1.0352,-0.3047,7.8516,-1.0352,-0.0672,28.48,0.00,0.00,1
22.480,0.6367,1.5784,-0.5312,-0.1925,-1.4766,-0.4110,0.97,7.89,0.2305,0.1523,10.0352,0.2305,-0.1802,28.48,0.00,0.00,1
22.498,1.8867,1.5880,-0.0586,-0.1840,0.7070,-0.2300,0.79,7.89,-0.2695,0.3437,9.3477,-0.2695,-0.1037,28.48,0.00,0.00,1
22.517,1.9023,1.5861,0.0273,-0.0890,0.6797,-0.0527,0.60,7.92,0.2695,0.1914,10.0000,0.2695,-0.0409,28.48,0.00,0.00,1
22.529,1.9023,1.6347,0.0273,-0.0711,0.6797,0.0598,0.50,7.94,0.0000,0.1523,9.9648,0.0000,-0.0148,28.48,0.00,0.00,1
22.547,2.0781,1.6835,-0.2461,-0.0626,1.0234,0.2907,0.31,7.97,0.4609,-0.1133,10.3477,0.4609,0.0923,28.48,0.00,0.00,1
22.567,0.6836,1.6839,-0.4453,-0.1306,-0.7031,0.3604,0.14,7.96,-0.9180,-0.3437,8.6211,-0.9180,-0.1084,28.48,0.00,0.00,1
22.580,1.3633,1.5169,-0.2383,-0.1837,0.8711,0.2509,0.05,7.95,-0.2305,-0.1523,10.1875,-0.2305,-0.1354,28.48,0.00,0.00,1
22.598,1.1563,1.4567,-0.4844,-0.2189,0.0273,0.3593,-0.12,7.95,-0.4219,-0.4219,9.3477,-0.4219,-0.2047,28.48,0.00,0.00,1
22.618,0.8789,1.2929,0.0312,-0.1953,0.0664,0.2548,-0.29,7.99,-0.3828,-0.1133,8.8477,-0.3828,-0.3459,28.48,0.00,0.00,1
22.631,1.1797,1.2534,-0.1367,-0.1739,-0.4727,0.1827,-0.37,8.01,-0.3828,-0.1133,8.8477,-0.3828,-0.3516,28.48,0.00,0.00,1
22.650,1.5859,1.2907,-0.1523,-0.1636,0.1406,0.0535,-0.53,8.03,0.0391,-0.1523,9.1211,0.0391,-0.2426,28.48,0.00,0.00,1
22.669,1.5703,1.3709,-0.1367,-0.1570,-0.2031,0.0021,-0.69,8.00,0.4609,-0.4219,9.9258,0.4609,-0.1290,28.48,0.00,0.00,1
22.682,1.9688,1.4763,-0.3828,-0.1903,0.5937,0.0791,-0.77,7.99,0.4961,-0.6133,10.1484,0.4961,0.0044,28.48,0.00,0.00,1
22.699,1.9961,1.6220,-0.5664,-0.2855,0.8320,0.2778,-0.91,8.01,-0.4609,-0.3047,8.5391,-0.4609,0.0673,28.48,0.00,0.00,1
22.718,1.1719,1.4871,-0.0664,-0.2737,-0.0820,0.0675,-1.05,8.04,-0.3047,-0.1523,9.2266,-0.3047,-0.0782,28.48,0.00,0.00,1
22.738,0.8164,1.3693,-0.4727,-0.2474,-1.0781,-0.0546,-1.18,8.05,-0.6523,-0.5742,8.2344,-0.6523,-0.2194,28.48,0.00,0.00,1
22.750,1.7305,1.3201,0.1875,-0.2444,0.7227,-0.1370,-1.24,8.04,0.2695,0.0781,10.0312,0.2695,-0.1112,28.48,0.00,0.00,1
22.767,1.4766,1.4381,-0.3633,-0.1381,0.0352,0.1010,-1.37,8.02,0.0391,-0.4961,9.3477,0.0391,-0.0324,28.48,0.00,0.00,1
22.790,2.0742,1.5430,-0.3867,-0.2184,1.1836,0.2550,-1.49,8.03,-0.0781,-0.5352,9.3047,-0.0781,0.1075,28.48,0.00,0.00,1
22.801,1.3359,1.5655,-0.3789,-0.2437,-0.0039,0.3026,-1.55,8.03,-0.0781,-0.5352,9.3047,-0.0781,0.0790,28.48,0.00,0.00,1
22.820,1.7891,1.5569,-0.1641,-0.2568,0.6094,0.2923,-1.66,8.07,-1.1094,-0.7656,7.6289,-1.1094,0.0368,28.48,0.00,0.00,1
22.838,0.2891,1.2907,-0.5703,-0.3204,-1.6875,-0.1261,-1.76,8.08,-0.1914,-0.3437,9.5000,-0.1914,-0.2149,28.48,0.00,0.00,1
22.857,0.7617,1.1708,-0.5937,-0.3200,-0.8477,-0.2095,-1.86,8.06,-0.6133,-0.8047,8.4609,-0.6133,-0.3002,28.48,0.00,0.00,1
22.869,0.7617,1.1080,-0.5937,-0.3620,-0.8477,-0.3075,-1.90,8.06,-0.0391,-0.6914,9.8437,-0.0391,-0.3024,28.48,0.00,0.00,1
22.888,1.3594,1.1515,-0.5703,-0.4129,-0.1172,-0.1524,-1.97,8.05,0.0000,-0.8047,9.1992,0.0000,-0.2040,28.48,0.00,0.00,1
22.907,1.9961,1.2614,-0.2930,-0.4354,0.8008,-0.0690,-2.05,8.09,0.6523,-0.5352,10.1094,0.6523,-0.0017,28.48,0.00,0.00,1
22.920,1.9961,1.3742,-0.2930,-0.4135,0.8008,0.0646,-2.07,8.11,-0.5742,-0.5352,8.3164,-0.5742,0.0006,28.48,0.00,0.00,1
22.937,1.5977,1.3014,-0.3867,-0.3767,0.6094,-0.0664,-2.12,8.11,0.2695,-0.6523,9.9219,0.2695,-0.0086,28.48,0.00,0.00,1
22.957,1.2266,1.3558,-0.9609,-0.4255,-0.3086,0.0518,-2.16,8.08,-0.0781,-1.2266,9.0039,-0.0781,-0.0067,28.48,0.00,0.00,1
22.971,0.9922,1.3084,-0.5703,-0.5127,-0.1875,-0.0183,-2.18,8.07,-0.3047,-0.8438,9.1172,-0.3047,-0.0726,28.48,0.00,0.00,1
22.991,1.5508,1.2864,-0.6836,-0.5498,0.0820,-0.0346,-2.20,8.07,0.1523,-0.8438,9.1953,0.1523,0.0017,28.48,0.00,0.00,1
23.009,1.4258,1.3337,-0.5625,-0.5609,-0.1094,-0.0438,-2.21,8.11,0.4219,-0.3437,9.6523,0.4219,0.0660,28.48,0.00,0.00,1
23.029,1.6406,1.4356,-0.1406,-0.4259,0.9219,0.1094,-2.21,8.13,0.3828,-0.4219,10.2266,0.3828,0.1787,28.48,0.00,0.00,1
23.039,1.6406,1.4671,-0.1406,-0.3821,0.9219,0.2342,-2.22,8.13,0.6914,-0.4961,10.0352,0.6914,0.2347,28.48,0.00,0.00,1
23.058,1.9414,1.5829,-0.2148,-0.3300,0.7305,0.3868,-2.21,8.14,-0.2305,-0.1914,9.3867,-0.2305,0.2905,28.48,0.00,0.00,1
23.077,1.3789,1.4692,-0.0156,-0.2112,0.6562,0.3660,-2.21,8.14,0.1523,-0.3047,9.9609,0.1523,0.1976,28.48,0.00,0.00,1
23.090,1.3789,1.4553,-0.0156,-0.1812,0.6562,0.4106,-2.21,8.14,-0.9961,-0.4961,7.9727,-0.9961,0.0988,28.48,0.00,0.00,1
23.107,0.8203,1.1476,0.4414,-0.1271,0.0820,0.0428,-2.22,8.14,-0.3828,0.1523,9.3867,-0.3828,-0.1388,28.48,0.00,0.00,1
23.130,0.6992,1.0174,0.4883,0.0739,0.1953,0.0736,-2.23,8.17,0.8828,-0.0391,10.7656,0.8828,-0.1438,28.48,0.00,0.00,1
23.141,2.0703,1.0782,0.2578,0.1191,1.4609,0.1935,-2.23,8.18,0.8828,-0.0391,10.7656,0.8828,0.0139,28.48,0.00,0.00,1
23.158,1.0195,1.2755,0.3359,0.1647,0.5039,0.4764,-2.25,8.17,-0.1523,0.0391,9.8047,-0.1523,0.0312,28.48,0.00,0.00,1
23.178,1.1797,1.2237,0.2578,0.2058,0.4258,0.4685,-2.29,8.17,-1.7227,-0.4609,7.0898,-1.7227,-0.1172,28.48,0.00,0.00,1
23.199,0.7734,0.8223,0.2656,0.1398,0.1484,-0.1083,-2.32,8.16,-0.3828,-0.0391,9.4648,-0.3828,-0.3680,28.48,0.00,0.00,1
23.209,0.7656,0.8103,0.2734,0.1689,0.1484,-0.0515,-2.33,8.18,-0.7266,-0.3047,8.5391,-0.7266,-0.3988,28.48,0.00,0.00,1
23.229,0.4141,0.7198,0.0156,0.1415,-0.7695,-0.1979,-2.37,8.19,-0.3437,-0.1914,9.4609,-0.3437,-0.4611,28.48,0.00,0.00,1
23.248,0.8203,0.7228,-0.0156,0.1207,-0.1953,-0.1600,-2.41,8.17,-0.3047,-0.3437,9.1172,-0.3047,-0.4125,28.48,0.00,0.00,1
23.260,0.8203,0.7378,-0.0156,0.0998,-0.1953,-0.1654,-2.43,8.16,0.3437,-0.5352,9.8047,0.3437,-0.3440,28.48,0.00,0.00,1
23.277,0.6719,0.8813,-0.1992,0.0084,-0.5000,-0.0592,-2.46,8.14,-0.4219,-0.5352,8.8164,-0.4219,-0.2790,28.48,0.00,0.00,1
23.297,1.1250,0.8582,-0.1172,-0.0439,0.6094,-0.0955,-2.50,8.13,0.0391,-0.4609,9.9219,0.0391,-0.2175,28.48,0.00,0.00,1
23.311,0.9648,0.9044,-0.6055,-0.0992,-0.2344,-0.0070,-2.51,8.13,-0.1133,-0.9570,9.0820,-0.1133,-0.1944,28.48,0.00,0.00,1
23.328,0.4492,0.8803,-0.0703,-0.2000,-0.4648,-0.0899,-2.53,8.13,-0.6133,-0.4219,8.8437,-0.6133,-0.2821,28.48,0.00,0.00,1
23.348,1.0938,0.9007,-0.2227,-0.1969,-0.1172,-0.1193,-2.55,8.10,0.0391,-0.6914,9.4609,0.0391,-0.1910,28.48,0.00,0.00,1
23.362,1.0859,0.9297,-0.3398,-0.2102,0.1484,-0.0977,-2.56,8.09,0.0391,-0.6914,9.4609,0.0391,-0.1557,28.48,0.00,0.00,1
23.381,1.2148,1.0028,0.1992,-0.1716,0.1094,-0.0198,-2.57,8.05,0.1914,-0.4609,10.0352,0.1914,-0.0461,28.48,0.00,0.00,1
23.398,1.2070,1.0612,-0.0937,-0.1313,0.7227,0.1526,-2.59,8.07,0.4219,-0.8047,9.9648,0.4219,0.0397,28.48,0.00,0.00,1
23.417,0.5117,1.1022,-0.0156,-0.1822,-0.4648,0.2368,-2.60,8.07,-0.4961,-0.3828,8.8477,-0.4961,-0.0332,28.48,0.00,0.00,1
23.430,0.5117,1.0115,-0.0156,-0.1566,-0.4648,0.1290,-2.61,8.06,-0.3047,-0.5352,9.1172,-0.3047,-0.0890,28.48,0.00,0.00,1
23.448,0.4180,0.8710,-0.2852,-0.1611,-0.6562,-0.0339,-2.61,8.04,-0.5742,-0.6523,8.6562,-0.5742,-0.2222,28.48,0.00,0.00,1
23.468,1.1602,0.8019,0.0703,-0.1679,0.3398,-0.1307,-2.61,8.01,0.1914,-0.3047,9.6484,0.1914,-0.1526,28.48,0.00,0.00,1
23.481,1.2383,0.8874,0.0312,-0.1183,1.0313,0.0288,-2.61,8.02,0.2695,-0.3437,10.3477,0.2695,-0.0591,28.48,0.00,0.00,1
23.499,1.6445,1.0380,-0.1602,-0.0826,0.8789,0.3583,-2.61,8.01,0.6914,-0.5352,10.1875,0.6914,0.1463,28.48,0.00,0.00,1
23.521,0.4102,1.0551,-0.2383,-0.1211,-0.5391,0.3180,-2.60,7.98,-0.0781,-0.1133,9.6484,-0.0781,0.0208,28.48,0.00,0.00,1
23.532,0.8594,0.9920,0.2539,-0.0997,0.3398,0.2567,-2.60,7.97,-0.0781,-0.1133,9.6484,-0.0781,0.0056,28.48,0.00,0.00,1
23.551,0.2031,0.8460,-0.3164,-0.0667,-1.3047,0.0324,-2.60,7.95,0.0781,-0.0391,9.8047,0.0781,-0.1425,28.48,0.00,0.00,1
23.569,1.0000,0.8400,0.3359,0.0068,0.4961,0.0517,-2.60,7.92,-0.1914,-0.1133,9.6875,-0.1914,-0.1015,28.48,0.00,0.00,1
23.587,1.0195,0.8381,-0.1602,0.0642,-0.0039,0.1394,-2.60,7.89,0.1133,-0.5352,9.3047,0.1133,-0.0647,28.48,0.00,0.00,1
23.600,1.0195,0.8659,-0.1602,0.0298,-0.0039,0.1174,-2.60,7.87,-0.0391,-0.3047,9.4609,-0.0391,-0.0495,28.48,0.00,0.00,1
23.617,1.2734,0.9061,0.1445,0.0328,0.7227,0.1626,-2.60,7.84,0.3828,-0.2305,10.0352,0.3828,0.0182,28.48,0.00,0.00,1
23.638,-0.0078,0.9078,-0.2305,0.0345,-1.3125,0.1586,-2.59,7.79,-0.8828,-0.6133,8.0078,-0.8828,-0.1585,28.48,0.00,0.00,1
23.651,-0.0078,0.7671,-0.2305,-0.0062,-1.3125,-0.0673,-2.60,7.77,-0.1914,0.0000,9.7266,-0.1914,-0.2144,28.48,0.00,0.00,1
23.668,0.3984,0.6746,0.1133,0.0697,-0.4336,-0.0708,-2.61,7.74,-0.4609,-0.2695,8.8867,-0.4609,-0.2662,28.48,0.00,0.00,1
23.691,0.9297,0.6621,0.0781,0.0792,0.4492,-0.0589,-2.62,7.71,0.1133,-0.3047,9.3086,0.1133,-0.1769,28.48,0.00,0.00,1
23.702,0.9570,0.7054,0.0859,0.0796,-0.0117,-0.0177,-2.63,7.69,0.1133,-0.3047,9.3086,0.1133,-0.1323,28.48,0.00,0.00,1
23.721,1.1797,0.8254,0.1992,0.0992,0.9063,0.1253,-2.64,7.67,-0.9961,-0.7266,7.7734,-0.9961,-0.0904,28.48,0.00,0.00,1
23.738,-0.1602,0.6293,-0.3359,0.0091,-1.5430,-0.1952,-2.65,7.65,-0.0391,-0.2695,9.9219,-0.0391,-0.2707,28.48,0.00,0.00,1
23.757,0.4687,0.5888,-0.0977,-0.0040,-0.2812,-0.1735,-2.66,7.64,-0.3437,-0.4961,9.0430,-0.3437,-0.2518,28.48,0.00,0.00,1
23.770,0.4687,0.5703,-0.0977,-0.0184,-0.2812,-0.1900,-2.68,7.61,-0.1523,-0.4609,9.0820,-0.1523,-0.2506,28.48,0.00,0.00,1
23.789,0.6836,0.5903,0.0156,-0.0276,0.0273,-0.1885,-2.69,7.58,-0.1133,-0.3828,9.3477,-0.1133,-0.2085,28.48,0.00,0.00,1
23.808,1.3242,0.6733,0.0625,-0.0075,0.8320,-0.0505,-2.70,7.57,0.5352,-0.3437,10.1484,0.5352,-0.0325,28.48,0.00,0.00,1
23.821,1.3242,0.7733,0.0625,0.0032,0.8320,0.0850,-2.71,7.56,-0.6523,-0.5742,8.4258,-0.6523,-0.0403,28.48,0.00,0.00,1
23.838,0.9258,0.6859,-0.1680,-0.0419,0.4492,-0.0425,-2.71,7.52,0.1523,-0.5742,9.7695,0.1523,-0.0709,28.48,0.00,0.00,1
23.857,0.2695,0.7014,-0.1289,-0.0745,-0.0117,0.0601,-2.73,7.50,-0.4961,-0.5352,9.3047,-0.4961,-0.1511,28.48,0.00,0.00,1
23.878,0.2695,0.5542,-0.3516,-0.1424,-0.7773,-0.1338,-2.73,7.49,-0.1523,-0.3047,9.5000,-0.1523,-0.2412,28.48,0.00,0.00,1
23.889,0.5977,0.5367,0.1094,-0.1376,0.1797,-0.1561,-2.73,7.48,-0.1523,-0.3047,9.5000,-0.1523,-0.2276,28.48,0.00,0.00,1
23.909,1.1406,0.6777,-0.1211,-0.1044,0.3711,0.0007,-2.74,7.47,-0.1914,-0.2305,9.1953,-0.1914,-0.0654,28.48,0.00,0.00,1
23.928,0.5508,0.6784,0.1836,-0.0417,-0.1250,-0.0040,-2.74,7.42,0.2695,-0.3437,10.1094,0.2695,-0.0643,28.48,0.00,0.00,1
23.940,1.0039,0.7198,0.0703,-0.0093,0.7930,0.1102,-2.74,7.40,0.0000,-0.6914,9.4258,0.0000,-0.0120,28.48,0.00,0.00,1
23.958,0.7266,0.7390,-0.2773,-0.0636,0.1016,0.1508,-2.74,7.39,-0.6914,-0.5742,8.4219,-0.6914,-0.0639,28.48,0.00,0.00,1
23.977,0.4141,0.5674,-0.0469,-0.0942,-0.0898,-0.0841,-2.73,7.38,-0.3047,-0.4609,9.2266,-0.3047,-0.1922,28.48,0.00,0.00,1
23.991,0.4141,0.5438,-0.0469,-0.0869,-0.0898,-0.0850,-2.73,7.38,-0.1914,-0.8047,9.0430,-0.1914,-0.2004,28.48,0.00,0.00,1
24.008,0.8242,0.5539,0.3008,-0.1154,0.4492,-0.0825,-2.73,7.35,0.1133,-0.1133,9.7656,0.1133,-0.1299,28.48,0.00,0.00,1
24.028,1.0391,0.6477,0.1836,-0.0068,0.8711,0.1021,-2.73,7.31,0.3437,-0.2305,10.1875,0.3437,-0.0099,28.48,0.00,0.00,1
24.042,1.0313,0.7337,-0.3516,-0.0075,0.2930,0.2260,-2.72,7.30,0.3437,-0.7656,9.6133,0.3437,0.0683,28.48,0.00,0.00,1
24.059,0.1914,0.7509,0.3008,-0.0529,-0.3555,0.1931,-2.72,7.30,-0.4961,-0.1133,8.9648,-0.4961,-0.0394,28.48,0.00,0.00,1
24.080,0.3750,0.5827,-0.1211,-0.0333,-0.3555,-0.0228,-2.72,7.28,-0.4609,-0.5742,8.8828,-0.4609,-0.1563,28.48,0.00,0.00,1
24.099,0.2109,0.4875,-0.1602,-0.0668,-0.4336,-0.1345,-2.71,7.24,0.3047,-0.1523,9.9609,0.3047,-0.1815,28.48,0.00,0.00,1
24.111,0.9609,0.5415,0.2695,-0.0215,0.6406,-0.0357,-2.72,7.22,0.3437,-0.3437,10.4141,0.3437,-0.0708,28.48,0.00,0.00,1
24.129,1.0000,0.6691,0.0781,0.0187,1.0977,0.2573,-2.72,7.21,0.2305,-0.8438,9.3828,0.2305,0.0377,28.48,0.00,0.00,1
24.148,0.1055,0.6857,0.2695,-0.0475,-0.3555,0.2176,-2.71,7.20,-0.5352,-0.1523,8.9648,-0.5352,-0.0660,28.48,0.00,0.00,1
24.161,0.1055,0.5966,0.2695,0.0012,-0.3555,0.1295,-2.71,7.18,-0.2305,-0.4961,9.0000,-0.2305,-0.1137,28.48,0.00,0.00,1
24.178,0.2891,0.5043,-0.0469,-0.0042,-0.0117,-0.0004,-2.70,7.10,-0.3437,-0.4609,9.3047,-0.3437,-0.1786,28.48,0.00,0.00,1
24.198,0.5781,0.4664,0.2617,0.0084,-0.0508,-0.0067,-2.69,6.98,-0.0391,-0.1523,9.2656,-0.0391,-0.1580,28.48,0.00,0.00,1
24.212,1.1133,0.5339,0.0703,0.0491,0.8711,0.0573,-2.69,6.93,0.4961,-0.3437,10.1914,0.4961,-0.0132,28.48,0.00,0.00,1
24.230,0.8008,0.7064,-0.1992,0.0348,0.3320,0.2916,-2.69,6.84,0.1914,-0.6133,9.6523,0.1914,0.0930,28.48,0.00,0.00,1
24.251,-0.1641,0.5904,0.1172,0.0036,-0.8633,0.1218,-2.69,6.76,-0.4219,-0.5352,8.8828,-0.4219,-0.1174,28.48,0.00,0.00,1
24.269,0.1719,0.4508,-0.1133,-0.0152,-0.4414,-0.0642,-2.68,6.69,0.0781,-0.4961,9.8477,0.0781,-0.1637,28.48,0.00,0.00,1
24.281,0.6719,0.4658,-0.0742,-0.0309,0.5156,-0.0007,-2.68,6.66,0.0391,-0.2305,9.1992,0.0391,-0.1133,28.48,0.00,0.00,1
24.299,0.6250,0.5139,0.1914,0.0156,-0.1328,0.0022,-2.68,6.57,0.5352,-0.4609,10.4141,0.5352,-0.0304,28.48,0.00,0.00,1
24.317,0.0352,0.6040,-0.1914,-0.0020,-0.4805,0.1773,-2.68,6.51,-0.5352,-0.6133,8.8477,-0.5352,-0.0745,28.48,0.00,0.00,1
24.331,0.0352,0.5166,-0.1914,-0.0311,-0.4805,0.0763,-2.68,6.49,-0.8047,-0.2305,8.3125,-0.8047,-0.1668,28.48,0.00,0.00,1
24.349,0.1797,0.3092,-0.0742,0.0016,-0.1328,-0.1947,-2.68,6.43,-0.3828,-0.4961,9.1953,-0.3828,-0.2909,28.48,0.00,0.00,1
24.369,1.1289,0.3484,-0.0391,-0.0171,0.7852,-0.1037,-2.69,6.38,0.5742,-0.4609,10.1133,0.5742,-0.1052,28.48,0.00,0.00,1
24.382,1.1289,0.4683,-0.0391,-0.0205,0.7852,0.0328,-2.68,6.35,-0.0781,-0.3437,9.1602,-0.0781,-0.0530,28.48,0.00,0.00,1
24.399,0.6250,0.5188,-0.0312,-0.0023,0.8242,0.0976,-2.68,6.30,0.0781,-0.4609,10.1484,0.0781,-0.0270,28.48,0.00,0.00,1
24.417,0.0508,0.5030,-0.0664,-0.0133,-0.7461,0.1780,-2.69,6.26,-0.4961,-0.4961,8.5820,-0.4961,-0.1243,28.48,0.00,0.00,1
24.438,-0.3437,0.2615,0.0469,-0.0064,-0.7852,-0.1457,-2.70,6.21,-0.0781,-0.5352,9.2305,-0.0781,-0.3185,28.48,0.00,0.00,1
24.451,0.4531,0.2499,-0.1055,-0.0180,-0.0977,-0.1816,-2.70,6.19,0.4219,-0.3437,10.1523,0.4219,-0.2253,28.48,0.00,0.00,1
24.469,0.9531,0.4182,0.0859,-0.0004,0.8242,0.0462,-2.71,6.17,-0.0391,-0.2695,9.1602,-0.0391,-0.0786,28.48,0.00,0.00,1
24.487,0.7930,0.4923,-0.0664,0.0319,0.9375,0.1177,-2.71,6.11,0.2695,-0.4961,10.2656,0.2695,0.0032,28.48,0.00,0.00,1
24.501,0.7930,0.5385,-0.0664,0.0168,0.9375,0.2436,-2.72,6.09,-0.3828,-0.4609,8.9219,-0.3828,-0.0081,28.48,0.00,0.00,1
24.519,-0.1367,0.4165,-0.0312,-0.0016,-0.9766,0.0543,-2.73,6.06,-0.6523,-0.4609,8.3516,-0.6523,-0.1955,28.48,0.00,0.00,1
24.538,0.0859,0.2441,0.0469,-0.0054,-0.0195,-0.2206,-2.73,6.02,-0.4219,-0.3828,9.3086,-0.4219,-0.3002,28.48,0.00,0.00,1
24.559,0.7695,0.2952,-0.0664,-0.0050,0.2109,-0.1167,-2.74,6.00,-0.0391,-0.1914,9.6133,-0.0391,-0.1703,28.48,0.00,0.00,1
24.569,0.4609,0.3434,0.2383,0.0099,0.2852,-0.0604,-2.74,5.97,-0.0391,-0.1914,9.6133,-0.0391,-0.1502,28.48,0.00,0.00,1
24.591,0.7539,0.4284,-0.0977,0.0362,0.4023,0.0754,-2.74,5.91,0.2305,-0.5352,9.8437,0.2305,-0.0279,28.48,0.00,0.00,1
24.609,0.7148,0.5121,-0.0977,-0.0018,0.5156,0.1932,-2.75,5.89,-0.6914,-0.3828,8.5781,-0.6914,-0.0284,28.48,0.00,0.00,1
24.622,-0.2070,0.4154,0.0547,0.0004,-0.7461,0.0708,-2.75,5.88,-0.2695,-0.4219,9.2266,-0.2695,-0.1414,28.48,0.00,0.00,1
24.639,0.2148,0.3322,0.0156,0.0072,-0.0977,-0.0174,-2.76,5.86,-0.4609,-0.6523,8.9219,-0.4609,-0.1930,28.48,0.00,0.00,1
24.659,0.0156,0.2548,-0.2070,-0.0397,-0.4023,-0.1076,-2.77,5.81,0.1133,-0.1914,9.5000,0.1133,-0.2231,28.48,0.00,0.00,1
24.671,0.0156,0.2181,-0.2070,-0.0654,-0.4023,-0.1529,-2.77,5.77,0.1914,-0.4219,10.1914,0.1914,-0.1652,28.48,0.00,0.00,1
24.689,0.6523,0.3016,0.0234,-0.0546,0.8633,0.0565,-2.78,5.74,0.3047,-0.7656,9.6094,0.3047,-0.0550,28.48,0.00,0.00,1
24.707,0.0391,0.3936,0.2148,-0.0827,-0.2500,0.1248,-2.79,5.73,-0.4219,-0.2305,9.0820,-0.4219,-0.0932,28.48,0.00,0.00,1
24.728,0.2617,0.3108,0.1406,-0.0042,0.0508,0.0425,-2.79,5.70,-0.1914,-0.3047,9.3867,-0.1914,-0.1354,28.48,0.00,0.00,1
24.739,-0.0508,0.2750,-0.3203,-0.0090,-0.7187,-0.0172,-2.79,5.68,-0.4961,-0.7656,8.6172,-0.4961,-0.2152,28.48,0.00,0.00,1
24.757,0.4375,0.2217,0.2930,-0.0483,0.3555,-0.1302,-2.79,5.62,0.0000,-0.1523,9.6914,0.0000,-0.1851,28.48,0.00,0.00,1
24.779,0.7422,0.3627,0.0234,0.0084,0.7773,0.1287,-2.80,5.60,0.4609,-0.7266,9.9648,0.4609,-0.0056,28.48,0.00,0.00,1
24.790,0.8906,0.4328,-0.2812,-0.0136,0.6250,0.2162,-2.80,5.59,0.4609,-0.7266,9.9648,0.4609,0.0661,28.48,0.00,0.00,1
24.809,-0.0312,0.3849,0.1016,-0.0202,-0.5234,0.1014,-2.80,5.55,-0.4609,-0.3828,9.0039,-0.4609,-0.1136,28.48,0.00,0.00,1
24.828,-0.0391,0.2651,0.0625,0.0057,-0.3320,-0.0335,-2.80,5.46,-0.5352,-0.6914,8.6562,-0.5352,-0.2180,28.48,0.00,0.00,1
24.841,-0.1133,0.1864,-0.2383,-0.0279,-0.6797,-0.1529,-2.80,5.39,0.2305,-0.1914,9.7305,0.2305,-0.2270,28.48,0.00,0.00,1
24.859,0.6523,0.2709,0.2617,0.0231,0.3945,-0.0646,-2.81,5.26,0.3828,-0.4961,10.2305,0.3828,-0.0851,28.48,0.00,0.00,1
24.879,0.7187,0.4357,-0.1211,0.0118,0.6641,0.2145,-2.81,5.15,0.3047,-0.5742,10.0039,0.3047,0.0572,28.48,0.00,0.00,1
24.892,0.7187,0.4791,-0.1211,-0.0086,0.6641,0.2836,-2.82,5.09,-0.3437,-0.3828,8.7773,-0.3437,0.0433,28.48,0.00,0.00,1
24.909,0.1016,0.3778,0.1484,0.0136,-0.0664,0.1051,-2.81,4.99,-0.3047,-0.3047,9.2656,-0.3047,-0.0800,28.48,0.00,0.00,1
24.928,-0.3203,0.2657,-0.3125,0.0149,-1.0625,-0.0232,-2.82,4.93,-0.7266,-0.7656,8.2734,-0.7266,-0.2371,28.48,0.00,0.00,1
24.951,0.5586,0.2843,0.2227,0.0378,0.5469,0.0241,-2.82,4.86,0.1914,-0.4219,9.6914,0.1914,-0.0807,28.48,0.00,0.00,1
24.960,0.5898,0.3289,0.0312,0.0509,0.3555,0.0891,-2.83,4.81,0.1914,-0.4219,9.6914,0.1914,-0.0389,28.48,0.00,0.00,1
24.979,0.8203,0.4533,-0.1602,0.0148,0.6992,0.2327,-2.83,4.75,-0.1133,-0.4961,8.8867,-0.1133,0.0622,28.48,0.00,0.00,1
24.999,0.2773,0.4372,-0.0430,-0.0089,-0.4492,0.1108,-2.83,4.69,0.0391,-0.3047,9.8828,0.0391,0.0246,28.48,0.00,0.00,1
25.011,0.4297,0.4252,0.1484,0.0130,0.5469,0.1399,-2.83,4.68,-0.9180,-0.7266,7.9297,-0.9180,-0.0488,28.48,0.00,0.00,1
25.029,-0.5273,0.2147,-0.2734,-0.0420,-1.4063,-0.1769,-2.82,4.62,-0.0391,-0.2695,9.8477,-0.0391,-0.2250,28.48,0.00,0.00,1
25.048,0.0391,0.1844,-0.0430,-0.0094,-0.1055,-0.1022,-2.83,4.54,-0.3437,-0.4961,9.2305,-0.3437,-0.2290,28.48,0.00,0.00,1
25.062,0.0391,0.1621,-0.0430,-0.0145,-0.1055,-0.1027,-2.82,4.52,0.0000,-0.5352,9.3867,0.0000,-0.2191,28.48,0.00,0.00,1
25.079,0.4141,0.2185,-0.0430,-0.0322,0.1641,-0.0503,-2.82,4.48,0.0391,-0.4961,9.5039,0.0391,-0.1358,28.48,0.00,0.00,1
25.097,0.7891,0.3040,0.1094,-0.0231,0.6992,0.0533,-2.82,4.45,0.4219,-0.3437,10.0352,0.4219,-0.0015,28.48,0.00,0.00,1
25.121,-0.0937,0.3338,-0.0430,-0.0013,-0.8320,0.0383,-2.81,4.41,0.0000,-0.4219,10.1875,0.0000,-0.0706,28.48,0.00,0.00,1
25.130,0.3672,0.3050,0.0312,-0.0018,0.8555,0.0396,-2.81,4.39,0.0000,-0.4219,10.1875,0.0000,-0.0598,28.48,0.00,0.00,1
25.151,0.3984,0.3310,-0.3125,-0.0433,-0.0273,0.1822,-2.81,4.34,-0.8047,-0.4219,8.5039,-0.8047,-0.0958,28.48,0.00,0.00,1
25.169,-0.4453,0.1634,0.0312,-0.0436,-0.8398,-0.0571,-2.80,4.30,-0.3437,-0.4961,9.0039,-0.3437,-0.2600,28.48,0.00,0.00,1
25.181,0.0078,0.0983,-0.0430,-0.0384,-0.3398,-0.1535,-2.80,4.28,0.1523,-0.5742,9.5391,0.1523,-0.2388,28.48,0.00,0.00,1
25.199,0.5039,0.1824,-0.1211,-0.0570,0.1953,-0.0879,-2.79,4.26,0.1133,-0.2305,9.6133,0.1133,-0.1310,28.48,0.00,0.00,1
25.219,0.8203,0.2945,-0.1211,-0.0266,0.6914,0.0426,-2.78,4.24,0.4609,-0.5742,10.0352,0.4609,-0.0083,28.48,0.00,0.00,1
25.232,0.8203,0.3752,-0.1211,-0.0411,0.6914,0.1422,-2.79,4.21,0.1523,-0.6523,9.8477,0.1523,0.0391,28.48,0.00,0.00,1
25.249,-0.3008,0.3729,0.1094,-0.0659,-0.9922,0.1558,-2.78,4.18,-0.6523,-0.3437,8.3516,-0.6523,-0.1004,28.48,0.00,0.00,1
25.268,-0.0781,0.1610,0.1406,-0.0036,0.0039,-0.1559,-2.77,4.14,-0.4219,-0.3047,9.3477,-0.4219,-0.2376,28.48,0.00,0.00,1
25.291,-0.2305,0.0561,-0.1680,-0.0018,-0.9531,-0.2484,-2.76,4.14,0.3828,-0.1523,10.0742,0.3828,-0.2670,28.48,0.00,0.00,1
25.300,0.7266,0.0886,0.2930,0.0095,0.7305,-0.2220,-2.75,4.12,0.3828,-0.1523,10.0742,0.3828,-0.1672,28.48,0.00,0.00,1
25.317,0.3750,0.2414,0.0234,0.0683,0.2344,0.0085,-2.75,4.09,0.0391,-0.4219,9.5781,0.0391,-0.0873,28.48,0.00,0.00,1
25.340,0.7578,0.3717,-0.0898,0.0280,0.7695,0.2039,-2.74,4.05,-0.0781,-0.3437,9.1602,-0.0781,0.0463,28.48,0.00,0.00,1
25.357,0.5195,0.3825,0.1406,0.0452,0.5000,0.1803,-2.73,4.01,0.1914,-0.3047,9.8477,0.1914,0.0635,28.48,0.00,0.00,1
25.369,0.5195,0.4035,0.1406,0.0599,0.5000,0.2294,-2.73,4.00,-0.7656,-0.5352,8.3164,-0.7656,0.0066,28.48,0.00,0.00,1
25.389,0.4062,0.2391,0.1328,0.0383,0.3477,-0.0023,-2.72,3.97,0.0781,-0.3047,9.6875,0.0781,-0.0699,28.48,0.00,0.00,1
25.402,0.3984,0.2749,0.1328,0.0592,0.3477,0.0752,-2.72,3.97,-0.3828,-0.3828,9.3477,-0.3828,-0.0740,28.48,0.00,0.00,1
25.419,-0.0547,0.2097,0.0547,0.0628,0.0039,0.0764,-2.72,3.95,-0.4609,-0.4609,8.5039,-0.4609,-0.1679,28.48,0.00,0.00,1
25.437,0.1992,0.1240,0.0547,0.0441,0.1172,-0.1111,-2.71,3.91,-0.1133,-0.3828,9.4648,-0.1133,-0.1908,28.48,0.00,0.00,1
25.453,0.1992,0.1355,0.0547,0.0457,0.1172,-0.0760,-2.71,3.89,0.4961,-0.2305,10.0352,0.4961,-0.1302,28.48,0.00,0.00,1
25.470,0.0430,0.2688,-0.0234,0.0736,-0.3398,0.0702,-2.70,3.70,-0.2695,-0.4609,9.0039,-0.2695,-0.0861,28.48,0.00,0.00,1
25.488,0.4570,0.2379,0.1328,0.0585,0.8477,0.0489,-2.71,3.58,0.1523,-0.3047,10.1875,0.1523,-0.0448,28.48,0.00,0.00,1
25.509,0.1523,0.2326,-0.2148,0.0027,-0.3398,0.0126,-2.71,3.48,-0.8828,-0.3437,8.4648,-0.8828,-0.1337,28.48,0.00,0.00,1
25.521,-0.5781,0.1618,0.0937,-0.0061,-0.8789,-0.0846,-2.71,3.44,-0.8828,-0.3437,8.4648,-0.8828,-0.2488,28.48,0.00,0.00,1
25.540,0.0273,0.0433,0.2461,0.0764,-0.1562,-0.1913,-2.70,3.33,-0.1914,-0.6523,9.0781,-0.1914,-0.2507,28.48,0.00,0.00,1
25.559,0.0977,0.0543,-0.2148,0.0225,-0.2734,-0.2073,-2.70,3.23,0.1523,-0.1133,9.6484,0.1523,-0.2064,28.48,0.00,0.00,1
25.572,0.4414,0.1167,0.3242,0.0528,0.3008,-0.1337,-2.71,3.19,0.2305,-0.4219,9.8047,0.2305,-0.1207,28.48,0.00,0.00,1
25.590,0.5195,0.2261,0.0156,0.0615,0.4570,0.0241,-2.72,3.15,0.3047,-0.6133,9.9258,0.3047,-0.0152,28.48,0.00,0.00,1
25.608,0.3281,0.3243,-0.0234,0.0038,-0.2812,0.1357,-2.72,3.11,0.0391,-0.4609,9.0820,0.0391,0.0351,28.48,0.00,0.00,1
25.629,0.2891,0.3223,0.2461,0.0176,0.4492,0.0759,-2.72,3.06,0.0000,-0.1914,9.8086,0.0000,0.0276,28.48,0.00,0.00,1
25.640,-0.7930,0.2284,-0.2891,0.0254,-1.7734,-0.0193,-2.72,3.02,-1.0742,-0.7266,7.5859,-1.0742,-0.2163,28.48,0.00,0.00,1
25.657,0.3516,0.0303,0.2852,-0.0179,0.7930,-0.3115,-2.71,2.94,0.0781,-0.1523,10.1484,0.0781,-0.2046,28.48,0.00,0.00,1
25.679,0.0039,0.0629,-0.0977,0.0007,-0.1562,-0.1450,-2.72,2.90,-0.2695,-0.4609,9.1211,-0.2695,-0.2267,28.48,0.00,0.00,1
25.691,0.0039,0.0538,-0.0234,-0.0085,-0.2344,-0.1530,-2.72,2.89,-0.2695,-0.4609,9.1211,-0.2695,-0.2333,28.48,0.00,0.00,1
25.712,0.3789,0.0944,-0.0586,-0.0190,-0.0039,-0.1453,-2.72,2.87,0.3437,-0.3437,10.1484,0.3437,-0.1186,28.48,0.00,0.00,1
25.729,0.6172,0.2278,0.0937,0.0035,0.8008,0.0729,-2.72,2.85,-0.3437,-0.4219,8.8164,-0.3437,-0.0425,28.48,0.00,0.00,1
25.742,-0.0781,0.2072,0.0156,0.0115,-0.5391,0.0282,-2.72,2.82,0.2695,-0.3047,9.9258,0.2695,-0.0601,28.48,0.00,0.00,1
25.760,0.5430,0.2637,0.1328,0.0386,0.5703,0.1128,-2.72,2.78,-0.0391,-0.7266,9.5820,-0.0391,0.0087,28.48,0.00,0.00,1
25.779,-0.2773,0.2273,-0.0234,-0.0277,-0.8086,0.0885,-2.72,2.75,-0.5352,-0.4609,8.5430,-0.5352,-0.1174,28.48,0.00,0.00,1
25.798,-0.1641,0.0932,0.0234,-0.0227,-0.0820,-0.1078,-2.72,2.71,-0.4219,-0.4219,9.2656,-0.4219,-0.2108,28.48,0.00,0.00,1
25.810,-0.0469,0.0457,-0.2461,-0.0341,-0.5781,-0.1418,-2.72,2.70,-0.3047,-0.6914,8.7773,-0.3047,-0.2316,28.48,0.00,0.00,1
25.829,0.5625,0.0629,0.2148,-0.0695,0.6484,-0.1924,-2.71,2.67,0.3047,-0.2305,10.0039,0.3047,-0.1216,28.48,0.00,0.00,1
25.851,0.6797,0.2512,0.1406,0.0161,0.9531,0.1410,-2.72,2.67,0.3437,-0.8047,9.5000,0.3437,0.0507,28.48,0.00,0.00,1
25.861,0.6016,0.3108,-0.3594,-0.0048,0.1484,0.2014,-2.71,2.65,0.3437,-0.8047,9.5000,0.3437,0.0957,28.48,0.00,0.00,1
25.881,0.0664,0.3277,0.1406,-0.0489,-0.1953,0.1305,-2.72,2.60,0.0000,-0.3437,9.5039,0.0000,0.0438,28.48,0.00,0.00,1
25.900,0.2500,0.2942,0.1016,-0.0038,0.1484,0.1142,-2.72,2.58,-0.8828,-0.7266,8.0430,-0.8828,-0.0392,28.48,0.00,0.00,1
25.912,-0.6328,0.1488,-0.2812,-0.0393,-1.3086,-0.1020,-2.72,2.57,-0.0391,-0.2305,9.7266,-0.0391,-0.1584,28.48,0.00,0.00,1
25.929,0.2109,0.1139,0.2148,0.0019,0.3789,-0.0707,-2.72,2.56,0.0000,-0.2695,9.8867,0.0000,-0.1215,28.48,0.00,0.00,1
25.949,0.0586,0.1427,-0.1680,0.0359,-0.3125,0.0583,-2.72,2.54,-0.1914,-0.6133,9.0391,-0.1914,-0.1224,28.48,0.00,0.00,1
25.969,0.1289,0.1245,0.1406,0.0028,-0.2734,-0.0438,-2.72,2.50,-0.1133,-0.3047,9.0781,-0.1133,-0.1247,28.48,0.00,0.00,1
25.980,0.1289,0.1252,0.1406,0.0240,-0.2734,-0.0790,-2.71,2.48,0.4609,-0.1523,10.3047,0.4609,-0.0770,28.48,0.00,0.00,1
25.997,-0.6406,0.1818,-0.2812,0.0610,-1.1914,0.0310,-2.71,2.46,-0.8828,-0.7266,8.1602,-0.8828,-0.1910,28.48,0.00,0.00,1
26.021,0.1289,0.0196,0.2148,0.0205,0.1484,-0.1800,-2.71,2.44,-0.3828,-0.3437,9.0430,-0.3828,-0.2302,28.48,0.00,0.00,1
26.031,-0.1406,0.0148,0.1016,0.0413,-0.3125,-0.1664,-2.71,2.43,-0.3828,-0.3437,9.0430,-0.3828,-0.2536,28.48,0.00,0.00,1
26.048,1.1523,0.0742,-0.1680,0.0368,1.1836,-0.0881,-2.71,2.41,0.9180,-0.6133,10.5312,0.9180,-0.0024,28.48,0.00,0.00,1
26.069,0.3477,0.2637,-0.0156,0.0007,0.1094,0.1077,-2.71,2.40,0.1523,-0.1523,9.7656,0.1523,0.0402,28.48,0.00,0.00,1
26.088,-0.8398,0.2053,-0.2461,0.0395,-1.4609,0.0455,-2.72,2.38,-1.0742,-0.6914,7.8906,-1.0742,-0.1930,28.48,0.00,0.00,1
26.100,-0.8398,0.0447,-0.2461,-0.0043,-1.4609,-0.1859,-2.71,2.36,-0.1523,-0.1914,9.8086,-0.1523,-0.2546,28.48,0.00,0.00,1
26.119,0.0820,-0.0021,0.2539,0.0378,0.4570,-0.1231,-2.72,2.31,-0.2305,-0.4609,8.9258,-0.2305,-0.2319,28.48,0.00,0.00,1
