t_s,roll_deg,pitch_deg,raw_ax_mps2,raw_ax_filt_mps2,raw_ay_mps2,raw_az_mps2,speed_kmh,hall_f_hz,hall_r_hz,gps_fix
0.000,-5.46,1.11,0.4609,0.4609,-0.8828,10.3477,0.04,0.00,0.00,1
0.018,-5.46,1.10,0.0781,0.3762,-1.4570,8.9219,0.04,0.00,0.00,1
0.039,-5.46,1.10,-0.7656,0.1049,-0.6133,8.9258,0.04,0.00,0.00,1
0.051,-5.45,1.09,-0.2695,0.0221,-1.1484,8.8437,0.04,0.00,0.00,1
0.068,-5.45,1.09,-0.0781,-0.0183,-1.0352,9.4648,0.04,0.00,0.00,1
0.090,-5.45,1.06,0.5742,0.1672,-1.0742,10.1484,0.04,0.00,0.00,1
0.102,-5.45,1.06,0.5742,0.2297,-1.0742,10.1484,0.04,0.00,0.00,1
0.122,-5.44,1.06,-0.9570,0.0918,-0.6133,8.4648,0.04,0.00,0.00,1
0.140,-5.44,1.04,-0.0391,-0.1322,-1.2266,9.0430,0.04,0.00,0.00,1
0.158,-5.43,1.03,-0.1523,-0.1255,-0.8828,9.5820,0.04,0.00,0.00,1
0.170,-5.43,1.01,0.4609,-0.0806,-0.6133,9.9219,0.04,0.00,0.00,1
0.189,-5.44,1.01,0.3828,0.0867,-0.9570,10.2305,0.04,0.00,0.00,1
0.209,-5.44,1.01,0.0000,0.0860,-1.1484,9.0391,0.04,0.00,0.00,1
0.221,-5.44,1.01,-0.8047,-0.0508,-0.6914,8.6953,0.04,0.00,0.00,1
0.238,-5.44,0.99,-0.0781,-0.1470,-0.8828,9.3477,0.04,0.00,0.00,1
0.262,-5.44,1.00,0.3828,-0.1646,-0.4609,9.9219,0.04,0.00,0.00,1
0.272,-5.44,1.00,0.3828,-0.0805,-0.4609,9.9219,0.04,0.00,0.00,1
0.292,-5.45,1.02,0.0781,0.0372,-0.8047,9.9609,0.04,0.00,0.00,1
0.309,-5.46,1.04,-0.3047,0.0181,-1.0742,8.3125,0.04,0.00,0.00,1
0.328,-5.46,1.03,0.0781,-0.0072,-0.7266,10.0039,0.04,0.00,0.00,1
0.340,-5.47,1.03,-0.6914,-0.0556,-1.0742,8.4648,0.04,0.00,0.00,1
0.359,-5.47,1.03,0.3047,-0.0519,-0.6133,9.8828,0.04,0.00,0.00,1
0.379,-5.47,1.04,0.3437,0.0783,-0.8047,10.4180,0.04,0.00,0.00,1
0.391,-5.48,1.04,0.4219,0.1253,-1.3398,9.5391,0.04,0.00,0.00,1
0.408,-5.49,1.05,-0.5352,0.0146,-0.7656,8.6992,0.04,0.00,0.00,1
0.431,-5.49,1.03,-0.7266,-0.1492,-1.2266,8.4219,0.04,0.00,0.00,1
0.442,-5.49,1.03,-0.7266,-0.2378,-1.2266,8.4219,0.04,0.00,0.00,1
0.459,-5.49,0.98,0.6914,-0.0626,-0.4609,10.4570,0.04,0.00,0.00,1
0.479,-5.50,0.98,0.1133,0.0972,-1.0352,9.7656,0.04,0.00,0.00,1
0.493,-5.50,0.98,-0.5742,0.0458,-0.9180,8.3164,0.04,0.00,0.00,1
0.511,-5.50,0.96,0.1523,-0.1075,-0.8438,9.8867,0.04,0.00,0.00,1
0.530,-5.50,0.95,-0.8828,-0.1166,-1.1094,8.1992,0.04,0.00,0.00,1
0.548,-5.50,0.91,0.2695,-0.1228,-0.6523,9.8867,0.04,0.00,0.00,1
0.561,-5.51,0.91,-0.1914,-0.0994,-0.8047,9.9219,0.04,0.00,0.00,1
0.578,-5.51,0.91,0.1914,-0.0460,-1.0742,9.1602,0.04,0.00,0.00,1
0.599,-5.52,0.90,0.0000,-0.0211,-0.8828,9.4219,0.04,0.00,0.00,1
0.612,-5.52,0.89,0.4609,0.0856,-0.8828,10.1484,0.04,0.00,0.00,1
0.630,-5.52,0.87,-1.0352,-0.1390,-1.1484,7.8125,0.04,0.00,0.00,1
0.650,-5.52,0.85,-0.3828,-0.0927,-1.1484,9.1172,0.04,0.00,0.00,1
0.669,-5.52,0.87,-0.2305,-0.1516,-1.0742,8.6211,0.04,0.00,0.00,1
0.682,-5.53,0.86,-0.1914,-0.1659,-0.9180,9.4609,0.04,0.00,0.00,1
0.700,-5.52,0.85,0.5352,-0.1150,-0.9570,10.0742,0.04,0.00,0.00,1
0.719,-5.51,0.82,-0.1914,-0.0542,-0.9570,9.0000,0.04,0.00,0.00,1
0.731,-5.51,0.81,0.3437,-0.0324,-0.8047,10.3828,0.04,0.00,0.00,1
0.748,-5.50,0.81,-0.4609,-0.0823,-1.3789,8.6953,0.04,0.00,0.00,1
0.769,-5.49,0.81,-0.5352,-0.2061,-0.9570,8.3125,0.04,0.00,0.00,1
0.782,-5.48,0.79,-0.2305,-0.2115,-0.9570,9.6133,0.04,0.00,0.00,1
0.799,-5.47,0.78,0.0781,-0.1486,-1.1484,9.2266,0.04,0.00,0.00,1
0.821,-5.45,0.75,0.4219,-0.0142,-0.8828,10.4961,0.04,0.00,0.00,1
0.833,-5.45,0.75,0.4219,0.0528,-0.8828,10.4961,0.04,0.00,0.00,1
0.852,-5.44,0.74,-0.7266,0.0318,-0.6523,9.0039,0.04,0.00,0.00,1
0.869,-5.42,0.73,-0.3437,-0.1526,-0.9570,9.0820,0.04,0.00,0.00,1
0.889,-5.41,0.71,-0.3828,-0.2264,-1.1875,8.7383,0.04,0.00,0.00,1
0.901,-5.39,0.70,0.3828,-0.1892,-0.5742,10.1523,0.04,0.00,0.00,1
0.919,-5.38,0.69,0.4609,0.0231,-0.8438,10.1914,0.04,0.00,0.00,1
0.939,-5.36,0.69,0.2305,0.0963,-1.0742,9.7305,0.04,0.00,0.00,1
0.952,-5.36,0.69,-0.3047,0.0347,-0.8438,8.6992,0.04,0.00,0.00,1
0.969,-5.35,0.67,0.0000,-0.0136,-0.7656,9.6875,0.04,0.00,0.00,1
0.991,-5.33,0.65,0.4609,-0.1908,-0.5742,10.1875,0.04,0.00,0.00,1
1.003,-5.33,0.64,0.4609,-0.0907,-0.5742,10.1875,0.04,0.00,0.00,1
1.021,-5.32,0.66,0.0000,-0.0644,-0.8438,9.0430,0.04,0.00,0.00,1
1.041,-5.32,0.65,0.0391,-0.0430,-0.8047,9.5781,0.04,0.00,0.00,1
1.060,-5.31,0.64,0.4609,0.0783,-0.6523,10.1094,0.04,0.00,0.00,1
1.071,-5.31,0.63,-0.6914,0.0449,-0.7266,8.3164,0.04,0.00,0.00,1
1.089,-5.32,0.62,0.0000,-0.0577,-0.4219,10.4570,0.04,0.00,0.00,1
1.108,-5.33,0.61,0.0000,-0.0380,-1.1484,8.8164,0.04,0.00,0.00,1
1.122,-5.33,0.61,-0.6133,-0.0813,-0.4961,8.6602,0.04,0.00,0.00,1
1.139,-5.34,0.60,-0.3828,-0.2116,-0.7656,9.0781,0.04,0.00,0.00,1
1.162,-5.36,0.60,0.1914,-0.0841,-0.3437,9.9258,0.04,0.00,0.00,1
1.173,-5.37,0.59,0.1914,-0.0418,-0.3437,9.9258,0.04,0.00,0.00,1
1.190,-5.40,0.57,0.4609,0.0840,-0.8438,9.8477,0.04,0.00,0.00,1
1.209,-5.42,0.57,-0.7656,-0.0161,-0.4961,8.5000,0.04,0.00,0.00,1
1.229,-5.44,0.57,-0.1133,-0.1284,-0.8828,9.3477,0.04,0.00,0.00,1
1.241,-5.47,0.56,-0.5742,-0.1620,-0.9180,8.6562,0.04,0.00,0.00,1
1.259,-5.50,0.54,0.4961,-0.1933,-0.4219,10.1875,0.04,0.00,0.00,1
1.278,-5.55,0.53,0.0781,-0.0507,-0.8047,10.0000,0.04,0.00,0.00,1
1.292,-5.57,0.54,0.1133,-0.0281,-1.0352,8.9648,0.04,0.00,0.00,1
1.309,-5.61,0.54,-0.1523,-0.0387,-0.6133,9.4219,0.04,0.00,0.00,1
1.329,-5.67,0.55,0.3828,0.0475,-0.7266,9.8867,0.04,0.00,0.00,1
1.343,-5.70,0.55,-0.6914,-0.1160,-0.9961,8.1992,0.04,0.00,0.00,1
1.360,-5.75,0.56,-0.0391,-0.1348,-0.5742,9.8437,0.04,0.00,0.00,1
1.381,-5.81,0.57,-0.4219,-0.2021,-0.8828,8.5000,0.04,0.00,0.00,1
1.400,-5.87,0.55,0.0000,-0.2307,-0.9570,9.2656,0.04,0.00,0.00,1
1.412,-5.90,0.55,0.3047,-0.1553,-0.9180,10.0703,0.04,0.00,0.00,1
1.429,-5.96,0.56,0.2695,-0.0276,-0.8047,9.4258,0.04,0.00,0.00,1
1.448,-6.02,0.57,0.3437,0.0901,-0.9180,10.0039,0.04,0.00,0.00,1
1.462,-6.06,0.58,-0.2305,0.0831,-1.3008,9.2656,0.04,0.00,0.00,1
1.480,-6.13,0.59,-0.7266,-0.1336,-0.8828,8.3945,0.04,0.00,0.00,1
1.499,-6.19,0.57,-0.0391,-0.1496,-1.1094,9.4258,0.04,0.00,0.00,1
1.513,-6.19,0.57,-0.6133,-0.2208,-1.1094,8.6992,0.04,0.00,0.00,1
1.530,-6.29,0.54,0.3437,-0.1203,-0.5742,10.0352,0.04,0.00,0.00,1
1.551,-6.36,0.56,0.2695,-0.0221,-1.2656,9.1992,0.04,0.00,0.00,1
1.570,-6.42,0.56,-0.1133,0.0300,-0.8438,9.4219,0.04,0.00,0.00,1
1.582,-6.46,0.55,0.1523,0.0195,-0.9570,9.8477,0.04,0.00,0.00,1
1.600,-6.53,0.54,-1.0352,-0.0378,-1.2266,7.8164,0.04,0.00,0.00,1
1.619,-6.60,0.52,0.0391,-0.1401,-0.7656,10.0703,0.04,0.00,0.00,1
1.632,-6.64,0.52,-0.1914,-0.1310,-1.0742,9.2305,0.04,0.00,0.00,1
1.649,-6.71,0.52,0.3047,-0.0418,-1.0742,9.8867,0.04,0.00,0.00,1
1.669,-6.79,0.51,0.1133,0.0141,-1.1484,9.4258,0.04,0.00,0.00,1
1.683,-6.83,0.51,0.3828,0.0509,-0.9961,10.3047,0.04,0.00,0.00,1
1.700,-6.91,0.51,-1.0352,-0.1688,-1.2266,7.7344,0.04,0.00,0.00,1
1.722,-7.00,0.51,-0.4961,-0.1792,-1.0742,9.1172,0.04,0.00,0.00,1
1.741,-7.08,0.52,-0.0391,-0.2325,-1.3008,8.7344,0.04,0.00,0.00,1
1.752,-7.12,0.53,-0.1133,-0.1957,-1.0742,9.6875,0.04,0.00,0.00,1
1.769,-7.21,0.51,0.6914,-0.1079,-1.1094,10.1094,0.04,0.00,0.00,1
1.790,-7.29,0.52,-0.6133,-0.1242,-1.1484,8.6172,0.04,0.00,0.00,1
1.802,-7.33,0.52,0.1523,-0.1380,-0.9180,10.1484,0.04,0.00,0.00,1
1.820,-7.42,0.54,-0.5742,-0.1138,-1.5703,8.5781,0.04,0.00,0.00,1
1.839,-7.52,0.55,-0.4609,-0.2457,-1.0352,9.0039,0.04,0.00,0.00,1
1.853,-7.56,0.54,0.1133,-0.2328,-1.4570,9.2656,0.04,0.00,0.00,1
1.870,-7.65,0.56,0.2305,-0.0889,-1.4570,9.6523,0.04,0.00,0.00,1
1.892,-7.73,0.55,0.2305,-0.0500,-1.3789,9.5781,0.04,0.00,0.00,1
1.910,-7.82,0.57,0.1133,0.0202,-1.7227,9.6484,0.04,0.00,0.00,1
1.923,-7.86,0.58,-0.5742,-0.0142,-1.1875,8.7344,0.04,0.00,0.00,1
1.939,-7.95,0.57,-0.2305,-0.1455,-1.4180,9.2266,0.04,0.00,0.00,1
1.960,-8.02,0.58,-0.4961,-0.2333,-1.6836,8.5391,0.04,0.00,0.00,1
1.972,-8.06,0.57,0.4219,-0.2180,-1.0352,10.2695,0.04,0.00,0.00,1
1.989,-8.14,0.58,0.1523,-0.0581,-1.5703,9.8047,0.04,0.00,0.00,1
2.009,-8.22,0.59,0.3047,0.0474,-1.8008,9.4219,0.04,0.00,0.00,1
2.023,-8.25,0.60,-0.0781,0.0563,-1.3398,9.4219,0.04,0.00,0.00,1
2.040,-8.32,0.59,0.3047,0.0952,-1.6836,9.9219,0.04,0.00,0.00,1
2.059,-8.37,0.57,-1.0742,-0.1506,-1.5703,7.7383,0.04,0.00,0.00,1
2.079,-8.44,0.55,-0.4609,-0.1259,-1.6484,9.0781,0.04,0.00,0.00,1
2.091,-8.48,0.56,-0.4609,-0.1774,-1.6484,9.0781,0.04,0.00,0.00,1
2.111,-8.53,0.57,-0.0391,-0.1830,-1.5703,9.6914,0.04,0.00,0.00,1
2.130,-8.59,0.57,0.5352,-0.0962,-1.7617,9.8867,0.04,0.00,0.00,1
2.142,-8.62,0.57,-0.4219,-0.0330,-1.4570,8.9258,0.04,0.00,0.00,1
2.160,-8.67,0.54,0.0781,-0.1033,-1.4570,10.1484,0.04,0.00,0.00,1
2.179,-8.72,0.54,-0.3437,-0.1348,-2.0312,8.5781,0.04,0.00,0.00,1
2.193,-8.74,0.54,-0.6133,-0.1885,-1.4922,8.7344,0.04,0.00,0.00,1
2.210,-8.77,0.54,0.0000,-0.1976,-1.6094,9.8437,0.04,0.00,0.00,1
2.228,-8.81,0.55,-0.1523,-0.1753,-1.9141,8.8828,0.04,0.00,0.00,1
2.252,-8.84,0.52,-0.1133,-0.0675,-1.6094,9.6875,0.04,0.00,0.00,1
2.261,-8.86,0.51,-0.1133,-0.0746,-1.6094,9.6875,0.04,0.00,0.00,1
2.282,-8.88,0.52,-0.3437,-0.0132,-1.5703,8.8867,0.04,0.00,0.00,1
2.301,-8.90,0.52,0.0781,-0.0732,-1.5703,9.8047,0.04,0.00,0.00,1
2.312,-8.91,0.53,-0.9570,-0.1225,-1.8398,7.7734,0.04,0.00,0.00,1
2.330,-8.94,0.52,0.4961,-0.2429,-1.1094,10.5703,0.04,0.00,0.00,1
2.349,-8.96,0.52,-0.0781,-0.1181,-1.6836,9.5000,0.04,0.00,0.00,1
2.363,-8.97,0.53,0.3437,-0.0782,-1.6094,9.7695,0.04,0.00,0.00,1
2.381,-9.00,0.54,-0.2695,-0.0701,-1.5313,9.0781,0.04,0.00,0.00,1
2.399,-9.02,0.55,0.3047,-0.0110,-1.6094,10.0039,0.04,0.00,0.00,1
2.422,-9.04,0.55,0.1914,-0.1852,-1.1875,10.3828,0.04,0.00,0.00,1
2.431,-9.05,0.55,0.1914,-0.1274,-1.1875,10.3828,0.04,0.00,0.00,1
2.452,-9.07,0.56,0.2305,-0.1404,-1.6094,9.7656,0.04,0.00,0.00,1
2.470,-9.09,0.58,-0.3047,-0.0781,-1.6094,9.2656,0.04,0.00,0.00,1
2.488,-9.10,0.58,0.4961,0.0219,-1.6094,9.9258,0.04,0.00,0.00,1
2.500,-9.11,0.59,-0.9961,-0.0246,-1.4922,7.8945,0.04,0.00,0.00,1
2.520,-9.11,0.58,0.2695,-0.1058,-1.5703,9.6094,0.04,0.00,0.00,1
2.533,-9.13,0.57,-0.5742,-0.1156,-1.6484,8.9648,0.04,0.00,0.00,1
2.550,-9.14,0.57,0.1914,-0.1844,-1.4922,9.2656,0.04,0.00,0.00,1
2.569,-9.15,0.57,-0.0781,-0.1159,-1.6836,9.2266,0.04,0.00,0.00,1
2.591,-9.16,0.57,-0.8047,-0.0904,-1.4922,8.0430,0.04,0.00,0.00,1
2.601,-9.16,0.55,-0.8047,-0.2001,-1.4922,8.0430,0.04,0.00,0.00,1
2.618,-9.17,0.53,0.1133,-0.1684,-1.6094,9.7695,0.04,0.00,0.00,1
2.640,-9.18,0.54,-0.3047,-0.2454,-1.6836,8.8867,0.04,0.00,0.00,1
2.660,-9.19,0.53,0.2695,-0.1386,-1.8398,9.6094,0.04,0.00,0.00,1
2.670,-9.19,0.52,0.3437,-0.0699,-1.6836,10.0703,0.04,0.00,0.00,1
2.690,-9.19,0.52,-0.5742,-0.0261,-1.6094,8.2773,0.04,0.00,0.00,1
2.703,-9.20,0.51,-0.0391,-0.1046,-1.6836,10.1523,0.04,0.00,0.00,1
2.720,-9.19,0.52,-0.2305,-0.1013,-1.9922,8.8125,0.04,0.00,0.00,1
2.739,-9.18,0.53,-0.4219,-0.1877,-1.8789,8.8828,0.04,0.00,0.00,1
2.754,-9.18,0.52,-0.0391,-0.1930,-1.5703,9.8867,0.04,0.00,0.00,1
2.771,-9.16,0.53,-0.3437,-0.2080,-2.0312,8.8828,0.04,0.00,0.00,1
2.788,-9.14,0.51,0.1133,-0.1453,-1.3398,9.7305,0.04,0.00,0.00,1
2.809,-9.12,0.54,0.1133,-0.0765,-2.1836,9.1172,0.04,0.00,0.00,1
2.829,-9.10,0.55,-0.4219,-0.1049,-1.7617,8.8437,0.04,0.00,0.00,1
2.842,-9.07,0.54,-0.0391,-0.1444,-1.6094,9.6523,0.04,0.00,0.00,1
2.860,-9.03,0.54,-0.8438,-0.1789,-1.9922,8.4609,0.04,0.00,0.00,1
2.873,-9.00,0.54,0.3047,-0.2342,-1.3008,10.2305,0.04,0.00,0.00,1
2.890,-8.96,0.56,0.4609,-0.0689,-1.9531,9.8086,0.04,0.00,0.00,1
2.909,-8.91,0.57,0.4961,0.1195,-1.9531,10.6523,0.04,0.00,0.00,1
2.929,-8.85,0.57,-0.5742,-0.0105,-1.7227,8.3906,0.04,0.00,0.00,1
2.941,-8.81,0.57,-0.0781,-0.0255,-1.6836,9.8828,0.04,0.00,0.00,1
2.959,-8.74,0.59,-0.9961,-0.2436,-1.9922,7.8945,0.04,0.00,0.00,1
2.981,-8.67,0.61,-0.4219,-0.0740,-1.7617,9.3437,0.04,0.00,0.00,1
2.992,-8.63,0.61,-0.4219,-0.1275,-1.7617,9.3437,0.04,0.00,0.00,1
3.011,-8.55,0.63,-0.1523,-0.0814,-1.8008,9.0000,0.04,0.00,0.00,1
3.030,-8.45,0.63,0.2305,-0.0709,-1.6836,9.9648,0.04,0.00,0.00,1
3.043,-8.40,0.63,-0.9570,-0.0992,-1.4922,7.5078,0.04,0.00,0.00,1
3.061,-8.30,0.63,0.0391,-0.2628,-1.3398,9.3047,0.04,0.00,0.00,1
3.079,-8.20,0.64,-0.3437,-0.2446,-1.4570,8.9219,0.04,0.00,0.00,1
3.094,-8.15,0.63,-0.1133,-0.2414,-1.0352,8.7383,0.04,0.00,0.00,1
3.111,-8.10,0.63,-0.1133,-0.2051,-1.5703,8.7383,0.04,0.00,0.00,1
3.129,-7.97,0.62,0.7266,0.0068,-0.9570,10.5312,0.04,0.00,0.00,1
3.152,-7.88,0.60,0.3828,-0.0481,-0.9180,9.5820,0.04,0.00,0.00,1
3.162,-7.84,0.60,0.3828,0.0181,-0.9180,9.5820,0.04,0.00,0.00,1
3.182,-7.77,0.59,0.4219,-0.0652,-1.0742,9.5820,0.04,0.00,0.00,1
3.200,-7.71,0.60,0.1133,0.0482,-0.9961,10.0039,0.04,0.00,0.00,1
3.213,-7.69,0.59,0.2695,0.0751,-0.8828,10.0039,0.04,0.00,0.00,1
3.230,-7.63,0.60,-1.0352,0.0259,-0.8047,7.8945,0.04,0.00,0.00,1
3.249,-7.61,0.58,0.1133,-0.0986,-0.8047,10.0000,0.04,0.00,0.00,1
3.269,-7.56,0.54,-0.4961,-0.1612,-1.0352,9.3477,0.04,0.00,0.00,1
3.281,-7.55,0.55,-0.4961,-0.2127,-0.8828,9.1953,0.04,0.00,0.00,1
3.299,-7.52,0.54,-0.0391,-0.2082,-1.0742,9.3437,0.04,0.00,0.00,1
3.322,-7.51,0.52,-0.0781,-0.1147,-0.5352,9.0820,0.04,0.00,0.00,1
3.332,-7.50,0.50,-0.0781,-0.1090,-0.5352,9.0820,0.04,0.00,0.00,1
3.349,-7.52,0.47,0.0000,-0.0830,-1.1094,10.1523,0.04,0.00,0.00,1
3.369,-7.51,0.47,-1.1094,-0.2729,-0.9180,8.1992,0.04,0.00,0.00,1
3.389,-7.51,0.46,-0.0391,-0.3212,-0.7266,10.1914,0.04,0.00,0.00,1
3.400,-7.51,0.46,-0.5742,-0.3207,-1.5313,8.1953,0.04,0.00,0.00,1
3.420,-7.53,0.42,0.3047,-0.2126,-1.1094,9.8047,0.04,0.00,0.00,1
3.439,-7.56,0.40,0.1133,-0.0786,-1.5703,9.7305,0.04,0.00,0.00,1
3.451,-7.56,0.40,0.9180,0.0152,-2.1055,10.0742,0.04,0.00,0.00,1
3.469,-7.57,0.42,0.0781,0.1371,-0.3437,9.5820,0.04,0.00,0.00,1
3.489,-7.60,0.44,0.4609,0.2051,-0.2695,10.4141,0.04,0.00,0.00,1
3.502,-7.61,0.43,-1.1484,-0.0944,-1.2656,7.5117,0.04,0.00,0.00,1
3.520,-7.65,0.41,0.3047,-0.0718,-1.0742,9.7656,0.04,0.00,0.00,1
3.541,-7.68,0.40,0.9180,0.0261,-1.1484,9.6523,0.04,0.00,0.00,1
3.553,-7.69,0.41,0.9180,0.1631,-1.1484,9.6523,0.04,0.00,0.00,1
3.572,-7.72,0.43,-0.2305,0.1337,-1.6094,8.6602,0.04,0.00,0.00,1
3.590,-7.75,0.42,-1.1875,-0.0461,-0.4961,7.8164,0.04,0.00,0.00,1
3.608,-7.80,0.37,0.3047,-0.1050,-1.4922,10.3867,0.04,0.00,0.00,1
3.621,-7.83,0.36,0.3047,-0.0421,-1.6094,9.3867,0.04,0.00,0.00,1
3.640,-7.87,0.36,0.3047,0.0761,-0.2695,10.5703,0.04,0.00,0.00,1
3.659,-7.92,0.37,-0.4219,-0.0198,-1.2266,8.9609,0.04,0.00,0.00,1
3.672,-7.92,0.37,0.2695,0.0246,-1.6836,9.6875,0.04,0.00,0.00,1
3.689,-7.99,0.35,-0.9570,-0.1774,-1.8008,8.1172,0.04,0.00,0.00,1
3.712,-8.03,0.33,-0.2695,-0.0691,-1.8008,9.7266,0.04,0.00,0.00,1
3.723,-8.04,0.33,-0.2695,-0.0999,-1.8008,9.7266,0.04,0.00,0.00,1
3.742,-8.07,0.34,-0.1133,-0.1062,-1.7617,9.3477,0.04,0.00,0.00,1
3.760,-8.10,0.35,0.5352,-0.0564,-1.3398,10.4141,0.04,0.00,0.00,1
3.774,-8.11,0.35,-0.5352,-0.0111,-1.3789,8.7383,0.04,0.00,0.00,1
3.791,-8.13,0.34,0.3047,-0.0925,-1.3398,10.1133,0.04,0.00,0.00,1
3.809,-8.14,0.38,0.2695,0.0351,-1.2656,9.8437,0.04,0.00,0.00,1
3.829,-8.16,0.39,-1.1484,-0.2122,-1.4570,8.2344,0.04,0.00,0.00,1
3.842,-8.17,0.38,0.4609,-0.0632,-1.2656,9.5781,0.04,0.00,0.00,1
3.859,-8.19,0.36,-1.6836,-0.3591,-1.5313,7.4297,0.04,0.00,0.00,1
3.881,-8.21,0.33,0.9570,-0.2336,-1.5313,10.1875,0.04,0.00,0.00,1
3.893,-8.21,0.33,0.9570,-0.0507,-1.5313,10.1875,0.04,0.00,0.00,1
3.913,-8.23,0.33,-2.1445,-0.2360,-1.6094,6.0195,0.04,0.00,0.00,1
3.930,-8.27,0.32,0.2695,-0.5842,-1.3789,10.0039,0.04,0.00,0.00,1
3.949,-8.29,0.33,0.8438,-0.1660,-1.8008,10.3437,0.04,0.00,0.00,1
3.961,-8.31,0.34,0.7266,-0.0203,-0.6523,11.2187,0.04,0.00,0.00,1
3.980,-8.34,0.36,-2.9102,-0.3671,-1.4922,5.7461,0.04,0.00,0.00,1
4.000,-8.39,0.34,0.6133,-0.4543,-1.3008,10.7695,0.04,0.00,0.00,1
4.012,-8.41,0.32,0.2305,-0.3209,-1.5703,10.3086,0.04,0.00,0.00,1
4.029,-8.44,0.33,0.7266,-0.0232,-1.9531,9.4258,0.04,0.00,0.00,1
4.052,-8.46,0.33,-0.9961,0.0405,-1.6094,7.5078,0.04,0.00,0.00,1
4.063,-8.47,0.36,-0.9961,-0.1187,-1.6094,7.5078,0.04,0.00,0.00,1
4.080,-8.49,0.35,1.8008,0.2515,-1.3398,11.4961,0.04,0.00,0.00,1
4.100,-8.51,0.35,-0.6523,-0.1066,-1.4922,8.7734,0.04,0.00,0.00,1
4.122,-8.51,0.36,1.4180,0.1655,-1.4180,11.3750,0.04,0.00,0.00,1
4.131,-8.52,0.34,-0.6133,0.2802,-1.4570,8.7383,0.04,0.00,0.00,1
4.150,-8.53,0.33,-0.9570,-0.0007,-1.2266,8.3516,0.04,0.00,0.00,1
4.169,-8.53,0.33,1.4922,0.2153,-1.4570,10.7695,0.04,0.00,0.00,1
4.182,-8.55,0.34,0.8047,0.3564,-1.8008,11.2578,0.04,0.00,0.00,1
4.199,-8.54,0.32,-1.9141,-0.0924,-1.3008,6.8555,0.04,0.00,0.00,1
4.219,-8.54,0.35,-0.3828,-0.2702,-1.6094,8.5781,0.04,0.00,0.00,1
4.233,-8.55,0.34,2.7969,0.4086,-1.1875,13.2148,0.04,0.00,0.00,1
4.250,-8.55,0.34,-0.2305,0.4159,-1.5703,8.1172,0.04,0.00,0.00,1
4.270,-8.56,0.30,1.5313,-0.3127,-1.3008,10.9141,0.04,0.00,0.00,1
4.291,-8.57,0.24,4.0977,0.4155,-1.8789,13.8672,0.04,0.00,0.00,1
4.302,-8.57,0.20,-0.6914,0.8473,-1.2656,7.6289,0.04,0.00,0.00,1
4.321,-8.58,0.17,-3.4492,0.1903,-0.9570,4.5586,0.04,0.00,0.00,1
4.340,-8.60,0.12,0.8828,-0.0917,-1.6094,9.7695,0.04,0.00,0.00,1
4.352,-8.61,0.11,4.2891,0.3304,-1.2266,14.9414,0.04,0.00,0.00,1
4.369,-8.63,0.07,0.1523,0.7645,-1.7227,8.1602,0.04,0.00,0.00,1
4.389,-8.67,0.05,-3.4844,-0.2140,-1.4570,2.6055,0.04,0.00,0.00,1
4.403,-8.69,0.04,1.1875,0.0962,-1.2656,8.2344,0.04,0.00,0.00,1
4.420,-8.72,-0.01,6.2422,1.5244,-2.0703,14.5586,0.04,0.00,0.00,1
4.442,-8.72,-0.10,-0.8828,1.8613,-2.9102,5.2539,0.04,0.00,0.00,1
4.454,-8.72,-0.11,-0.8828,1.4398,-2.9102,5.2539,0.04,0.00,0.00,1
4.471,-8.71,-0.16,4.7891,1.8040,-1.7227,13.4883,0.04,0.00,0.00,1
4.490,-8.70,-0.21,1.5703,2.3931,-1.3789,8.3125,0.04,0.00,0.00,1
4.509,-8.69,-0.31,1.6094,2.1212,-1.1875,8.6172,0.04,0.00,0.00,1
4.522,-8.68,-0.33,4.0625,2.2389,-1.5703,12.2617,0.04,0.00,0.00,1
4.540,-8.67,-0.38,1.9531,2.3937,-1.4570,9.5391,0.04,0.00,0.00,1
4.560,-8.66,-0.40,2.4141,2.3708,-1.6484,9.8047,0.04,0.00,0.00,1
4.573,-8.66,-0.40,1.7227,2.2712,-1.8008,9.9609,0.04,0.00,0.00,1
4.591,-8.62,-0.40,1.6484,2.0678,-1.7227,8.9609,0.04,0.00,0.00,1
4.611,-8.60,-0.40,-0.3437,1.7806,-1.0352,7.0898,0.04,0.00,0.00,1
4.624,-8.59,-0.40,-0.3437,1.4543,-1.0352,7.0898,0.04,0.00,0.11,1
4.643,-8.57,-0.35,0.4961,1.2751,-1.4180,8.7383,0.04,0.00,0.11,1
4.661,-8.55,-0.34,0.1523,1.0267,-1.5313,7.7773,0.04,0.00,0.11,1
4.680,-8.51,-0.35,2.1055,1.1609,-0.8828,11.1094,0.04,0.11,0.11,1
4.692,-8.51,-0.36,0.8438,1.2050,-1.1094,9.2266,0.04,0.11,0.11,1
4.711,-8.49,-0.42,2.6445,1.3792,-1.4180,12.0234,0.04,0.11,12.81,1
4.730,-8.47,-0.43,-0.1523,1.1190,-0.9180,7.1680,0.04,0.11,12.81,1
4.743,-8.48,-0.41,0.6914,0.9913,-1.4570,9.6523,0.04,13.07,12.81,1
4.760,-8.46,-0.34,0.9570,0.9650,-2.7187,7.9336,0.04,13.07,12.81,1
4.779,-8.42,-0.30,2.5273,1.3103,-1.6484,11.8008,0.04,13.07,13.96,1
4.794,-8.40,-0.33,2.1836,1.5035,-1.7227,9.1172,0.04,13.07,13.96,1
4.811,-8.37,-0.32,0.4961,1.3230,-0.8828,9.1211,0.04,14.47,13.96,1
4.830,-8.34,-0.27,0.4961,0.9320,-3.0273,8.3164,0.04,14.47,13.96,1
4.851,-8.27,-0.27,3.1406,1.3687,-2.1836,11.5352,0.04,14.47,15.59,1
4.862,-8.22,-0.28,1.2656,1.6108,-2.3359,7.8906,0.04,14.47,15.59,1
4.881,-8.12,-0.31,0.7266,1.4698,-1.9531,9.2695,0.04,16.82,15.59,1
4.899,-8.02,-0.28,0.0391,1.0643,-2.6055,7.9297,0.04,16.82,17.98,1
4.913,-7.95,-0.30,2.8711,1.1334,-1.4922,11.4922,0.04,16.82,17.98,1
4.931,-7.83,-0.27,1.3789,1.3955,-2.0312,8.2734,0.04,18.20,17.98,1
4.949,-7.69,-0.30,0.9570,1.2975,-0.9180,9.1602,0.04,18.20,20.11,1
4.971,-7.54,-0.32,2.4531,0.9617,-1.8008,10.9922,0.04,18.20,20.11,1
4.981,-7.46,-0.32,2.4531,1.1908,-1.8008,10.9922,0.04,20.16,21.65,1
5.001,-7.30,-0.37,-0.1523,1.2306,-1.0352,7.0117,0.04,20.16,21.65,1
5.021,-7.14,-0.44,0.3047,0.8749,-1.7617,7.2773,0.04,20.16,21.65,1
5.033,-7.06,-0.49,2.8711,0.9541,-0.6914,11.2578,0.04,21.00,23.52,1
5.051,-6.88,-0.61,1.4922,1.3874,-0.7656,9.6094,0.04,21.00,23.52,1
5.070,-6.73,-0.67,0.6133,1.2286,-0.6133,8.1953,0.04,21.00,24.53,1
5.083,-6.66,-0.68,0.8047,1.1494,-0.7266,8.6562,0.04,22.06,24.53,1
5.100,-6.51,-0.74,2.1445,1.3284,-1.0352,9.7266,0.04,22.06,24.53,1
5.120,-6.38,-0.77,0.3437,1.1613,0.3437,8.1953,0.04,22.98,25.30,1
5.143,-6.25,-0.84,3.0273,1.0973,-1.0742,12.3750,0.04,22.98,25.30,1
5.151,-6.19,-0.83,3.0273,1.3938,-1.0742,12.3750,0.04,22.98,26.33,1
5.173,-6.07,-0.86,-0.1133,1.3638,0.5352,8.5820,0.04,23.71,26.33,1
5.191,-5.96,-0.91,0.8047,1.0183,-0.2305,8.4648,0.04,23.71,26.81,1
5.203,-5.91,-0.94,3.4102,1.1795,0.3828,14.1328,0.04,24.47,26.81,1
5.220,-5.83,-0.95,0.4961,1.5790,-1.2266,8.5820,0.04,24.47,27.28,1
5.240,-5.74,-0.97,-0.1523,1.0663,-0.5352,8.0820,0.04,25.80,27.28,1
5.253,-5.69,-0.98,1.3789,1.0016,-0.9180,10.4141,0.04,25.80,28.07,1
5.271,-5.64,-1.00,3.1797,1.3852,0.3047,12.3398,0.04,25.80,28.07,1
5.289,-5.52,-0.99,-0.6133,1.0547,0.0000,7.3906,0.04,26.36,28.07,1
5.313,-5.46,-1.01,1.8008,0.9289,0.2305,10.7305,0.04,26.36,28.61,1
5.321,-5.43,-1.03,1.8008,1.0628,0.2305,10.7305,0.04,27.27,29.99,1
5.343,-5.37,-1.03,-1.7617,1.0763,0.0391,4.7500,0.04,27.27,29.99,1
5.361,-5.31,-1.11,2.1055,0.5808,0.4961,11.4141,0.04,27.95,29.16,1
5.373,-5.29,-1.12,2.5664,0.9551,0.3437,11.1914,0.04,27.95,29.16,1
5.391,-5.28,-1.11,1.8008,1.3508,-0.1523,10.4961,0.04,28.73,29.16,1
5.410,-5.27,-1.09,-1.4922,0.7755,-0.2305,6.4727,0.04,28.73,30.71,1
5.423,-5.27,-1.09,1.8398,0.6937,0.5742,10.7266,0.04,28.85,30.71,1
5.440,-5.28,-1.08,1.9531,1.0278,-0.6914,10.3047,0.04,28.85,30.71,1
5.459,-5.30,-1.09,0.4961,1.0208,-0.2305,9.4258,0.04,29.99,31.64,1
5.474,-5.31,-1.07,0.0000,0.9005,0.1914,8.0781,0.04,29.99,31.64,1
5.491,-5.34,-1.07,1.8398,1.0007,-0.5352,10.8008,0.04,30.03,31.27,1
5.509,-5.40,-1.07,1.9141,1.2551,-0.1914,11.2187,0.04,30.03,31.27,1
5.531,-5.45,-1.05,0.3047,0.9015,-1.3008,8.6602,0.04,31.06,32.70,1
5.543,-5.49,-1.02,2.4883,0.9441,0.0391,11.2227,0.04,31.06,32.70,1
5.560,-5.55,-0.98,0.8828,1.2536,-1.7227,8.7383,0.04,31.23,32.30,1
5.580,-5.62,-0.93,-0.2305,0.8808,0.3047,7.3555,0.04,31.23,33.72,1
5.593,-5.66,-0.90,1.0352,0.7361,-0.8047,9.7266,0.04,32.43,33.72,1
5.610,-5.75,-0.85,2.1445,0.9097,-0.9961,10.5352,0.04,32.47,33.94,1
5.629,-5.84,-0.82,0.5352,0.9745,-0.4609,8.2383,0.04,32.47,33.94,1
5.649,-5.92,-0.83,-0.0391,0.7228,-1.3789,7.8555,0.04,34.05,34.63,1
5.661,-5.97,-0.80,1.5313,0.9017,-0.6133,10.7969,0.04,34.05,34.63,1
5.680,-6.05,-0.79,1.4570,1.0638,-1.2656,9.4609,0.04,33.46,35.50,1
5.701,-6.15,-0.80,-0.2695,0.6396,-1.4570,7.3906,0.04,35.22,36.19,1
5.712,-6.19,-0.82,-0.2695,0.4999,-1.4570,7.3906,0.04,35.22,36.19,1
5.733,-6.29,-0.84,2.4141,1.1321,-1.6836,11.7578,0.04,35.29,36.32,1
5.751,-6.39,-0.81,-0.9180,1.2291,-0.8438,6.8203,0.04,35.29,37.85,1
5.763,-6.43,-0.79,-0.2305,0.8089,-1.0742,6.5898,0.04,36.35,37.85,1
5.781,-6.52,-0.79,2.2227,0.7104,-1.2266,11.4531,0.04,36.35,37.57,1
5.800,-6.60,-0.84,0.1133,0.7591,-1.3398,7.8906,0.04,36.46,38.79,1
5.814,-6.65,-0.86,0.9180,0.7243,-1.0352,9.7305,0.04,37.97,38.79,1
5.831,-6.74,-0.90,0.3437,0.6632,-1.1094,8.5781,0.04,37.52,39.41,1
5.850,-6.82,-0.94,2.9102,1.1406,-0.9570,12.0234,0.04,37.52,39.98,1
5.873,-6.91,-1.01,-0.3828,0.4686,-0.1133,8.1211,0.04,38.84,39.98,1
5.882,-6.95,-1.03,-0.3828,0.3379,-0.1133,8.1211,0.04,38.90,39.87,1
5.903,-7.03,-1.14,3.2578,1.0070,-0.4609,13.7500,0.04,38.90,41.20,1
5.921,-7.11,-1.16,-1.1094,1.2959,-0.8438,5.3594,0.04,39.64,41.20,1
5.933,-7.16,-1.19,0.1914,0.8677,-1.1094,8.5430,0.04,39.64,41.11,1
5.951,-7.25,-1.22,2.2617,0.8415,-1.4570,10.8008,0.04,39.75,42.25,1
5.970,-7.35,-1.29,1.9141,1.2487,-0.5742,9.7656,0.04,41.17,41.61,1
5.984,-7.39,-1.32,-0.5352,1.1550,-1.5313,7.2773,0.04,40.94,41.61,1
6.001,-7.49,-1.39,0.8828,0.8926,-0.3828,8.8477,0.04,40.94,44.24,1
6.019,-7.59,-1.47,2.6055,1.2711,-1.7617,11.0742,0.04,41.80,42.99,1
6.039,-7.68,-1.53,0.6914,1.2259,-0.8828,10.1523,0.04,41.97,44.66,1
6.052,-7.68,-1.53,-1.2656,0.8432,-1.4180,5.9805,0.04,43.35,44.66,1
6.073,-7.83,-1.63,1.9141,1.2058,-1.5313,10.2656,0.04,43.35,43.99,1
6.091,-7.92,-1.63,0.5352,1.2964,-1.6094,8.2734,0.04,42.53,45.83,1
6.109,-8.01,-1.64,-1.4180,0.6046,-0.9180,6.9727,0.04,43.85,44.72,1
6.121,-8.04,-1.66,2.6055,0.6158,-1.2656,11.5703,0.04,43.85,44.72,1
6.139,-8.12,-1.67,2.0703,1.1757,-1.5703,10.4141,0.04,43.64,46.76,1
6.154,-8.15,-1.66,0.1914,1.1628,-2.0703,9.5781,0.04,44.29,45.94,1
6.171,-8.21,-1.63,0.0781,0.8782,-1.4922,8.1562,0.04,44.14,47.07,1
6.190,-8.24,-1.61,1.7227,0.9694,-1.6836,10.1875,0.04,44.14,47.07,1
6.212,-8.28,-1.64,-0.1523,0.9752,-1.1094,7.6602,0.04,45.38,46.76,1
6.222,-8.30,-1.65,-0.1523,0.8020,-1.1094,7.6602,0.04,44.66,48.24,1
6.240,-8.34,-1.62,0.0781,0.5824,-1.9922,9.5000,0.04,46.28,47.67,1
6.261,-8.35,-1.65,0.9180,0.8374,-2.0312,9.6133,0.04,46.21,49.50,1
6.273,-8.36,-1.65,0.9180,0.8498,-2.0312,9.6133,0.04,47.07,49.01,1
6.291,-8.36,-1.66,0.9961,0.3070,-0.8828,10.3047,0.04,47.07,49.01,1
6.311,-8.35,-1.66,1.9141,0.5759,-1.8398,9.7266,0.04,47.05,50.67,1
6.330,-8.35,-1.67,-0.0391,0.5999,-0.3047,6.8516,0.04,48.67,50.40,1
6.341,-8.33,-1.71,0.4609,0.5417,-1.7227,8.6211,0.04,48.67,51.60,1
6.360,-8.30,-1.76,2.8711,1.0476,-0.9570,11.7969,0.04,48.43,51.94,1
6.383,-8.24,-1.78,-0.2695,1.2080,-1.5313,8.0391,0.04,48.67,52.75,1
6.392,-8.21,-1.80,-0.2695,0.9811,-1.5313,8.0391,0.04,48.93,52.42,1
6.409,-8.13,-1.85,0.0391,0.6947,-0.3047,7.2031,0.04,50.05,54.58,1
6.430,-8.04,-1.92,1.9531,1.3235,-1.3008,11.4141,0.04,49.18,52.87,1
6.443,-8.00,-1.92,1.9531,1.4202,-1.3008,11.4141,0.04,50.51,55.14,1
6.463,-7.90,-1.86,0.6523,1.3889,-1.5703,8.9219,0.04,50.51,55.14,1
6.481,-7.78,-1.81,1.9922,1.2872,-1.2656,11.6016,0.04,49.91,54.05,1
6.494,-7.71,-1.79,0.3047,1.3082,-0.5742,8.9648,0.04,50.85,54.66,1
6.511,-7.59,-1.74,-0.2695,0.9777,-1.0742,8.0781,0.04,50.21,55.33,1
6.530,-7.43,-1.73,1.1875,0.8749,-1.1484,9.7695,0.04,52.15,55.35,1
6.550,-7.27,-1.82,3.6406,1.5065,-0.6133,14.0547,0.04,50.90,55.74,1
6.562,-7.18,-1.86,-1.3398,0.8766,-0.3047,5.7422,0.04,52.90,56.76,1
6.579,-6.97,-1.97,0.2695,0.6041,-0.2695,9.0430,0.04,51.93,55.52,1
6.603,-6.77,-2.00,1.6484,0.9980,-0.5742,9.5820,0.04,53.61,57.70,1
6.613,-6.68,-2.02,1.6484,1.0979,-0.5742,9.5820,0.04,53.17,56.63,1
6.633,-6.47,-2.07,1.7227,0.8442,0.8438,9.3867,0.04,53.17,57.45,1
6.651,-6.27,-2.06,1.6836,1.0902,-0.2695,8.4609,0.04,55.03,58.19,1
6.664,-6.15,-2.09,2.4883,1.2859,-0.2305,10.5312,0.04,54.80,58.81,1
6.682,-5.95,-2.15,-0.0391,1.4247,0.3437,7.5469,0.04,56.08,59.00,1
6.701,-5.71,-2.25,2.0703,1.3925,-0.7656,8.6992,0.04,56.30,60.55,1
6.719,-5.48,-2.31,2.8359,1.7542,-0.0391,10.4180,0.04,57.56,60.54,1
6.732,-5.48,-2.31,0.2695,1.5261,0.8828,6.1289,0.04,57.83,62.19,1
6.749,-5.13,-2.41,3.7148,1.9322,0.7656,11.3359,0.04,58.73,61.67,1
6.772,-4.89,-2.46,1.6484,1.9539,1.1484,7.9297,0.04,58.93,63.41,1
6.783,-4.76,-2.51,1.6484,1.9070,1.1484,7.9297,0.04,59.77,63.10,1
6.800,-4.52,-2.56,3.3320,2.2063,-0.2695,11.0703,0.04,59.95,63.16,1
6.822,-4.27,-2.59,2.3359,2.2005,-0.5742,10.4141,0.04,60.36,63.49,1
6.834,-4.15,-2.62,2.7578,2.2642,0.1523,10.8398,0.04,60.38,63.16,1
6.851,-3.90,-2.61,1.7617,2.3245,1.6484,9.1992,0.04,61.33,63.16,1
6.870,-3.65,-2.58,1.5703,2.0903,-1.1094,8.9258,0.04,60.81,62.34,1
6.889,-3.41,-2.55,3.6016,2.3626,0.6914,14.0547,0.04,60.06,65.27,1
6.902,-3.29,-2.51,-1.6836,2.1301,-0.6133,6.3984,0.04,63.03,63.44,1
6.920,-3.01,-2.50,2.4141,1.7368,0.4961,11.2227,0.04,63.03,63.44,1
6.943,-2.76,-2.42,0.3437,1.4044,-0.2695,6.3203,0.04,63.46,66.49,1
6.953,-2.65,-2.38,0.3437,1.2415,-0.2695,6.3203,0.04,62.18,66.36,1
6.970,-2.39,-2.28,4.0977,1.8177,0.6523,15.2070,0.04,63.30,65.06,1
6.991,-2.12,-2.17,2.3359,0.9955,0.4219,9.2656,0.04,64.17,64.61,1
7.011,-2.00,-2.14,0.5742,1.1051,0.5352,9.4258,0.04,64.64,68.38,1
7.022,-1.75,-2.07,-1.1875,0.8826,0.1523,5.1758,0.04,64.76,67.95,1
7.040,-1.49,-2.05,1.3398,0.4977,0.9180,9.4219,0.04,65.92,68.00,1
7.060,-1.24,-1.95,0.2695,0.5479,-0.4961,11.6445,0.04,64.25,68.50,1
7.072,-1.10,-1.90,1.3398,0.5908,1.7617,6.8555,0.04,66.09,69.10,1
7.090,-0.85,-1.89,-1.4922,0.2194,0.1914,6.7461,0.04,66.09,67.20,1
7.110,-0.60,-1.92,0.6914,0.2172,0.4219,8.9648,0.04,66.99,70.68,1
7.123,-0.48,-1.96,1.0352,0.3982,0.4961,8.4219,0.04,67.58,71.34,1
7.140,-0.25,-1.95,0.1914,0.3921,0.3828,11.3789,0.04,68.17,71.91,1
7.161,-0.04,-1.99,0.4219,0.3537,0.7266,9.2695,0.04,69.58,71.68,1
7.174,0.07,-2.04,0.4219,0.3641,0.7266,9.2695,0.04,70.39,73.90,1
7.193,0.28,-2.18,3.3320,0.5928,0.9961,11.9844,0.04,70.39,73.64,1
7.211,0.47,-2.29,0.1133,1.1121,-0.9570,8.9219,0.04,71.20,74.33,1
7.230,0.64,-2.34,1.4180,1.0604,0.9570,8.3125,0.04,70.60,75.20,1
7.242,0.74,-2.38,0.5352,1.0447,0.1133,6.4375,0.04,72.70,74.17,1
7.260,0.92,-2.44,-0.4609,0.6505,0.8047,6.3984,0.04,72.21,76.59,1
7.281,1.09,-2.51,3.3711,1.1834,0.0000,11.9844,0.04,71.12,75.47,1
7.293,1.16,-2.49,0.8438,1.1082,-0.6914,10.0352,0.04,75.43,75.37,1
7.310,1.33,-2.58,1.0742,1.0842,0.8828,7.8945,0.04,72.82,77.96,1
7.333,1.48,-2.66,0.8438,1.1475,1.6836,7.9336,0.04,73.43,77.01,1
7.344,1.55,-2.75,0.8438,1.1008,1.6836,7.9336,0.04,74.35,77.54,1
7.363,1.69,-2.82,0.8047,1.4467,-1.3398,9.3828,0.04,74.04,78.93,1
7.381,1.82,-2.84,-0.8438,1.1327,0.6133,6.8555,0.04,75.10,77.24,1
7.401,1.95,-2.89,0.9570,0.8575,-1.3398,7.0469,0.04,76.66,78.88,1
7.412,2.02,-2.94,2.8711,1.0259,1.7227,11.2617,0.04,75.82,81.04,1
7.430,2.16,-3.04,0.1914,1.0619,-0.6133,9.8086,0.04,76.38,79.64,1
7.450,2.27,-3.10,1.1094,1.0182,1.0352,9.5000,0.04,77.63,79.96,1
7.463,2.32,-3.11,-0.0391,0.9403,-0.7266,8.4648,0.04,77.62,81.41,1
7.480,2.43,-3.19,0.5742,0.7983,-0.4609,7.7773,0.04,77.54,80.19,1
7.503,2.54,-3.27,2.5664,1.2479,-1.8789,12.0273,0.04,78.10,82.14,1
7.514,2.59,-3.28,2.5664,1.4504,-1.8789,12.0273,0.04,75.60,82.78,1
7.534,2.69,-3.22,1.6484,1.6095,-2.5273,9.8477,0.04,79.19,80.04,1
7.551,2.78,-3.13,1.3008,1.5927,1.4922,10.0742,0.04,76.55,81.95,1
7.570,2.89,-3.11,-1.4180,0.8915,-1.1875,7.3555,0.04,77.54,83.38,1
7.582,2.93,-3.11,-0.2695,0.6287,0.5742,8.5391,0.04,78.71,83.17,1
7.602,3.01,-3.06,-0.7266,0.2213,-0.3828,7.2734,0.04,78.94,82.12,1
7.620,3.07,-3.08,0.1523,0.0927,0.1914,9.0781,0.04,79.21,83.47,1
7.633,3.10,-3.10,-0.3828,0.0590,-0.1914,9.4258,0.04,78.78,84.61,1
7.650,3.14,-3.16,1.5313,0.3320,-0.2695,10.8398,0.04,79.90,84.43,1
7.670,3.18,-3.21,-1.0352,0.1041,0.1133,7.1680,0.04,81.48,84.10,1
7.684,3.19,-3.24,1.1094,0.3266,-0.2695,9.6875,0.04,81.09,86.59,1
7.701,3.20,-3.26,2.9883,0.9644,0.5352,12.1797,0.04,83.03,86.60,1
7.721,3.20,-3.34,1.5703,0.8316,0.9570,11.1914,0.04,80.62,85.22,1
7.741,3.18,-3.38,0.2695,0.7956,-1.3398,5.7852,0.04,81.68,87.05,1
7.752,3.17,-3.44,2.1055,0.8260,0.1914,10.7695,0.04,84.40,87.24,1
7.770,3.15,-3.50,-1.3789,0.9101,-2.4531,6.1250,0.04,81.65,89.69,1
7.791,3.11,-3.58,0.7266,0.5957,1.6836,8.7734,0.04,82.83,86.96,1
7.803,3.09,-3.61,1.1484,0.6496,-1.8789,9.5000,0.04,86.26,88.35,1
7.821,3.08,-3.78,0.4219,0.6588,-0.1914,8.0820,0.04,83.20,89.69,1
7.840,3.07,-3.98,0.3047,0.5657,0.6133,10.2695,0.04,83.54,89.77,1
7.854,3.06,-4.07,2.2617,0.9411,-2.3359,11.5352,0.04,85.47,89.32,1
7.871,3.03,-4.20,0.4219,0.9084,-0.3828,8.8164,0.04,85.51,88.94,1
7.893,3.00,-4.35,0.3437,0.5183,0.0000,8.5820,0.04,84.56,90.64,1
7.912,2.94,-4.47,2.8711,0.6710,-0.4961,12.6797,0.04,85.27,91.12,1
7.923,2.90,-4.46,0.3437,0.9557,-1.2656,8.0781,0.04,85.66,90.29,1
7.942,2.81,-4.45,1.3398,0.8618,-0.0391,9.3867,0.04,85.27,89.17,1
7.961,2.73,-4.42,2.3359,1.2452,-1.4570,12.7227,0.04,83.91,89.22,1
7.973,2.70,-4.40,0.4961,1.2656,-1.9141,9.0000,0.04,83.83,90.80,1
7.990,2.63,-4.35,-0.2695,0.8338,-1.6836,9.0000,0.04,86.42,88.79,1
8.009,2.57,-4.37,-1.4922,0.2503,-0.5352,7.8125,0.04,83.47,86.86,1
8.024,2.54,-4.35,1.9141,0.6185,-1.0352,15.2070,0.04,82.84,89.09,1
8.041,2.48,-4.31,-1.3398,0.3401,-2.2227,8.6602,0.04,84.16,88.79,1
8.063,2.42,-4.24,-1.0352,0.0804,-1.5313,8.6562,0.04,83.98,90.89,1
8.075,2.40,-4.20,-1.0352,-0.0909,-1.5313,8.6562,0.04,82.93,87.80,1
8.092,2.34,-4.12,-1.1484,-0.1722,-1.8398,8.9609,0.04,84.16,88.02,1
8.111,2.31,-4.05,-0.3828,-0.3878,-0.1133,10.0742,0.04,83.82,88.99,1
8.131,2.28,-4.00,-0.1523,-0.3351,-0.7656,10.2695,0.04,84.15,88.10,1
8.143,2.26,-3.97,-1.5703,-0.4205,-1.4570,8.4648,0.04,82.49,87.88,1
8.160,2.19,-3.89,-1.0742,-0.7027,0.3047,8.7383,0.04,82.49,88.82,1
8.180,2.13,-3.85,-0.8047,-0.7484,-1.7227,8.5391,0.04,84.14,89.52,1
8.194,2.10,-3.83,0.0391,-0.6895,0.2695,10.8008,0.04,82.83,88.81,1
8.211,2.05,-3.82,-0.2695,-0.5094,-0.5742,8.6992,0.04,84.38,86.46,1
8.233,1.99,-3.77,-1.6484,-0.2962,0.0391,5.6641,0.04,84.57,88.83,1
8.245,1.97,-3.79,-1.6484,-0.5039,0.0391,5.6641,0.04,85.63,89.73,1
8.263,1.90,-3.82,-1.3008,-0.3048,-0.2305,6.5117,0.04,85.63,88.92,1
8.281,1.84,-3.83,-0.8828,-0.5538,-0.8828,5.6328,0.04,86.90,87.82,1
8.301,1.79,-3.91,0.6133,-0.3349,-0.8438,10.5742,0.04,86.23,90.61,1
8.313,1.78,-3.95,-0.3047,-0.2627,-2.0703,7.1641,0.04,84.84,88.55,1
8.331,1.77,-4.03,2.1836,-0.0755,-0.4609,13.8281,0.04,85.72,90.16,1
8.350,1.77,-4.01,-0.4961,0.1016,-1.9531,9.1992,0.04,85.37,88.56,1
8.364,1.76,-4.00,-0.0781,0.0432,-1.4180,10.0742,0.04,84.37,87.60,1
8.381,1.78,-3.94,-0.3437,-0.0569,-1.5313,10.2695,0.04,83.62,89.45,1
8.404,1.80,-3.86,0.1523,-0.2558,-0.3828,9.9648,0.04,84.40,88.03,1
8.415,1.82,-3.82,0.1523,-0.1931,-0.3828,9.9648,0.04,84.73,89.03,1
8.432,1.86,-3.77,-3.3711,-0.8749,-0.9961,4.4453,0.04,83.52,85.97,1
8.451,1.94,-3.85,-0.1523,-0.7285,-0.8828,10.4531,0.04,83.19,89.90,1
8.471,1.97,-3.87,0.3437,-0.4889,-0.4961,10.9141,0.04,84.00,88.55,1
8.483,2.06,-3.88,-0.7266,-0.3902,-0.7656,10.4570,0.04,81.87,87.16,1
8.502,2.16,-3.87,-0.7656,-0.4887,-0.7266,10.0703,0.04,81.92,86.19,1
8.521,2.27,-3.83,-1.1094,-0.6592,-0.2305,9.7656,0.04,83.62,87.73,1
8.534,2.32,-3.82,-1.3008,-0.7437,-0.8828,7.7383,0.04,82.84,89.04,1
8.551,2.45,-3.86,-0.6133,-0.7814,0.2695,9.0430,0.04,82.86,87.87,1
8.570,2.58,-3.89,0.0391,-0.5894,0.9570,11.1484,0.04,83.93,87.70,1
8.585,2.65,-3.91,-0.9570,-0.6707,-0.1523,9.1953,0.04,83.95,88.87,1
8.602,2.76,-3.92,-0.4961,-0.6499,1.3398,9.3867,0.04,84.01,88.63,1
8.623,2.87,-3.95,-1.6094,-0.8272,0.4219,7.6992,0.04,83.06,87.28,1
8.642,2.96,-4.02,-1.1094,-1.0090,0.5742,9.0430,0.04,84.50,87.68,1
8.654,3.00,-4.06,-0.6914,-0.9978,-0.8438,8.5781,0.04,82.97,89.47,1
8.671,3.09,-4.19,-0.1914,-0.8709,1.2656,9.4648,0.04,83.65,89.29,1
8.690,3.17,-4.29,1.1094,-0.3514,0.0391,12.1406,0.04,82.55,89.29,1
8.704,3.21,-4.31,1.1484,-0.1239,-0.6914,10.3477,0.04,84.80,87.24,1
8.721,3.29,-4.35,-0.0391,0.0471,-0.1133,9.3867,0.04,82.81,89.90,1
8.740,3.40,-4.40,-0.2305,-0.0197,-1.0352,8.1992,0.04,83.41,88.25,1
8.763,3.51,-4.50,0.4609,-0.5255,-0.4961,11.0312,0.04,84.98,89.29,1
8.772,3.56,-4.52,0.4609,-0.3740,-0.4961,11.0312,0.04,84.29,88.18,1
8.793,3.66,-4.56,-0.2305,-0.5813,0.1914,10.2656,0.04,82.59,87.89,1
8.812,3.75,-4.61,0.0391,-0.4602,-0.6133,11.4141,0.04,82.89,88.87,1
8.823,3.80,-4.62,-0.1133,-0.3619,-0.1133,9.5820,0.04,82.89,86.45,1
8.842,3.91,-4.71,0.5352,-0.2395,-0.9180,11.7578,0.04,81.85,86.93,1
8.860,4.02,-4.74,-1.8789,-0.5097,-0.3437,7.3164,0.04,81.84,89.45,1
8.874,4.08,-4.78,0.4219,-0.5359,0.4219,11.0742,0.04,82.69,87.32,1
8.892,4.14,-4.79,-0.5352,-0.4113,-1.0352,9.8047,0.04,81.42,86.33,1
8.911,4.31,-4.80,0.0391,-0.3193,0.6133,10.5742,0.04,80.87,85.29,1
8.925,4.36,-4.80,-1.3008,-0.3715,0.0391,8.3906,0.04,82.16,87.05,1
8.942,4.47,-4.80,-0.5352,-0.5189,-0.4219,10.1523,0.04,82.80,86.75,1
8.964,4.57,-4.78,-0.5352,-0.5634,-1.1484,9.8828,0.04,80.47,85.76,1
8.982,4.68,-4.74,-0.2695,-0.5341,0.7266,10.9922,0.04,81.23,176.87,1
8.995,4.73,-4.74,-0.4609,-0.4909,-0.6523,9.7305,0.04,81.35,87.09,1
9.011,4.82,-4.74,0.7656,-0.3843,0.8438,11.1875,0.04,81.50,86.20,1
9.031,4.90,-4.72,-0.1133,-0.1868,0.5352,9.1211,0.04,82.65,86.46,1
9.044,4.93,-4.72,0.4961,-0.1267,-1.1875,8.8867,0.04,83.29,87.48,1
9.061,5.01,-4.73,-0.8438,-0.0573,0.7266,7.5898,0.04,81.71,88.23,1
9.080,5.11,-4.83,0.2305,-0.0877,-1.0742,9.8867,0.04,81.61,86.61,1
9.103,5.19,-4.88,-1.5313,-0.5099,-0.2305,6.5117,0.04,83.58,87.30,1
9.112,5.23,-4.95,-1.5313,-0.6667,-0.2305,6.5117,0.04,83.19,86.75,1
9.130,5.30,-5.03,0.4219,-0.4797,-0.0391,10.0000,0.04,81.45,88.53,1
9.152,5.37,-5.07,0.6523,0.0663,-0.4219,11.4570,0.04,80.63,87.37,1
9.163,5.40,-5.08,0.6523,0.1563,-0.4219,11.4570,0.04,81.73,84.78,1
9.182,5.47,-5.07,-1.0352,0.2320,-1.3398,9.3047,0.04,79.52,86.87,1
9.202,5.55,-5.01,-1.8398,-0.1918,0.1133,6.3633,0.04,80.66,86.22,1
9.214,5.58,-5.00,-1.2266,-0.5075,0.7656,6.9687,0.04,82.90,85.17,1
9.232,5.64,-4.97,-0.8047,-0.6776,0.3437,7.6250,0.04,81.45,86.05,1
9.251,5.70,-5.02,0.7266,-0.3821,0.8828,10.4531,0.04,81.02,87.76,1
9.270,5.73,-5.05,0.0391,-0.2198,1.3398,10.3047,0.04,81.45,87.73,1
9.282,5.74,-5.09,0.5352,-0.0527,0.2305,9.9609,0.04,82.66,85.29,1
9.301,5.74,-5.15,-0.3828,-0.0892,-0.1523,9.1602,0.04,82.35,87.44,1
9.322,5.73,-5.18,-0.4219,-0.0222,0.9961,7.7383,0.04,84.12,87.46,1
9.333,5.71,-5.21,-0.4219,-0.0836,0.9961,7.7383,0.04,82.42,90.88,1
9.353,5.66,-5.24,-0.4609,0.3444,1.6484,9.3828,0.04,80.81,88.22,1
9.371,5.59,-5.27,1.3398,0.2600,0.4219,12.7227,0.04,81.65,86.69,1
9.384,5.54,-5.25,-1.8008,0.2478,-1.1875,7.8125,0.04,81.65,89.23,1
9.401,5.46,-5.27,0.8828,-0.1185,-0.8047,8.2344,0.04,83.19,87.30,1
9.421,5.37,-5.28,0.5352,0.1459,-0.9180,10.6484,0.04,82.08,87.57,1
9.435,5.31,-5.28,1.0352,0.2457,-0.2305,10.8789,0.04,82.43,88.62,1
9.453,5.25,-5.25,-0.9570,0.1636,-0.3437,7.8164,0.04,81.89,87.82,1
9.470,5.06,-5.22,0.8828,0.2530,-0.0781,10.6914,0.04,81.29,88.25,1
9.492,4.94,-5.23,-0.1133,-0.2882,-0.9570,7.1680,0.04,84.29,86.41,1
9.503,4.87,-5.26,-0.1133,-0.2613,-0.9570,7.1680,0.04,83.38,89.03,1
9.524,4.73,-5.30,0.4219,-0.0591,0.6133,10.4180,0.04,80.84,89.44,1
9.541,4.56,-5.33,1.6836,0.1783,-0.1523,12.8281,0.04,82.41,88.36,1
9.554,4.46,-5.29,-0.9180,0.3033,-1.6094,7.2031,0.04,82.41,88.36,1
9.571,4.27,-5.28,0.6523,0.0826,-0.7656,8.6992,0.04,82.88,87.93,1
9.591,4.06,-5.37,1.0742,0.3702,-0.1523,10.4570,0.04,81.70,89.90,1
9.605,3.97,-5.42,1.2656,0.4936,-0.0391,11.6055,0.04,82.41,88.61,1
9.622,3.74,-5.48,0.1914,0.5191,0.3047,11.1484,0.04,80.95,86.50,1
9.641,3.47,-5.42,-0.0391,0.3564,-1.8008,8.7344,0.04,81.06,89.59,1
9.664,3.21,-5.35,0.5742,0.2396,-1.5313,8.3125,0.04,83.72,86.85,1
9.673,3.09,-5.34,0.5742,0.2910,-1.5313,8.3125,0.04,83.33,89.12,1
9.694,2.82,-5.38,2.0703,0.4993,0.0781,13.6367,0.04,81.51,87.30,1
9.712,2.54,-5.41,0.4961,0.8189,-0.9180,11.7187,0.04,81.70,86.99,1
9.730,2.21,-5.32,-0.6133,0.4633,-0.8438,7.5469,0.04,82.65,87.70,1
9.742,2.03,-5.27,-1.6094,0.2183,-1.8789,7.1641,0.04,81.51,85.11,1
9.763,1.66,-5.12,-0.9570,-0.2604,-0.8828,5.3633,0.04,82.26,86.59,1
9.775,1.49,-5.09,-0.2695,-0.3596,-0.3828,7.5898,0.04,84.30,87.02,1
9.792,1.14,-5.12,1.2266,-0.2144,-0.1523,11.3359,0.04,81.47,89.11,1
9.810,0.79,-5.13,0.4609,0.1074,-0.3828,9.0039,0.04,81.81,86.86,1
9.834,0.42,-5.12,-0.4219,-0.0455,-2.1055,7.7773,0.04,83.18,84.97,1
9.843,0.24,-5.11,-0.4219,-0.1033,-2.1055,7.7773,0.04,83.11,86.27,1
9.861,-0.13,-5.13,-1.2266,-0.3717,-1.7617,7.1289,0.04,81.65,87.12,1
9.883,-0.51,-5.14,1.3398,0.0823,-1.1484,12.7617,0.04,80.31,86.25,1
9.901,-0.87,-5.07,1.9531,0.6468,-1.3789,11.6055,0.04,81.28,85.83,1
9.914,-1.06,-4.99,-0.6523,0.7274,-1.1875,7.5117,0.04,80.44,85.26,1
9.932,-1.42,-4.92,-0.0391,0.3852,-0.8828,8.8477,0.04,80.42,85.38,1
9.950,-1.77,-4.87,-0.8047,0.0711,-1.1484,8.0430,0.04,81.83,84.41,1
9.962,-1.95,-4.86,0.9180,0.0744,-1.3398,12.4883,0.04,79.92,86.12,1
9.981,-2.33,-4.73,-1.0742,-0.0789,-1.5313,7.7344,0.04,79.85,85.47,1
10.000,-2.70,-4.60,1.0352,0.1056,-0.9180,11.5312,0.04,80.52,85.51,1
10.013,-2.89,-4.55,-2.6445,-0.5030,-0.8828,5.4414,0.04,80.61,83.48,1
10.030,-3.24,-4.53,-0.6133,-0.6608,-1.4180,9.4219,0.04,78.71,85.54,1
10.053,-3.61,-4.49,0.1914,-0.7823,-0.9180,11.2617,0.04,79.30,84.32,1
10.064,-3.80,-4.44,0.1914,-0.6328,-0.9180,11.2617,0.04,79.19,82.58,1
10.083,-4.19,-4.34,-1.3789,-0.9920,-0.8047,8.4609,0.04,77.00,83.72,1
10.102,-4.59,-4.27,-2.6445,-1.2030,-1.6836,7.3555,0.04,78.44,82.32,1
10.115,-4.78,-4.29,-1.9922,-1.4698,-0.7656,9.6484,0.04,76.94,80.47,1
10.132,-5.18,-4.28,-1.6484,-1.5905,-1.4570,10.6523,0.04,74.36,80.85,1
10.151,-5.57,-4.23,-2.9492,-1.8981,-1.4922,8.4258,0.04,74.92,80.29,1
10.171,-5.96,-4.18,-0.7656,-1.7130,-1.1094,11.4141,0.04,73.01,77.38,1
10.183,-5.96,-4.18,-2.6797,-1.8614,-1.2656,8.6992,0.04,72.32,76.55,1
10.201,-6.57,-4.04,-1.8008,-1.8990,-1.0352,9.1992,0.04,72.32,77.12,1
10.224,-6.97,-3.94,-1.2656,-1.9124,-0.9570,10.9570,0.04,70.90,75.40,1
10.234,-7.17,-3.87,-1.2656,-1.8130,-0.9570,10.9570,0.04,70.92,73.81,1
10.254,-7.58,-3.77,-2.2969,-2.1925,-1.2656,8.7344,0.04,70.53,75.42,1
10.272,-8.00,-3.68,-3.9844,-2.3571,-1.7227,6.4727,0.04,70.54,74.16,1
10.285,-8.20,-3.67,-2.2227,-2.5763,-0.9961,8.1602,0.04,71.24,75.18,1
10.302,-8.64,-3.64,-1.8789,-2.4485,-1.1875,8.4648,0.04,69.81,73.86,1
10.321,-9.06,-3.66,-0.7656,-2.0079,-1.5703,10.6875,0.04,71.02,73.30,1
10.342,-9.47,-3.62,0.9180,-1.2830,-2.0703,12.3359,0.04,69.11,75.89,1
10.353,-9.47,-3.62,-1.4180,-1.3037,-1.6094,8.1992,0.04,69.89,73.92,1
10.371,-10.07,-3.60,0.0000,-1.0289,-1.8789,10.1094,0.04,69.89,73.92,1
10.394,-10.55,-3.54,-0.5742,-1.0907,-1.4922,9.3867,0.04,69.26,74.38,1
10.404,-10.78,-3.54,-0.5742,-1.0114,-1.4922,9.3867,0.04,70.69,73.20,1
10.424,-11.22,-3.48,0.0781,-1.0360,-1.7227,9.8477,0.04,69.70,74.60,1
10.442,-11.66,-3.45,-0.4961,-0.7660,-1.9922,9.1562,0.04,70.25,74.42,1
10.455,-11.87,-3.43,0.5742,-0.6206,-2.4141,9.5820,0.04,70.47,73.70,1
10.474,-12.26,-3.40,-0.3047,-0.3521,-1.5313,9.6914,0.04,68.40,73.80,1
10.493,-12.64,-3.38,-0.3828,-0.3532,-2.6797,10.6914,0.04,69.10,72.77,1
10.511,-13.00,-3.28,-0.6914,-0.4316,-1.8008,10.4922,0.04,67.28,71.40,1
10.523,-13.18,-3.23,-0.6523,-0.4684,-2.1055,9.5039,0.04,69.11,72.91,1
10.541,-13.53,-3.14,-1.6836,-0.7593,-1.1875,7.8945,0.04,67.20,71.71,1
10.564,-13.86,-3.09,-0.7656,-0.6741,-0.2305,9.0820,0.04,67.39,72.67,1
10.574,-14.02,-3.05,-0.7656,-0.6882,-0.2305,9.0820,0.04,68.65,73.12,1
10.592,-14.35,-3.02,-1.0742,-0.7784,-2.9492,9.0391,0.04,66.61,72.05,1
10.611,-14.63,-2.91,-0.8438,-0.5408,-2.4883,9.7695,0.04,66.92,73.37,1
10.632,-14.77,-2.86,-1.1094,-0.6675,-1.2656,8.7383,0.04,66.74,70.19,1
10.643,-15.05,-2.75,-2.6445,-0.8582,0.0000,8.0117,0.04,66.76,72.08,1
10.662,-15.34,-2.66,-0.7266,-1.2114,-1.2656,6.3594,0.04,67.99,70.78,1
10.680,-15.63,-2.61,0.2305,-0.8343,-1.2266,10.6523,0.04,65.68,73.10,1
10.693,-15.75,-2.57,0.7656,-0.6279,-3.8672,11.8789,0.04,66.08,73.69,1
10.711,-15.99,-2.42,0.4219,-0.2289,-2.1836,12.8320,0.04,64.31,70.24,1
10.730,-16.22,-2.20,-2.3750,-0.6633,-0.9180,8.5391,0.04,66.19,68.20,1
10.744,-16.34,-2.11,-1.9531,-0.9488,-0.1133,7.3516,0.04,64.48,69.18,1
10.761,-16.60,-1.99,-5.0977,-1.9295,1.8398,3.5625,0.04,66.88,69.03,1
10.782,-16.89,-1.97,0.2695,-1.5246,-1.4570,8.9648,0.04,66.97,71.15,1
10.795,-17.01,-1.97,0.2695,-1.2490,-1.4570,8.9648,0.04,64.79,73.02,1
10.814,-17.23,-1.93,0.0781,-0.6146,-4.3672,11.6016,0.04,64.79,74.45,1
10.832,-17.40,-1.83,-1.3398,-0.5316,-0.8438,10.9141,0.04,64.83,72.13,1
10.851,-17.60,-1.73,-2.3750,-1.0362,3.0273,6.6680,0.04,65.90,69.64,1
10.864,-17.71,-1.71,-2.3750,-1.2419,3.0273,6.6680,0.04,64.78,70.39,1
10.882,-17.71,-1.71,0.7266,-1.0371,0.0000,9.2305,0.04,64.78,70.53,1
10.900,-18.22,-1.73,-1.6836,-1.0703,-2.3750,4.9766,0.04,65.22,72.33,1
10.914,-18.30,-1.75,0.9570,-0.6216,-6.8203,14.3594,0.04,65.10,74.45,1
10.931,-18.45,-1.67,0.8828,-0.1903,-2.5273,13.9062,0.04,62.36,72.37,1
10.953,-18.61,-1.55,-3.7148,-0.6059,2.8711,6.4023,0.04,64.31,71.32,1
10.971,-18.79,-1.45,-2.2617,-1.3713,1.8789,7.7344,0.04,63.58,71.25,1
10.985,-18.91,-1.41,0.6914,-1.3321,-1.6484,10.2305,0.04,63.58,71.25,1
11.002,-19.13,-1.37,0.1133,-0.8045,-1.0742,8.1992,0.04,65.86,70.31,1
11.021,-19.28,-1.34,0.6523,-0.3723,-5.3242,12.5234,0.04,63.09,72.82,1
11.033,-19.34,-1.28,0.8438,-0.1996,-6.5117,13.6719,0.04,62.52,73.85,1
11.051,-19.37,-1.17,-1.7227,-0.2979,-3.2930,10.9180,0.04,62.43,70.71,1
11.070,-19.46,-0.78,-2.0703,-0.7789,2.3750,7.6250,0.04,63.85,69.13,1
11.084,-19.52,-0.68,-2.7187,-1.2082,2.7969,5.3242,0.04,61.95,70.35,1
11.101,-19.66,-0.56,-2.3359,-1.6385,0.8438,7.2383,0.04,65.51,69.66,1
11.120,-19.78,-0.50,0.0000,-1.3193,-2.0312,6.9687,0.04,64.31,70.38,1
11.135,-19.78,-0.50,0.4961,-1.0405,-2.2969,10.2305,0.04,62.97,73.18,1
11.154,-19.81,-0.38,-0.0391,-0.0520,-4.0977,11.8398,0.04,61.07,71.21,1
11.172,-19.78,-0.09,-1.8398,-0.1924,1.5703,6.6289,0.04,61.47,71.91,1
11.191,-19.76,0.07,-2.4141,-0.8811,2.5664,6.0859,0.04,61.48,68.02,1
11.203,-19.79,0.15,-2.5664,-1.1288,5.5156,6.8945,0.04,61.88,70.16,1
11.222,-19.83,0.18,1.1094,-0.9719,-2.4531,12.4883,0.04,60.62,68.53,1
11.242,-19.91,0.34,-0.8047,-0.6860,-2.7578,10.6914,0.04,58.22,68.30,1
11.254,-19.91,0.41,-0.7656,-0.7011,-3.9844,12.1406,0.04,59.47,68.44,1
11.271,-19.89,0.64,-3.4844,-1.3248,-4.5586,6.5469,0.04,59.47,66.20,1
11.294,-19.88,0.80,-0.8047,-1.1141,-0.3047,10.2656,0.04,58.52,68.12,1
11.305,-19.90,0.89,-0.8047,-1.0666,-0.3047,10.2656,0.04,57.41,66.43,1
11.322,-19.93,1.00,-0.3828,-0.8990,0.3047,11.1523,0.04,57.88,66.54,1
11.341,-19.95,1.14,-2.1836,-1.3369,-0.4609,10.7969,0.04,57.88,65.89,1
11.363,-19.95,1.14,-3.4102,-1.4816,-2.3750,6.1680,0.04,56.31,65.48,1
11.373,-19.89,1.40,-0.4219,-1.6693,-1.8008,10.6914,0.04,58.20,65.48,1
11.392,-19.86,1.55,-2.1055,-1.4502,-0.8047,7.9336,0.04,56.48,66.82,1
11.410,-19.84,1.68,-0.9961,-1.4281,-3.0664,9.6094,0.04,58.28,67.91,1
11.424,-19.80,1.75,-0.6523,-1.3342,-2.0312,10.2695,0.04,57.30,66.92,1
11.441,-19.71,1.90,-1.1094,-1.2029,-1.2266,9.2266,0.04,58.42,68.03,1
11.460,-19.59,1.99,-0.3047,-0.9983,-0.8828,10.0703,0.04,57.67,67.47,1
11.475,-19.52,2.00,-2.8359,-1.4050,-0.8828,6.1641,0.04,59.23,68.10,1
11.492,-19.36,2.02,-0.8828,-1.3786,-2.7187,8.7344,0.04,58.20,69.98,1
11.513,-19.20,2.07,-0.6914,-0.6388,-3.9844,7.6953,0.04,58.81,70.24,1
11.533,-19.01,2.08,0.8828,-0.5278,-1.1484,11.7617,0.04,57.33,70.01,1
11.544,-18.91,2.11,-0.8047,-0.3506,1.4922,8.8477,0.04,58.80,69.26,1
11.561,-18.74,2.14,-0.8047,-0.4794,1.4922,8.8477,0.04,57.67,69.26,1
11.581,-18.59,2.19,0.0781,-0.1978,1.5703,9.3477,0.04,58.66,69.99,1
11.594,-18.51,2.21,0.1914,-0.1463,-1.0742,8.6953,0.04,57.75,68.03,1
11.611,-18.36,2.21,0.4219,0.0198,-0.8828,9.8437,0.04,58.43,68.96,1
11.630,-18.21,2.25,-0.4609,-0.0615,-0.1523,8.1211,0.04,57.56,68.36,1
11.645,-18.12,2.27,1.7227,0.3333,-3.4492,11.6445,0.04,58.34,67.52,1
11.662,-17.96,2.38,-0.2695,0.3661,0.8828,8.2383,0.04,57.05,67.52,1
11.684,-17.79,2.46,-1.6484,0.2578,0.2305,6.1289,0.04,58.03,66.15,1
11.702,-17.64,2.52,-0.1523,-0.1631,1.8789,8.9219,0.04,56.92,67.19,1
11.714,-17.57,2.55,-0.5352,-0.1914,-1.8789,8.0820,0.04,57.79,65.48,1
11.733,-17.43,2.54,0.4961,-0.2064,-0.2695,10.5742,0.04,56.95,66.64,1
11.750,-17.29,2.57,0.8828,0.1187,-1.8008,10.3086,0.04,57.57,65.99,1
11.764,-17.22,2.60,0.8828,0.2361,-1.8008,10.3086,0.04,55.93,66.25,1
11.782,-17.22,2.60,0.1133,0.1667,0.9961,9.8047,0.04,55.93,64.47,1
11.801,-16.98,2.75,-0.1914,0.0841,-0.4609,9.1172,0.04,55.68,64.50,1
11.815,-16.98,2.75,-0.1914,0.0418,0.8047,9.5039,0.04,56.70,64.97,1
11.832,-16.83,2.83,-0.0781,-0.0126,-0.6523,9.3867,0.04,56.04,64.28,1
11.853,-16.74,2.85,0.1133,-0.0658,-1.2656,9.4609,0.04,56.45,64.43,1
11.872,-16.64,2.89,0.3828,0.0066,-0.1914,10.3086,0.04,55.47,63.72,1
11.885,-16.61,2.92,0.0391,0.0623,-0.8828,10.1484,0.04,56.31,64.76,1
11.902,-16.53,2.99,1.8398,0.1998,-1.3398,13.4453,0.04,56.31,62.87,1
11.921,-16.46,3.10,-1.2656,0.0716,-0.1914,7.9727,0.04,55.73,64.56,1
11.934,-16.42,3.13,0.3437,-0.0050,-1.1875,11.5312,0.04,54.73,62.57,1
11.951,-16.36,3.23,-2.3750,-0.1236,-0.3047,6.7070,0.04,54.73,63.87,1
11.970,-16.29,3.26,0.2695,-0.3059,-1.4180,11.6836,0.04,56.21,62.13,1
11.985,-16.27,3.31,-0.9570,-0.3156,-0.0391,9.3047,0.04,54.85,62.77,1
12.002,-16.22,3.40,-0.6133,-0.4582,-1.7227,9.7656,0.04,55.86,64.00,1
12.021,-16.15,3.48,0.6523,-0.2221,-1.2656,11.6055,0.04,54.40,62.64,1
12.042,-16.11,3.56,-1.4570,-0.2629,-1.3398,8.8125,0.04,55.53,63.13,1
12.056,-16.09,3.59,-0.4609,-0.4475,0.9180,11.2578,0.04,54.70,62.48,1
12.072,-16.07,3.65,-0.3828,-0.4451,-1.9922,9.3437,0.04,55.65,125.25,1
12.092,-16.04,3.75,-1.4570,-0.5134,0.0391,8.2773,0.04,54.79,62.15,1
12.104,-16.03,3.80,-1.9922,-0.7011,-0.9570,7.0508,0.04,56.25,63.38,1
12.122,-16.01,3.83,-0.0781,-0.9141,-1.5313,8.6992,0.04,55.63,62.62,1
12.141,-15.97,3.82,-0.4609,-0.7139,-0.4219,9.5391,0.04,56.49,64.22,1
12.155,-15.96,3.81,0.2305,-0.6197,-2.6797,10.7266,0.04,55.54,62.94,1
12.173,-15.94,3.80,-1.9141,-0.8045,-0.1133,7.6602,0.04,56.69,63.63,1
12.190,-15.92,3.82,-0.9961,-0.9160,-1.0352,9.6914,0.04,55.47,63.82,1
12.212,-15.90,3.76,0.1914,-0.6883,-0.0781,10.6133,0.04,56.57,62.66,1
12.223,-15.90,3.75,0.1914,-0.5532,-0.0781,10.6133,0.04,55.99,64.21,1
12.243,-15.91,3.69,-2.0703,-0.9002,-1.0742,5.9414,0.04,55.99,64.21,1
12.262,-15.91,3.59,-0.2695,-1.0880,-1.9141,10.2695,0.04,56.07,63.71,1
12.274,-15.90,3.56,-0.6523,-0.9375,-1.1875,8.1953,0.04,56.07,63.71,1
12.295,-15.86,3.45,0.0000,-0.8044,-1.3008,8.9609,0.04,57.49,64.99,1
12.310,-15.78,3.34,0.9180,-0.3270,-1.7617,11.4141,0.04,56.03,63.97,1
12.325,-15.75,3.29,-1.1484,-0.3011,0.3047,7.4727,0.04,56.83,65.31,1
12.342,-15.70,3.15,0.2305,-0.2848,-1.0352,11.1875,0.04,56.30,63.42,1
12.361,-15.64,3.05,0.0391,-0.1810,-1.4922,9.3086,0.04,56.99,65.05,1
12.385,-15.60,2.96,0.0000,-0.1091,-1.6094,9.4258,0.04,55.99,63.89,1
12.393,-15.59,2.90,0.0000,-0.0924,-1.6094,9.4258,0.04,57.32,64.23,1
12.414,-15.56,2.82,-0.0391,-0.1650,-1.2656,8.8828,0.04,56.16,64.23,1
12.432,-15.53,2.68,0.3437,-0.0987,-1.6484,8.5391,0.04,57.41,64.88,1
12.444,-15.52,2.60,1.8789,0.1221,-1.6094,11.5703,0.04,56.38,64.88,1
12.462,-15.48,2.51,0.0391,0.4731,-1.9141,9.3437,0.04,56.83,65.13,1
12.482,-15.46,2.47,0.8438,0.5032,-0.1914,10.4961,0.04,56.06,64.80,1
12.495,-15.46,2.46,-0.3437,0.4605,0.0391,8.8867,0.04,56.54,63.81,1
12.512,-15.47,2.44,0.0000,0.2624,0.3828,9.6094,0.04,55.62,64.48,1
12.535,-15.49,2.43,-0.4219,0.1232,-1.2656,9.9219,0.04,55.92,63.24,1
12.554,-15.49,2.38,-0.6914,0.2355,-1.8008,9.4219,0.04,54.96,64.73,1
12.563,-15.49,2.37,-0.6914,0.0932,-1.8008,9.4219,0.04,55.74,62.56,1
12.584,-15.51,2.39,-1.9922,-0.0907,-1.0742,6.7461,0.04,55.04,63.89,1
12.603,-15.52,2.38,0.6523,-0.4184,-1.9141,12.2227,0.04,55.40,63.98,1
12.616,-15.53,2.40,-1.1875,-0.3286,-1.1094,8.5000,0.04,54.82,63.10,1
12.632,-15.52,2.37,-0.0781,-0.4835,-1.3008,10.7266,0.04,54.82,64.72,1
12.651,-15.52,2.37,-0.3047,-0.4033,-1.1094,10.4922,0.04,55.64,63.87,1
12.665,-15.52,2.34,0.1133,-0.3547,-1.8008,10.3437,0.04,54.48,65.40,1
12.682,-15.51,2.36,-1.3008,-0.5081,-1.5313,8.5430,0.04,55.52,63.21,1
12.700,-15.52,2.34,0.2305,-0.4395,-0.1133,12.2227,0.04,54.35,65.66,1
12.725,-15.53,2.36,-1.0352,-0.3903,-0.8828,9.4648,0.04,54.92,64.44,1
12.733,-15.54,2.36,-1.0352,-0.4893,-0.8828,9.4648,0.04,54.24,64.28,1
12.755,-15.56,2.38,-0.9180,-0.3304,-1.0742,8.8437,0.04,55.04,64.36,1
12.767,-15.59,2.41,-0.9180,-0.4206,-1.0742,8.8437,0.04,54.58,62.89,1
12.791,-15.63,2.45,0.6133,-0.0910,-1.2656,11.8789,0.04,55.01,65.61,1
12.803,-15.64,2.48,-1.9922,-0.1912,-2.0703,7.2383,0.04,53.82,64.49,1
12.822,-15.65,2.49,0.8047,-0.4782,-1.6484,11.6016,0.04,54.94,64.10,1
12.835,-15.66,2.52,-0.3828,-0.2893,0.0000,10.5742,0.04,54.05,63.69,1
12.852,-15.71,2.60,-1.3789,-0.3955,-0.4219,7.5078,0.04,54.05,64.40,1
12.871,-15.75,2.65,-0.7656,-0.5950,-0.3047,9.0039,0.04,55.18,63.11,1
12.891,-15.79,2.67,-0.5742,-0.6011,-1.7617,8.4609,0.04,54.27,64.42,1
12.903,-15.79,2.66,-0.0391,-0.4767,-1.5703,9.8477,0.04,55.34,63.21,1
12.922,-15.82,2.67,-0.3828,-0.4286,-1.6484,9.2266,0.04,54.41,65.16,1
12.942,-15.75,2.61,-1.6484,-0.4541,-0.6133,6.2812,0.04,55.30,64.09,1
12.954,-15.67,2.52,-1.6484,-0.6376,-0.6133,6.2812,0.04,54.58,63.60,1
12.974,-15.58,2.36,-1.5703,-0.6483,-0.4609,6.7461,0.04,55.95,63.60,1
12.992,-15.57,2.24,0.9961,-0.5846,-1.5703,9.9219,0.04,55.30,64.75,1
13.005,-15.54,2.14,0.0781,-0.3082,-1.5313,8.8828,0.04,56.02,65.82,1
13.023,-15.47,1.94,0.8438,-0.1374,-1.5703,10.4531,0.04,54.53,64.45,1
13.041,-15.43,1.82,-0.7656,-0.1591,-1.7227,8.4609,0.04,55.82,65.58,1
13.056,-15.41,1.75,-0.5352,-0.2338,-0.4961,8.7383,0.04,55.32,64.44,1
13.073,-15.42,1.61,-1.9531,-0.6504,-1.1484,7.2344,0.04,55.87,65.98,1
13.091,-15.42,1.43,-0.9180,-0.7907,-1.9141,8.8164,0.04,54.86,65.23,1
13.114,-15.42,1.23,1.1094,-0.2928,-1.8008,11.6016,0.04,55.78,65.30,1
13.124,-15.43,1.17,1.1094,-0.0774,-1.8008,11.6016,0.04,54.24,66.48,1
13.144,-15.46,1.07,-1.1875,-0.0983,-1.3008,9.6875,0.04,54.24,64.47,1
13.163,-15.50,0.99,0.6914,-0.2569,-1.4570,11.0703,0.04,55.40,66.35,1
13.175,-15.53,0.96,-1.8789,-0.2527,-0.8438,7.4727,0.04,55.03,66.35,1
13.202,-15.58,0.79,-1.8789,-0.8071,-0.8438,7.4727,0.04,55.74,65.95,1
13.211,-15.60,0.70,-3.1406,-1.3235,-0.8828,7.0469,0.04,54.39,65.91,1
13.232,-15.62,0.55,0.0000,-1.1438,-2.5273,11.2969,0.04,55.97,66.94,1
13.244,-15.63,0.44,-0.8828,-1.0860,-2.4141,9.9609,0.04,54.48,66.38,1
13.262,-15.65,0.32,-1.3008,-1.1209,-1.9141,9.5430,0.04,55.15,68.02,1
13.285,-15.68,0.25,-2.2969,-0.9661,-1.6836,6.3242,0.04,54.64,68.23,1
13.294,-15.70,0.19,-2.2969,-1.1705,-1.6836,6.3242,0.04,55.66,66.66,1
13.315,-15.74,0.05,0.1523,-0.8360,-0.9180,9.1211,0.04,54.76,69.01,1
13.333,-15.79,-0.13,0.4961,-0.5282,-1.2266,11.4922,0.04,55.78,67.53,1
13.345,-15.81,-0.19,-2.6445,-0.5528,0.1914,5.5937,0.04,55.78,68.80,1
13.363,-15.87,-0.36,1.1094,-0.8457,-2.1055,10.9961,0.04,54.94,68.32,1
13.382,-15.92,-0.51,1.8008,-0.0262,-1.3398,12.3398,0.04,55.42,67.06,1
13.401,-15.99,-0.59,0.7656,0.2629,0.1133,10.7969,0.04,56.12,69.54,1
13.413,-16.03,-0.62,-3.0664,0.0335,-3.3320,4.5547,0.04,56.12,67.86,1
13.431,-16.08,-0.81,-0.2305,-0.3957,-1.3008,10.1094,0.04,55.50,67.89,1
13.455,-16.15,-0.98,-1.1094,-0.3397,-3.3320,9.0039,0.04,55.94,67.99,1
13.464,-16.19,-1.04,-1.1094,-0.4579,-3.3320,9.0039,0.04,54.70,66.89,1
13.485,-16.27,-1.15,-1.7617,-0.3345,-0.2305,8.8164,0.04,55.63,66.89,1
13.502,-16.37,-1.23,0.3047,-0.5740,-1.6094,9.6094,0.04,54.94,66.23,1
13.521,-16.48,-1.39,-0.9570,-0.5537,0.5742,9.2695,0.04,55.97,67.91,1
13.533,-16.53,-1.48,-0.6523,-0.5912,-3.0664,8.6211,0.04,54.46,66.88,1
13.553,-16.63,-1.58,0.6133,-0.5073,-1.0742,10.0703,0.04,56.05,68.04,1
13.571,-16.72,-1.74,-0.8047,-0.4391,-1.1875,8.2344,0.04,55.36,66.47,1
13.583,-16.76,-1.83,-0.8047,-0.4953,-1.1875,8.2344,0.04,55.82,67.16,1
13.603,-16.76,-1.83,0.7656,-0.4017,-0.4609,10.9180,0.04,55.82,67.16,1
13.625,-17.01,-2.20,-1.0352,-0.5224,1.4180,6.7852,0.04,56.94,67.47,1
13.634,-17.10,-2.28,-1.0352,-0.6012,1.4180,6.7852,0.04,55.67,68.71,1
13.651,-17.25,-2.49,2.4141,0.0391,-2.7578,13.9805,0.04,56.65,67.84,1
13.672,-17.42,-2.63,-1.0352,-0.2568,-1.1875,6.7070,0.04,56.91,68.45,1
13.685,-17.52,-2.71,-1.0352,-0.3764,-1.1875,6.7070,0.04,57.87,69.63,1
13.705,-17.69,-2.87,1.2266,0.3053,-2.3359,9.8828,0.04,58.23,69.63,1
13.723,-17.88,-3.05,0.0781,0.4747,-3.8672,8.3125,0.04,59.28,71.07,1
13.742,-18.03,-3.22,2.7187,0.9239,-3.6406,13.1406,0.04,59.05,70.70,1
13.753,-18.08,-3.30,2.1445,1.1537,-4.0625,11.6836,0.04,61.27,71.90,1
13.775,-18.16,-3.41,1.3789,1.3220,-2.1445,9.8828,0.04,60.59,75.00,1
13.791,-18.21,-3.59,1.1875,1.2958,-3.4102,11.1133,0.04,62.47,73.86,1
13.804,-18.23,-3.65,2.6055,1.5856,-5.2852,11.8750,0.04,61.97,75.94,1
13.821,-18.21,-3.79,0.2695,1.3579,-1.9922,10.0352,0.04,63.71,75.58,1
13.843,-18.15,-3.95,0.1133,1.2139,-2.1836,9.1562,0.04,62.81,76.08,1
13.855,-18.11,-3.99,0.1133,1.0448,-2.1836,9.1562,0.04,64.77,79.37,1
13.874,-18.03,-4.10,2.3359,1.1548,-3.6406,10.8789,0.04,64.27,77.36,1
13.893,-17.88,-4.30,2.3359,1.4898,-2.2969,9.4609,0.04,65.77,79.09,1
13.911,-17.69,-4.51,3.4102,2.0160,-2.1055,10.1133,0.04,67.03,80.10,1
13.923,-17.59,-4.63,3.1406,2.2086,-1.8008,9.2266,0.04,66.46,80.89,1
13.941,-17.38,-4.87,3.0273,2.5013,0.6133,9.4258,0.04,66.87,80.04,1
13.962,-17.18,-5.08,1.8789,2.3963,-3.2187,7.6602,0.04,67.34,79.79,1
13.974,-17.18,-5.08,0.7656,2.1458,0.0781,6.3242,0.04,67.85,80.06,1
13.991,-16.85,-5.34,1.4180,1.8197,0.6914,8.4258,0.04,66.39,79.77,1
14.013,-16.64,-5.45,4.8281,2.0176,2.2227,14.2930,0.04,67.10,78.77,1
14.025,-16.55,-5.47,4.8281,2.4493,2.2227,14.2930,0.04,67.14,79.07,1
14.045,-16.38,-5.48,2.1445,2.8110,1.0742,9.9219,0.04,67.14,77.56,1
14.062,-16.26,-5.53,1.2266,2.5485,-0.9570,7.8906,0.04,67.07,77.64,1
14.076,-16.19,-5.59,-0.9570,2.0813,1.6836,6.1641,0.04,65.56,77.07,1
14.093,-16.06,-5.71,0.9180,1.3696,-0.0391,9.2656,0.04,67.24,77.77,1
14.112,-16.01,-5.75,-0.0781,1.0885,0.3047,8.1172,0.04,65.34,77.51,1
14.131,-15.87,-5.77,3.6406,1.5806,0.5742,12.5664,0.04,67.75,76.27,1
14.144,-15.82,-5.73,3.6406,1.8971,0.5742,12.5664,0.04,67.83,75.49,1
14.162,-15.73,-5.71,3.2578,2.2448,0.4609,12.4844,0.04,67.83,75.49,1
14.185,-15.62,-5.74,-0.4219,1.6555,0.8828,8.6992,0.04,69.08,74.78,1
14.195,-15.57,-5.77,-0.4219,1.3364,0.8828,8.6992,0.04,68.81,77.03,1
14.212,-15.44,-5.90,-0.2305,0.8801,-1.3789,9.4609,0.04,68.87,77.85,1
14.232,-15.27,-5.99,3.4102,1.0924,-0.1523,13.7891,0.04,69.30,76.97,1
14.252,-15.18,-6.00,1.9141,1.5199,-1.3398,10.0703,0.04,70.30,77.51,1
14.263,-14.99,-6.00,3.4492,1.7033,-0.5352,13.1016,0.04,70.30,79.66,1
14.283,-14.80,-6.00,1.3008,2.0266,-1.0352,8.8164,0.04,71.11,78.82,1
14.301,-14.60,-6.03,-0.0781,1.4740,-0.7266,7.2070,0.04,73.15,78.95,1
14.314,-14.48,-6.13,1.9922,1.4012,0.5742,11.1484,0.04,73.30,81.38,1
14.331,-14.27,-6.20,-1.2266,0.8903,-0.9961,6.0469,0.04,73.30,79.08,1
14.351,-14.04,-6.37,2.9102,1.2055,-0.1133,9.6133,0.04,74.74,80.01,1
14.365,-13.92,-6.49,3.0664,1.6173,2.4141,11.5703,0.04,73.75,82.80,1
14.382,-13.75,-6.64,2.0312,1.7992,-0.9180,7.8516,0.04,75.10,82.37,1
14.403,-13.60,-6.77,3.2578,2.2749,-0.3047,9.2656,0.04,76.66,81.81,1
14.422,-13.44,-6.88,2.0312,2.4555,0.6133,11.5703,0.04,74.53,83.02,1
14.435,-13.38,-6.91,4.2148,2.5363,2.3750,9.6914,0.04,78.36,81.00,1
14.452,-13.29,-6.96,1.9531,2.8314,1.1094,9.3867,0.04,77.86,82.86,1
14.471,-13.24,-7.03,2.4141,2.6340,0.0781,9.6133,0.04,76.57,82.37,1
14.484,-13.23,-7.02,4.4453,2.7627,0.2695,12.1406,0.04,79.38,82.86,1
14.502,-13.20,-7.09,3.4102,3.1073,0.3437,10.0000,0.04,78.05,83.16,1
14.522,-13.18,-7.08,1.8398,2.8456,-0.4219,8.2344,0.04,80.20,81.54,1
14.535,-13.18,-7.08,4.0234,3.1063,0.8438,10.2656,0.04,80.15,83.96,1
14.552,-13.20,-7.17,2.5664,3.0439,0.1133,8.5820,0.04,80.15,85.16,1
14.574,-13.22,-7.20,6.0156,3.0474,-0.4609,13.2109,0.04,82.36,83.83,1
14.586,-13.24,-7.22,6.0156,3.5033,-0.4609,13.2109,0.04,82.62,87.47,1
14.606,-13.27,-7.14,4.3281,3.6004,-1.7227,10.4922,0.04,83.61,89.51,1
14.622,-13.28,-7.07,2.4531,3.6568,-1.4180,9.6523,0.04,85.27,87.02,1
14.642,-13.31,-7.10,2.7578,3.3139,0.0781,8.5000,0.04,86.13,89.33,1
14.654,-13.33,-7.17,0.6133,3.0569,-1.8398,5.5586,0.04,86.96,90.81,1
14.671,-13.33,-7.32,1.3008,2.3760,-2.7187,7.0898,0.04,91.59,91.89,1
14.691,-13.34,-7.45,1.8398,2.1904,0.1133,8.3125,0.04,92.52,95.00,1
14.705,-13.34,-7.47,5.8984,2.4612,-2.4883,10.8750,0.04,89.18,95.95,1
14.722,-13.34,-7.41,5.6680,3.5820,-0.4961,15.8984,0.04,91.05,95.37,1
14.745,-13.35,-7.39,-2.7578,3.3622,1.6484,3.7500,0.04,92.96,95.15,1
14.756,-13.35,-7.47,-2.7578,2.4222,1.6484,3.7500,0.04,93.46,96.61,1
14.775,-13.33,-7.59,3.0664,2.0972,0.3047,14.4375,0.04,93.29,99.34,1
14.793,-13.34,-7.53,6.9336,2.6815,-3.3711,12.0273,0.04,95.69,99.51,1
14.808,-13.35,-7.47,0.4219,3.1016,0.7656,7.3164,0.04,98.06,102.18,1
14.824,-13.35,-7.63,-2.4531,2.1116,-1.7617,0.2305,0.04,96.82,100.27,1
14.843,-13.33,-7.89,-2.4531,0.8170,-1.7617,0.2305,0.04,101.10,101.36,1
14.862,-13.32,-7.85,7.5469,1.9153,0.2305,14.0937,0.04,101.40,103.97,1
14.875,-13.33,-7.78,7.8164,2.8019,-0.1523,14.5977,0.04,100.35,105.01,1
14.892,-13.29,-7.89,3.9062,3.6460,-0.8438,9.7305,0.04,99.33,106.04,1
14.915,-13.26,-8.10,-0.2695,2.6753,1.0742,7.2773,0.04,99.70,106.88,1
14.933,-13.26,-8.21,3.9844,2.1805,-2.2227,8.0078,0.04,101.27,107.97,1
14.943,-13.26,-8.16,3.9844,2.4575,-2.2227,8.0078,0.04,103.51,106.33,1
14.963,-13.27,-8.14,5.4414,2.6095,-0.5742,11.6016,0.04,105.98,107.05,1
14.983,-13.28,-8.16,4.9023,3.3298,-0.3047,12.7891,0.04,106.77,109.28,1
14.994,-13.29,-8.12,4.4062,3.6382,-0.8438,11.8359,0.04,106.26,112.65,1
15.012,-13.33,-8.01,3.6406,3.7947,-0.1914,11.2227,0.04,107.27,111.01,1
15.031,-13.35,-7.97,0.9961,3.1569,-0.4961,5.0195,0.04,110.18,110.96,1
15.045,-13.35,-8.02,2.7187,2.9628,-0.5352,11.0703,0.04,113.46,113.70,1
15.063,-13.40,-8.02,4.3281,3.2358,-1.6484,8.6172,0.04,110.07,115.07,1
15.082,-13.43,-8.06,1.6484,2.9525,1.2266,9.4609,0.04,110.94,116.06,1
15.096,-13.45,-8.06,4.5195,3.2993,-2.4141,9.8086,0.04,112.61,116.55,1
15.113,-13.51,-8.05,2.5664,3.2131,-0.5742,12.2227,0.04,113.83,116.24,1
15.135,-13.57,-8.12,3.1406,2.9322,0.6914,9.6133,0.04,115.00,119.45,1
15.153,-13.65,-8.11,2.3359,2.9269,-0.0781,6.8945,0.04,118.32,119.72,1
15.165,-13.69,-8.11,3.2187,2.8668,-1.0352,6.8516,0.04,118.71,120.08,1
15.183,-13.81,-8.08,2.9492,2.9450,0.1133,9.2305,0.04,117.94,122.19,1
15.202,-13.92,-8.03,2.5664,2.8617,-1.4922,8.6992,0.04,121.54,122.20,1
15.215,-14.00,-8.01,3.2930,2.8745,-0.5352,8.1172,0.04,122.37,128.04,1
15.232,-14.13,-7.82,1.5703,2.6359,-0.0781,8.3516,0.04,123.79,126.01,1
15.251,-14.28,-7.65,2.4883,2.5369,-1.5703,7.8945,0.04,124.12,126.04,1
15.273,-14.43,-7.48,4.8633,2.5766,-1.7227,9.7656,0.04,125.77,128.50,1
15.283,-14.50,-7.46,4.8633,2.9279,-1.7227,9.7656,0.04,122.85,127.88,1
15.313,-14.56,-7.41,0.8047,2.9348,-3.8320,7.9727,0.04,120.92,130.19,1
15.323,-14.84,-7.05,-2.2617,2.3623,0.7266,5.0195,0.04,125.64,124.60,1
15.335,-14.92,-6.90,-0.6133,1.4708,-0.7266,4.8281,0.04,125.71,125.30,1
15.353,-15.09,-6.70,1.8008,1.0729,-1.1875,12.7227,0.04,123.95,128.06,1
15.371,-15.27,-6.61,0.6133,1.0582,-2.6055,8.9648,0.04,126.76,126.15,1
15.385,-15.37,-6.55,0.6133,0.9899,-2.6055,8.9648,0.04,126.66,133.76,1
15.403,-15.37,-6.55,-2.9102,0.1575,-0.8047,0.3828,0.04,126.66,133.76,1
15.422,-15.78,-6.35,0.8828,0.1269,-3.4492,8.6602,0.04,130.62,133.39,1
15.436,-15.86,-6.40,4.9023,0.5646,1.5313,14.9375,0.04,135.98,137.59,1
15.454,-16.06,-6.61,3.6758,1.7720,0.5352,8.8867,0.04,132.26,138.43,1
15.471,-16.21,-6.89,4.0234,2.3888,-1.3789,6.8203,0.04,133.96,141.06,1
15.493,-16.40,-7.10,1.1094,2.0627,0.2695,6.5078,0.04,140.90,139.72,1
15.506,-16.45,-7.24,1.2266,1.8611,-4.0977,8.1992,0.04,138.33,144.18,1
15.522,-16.53,-7.57,4.8633,1.9721,-4.5195,9.5430,0.04,143.31,147.62,1
15.542,-16.56,-7.73,1.4570,2.2689,-0.8828,9.5430,0.04,142.05,149.32,1
15.555,-16.63,-8.15,7.1250,2.5976,-4.6719,11.5312,0.04,143.35,150.29,1
15.573,-16.66,-8.34,6.3203,3.8172,-1.8789,18.2383,0.04,142.29,149.12,1
15.592,-16.63,-8.45,5.6680,4.3827,-1.3789,9.5820,0.04,144.65,152.63,1
15.606,-16.62,-8.42,0.6914,4.1820,1.3789,9.0781,0.04,147.28,147.91,1
15.623,-16.54,-8.62,8.3516,4.6873,-2.4883,11.7969,0.04,148.32,155.62,1
15.641,-16.47,-8.75,4.9023,4.9632,0.2695,13.8711,0.04,148.54,155.69,1
15.663,-16.37,-8.79,3.2930,3.5142,-0.4219,9.0430,0.04,147.41,152.25,1
15.681,-16.25,-8.94,7.0859,4.2782,-1.1875,18.5781,0.04,145.79,157.08,1
15.692,-16.19,-8.94,2.6055,4.3510,-2.6055,11.9141,0.04,147.84,156.52,1
15.713,-16.12,-8.95,0.1914,3.4852,1.8398,8.1562,0.04,153.33,155.47,1
15.725,-15.94,-9.00,3.2187,2.9984,-0.4609,10.4961,0.04,152.88,157.46,1
15.744,-15.77,-8.99,4.5586,3.1681,0.3828,13.8711,0.04,152.79,155.62,1
15.762,-15.56,-9.01,3.0273,3.3033,1.2656,9.8867,0.04,156.23,160.54,1
15.776,-15.49,-8.96,1.6836,3.1534,-1.7227,5.4805,0.04,155.62,161.45,1
15.793,-15.31,-8.93,5.7461,3.5514,1.5313,12.1055,0.04,152.11,162.21,1
15.811,-15.11,-8.83,4.2148,3.8349,-1.1484,11.8750,0.04,151.31,160.49,1
15.827,-15.01,-8.70,0.6523,3.1306,-3.4492,8.1602,0.04,150.33,154.15,1
15.844,-14.76,-8.49,-0.1133,2.2583,0.0781,7.8906,0.04,151.06,155.18,1
15.864,-14.51,-8.26,0.2305,1.4365,-0.6133,9.8086,0.04,148.54,155.64,1
15.883,-14.25,-7.97,-2.6797,0.8617,-2.3359,5.6641,0.04,149.12,151.31,1
15.895,-14.10,-7.87,-1.4922,0.1729,-2.4141,11.1914,0.04,143.66,153.02,1
15.912,-13.81,-7.65,-2.6055,-0.3884,-0.4961,12.2187,0.04,148.54,149.16,1
15.931,-13.48,-7.35,-2.1055,-1.0336,1.0742,10.8789,0.04,142.80,152.70,1
15.946,-13.34,-7.19,-7.6992,-1.6457,2.2617,-0.9180,0.04,146.76,154.54,1
15.963,-13.01,-7.16,-4.2891,-2.9548,-2.7578,5.5977,0.04,145.71,155.45,1
15.982,-12.69,-7.23,-3.3711,-3.1300,0.2305,6.9727,0.04,146.22,157.16,1
16.004,-12.37,-7.49,-2.7969,-3.3242,-0.8828,6.3203,0.04,148.48,160.98,1
16.014,-12.21,-7.68,-2.7969,-3.2432,-0.8828,6.3203,0.04,147.34,160.08,1
16.035,-11.90,-7.97,0.6914,-1.8997,0.8438,12.7227,0.04,147.17,155.59,1
16.053,-11.61,-8.15,2.3750,-1.0302,0.9570,15.0937,0.04,144.51,158.98,1
16.066,-11.45,-8.19,-0.2695,-0.4881,-1.3398,10.4531,0.04,143.78,157.55,1
16.083,-11.14,-8.34,3.1016,-0.1565,-2.2617,17.6172,0.04,143.08,152.63,1
16.102,-10.79,-8.27,-1.2656,-0.0122,-2.2969,13.7109,0.04,143.80,152.25,1
16.116,-10.59,-8.18,-2.5664,-0.3088,-2.0312,9.8437,0.04,140.92,147.08,1
16.133,-10.11,-8.17,-3.0273,-1.1805,0.1914,9.1211,0.04,141.58,149.54,1
16.151,-9.59,-8.32,-4.1758,-1.9584,-0.7656,5.6641,0.04,140.29,148.81,1
16.174,-9.10,-8.47,-4.5195,-2.2814,0.2695,6.2070,0.04,141.48,150.60,1
16.184,-8.86,-8.53,-4.5195,-2.6251,0.2695,6.2070,0.04,141.68,148.10,1
16.205,-8.38,-8.67,-3.2578,-2.6785,0.2695,8.9258,0.04,140.85,146.20,1
16.223,-7.93,-8.89,-0.5352,-2.6250,2.0312,12.1797,0.04,137.21,147.82,1
16.236,-7.72,-8.95,-2.9492,-2.3556,1.8789,7.5469,0.04,138.81,146.89,1
16.253,-7.35,-9.09,-2.2617,-2.4690,2.3750,8.8164,0.04,134.26,149.84,1
16.273,-7.19,-9.11,-3.4844,-2.5980,0.6133,4.5586,0.04,132.12,143.31,1
16.286,-6.90,-9.22,-2.1445,-2.6270,0.4219,8.7383,0.04,133.83,144.74,1
16.304,-6.63,-9.34,-1.9531,-2.4748,-0.0391,9.1172,0.04,129.80,143.18,1
16.322,-6.41,-9.37,-1.9531,-2.2970,-0.1133,11.6406,0.04,130.29,142.15,1
16.337,-6.31,-9.36,-3.0273,-2.3301,-0.4961,9.7695,0.04,125.47,135.19,1
16.354,-6.12,-9.35,-2.7969,-2.5168,0.0781,10.2305,0.04,124.72,134.73,1
16.382,-6.05,-9.32,-5.2852,-3.0392,0.1914,5.7812,0.04,122.55,134.88,1
16.392,-5.88,-9.17,-5.8242,-3.4273,0.4219,4.5586,0.04,122.56,136.18,1
16.406,-5.83,-9.18,-3.9062,-3.8043,-0.4961,8.6602,0.04,121.49,133.16,1
16.423,-5.77,-9.22,-3.1016,-3.7689,-0.1133,12.4492,0.04,121.40,133.71,1
16.443,-5.71,-9.26,-3.4492,-3.6074,-1.1484,10.9570,0.04,119.60,134.64,1
16.456,-5.70,-9.25,-6.0156,-3.7777,-0.5352,6.1250,0.04,119.83,130.26,1
16.473,-5.70,-9.34,-5.0547,-4.3355,0.4961,7.5859,0.04,119.18,131.08,1
16.492,-5.72,-9.53,-3.3320,-4.1995,-0.9961,11.4180,0.04,117.58,130.94,1
16.512,-5.79,-9.61,-2.1055,-3.6820,0.7266,12.1016,0.04,117.23,131.42,1
16.524,-5.84,-9.66,-4.1758,-3.7913,-0.6133,6.5117,0.04,115.62,126.44,1
16.542,-5.94,-9.81,-2.4531,-3.5191,-1.0352,11.1133,0.04,114.97,126.23,1
16.563,-6.07,-9.99,-1.0352,-3.6313,-1.1875,15.0156,0.04,114.39,127.11,1
16.582,-6.21,-10.05,-0.5742,-2.6442,-0.8828,14.5937,0.04,113.20,126.07,1
16.595,-6.30,-10.04,-3.4102,-2.4130,-2.3359,8.5430,0.04,111.72,123.92,1
16.614,-6.46,-10.01,-5.3984,-2.8549,-1.4180,5.3242,0.04,110.60,122.73,1
16.626,-6.53,-10.05,-2.9102,-3.2187,-1.7617,9.3828,0.04,110.60,122.14,1
16.643,-6.69,-10.14,-2.4141,-3.0915,-2.5273,11.4531,0.04,111.38,119.33,1
16.661,-6.84,-10.19,-3.0664,-3.0049,-1.6836,10.3086,0.04,109.61,117.70,1
16.681,-7.00,-10.19,-4.1367,-3.2592,-1.7617,8.0117,0.04,105.99,115.51,1
16.694,-7.08,-10.22,-4.2539,-3.4794,-1.9141,8.4648,0.04,107.77,117.01,1
16.713,-7.24,-10.27,-2.0312,-3.2071,-1.2266,11.6406,0.04,106.04,114.53,1
16.734,-7.38,-10.21,-2.3750,-2.5316,-1.1875,10.6133,0.04,104.00,113.05,1
16.745,-7.44,-10.15,-2.3750,-2.5076,-1.1875,10.6133,0.04,101.98,111.48,1
16.765,-7.60,-10.01,-4.7500,-3.0580,-2.0703,4.7891,0.04,99.53,108.53,1
16.783,-7.71,-10.04,-3.5234,-3.4397,-0.8438,7.9297,0.04,98.97,108.33,1
16.796,-7.79,-10.07,-2.1836,-3.3511,-2.6797,10.2695,0.04,100.89,109.18,1
16.813,-7.91,-10.07,-1.1094,-2.9340,-1.8008,13.1719,0.04,97.69,107.77,1
16.832,-8.03,-9.96,-1.1875,-2.3293,-1.0352,11.1914,0.04,96.38,106.41,1
16.852,-8.12,-9.81,-2.4883,-2.2933,-0.7656,10.0742,0.04,94.37,101.28,1
16.864,-8.16,-9.74,-4.4805,-2.7774,-1.0352,7.0508,0.04,93.76,101.87,1
16.882,-8.25,-9.60,-4.5195,-3.3666,-0.0781,6.5117,0.04,93.41,102.35,1
16.905,-8.33,-9.51,-3.2187,-3.2717,-1.9531,8.4648,0.04,92.69,101.83,1
16.915,-8.37,-9.47,-3.2187,-3.2635,-1.9531,8.4648,0.04,92.12,100.39,1
16.934,-8.44,-9.40,-3.5625,-3.3537,-1.8789,9.8086,0.04,89.33,98.16,1
16.953,-8.48,-9.32,-4.8281,-3.5142,-1.5313,8.4258,0.04,87.99,94.80,1
16.966,-8.50,-9.29,-2.2227,-3.5965,-0.2695,12.6836,0.04,89.46,95.97,1
16.984,-8.55,-9.21,-3.9844,-3.3478,-0.4961,9.8867,0.04,88.52,96.06,1
17.003,-8.60,-9.14,-3.4492,-3.4464,-1.2266,8.9648,0.04,85.77,94.22,1
17.021,-8.65,-9.13,-5.5156,-3.9045,-2.3750,6.1680,0.04,85.40,92.82,1
17.034,-8.66,-9.13,-1.4922,-3.8301,-0.3437,12.1797,0.04,85.81,92.13,1
17.051,-8.70,-9.11,-3.5234,-3.4826,-0.9570,7.9297,0.04,84.38,92.63,1
17.074,-8.76,-9.12,-3.2930,-3.5409,-1.2656,9.1211,0.04,82.97,90.80,1
17.085,-8.79,-9.14,-3.2930,-3.5028,-1.2656,9.1211,0.04,80.63,90.07,1
17.102,-8.87,-9.13,-2.6797,-3.3076,0.0000,8.9648,0.04,82.33,90.03,1
17.124,-8.93,-9.16,-4.6719,-3.3538,-1.6094,6.7070,0.04,80.15,88.35,1
17.142,-8.95,-9.19,-3.1016,-3.4864,0.8438,8.8164,0.04,78.87,86.86,1
17.155,-8.96,-9.27,-2.5273,-3.3553,0.3828,9.0000,0.04,78.87,85.16,1
17.174,-9.01,-9.34,-2.0312,-3.0808,0.1914,8.7773,0.04,78.13,84.37,1
17.192,-9.07,-9.44,-4.3672,-3.2400,-1.6094,5.2148,0.04,77.51,83.74,1
17.204,-9.09,-9.52,-1.8008,-3.2078,-1.3008,11.2578,0.04,77.51,82.41,1
17.222,-9.15,-9.59,-0.9570,-2.5414,-1.1094,10.0703,0.04,75.42,80.05,1
17.246,-9.20,-9.63,-2.5273,-2.5245,-0.1914,10.1914,0.04,77.33,81.83,1
17.255,-9.21,-9.63,-2.5273,-2.5250,-0.1914,10.1914,0.04,76.27,79.90,1
17.272,-9.25,-9.70,-1.4922,-2.2966,-1.9922,7.6562,0.04,74.47,78.65,1
17.293,-9.28,-9.77,-2.0312,-2.0105,-1.8789,6.9687,0.04,74.82,81.73,1
17.306,-9.28,-9.81,-2.0312,-2.0137,-1.8789,6.9687,0.04,73.93,79.44,1
17.324,-9.25,-9.87,-0.1523,-1.6427,-1.6484,11.8789,0.04,73.93,78.60,1
17.344,-9.21,-9.83,-0.2695,-1.2294,-2.9492,11.2187,0.04,72.48,79.03,1
17.362,-9.13,-9.80,0.2305,-0.7915,-2.2969,11.9844,0.04,70.75,77.48,1
17.374,-9.08,-9.74,-1.9531,-0.8092,-2.1055,9.1562,0.04,71.18,77.48,1
17.391,-8.97,-9.67,-2.0312,-1.2165,-0.9961,8.2734,0.04,70.29,76.14,1
17.412,-8.86,-9.56,-2.1445,-1.4726,-2.1445,9.2656,0.04,69.38,74.58,1
17.425,-8.86,-9.56,-1.8789,-1.5350,-2.0312,7.5859,0.04,70.11,74.17,1
17.443,-8.59,-9.46,-0.4219,-1.3101,-0.9180,11.3789,0.04,68.16,75.07,1
17.464,-8.36,-9.38,-0.7656,-1.3235,0.1133,10.3086,0.04,69.52,72.43,1
17.476,-8.23,-9.33,-0.7656,-1.2378,0.1133,10.3086,0.04,66.87,72.92,1
17.494,-7.98,-9.25,-2.8711,-1.5340,-2.3750,7.2734,0.04,68.43,72.92,1
17.514,-7.69,-9.21,0.0000,-1.6835,-0.2305,12.1797,0.04,67.60,72.58,1
17.527,-7.55,-9.15,-0.7266,-1.3691,-1.7617,9.8047,0.04,65.47,72.70,1
17.544,-7.23,-9.04,0.8438,-1.0612,-0.0781,12.6445,0.04,66.64,70.62,1
17.562,-6.88,-8.87,-2.0312,-1.0480,-0.8828,6.4414,0.04,65.17,70.75,1
17.583,-6.52,-8.81,-4.0977,-1.7842,0.1523,4.4453,0.04,65.93,70.66,1
17.595,-6.52,-8.81,-1.3789,-1.7220,-0.3828,8.7773,0.04,64.84,69.43,1
17.612,-5.96,-8.80,-0.8047,-1.4779,-0.5742,9.6914,0.04,65.31,70.41,1
17.635,-5.57,-8.73,0.0391,-0.8063,0.3828,10.9922,0.04,63.81,68.44,1
17.646,-5.37,-8.71,0.0391,-0.6765,0.3828,10.9922,0.04,62.73,67.09,1
17.665,-4.97,-8.58,-1.5313,-0.7220,1.0742,8.3125,0.04,62.73,67.09,1
17.683,-4.57,-8.45,-1.3008,-0.9331,0.3047,8.0820,0.04,61.80,66.15,1
17.697,-4.35,-8.39,-0.8438,-0.9779,0.2305,9.5781,0.04,63.01,67.27,1
17.714,-3.93,-8.30,-0.8438,-0.9398,0.7266,9.2305,0.04,63.01,64.88,1
17.733,-3.74,-8.25,-2.5273,-1.1712,0.7266,6.5078,0.04,62.29,66.03,1
17.752,-3.16,-8.14,-0.2695,-1.0561,2.6055,9.5430,0.04,60.81,65.38,1
17.765,-2.98,-8.09,-2.4141,-1.1069,1.2266,6.3984,0.04,61.44,65.31,1
17.782,-2.62,-8.07,-0.8047,-1.1963,2.3359,9.4219,0.04,60.21,64.22,1
17.805,-2.29,-8.03,-1.5313,-1.1599,1.2656,8.8125,0.04,61.07,64.35,1
17.816,-2.12,-8.02,-1.5313,-1.2170,1.2656,8.8125,0.04,59.20,63.86,1
17.833,-1.82,-8.01,-0.4961,-1.0770,2.6445,9.5781,0.04,59.92,62.05,1
17.853,-1.54,-7.99,-2.3359,-1.1668,1.5703,7.6602,0.04,58.35,62.97,1
17.872,-1.41,-7.99,-2.6797,-1.5512,1.7617,7.2070,0.04,58.94,61.02,1
17.885,-1.20,-7.99,-1.6836,-1.7212,2.3750,9.5820,0.04,57.81,61.02,1
17.903,-1.00,-8.00,-0.7266,-1.6340,1.4570,10.9141,0.04,58.07,61.13,1
17.923,-0.82,-7.97,-0.7656,-1.3333,2.1445,11.1094,0.04,56.67,61.89,1
17.935,-0.75,-7.96,-1.3398,-1.2920,1.2266,10.2656,0.04,56.78,59.85,1
17.952,-0.62,-7.92,-1.5313,-1.3507,1.1875,9.2695,0.04,56.07,61.07,1
17.972,-0.51,-7.93,-2.4141,-1.5973,1.2656,8.0820,0.04,56.38,58.41,1
17.986,-0.47,-7.93,-0.4609,-1.3458,0.0391,11.8008,0.04,54.95,61.25,1
18.003,-0.39,-7.90,-1.8789,-1.4087,0.5352,8.0078,0.04,54.95,59.31,1
18.023,-0.35,-7.91,-1.5703,-1.4155,-1.1875,9.5820,0.04,55.43,58.85,1
18.044,-0.32,-7.88,-2.9883,-1.5729,-0.2695,6.3594,0.04,54.99,60.01,1
18.056,-0.30,-7.91,-1.0742,-1.7330,-0.4609,9.6523,0.04,54.99,58.30,1
18.073,-0.20,-7.80,-2.2617,-1.6412,-2.1445,9.0391,0.04,54.31,58.15,1
18.093,-0.11,-7.66,-0.3828,-1.4369,0.3437,10.9922,0.04,54.35,60.02,1
18.105,-0.07,-7.62,-1.4570,-1.3609,-0.5352,10.1914,0.04,52.97,57.04,1
18.122,0.01,-7.54,-2.3750,-1.5968,-0.3047,7.7344,0.04,54.21,58.59,1
18.143,0.09,-7.44,0.4219,-1.1986,-1.3789,10.9180,0.04,52.56,57.48,1
18.156,0.12,-7.38,0.4609,-0.8313,-1.3008,11.9180,0.04,53.89,57.31,1
18.174,0.20,-7.34,-3.1406,-1.2619,-0.1133,6.5898,0.04,52.58,57.57,1
18.194,0.24,-7.21,-0.9570,-1.6418,-0.0781,9.8047,0.04,53.29,57.55,1
18.213,0.26,-7.11,-0.1523,-1.3832,0.0000,9.4219,0.04,51.85,57.43,1
18.233,0.28,-7.07,1.1875,-0.7376,0.6523,11.4531,0.04,51.85,57.03,1
18.243,0.26,-7.01,-1.9922,-0.6963,-0.8438,8.8164,0.04,52.50,55.65,1
18.262,0.27,-6.98,-0.1523,-0.7309,0.0781,9.0820,0.04,51.42,56.59,1
18.275,0.26,-6.95,-1.1484,-0.7217,-0.5742,9.4219,0.04,51.35,54.90,1
18.292,0.23,-6.88,-2.6055,-1.1897,-1.0742,6.3984,0.04,50.19,54.90,1
18.313,0.21,-6.85,1.3398,-0.7180,0.2695,12.8320,0.04,50.36,55.50,1
18.326,0.19,-6.78,-0.9961,-0.5888,-1.0352,9.2305,0.04,49.06,53.59,1
18.343,0.14,-6.70,-2.7187,-1.1089,-0.6523,7.0078,0.04,49.06,53.34,1
18.366,0.09,-6.66,-2.5273,-1.1509,-0.7656,7.8555,0.04,49.14,52.97,1
18.377,0.06,-6.65,-2.5273,-1.3623,-0.7656,7.8555,0.04,47.58,52.22,1
18.396,-0.02,-6.60,-2.0703,-1.1463,-0.7266,8.2383,0.04,48.06,51.14,1
18.414,-0.12,-6.55,-1.4922,-1.3621,0.1523,8.3164,0.04,48.06,51.07,1
18.432,-0.21,-6.54,-0.9180,-1.2794,-1.2266,11.2187,0.04,46.62,49.69,1
18.445,-0.28,-6.52,-1.7617,-1.2914,-1.3398,9.0820,0.04,46.80,50.94,1
18.463,-0.33,-6.48,-1.4180,-1.3720,0.4219,9.7266,0.04,45.24,50.94,1
18.482,-0.53,-6.40,-2.3750,-1.5994,-0.6523,8.6172,0.04,45.41,48.83,1
18.496,-0.60,-6.39,0.2305,-1.5101,-0.4219,12.4102,0.04,43.91,48.81,1
18.513,-0.74,-6.32,-1.1875,-1.2305,-1.1875,10.9531,0.04,43.91,47.66,1
18.532,-0.89,-6.23,-2.7969,-1.5745,-0.3047,8.3164,0.04,43.53,47.66,1
18.554,-1.05,-6.18,-0.9570,-1.8940,-1.6094,10.3437,0.04,42.77,48.08,1
18.573,-1.24,-6.07,-2.3750,-1.8884,-1.2266,8.6992,0.04,42.77,45.87,1
18.583,-1.33,-6.06,-3.2187,-2.0306,-1.0742,7.6562,0.04,42.33,45.90,1
18.603,-1.51,-6.02,-1.4922,-2.0536,-2.4141,10.7656,0.04,40.59,44.50,1
18.616,-1.60,-6.00,-1.5703,-1.9356,-0.5352,9.8477,0.04,40.59,44.50,1
18.634,-1.78,-5.92,-2.4883,-1.9054,-0.3047,9.6914,0.04,40.26,43.79,1
18.652,-1.95,-5.85,-1.7617,-1.9433,-0.6133,9.5039,0.04,38.28,42.37,1
18.666,-2.06,-5.82,-1.9922,-1.9339,-1.2266,10.1875,0.04,38.28,41.35,1
18.683,-2.25,-5.76,-1.4570,-1.8353,-1.3398,10.9141,0.04,37.62,41.35,1
18.702,-2.40,-5.07,-2.7969,-2.0246,-1.4922,8.8828,0.04,35.77,39.51,1
18.717,-2.50,-4.78,-3.2578,-2.2975,-0.7656,8.2773,0.04,35.77,38.67,1
18.735,-2.58,-4.52,-1.9141,-2.3634,-0.8828,8.8828,0.04,35.59,38.67,1
18.756,-2.85,-3.91,-1.9531,-2.3133,-1.1484,9.3477,0.04,35.59,37.00,1
18.773,-3.05,-3.57,-3.1797,-2.3092,-0.4609,8.0078,0.04,33.80,37.00,1
18.786,-3.16,-3.44,-3.0664,-2.4928,-1.9141,9.0391,0.04,33.80,36.94,1
18.804,-3.36,-3.17,-3.7539,-2.7105,-1.3008,7.3164,0.04,32.83,36.94,1
18.822,-3.55,-2.97,0.0781,-2.2181,-1.8398,13.7930,0.04,31.45,34.85,1
18.836,-3.66,-2.85,-1.6094,-2.0004,-2.9492,10.1523,0.04,31.45,34.44,1
18.853,-3.87,-2.62,-3.0664,-2.1896,-0.3828,8.0820,0.04,31.45,34.44,1
18.872,-4.09,-2.45,-4.8281,-2.8281,-1.7617,5.7070,0.04,29.97,31.75,1
18.894,-4.30,-2.34,-2.2617,-2.6052,-1.1094,9.0000,0.04,28.40,31.75,1
18.904,-4.42,-2.28,-2.2617,-2.5524,-1.1094,9.0000,0.04,28.40,30.68,1
18.926,-4.62,-2.17,-2.4531,-2.2889,-0.7656,9.0039,0.04,28.40,30.68,1
18.944,-4.82,-2.05,-1.3789,-2.2495,-1.5313,10.0000,0.04,27.01,28.94,1
18.955,-4.92,-1.98,-3.6016,-2.2347,-2.4883,7.1680,0.04,27.01,28.94,1
18.973,-5.13,-1.88,-3.0273,-2.5764,-0.8047,8.0820,0.04,24.89,27.41,1
18.993,-5.34,-1.82,-3.1016,-2.7465,-1.9531,8.4219,0.04,24.89,27.41,1
19.006,-5.44,-1.80,-1.4922,-2.6723,-1.4180,10.7969,0.04,23.44,25.23,1
19.024,-5.61,-1.74,-1.6836,-2.3124,-2.3750,10.9531,0.04,23.44,25.23,1
19.043,-5.78,-1.62,-1.5703,-2.0729,-1.3789,10.8008,0.04,23.44,25.23,1
19.057,-5.86,-1.57,-3.6406,-2.1614,-1.4570,7.4297,0.04,20.75,22.83,1
19.074,-6.03,-1.50,-2.8359,-2.4876,-1.1094,8.6211,0.04,20.75,22.83,1
19.094,-6.22,-1.47,-2.2969,-2.5553,-1.9922,9.1992,0.04,20.75,22.83,1
19.113,-6.39,-1.44,-1.7227,-2.4360,-1.1875,10.0039,0.04,18.90,20.79,1
19.126,-6.48,-1.43,-2.0703,-2.3060,-1.6836,9.8086,0.04,18.90,20.79,1
19.143,-6.64,-1.35,-1.6484,-2.2054,-0.8438,9.6875,0.04,18.90,20.79,1
19.162,-6.72,-1.32,-2.4883,-2.1764,-0.3828,9.6523,0.04,18.90,18.01,1
19.176,-6.92,-1.24,-2.2969,-2.2301,-0.9961,8.4219,0.04,15.70,18.01,1
19.193,-7.13,-1.22,-2.7187,-2.2828,-0.9180,7.9687,0.04,15.70,18.01,1
19.213,-7.35,-1.24,-1.2266,-2.1012,-1.6094,10.2695,0.04,15.70,18.01,1
19.227,-7.48,-1.23,-2.0312,-2.0312,-2.1055,9.3086,0.04,15.70,15.33,1
19.244,-7.69,-1.24,-0.3437,-1.6578,-1.1875,11.4531,0.04,14.85,15.33,1
19.266,-7.91,-1.23,0.1523,-1.3968,-1.6094,11.6055,0.04,14.85,15.33,1
19.283,-8.14,-1.24,-0.5352,-1.0124,-2.4141,10.4961,0.04,14.85,15.33,1
19.297,-8.25,-1.26,0.1914,-0.8487,-2.5273,10.9141,0.04,14.85,15.02,1
19.314,-8.47,-1.28,-1.2656,-0.6703,-3.0664,8.3164,0.04,14.85,15.02,1
19.334,-8.55,-1.30,0.1914,-0.6153,-2.4883,9.8867,0.04,14.03,15.02,1
19.346,-8.75,-1.23,-0.7266,-0.5648,-2.0312,9.2695,0.04,14.03,15.02,1
19.364,-8.93,-1.03,-0.1133,-0.5616,-2.1055,8.5430,0.04,14.03,14.73,1
19.383,-9.10,-0.88,0.1914,-0.3414,-2.0312,9.8477,0.04,14.03,14.73,1
19.397,-9.19,-0.79,0.5352,-0.2320,-2.6055,10.2656,0.04,13.92,14.73,1
19.414,-9.33,-0.64,0.0391,-0.0803,-2.4883,8.9258,0.04,13.92,14.73,1
19.433,-9.46,-0.48,-0.0781,-0.0724,-2.4141,8.7344,0.04,13.92,13.33,1
19.454,-9.60,-0.28,-0.9180,-0.0610,-1.8008,7.7383,0.04,13.92,13.33,1
19.465,-9.66,-0.18,-0.9180,-0.1926,-1.8008,7.7383,0.04,12.34,13.33,1
19.486,-9.78,0.00,-0.8828,-0.1874,-2.1055,8.5820,0.04,12.34,13.33,1
19.504,-9.89,0.18,-0.1523,-0.3262,-1.9141,9.4609,0.04,12.34,13.33,1
19.516,-9.95,0.28,-0.9961,-0.3552,-2.1445,7.9336,0.04,12.34,13.33,1
19.534,-10.05,0.44,-0.5742,-0.5032,-2.4141,9.3867,0.04,12.34,10.93,1
19.553,-10.16,0.60,-1.3008,-0.6882,-2.1445,8.6211,0.04,12.34,10.93,1
19.567,-10.21,0.68,-1.1094,-0.7670,-1.9531,9.4648,0.04,10.20,10.93,1
19.584,-10.31,0.84,-2.7187,-1.2399,-2.1836,7.1680,0.04,10.20,10.93,1
19.603,-10.40,0.99,-1.1484,-1.3118,-1.8008,10.0039,0.04,10.20,10.93,1
19.624,-10.49,1.16,-0.6523,-1.4206,-2.4883,10.0352,0.04,10.20,10.93,1
19.635,-10.53,1.24,-0.6523,-1.3026,-2.4883,10.0352,0.04,10.20,10.93,1
19.656,-10.61,1.40,-1.5313,-1.4551,-1.4570,10.3437,0.04,10.20,7.82,1
19.674,-10.71,1.59,-3.8320,-1.6607,-2.1445,6.8906,0.04,10.20,7.82,1
19.687,-10.75,1.66,-2.4883,-2.0338,-1.0352,9.3828,0.04,10.20,7.82,1
19.705,-10.85,1.83,-3.3320,-2.2302,-1.8398,7.6250,0.04,10.20,7.82,1
19.722,-10.96,2.00,-2.0703,-2.3266,-1.5703,10.2305,0.04,10.20,7.82,1
19.743,-11.07,2.17,-2.7578,-2.4061,-1.7617,9.2266,0.04,10.20,7.82,1
19.754,-11.07,2.17,-1.9531,-2.3365,-2.2617,9.5781,0.04,10.20,7.82,1
19.773,-11.23,2.38,-3.0273,-2.4655,-2.4883,7.4727,0.04,10.20,7.82,1
19.796,-11.33,2.46,-1.4922,-2.2845,-3.0664,8.0781,0.04,10.20,7.82,1
19.805,-11.38,2.49,-1.4922,-2.1628,-3.0664,8.0781,0.04,10.20,7.82,1
19.826,-11.46,2.55,0.0391,-1.6637,-3.4844,10.3047,0.04,10.20,7.82,1
19.843,-11.51,2.59,0.9961,-1.1042,-3.5625,10.8789,0.04,10.20,7.82,1
19.857,-11.52,2.60,0.6133,-0.6700,-3.0273,10.6133,0.04,10.20,7.82,1
19.874,-11.53,2.61,0.2695,-0.3336,-3.1016,9.5781,0.04,10.20,7.82,1
19.893,-11.53,2.63,-0.0391,-0.2099,-2.9883,9.4609,0.04,10.20,7.82,1
19.913,-11.52,2.73,-0.9961,-0.3635,-2.6445,8.1562,0.04,10.20,7.82,1
19.924,-11.51,2.75,-0.3437,-0.4085,-2.6445,8.7344,0.04,10.20,7.82,1
19.942,-11.47,2.79,-1.0742,-0.5481,-2.4141,7.5898,0.04,10.20,7.82,1
19.967,-11.42,2.78,0.1523,-0.3875,-2.4141,8.6172,0.04,10.20,7.82,1
19.975,-11.45,2.99,0.1523,-0.3046,-2.4141,8.6172,0.04,10.20,7.82,1
19.993,-11.48,3.35,0.8438,-0.0220,-2.2227,10.4922,0.04,10.20,7.82,1
20.013,-11.49,3.61,0.8047,0.0295,-2.2227,10.0000,0.04,10.20,7.82,1
20.033,-11.47,3.82,-0.7266,-0.0451,-2.6797,7.5469,0.04,10.20,7.82,1
20.044,-11.45,3.89,1.1094,-0.0029,-2.0312,10.2656,0.04,10.20,7.82,1
20.064,-11.41,4.04,0.9180,0.3339,-2.3750,9.5391,0.04,10.20,7.82,1
20.077,-11.39,4.10,1.5313,0.5122,-2.2969,11.0352,0.04,0.00,7.82,1
20.094,-11.34,4.24,0.0781,0.6850,-2.1055,8.3125,0.04,0.00,7.82,1
20.112,-11.28,4.34,0.8438,0.6475,-1.7617,9.7656,0.04,0.00,7.82,1
20.133,-11.22,4.44,-0.8047,0.3384,-2.3750,7.3555,0.04,0.00,7.82,1
20.145,-11.19,4.49,0.5742,0.3906,-1.8008,9.5430,0.04,0.00,0.00,1
20.162,-11.13,4.60,-0.2695,0.2559,-1.9141,9.1562,0.04,0.00,0.00,1
20.185,-11.06,4.69,-0.2695,0.2969,-2.0703,9.0430,0.04,0.00,0.00,1
20.196,-11.02,4.72,-0.2695,0.2099,-2.0703,9.0430,0.04,0.00,0.00,1
20.216,-10.93,4.78,-1.3008,0.0888,-2.6055,7.0859,0.04,0.00,0.00,1
20.234,-10.83,4.82,0.1914,-0.1859,-1.9531,10.3477,0.04,0.00,0.00,1
20.247,-10.79,4.87,-0.5742,-0.1636,-2.6797,7.8516,0.04,0.00,0.00,1
20.264,-10.67,4.90,0.3047,-0.2098,-2.5273,10.1094,0.04,0.00,0.00,1
20.284,-10.55,4.94,0.3047,-0.0344,-2.1055,9.5781,0.04,0.00,0.00,1
20.302,-10.43,4.99,1.0352,0.2234,-2.0312,10.6133,0.04,0.00,0.00,1
20.315,-10.37,5.01,-0.4219,0.0806,-2.1055,8.6992,0.04,0.00,0.00,1
20.333,-10.25,5.07,0.0000,0.0315,-1.8008,9.6875,0.04,0.00,0.00,1
20.356,-10.11,5.11,-0.5742,-0.0649,-1.5703,8.7344,0.04,0.00,0.00,1
20.366,-10.03,5.13,-0.5742,-0.1432,-1.5703,8.7344,0.04,0.00,0.00,1
20.386,-9.89,5.16,-0.8828,-0.2369,-2.0312,7.8516,0.04,0.00,0.00,1
20.404,-9.75,5.17,0.2695,-0.3279,-1.3008,9.2695,0.04,0.00,0.00,1
20.417,-9.69,5.17,-0.2695,-0.2388,-1.6094,9.6523,0.04,0.00,0.00,1
20.434,-9.56,5.18,0.7266,-0.1678,-2.1445,9.8828,0.04,0.00,0.00,1
20.454,-9.42,5.22,0.0000,-0.0237,-1.8008,9.6875,0.04,0.00,0.00,1
20.473,-9.28,5.27,0.2305,0.0340,-1.8398,9.4609,0.04,0.00,0.00,1
20.485,-9.20,5.28,-1.1484,-0.2277,-1.8789,7.4336,0.04,0.00,0.00,1
20.503,-9.06,5.30,-0.1133,-0.3125,-1.7227,9.1211,0.04,0.00,0.00,1
20.526,-8.90,5.30,-0.3047,-0.2138,-1.8789,8.5391,0.04,0.00,0.00,1
20.536,-8.82,5.31,-0.3047,-0.2277,-1.8789,8.5391,0.04,0.00,0.00,1
20.556,-8.65,5.31,0.1914,-0.1681,-1.8789,9.0391,0.04,0.00,0.00,1
20.574,-8.47,5.32,-0.0391,-0.0846,-1.6094,8.7344,0.04,0.00,0.00,1
20.587,-8.38,5.31,0.3047,-0.0470,-1.4180,9.2266,0.04,0.00,0.00,1
20.605,-8.21,5.30,0.1914,0.0437,-2.1055,9.5391,0.04,0.00,0.00,1
20.624,-8.03,5.30,-0.4219,-0.0417,-1.2656,8.0078,0.04,0.00,0.00,1
20.642,-7.85,5.30,0.1914,-0.0356,-1.5703,9.5000,0.04,0.00,0.00,1
20.655,-7.76,5.33,-0.1133,-0.0251,-1.7227,8.6211,0.04,0.00,0.00,1
20.673,-7.57,5.35,0.6914,0.1229,-1.1875,9.4258,0.04,0.00,0.00,1
20.696,-7.39,5.34,0.8438,0.1961,-1.7227,9.6094,0.04,0.00,0.00,1
20.706,-7.28,5.33,0.8438,0.2956,-1.7227,9.6094,0.04,0.00,0.00,1
20.726,-7.07,5.31,0.3047,0.1976,-0.9180,9.6875,0.04,0.00,0.00,1
20.744,-6.87,5.32,-1.0352,0.1207,-1.1484,7.0508,0.04,0.00,0.00,1
20.764,-6.66,5.30,0.6914,0.1088,-0.3828,10.2266,0.04,0.00,0.00,1
20.774,-6.56,5.31,-0.1914,0.1277,-1.0742,8.4648,0.04,0.00,0.00,1
20.794,-6.37,5.26,0.3437,0.0800,-0.7656,9.5781,0.04,0.00,0.00,1
20.813,-6.18,5.20,0.3828,0.1785,-0.8828,9.5820,0.04,0.00,0.00,1
20.825,-6.08,5.18,0.9180,0.2527,-0.8047,10.7266,0.04,0.00,0.00,1
20.843,-5.90,5.13,0.0781,0.2937,-0.4609,9.0039,0.04,0.00,0.00,1
20.863,-5.73,5.08,0.2305,0.2662,-0.3828,9.8086,0.04,0.00,0.00,1
20.876,-5.65,5.07,0.4609,0.3093,-0.7656,10.1523,0.04,0.00,0.00,1
20.893,-5.49,5.06,-0.0781,0.2330,-0.4609,9.5430,0.04,0.00,0.00,1
20.915,-5.34,5.05,-0.6133,0.2478,-0.9570,8.9219,0.04,0.00,0.00,1
20.927,-5.26,5.05,-0.6133,0.1156,-0.9570,8.9219,0.04,0.00,0.00,1
20.946,-5.12,5.03,0.0391,0.2080,-0.7656,10.1875,0.04,0.00,0.00,1
20.964,-4.97,5.00,0.7266,0.2151,-0.8828,10.8008,0.04,0.00,0.00,1
20.983,-4.83,5.00,0.2305,0.2797,-0.8047,10.2305,0.04,0.00,0.00,1
20.995,-4.76,5.01,0.6914,0.3090,-0.9961,10.7266,0.04,0.00,0.00,1
21.012,-4.60,5.04,-1.0742,0.0486,-1.1875,7.7383,0.04,0.00,0.00,1
21.033,-4.45,5.06,-0.2305,-0.0831,-0.6133,9.8086,0.04,0.00,0.00,1
21.046,-4.45,5.06,-0.0391,-0.0763,-1.4180,9.3047,0.04,0.00,0.00,1
21.063,-4.21,5.06,-0.3828,-0.1418,-1.1875,8.9648,0.04,0.00,0.00,1
21.086,-4.03,5.04,-0.3828,-0.0811,-1.4570,8.4648,0.04,0.00,0.00,1
21.097,-3.93,5.03,-0.3828,-0.1274,-1.4570,8.4648,0.04,0.00,0.00,1
21.116,-3.75,5.00,-0.1133,0.0329,-1.0742,9.0000,0.04,0.00,0.00,1
21.137,-3.65,4.99,0.9180,0.0740,-1.2266,10.1914,0.04,0.00,0.00,1
21.153,-3.32,5.02,-0.2305,0.1075,-0.4219,8.7383,0.04,0.00,0.00,1
21.165,-3.21,5.03,0.2695,0.0956,-0.7266,9.0820,0.04,0.00,0.00,1
21.183,-2.99,5.05,-0.8828,-0.1001,-0.6523,7.3906,0.04,0.00,0.00,1
21.203,-2.77,5.06,0.0391,-0.1181,-0.8438,9.4648,0.04,0.00,0.00,1
21.216,-2.77,5.06,-0.1133,-0.1173,-0.8047,9.3828,0.04,0.00,0.00,1
21.233,-2.40,5.04,-0.6133,-0.2266,-0.3047,8.6992,0.04,0.00,0.00,1
21.256,-2.17,5.02,-1.5703,-0.2632,-0.3437,6.4727,0.04,0.00,0.00,1
21.267,-2.07,4.99,-1.5703,-0.4640,-0.3437,6.4727,0.04,0.00,0.00,1
21.286,-1.86,4.96,-1.1875,-0.1400,-0.3828,8.1602,0.04,0.00,0.00,1
21.304,-1.66,4.89,-1.4570,-0.4587,-0.1523,8.3516,0.04,0.00,0.00,1
21.324,-1.46,4.91,0.9570,-0.2648,0.0391,10.0039,0.04,0.00,0.00,1
21.335,-1.37,4.88,1.3008,-0.0496,0.5352,11.4180,0.04,0.00,0.00,1
21.353,-1.27,4.84,-1.5313,-0.1016,0.4961,7.2383,0.04,0.00,0.00,1
21.373,-1.00,4.67,-1.6484,-0.6149,0.4219,8.8125,0.04,0.00,0.00,1
21.386,-0.93,4.65,-1.1484,-0.7337,0.6914,8.0820,0.04,0.00,0.00,1
21.404,-0.78,4.61,1.9922,-0.1800,0.8438,12.7891,0.04,0.00,0.00,1
21.427,-0.65,4.63,0.0000,-0.2932,0.9570,9.8477,0.04,0.00,0.00,1
21.437,-0.60,4.63,0.0000,-0.2482,0.9570,9.8477,0.04,0.00,0.00,1
21.454,-0.52,4.63,-0.9570,-0.3896,0.4961,8.6211,0.04,0.00,0.00,1
21.473,-0.45,4.66,0.3047,-0.2721,0.5352,10.5352,0.04,0.00,0.00,1
21.494,-0.43,4.67,-1.0742,-0.3203,0.8438,8.1172,0.04,0.00,0.00,1
21.505,-0.38,4.69,0.6133,-0.3011,0.5742,11.6406,0.04,0.00,0.00,1
21.525,-0.35,4.73,-1.0742,-0.1768,0.1523,7.6953,0.04,0.00,0.00,1
21.544,-0.32,4.75,0.6914,-0.0920,0.9961,11.4570,0.04,0.00,0.00,1
21.556,-0.31,4.77,-1.3398,-0.1342,0.2305,7.5508,0.04,0.00,0.00,1
21.573,-0.30,4.78,0.3828,-0.1640,0.8438,10.4141,0.04,0.00,0.00,1
21.593,-0.31,4.82,-0.1914,-0.1360,-0.0781,8.7344,0.04,0.00,0.00,1
21.607,-0.30,4.82,-0.2695,-0.1655,0.5352,9.5039,0.04,0.00,0.00,1
21.624,-0.31,4.85,-0.6133,-0.2711,-0.0391,8.3516,0.04,0.00,0.00,1
21.644,-0.33,4.87,-0.2305,-0.1472,0.5352,8.9609,0.04,0.00,0.00,1
21.664,-0.34,4.88,-0.5742,-0.1983,-0.3437,7.9687,0.04,0.00,0.00,1
21.676,-0.35,4.89,0.4609,-0.1987,0.4609,10.0039,0.04,0.00,0.00,1
21.694,-0.37,4.90,-0.5352,-0.0913,-0.1914,7.8945,0.04,0.00,0.00,1
21.713,-0.38,4.89,0.2695,-0.0645,0.6523,9.6094,0.04,0.00,0.00,1
21.726,-0.39,4.88,-0.3047,-0.0592,0.1914,8.5430,0.04,0.00,0.00,1
21.743,-0.42,4.87,-1.0742,-0.3132,0.0391,7.8945,0.04,0.00,0.00,1
21.762,-0.46,4.87,0.4609,-0.1893,0.4961,9.6914,0.04,0.00,0.00,1
21.777,-0.46,4.87,-0.7656,-0.2778,-0.2305,8.1602,0.04,0.00,0.00,1
21.794,-0.53,4.83,0.8438,-0.0600,0.4609,10.4141,0.04,0.00,0.00,1
21.816,-0.58,4.82,-1.0352,-0.0947,0.1914,7.8945,0.04,0.00,0.00,1
21.834,-0.64,4.79,0.2305,-0.2601,0.2305,9.5430,0.04,0.00,0.00,1
21.847,-0.66,4.80,-0.6523,-0.2222,-0.5352,8.3125,0.04,0.00,0.00,1
21.864,-0.71,4.76,0.9961,-0.2123,-0.0781,10.3047,0.04,0.00,0.00,1
21.883,-0.77,4.74,-0.4961,-0.1306,-0.0391,8.5039,0.04,0.00,0.00,1
21.896,-0.79,4.72,-0.2305,-0.1655,-0.1133,8.4609,0.04,0.00,0.00,1
21.913,-0.85,4.62,0.4219,-0.0433,0.3828,9.5391,0.04,0.00,0.00,1
21.933,-0.92,4.55,0.1133,0.0204,-0.3437,9.3477,0.04,0.00,0.00,1
21.947,-0.94,4.49,0.5742,0.0715,0.0000,10.0703,0.04,0.00,0.00,1
21.964,-0.99,4.42,-0.6523,-0.0286,0.2695,8.3945,0.04,0.00,0.00,1
21.987,-1.06,4.36,0.3828,0.1223,0.1133,9.8867,0.04,0.00,0.00,1
22.005,-1.13,4.32,0.4961,0.2053,-0.2305,10.1133,0.04,0.00,0.00,1
22.017,-1.17,4.31,-0.4961,0.1903,-0.1523,8.5039,0.04,0.00,0.00,1
22.034,-1.22,4.25,-0.3437,0.0078,0.3047,9.3828,0.04,0.00,0.00,1
22.052,-1.28,4.21,1.2656,0.2441,-0.3828,10.7266,0.04,0.00,0.00,1
22.066,-1.31,4.19,-0.2305,0.2813,0.0000,9.3828,0.04,0.00,0.00,1
22.085,-1.39,4.16,0.4609,0.1915,0.0000,10.3047,0.04,0.00,0.00,1
22.104,-1.45,4.13,-0.9961,-0.0391,-0.6133,7.8555,0.04,0.00,0.00,1
22.117,-1.49,4.11,0.5352,-0.0636,0.2305,10.9180,0.04,0.00,0.00,1
22.134,-1.55,4.08,0.7656,0.1915,-0.6133,9.6133,0.04,0.00,0.00,1
22.156,-1.61,4.07,0.3828,0.0210,0.1914,9.8086,0.04,0.00,0.00,1
22.174,-1.69,4.07,-0.9180,0.0195,-0.7266,7.8906,0.04,0.00,0.00,1
22.187,-1.73,4.05,0.5352,-0.0717,0.4219,10.4570,0.04,0.00,0.00,1
22.204,-1.80,4.03,-0.1133,0.0485,-0.5352,8.6953,0.04,0.00,0.00,1
22.225,-1.88,4.00,-0.6133,-0.1173,-0.1133,8.9648,0.04,0.00,0.00,1
22.236,-1.91,3.98,0.5742,-0.1321,-0.2695,9.9258,0.04,0.00,0.00,1
22.254,-1.98,3.96,-0.3047,-0.0021,-0.4609,9.1172,0.04,0.00,0.00,1
22.273,-2.05,3.92,0.4609,0.0642,-0.0391,9.7656,0.04,0.00,0.00,1
22.287,-2.08,3.91,-0.3828,0.0576,-0.3828,8.4219,0.04,0.00,0.00,1
22.304,-2.16,3.88,0.7266,0.1530,-0.4219,10.5703,0.04,0.00,0.00,1
22.324,-2.22,3.85,0.4609,0.2569,-0.4961,9.5820,0.04,0.00,0.00,1
22.344,-2.28,3.84,-0.4219,0.2752,-0.4609,8.3164,0.04,0.00,0.00,1
22.355,-2.31,3.81,-0.4219,0.1681,-0.4609,8.3164,0.04,0.00,0.00,1
22.375,-2.36,3.79,0.7656,0.2355,-0.8047,10.0742,0.04,0.00,0.00,1
22.395,-2.42,3.79,-0.4961,0.2849,-0.7266,8.5039,0.04,0.00,0.00,1
22.406,-2.44,3.79,0.3828,0.1824,-0.6523,9.3477,0.04,0.00,0.00,1
22.425,-2.48,3.82,-0.9570,0.1320,-1.1484,7.8125,0.04,0.00,0.00,1
22.444,-2.51,3.81,0.5742,0.0996,-0.3047,10.0742,0.04,0.00,0.00,1
22.457,-2.53,3.82,0.0781,0.1328,-0.7656,8.9258,0.04,0.00,0.00,1
22.474,-2.55,3.81,-0.2695,0.0372,-0.8828,9.0039,0.04,0.34,0.00,1
22.493,-2.57,3.79,0.4219,0.1033,-0.3828,9.8828,0.04,0.34,0.00,1
22.515,-2.56,3.76,0.0781,0.2012,-0.4609,9.1602,0.04,0.34,0.00,1
22.525,-2.56,3.73,0.0781,0.1823,-0.4609,9.1602,0.04,0.34,0.00,1
22.546,-2.54,3.62,0.8047,0.1270,-1.0742,9.7305,0.04,0.34,0.00,1
22.565,-2.52,3.52,-0.1133,0.2457,-0.2695,9.3477,0.04,0.34,0.00,1
22.577,-2.51,3.48,0.4609,0.2122,-0.3828,9.4648,0.04,0.34,0.00,1
22.595,-2.49,3.42,-0.8047,0.1815,-0.5742,7.9727,0.04,0.34,0.00,1
22.613,-2.47,3.36,0.5742,0.1505,-0.2695,9.8086,0.04,0.34,0.00,1
22.627,-2.46,3.34,0.3047,0.1940,-0.4219,9.7656,0.04,0.34,0.34,1
22.644,-2.44,3.30,-0.4961,0.0545,-0.5742,8.4258,0.04,0.34,0.34,1
22.663,-2.43,3.29,0.1914,0.0189,-0.1133,9.8086,0.04,0.34,0.34,1
22.687,-2.41,3.28,1.0742,0.0315,0.0391,10.7695,0.04,0.34,0.34,1
22.695,-2.40,3.26,1.0742,0.1916,0.0391,10.7695,0.04,0.34,0.34,1
22.716,-2.39,3.24,0.4219,0.0967,-0.4961,9.5391,0.04,0.34,0.34,1
22.734,-2.38,3.19,0.1523,0.1674,-0.1133,9.9219,0.04,0.34,0.34,1
22.747,-2.37,3.16,0.4609,0.1887,-0.5352,9.6094,0.04,0.34,0.34,1
22.764,-2.36,3.10,0.1133,0.2381,0.1133,9.8867,0.04,0.34,0.34,1
22.783,-2.35,3.06,-0.1133,0.1454,-0.2305,9.2266,0.04,0.34,0.34,1
22.797,-2.35,3.03,1.1094,0.2035,-0.4961,10.2266,0.04,0.34,0.34,1
22.814,-2.35,2.99,0.0391,0.3748,0.0391,9.5039,0.04,0.34,0.34,1
22.834,-2.36,2.95,0.4961,0.3615,-0.0391,9.8477,0.04,0.34,0.34,1
22.852,-2.35,2.89,-0.6914,0.1368,-0.4961,7.9687,0.04,2.58,0.34,1
22.865,-2.36,2.88,0.4609,0.2086,-0.0391,10.1094,0.04,2.58,0.34,1
22.887,-2.37,2.85,-0.5742,0.2818,-0.6523,8.7344,0.04,2.58,0.34,1
22.905,-2.37,2.84,0.3437,0.1125,-0.0781,9.8867,0.04,2.58,0.34,1
22.916,-2.38,2.84,0.3437,0.1480,-0.0781,9.8867,0.04,2.58,0.34,1
22.934,-2.38,2.85,1.0352,0.1008,0.4961,10.7656,0.04,2.58,0.34,1
22.955,-2.40,2.83,-0.0781,0.2768,0.0781,8.9219,0.04,2.58,0.34,1
22.967,-2.41,2.83,0.0781,0.2107,-0.1133,8.8125,0.04,2.58,0.34,1
22.984,-2.43,2.83,0.6914,0.2222,0.2305,10.5742,0.04,2.58,0.34,1
23.003,-2.47,2.82,0.3828,0.3139,-0.9180,8.8477,0.04,2.58,0.34,1
23.018,-2.48,2.80,0.1523,0.3060,0.1523,10.0312,0.04,2.58,0.34,1
23.035,-2.52,2.77,-0.3828,0.1352,-0.1523,8.8867,0.04,2.58,0.34,1
23.053,-2.57,2.75,0.8047,0.2511,-0.4219,10.1914,0.04,2.58,0.34,1
23.074,-2.62,2.73,0.4961,0.3346,-0.1523,10.4141,0.04,2.58,0.34,1
23.086,-2.65,2.73,0.4961,0.3594,-0.1523,10.4141,0.04,2.58,2.13,1
23.105,-2.71,2.72,0.0391,0.0887,-0.0781,9.9648,0.04,2.58,2.13,1
23.125,-2.77,2.71,0.2305,0.0899,-0.4961,9.3086,0.04,2.58,2.13,1
23.137,-2.80,2.72,-0.7266,0.0445,-0.3437,8.0430,0.04,2.58,2.13,1
23.154,-2.86,2.69,-0.1914,-0.1314,-0.1914,9.1211,0.04,2.58,2.13,1
23.173,-2.93,2.68,-0.5742,-0.2366,-0.9180,7.8516,0.04,2.58,2.13,1
23.193,-2.98,2.59,0.7656,-0.0358,0.0000,10.8398,0.04,2.58,2.13,1
23.205,-3.00,2.56,-0.1523,-0.0616,-0.8828,8.4219,0.04,2.58,2.13,1
23.224,-3.06,2.52,0.2305,-0.0026,-0.6133,9.5391,0.04,2.58,2.13,1
23.247,-3.12,2.50,0.1523,0.1205,-0.7266,9.6094,0.04,2.58,2.13,1
23.256,-3.15,2.48,0.1523,0.1254,-0.7266,9.6094,0.04,2.58,2.13,1
23.276,-3.19,2.42,-0.0391,0.0334,-0.6914,9.4609,0.04,2.58,2.13,1
23.295,-3.25,2.38,0.7656,0.0772,-0.9570,10.3086,0.04,2.58,2.13,1
23.307,-3.26,2.36,-0.3828,0.1377,-0.7266,8.7383,0.04,2.58,2.13,1
23.325,-3.30,2.31,0.0781,0.0270,-0.2695,9.6484,0.04,2.58,2.13,1
23.344,-3.34,2.28,-0.5352,-0.0913,-0.9961,7.8555,0.04,2.58,2.13,1
23.358,-3.36,2.25,0.4961,-0.0770,-0.4609,10.3867,0.04,0.00,2.13,1
23.375,-3.37,2.22,0.0000,0.0093,-0.4219,10.0352,0.04,0.00,2.13,1
23.393,-3.42,2.18,0.6133,0.1424,-1.2266,9.5820,0.04,0.00,2.13,1
23.417,-3.46,2.16,0.6914,0.2702,-0.8438,9.8437,0.04,0.00,2.13,1
23.426,-3.48,2.16,0.6914,0.3349,-0.8438,9.8437,0.04,0.00,2.13,1
23.448,-3.49,2.15,-0.1914,0.1361,-0.1523,10.1133,0.04,0.00,2.13,1
23.465,-3.53,2.13,0.6523,0.1107,-1.2656,8.8828,0.04,0.00,2.13,1
23.484,-3.55,2.13,-0.3828,0.0663,-0.1914,9.4609,0.04,0.00,2.13,1
23.494,-3.56,2.12,-0.1523,0.0157,-0.3437,9.1211,0.04,0.00,2.13,1
23.514,-3.59,2.14,-0.4961,-0.1176,-0.8828,7.7734,0.04,0.00,2.13,1
23.533,-3.62,2.11,0.4609,-0.0132,-0.0781,10.1094,0.04,1.52,2.13,1
23.545,-3.64,2.12,0.0391,0.0259,-0.3828,8.7773,0.04,1.52,2.13,1
23.564,-3.68,2.11,0.1914,0.0641,-0.2305,9.0430,0.04,1.52,2.13,1
23.587,-3.73,2.08,0.5352,0.0881,-0.3047,8.9258,0.04,1.52,2.13,1
23.596,-3.75,2.06,0.5352,0.1567,-0.3047,8.9258,0.04,1.52,0.00,1
23.613,-3.80,2.00,-1.0742,-0.0921,-0.4219,7.5117,0.04,1.52,0.00,1
23.634,-3.86,1.94,0.1523,-0.0781,-0.8438,9.3047,0.04,1.52,0.00,1
23.654,-3.89,1.92,-0.1523,-0.0595,-0.9180,9.0430,0.04,1.52,0.00,1
23.665,-3.96,1.88,0.6133,-0.0125,-0.7656,9.9609,0.04,1.52,0.00,1
23.684,-4.02,1.86,-0.1914,0.1006,-0.8438,9.0781,0.04,1.52,0.00,1
23.703,-4.07,1.82,0.9570,0.2552,-0.7656,10.3437,0.04,1.52,0.00,1
23.715,-4.10,1.82,0.4961,0.3261,-0.4609,9.8477,0.04,1.52,0.00,1
23.734,-4.16,1.78,1.1094,0.5198,-0.8047,10.5312,0.04,1.52,0.00,1
23.754,-4.21,1.74,0.4609,0.5435,-0.4219,9.7266,0.04,1.52,0.00,1
23.766,-4.24,1.73,0.8047,0.6013,0.1914,10.3867,0.04,1.52,0.00,1
23.784,-4.32,1.71,-0.6133,0.3452,-0.5742,7.8516,0.04,1.52,0.00,1
23.805,-4.40,1.69,0.2305,0.3667,-0.9961,9.8828,0.04,1.52,0.00,1
23.817,-4.42,1.63,0.2305,0.3458,-0.9961,9.8828,0.04,1.52,0.00,1
23.837,-4.50,1.56,0.3828,0.2558,-0.9570,10.3047,0.04,1.52,0.00,1
23.856,-4.57,1.49,0.1523,0.2734,-0.8047,9.3086,0.04,1.52,0.00,1
23.873,-4.63,1.45,0.4609,0.3004,-0.5742,9.2695,0.04,1.52,0.00,1
23.885,-4.66,1.44,-0.5742,0.2423,-0.4609,10.0703,0.04,1.52,0.00,1
23.904,-4.73,1.41,0.5352,0.2094,-0.9180,9.1211,0.04,1.52,0.00,1
23.924,-4.80,1.40,-0.1523,0.1497,-0.2695,10.0742,0.04,1.52,0.00,1
23.936,-4.85,1.40,0.2695,0.1762,-0.4961,10.0742,0.04,1.52,0.00,1
23.954,-4.94,1.42,-1.2656,-0.1371,-0.5742,7.4727,0.04,1.52,0.00,1
23.977,-5.04,1.43,-0.5352,-0.2367,-0.5742,8.6992,0.04,1.52,0.00,1
23.987,-5.09,1.42,-0.5352,-0.2826,-0.5742,8.6992,0.04,1.52,0.00,1
24.007,-5.19,1.40,-0.1914,-0.2942,-1.7617,8.7734,0.04,1.52,0.00,1
24.026,-5.26,1.33,0.4219,-0.2160,-1.8789,9.3437,0.04,0.00,0.00,1
24.038,-5.29,1.30,-0.0391,-0.1117,-0.3437,9.6094,0.04,0.00,0.00,1
24.055,-5.36,1.23,-0.1523,-0.1002,-0.2305,8.8437,0.04,0.00,0.00,1
24.074,-5.41,1.21,0.8047,0.0320,-1.8008,10.9531,0.04,0.00,0.00,1
24.094,-5.56,1.23,-0.6914,-0.0799,-1.6484,8.8125,0.04,0.00,0.00,1
24.106,-5.59,1.22,0.0000,-0.1186,-1.8789,9.0430,0.04,0.00,0.98,1
24.124,-5.62,1.21,-1.0352,-0.3072,-1.5313,8.1562,0.04,0.00,0.98,1
24.147,-5.64,1.17,0.3047,-0.0426,-0.9180,10.2266,0.04,0.00,0.98,1
24.157,-5.66,1.15,0.3047,0.0108,-0.9180,10.2266,0.04,0.00,0.98,1
24.177,-5.70,1.15,0.2305,0.1050,-1.8789,9.5000,0.04,0.00,0.98,1
24.194,-5.72,1.14,0.6133,0.1712,-0.9961,10.1914,0.04,0.00,0.98,1
24.214,-5.73,1.14,-0.4609,0.0842,-1.2266,8.1211,0.04,0.00,0.98,1
24.225,-5.72,1.13,0.3047,0.0617,-0.6523,10.1875,0.04,0.00,0.98,1
24.245,-5.73,1.14,0.2305,0.1192,-1.4570,9.5000,0.04,0.00,0.98,1
24.264,-5.73,1.15,-0.4961,-0.0036,-1.4570,8.8125,0.04,0.00,0.98,1
24.276,-5.73,1.14,0.1523,-0.0274,-1.1484,9.3086,0.04,0.00,0.98,1
24.293,-5.73,1.14,-0.3828,-0.0846,-1.1094,8.9258,0.04,0.00,0.98,1
24.317,-5.71,1.12,0.0781,0.0614,-0.7656,9.5391,0.04,0.00,0.98,1
24.327,-5.71,1.11,0.0781,0.0640,-0.7656,9.5391,0.04,0.00,0.98,1
24.344,-5.71,1.12,0.3047,0.1181,-1.3008,9.8047,0.04,0.00,0.98,1
24.364,-5.70,1.11,0.1914,0.0830,-0.7656,10.1094,0.04,0.00,0.98,1
24.385,-5.69,1.10,-1.2656,-0.2025,-1.2266,7.2383,0.04,0.00,0.98,1
24.396,-5.68,1.09,0.2695,-0.3150,-0.3828,10.0312,0.04,0.00,0.98,1
24.415,-5.68,1.05,0.0391,-0.1676,-1.2266,9.6484,0.04,0.00,0.98,1
24.434,-5.67,1.05,-0.1523,-0.1395,-1.2266,9.0430,0.04,0.00,0.98,1
24.446,-5.66,1.05,-0.1133,-0.1384,-1.1484,9.5781,0.04,0.00,0.98,1
24.464,-5.65,1.06,0.1523,-0.0710,-1.0742,9.4258,0.04,0.00,0.98,1
24.483,-5.64,1.06,0.0000,-0.0414,-0.8828,9.4219,0.04,0.00,0.98,1
24.497,-5.63,1.07,0.1914,0.0101,-0.7656,9.8477,0.04,0.00,0.98,1
24.514,-5.61,1.07,0.6914,0.1722,-1.5313,10.0312,0.04,0.00,0.98,1
24.536,-5.59,1.07,0.0000,-0.0279,-0.9180,9.1602,0.04,0.00,0.98,1
24.548,-5.58,1.08,0.0000,-0.0236,-0.9180,9.1602,0.04,0.00,0.98,1
24.567,-5.55,1.07,0.3047,-0.1781,-0.8438,9.9609,0.04,0.00,0.98,1
24.585,-5.52,1.05,0.5352,-0.0227,-1.0352,9.1602,0.04,0.00,0.98,1
24.603,-5.49,1.05,-0.3828,-0.0357,-0.8828,9.0820,0.04,0.00,0.98,1
24.616,-5.48,1.05,0.0391,-0.0553,-1.0352,8.6953,0.04,0.00,0.00,1
24.634,-5.45,1.04,0.8047,0.1463,-0.5742,10.2656,0.04,0.00,0.00,1
24.653,-5.43,1.02,-0.4609,0.0529,-1.0742,7.8945,0.04,0.00,0.00,1
24.667,-5.42,0.99,0.1523,0.0749,-0.7266,9.7656,0.04,0.00,0.00,1
24.684,-5.39,0.97,-0.0781,0.0503,-0.9961,9.5039,0.04,0.00,0.00,1
24.707,-5.37,0.96,0.2305,-0.0388,-0.9570,9.2695,0.04,0.00,0.00,1
24.718,-5.36,0.95,0.2305,0.0026,-0.9570,9.2695,0.04,0.00,0.00,1
24.737,-5.33,0.94,0.3047,0.0942,-0.8438,9.3828,0.04,0.00,0.00,1
24.755,-5.31,0.91,0.3047,0.1539,-0.9961,9.6875,0.04,0.00,0.00,1
24.775,-5.29,0.88,0.3047,0.2053,-1.0742,10.3047,0.04,0.00,0.00,1
24.786,-5.28,0.88,-0.6914,0.1409,-1.0742,8.1602,0.04,0.00,0.00,1
24.804,-5.25,0.86,-0.1133,-0.0149,-0.8438,9.6484,0.04,0.00,0.00,1
24.823,-5.23,0.87,-0.6133,-0.1535,-1.0742,8.4258,0.04,0.00,0.00,1
24.837,-5.21,0.85,0.5742,-0.1291,-0.6523,10.1523,0.04,0.00,0.00,1
24.854,-5.19,0.82,0.2305,0.0346,-0.9180,9.3437,0.04,0.00,0.00,1
24.877,-5.16,0.81,-0.3828,0.0833,-0.6914,8.6992,0.04,0.00,0.00,1
24.895,-5.13,0.80,0.1523,-0.0061,-0.6523,9.6094,0.04,0.00,0.00,1
24.907,-5.12,0.81,-1.1875,-0.0782,-0.8828,7.6562,0.04,0.00,0.00,1
24.925,-5.09,0.78,0.3047,-0.2734,-0.6523,9.9609,0.04,0.00,0.00,1
24.945,-5.08,0.77,-0.3437,-0.2091,-0.5742,9.1172,0.04,0.00,0.00,1
24.956,-5.07,0.75,0.5742,-0.1563,-0.6523,10.2695,0.04,0.00,0.00,1
24.975,-5.06,0.74,0.4609,0.0418,-0.8438,9.3867,0.04,0.00,0.00,1
24.994,-5.05,0.73,0.2695,0.1423,-0.3437,10.2305,0.04,0.00,0.00,1
25.007,-5.05,0.71,-0.9961,0.0606,-0.9570,7.6562,0.04,0.00,0.00,1
25.024,-5.04,0.69,-0.3828,-0.1639,-0.6523,9.4219,0.04,0.00,0.00,1
25.043,-5.04,0.66,0.3828,-0.0565,-0.7266,9.9219,0.04,0.00,0.00,1
25.058,-5.05,0.65,-0.4961,-0.1538,-0.4609,8.9219,0.04,0.00,0.00,1
25.075,-5.05,0.64,-0.0781,-0.1584,-0.5352,9.0430,0.04,0.00,0.00,1
25.095,-5.07,0.63,0.4609,-0.1878,-0.2695,10.0312,0.04,0.00,0.00,1
25.115,-5.08,0.62,0.3437,-0.0218,-0.6914,9.8437,0.04,0.00,0.00,1
25.126,-5.11,0.63,0.6914,0.0869,-0.7656,10.6914,0.04,0.00,0.00,1
25.145,-5.14,0.63,-0.1523,0.1908,-0.6523,9.0820,0.04,0.00,0.00,1
25.165,-5.18,0.62,0.1523,0.1413,-0.5352,9.8477,0.04,0.00,0.00,1
25.177,-5.20,0.61,-1.1875,0.0358,-0.9180,7.6992,0.04,0.00,0.00,1
25.194,-5.23,0.57,0.3828,-0.0337,-0.7656,9.6875,0.04,0.00,0.00,1
25.214,-5.28,0.57,0.0391,0.0083,-0.8438,10.3047,0.04,0.00,0.00,1
25.228,-5.30,0.57,-0.5352,-0.1119,-1.1875,8.2383,0.04,0.00,0.00,1
25.245,-5.34,0.57,0.0000,-0.1135,-1.0352,9.8047,0.04,0.00,0.00,1
25.266,-5.37,0.57,0.2305,-0.1488,-1.0352,9.3437,0.04,0.00,0.00,1
25.285,-5.40,0.57,-0.3437,-0.0872,-0.9180,9.5430,0.04,0.00,0.00,1
25.297,-5.41,0.56,0.3047,-0.0921,-1.1875,9.8828,0.04,0.00,0.00,1
25.314,-5.44,0.57,-0.1523,-0.0161,-1.1094,8.8828,0.04,0.00,0.00,1
25.333,-5.45,0.55,0.1523,0.0049,-0.7656,10.0352,0.04,0.00,0.00,1
25.347,-5.46,0.55,-1.0352,-0.0675,-1.1094,7.6250,0.04,0.00,0.00,1
25.365,-5.48,0.52,0.2305,-0.1173,-0.9180,9.6875,0.04,0.00,0.00,1
25.384,-5.49,0.51,-0.1133,-0.0947,-0.9180,10.1094,0.04,0.00,0.00,1
25.398,-5.49,0.51,-0.5352,-0.1624,-1.0352,8.4648,0.04,0.00,0.00,1
25.415,-5.51,0.50,0.1133,-0.1246,-1.0352,9.7305,0.04,0.00,0.00,1
25.437,-5.52,0.51,0.0000,-0.0677,-0.8828,9.3867,0.04,0.00,0.00,1
25.454,-5.52,0.48,0.1133,-0.0394,-1.0352,9.8047,0.04,0.00,0.00,1
25.467,-5.53,0.47,0.5352,0.0281,-1.4180,10.1914,0.04,0.00,0.00,1
25.485,-5.53,0.47,-0.4961,0.0894,-0.7656,8.7344,0.04,0.00,0.00,1
25.503,-5.53,0.46,-0.3828,-0.0851,-1.1094,9.3437,0.04,0.00,0.00,1
25.517,-5.53,0.47,-0.8438,-0.1677,-1.1094,8.1172,0.04,0.00,0.00,1
25.534,-5.53,0.46,0.6133,-0.1356,-0.7266,10.6094,0.04,0.00,0.00,1
25.553,-5.52,0.44,0.2695,0.0007,-1.2656,9.5000,0.04,0.00,0.00,1
25.568,-5.52,0.45,0.4961,0.0601,-1.1094,10.0703,0.04,0.00,0.00,1
25.585,-5.51,0.44,-0.3437,0.0229,-0.8438,9.0820,0.04,0.00,0.00,1
25.607,-5.49,0.44,-0.8438,-0.0021,-0.6914,8.4609,0.04,0.00,0.00,1
25.626,-5.48,0.42,0.2695,-0.1518,-0.8047,9.5000,0.04,0.00,0.00,1
25.638,-5.48,0.44,-0.2305,-0.0985,-0.7266,9.8437,0.04,0.00,0.00,1
25.654,-5.47,0.43,-0.4609,-0.1544,-0.8438,8.3125,0.04,0.00,0.00,1
25.673,-5.47,0.44,0.2695,-0.1291,-0.7656,10.1133,0.04,0.00,0.00,1
25.687,-5.46,0.44,0.1914,-0.0741,-0.6523,9.6523,0.04,0.00,0.00,1
25.704,-5.46,0.44,0.6523,0.0380,-0.8438,9.5039,0.04,0.00,0.00,1
25.725,-5.47,0.42,-0.0781,0.0858,-0.3437,10.4531,0.04,0.00,0.00,1
25.738,-5.47,0.43,0.4961,0.1066,-1.0352,9.4219,0.04,0.00,0.00,1
25.755,-5.48,0.45,0.0391,0.1382,-0.7656,9.5391,0.04,0.00,0.00,1
25.773,-5.49,0.48,0.1914,0.1438,-0.6523,10.0352,0.04,0.00,0.00,1
25.795,-5.51,0.48,-0.0781,-0.1214,-0.5742,9.6875,0.04,0.00,0.00,1
25.813,-5.53,0.48,-0.0391,-0.0980,-0.7656,9.3086,0.04,0.00,0.00,1
25.826,-5.54,0.49,0.0000,-0.0858,-0.9180,9.1953,0.04,0.00,0.00,1
25.846,-5.57,0.50,0.1133,-0.0315,-0.7266,9.8867,0.04,0.00,0.00,1
25.857,-5.58,0.50,0.4609,0.0284,-0.8047,9.7266,0.04,0.00,0.00,1
25.875,-5.60,0.53,-0.6914,0.0588,-0.9180,8.1172,0.04,0.00,0.00,1
25.894,-5.63,0.54,-0.0781,-0.0612,-0.9961,9.3867,0.04,0.00,0.00,1
25.908,-5.64,0.53,-0.2695,-0.0791,-0.8828,9.5430,0.04,0.00,0.00,1
25.925,-5.67,0.54,-0.3437,-0.1605,-1.1484,8.4609,0.04,0.00,0.00,1
25.944,-5.70,0.55,0.1133,-0.1113,-1.0742,9.5391,0.04,0.00,0.00,1
25.965,-5.72,0.57,-0.1523,-0.0254,-1.1094,8.6992,0.04,0.00,0.00,1
25.976,-5.73,0.56,-0.1523,-0.0449,-1.1094,8.6992,0.04,0.00,0.00,1
25.996,-5.75,0.54,-0.0781,-0.1146,-1.1094,8.7344,0.04,0.00,0.00,1
26.015,-5.78,0.55,-0.6914,-0.1533,-0.9570,8.5000,0.04,0.00,0.00,1
26.028,-5.79,0.56,-0.0391,-0.2202,-0.7266,9.5820,0.04,0.00,0.00,1
26.046,-5.82,0.56,-0.3437,-0.1932,-1.0352,8.5820,0.04,0.00,0.00,1
26.064,-5.84,0.54,0.2695,-0.1088,-0.7656,9.9258,0.04,0.00,0.00,1
26.078,-5.86,0.53,0.1523,-0.0601,-0.8438,9.9219,0.04,0.00,0.00,1
26.096,-5.89,0.52,0.4961,0.0884,-1.1484,9.8437,0.04,0.00,0.00,1
26.114,-5.92,0.52,-0.7266,-0.0665,-0.7266,8.9219,0.04,0.00,0.00,1
26.136,-5.96,0.51,-0.9961,-0.1531,-1.0742,8.0391,0.04,0.00,0.00,1
26.146,-5.97,0.51,-0.9961,-0.2826,-1.0742,8.0391,0.04,0.00,0.00,1
26.167,-6.01,0.50,0.0781,-0.1043,-1.0352,10.0742,0.04,0.00,0.00,1
26.186,-6.05,0.49,0.2305,-0.0403,-1.0742,9.4219,0.04,0.00,0.00,1
26.197,-6.07,0.49,-0.3047,-0.0232,-0.9570,9.2695,0.04,0.00,0.00,1
26.215,-6.12,0.48,0.4961,-0.0390,-0.8047,10.0352,0.04,0.00,0.00,1
26.235,-6.16,0.49,-0.8438,-0.1531,-1.0742,8.2734,0.04,0.00,0.00,1
26.248,-6.19,0.48,0.0391,-0.1886,-0.9961,9.7305,0.04,0.00,0.00,1
26.265,-6.23,0.49,-0.4219,-0.2130,-0.9570,9.5781,0.04,0.00,0.00,1
26.285,-6.27,0.50,-0.3437,-0.2669,-1.2656,8.3164,0.04,0.00,0.00,1
26.307,-6.31,0.49,0.1914,-0.1803,-1.1094,9.6094,0.04,0.00,0.00,1
26.316,-6.34,0.50,0.1914,-0.1232,-1.1094,9.6094,0.04,0.00,0.00,1
26.337,-6.38,0.48,-0.1523,-0.0355,-1.2266,9.6484,0.04,0.00,0.00,1
26.355,-6.42,0.51,0.4961,-0.0168,-1.5703,9.8867,0.04,0.00,0.00,1
26.367,-6.43,0.51,-0.4609,0.0202,-1.0742,9.3086,0.04,0.00,0.00,1
26.385,-6.46,0.50,0.1914,-0.0641,-1.3398,9.8828,0.04,0.00,0.00,1
26.405,-6.49,0.50,-1.1484,-0.2735,-1.3398,8.1992,0.04,0.00,0.00,1
26.418,-6.50,0.49,0.3047,-0.2916,-1.2656,10.0312,0.04,0.00,0.00,1
26.435,-6.53,0.48,-0.1523,-0.1591,-1.3398,9.8867,0.04,0.00,0.00,1
26.454,-6.54,0.51,-0.1133,-0.1481,-1.3789,9.5430,0.04,0.00,0.00,1
26.477,-6.55,0.52,0.3047,-0.0638,-1.1875,10.1875,0.04,0.00,0.00,1
26.486,-6.55,0.53,0.3047,-0.0072,-1.1875,10.1875,0.04,0.00,0.00,1
26.508,-6.55,0.53,-0.0391,-0.0604,-1.1094,9.3437,0.04,0.00,0.00,1
26.525,-6.55,0.52,0.3047,-0.0269,-1.2656,9.8477,0.04,0.00,0.00,1
26.545,-6.55,0.53,-0.6523,-0.1256,-0.9961,7.9727,0.04,0.00,0.00,1
26.555,-6.55,0.52,0.0781,-0.1481,-1.0742,9.7695,0.04,0.00,0.00,1
26.575,-6.54,0.54,-0.7656,-0.1514,-1.2266,7.5859,0.04,0.00,0.00,1
26.588,-6.54,0.54,0.4609,-0.1892,-0.7266,9.7656,0.04,0.00,0.00,1
26.606,-6.54,0.57,-0.1523,-0.0539,-1.0352,9.0820,0.04,0.00,0.00,1
26.624,-6.55,0.58,-0.1523,-0.0875,-1.2266,8.5430,0.04,0.00,0.00,1
26.647,-6.55,0.57,0.4961,-0.0426,-1.0742,9.8437,0.04,0.00,0.00,1
26.656,-6.55,0.56,0.4961,0.0401,-1.0742,9.8437,0.04,0.00,0.00,1
26.673,-6.55,0.54,-0.8828,-0.1357,-0.9961,8.0078,0.04,0.00,0.00,1
26.696,-6.56,0.51,-0.2305,-0.1363,-1.1484,9.4219,0.04,0.00,0.00,1
26.707,-6.57,0.51,-0.2305,-0.1507,-1.1484,9.4219,0.04,0.00,0.00,1
26.727,-6.57,0.50,-0.0391,-0.2125,-1.1094,9.5781,0.04,0.00,0.00,1
26.746,-6.57,0.50,-0.1133,-0.1693,-1.1094,9.0781,0.04,0.00,0.00,1
26.758,-6.57,0.48,0.0781,-0.1416,-1.1875,9.1953,0.04,0.00,0.00,1
26.775,-6.57,0.44,-0.0391,-0.0886,-1.0742,9.6133,0.04,0.00,0.00,1
26.794,-6.57,0.40,0.3828,0.0216,-1.4922,9.6133,0.04,0.00,0.00,1
26.814,-6.56,0.38,-0.6523,-0.1050,-0.9961,8.4219,0.04,0.00,0.00,1
26.826,-6.56,0.37,-0.1914,-0.1241,-1.2266,9.3086,0.04,0.00,0.00,1
26.845,-6.55,0.35,-1.1875,-0.3637,-1.1875,7.5469,0.04,0.00,0.00,1
26.867,-6.55,0.33,-0.0781,-0.1960,-1.1875,9.2305,0.04,0.00,0.00,1
26.877,-6.54,0.30,-0.0781,-0.1779,-1.1875,9.2305,0.04,0.00,0.00,1
26.897,-6.53,0.26,0.2305,-0.1653,-1.2656,9.5430,0.04,0.00,0.00,1
26.916,-6.50,0.21,0.3828,-0.0409,-1.2266,10.3047,0.04,0.00,0.00,1
26.928,-6.49,0.20,-0.4961,-0.0174,-1.3008,8.3555,0.04,0.00,0.00,1
26.946,-6.46,0.13,-0.0781,-0.1197,-1.3789,9.3047,0.04,0.00,0.00,1
26.964,-6.42,0.10,0.1523,-0.0545,-1.4570,10.2656,0.04,0.00,0.00,1
26.985,-6.38,0.08,-0.8438,-0.2163,-1.4570,8.4219,0.04,0.00,0.00,1
26.996,-6.38,0.08,0.1914,-0.1537,-1.0742,10.2656,0.04,0.00,0.00,1
27.014,-6.32,0.04,-0.8828,-0.2738,-1.4180,8.2383,0.04,0.00,0.00,1
27.036,-6.26,0.01,-0.3047,-0.1695,-1.0742,9.6914,0.04,0.00,0.00,1
27.047,-6.23,-0.01,-0.3047,-0.1903,-1.0742,9.6914,0.04,0.00,0.00,1
27.068,-6.18,-0.03,0.1523,-0.0997,-0.9570,9.7305,0.04,0.00,0.00,1
27.086,-6.12,-0.06,0.8438,0.0271,-0.8047,10.3086,0.04,0.00,0.00,1
27.099,-6.10,-0.06,-0.6523,0.0882,-1.1094,8.1562,0.04,0.00,0.00,1
27.115,-6.05,-0.08,0.1523,-0.0575,-0.7266,10.0039,0.04,0.00,0.00,1
27.134,-6.02,-0.06,0.2695,0.0200,-1.1875,9.3477,0.04,0.00,0.00,1
27.153,-5.95,-0.07,-0.4961,-0.0644,-0.8047,8.9609,0.04,0.00,0.00,1
27.166,-5.93,-0.09,0.3828,-0.0604,-0.9570,9.8047,0.04,0.00,0.00,1
27.184,-5.89,-0.09,-0.3437,-0.0701,-0.9961,8.9219,0.04,0.00,0.00,1
27.204,-5.85,-0.13,0.3828,0.0131,-0.7266,9.6914,0.04,0.00,0.00,1
27.217,-5.83,-0.14,-0.0391,0.0016,-1.0742,8.9609,0.04,0.00,0.00,1
27.234,-5.78,-0.15,0.4609,0.1007,-1.2266,10.0742,0.04,0.00,0.00,1
27.255,-5.74,-0.16,0.6523,0.1389,-0.8438,10.5742,0.04,0.00,0.00,1
27.275,-5.72,-0.15,-0.9180,0.0433,-0.8438,8.2383,0.04,0.00,0.00,1
27.287,-5.67,-0.16,0.3828,-0.0653,-0.6914,10.1133,0.04,0.00,0.00,1
27.305,-5.64,-0.17,0.0000,0.0311,-1.0742,9.6133,0.04,0.00,0.00,1
27.319,-5.62,-0.17,-0.4219,-0.0095,-0.7266,8.8437,0.04,0.00,0.00,1
27.336,-5.58,-0.17,0.1523,-0.0805,-0.8828,9.0820,0.04,0.00,0.00,1
27.353,-5.55,-0.16,0.0000,-0.0348,-0.7656,9.5781,0.04,0.00,0.00,1
27.374,-5.52,-0.17,0.4609,0.0770,-0.6523,9.4219,0.04,0.00,0.00,1
27.387,-5.51,-0.16,0.0391,0.0686,-0.6523,10.0039,0.04,0.00,0.00,1
27.405,-5.48,-0.14,0.6523,0.1960,-1.1484,9.6133,0.04,0.00,0.00,1
27.425,-5.45,-0.13,0.3047,0.1648,-0.4961,10.0703,0.04,0.00,0.00,1
27.438,-5.44,-0.13,0.3047,0.1863,-0.4961,10.0703,0.04,0.00,0.00,1
27.457,-5.42,-0.14,0.3047,-0.0303,-0.4219,10.0742,0.04,0.00,0.00,1
27.476,-5.40,-0.16,0.1133,0.0494,-0.9180,9.3867,0.04,0.00,0.00,1
27.494,-5.39,-0.15,-0.4219,-0.0472,-0.8828,8.5781,0.04,0.00,0.00,1
27.506,-5.38,-0.15,0.2305,-0.0526,-0.8047,9.7656,0.04,0.00,0.00,1
27.524,-5.37,-0.14,0.4609,0.0949,-0.8047,9.3828,0.04,0.00,0.00,1
27.545,-5.36,-0.15,0.1523,0.1304,-0.7266,9.5039,0.04,0.00,0.00,1
27.557,-5.36,-0.15,0.1523,0.1338,-0.7266,9.3047,0.04,0.00,0.00,1
27.575,-5.35,-0.11,0.4961,0.2151,-0.9180,10.1094,0.04,0.00,0.00,1
27.596,-5.34,-0.11,0.3437,0.1277,-0.8047,9.6133,0.04,0.00,0.00,1
27.608,-5.33,-0.11,0.3437,0.1609,-0.8047,9.6133,0.04,0.00,0.00,1
27.627,-5.32,-0.12,0.4219,-0.0123,-0.6523,10.0352,0.04,0.00,0.00,1
27.646,-5.32,-0.12,0.0781,0.0833,-0.6523,9.7305,0.04,0.00,0.00,1
27.665,-5.32,-0.12,0.1133,0.0893,-0.7656,9.2266,0.04,0.00,0.00,1
27.676,-5.33,-0.11,0.3828,0.1146,-0.6523,9.6484,0.04,0.00,0.00,1
27.695,-5.33,-0.11,0.3828,0.2060,-0.4609,10.0312,0.04,0.00,0.00,1
27.714,-5.34,-0.12,-0.3437,0.0954,-1.0352,8.0820,0.04,0.00,0.00,1
27.727,-5.34,-0.13,-0.1523,0.0432,-0.3047,10.4180,0.04,0.00,0.00,1
27.744,-5.36,-0.12,0.4219,0.1036,-1.1484,9.1602,0.04,0.00,0.00,1
27.768,-5.38,-0.12,-0.1914,-0.0238,-0.5352,9.3828,0.04,0.00,0.00,1
27.778,-5.39,-0.12,-0.1914,-0.0496,-0.5352,9.3828,0.04,0.00,0.00,1
27.798,-5.42,-0.11,0.5742,-0.1067,-0.5352,10.3437,0.04,0.00,0.00,1
27.816,-5.45,-0.10,0.1523,0.0527,-0.7266,9.9219,0.04,0.00,0.00,1
27.835,-5.47,-0.10,0.0391,0.0635,-0.8438,8.8867,0.04,0.00,0.00,1
27.846,-5.50,-0.08,0.0391,0.0598,-0.7266,9.9219,0.04,0.00,0.00,1
27.866,-5.54,-0.09,0.2695,0.1037,-0.6914,9.6875,0.04,0.00,0.00,1
27.884,-5.57,-0.10,-0.1523,0.0669,-0.8828,8.9219,0.04,0.00,0.00,1
27.897,-5.59,-0.11,0.1133,0.0545,-0.8047,9.8086,0.04,0.00,0.00,1
27.914,-5.64,-0.10,0.3828,0.1342,-0.9180,10.3047,0.04,0.00,0.00,1
27.934,-5.68,-0.10,-0.4609,0.0180,-0.9961,8.0078,0.04,0.00,0.00,1
27.948,-5.71,-0.10,0.0391,0.0226,-0.6914,9.8086,0.04,0.00,0.00,1
27.965,-5.76,-0.08,-0.8438,-0.1681,-1.0742,8.1172,0.04,0.00,0.00,1
27.986,-5.80,-0.06,0.0781,0.0759,-1.1484,10.0000,0.04,0.00,0.00,1
28.008,-5.85,-0.05,0.1914,0.1017,-1.0352,9.0781,0.04,0.00,0.00,1
28.016,-5.87,-0.05,0.0781,0.1125,-0.9570,9.5430,0.04,0.00,0.00,1
28.036,-5.90,-0.06,0.3828,0.1271,-0.9961,9.7656,0.04,0.00,0.00,1
28.054,-5.95,-0.07,-0.4219,0.0362,-0.9961,8.5781,0.04,0.00,0.00,1
28.067,-5.97,-0.08,0.1133,0.0087,-1.0742,9.8828,0.04,0.00,0.00,1
28.085,-6.01,-0.08,0.2695,0.0789,-1.1094,9.6133,0.04,0.00,0.00,1
28.105,-6.04,-0.07,-0.6914,-0.0797,-0.9570,8.3164,0.04,0.00,0.00,1
28.118,-6.06,-0.08,-0.1133,-0.0871,-1.0352,9.2305,0.04,0.00,0.00,1
28.135,-6.09,-0.08,-0.2695,-0.1291,-1.0742,8.8164,0.04,0.00,0.00,1
28.158,-6.13,-0.08,0.1523,0.1262,-0.9961,9.5820,0.04,0.00,0.00,1
28.169,-6.15,-0.09,0.1523,0.1303,-0.9961,9.5820,0.04,0.00,0.00,1
28.188,-6.19,-0.08,0.0781,0.2018,-0.7266,9.3477,0.04,0.00,0.00,1
28.205,-6.22,-0.08,0.3047,0.1849,-1.2266,9.5781,0.04,0.00,0.00,1
28.225,-6.25,-0.08,-0.6914,0.0053,-0.9570,8.3906,0.04,0.00,0.00,1
28.237,-6.27,-0.10,0.0781,-0.0402,-0.9961,9.5820,0.04,0.00,0.00,1
28.255,-6.30,-0.08,0.3828,0.0676,-1.4922,10.0000,0.04,0.00,0.00,1
28.275,-6.33,-0.06,-0.8047,-0.1058,-1.1094,8.3125,0.04,0.00,0.00,1
28.288,-6.35,-0.07,-0.1133,-0.1075,-1.0352,9.5430,0.04,0.00,0.00,1
28.305,-6.37,-0.06,-0.5742,-0.2115,-1.4180,8.4609,0.04,0.00,0.00,1
28.328,-6.39,-0.07,-0.1133,-0.0875,-1.3789,9.8477,0.04,0.00,0.00,1
28.339,-6.40,-0.07,-0.1133,-0.0915,-1.3789,9.8477,0.04,0.00,0.00,1
28.357,-6.42,-0.05,0.1523,-0.0315,-1.1094,9.9609,0.04,0.00,0.00,1
28.376,-6.42,-0.05,0.2305,0.0269,-1.3008,9.6094,0.04,0.00,0.00,1
28.394,-6.43,-0.07,-0.3828,-0.0394,-1.2266,8.6953,0.04,0.00,0.00,1
28.407,-6.43,-0.08,-0.1133,-0.0706,-1.1094,9.2266,0.04,0.00,0.00,1
28.427,-6.42,-0.08,0.6133,0.0756,-1.3008,10.5703,0.04,0.00,0.00,1
28.445,-6.42,-0.08,-0.3437,0.0163,-1.3398,8.4648,0.04,0.00,0.00,1
28.458,-6.42,-0.08,0.0781,-0.0052,-0.7656,10.0000,0.04,0.00,0.00,1
28.476,-6.41,-0.08,-0.8828,-0.1895,-1.4180,7.8164,0.04,0.00,0.00,1
28.498,-6.41,-0.06,0.2305,-0.1340,-1.1094,9.8477,0.04,0.00,0.00,1
28.515,-6.40,-0.06,-0.6133,-0.0981,-1.2656,8.1172,0.04,0.00,0.00,1
28.528,-6.40,-0.04,0.0781,-0.1568,-0.9570,9.7305,0.04,0.00,0.00,1
28.545,-6.39,-0.04,-0.1914,-0.1118,-1.1875,8.9258,0.04,0.00,0.00,1
28.566,-6.37,-0.05,0.4219,-0.0032,-1.0352,9.6133,0.04,0.00,0.00,1
28.577,-6.37,-0.05,0.1523,0.0405,-1.0742,9.4258,0.04,0.00,0.00,1
28.596,-6.37,-0.06,0.5352,0.1311,-1.1875,10.2656,0.04,0.00,0.00,1
28.614,-6.35,-0.05,0.2695,0.1869,-1.3008,9.2266,0.04,0.00,0.00,1
28.628,-6.34,-0.04,0.4219,0.2118,-1.0742,10.0742,0.04,0.00,0.00,1
28.645,-6.32,-0.05,-0.8828,-0.0054,-0.9180,8.0430,0.04,0.00,0.00,1
28.664,-6.30,-0.05,0.1523,-0.0251,-1.1484,9.8828,0.04,0.00,0.00,1
28.679,-6.29,-0.05,0.4609,0.0825,-1.4922,9.7695,0.04,0.00,0.00,1
28.696,-6.27,-0.04,-0.6914,-0.0652,-1.1094,8.4648,0.04,0.00,0.00,1
28.716,-6.25,-0.03,-0.4609,-0.0799,-1.2266,8.5430,0.04,0.00,0.00,1
28.735,-6.22,-0.03,0.2695,-0.1295,-0.8047,10.0352,0.04,0.00,0.00,1
28.747,-6.20,-0.03,0.1523,-0.0506,-1.1875,9.0820,0.04,0.00,0.00,1
28.765,-6.17,-0.04,0.4961,0.0345,-1.2266,10.1484,0.04,0.00,0.00,1
28.785,-6.14,-0.04,0.1523,0.1158,-1.1094,9.4258,0.04,0.00,0.00,1
28.798,-6.13,-0.04,0.3437,0.1367,-1.0352,9.7656,0.04,0.00,0.00,1
28.815,-6.10,-0.03,-0.9570,-0.0806,-1.0352,7.9297,0.04,0.00,0.00,1
28.835,-6.06,-0.02,0.3047,-0.0499,-1.0742,9.5430,0.04,0.00,0.00,1
28.849,-6.04,-0.03,-0.0391,-0.0475,-0.9570,9.8047,0.04,0.00,0.00,1
28.866,-6.01,-0.01,-0.4219,-0.1298,-1.0742,8.5430,0.04,0.00,0.00,1
28.887,-5.97,-0.01,0.1133,-0.0663,-0.8047,9.4258,0.04,0.00,0.00,1
28.905,-5.93,-0.03,0.1523,-0.0123,-0.9570,9.2305,0.04,0.00,0.00,1
28.918,-5.92,-0.04,0.2305,0.0304,-0.7656,9.8477,0.04,0.00,0.00,1
28.936,-5.89,-0.04,0.7656,0.1300,-1.4180,10.1133,0.04,0.00,0.00,1
28.955,-5.86,-0.03,-0.4961,0.0674,-0.6523,8.9648,0.04,0.00,0.00,1
28.968,-5.85,-0.04,0.1523,0.0328,-0.9180,9.2656,0.04,0.00,0.00,1
28.985,-5.82,-0.03,-0.8438,-0.1469,-1.1094,8.0781,0.04,0.00,0.00,1
29.005,-5.78,-0.06,0.4609,-0.0558,-0.5352,10.2656,0.04,0.00,0.00,1
29.019,-5.78,-0.06,0.1914,-0.0178,-0.8828,9.4609,0.04,0.00,0.00,1
29.036,-5.74,-0.05,0.0781,0.0284,-0.8828,9.5039,0.04,0.00,0.00,1
29.058,-5.72,-0.06,0.5742,0.1002,-0.6914,10.1094,0.04,0.00,0.00,1
29.076,-5.70,-0.05,-0.5742,0.1427,-0.9180,8.3164,0.04,0.00,0.00,1
29.088,-5.69,-0.06,0.1914,0.0453,-0.7656,9.6914,0.04,0.00,0.00,1
29.106,-5.67,-0.07,-0.0391,0.0683,-1.0352,9.4219,0.04,0.00,0.00,1
29.124,-5.66,-0.06,-0.3828,-0.0444,-0.9570,8.6211,0.04,0.00,0.00,1
29.138,-5.65,-0.07,0.0391,-0.0626,-0.8047,9.3437,0.04,0.00,0.00,1
29.155,-5.64,-0.07,0.4609,0.0310,-0.8828,9.7305,0.04,0.00,0.00,1
29.175,-5.63,-0.07,0.1523,0.0847,-0.8828,9.1602,0.04,0.00,0.00,1
29.189,-5.62,-0.08,0.1523,0.0951,-0.7656,9.9258,0.04,0.00,0.00,1
29.207,-5.61,-0.08,-0.0781,0.0636,-1.0742,8.9258,0.04,0.00,0.00,1
29.229,-5.60,-0.08,0.3047,-0.1100,-0.5742,10.0312,0.04,0.00,0.00,1
29.246,-5.59,-0.08,-0.1523,-0.0289,-1.1484,8.5000,0.04,0.00,0.00,1
29.258,-5.59,-0.08,0.5742,0.0019,-0.6523,10.2266,0.04,0.00,0.00,1
29.276,-5.58,-0.10,0.0391,0.1214,-0.8438,9.4219,0.04,0.00,0.00,1
29.295,-5.58,-0.11,0.5742,0.1802,-0.9570,9.9609,0.04,0.00,0.00,1
29.308,-5.58,-0.10,-0.0391,0.1917,-0.8047,9.1562,0.04,0.00,0.00,1
29.326,-5.58,-0.11,0.4219,0.1631,-0.5742,10.2305,0.04,0.00,0.00,1
29.344,-5.59,-0.10,-1.1875,-0.1048,-1.0352,7.6562,0.04,0.00,0.00,1
29.359,-5.59,-0.11,0.4961,-0.1364,-0.5742,10.3828,0.04,0.00,0.00,1
29.376,-5.60,-0.08,0.1914,0.0118,-1.0742,9.5039,0.04,0.00,0.00,1
29.395,-5.62,-0.07,-0.3047,-0.0471,-0.8047,8.9648,0.04,0.00,0.00,1
29.416,-5.62,-0.08,0.4961,-0.0311,-0.9180,9.8477,0.04,0.00,0.00,1
29.434,-5.64,-0.07,-0.1523,0.0051,-0.9570,9.3867,0.04,0.00,0.00,1
29.446,-5.64,-0.09,0.2305,0.0116,-0.9570,9.8437,0.04,0.00,0.00,1
29.465,-5.65,-0.06,-0.0391,0.0521,-1.2656,9.4609,0.04,0.00,0.00,1
29.478,-5.65,-0.04,-0.6523,-0.0171,-1.0352,8.3516,0.04,0.00,0.00,1
29.495,-5.65,-0.03,0.0000,-0.1451,-0.9570,9.7305,0.04,0.00,0.00,1
29.515,-5.65,-0.03,-0.0781,-0.1129,-1.3398,8.6953,0.04,0.00,0.00,1
29.535,-5.64,-0.05,0.4609,0.0162,-0.9570,10.4922,0.04,0.00,0.00,1
29.546,-5.64,-0.03,0.1523,0.0464,-0.9961,9.6094,0.04,0.00,0.00,1
29.565,-5.64,-0.01,0.4961,0.1525,-1.4180,9.9219,0.04,0.00,0.00,1
29.586,-5.62,-0.01,0.1133,0.0245,-0.8047,9.6133,0.04,0.00,0.00,1
29.597,-5.61,-0.00,0.1133,0.0381,-0.8047,9.6133,0.04,0.00,0.00,1
29.618,-5.58,-0.02,0.3828,-0.3543,-0.7656,9.8828,0.04,0.00,0.00,1
29.636,-5.56,-0.03,0.0000,-0.1758,-0.9961,9.0820,0.04,0.00,0.00,1
29.648,-5.55,-0.03,-0.3828,-0.1676,-0.8438,9.2305,0.04,0.00,0.00,1
29.666,-5.53,-0.03,0.0391,-0.1949,-0.9180,8.9648,0.04,0.00,0.00,1
29.685,-5.50,-0.03,0.3047,-0.0563,-0.7656,9.8867,0.04,0.00,0.00,1
29.699,-5.49,-0.04,-0.3828,-0.0559,-0.6914,8.5781,0.04,0.00,0.00,1
29.717,-5.48,-0.05,0.2695,-0.0484,-0.7656,9.6875,0.04,0.00,0.00,1
29.735,-5.46,-0.06,0.4609,0.0841,-0.9961,9.9648,0.04,0.00,0.00,1
29.758,-5.44,-0.07,-0.0391,0.1726,-0.4609,10.0312,0.04,0.00,0.00,1
29.767,-5.44,-0.07,-0.0391,0.1401,-0.4609,10.0312,0.04,0.00,0.00,1
29.788,-5.43,-0.08,0.7266,0.0782,-0.3047,10.8398,0.04,0.00,0.00,1
29.806,-5.42,-0.08,0.2695,0.2255,-0.9180,9.5430,0.04,0.00,0.00,1
29.818,-5.41,-0.08,0.4961,0.2534,-1.0352,10.1484,0.04,0.00,0.00,1
29.835,-5.42,-0.06,0.0391,0.2857,-0.6914,9.5391,0.04,0.00,0.00,1
29.855,-5.42,-0.07,0.3828,0.2777,-0.9180,9.8477,0.04,0.00,0.00,1
29.869,-5.42,-0.07,-0.6133,0.2141,-0.7266,8.5430,0.04,0.00,0.00,1
29.886,-5.42,-0.08,0.2695,0.1151,-0.8828,9.6484,0.04,0.00,0.00,1
29.904,-5.43,-0.08,-0.1133,0.0830,-0.7266,9.8477,0.04,0.00,0.00,1
29.928,-5.43,-0.08,0.0391,-0.0576,-0.7266,9.8047,0.04,0.00,0.00,1
29.937,-5.43,-0.08,0.0391,-0.0428,-0.7266,9.8047,0.04,0.00,0.00,1
29.954,-5.43,-0.08,0.2305,0.0228,-0.8828,9.3828,0.04,0.00,0.00,1
29.976,-5.44,-0.10,0.1914,0.0905,-0.8047,9.9648,0.04,0.00,0.00,1
29.988,-5.43,-0.11,0.3047,0.1219,-1.1875,9.6133,0.04,0.00,0.00,1
30.006,-5.44,-0.11,-0.5352,0.1065,-0.7266,8.5820,0.04,0.00,0.00,1
30.026,-5.44,-0.11,-0.1133,-0.0189,-0.7266,9.4648,0.04,0.00,0.00,1
30.039,-5.46,-0.11,-0.6523,-0.0829,-1.0742,8.4609,0.04,0.00,0.00,1
30.057,-5.45,-0.12,0.7266,-0.1341,-0.6914,10.3437,0.04,0.00,0.00,1
30.075,-5.46,-0.13,0.3437,0.0746,-1.1875,9.6914,0.04,0.00,0.00,1
30.094,-5.46,-0.12,0.2695,0.1345,-0.9961,9.8047,0.04,0.00,0.00,1
30.107,-5.46,-0.12,-0.2305,0.0537,-0.9961,8.7734,0.04,0.00,0.00,1
30.125,-5.46,-0.11,0.4609,0.1262,-0.9961,10.2656,0.04,0.00,0.00,1
30.146,-5.45,-0.11,0.2305,-0.1481,-1.0742,9.8477,0.04,0.00,0.00,1
30.158,-5.45,-0.11,0.2305,-0.0900,-1.0742,9.8477,0.04,0.00,0.00,1
30.177,-5.43,-0.11,0.1523,-0.1269,-0.9961,10.0312,0.04,0.00,0.00,1
30.196,-5.42,-0.11,0.1133,-0.0508,-1.1484,8.8164,0.04,0.00,0.00,1
30.215,-5.39,-0.10,0.3437,0.0561,-0.8828,10.2305,0.04,0.00,0.00,1
30.226,-5.37,-0.11,-0.8438,0.0053,-1.1484,7.6953,0.04,0.00,0.00,1
30.245,-5.34,-0.11,-0.0391,-0.1061,-1.1484,9.5781,0.04,0.00,0.00,1
30.264,-5.30,-0.11,0.0000,-0.0784,-1.1484,9.1992,0.04,0.00,0.00,1
30.277,-5.28,-0.11,-0.4609,-0.1631,-0.9180,8.7383,0.04,0.00,0.00,1
30.294,-5.23,-0.12,-0.0391,-0.1542,-0.8047,9.3086,0.04,0.00,0.00,1
30.317,-5.19,-0.11,0.4961,-0.0783,-0.6133,9.7305,0.04,0.00,0.00,1
30.328,-5.17,-0.13,0.4961,0.0099,-0.6133,9.7305,0.04,0.00,0.00,1
30.347,-5.12,-0.13,0.6133,0.1629,-0.9570,9.9648,0.04,0.00,0.00,1
30.366,-5.08,-0.13,-0.4961,0.2019,-0.5352,8.9219,0.04,0.00,0.00,1
30.379,-5.06,-0.14,0.0781,0.0933,-0.7266,9.1602,0.04,0.00,0.00,1
30.396,-5.02,-0.14,-0.8047,0.0184,-0.8438,8.0781,0.04,0.00,0.00,1
30.415,-4.99,-0.16,0.7266,0.0767,-0.3828,10.6914,0.04,0.00,0.00,1
30.434,-4.96,-0.15,0.1914,0.1426,-0.8828,9.5781,0.04,0.00,0.00,1
30.447,-4.94,-0.14,0.4609,0.2130,-0.6523,9.8047,0.04,0.00,0.00,1
30.465,-4.91,-0.15,0.0000,0.1813,-0.7266,9.5039,0.04,0.00,0.00,1
30.488,-4.89,-0.14,-0.5352,0.1705,-0.6914,8.5000,0.04,0.00,0.00,1
30.498,-4.87,-0.15,-0.5352,0.0621,-0.6914,8.5000,0.04,0.00,0.00,1
30.518,-4.85,-0.17,0.3437,0.0537,-1.0742,9.5000,0.04,0.00,0.00,1
30.535,-4.83,-0.16,-0.6133,0.0594,-0.5352,8.7383,0.04,0.00,0.00,1
30.549,-4.82,-0.15,-0.0391,-0.0435,-0.7656,8.9258,0.04,0.00,0.00,1
30.566,-4.80,-0.16,-0.1914,-0.0545,-0.8438,9.0781,0.04,0.00,0.00,1
30.585,-4.78,-0.17,0.5352,0.0597,-0.5352,9.9219,0.04,0.00,0.00,1
30.605,-4.76,-0.19,0.3828,0.1608,-0.6914,10.1133,0.04,0.00,0.00,1
30.617,-4.76,-0.19,0.5742,0.2243,-0.9961,9.6523,0.04,0.00,0.00,1
30.634,-4.74,-0.19,-0.4961,0.1067,-0.5742,8.8164,0.04,0.00,0.00,1
30.657,-4.72,-0.18,-0.8828,-0.0367,-0.8828,8.0078,0.04,0.00,0.00,1
30.668,-4.71,-0.19,-0.8828,-0.1666,-0.8828,8.0078,0.04,0.00,0.00,1
30.685,-4.69,-0.20,0.5742,-0.0473,-0.6133,10.1875,0.04,0.00,0.00,1
30.706,-4.68,-0.21,0.1523,0.0707,-0.7266,9.2305,0.04,0.00,0.00,1
30.719,-4.68,-0.21,-0.1133,0.0675,-0.7266,9.0820,0.04,0.00,0.00,1
30.736,-4.67,-0.21,0.5352,0.0681,-0.4609,10.1484,0.04,0.00,0.00,1
30.757,-4.66,-0.20,-0.5742,-0.0182,-0.8047,8.1953,0.04,0.00,0.00,1
30.774,-4.66,-0.20,0.3437,-0.0046,-0.7656,10.1133,0.04,0.00,0.00,1
30.787,-4.65,-0.20,0.0391,0.0245,-0.9180,9.3867,0.04,0.00,0.00,1
30.804,-4.65,-0.18,-0.6133,-0.1149,-0.7266,8.4219,0.04,0.00,0.00,1
