t_s,roll_deg,pitch_deg,raw_ax_mps2,raw_ax_filt_mps2,raw_ay_mps2,raw_az_mps2,speed_kmh,hall_f_hz,hall_r_hz,gps_fix
0.005,-5.36,-0.11,0.3047,0.2723,-0.9961,9.7266,0.04,0.00,0.00,1
0.025,-5.37,-0.09,-0.2695,0.1563,-0.7656,8.8437,0.04,0.00,0.00,1
0.044,-5.37,-0.11,0.0000,0.0708,-0.7656,9.6875,0.04,0.00,0.00,1
0.056,-5.38,-0.09,-0.6914,0.0046,-1.1094,8.3945,0.04,0.00,0.00,1
0.073,-5.37,-0.10,0.4609,0.0223,-0.5742,10.1133,0.04,0.00,0.00,1
0.093,-5.38,-0.07,0.3828,0.1294,-1.0352,9.5820,0.04,0.00,0.00,1
0.107,-5.38,-0.06,0.6914,0.2538,-0.9961,10.3437,0.04,0.00,0.00,1
0.124,-5.39,-0.06,-0.1914,0.1825,-0.8438,8.7734,0.04,0.00,0.00,1
0.144,-5.39,-0.05,-0.9570,0.0852,-1.1094,8.1172,0.04,0.00,0.00,1
0.158,-5.39,-0.05,-0.9570,-0.0749,-1.1094,8.1172,0.04,0.00,0.00,1
0.175,-5.40,-0.04,-0.1914,-0.0575,-1.0352,8.9609,0.04,0.00,0.00,1
0.195,-5.40,-0.03,-0.3047,-0.1045,-0.8828,8.9609,0.04,0.00,0.00,1
0.214,-5.41,-0.04,0.2695,-0.0457,-0.6914,9.6523,0.04,0.00,0.00,1
0.226,-5.41,-0.03,0.2695,0.0027,-0.8828,9.5820,0.04,0.00,0.00,1
0.244,-5.41,-0.04,-0.1133,0.0090,-0.7266,9.4648,0.04,0.00,0.00,1
0.264,-5.42,-0.05,0.2305,0.0504,-0.9180,9.6133,0.04,0.00,0.00,1
0.277,-5.42,-0.04,0.2305,0.0902,-1.1094,9.7305,0.04,0.00,0.00,1
0.294,-5.43,-0.04,-0.5742,-0.0481,-0.8828,8.2344,0.04,0.00,0.00,1
0.317,-5.44,-0.04,-0.3828,-0.1321,-1.1094,8.6562,0.04,0.00,0.00,1
0.328,-5.44,-0.05,-0.3828,-0.1706,-1.1094,8.6562,0.04,0.00,0.00,1
0.347,-5.44,-0.07,0.3047,-0.0090,-0.8438,9.9258,0.04,0.00,0.00,1
0.365,-5.45,-0.07,0.2695,0.0772,-0.9961,9.4648,0.04,0.00,0.00,1
0.384,-5.46,-0.07,0.0781,0.1004,-0.7656,9.1992,0.04,0.00,0.00,1
0.396,-5.46,-0.08,0.2695,0.1123,-0.8047,9.8086,0.04,0.00,0.00,1
0.413,-5.48,-0.07,-0.9961,-0.1142,-0.9180,8.3516,0.04,0.00,0.00,1
0.434,-5.49,-0.08,0.2695,-0.0842,-0.7656,9.4609,0.04,0.00,0.00,1
0.447,-5.50,-0.09,-0.0391,-0.0742,-0.9570,9.4648,0.04,0.00,0.00,1
0.464,-5.51,-0.07,-0.3828,-0.1403,-0.7656,8.6992,0.04,0.00,0.00,1
0.487,-5.53,-0.09,0.2695,-0.0770,-0.8047,9.8086,0.04,0.00,0.00,1
0.498,-5.55,-0.08,0.2695,-0.0237,-0.8047,9.8086,0.04,0.00,0.00,1
0.517,-5.56,-0.08,0.1133,0.0248,-0.9180,9.5430,0.04,0.00,0.00,1
0.534,-5.58,-0.07,0.1523,0.0530,-0.8438,9.9219,0.04,0.00,0.00,1
0.554,-5.61,-0.06,-0.4219,-0.0402,-0.9961,8.1562,0.04,0.00,0.00,1
0.566,-5.61,-0.06,-0.0391,-0.0682,-0.6914,9.9609,0.04,0.00,0.00,1
0.585,-5.63,-0.06,-0.4609,-0.1247,-1.1484,8.3906,0.04,0.00,0.00,1
0.603,-5.66,-0.07,0.4219,-0.0440,-0.8047,9.9648,0.04,0.00,0.00,1
0.617,-5.67,-0.06,0.1914,0.0091,-0.8828,9.7695,0.04,0.00,0.00,1
0.634,-5.70,-0.05,0.4219,0.1223,-1.2656,9.4219,0.04,0.00,0.00,1
0.657,-5.72,-0.05,0.3047,0.1061,-0.9180,9.6133,0.04,0.00,0.00,1
0.668,-5.74,-0.05,0.3047,0.1366,-0.9180,9.6133,0.04,0.00,0.00,1
0.687,-5.75,-0.06,0.0781,-0.0811,-0.9180,9.6914,0.04,0.00,0.00,1
0.705,-5.77,-0.06,-0.1914,-0.0575,-0.9570,9.1172,0.04,0.00,0.00,1
0.724,-5.78,-0.06,0.2305,-0.0307,-1.0352,9.8086,0.04,0.00,0.00,1
0.736,-5.80,-0.04,0.1133,0.0177,-0.9961,9.0820,0.04,0.00,0.00,1
0.755,-5.83,-0.05,0.3437,0.0633,-0.7656,10.1875,0.04,0.00,0.00,1
0.773,-5.84,-0.06,-0.8438,-0.1039,-0.9570,7.8555,0.04,0.00,0.00,1
0.787,-5.85,-0.07,0.1523,-0.1379,-1.1484,9.5000,0.04,0.00,0.00,1
0.805,-5.88,-0.06,-0.0781,-0.0899,-0.6914,10.0000,0.04,0.00,0.00,1
0.824,-5.90,-0.05,-0.3047,-0.1367,-1.2266,8.2344,0.04,0.00,0.00,1
0.845,-5.92,-0.07,0.3047,-0.0759,-0.9961,9.9258,0.04,0.00,0.00,1
0.855,-5.93,-0.07,0.3047,-0.0175,-0.9961,9.9258,0.04,0.00,0.00,1
0.875,-5.95,-0.09,0.2695,0.0232,-1.1484,10.0703,0.04,0.00,0.00,1
0.895,-5.98,-0.07,0.1133,0.0806,-1.3008,9.4258,0.04,0.00,0.00,1
0.907,-5.99,-0.06,-0.7266,0.0206,-1.0742,8.4258,0.04,0.00,0.00,1
0.925,-6.00,-0.05,-0.2305,-0.1516,-1.1094,9.5820,0.04,0.00,0.00,1
0.943,-6.01,-0.04,-0.1133,-0.1525,-1.5703,8.8477,0.04,0.00,0.00,1
0.957,-6.02,-0.05,0.5742,-0.0915,-0.9961,10.4180,0.04,0.00,0.00,1
0.974,-6.03,-0.04,0.4219,0.1017,-0.9180,10.4570,0.04,0.00,0.00,1
0.994,-6.03,-0.02,0.4961,0.2090,-1.4570,9.9219,0.04,0.00,0.00,1
1.008,-6.03,0.01,-1.0352,-0.0664,-0.5352,9.1211,0.04,0.00,0.00,1
1.025,-6.03,0.03,-0.0781,-0.1849,-1.0742,8.9609,0.04,0.00,0.00,1
1.047,-6.03,0.05,0.8047,-0.0778,-0.7266,10.3828,0.04,0.00,0.00,1
1.065,-6.04,0.09,0.3437,0.1356,-1.0742,9.4609,0.04,0.00,0.00,1
1.077,-6.04,0.10,0.7656,0.2154,-0.7656,10.7305,0.04,0.00,0.00,1
1.094,-6.06,0.14,-0.1914,0.2949,-0.9961,8.5391,0.04,0.00,0.00,1
1.114,-6.07,0.17,0.2695,0.2311,-0.4609,10.0312,0.04,0.00,0.00,1
1.127,-6.08,0.19,-0.8438,0.1479,-0.9570,8.0820,0.04,0.00,0.00,1
1.144,-6.10,0.20,0.5352,0.1150,-0.5352,10.6484,0.04,0.00,0.00,1
1.164,-6.14,0.25,0.1914,0.1581,-1.0352,9.0391,0.04,0.00,0.00,1
1.178,-6.15,0.28,-0.2695,0.1263,-0.7656,9.5781,0.04,0.00,0.00,1
1.195,-6.19,0.32,0.1523,0.0847,-0.8047,9.6523,0.04,0.00,0.00,1
1.216,-6.23,0.37,-0.1133,0.1255,-0.7266,9.3867,0.04,0.00,0.00,1
1.229,-6.24,0.38,-0.1133,0.0888,-0.7266,9.3867,0.04,0.00,0.00,1
1.247,-6.29,0.40,0.2305,0.0936,-1.2656,9.9648,0.04,0.00,0.00,1
1.265,-6.33,0.46,-0.4961,0.0743,-1.1875,8.6953,0.04,0.00,0.00,1
1.284,-6.37,0.51,-0.0391,-0.0190,-0.9961,9.4219,0.04,0.00,0.00,1
1.297,-6.39,0.54,-0.8438,-0.0865,-1.1484,8.2734,0.04,0.00,0.00,1
1.315,-6.40,0.56,0.1914,-0.1423,-0.7656,9.5820,0.04,0.00,0.00,1
1.333,-6.45,0.60,-0.5742,-0.1979,-0.8828,9.0781,0.04,0.00,0.00,1
1.348,-6.48,0.61,0.2695,-0.1882,-1.2656,9.3086,0.04,0.00,0.00,1
1.365,-6.51,0.62,0.0391,-0.0832,-0.8828,9.6914,0.04,0.00,0.00,1
1.384,-6.56,0.66,0.5352,0.0613,-0.9570,10.0039,0.04,0.00,0.00,1
1.405,-6.61,0.67,0.0781,-0.1837,-0.9961,9.4648,0.04,0.00,0.00,1
1.418,-6.63,0.70,-0.3047,-0.1564,-0.9180,9.3828,0.04,0.00,0.00,1
1.435,-6.69,0.71,-0.4961,-0.2138,-1.0742,8.0391,0.04,0.00,0.00,1
1.455,-6.71,0.72,0.2695,-0.1762,-1.2266,9.4219,0.04,0.00,0.00,1
1.467,-6.76,0.74,0.4219,-0.0654,-0.9961,9.6523,0.04,0.00,0.00,1
1.485,-6.81,0.75,0.1133,0.0481,-0.9570,8.9648,0.04,0.00,0.00,1
1.504,-6.87,0.78,-0.0391,0.0366,-1.3398,8.8867,0.04,0.00,0.00,1
1.518,-6.90,0.79,0.1914,0.0434,-1.2656,9.6484,0.04,0.00,0.00,1
1.535,-6.95,0.82,-0.9570,-0.1603,-1.2266,8.0078,0.04,0.00,0.00,1
1.554,-6.98,0.81,-0.0781,-0.1917,-1.2266,9.5820,0.04,0.00,0.00,1
1.575,-7.03,0.82,0.7656,-0.2251,-0.9961,10.4961,0.04,0.00,0.00,1
1.586,-7.05,0.80,0.7656,-0.0730,-0.9961,10.4961,0.04,0.00,0.00,1
1.606,-7.09,0.83,0.0781,0.0479,-1.4570,9.9219,0.04,0.00,0.00,1
1.625,-7.13,0.85,-0.7266,-0.0079,-1.1484,8.2734,0.04,0.00,0.00,1
1.637,-7.14,0.84,0.1133,-0.0998,-1.0742,9.8828,0.04,0.00,0.00,1
1.654,-7.18,0.84,-1.0352,-0.1312,-1.4570,7.8555,0.04,0.00,0.00,1
1.673,-7.20,0.83,0.2305,-0.1593,-1.0352,10.1133,0.04,0.00,0.00,1
1.688,-7.22,0.85,-0.2695,-0.1394,-1.0742,9.5781,0.04,0.00,0.00,1
1.705,-7.26,0.87,0.1523,-0.0904,-1.4922,9.1562,0.04,0.00,0.00,1
1.725,-7.29,0.86,0.1133,-0.0302,-1.1875,9.4219,0.04,0.00,0.00,1
1.747,-7.31,0.86,-0.8438,0.0465,-1.4922,8.0117,0.04,0.00,0.00,1
1.756,-7.32,0.85,-0.8438,-0.0902,-1.4922,8.0117,0.04,0.00,0.00,1
1.777,-7.35,0.84,-0.3437,-0.1512,-1.3398,9.5430,0.04,0.00,0.00,1
1.795,-7.37,0.86,-0.4961,-0.2180,-1.4570,8.0820,0.04,0.00,0.00,1
1.807,-7.38,0.87,0.0391,-0.2368,-1.3008,9.7695,0.04,0.00,0.00,1
1.826,-7.39,0.87,0.1523,-0.1495,-1.4180,9.6094,0.04,0.00,0.00,1
1.845,-7.40,0.85,0.0781,-0.0630,-1.3398,9.3047,0.04,0.00,0.00,1
1.858,-7.41,0.83,0.1133,-0.0385,-1.4180,9.6914,0.04,0.00,0.00,1
1.875,-7.41,0.83,0.2695,0.0285,-1.5313,9.8828,0.04,0.00,0.00,1
1.894,-7.42,0.85,-0.6914,-0.1158,-1.3008,8.1602,0.04,0.00,0.00,1
1.916,-7.42,0.84,-0.7656,-0.2082,-1.3789,8.7344,0.04,0.00,0.00,1
1.926,-7.41,0.84,-0.7656,-0.2938,-1.3789,8.7344,0.04,0.00,0.00,1
1.947,-7.41,0.82,0.2305,-0.1181,-1.4180,9.8437,0.04,0.00,0.00,1
1.965,-7.41,0.81,0.1523,-0.0255,-1.4570,9.5430,0.04,0.00,0.00,1
1.978,-7.40,0.81,-0.1914,-0.0136,-1.1875,9.1562,0.04,0.00,0.00,1
1.995,-7.39,0.80,0.3437,-0.0212,-1.2266,9.9219,0.04,0.00,0.00,1
2.015,-7.39,0.81,-1.0352,-0.1295,-1.3789,7.9727,0.04,0.00,0.00,1
2.028,-7.37,0.80,-0.1523,-0.1980,-1.1094,9.4258,0.04,0.00,0.00,1
2.045,-7.36,0.79,-0.3047,-0.1972,-1.4570,9.1172,0.04,0.00,0.00,1
2.063,-7.35,0.79,-0.7266,-0.3272,-1.1094,8.4258,0.04,0.00,0.00,1
2.088,-7.34,0.79,0.2305,-0.2158,-1.4922,9.2656,0.04,0.00,0.00,1
2.096,-7.34,0.79,0.2305,-0.1473,-1.4922,9.2656,0.04,0.00,0.00,1
2.113,-7.31,0.77,-0.0391,-0.0998,-0.8047,9.6875,0.04,0.00,0.00,1
2.135,-7.31,0.78,0.4961,-0.0658,-1.6094,9.6133,0.04,0.00,0.00,1
2.153,-7.29,0.78,-0.4219,-0.0774,-0.8828,9.2266,0.04,0.00,0.00,1
2.165,-7.28,0.77,-0.0391,-0.0997,-1.0742,9.5000,0.04,0.00,0.00,1
2.185,-7.28,0.77,-1.0742,-0.1653,-1.3398,7.6953,0.04,0.00,0.00,1
2.198,-7.26,0.76,0.1133,-0.2715,-0.9180,10.1484,0.04,0.00,0.00,1
2.216,-7.26,0.74,0.1914,-0.1561,-1.3789,9.3828,0.04,0.00,0.00,1
2.234,-7.24,0.75,-0.5352,-0.1984,-1.1094,9.3437,0.04,0.00,0.00,1
2.253,-7.24,0.75,0.1523,-0.1418,-1.0352,9.5430,0.04,0.00,0.00,1
2.266,-7.24,0.76,-0.0781,-0.1277,-1.3789,9.3047,0.04,0.00,0.00,1
2.284,-7.22,0.74,0.0000,-0.0963,-0.8438,9.5039,0.04,0.00,0.00,1
2.305,-7.22,0.73,0.2695,-0.0315,-1.4570,10.0312,0.04,0.00,0.00,1
2.317,-7.21,0.74,0.2695,0.0147,-1.4570,10.0312,0.04,0.00,0.00,1
2.337,-7.20,0.75,-0.2305,-0.1102,-1.0352,9.4258,0.04,0.00,0.00,1
2.355,-7.19,0.75,-0.7266,-0.1840,-1.3789,8.3945,0.04,0.00,0.00,1
2.368,-7.19,0.75,0.3828,-0.2153,-0.9961,10.0742,0.04,0.00,0.00,1
2.386,-7.18,0.76,0.1914,-0.0610,-1.1875,9.9258,0.04,0.00,0.00,1
2.405,-7.17,0.77,0.1133,0.0078,-1.4570,9.3477,0.04,0.00,0.00,1
2.424,-7.16,0.77,-0.1523,-0.0211,-0.9961,9.1953,0.04,0.00,0.00,1
2.436,-7.16,0.77,0.3047,0.0289,-1.1094,9.9219,0.04,0.00,0.00,1
2.454,-7.14,0.76,-1.0352,-0.1894,-1.2266,8.0430,0.04,0.00,0.00,1
2.477,-7.13,0.77,-0.1523,-0.2043,-1.2656,9.2695,0.04,0.00,0.00,1
2.487,-7.13,0.77,-0.1523,-0.1963,-1.2656,9.2695,0.04,0.00,0.00,1
2.507,-7.11,0.78,0.0000,-0.2161,-0.9570,9.8047,0.04,0.00,0.00,1
2.526,-7.11,0.78,0.1523,-0.1426,-1.2656,9.5391,0.04,0.00,0.00,1
2.538,-7.10,0.79,-0.1523,-0.1017,-1.0742,9.3828,0.04,0.00,0.00,1
2.555,-7.08,0.77,0.3828,-0.0732,-1.2656,9.8437,0.04,0.00,0.00,1
2.575,-7.08,0.77,0.2305,0.0327,-1.3789,10.1133,0.04,0.00,0.00,1
2.593,-7.06,0.77,-0.8047,-0.1403,-1.2266,7.6953,0.04,0.00,0.00,1
2.606,-7.06,0.77,-0.3047,-0.2024,-1.0742,9.6094,0.04,0.00,0.00,1
2.625,-7.04,0.77,-0.5352,-0.2882,-1.4180,8.5820,0.04,0.00,0.00,1
2.648,-7.02,0.76,0.2305,-0.0384,-1.1484,10.3047,0.04,0.00,0.00,1
2.657,-7.01,0.75,0.2305,0.0029,-1.1484,10.3047,0.04,0.00,0.00,1
2.674,-7.00,0.77,0.4609,0.1185,-1.5313,9.4258,0.04,0.00,0.00,1
2.694,-6.98,0.77,0.4961,0.0576,-1.1875,10.1484,0.04,0.00,0.00,1
2.708,-6.99,0.79,-0.7656,0.0537,-1.1094,8.0430,0.04,0.00,0.00,1
2.725,-6.97,0.78,0.2305,-0.0990,-1.1094,9.8477,0.04,0.00,0.00,1
2.747,-6.96,0.80,-0.0391,-0.0463,-1.2656,9.7695,0.04,0.00,0.00,1
2.764,-6.95,0.83,-0.8047,-0.2133,-1.1094,8.0820,0.04,0.00,0.00,1
2.776,-6.94,0.83,-0.1133,-0.2488,-1.2656,9.2266,0.04,0.00,0.00,1
2.795,-6.93,0.84,-0.3828,-0.2623,-1.1875,9.0039,0.04,0.00,0.00,1
2.818,-6.92,0.82,0.2305,-0.0594,-1.1094,10.4531,0.04,0.00,0.00,1
2.827,-6.93,0.84,0.2305,-0.0149,-1.1094,10.4531,0.04,0.00,0.00,1
2.845,-6.93,0.86,0.6523,0.1481,-1.6094,9.9258,0.04,0.00,0.00,1
2.865,-6.92,0.88,0.2305,0.0059,-0.8438,9.7266,0.04,0.00,0.00,1
2.886,-6.91,0.91,-0.9570,-0.1803,-1.3789,7.8164,0.04,0.00,0.00,1
2.896,-6.90,0.90,0.4219,-0.2419,-1.0742,10.1914,0.04,0.00,0.00,1
2.915,-6.90,0.92,-0.2305,-0.1058,-1.2656,9.1602,0.04,0.00,0.00,1
2.934,-6.88,0.94,0.0781,-0.0800,-1.6094,9.1172,0.04,0.00,0.00,1
2.946,-6.87,0.94,-0.6523,-0.1142,-1.3008,8.5781,0.04,0.00,0.00,1
2.965,-6.84,0.93,0.2305,-0.1023,-1.1484,9.7305,0.04,0.00,0.00,1
2.984,-6.81,0.90,-1.3008,-0.3468,-1.6094,7.7734,0.04,0.00,0.00,1
2.997,-6.79,0.89,-0.2695,-0.3297,-1.2266,9.4648,0.04,0.00,0.00,1
3.014,-6.75,0.89,-0.8438,-0.4397,-1.3008,8.5391,0.04,0.00,0.00,1
3.037,-6.71,0.90,0.0391,-0.0589,-1.3398,9.6094,0.04,0.00,0.00,1
3.048,-6.68,0.89,0.0391,-0.0438,-1.3398,9.6094,0.04,0.00,0.00,1
3.068,-6.63,0.90,-1.6836,-0.1454,-2.0312,6.7070,0.04,0.00,0.00,1
3.085,-6.55,0.89,-0.5742,-0.4929,-1.2266,9.1172,0.04,0.00,0.00,1
3.105,-6.48,0.87,-0.4609,-0.4956,-1.3789,9.1211,0.04,0.00,0.00,1
3.116,-6.43,0.86,0.3047,-0.4290,-1.8398,9.7266,0.04,0.00,0.00,1
3.134,-6.34,0.83,-0.6523,-0.3907,-1.4180,8.7383,0.04,0.00,0.00,1
3.155,-6.23,0.79,-0.6133,-0.4562,-1.3008,8.9258,0.04,0.00,0.00,1
3.167,-6.17,0.77,-1.9922,-0.7962,-2.0312,6.8203,0.04,0.00,0.00,1
3.184,-6.03,0.68,0.1133,-0.6694,-1.3789,10.4141,0.04,0.00,0.00,1
3.207,-5.88,0.63,0.4609,-0.4209,-2.3359,10.3086,0.04,0.00,0.00,1
3.218,-5.79,0.60,0.4609,-0.2854,-2.3359,10.3086,0.04,0.00,0.00,1
3.237,-5.61,0.56,-0.6523,-0.4553,-1.9922,8.8164,0.04,0.00,0.00,1
3.255,-5.40,0.51,-1.5703,-0.5846,-2.0703,8.0820,0.04,0.00,0.00,1
3.274,-5.16,0.45,0.8438,-0.3864,-1.2656,11.3398,0.04,0.00,0.00,1
3.287,-5.04,0.43,0.4219,-0.2312,-1.0352,10.3828,0.04,0.00,0.00,1
3.306,-4.81,0.39,0.6523,0.0425,-1.1484,11.7227,0.04,0.00,0.00,1
3.324,-4.54,0.36,-0.7656,-0.0634,-1.6484,8.0430,0.04,0.00,0.00,1
3.337,-4.39,0.34,-0.1914,-0.1254,-1.0352,10.3437,0.04,0.00,0.00,1
3.354,-4.11,0.34,-1.2266,-0.3770,-2.2617,8.1602,0.04,0.00,0.00,1
3.377,-3.80,0.29,0.2695,-0.1493,-1.1484,10.3086,0.04,0.00,0.00,1
3.388,-3.64,0.27,0.2695,-0.0849,-1.1484,10.3086,0.04,0.00,0.00,1
3.408,-3.31,0.27,-0.5352,0.0495,-0.1523,9.5039,0.04,0.00,0.00,1
3.425,-2.97,0.27,0.3828,-0.0429,-0.6523,10.0312,0.04,0.00,0.00,1
3.444,-2.63,0.29,-1.3789,-0.2876,-0.5742,7.9336,0.04,0.00,0.00,1
3.457,-2.46,0.28,0.4609,-0.3820,0.8438,9.8047,0.04,0.00,0.00,1
3.475,-2.30,0.27,0.1133,-0.1963,-0.1914,9.1172,0.04,0.00,0.00,1
3.494,-1.83,0.30,0.8438,0.0709,-0.7656,10.8398,0.04,0.00,0.00,1
3.507,-1.67,0.31,-0.6133,0.0730,0.0781,7.5469,0.04,0.00,0.00,1
3.524,-1.34,0.31,0.1914,0.0171,0.4961,9.9609,0.04,0.00,0.00,1
3.548,-1.03,0.32,0.4609,-0.1516,1.4180,10.3047,0.04,0.00,0.00,1
3.558,-0.90,0.32,0.4609,-0.0575,1.4180,10.3047,0.04,0.00,0.00,1
3.575,-0.65,0.34,-0.2305,-0.0635,0.6523,9.5000,0.04,0.00,0.00,1
3.595,-0.39,0.36,-0.4219,0.1843,1.3789,9.8437,0.04,0.00,0.00,1
3.615,-0.28,0.36,0.1914,0.1066,1.1094,10.2656,0.04,0.00,0.00,1
3.627,-0.07,0.40,-1.1094,0.0213,0.9570,8.2734,0.04,0.00,0.00,1
3.645,0.10,0.43,0.3047,-0.1862,1.8789,10.9570,0.04,0.00,0.00,1
3.664,0.24,0.48,0.0000,-0.0863,1.0352,9.3047,0.04,0.00,0.00,1
3.677,0.29,0.51,0.8828,-0.0024,1.9141,11.1875,0.04,0.00,0.00,1
3.694,0.38,0.56,-0.6914,-0.0490,1.8008,9.1602,0.04,0.00,0.00,1
3.715,0.44,0.62,-0.3437,-0.1543,1.3789,9.1953,0.04,0.00,0.00,1
3.728,0.47,0.65,-1.5703,-0.4677,0.5352,7.9297,0.04,0.00,0.00,1
3.745,0.50,0.69,-0.3828,-0.5176,0.7656,9.5000,0.04,0.00,0.00,1
3.767,0.50,0.73,-0.2305,-0.5064,0.7656,9.8477,0.04,0.00,0.00,1
3.779,0.51,0.76,-0.2305,-0.4640,0.7656,9.8477,0.04,0.00,0.00,1
3.796,0.49,0.80,0.1914,-0.3657,1.3008,10.1094,0.04,0.00,0.00,1
3.815,0.46,0.85,-1.2266,-0.3212,0.5742,8.1172,0.04,0.00,0.00,1
3.834,0.42,0.87,-0.5352,-0.4768,0.3828,8.7383,0.04,0.00,0.00,1
3.847,0.40,0.88,-0.5352,-0.4858,0.0781,9.1953,0.04,0.00,0.00,1
3.865,0.35,0.93,-0.8828,-0.5796,-0.4219,8.0117,0.04,0.00,0.00,1
3.884,0.32,0.96,-0.2305,-0.5212,0.2305,8.9648,0.04,0.00,0.00,1
3.898,0.32,0.96,-0.4609,-0.5119,0.3437,8.5430,0.04,0.00,0.00,1
3.915,0.26,1.01,-0.2695,-0.4522,0.3828,8.5430,0.04,0.00,0.00,1
3.938,0.20,1.00,0.0391,-0.4662,0.2305,9.1172,0.04,0.00,0.00,1
3.955,0.14,1.01,-0.9570,-0.4026,0.1133,7.5898,0.04,0.00,0.00,1
3.968,0.13,0.99,-0.6914,-0.5041,0.0000,9.7266,0.04,0.00,0.00,1
3.985,0.05,0.97,1.3008,-0.3978,2.1836,-1.1875,0.04,0.00,0.00,1
4.005,0.02,0.68,5.0937,1.0207,-0.9180,20.2305,0.04,0.00,0.00,1
4.017,-0.01,0.74,-0.3047,1.2144,0.2695,7.4687,0.04,0.00,0.00,1
4.036,-0.03,0.72,0.3437,0.8832,-1.4180,10.9922,0.04,0.00,0.00,1
4.054,-0.03,0.85,-1.2266,0.3518,-1.3398,11.6836,0.04,0.00,0.00,1
4.068,-0.02,0.86,0.8828,0.2781,0.1523,8.8477,0.04,0.00,0.00,1
4.086,-0.02,0.89,-1.2656,0.0088,-1.6836,8.8125,0.04,0.00,0.00,1
4.108,-0.02,0.94,0.0391,-0.6800,-0.0781,10.3477,0.04,0.00,0.00,1
4.125,-0.05,0.89,0.4219,-0.4455,-0.5742,10.0742,0.04,0.00,0.00,1
4.138,-0.06,0.91,-1.0742,-0.3732,1.0742,5.4023,0.04,0.00,0.00,1
4.155,-0.04,0.78,1.7617,-0.3451,-1.0352,12.4102,0.04,0.00,0.00,1
4.175,-0.03,0.76,-0.5352,-0.1004,0.1523,8.1953,0.04,0.00,0.00,1
4.188,-0.02,0.70,0.7656,-0.0926,-0.3828,10.6523,0.04,0.00,0.00,1
4.205,-0.00,0.66,0.6914,0.1449,-0.8828,10.3828,0.04,0.00,0.00,1
4.224,0.01,0.63,0.4219,0.2716,-0.2305,9.8867,0.04,0.00,0.00,1
4.238,0.03,0.59,0.1914,0.2762,-0.4219,10.6094,0.04,0.00,0.00,1
4.255,0.07,0.59,0.1133,0.2300,-0.0781,10.1094,0.04,0.00,0.00,1
4.274,0.13,0.55,1.1094,0.4173,0.8047,10.9922,0.04,0.00,0.00,1
4.295,0.16,0.59,0.0781,0.3914,0.5742,9.6523,0.04,0.04,0.04,1
4.306,0.17,0.59,0.0781,0.3433,0.5742,9.6523,0.04,0.04,0.04,1
4.328,0.21,0.60,0.3047,0.2203,-0.0391,11.0703,0.04,0.04,0.04,1
4.346,0.24,0.64,-1.7617,0.0789,-0.4609,6.7070,0.04,0.04,0.04,1
4.357,0.27,0.63,0.0781,-0.1813,0.9961,10.6094,0.04,0.04,0.04,1
4.375,0.33,0.65,-0.9961,-0.1936,-0.0781,8.2383,0.04,0.04,0.04,1
4.394,0.37,0.67,0.3047,-0.1793,0.5352,10.6875,0.04,0.04,0.04,1
4.408,0.39,0.69,0.0391,-0.1262,0.4961,10.3047,0.04,0.04,0.04,1
4.425,0.43,0.74,0.0391,-0.0699,0.2305,10.0703,0.04,0.04,0.04,1
4.445,0.48,0.72,-0.1523,-0.0813,0.7656,9.4609,0.04,0.04,0.04,1
4.459,0.48,0.72,-1.3008,-0.2687,0.9570,8.5000,0.04,0.04,0.04,1
4.476,0.51,0.69,0.9180,-0.0703,0.4219,10.5352,0.04,0.04,0.04,1
4.497,0.51,0.69,-1.9922,-0.0831,0.6914,6.1289,0.04,0.04,0.04,1
4.516,0.51,0.60,2.2617,-0.2842,0.1523,12.6016,0.04,0.04,0.04,1
4.528,0.51,0.60,0.6523,0.1505,0.3047,10.5703,0.04,0.04,0.04,1
4.546,0.50,0.67,-0.3047,0.2162,0.7656,8.8477,0.04,0.04,0.04,1
4.565,0.48,0.73,-2.9492,-0.5466,-0.1523,4.8281,0.04,0.04,3.82,1
4.578,0.48,0.71,1.6094,-0.5510,0.4219,11.5742,0.04,3.40,3.82,1
4.595,0.47,0.71,0.3828,-0.1267,-0.1914,9.3437,0.04,3.40,3.82,1
4.614,0.44,0.75,0.7656,0.1025,0.5742,10.5312,0.04,3.40,3.82,1
4.629,0.43,0.76,-0.3828,0.1125,0.5352,8.1211,0.04,3.40,3.82,1
4.646,0.41,0.78,-1.3789,-0.2768,0.0391,6.9727,0.04,3.40,3.82,1
4.668,0.39,0.73,0.6523,0.1884,-0.2305,10.1133,0.04,3.40,3.82,1
4.686,0.38,0.70,-0.0391,0.2647,0.4219,8.7344,0.04,3.40,3.82,1
4.704,0.36,0.72,1.8789,0.5856,-0.0391,10.4141,0.04,3.40,3.82,1
4.715,0.34,0.71,0.6133,0.6830,-0.0781,9.5820,0.04,3.40,3.82,1
4.734,0.34,0.68,-0.9961,0.4160,0.0000,7.7734,0.04,3.40,3.82,1
4.748,0.32,0.68,1.6484,0.3151,0.1133,10.3437,0.04,3.40,3.82,1
4.765,0.30,0.69,1.4570,0.6779,-0.1914,11.7617,0.04,3.40,3.82,1
4.785,0.28,0.66,-1.3398,0.3245,0.1133,6.8555,0.04,3.40,3.82,1
4.799,0.28,0.69,-0.5742,0.1301,0.4219,7.8906,0.04,3.40,3.82,1
4.816,0.27,0.66,3.1797,0.7208,-0.4961,13.1719,0.04,3.40,3.82,1
4.838,0.27,0.66,-3.7539,0.4580,0.0781,4.4805,0.04,3.40,3.82,1
4.856,0.27,0.65,0.7266,-0.3781,0.1133,9.5820,0.04,3.40,3.82,1
4.874,0.27,0.67,3.9844,0.7195,0.0391,14.5156,0.04,3.40,3.14,1
4.885,0.27,0.67,0.9961,0.9819,0.5352,9.7656,0.04,3.40,3.14,1
4.905,0.27,0.65,-3.6758,0.6122,0.3047,4.1367,0.04,3.40,3.14,1
4.918,0.27,0.67,-1.4570,-0.1593,-0.0781,6.4375,0.04,3.40,3.14,1
4.935,0.27,0.62,5.2500,0.0092,0.3047,14.4766,0.04,3.40,3.14,1
4.954,0.26,0.63,4.9414,1.7276,0.0000,11.7969,0.04,3.40,3.14,1
4.974,0.24,0.57,0.0781,1.5628,1.0742,6.7812,0.04,3.40,3.14,1
4.986,0.23,0.54,-1.3008,0.9290,0.3828,4.8320,0.04,3.40,3.14,1
5.005,0.21,0.53,2.4141,1.1188,0.3828,9.9609,0.04,3.40,3.14,1
5.025,0.16,0.45,3.6758,2.9200,-0.2695,11.8008,0.04,3.40,3.14,1
5.037,0.14,0.42,3.6758,3.0361,-0.2695,11.8008,0.04,3.40,3.14,1
5.057,0.08,0.33,1.9531,2.0482,1.3398,8.1992,0.04,3.40,3.14,1
5.076,0.01,0.18,5.0937,2.2725,-0.8828,13.7148,0.04,2.05,5.20,1
5.088,-0.02,0.18,1.7227,2.6272,0.3828,7.0117,0.04,2.05,5.20,1
5.106,-0.08,0.12,1.3398,2.3400,0.0781,7.6289,0.04,2.05,5.20,1
5.124,-0.14,0.09,2.0703,2.1607,-0.1523,9.9219,0.04,2.05,5.20,1
5.139,-0.17,0.06,1.1484,2.0731,0.2695,7.1641,0.04,2.05,5.20,1
5.157,-0.24,0.04,2.4883,2.0544,0.0391,9.2695,0.04,11.02,10.82,1
5.174,-0.30,0.01,2.3359,2.1437,-0.3047,9.7656,0.04,11.02,10.82,1
5.196,-0.36,0.01,1.5313,2.5042,-0.2305,8.5820,0.04,11.02,10.82,1
5.207,-0.38,-0.02,1.5313,2.3547,-0.2305,8.5820,0.04,11.02,10.82,1
5.228,-0.41,-0.11,1.0352,1.9253,-0.6523,8.4648,0.04,11.02,10.82,1
5.245,-0.45,-0.13,1.0352,1.6729,-0.9961,9.3047,0.04,11.32,13.63,1
5.258,-0.47,-0.14,3.5625,1.7339,-1.0742,11.3008,0.04,11.32,13.63,1
5.275,-0.47,-0.24,1.2266,2.0657,-0.1133,8.5430,0.04,11.32,13.63,1
5.295,-0.48,-0.30,0.4961,1.6179,-0.2305,8.3555,0.04,11.32,15.48,1
5.309,-0.48,-0.32,2.4883,1.6050,-0.1914,10.5742,0.04,15.46,15.48,1
5.327,-0.48,-0.31,3.3320,2.0929,-0.3047,11.8008,0.04,15.46,15.48,1
5.345,-0.49,-0.28,0.0391,1.7865,-0.4609,5.7461,0.04,15.46,15.48,1
5.368,-0.47,-0.36,4.4453,1.8161,-0.7266,13.1758,0.04,17.16,17.19,1
5.377,-0.47,-0.37,4.4453,2.2199,-0.7266,13.1758,0.04,17.16,17.19,1
5.394,-0.48,-0.38,0.9961,2.0877,0.6523,7.3555,0.04,17.16,17.19,1
5.415,-0.49,-0.39,2.9883,2.1053,-0.3828,10.3437,0.04,19.60,19.61,1
5.434,-0.50,-0.43,2.1445,2.2196,0.6133,9.8828,0.04,19.60,19.61,1
5.446,-0.51,-0.44,1.2656,2.1377,0.0000,8.5781,0.04,19.60,19.61,1
5.467,-0.54,-0.43,2.2227,2.0522,0.2695,9.6094,0.04,20.97,21.51,1
5.479,-0.56,-0.41,0.7266,1.9703,0.4219,8.0781,0.04,20.97,21.51,1
5.496,-0.62,-0.45,0.8828,1.6300,-0.4961,7.9727,0.04,20.97,23.29,1
5.515,-0.65,-0.52,2.9102,1.8240,0.1523,12.2617,0.04,23.15,23.29,1
5.538,-0.69,-0.54,1.1094,1.4267,0.1523,7.9687,0.04,23.15,24.83,1
5.547,-0.71,-0.54,1.1094,1.3779,0.1523,7.9687,0.04,23.94,24.83,1
5.565,-0.73,-0.62,1.8008,1.4548,-0.5742,9.8867,0.04,23.94,24.83,1
5.586,-0.75,-0.72,-0.4609,1.1023,-1.1484,7.4336,0.04,25.50,26.06,1
5.598,-0.75,-0.79,-0.4609,0.8622,-1.1484,7.4336,0.04,25.50,26.06,1
5.616,-0.74,-0.90,2.0312,1.5258,-0.6523,9.9609,0.04,25.50,27.61,1
5.635,-0.72,-0.94,0.0391,1.5098,-1.5313,8.5000,0.04,26.08,27.61,1
5.655,-0.68,-0.97,-0.3437,0.9237,-0.3047,7.5078,0.04,26.08,28.03,1
5.666,-0.64,-1.02,3.1406,1.0077,-1.6094,12.4844,0.04,26.99,28.03,1
5.685,-0.59,-1.03,1.3789,1.3450,-1.7227,9.9219,0.04,26.99,28.90,1
5.704,-0.48,-1.07,0.2695,1.1091,-1.3789,8.9648,0.04,27.55,28.90,1
5.717,-0.42,-1.08,-0.0781,0.8463,-1.0742,7.5859,0.04,27.55,29.54,1
5.735,-0.31,-1.12,2.9883,1.2628,-0.0391,11.9180,0.04,29.20,29.54,1
5.757,-0.19,-1.15,0.3828,1.5290,1.1875,9.2656,0.04,29.20,30.63,1
5.768,-0.13,-1.19,0.3828,1.3529,1.1875,9.2656,0.04,29.23,30.63,1
5.788,-0.01,-1.22,2.4141,1.0678,0.6133,11.2227,0.04,29.23,30.47,1
5.806,0.11,-1.25,1.4180,1.3699,-0.2305,8.9258,0.04,30.57,30.47,1
5.819,0.17,-1.29,0.7266,1.3252,-0.5742,8.6172,0.04,30.57,32.19,1
5.836,0.30,-1.38,-0.5742,1.0514,0.4219,7.6992,0.04,30.90,32.19,1
5.854,0.42,-1.42,2.3359,1.1412,-0.0781,9.8086,0.04,30.90,32.52,1
5.875,0.57,-1.54,1.8398,1.3703,-1.1484,10.6523,0.04,32.16,33.02,1
5.887,0.57,-1.54,1.4922,1.3890,0.4961,9.8086,0.04,32.16,33.02,1
5.904,0.80,-1.65,-0.8438,0.9072,-0.7656,5.7422,0.04,32.10,33.64,1
5.927,0.96,-1.73,1.3398,1.6791,-0.8047,8.5391,0.04,33.28,33.64,1
5.938,1.06,-1.79,1.3398,1.6270,-0.8047,8.5391,0.04,33.28,35.14,1
5.958,1.24,-1.86,-0.5742,1.5088,-1.3008,6.4375,0.04,33.14,34.31,1
5.976,1.45,-1.92,2.5273,1.1662,0.4609,10.9961,0.04,33.14,34.31,1
5.989,1.55,-1.95,3.2187,1.5227,0.2695,12.1797,0.04,34.42,35.72,1
6.006,1.75,-1.95,0.8047,1.8106,0.2695,8.5000,0.04,34.42,35.72,1
6.026,1.96,-1.95,-1.0742,1.0518,0.2305,6.1289,0.04,34.31,35.73,1
6.045,2.17,-1.98,1.7617,1.0765,0.8047,10.2266,0.04,35.76,37.01,1
6.057,2.27,-1.99,2.2227,1.2186,-0.0781,10.5312,0.04,35.76,37.01,1
6.074,2.49,-2.00,2.4141,1.6033,0.8828,12.4844,0.04,35.22,36.91,1
6.098,2.70,-1.97,1.8789,1.0726,0.6914,10.7266,0.04,36.23,37.60,1
6.108,2.80,-1.97,1.8789,1.1964,0.6914,10.7266,0.04,36.23,37.60,1
6.125,2.99,-1.99,1.9531,1.4064,0.3828,10.4570,0.04,36.14,37.51,1
6.146,3.19,-1.97,-1.1875,1.1520,0.1523,6.0898,0.04,36.14,38.57,1
6.166,3.41,-1.98,2.1445,1.0918,0.6523,11.0703,0.04,36.86,38.57,1
6.176,3.50,-1.98,1.2656,1.1832,0.4219,9.5430,0.04,37.24,38.40,1
6.196,3.70,-1.95,-0.3828,1.0747,0.0000,7.2070,0.04,37.24,38.40,1
6.215,3.89,-1.96,0.5742,0.7896,0.4961,8.3906,0.04,38.19,39.63,1
6.227,4.00,-1.98,2.2617,0.8915,0.6523,10.6484,0.04,38.19,39.71,1
6.245,4.18,-1.98,0.7656,1.0275,0.0000,8.5391,0.04,37.88,41.46,1
6.264,4.38,-2.01,0.1133,0.8089,0.8438,7.7344,0.04,39.31,41.46,1
6.278,4.38,-2.01,0.6523,0.7848,0.3828,8.9648,0.04,38.73,40.88,1
6.295,4.68,-2.02,3.0273,1.2729,-0.0781,12.1797,0.04,38.73,42.57,1
6.316,4.87,-2.03,-0.6133,0.9703,-0.9180,7.2070,0.04,39.55,42.57,1
6.336,4.99,-2.06,0.6914,0.7216,-0.2695,9.4258,0.04,39.06,41.66,1
6.347,5.24,-2.06,2.3750,0.8496,-0.5742,11.7578,0.04,39.06,42.72,1
6.366,5.51,-2.09,0.1523,1.1044,-0.0391,8.8867,0.04,40.09,42.60,1
6.384,5.77,-2.08,-0.4219,0.6527,0.1133,8.1172,0.04,39.74,42.60,1
6.397,5.89,-2.06,1.6484,0.6533,-0.3437,11.3398,0.04,39.74,43.45,1
6.416,6.15,-2.03,2.7187,1.2294,-0.3437,11.9180,0.04,40.73,44.21,1
6.435,6.43,-1.95,-0.4219,0.9568,1.6484,7.3906,0.04,40.62,45.10,1
6.448,6.58,-1.92,-0.4219,0.6516,0.0391,8.3906,0.04,42.00,45.10,1
6.465,6.85,-1.83,1.1484,0.6947,0.8047,10.0312,0.04,42.00,45.48,1
6.487,7.14,-1.78,0.2305,0.9064,0.7266,9.6133,0.04,41.55,46.67,1
6.499,7.28,-1.73,0.2305,0.8026,0.7266,9.6133,0.04,42.88,46.55,1
6.518,7.59,-1.69,1.9531,0.4567,1.5703,10.8789,0.04,42.88,46.55,1
6.535,7.85,-1.63,0.7656,0.7861,1.3008,9.0039,0.04,42.74,47.64,1
6.555,8.11,-1.64,0.1133,0.6347,1.6836,8.3906,0.04,44.06,48.37,1
6.567,8.23,-1.65,0.0391,0.5487,0.6914,8.7344,0.04,43.62,49.06,1
6.584,8.49,-1.62,2.1445,0.8409,-0.0781,10.8398,0.04,43.62,49.74,1
6.605,8.75,-1.61,0.8438,0.9228,2.1055,9.1953,0.04,45.14,50.57,1
6.618,8.75,-1.61,-0.8828,0.6454,0.7656,7.9687,0.04,44.77,51.46,1
6.635,9.08,-1.55,-0.6523,0.1754,0.7656,6.7031,0.04,45.74,51.88,1
6.657,9.28,-1.52,-0.0781,0.5945,-0.1133,8.6602,0.04,45.74,51.88,1
6.679,9.39,-1.51,-0.3047,0.3856,2.2227,8.6992,0.04,45.25,52.12,1
6.688,9.58,-1.46,0.9570,0.3338,1.7617,9.9648,0.04,46.16,54.06,1
6.707,9.76,-1.40,0.8438,0.5015,-0.0391,10.2305,0.04,45.92,52.70,1
6.725,9.96,-1.33,-0.1914,0.3891,0.3437,9.6523,0.04,46.91,54.42,1
6.737,10.04,-1.29,-0.6523,0.2630,1.1875,7.8164,0.04,46.91,53.89,1
6.755,10.20,-1.25,-0.2305,0.0443,0.0000,9.1992,0.04,46.62,55.39,1
6.775,10.34,-1.21,0.0000,0.0174,0.3828,8.5820,0.04,48.11,55.91,1
6.788,10.41,-1.22,0.5352,0.0575,2.3750,10.1133,0.04,47.33,56.94,1
6.805,10.52,-1.18,-0.6914,-0.0511,0.8047,9.1602,0.04,48.49,57.03,1
6.829,10.63,-1.22,0.3828,-0.2455,-0.0781,11.1914,0.04,48.49,58.08,1
6.839,10.69,-1.40,0.3828,-0.1490,-0.0781,11.1914,0.04,48.26,58.70,1
6.859,10.82,-1.63,-0.3437,0.0991,2.8711,8.6172,0.04,49.11,59.47,1
6.876,10.92,-1.85,-0.0391,-0.0021,-0.9570,10.1484,0.04,48.76,58.24,1
6.896,10.96,-1.91,-2.7969,-0.4362,-0.2305,4.8984,0.04,49.75,60.59,1
6.907,11.06,-2.10,-2.7969,-0.7988,-0.2305,4.8984,0.04,49.46,59.12,1
6.926,11.14,-2.29,-0.3047,-0.4408,-1.9922,9.2305,0.04,49.46,61.90,1
6.945,11.23,-2.43,0.2305,-0.2759,2.7187,8.5430,0.04,50.34,61.14,1
6.958,11.25,-2.51,1.1094,-0.1278,0.5742,10.4531,0.04,50.23,62.04,1
6.975,11.30,-2.63,0.1914,0.0908,0.0000,9.5391,0.04,50.62,62.22,1
6.995,11.33,-2.74,-0.6914,-0.0760,1.3398,8.1172,0.04,50.05,62.54,1
7.009,11.35,-2.79,0.2305,-0.0082,-2.0703,9.4609,0.04,51.11,62.29,1
7.026,11.41,-2.89,0.5742,0.1356,-0.0391,9.3086,0.04,50.42,63.53,1
7.046,11.46,-2.98,-0.2305,0.4511,-0.1133,8.6172,0.04,50.42,61.95,1
7.065,11.50,-3.05,0.4961,0.3159,1.1875,10.6484,0.04,50.96,62.20,1
7.078,11.51,-3.07,0.3047,0.3405,-0.7656,9.6094,0.04,50.05,62.20,1
7.095,11.55,-3.11,0.7656,0.3672,-0.3437,11.1875,0.04,50.77,63.47,1
7.115,11.61,-3.15,-0.9570,0.1218,-1.7227,7.5898,0.04,50.30,63.05,1
7.128,11.64,-3.21,-0.9570,-0.0439,-1.7227,7.5898,0.04,51.23,62.37,1
7.146,11.69,-3.27,-0.6914,-0.2002,0.8828,9.3086,0.04,51.23,63.35,1
7.165,11.73,-3.33,0.3828,-0.1018,-0.7266,10.1914,0.04,50.83,62.15,1
7.179,11.73,-3.33,0.9180,0.0549,0.1523,11.1484,0.04,50.83,63.14,1
7.196,11.79,-3.39,-1.8008,-0.3020,-1.6836,7.2734,0.04,50.08,62.19,1
7.217,11.86,-3.41,-1.1875,-0.1336,0.5742,7.6602,0.04,50.82,62.71,1
7.230,11.89,-3.43,-1.1875,-0.2955,0.5742,7.6602,0.04,50.38,62.17,1
7.248,11.93,-3.48,0.9570,0.1645,0.7656,10.8789,0.04,50.75,62.64,1
7.267,11.97,-3.51,1.2266,0.4108,0.2695,11.8750,0.04,49.92,62.16,1
7.285,12.00,-3.45,-1.2656,0.1374,0.0391,7.9687,0.04,50.88,62.38,1
7.298,12.01,-3.43,-0.7656,-0.0381,-0.7656,8.0430,0.04,50.88,61.31,1
7.315,12.04,-3.42,-0.3828,-0.2014,-0.6914,7.7383,0.04,50.46,62.43,1
7.336,12.05,-3.43,1.4570,0.0297,-0.2305,11.2227,0.04,51.47,61.63,1
7.349,12.06,-3.41,-0.0391,0.1293,0.2695,8.6211,0.04,50.45,61.56,1
7.366,12.06,-3.39,1.5313,0.4194,0.5742,11.6016,0.04,51.25,62.75,1
7.388,12.07,-3.34,-1.3789,0.2539,0.3828,6.6289,0.04,50.90,61.91,1
7.400,12.08,-3.33,-1.3789,0.0031,0.3828,6.6289,0.04,52.00,62.98,1
7.419,12.08,-3.37,0.3437,-0.1744,-1.2656,9.0391,0.04,52.00,62.80,1
7.435,12.06,-3.39,1.4180,0.0585,-0.8828,11.0742,0.04,51.18,63.69,1
7.455,12.05,-3.38,0.9570,0.3733,-1.3398,10.0742,0.04,52.37,62.03,1
7.468,12.04,-3.35,0.4961,0.4261,-0.8828,10.0312,0.04,50.83,63.48,1
7.488,12.05,-3.34,0.0781,0.3574,-0.9961,8.6211,0.04,52.67,61.52,1
7.505,12.08,-3.39,-0.2305,0.1939,-1.6836,9.1953,0.04,51.95,62.95,1
7.519,12.10,-3.41,-0.3437,0.1197,0.0000,8.2383,0.04,52.87,62.55,1
7.537,12.12,-3.42,0.4219,0.1058,0.2695,10.5703,0.04,52.87,62.88,1
7.554,12.14,-3.41,-0.1914,0.0597,-1.6094,9.4648,0.04,51.78,61.82,1
7.576,12.18,-3.43,-0.7266,0.1617,-0.6523,8.8867,0.04,52.18,62.68,1
7.595,12.22,-3.47,0.3828,0.1044,-0.6133,9.9648,0.04,52.18,62.65,1
7.606,12.24,-3.49,-0.5742,0.0706,1.0742,9.1953,0.04,53.30,62.65,1
7.626,12.28,-3.52,0.3828,0.0626,-0.4961,10.1484,0.04,52.55,63.14,1
7.638,12.29,-3.51,-0.2695,0.0812,0.2695,9.1953,0.04,53.13,61.73,1
7.656,12.32,-3.52,0.6523,0.0555,-0.2695,9.7656,0.04,52.69,61.73,1
7.674,12.36,-3.54,1.2266,0.3861,-1.0742,10.8398,0.04,53.21,61.89,1
7.689,12.39,-3.53,0.6523,0.4692,-0.5352,9.6484,0.04,52.82,62.60,1
7.706,12.43,-3.50,0.6133,0.5230,-1.4570,9.8047,0.04,52.82,62.07,1
7.726,12.49,-3.47,0.0781,0.4302,-0.0781,9.8867,0.04,52.95,63.35,1
7.740,12.51,-3.46,-0.6914,0.1820,0.8438,7.8945,0.04,53.63,60.35,1
7.757,12.57,-3.43,0.5352,0.2057,-1.1484,10.7266,0.04,53.63,63.16,1
7.777,12.64,-3.39,0.8828,0.3755,0.6914,10.2266,0.04,52.71,61.42,1
7.796,12.72,-3.36,-0.1523,0.4365,-0.8047,9.7266,0.04,53.63,62.17,1
7.808,12.75,-3.35,-0.7266,0.2603,0.6133,8.4219,0.04,52.75,62.29,1
7.826,12.81,-3.32,-0.7656,-0.0227,-0.1133,8.1992,0.04,53.54,62.73,1
7.844,12.87,-3.27,0.0391,-0.0979,-1.8008,9.0781,0.04,53.35,62.05,1
7.859,12.91,-3.23,-0.4609,-0.1169,0.4219,8.7344,0.04,54.25,62.77,1
7.876,12.98,-3.22,2.0312,0.3174,-0.7266,11.5703,0.04,53.10,62.60,1
7.895,13.06,-3.18,0.2305,0.4049,0.0391,9.8828,0.04,54.02,63.71,1
7.918,13.12,-3.10,-0.8828,0.6919,-2.3359,8.2344,0.04,52.98,63.09,1
7.928,13.16,-3.05,-0.8828,0.4500,-2.3359,8.2344,0.04,54.62,62.18,1
7.948,13.26,-2.98,-1.1484,-0.2345,-0.3047,7.8164,0.04,54.62,62.24,1
7.966,13.36,-2.98,0.8438,-0.3344,-0.4961,11.5742,0.04,53.71,63.02,1
7.978,13.41,-2.96,0.1133,-0.1321,2.1055,9.6914,0.04,54.16,64.22,1
7.996,13.49,-2.94,0.4219,-0.0378,0.0391,11.4961,0.04,53.42,61.33,1
8.017,13.52,-2.91,-0.7266,-0.0838,-1.0352,9.5430,0.04,54.24,63.73,1
8.029,13.61,-2.83,-0.5352,-0.1672,-0.1523,8.8477,0.04,53.63,62.03,1
8.046,13.71,-2.77,-0.6914,-0.3272,-0.3437,9.3086,0.04,54.46,62.02,1
8.065,13.80,-2.74,-0.7266,-0.4592,-1.8008,10.0703,0.04,53.24,62.94,1
8.088,13.87,-2.70,-0.1133,-0.4233,1.1094,10.7266,0.04,54.04,64.23,1
8.097,13.90,-2.67,-0.1133,-0.3757,1.1094,10.7266,0.04,53.30,60.75,1
8.119,13.96,-2.59,-0.9961,-0.2638,-0.4609,7.9297,0.04,53.30,63.18,1
8.136,14.03,-2.53,-0.2695,-0.4134,-0.1914,9.8437,0.04,53.19,62.78,1
8.155,14.09,-2.49,-0.9961,-0.5251,-0.4961,9.0039,0.04,53.19,61.90,1
8.167,14.12,-2.48,-0.1523,-0.5300,-0.0391,10.4141,0.04,54.52,61.90,1
8.186,14.16,-2.43,-0.0391,-0.3762,0.7656,9.6133,0.04,52.98,64.13,1
8.199,14.19,-2.39,-0.0781,-0.3275,-0.2695,9.4219,0.04,54.48,62.74,1
8.216,14.25,-2.30,-1.3789,-0.3608,-1.4922,7.7773,0.04,53.38,62.74,1
8.235,14.32,-2.25,0.3047,-0.3353,0.3047,9.9648,0.04,54.82,63.31,1
8.258,14.39,-2.23,-0.2695,-0.5138,-0.4961,10.1914,0.04,54.06,62.49,1
8.268,14.42,-2.24,-0.2695,-0.4763,-0.4961,10.1914,0.04,54.55,64.50,1
8.285,14.47,-2.23,-1.4180,-0.6718,1.5703,8.3945,0.04,53.83,63.48,1
8.306,14.50,-2.20,-1.1875,-0.7401,-0.2695,8.9219,0.04,54.78,64.44,1
8.320,14.53,-2.20,1.1484,-0.6523,-1.4922,10.6484,0.04,53.93,63.03,1
8.336,14.60,-2.20,-0.1523,-0.2456,-0.3437,10.5312,0.04,53.93,64.67,1
8.356,14.64,-2.21,-0.5742,-0.2840,1.2266,9.3828,0.04,54.24,63.30,1
8.369,14.70,-2.18,-1.9141,-0.4554,-0.8047,8.0820,0.04,53.18,62.22,1
8.387,14.75,-2.15,0.0391,-0.7128,-0.4609,10.6484,0.04,54.58,62.22,1
8.406,14.82,-2.11,-1.7617,-0.8550,-0.6133,6.8203,0.04,53.40,62.61,1
8.425,14.90,-2.11,1.6094,-0.3661,0.1133,12.6797,0.04,54.16,64.07,1
8.437,14.93,-2.06,-0.3047,-0.3525,0.4609,9.6133,0.04,52.59,62.89,1
8.455,15.00,-1.98,-0.1523,-0.3052,-0.5742,10.9961,0.04,52.98,62.80,1
8.476,15.09,-1.88,-1.4180,-0.9547,-1.5703,8.3945,0.04,52.58,62.37,1
8.488,15.14,-1.84,-1.4180,-1.0258,-1.5703,8.3945,0.04,53.35,62.27,1
8.505,15.24,-1.86,-2.1055,-1.3939,0.1523,8.3125,0.04,53.35,62.24,1
8.526,15.34,-1.80,-0.3828,-0.8654,1.3008,9.7695,0.04,52.35,63.77,1
8.539,15.38,-1.77,0.7656,-0.6667,0.9961,11.4570,0.04,52.65,61.14,1
8.556,15.46,-1.62,-1.9141,-0.4749,-2.7969,8.1992,0.04,51.55,62.04,1
8.575,15.57,-1.54,-0.5742,-0.6690,0.3828,8.5391,0.04,52.66,61.26,1
8.595,15.70,-1.47,-1.1484,-0.7692,0.1914,9.5430,0.04,51.82,60.99,1
8.607,15.75,-1.42,-1.4180,-0.9128,0.1133,7.7734,0.04,52.57,61.70,1
8.626,15.83,-1.36,0.4609,-0.6402,2.9102,10.8398,0.04,51.56,62.16,1
8.648,15.88,-1.22,-0.6523,-0.5037,-0.4219,8.5781,0.04,52.45,62.51,1
8.658,15.92,-1.17,-0.6523,-0.5265,-0.4219,8.5781,0.04,51.85,60.86,1
8.677,16.00,-1.11,-1.3008,-0.5505,-0.2695,7.7773,0.04,51.85,60.86,1
8.696,16.06,-1.06,-1.1875,-0.7542,1.8398,6.9297,0.04,53.32,62.48,1
8.709,16.07,-1.05,1.3789,-0.6448,0.3047,11.6406,0.04,52.70,62.48,1
8.727,16.08,-0.98,0.3828,-0.1506,0.5352,9.7305,0.04,53.03,63.02,1
8.745,16.10,-0.94,0.9570,0.1584,1.6094,10.4180,0.04,53.00,64.27,1
8.760,16.10,-0.91,-1.2266,0.1063,-2.1836,7.2031,0.04,53.60,64.05,1
8.777,16.08,-0.90,0.5742,0.0505,0.5352,10.6523,0.04,53.60,64.91,1
8.795,16.03,-0.87,-0.6914,-0.0511,0.9961,9.1172,0.04,54.06,64.09,1
8.818,15.98,-0.88,1.2656,-0.0269,1.7227,12.5234,0.04,52.91,65.66,1
8.828,15.94,-0.87,1.2656,0.1716,1.7227,12.5234,0.04,53.89,65.48,1
8.848,15.86,-0.80,-0.0781,0.3663,-0.2695,9.5430,0.04,53.89,65.48,1
8.866,15.79,-0.71,1.1094,0.3353,-1.7227,10.7969,0.04,52.99,65.86,1
8.880,15.76,-0.65,-0.4609,0.3810,0.1523,8.4219,0.04,54.00,64.30,1
8.897,15.71,-0.56,-0.2695,0.1575,0.4961,9.9648,0.04,53.13,65.82,1
8.916,15.66,-0.51,-0.8828,-0.0578,-0.2305,7.7773,0.04,54.21,65.27,1
8.935,15.50,-0.39,0.9180,0.1067,1.7227,10.8008,0.04,53.68,66.24,1
8.947,15.43,-0.32,0.9180,0.2314,1.7227,10.8008,0.04,54.52,64.81,1
8.966,15.32,-0.24,-0.0391,0.0294,0.0781,9.8867,0.04,54.04,66.42,1
8.988,15.19,-0.21,-0.8438,-0.1753,-0.0781,8.8477,0.04,55.41,64.81,1
8.998,15.12,-0.21,-0.8438,-0.2779,-0.0781,8.8477,0.04,54.08,66.74,1
9.015,14.95,-0.20,-1.4180,-0.5655,-0.3047,8.6992,0.04,55.69,66.74,1
9.037,14.75,-0.19,-0.3828,-0.6632,1.1484,10.3828,0.04,54.62,66.84,1
9.056,14.65,-0.21,0.4609,-0.4541,-1.3789,11.4141,0.04,55.97,68.29,1
9.067,14.44,-0.21,-0.0391,-0.3535,-0.0781,9.9219,0.04,55.97,67.59,1
9.086,14.24,-0.27,1.2266,-0.1631,-0.4219,12.4062,0.04,54.91,68.52,1
9.106,14.03,-0.32,-1.1875,-0.2236,-0.4609,7.8906,0.04,55.56,67.97,1
9.117,13.92,-0.34,0.8438,-0.2092,-0.6133,11.3750,0.04,55.56,67.97,1
9.135,13.68,-0.32,-0.8438,-0.2237,-1.8008,8.5391,0.04,56.64,68.19,1
9.156,13.57,-0.35,-0.3047,-0.3167,-0.4609,8.0391,0.04,56.45,67.51,1
9.168,13.35,-0.44,-0.2305,-0.2976,-1.2266,8.8437,0.04,57.26,69.32,1
9.185,13.12,-0.53,-0.2305,-0.2786,-0.9961,8.9609,0.04,56.24,68.22,1
9.207,12.91,-0.69,0.0391,-0.1805,-2.2617,10.6094,0.04,57.69,67.85,1
9.219,12.80,-0.75,0.0391,-0.1468,-2.2617,10.6094,0.04,56.87,68.71,1
9.238,12.58,-0.85,-1.3008,-0.1206,-0.5352,7.6250,0.04,58.06,68.71,1
9.257,12.37,-1.00,0.0000,-0.3513,-1.8789,9.8867,0.04,56.64,67.91,1
9.275,12.18,-1.17,-0.9961,-0.4520,-1.7617,8.1602,0.04,57.80,66.53,1
9.288,12.09,-1.27,0.3437,-0.4283,-1.2656,9.1562,0.04,56.90,68.61,1
9.305,11.93,-1.49,0.3047,-0.1738,-1.1875,8.6992,0.04,57.61,65.55,1
9.325,11.79,-1.67,2.1055,0.3605,-3.4492,12.1836,0.04,57.39,66.91,1
9.338,11.79,-1.67,0.9570,0.4521,-1.7227,8.9219,0.04,57.65,66.41,1
9.357,11.64,-1.90,1.6836,0.7850,-0.1133,11.2969,0.04,56.31,66.41,1
9.377,11.56,-2.06,0.7656,0.5272,-0.9961,9.5781,0.04,57.38,64.61,1
9.389,11.52,-2.13,0.7656,0.5638,-0.9961,9.5781,0.04,56.81,63.34,1
9.409,11.38,-2.35,1.2656,0.3919,-2.1055,9.9609,0.04,57.28,64.49,1
9.427,11.29,-2.54,0.3047,0.5628,-0.9180,8.5391,0.04,56.44,63.05,1
9.440,11.25,-2.66,2.0312,0.6438,-0.6133,12.9492,0.04,56.29,63.82,1
9.457,11.20,-2.84,-0.8828,0.8042,-0.1523,8.3516,0.04,55.61,62.15,1
9.475,11.16,-3.00,-0.4961,0.3146,-0.2695,9.3047,0.04,55.61,62.45,1
9.495,11.14,-3.11,-1.4180,-0.1193,-2.1836,7.6250,0.04,55.96,61.98,1
9.508,11.14,-3.18,0.6523,-0.1532,-1.1875,9.3477,0.04,56.47,62.09,1
9.526,11.15,-3.33,0.2305,0.0281,-0.1133,10.4961,0.04,56.47,61.97,1
9.548,11.17,-3.48,1.0352,0.3873,1.3398,10.5312,0.04,56.80,63.08,1
9.559,11.18,-3.53,1.0352,0.4868,1.3398,10.5312,0.04,56.14,62.96,1
9.576,11.22,-3.63,-1.3008,0.1254,-1.7227,6.4414,0.04,57.31,60.95,1
9.596,11.27,-3.74,-1.4922,0.2435,-0.0391,6.9336,0.04,57.31,60.95,1
9.615,11.30,-3.88,1.9922,0.4229,0.1523,12.9062,0.04,55.74,61.86,1
9.627,11.31,-3.90,1.1094,0.5933,0.8438,11.9844,0.04,56.05,61.86,1
9.648,11.31,-3.93,0.6523,0.6695,-1.4180,11.5742,0.04,54.49,60.66,1
9.666,11.38,-3.99,0.8828,0.7147,0.6523,12.0273,0.04,55.49,60.49,1
9.678,11.41,-3.98,0.6914,0.7252,-1.8008,12.5273,0.04,53.79,59.91,1
9.699,11.45,-3.95,-0.4219,0.5446,0.4219,10.9141,0.04,54.79,61.05,1
9.719,11.56,-3.84,-0.6523,0.1967,-1.2266,9.9648,0.04,53.89,59.75,1
9.729,11.59,-3.81,-0.6523,0.0663,-1.2266,9.9648,0.04,54.70,59.63,1
9.746,11.67,-3.75,-0.3047,-0.0606,0.8828,9.8437,0.04,54.46,59.55,1
9.767,11.73,-3.68,-0.5352,-0.2224,-0.3828,8.7773,0.04,55.56,60.64,1
9.787,11.81,-3.64,-0.2305,-0.2616,1.1484,10.0742,0.04,54.71,59.83,1
9.799,11.85,-3.62,-0.2695,-0.2578,-1.2266,9.1602,0.04,54.71,61.87,1
9.817,11.91,-3.55,-1.8789,-0.3899,0.4609,6.5469,0.04,55.51,59.90,1
9.835,12.00,-3.54,1.6836,-0.1091,-0.7656,11.6016,0.04,56.86,61.21,1
9.848,12.03,-3.49,-0.4961,-0.0081,-0.6523,7.4727,0.04,56.86,61.20,1
9.865,12.12,-3.54,1.6094,0.2915,0.4609,10.3086,0.04,55.74,61.68,1
9.885,12.22,-3.56,0.4961,0.4189,-0.4219,10.3086,0.04,56.60,61.74,1
9.899,12.26,-3.52,1.7227,0.7074,0.8047,11.4570,0.04,55.35,62.38,1
9.916,12.36,-3.49,-0.1914,0.5717,-0.8828,9.1172,0.04,57.03,60.94,1
9.937,12.46,-3.46,2.1445,0.4827,-0.4961,8.7734,0.04,56.47,62.94,1
9.950,12.51,-3.46,2.1445,0.7380,-0.4961,8.7734,0.04,58.40,61.97,1
9.967,12.63,-3.44,-0.0781,0.9228,0.8047,7.4687,0.04,56.66,64.80,1
9.987,12.72,-3.41,2.4141,0.8383,0.1133,10.8398,0.04,57.95,62.86,1
10.005,12.82,-3.33,0.5742,0.9683,-1.0742,9.9219,0.04,57.40,63.67,1
10.018,12.88,-3.30,0.1914,0.8772,-0.9570,6.7422,0.04,58.60,63.85,1
10.039,12.95,-3.29,2.4531,1.0301,0.1133,11.4180,0.04,57.73,63.84,1
10.055,13.10,-3.27,1.3008,1.1786,-2.2227,8.8437,0.04,59.72,64.76,1
10.069,13.16,-3.33,-1.1484,0.6636,1.3398,6.0156,0.04,58.89,63.80,1
10.086,13.23,-3.33,-0.5742,0.1729,-0.3047,7.3164,0.04,60.07,66.92,1
10.108,13.30,-3.28,1.8398,0.8367,0.1914,9.3437,0.04,59.69,65.27,1
10.120,13.34,-3.28,1.8398,0.9908,0.1914,9.3437,0.04,61.93,66.63,1
10.138,13.42,-3.24,-0.3828,0.4781,0.9180,5.6680,0.04,61.49,67.33,1
10.157,13.51,-3.30,5.1719,0.6783,-0.1914,15.5508,0.04,61.99,68.58,1
10.176,13.60,-3.30,2.0703,1.5238,-0.9961,9.7656,0.04,62.92,70.40,1
10.188,13.63,-3.29,0.0391,1.4453,1.6094,9.1562,0.04,62.25,67.72,1
10.206,13.72,-3.27,0.6523,1.1016,-1.8789,8.5820,0.04,62.25,70.69,1
10.226,13.84,-3.26,2.1836,1.2873,0.6914,11.9141,0.04,62.71,69.25,1
10.239,13.91,-3.27,1.3398,1.3575,-0.8047,9.6523,0.04,64.51,69.54,1
10.256,14.01,-3.31,0.0781,1.0722,0.6523,9.2656,0.04,64.17,72.12,1
10.279,14.13,-3.34,4.0625,1.3169,1.4570,13.7109,0.04,65.10,70.99,1
10.297,14.22,-3.26,-0.0781,1.7643,-0.3047,7.2031,0.04,64.25,72.30,1
10.309,14.27,-3.25,0.0391,1.3660,0.6523,7.0898,0.04,67.07,73.68,1
10.326,14.37,-3.20,2.3750,1.1765,-0.0391,11.4961,0.04,65.72,73.58,1
10.346,14.45,-3.14,3.0664,1.7381,0.3047,12.9062,0.04,65.88,74.99,1
10.359,14.49,-3.11,0.9180,1.7703,0.1914,10.1133,0.04,65.88,73.58,1
10.376,14.55,-2.97,0.8047,1.5195,0.4961,9.2266,0.04,67.60,74.62,1
10.395,14.62,-2.92,2.2617,1.5983,-1.1875,9.4648,0.04,70.09,75.98,1
10.409,14.66,-2.91,3.3320,1.7858,0.0391,11.6055,0.04,69.17,75.84,1
10.426,14.73,-2.86,-0.9961,1.3551,-0.3828,5.4375,0.04,71.39,77.57,1
10.445,14.78,-2.84,1.5703,1.2562,1.4570,7.6289,0.04,73.62,79.03,1
10.460,14.78,-2.81,2.5273,1.5375,0.0000,9.0391,0.04,72.61,79.22,1
10.477,14.80,-2.80,1.3008,1.5468,0.8047,7.9727,0.04,74.06,79.55,1
10.496,14.80,-2.81,3.4492,1.1058,-0.3828,12.0625,0.04,73.86,82.18,1
10.517,14.80,-2.86,2.0312,1.6570,0.1133,10.3437,0.04,74.50,166.36,1
10.528,14.80,-2.88,1.3398,1.6592,-1.9141,8.3555,0.04,75.78,82.67,1
10.546,14.79,-2.87,2.9492,1.6974,-0.4609,12.0273,0.04,75.05,84.27,1
10.566,14.76,-2.84,1.8008,1.8700,-1.2266,10.0352,0.04,76.86,82.72,1
10.579,14.75,-2.78,0.2305,1.7337,0.5742,7.3164,0.04,78.14,82.58,1
10.596,14.72,-2.78,2.0703,1.6284,-1.3398,8.9648,0.04,76.64,85.59,1
10.615,14.71,-2.81,3.0273,1.9655,0.5742,12.7187,0.04,77.96,84.77,1
10.630,14.70,-2.81,0.8828,1.7259,0.8828,10.3047,0.04,80.01,83.82,1
10.647,14.68,-2.78,1.3008,1.5793,-0.9180,8.4609,0.04,77.59,85.18,1
10.669,14.63,-2.74,2.0703,1.7865,-1.4570,10.4922,0.04,80.68,86.44,1
10.686,14.50,-2.78,-0.1133,1.6923,-1.8398,9.4648,0.04,78.92,88.64,1
10.698,14.44,-2.77,3.2578,1.5624,-0.5742,9.8477,0.04,80.84,87.38,1
10.716,14.33,-2.80,0.7266,1.8407,-0.8047,7.5078,0.04,80.71,88.80,1
10.736,14.23,-2.88,1.9531,1.7323,-0.3437,8.6172,0.04,81.71,88.92,1
10.749,14.19,-2.88,3.5625,1.8950,-0.4219,13.0273,0.04,82.07,90.60,1
10.766,14.10,-2.78,3.6016,2.4721,-0.5352,12.8281,0.04,80.42,87.94,1
10.785,14.00,-2.58,0.8828,2.1907,0.4961,8.6953,0.04,84.78,87.20,1
10.800,13.94,-2.53,-0.5352,1.5875,-1.5313,3.7148,0.04,84.23,89.53,1
10.817,13.87,-2.57,2.9102,1.6263,-0.1914,10.1914,0.04,81.85,91.12,1
10.837,13.77,-2.57,1.3789,1.6846,1.6094,10.4570,0.04,85.79,90.14,1
10.857,13.65,-2.45,3.9062,1.8001,-1.0352,10.6914,0.04,87.05,90.25,1
10.868,13.59,-2.33,3.4844,2.2325,-0.2695,11.1094,0.04,82.99,91.61,1
10.887,13.49,-2.08,-0.9961,2.2291,-0.4219,6.7812,0.04,85.73,90.47,1
10.906,13.36,-1.90,-1.3789,1.0448,1.0352,7.5469,0.04,85.38,88.47,1
10.919,13.30,-1.83,0.6914,0.8382,-2.9102,8.7773,0.04,87.44,89.58,1
10.936,13.25,-1.77,-0.4961,0.6141,0.0781,9.0039,0.04,86.07,93.81,1
10.959,13.12,-1.75,-3.4844,-0.1597,2.6797,6.9727,0.04,87.47,93.10,1
10.970,12.94,-1.79,-1.5313,-0.5141,2.3359,8.6602,0.04,88.66,93.99,1
10.987,12.72,-2.00,-0.6914,-0.6750,-0.4609,8.8437,0.04,90.05,93.57,1
11.009,12.51,-2.28,-1.7617,-0.7265,0.7656,8.8437,0.04,87.67,98.81,1
11.027,12.24,-2.54,0.1523,-0.8669,1.3789,8.2383,0.04,90.33,98.81,1
11.040,12.09,-2.71,1.2656,-0.5523,-0.9961,7.4687,0.04,95.62,99.53,1
11.056,11.76,-3.11,3.2578,0.1226,0.2305,12.8711,0.04,94.40,103.54,1
11.076,11.59,-3.24,1.3789,0.7232,-1.6484,8.1172,0.04,92.51,102.63,1
11.089,11.23,-3.54,2.5273,0.9158,0.7266,10.4961,0.04,93.48,103.65,1
11.106,10.90,-3.85,1.2656,1.2719,-2.4141,3.1797,0.04,94.39,102.29,1
11.125,10.58,-4.23,4.9023,2.0746,-1.3008,11.9180,0.04,96.53,102.52,1
11.140,10.40,-4.32,5.3242,2.5427,-3.6016,13.2148,0.04,96.05,101.07,1
11.158,10.06,-4.41,2.7187,2.9144,-3.2187,7.7734,0.04,97.69,100.21,1
11.175,9.77,-4.63,0.7266,2.4180,-2.3359,5.9805,0.04,97.02,103.37,1
11.197,9.53,-4.90,1.5703,2.0189,-0.6523,3.2891,0.04,99.90,104.64,1
11.208,9.41,-5.02,1.5703,1.9500,-0.6523,3.2891,0.04,100.15,104.08,1
11.227,9.20,-5.41,8.8125,2.0630,0.1914,18.6172,0.04,98.91,104.95,1
11.245,8.95,-5.53,8.8125,3.9772,0.1914,18.6172,0.04,96.55,103.89,1
11.267,8.73,-5.46,5.7852,4.6529,-4.9023,14.6719,0.04,93.64,103.00,1
11.277,8.62,-5.45,3.1797,4.6184,-1.9531,11.5703,0.04,94.86,105.02,1
11.296,8.47,-5.45,1.5703,3.7717,-1.0352,13.1719,0.04,94.47,102.01,1
11.310,8.40,-5.46,6.0898,3.7952,-0.6914,18.3438,0.04,98.75,100.84,1
11.327,8.20,-5.32,1.9141,3.6533,-1.2266,12.1406,0.04,97.93,102.80,1
11.346,8.00,-5.07,1.7617,3.1263,-0.3047,10.4180,0.04,98.74,100.91,1
11.367,7.82,-4.78,1.3398,2.0271,-0.7656,12.2227,0.04,98.51,98.45,1
11.378,7.72,-4.63,1.3398,1.9216,-0.7656,12.2227,0.04,100.70,97.22,1
11.398,7.57,-4.52,-1.6484,0.7278,1.3008,7.0469,0.04,98.52,100.28,1
11.416,7.43,-4.54,-1.2656,0.0845,-1.0352,5.9414,0.04,100.62,104.45,1
11.429,7.33,-4.52,-1.7617,-0.2540,0.7266,1.8789,0.04,107.00,107.08,1
11.447,7.16,-4.62,3.2187,-0.2831,0.7656,12.9883,0.04,104.84,110.47,1
11.466,6.97,-4.72,1.2656,0.4785,-1.2656,9.1602,0.04,107.30,110.77,1
11.480,6.88,-4.76,2.3359,0.6850,-0.6523,9.6523,0.04,110.27,111.38,1
11.497,6.68,-4.77,1.5703,1.0784,-0.6133,8.0078,0.04,107.22,113.38,1
11.516,6.50,-4.78,4.0234,1.7608,-0.9570,10.9141,0.04,107.82,113.31,1
11.538,6.30,-4.69,4.5586,2.6343,0.3047,6.9336,0.04,109.84,114.27,1
11.548,6.20,-4.69,4.5586,2.9298,0.3047,6.9336,0.04,111.21,113.99,1
11.569,5.98,-4.64,4.5977,3.3475,1.8789,11.2969,0.04,110.45,113.58,1
11.588,5.71,-4.49,3.6406,3.6255,0.1523,3.1406,0.04,114.57,117.70,1
11.599,5.60,-4.47,2.0312,3.5001,1.0352,7.6953,0.04,111.46,118.57,1
11.616,5.33,-4.44,5.0937,3.3285,-0.4219,6.9336,0.04,111.99,117.67,1
11.636,5.04,-4.43,2.0312,3.2525,-0.3047,7.3906,0.04,112.79,118.57,1
11.650,4.92,-4.46,2.7578,3.1231,-1.3008,10.0742,0.04,116.09,120.54,1
11.667,4.62,-4.53,5.1328,3.5242,-0.8438,13.7539,0.04,116.20,118.74,1
11.686,4.30,-4.53,5.8594,4.2334,-1.4570,14.2500,0.04,114.46,124.70,1
11.709,4.02,-4.46,2.9492,3.6506,-0.8828,10.7305,0.04,117.87,122.88,1
11.718,3.86,-4.47,2.9492,3.5429,-0.8828,10.7305,0.04,121.20,123.69,1
11.736,3.54,-4.45,2.4531,3.2647,-0.8828,9.2266,0.04,117.63,125.96,1
11.757,3.23,-4.37,4.0977,2.6691,-1.3398,12.1797,0.04,119.08,126.28,1
11.769,3.08,-4.35,0.3828,2.6881,-0.7266,6.9727,0.04,122.23,123.59,1
11.788,2.74,-4.33,-0.8047,1.9393,-1.3008,4.9766,0.04,122.93,125.79,1
11.808,2.41,-4.48,3.6406,1.9876,-0.1523,15.6250,0.04,121.64,127.24,1
11.820,2.21,-4.48,1.7617,2.2031,-0.3047,3.8711,0.04,125.41,129.22,1
11.838,1.83,-4.64,-1.4570,1.8204,0.7266,6.4023,0.04,127.45,130.11,1
11.856,1.44,-4.89,1.3008,1.3134,1.4922,8.3125,0.04,130.04,128.14,1
11.875,1.00,-5.17,5.4766,2.2340,-0.2305,15.4375,0.04,128.75,136.50,1
11.888,1.00,-5.17,0.4219,2.0890,-1.2656,10.6914,0.04,129.20,135.85,1
11.906,0.30,-5.43,0.4219,1.5207,-1.2656,10.6914,0.04,132.50,133.51,1
11.927,-0.17,-5.65,5.3633,2.7308,-1.7227,11.4531,0.04,128.82,138.52,1
11.939,-0.41,-5.78,5.3633,3.1351,-1.7227,11.4531,0.04,131.98,136.26,1
11.959,-0.92,-6.14,0.1914,1.6162,-2.5273,9.7305,0.04,132.78,138.99,1
11.977,-1.51,-6.42,7.0469,1.7605,-2.3750,13.7109,0.04,132.19,139.20,1
11.990,-1.79,-6.58,9.0391,3.0898,0.0781,19.0391,0.04,135.39,140.37,1
12.008,-2.35,-6.79,2.1055,4.2224,-3.2187,7.5078,0.04,134.68,142.94,1
12.026,-2.87,-6.91,0.3437,3.1108,0.3828,4.3672,0.04,137.17,137.08,1
12.049,-3.42,-7.00,6.6641,3.7810,-0.3828,13.2109,0.04,134.93,144.76,1
12.058,-3.65,-7.04,6.6641,4.2238,-0.3828,13.2109,0.04,137.57,142.37,1
12.076,-4.14,-7.18,2.7187,4.0428,0.2695,9.2695,0.04,135.39,143.10,1
12.098,-4.63,-7.16,1.5703,1.8443,-3.2187,10.0352,0.04,143.00,139.47,1
12.109,-4.86,-7.20,1.5703,1.8022,-3.2187,10.0352,0.04,139.65,140.96,1
12.129,-5.32,-7.22,0.1914,2.4161,-1.3789,7.6602,0.04,140.94,144.97,1
12.147,-5.75,-7.34,-2.6055,1.5614,0.8828,3.1797,0.04,138.22,148.81,1
12.160,-5.96,-7.42,-1.1094,0.7589,-2.0703,5.8242,0.04,141.94,148.94,1
12.177,-6.38,-7.51,3.3711,0.5875,-1.6094,13.3320,0.04,145.58,150.76,1
12.195,-6.78,-7.83,5.9375,2.1045,-2.0312,14.2891,0.04,147.86,149.68,1
12.216,-7.22,-7.95,3.1016,2.5639,-2.4531,7.6992,0.04,146.74,150.42,1
12.228,-7.40,-8.03,-1.3398,1.7000,1.3789,2.9844,0.04,146.61,151.63,1
12.246,-7.77,-8.41,1.6094,1.3163,-2.9883,6.7461,0.04,145.71,154.44,1
12.268,-8.15,-8.60,6.2812,1.7820,-3.0273,14.4805,0.04,149.01,156.49,1
12.279,-8.30,-8.75,6.2812,2.4731,-3.0273,14.4805,0.04,149.16,154.68,1
12.299,-8.63,-9.03,6.3203,4.2970,1.5703,17.4688,0.04,146.16,154.25,1
12.316,-8.96,-9.05,6.2422,4.8646,-4.2539,9.6484,0.04,150.53,155.84,1
12.330,-9.12,-8.94,1.3398,4.7773,2.6445,9.8828,0.04,151.45,154.61,1
12.348,-9.37,-8.92,0.9570,3.7718,-4.1758,4.8633,0.04,155.09,155.69,1
12.368,-9.62,-8.97,1.1875,2.8632,-0.6133,7.8906,0.04,152.58,157.16,1
12.386,-9.81,-8.82,2.1055,2.4951,-2.6055,12.2578,0.04,150.99,156.13,1
12.398,-9.81,-8.82,3.2578,2.6122,-2.1836,9.8867,0.04,156.59,162.13,1
12.415,-10.11,-8.87,3.4844,2.8825,1.4922,13.7500,0.04,155.04,160.82,1
12.439,-10.28,-8.75,1.3398,2.7682,2.4531,10.8398,0.04,156.49,157.04,1
12.449,-10.28,-8.75,1.3398,2.7682,2.4531,10.8398,0.04,155.33,162.39,1
12.466,-10.44,-8.58,0.7656,2.2360,-1.5703,8.5781,0.04,156.84,164.31,1
12.487,-10.56,-8.64,0.5352,2.5663,-0.1133,8.3516,0.04,160.54,163.13,1
12.500,-10.64,-8.52,1.6836,2.2087,-2.9492,0.5742,0.04,156.05,166.33,1
12.517,-10.77,-8.26,-0.7266,1.8669,-1.3789,5.9766,0.04,158.58,164.80,1
12.537,-10.81,-8.24,2.5664,1.6372,-3.3711,6.8516,0.04,162.13,160.59,1
12.556,-10.90,-8.49,4.9805,2.4882,-0.3437,17.8164,0.04,160.80,165.76,1
12.568,-10.94,-8.48,4.2539,2.8129,1.8008,14.7812,0.04,163.19,165.92,1
12.587,-11.01,-8.35,0.9570,2.5745,0.3047,3.6719,0.04,166.44,171.56,1
12.606,-11.37,-8.70,0.8828,2.0994,-1.6094,4.3711,0.04,163.53,166.78,1
12.619,-11.61,-9.02,2.7187,2.2365,-0.1523,11.3398,0.04,167.87,173.07,1
12.637,-11.94,-9.70,1.9922,2.2124,-0.9961,13.2891,0.04,165.02,170.59,1
12.657,-12.17,-10.16,-0.5742,2.2021,-1.6484,2.2227,0.04,170.56,176.09,1
12.670,-12.26,-10.27,-0.5742,1.7757,-1.6484,2.2227,0.04,166.78,173.43,1
12.688,-12.37,-10.59,0.9180,0.7965,-2.2969,5.3203,0.04,168.98,174.98,1
12.708,-12.45,-10.87,2.4141,0.9506,-2.0312,12.1016,0.04,168.10,177.87,1
12.726,-12.48,-11.02,2.9492,1.5680,-0.0391,12.1016,0.04,170.18,176.24,1
12.738,-12.49,-11.13,3.4844,1.8229,-1.1094,11.7969,0.04,169.00,175.62,1
12.756,-12.47,-11.20,0.6133,1.7539,0.2305,10.2695,0.04,169.49,174.22,1
12.776,-12.44,-11.20,4.2148,2.2275,-1.5703,10.7266,0.04,171.14,177.56,1
12.789,-12.44,-11.20,2.2969,2.2382,-0.3437,12.4453,0.04,171.44,179.18,1
12.807,-12.34,-11.08,2.9883,2.4078,-0.4219,8.8477,0.04,170.15,177.49,1
12.827,-12.24,-11.17,-0.2695,1.5236,-0.7656,7.9687,0.04,174.16,178.70,1
12.840,-12.18,-11.28,-0.2695,1.2482,-0.7656,7.9687,0.04,179.28,178.57,1
12.859,-12.09,-11.26,0.9961,1.2377,0.6914,9.1172,0.04,178.73,180.28,1
12.877,-12.01,-11.33,4.5586,1.4542,-1.7617,11.8750,0.04,176.83,180.80,1
12.896,-11.94,-11.33,6.5117,2.9448,-0.3828,14.2539,0.04,173.79,184.95,1
12.908,-11.89,-11.22,3.2187,3.2292,-0.7656,11.2187,0.04,178.51,184.50,1
12.927,-11.79,-10.98,2.9883,3.1746,-1.8789,5.1367,0.04,178.70,185.74,1
12.946,-11.69,-10.74,-3.0664,1.7818,0.4609,3.1406,0.04,182.75,186.01,1
12.959,-11.69,-10.74,-1.3008,1.3083,-2.3398,0.5742,0.04,179.69,184.47,1
12.976,-11.52,-10.77,0.1914,0.7491,1.8789,13.4062,0.04,184.54,190.11,1
12.999,-11.42,-10.58,2.6445,1.7144,-0.4961,10.6523,0.04,181.23,187.44,1
13.010,-11.39,-10.46,2.6445,1.8573,-0.4961,10.6523,0.04,181.52,186.08,1
13.030,-11.30,-10.37,1.9922,1.9486,0.2695,8.2344,0.04,187.90,191.31,1
13.047,-11.18,-10.35,1.3398,1.9088,-0.6914,4.0977,0.04,188.39,193.05,1
13.065,-11.08,-10.34,0.1133,1.4434,2.3359,6.4687,0.04,190.77,197.36,1
13.078,-11.05,-10.42,-0.1914,1.2147,0.8438,1.6094,0.04,187.72,197.90,1
13.096,-11.02,-10.49,5.1719,1.6397,-0.2305,15.0977,0.04,186.64,196.81,1
13.115,-10.94,-10.76,6.0508,3.0384,0.3047,14.0977,0.04,187.13,197.55,1
13.129,-10.92,-10.70,4.7500,3.3970,-2.4141,13.1758,0.04,187.37,197.16,1
13.147,-10.88,-10.79,3.2187,3.5194,1.6836,11.1094,0.04,189.83,199.04,1
13.169,-10.84,-10.82,1.9531,2.8941,-0.6523,10.1875,0.04,187.90,199.16,1
13.180,-10.83,-10.91,1.9531,2.7496,-0.6523,10.1875,0.04,187.79,201.01,1
13.200,-10.80,-10.85,0.3047,2.4711,-1.5703,5.1719,0.04,192.49,201.98,1
13.217,-10.79,-10.92,1.0742,1.9182,-1.4570,6.6250,0.04,190.51,201.01,1
13.236,-10.78,-10.89,4.3672,2.1847,0.0000,15.7422,0.04,197.43,199.48,1
13.248,-10.76,-10.83,2.4531,2.3668,-0.0391,11.6055,0.04,200.08,200.36,1
13.267,-10.73,-10.62,3.9062,2.5075,-0.2305,8.8164,0.04,193.91,203.79,1
13.286,-10.72,-10.72,3.2187,2.8322,-0.5352,11.7969,0.04,200.36,207.30,1
13.299,-10.74,-10.67,5.2109,3.0510,0.5742,11.1875,0.04,198.37,206.91,1
13.316,-10.76,-10.60,0.4609,2.7361,-2.3359,8.0117,0.04,201.13,206.23,1
13.336,-10.81,-10.36,4.1367,2.9043,-0.0391,10.1523,0.04,200.64,207.43,1
13.350,-10.83,-10.18,0.9180,2.4647,-1.4180,6.5117,0.04,199.20,207.04,1
13.367,-10.86,-10.02,-0.3828,1.7382,-0.1914,4.6367,0.04,202.59,200.20,1
13.387,-10.90,-10.03,-1.1484,1.5431,-0.1914,11.3359,0.04,202.35,203.79,1
13.407,-10.94,-10.13,5.4414,1.3069,-0.2305,14.4805,0.04,204.50,207.21,1
13.418,-10.97,-9.99,1.8398,1.9338,-0.4609,7.4297,0.04,204.92,212.54,1
13.438,-11.07,-9.92,-1.9141,1.6068,-0.5352,-1.1094,0.04,204.92,212.31,1
13.456,-11.11,-9.86,1.0352,1.0592,-1.5703,2.2617,0.04,206.95,209.42,1
13.469,-11.12,-9.97,3.4102,1.2455,-1.8008,10.8008,0.04,210.61,213.54,1
13.486,-11.16,-10.20,1.0742,1.4665,1.7617,9.5391,0.04,203.33,217.72,1
13.507,-11.22,-10.29,6.4727,2.5500,-1.7617,12.3008,0.04,199.04,215.98,1
13.520,-11.22,-10.29,2.7969,2.5879,-0.4609,22.0625,0.04,197.78,213.86,1
13.538,-11.27,-9.94,4.9805,3.1304,-1.3398,17.3164,0.04,202.31,208.16,1
13.560,-11.30,-9.60,-6.3203,1.6171,-1.6836,-3.7930,0.04,203.38,203.29,1
13.577,-11.33,-9.41,-4.4453,-0.4840,-0.5352,5.4414,0.04,200.04,209.69,1
13.590,-11.32,-9.41,-0.9570,-1.0816,0.0000,11.3359,0.04,199.88,210.17,1
13.607,-11.36,-9.29,-6.4375,-1.4847,1.4180,0.6523,0.04,200.68,211.95,1
13.626,-11.39,-9.23,-0.4961,-1.8583,0.3828,11.5312,0.04,200.20,213.45,1
13.639,-11.40,-9.26,2.8359,-1.3825,-1.7227,11.6797,0.04,200.96,209.60,1
13.657,-11.43,-9.18,0.4961,-0.5455,-0.5742,14.5937,0.04,201.98,212.00,1
13.680,-11.45,-9.04,-6.2812,-1.2911,-0.4219,-0.6133,0.04,206.06,210.61,1
13.690,-11.46,-9.08,-0.6914,-1.6104,-0.4961,8.5781,0.04,199.92,218.25,1
13.707,-11.51,-9.01,-2.6797,-1.7371,-0.9180,9.0430,0.04,199.80,212.72,1
13.729,-11.54,-8.98,1.3008,-1.6390,-1.7617,12.1055,0.04,200.56,209.07,1
13.741,-11.52,-8.98,1.3008,-1.1875,-1.7617,12.1055,0.04,203.92,209.86,1
13.760,-11.54,-8.76,-1.0742,-1.0048,-0.9180,3.9453,0.04,204.96,207.13,1
13.777,-11.56,-8.70,-3.4102,-1.2114,-0.1523,6.9336,0.04,205.76,211.55,1
13.795,-11.58,-8.77,-6.2812,-2.5964,-0.0781,-0.8047,0.04,206.91,217.91,1
13.809,-11.60,-8.89,-0.9180,-2.7333,-0.4609,9.8477,0.04,203.09,219.78,1
13.828,-11.63,-9.16,-1.3008,-2.1991,-0.5742,8.8867,0.04,208.68,218.58,1
13.847,-11.61,-9.46,0.6133,-1.4693,-0.5352,10.0039,0.04,208.55,214.55,1
13.860,-11.60,-9.55,3.0273,-0.9563,-1.7227,15.0937,0.04,205.59,215.52,1
13.877,-11.60,-9.77,4.5195,0.7321,0.9180,17.0859,0.04,201.45,218.63,1
13.896,-11.54,-10.00,0.8047,0.9841,0.1523,10.6133,0.04,203.29,216.26,1
13.911,-11.53,-10.02,4.0234,1.6567,-1.9531,14.2500,0.04,204.04,210.53,1
13.930,-11.46,-10.01,0.4609,1.5391,-0.1133,13.4453,0.04,203.00,208.07,1
13.948,-11.40,-9.83,-1.8398,1.0493,-0.3828,6.3633,0.04,203.17,213.77,1
13.967,-11.35,-9.82,0.0391,0.4801,0.1133,12.0625,0.04,202.31,216.64,1
13.980,-11.31,-9.89,-2.7969,0.1557,-1.6836,8.3164,0.04,201.73,214.04,1
13.998,-11.22,-10.00,-0.8828,-0.5286,-2.2969,7.8906,0.04,204.00,207.21,1
14.016,-11.14,-9.99,-2.4883,-1.0047,-0.0391,10.3437,0.04,204.33,210.26,1
14.030,-11.09,-10.14,-3.2187,-1.2910,-0.4609,3.5625,0.04,203.58,211.19,1
14.047,-11.00,-10.24,1.8008,-0.8373,0.4609,11.9180,0.04,203.42,211.37,1
14.066,-10.90,-10.39,0.2695,-0.4280,0.6914,16.7734,0.04,200.40,211.01,1
14.081,-10.84,-10.58,2.4141,0.2010,-2.4141,13.8711,0.04,202.18,210.04,1
14.098,-10.77,-10.24,0.5742,0.4214,-2.3750,9.1602,0.04,201.29,206.95,1
14.119,-10.69,-9.92,2.0703,-0.1436,1.0352,12.0625,0.04,201.09,211.15,1
14.138,-10.46,-10.66,1.5313,0.4411,-1.6484,9.8867,0.04,196.73,209.34,1
14.149,-10.39,-10.72,-3.9062,0.2474,0.5742,9.1172,0.04,198.49,211.28,1
14.167,-10.30,-9.94,-0.8828,-0.6887,-4.1328,2.2969,0.04,198.69,206.31,1
14.186,-10.23,-9.26,2.3750,-0.0339,1.9141,10.0039,0.04,200.04,207.38,1
14.200,-10.19,-9.01,-2.0312,-0.0164,0.2695,1.6484,0.04,199.24,211.51,1
14.217,-10.08,-8.74,-3.4492,-1.0171,1.6836,2.1836,0.04,196.66,209.91,1
14.236,-9.95,-8.69,0.1133,-0.9185,-1.4180,4.0664,0.04,199.60,204.37,1
14.258,-9.83,-8.63,0.3437,-1.4422,-0.9961,10.1484,0.04,200.60,205.68,1
14.268,-9.76,-8.56,0.3437,-1.1678,-0.9961,10.1484,0.04,196.93,209.69,1
14.290,-9.66,-8.21,-5.6367,-0.8812,1.1484,-2.2969,0.04,200.08,207.64,1
14.308,-9.54,-8.16,-2.8359,-2.0058,-1.2266,-1.3008,0.04,200.44,204.25,1
14.320,-9.46,-8.28,2.4141,-1.7696,-1.5313,13.5625,0.04,195.50,205.89,1
14.338,-9.37,-8.59,0.1133,-0.7671,1.3008,1.3750,0.04,197.82,211.55,1
14.356,-9.32,-8.85,-1.4961,-0.8231,-0.2305,-0.6914,0.04,195.89,205.89,1
14.370,-9.23,-8.95,0.6914,-0.7515,2.9102,12.7930,0.04,198.02,207.94,1
14.387,-9.09,-8.94,1.6094,-0.0564,-3.0273,-0.3437,0.04,199.08,208.55,1
14.407,-9.03,-8.75,-0.7266,-0.1010,-0.8438,-1.1875,0.04,199.00,210.26,1
14.421,-9.02,-8.63,-4.3281,-0.4852,-0.3437,6.5469,0.04,198.45,209.38,1
14.438,-8.89,-8.47,2.0312,-0.3879,-4.0234,7.7383,0.04,193.84,208.68,1
14.460,-8.77,-8.19,0.2305,0.1830,0.4219,4.8281,0.04,197.86,207.90,1
14.477,-8.66,-7.91,-3.6055,-0.1104,-0.9570,2.1055,0.04,199.36,205.80,1
14.490,-8.58,-7.87,-0.4961,-0.6352,-1.1484,5.9414,0.04,197.86,204.62,1
14.507,-8.39,-8.10,-3.1016,-0.8042,-0.4219,7.7344,0.04,195.62,205.63,1
14.527,-8.15,-8.58,-1.3398,-1.1975,-1.3398,7.5898,0.04,195.66,203.42,1
14.540,-8.04,-8.83,-2.3750,-1.3022,-0.3828,6.4414,0.04,195.89,204.75,1
14.557,-7.86,-8.90,-1.2266,-1.5146,0.0391,9.7656,0.04,194.82,206.65,1
14.576,-7.76,-8.32,-0.3437,-1.2210,-0.6133,9.1211,0.04,193.95,203.46,1
14.600,-7.63,-8.12,-1.3008,-1.1544,-0.8828,8.4609,0.04,192.79,206.74,1
14.608,-7.52,-8.44,-1.3008,-1.1769,-0.8828,8.4609,0.04,197.04,203.17,1
14.626,-7.27,-9.00,-3.0664,-1.6028,0.1914,5.8594,0.04,193.99,206.27,1
14.647,-7.19,-8.25,-1.8789,-1.3167,0.1523,8.1211,0.04,193.91,207.77,1
14.660,-7.14,-8.10,1.3789,-1.1805,0.2305,9.8828,0.04,196.08,206.27,1
14.678,-6.91,-8.69,0.3047,-0.5406,-1.1484,10.8750,0.04,192.09,206.74,1
14.698,-6.83,-8.18,-3.1016,-0.5734,-0.1523,6.7422,0.04,192.49,201.57,1
14.710,-6.78,-8.01,0.2695,-0.8632,-1.7617,9.1953,0.04,194.70,201.53,1
14.728,-6.62,-8.31,-1.5313,-0.6860,-0.0391,12.7891,0.04,191.68,205.04,1
14.747,-6.52,-8.11,-1.9141,-1.0589,0.3828,7.3125,0.04,195.58,205.59,1
14.761,-6.50,-8.11,-2.3789,-1.2274,0.4961,0.8438,0.04,189.00,207.34,1
14.778,-6.43,-8.26,-0.3437,-1.1696,-1.3398,7.5117,0.04,192.46,205.30,1
14.796,-6.37,-8.42,0.5742,-0.7322,-1.8789,14.8203,0.04,198.02,204.16,1
14.817,-6.34,-8.45,0.8047,-0.1084,-1.0352,12.0234,0.04,194.40,211.77,1
14.829,-6.32,-8.44,0.8047,0.0319,-1.0352,12.0234,0.04,193.95,206.14,1
14.848,-6.29,-8.37,3.5234,1.5321,-1.6094,16.7734,0.04,192.20,202.47,1
14.868,-6.28,-8.16,1.8008,1.9590,-1.9141,13.0273,0.04,193.42,199.16,1
14.880,-6.25,-8.11,-0.0781,1.7737,0.4961,8.2383,0.04,189.07,195.31,1
14.898,-6.24,-7.79,-1.1094,1.1660,-2.3359,8.3516,0.04,190.80,201.29,1
14.916,-6.24,-7.59,-2.6797,0.0428,0.6914,1.6484,0.04,191.86,203.00,1
14.936,-6.23,-7.49,-0.1523,-0.1700,0.9180,9.3047,0.04,188.86,199.36,1
14.948,-6.24,-7.29,0.3437,-0.0563,-1.7227,13.2148,0.04,191.64,201.37,1
14.966,-6.27,-7.05,-4.2539,-0.9604,-0.5742,1.4180,0.04,190.73,196.19,1
14.990,-6.27,-7.06,-0.6523,-2.3556,-1.1875,7.2734,0.04,190.55,200.96,1
14.999,-6.28,-7.09,-0.6523,-2.0940,-1.1875,7.2734,0.04,194.14,205.68,1
15.019,-6.31,-7.06,5.1328,-0.9369,-0.9961,15.2422,0.04,193.01,200.48,1
15.037,-6.33,-6.91,4.5977,0.7417,-0.0391,17.0898,0.04,192.05,199.72,1
15.050,-6.36,-6.80,-1.3398,1.1201,-0.0781,6.4727,0.04,191.68,201.21,1
15.068,-6.40,-6.53,-7.8945,-0.1020,-1.1484,-4.1758,0.04,194.70,194.06,1
15.086,-6.41,-6.56,1.6094,-0.6553,-1.7227,13.1406,0.04,190.44,198.53,1
15.101,-6.43,-6.46,4.4453,-0.0805,-0.4219,16.1641,0.04,188.71,200.68,1
15.118,-6.47,-6.25,0.4961,0.5884,-0.3437,6.2852,0.04,188.86,202.31,1
15.136,-6.51,-6.17,-6.4687,-0.9845,-1.7617,2.3750,0.04,189.68,196.70,1
15.159,-6.52,-6.19,3.2930,-1.9420,-1.0352,14.7109,0.04,190.62,196.16,1
15.169,-6.48,-6.22,3.2930,-1.1379,-1.0352,14.7109,0.04,193.20,204.58,1
15.186,-6.47,-6.12,2.6797,-0.0170,-0.5742,12.4062,0.04,190.04,202.06,1
15.207,-6.44,-6.36,-3.7148,-2.3376,-0.1133,6.6641,0.04,189.04,200.44,1
15.221,-6.42,-6.52,-1.6836,-2.4799,-0.5352,9.7266,0.04,191.13,205.00,1
15.238,-6.39,-6.69,2.7969,-1.8957,-1.4570,15.1641,0.04,194.63,201.73,1
15.257,-6.38,-6.72,0.8047,-0.8708,-0.9180,9.1172,0.04,196.89,205.21,1
15.276,-6.33,-7.14,-0.6914,-0.7267,-0.3437,6.5859,0.04,192.94,203.00,1
15.289,-6.31,-7.21,1.5703,-0.5404,0.8828,16.1250,0.04,195.05,200.60,1
15.307,-6.34,-7.29,2.3359,0.3486,-2.4141,8.8125,0.04,205.42,200.44,1
15.330,-6.34,-7.58,7.3945,2.0242,0.4219,17.6211,0.04,200.32,208.94,1
15.339,-6.34,-7.71,7.3945,2.8490,0.4219,17.6211,0.04,199.68,208.59,1
15.356,-6.36,-8.08,9.5781,4.6214,-0.8438,18.2734,0.04,201.69,212.18,1
15.377,-6.36,-8.27,-2.2227,3.9474,-3.3281,1.7227,0.04,205.38,211.69,1
15.397,-6.36,-8.32,2.1445,2.8684,0.4961,9.1172,0.04,204.08,214.13,1
15.408,-6.36,-8.45,5.0547,2.9900,-1.9141,17.3516,0.04,206.57,215.33,1
15.428,-6.37,-8.43,7.3164,3.7565,-0.8828,17.5078,0.04,205.25,215.47,1
15.446,-6.33,-8.45,3.7148,4.1731,-2.3750,10.0312,0.04,207.77,212.22,1
15.458,-6.29,-8.47,4.3281,4.1517,-2.7187,10.6133,0.04,208.64,214.78,1
15.476,-6.23,-8.32,0.7266,3.4148,1.0352,3.4062,0.04,210.75,214.04,1
15.496,-6.11,-8.24,-1.0742,2.2539,-3.7891,-1.6836,0.04,209.69,218.63,1
15.509,-6.07,-8.30,6.4375,3.1798,4.7109,13.9453,0.04,207.64,215.89,1
15.527,-5.93,-8.56,3.7539,3.5098,-3.6758,9.1172,0.04,212.68,217.68,1
15.548,-5.76,-8.54,1.4180,4.2734,-3.8672,8.5430,0.04,211.24,214.04,1
15.560,-5.71,-8.28,1.4180,3.8348,-3.8672,8.5430,0.04,210.35,215.56,1
15.579,-5.51,-7.89,2.3359,2.4130,-0.9180,10.4570,0.04,214.73,215.05,1
15.597,-5.27,-7.87,0.0391,2.2074,-1.1094,5.5977,0.04,214.92,215.52,1
15.617,-5.00,-7.90,3.0664,2.1382,-0.3437,9.7305,0.04,215.70,220.41,1
15.628,-4.89,-7.77,6.3203,2.5411,-0.6914,16.5469,0.04,214.04,218.39,1
15.647,-4.67,-7.46,1.1875,2.6935,2.8359,4.5977,0.04,215.10,220.65,1
15.667,-4.43,-7.39,2.1055,2.4696,-0.9180,7.7344,0.04,213.45,217.30,1
15.679,-4.30,-7.41,-1.4922,1.5928,4.0625,6.2070,0.04,215.56,222.87,1
15.696,-4.06,-7.50,-2.1445,0.5735,-1.1094,3.2617,0.04,215.38,221.29,1
15.719,-3.83,-7.57,0.4609,-0.0747,-1.3398,6.7852,0.04,219.83,227.69,1
15.730,-3.74,-7.58,0.4609,0.0076,-1.3398,6.7852,0.04,216.83,229.94,1
15.750,-3.56,-7.53,3.8672,1.1600,-0.8828,12.4102,0.04,217.77,226.81,1
15.769,-3.39,-7.61,3.1016,1.8665,-0.9180,9.1172,0.04,214.04,225.07,1
15.781,-3.29,-7.67,5.0195,2.2933,-0.0391,15.8594,0.04,212.45,231.27,1
15.799,-2.93,-7.43,8.2734,3.3268,-0.6133,16.8555,0.04,210.84,229.04,1
15.816,-2.71,-7.19,5.0547,4.2353,-0.5352,14.5937,0.04,219.44,229.94,1
15.837,-2.18,-6.30,4.2891,4.2982,-0.3437,16.7031,0.04,219.83,223.21,1
15.849,-2.02,-6.03,4.2891,4.2968,-0.3437,16.7031,0.04,224.52,223.96,1
15.866,-1.71,-5.70,-0.4219,3.2516,-1.2656,8.0078,0.04,221.63,231.91,1
15.891,-1.42,-5.52,-2.3789,1.5229,-1.1875,1.3789,0.04,223.81,231.05,1
15.900,-1.31,-5.48,-2.3789,0.9236,-1.1875,1.3789,0.04,222.47,231.05,1
15.920,-1.08,-5.57,-1.0352,0.2098,1.4570,9.8047,0.04,228.94,235.29,1
15.938,-0.93,-5.71,4.4453,0.2952,-0.8828,13.2891,0.04,226.81,241.31,1
15.957,-0.80,-5.63,2.7969,1.3452,-0.0781,10.8008,0.04,227.53,241.49,1
15.968,-0.75,-5.61,0.7266,1.4026,1.8789,8.0820,0.04,222.57,233.92,1
15.987,-0.64,-5.66,-0.8828,1.0821,-0.1914,7.3125,0.04,226.40,236.57,1
16.007,-0.57,-5.55,0.0391,0.6162,2.4883,10.7695,0.04,226.35,232.02,1
16.019,-0.54,-5.49,0.1133,0.5335,-1.6484,8.3164,0.04,224.32,232.13,1
16.036,-0.54,-5.14,-1.1094,0.1197,-0.6914,10.3477,0.04,220.17,233.75,1
16.060,-0.50,-4.87,1.1875,0.7028,-1.2656,10.7695,0.04,220.26,229.25,1
16.070,-0.53,-4.68,1.1875,0.7773,-1.2656,10.7695,0.04,221.78,228.21,1
16.087,-0.55,-4.52,-3.6758,-0.1827,-0.2695,1.8398,0.04,223.51,226.86,1
16.108,-0.63,-4.47,-6.7422,-1.3797,-1.1875,15.9023,0.04,206.74,236.85,1
16.128,-0.73,-4.21,-5.4414,-2.9200,3.3711,8.8477,0.04,200.76,442.87,1
16.139,-0.77,-4.04,-5.2109,-3.4596,-6.5469,1.4570,0.04,211.69,228.31,1
16.157,-0.83,-3.94,-7.5078,-4.1400,3.8672,-2.1836,0.04,212.00,229.62,1
16.176,-0.93,-4.06,0.1133,-3.6015,1.6484,11.4570,0.04,211.91,229.41,1
16.189,-1.02,-4.02,3.3711,-2.7703,-2.0312,22.0625,0.04,215.33,233.75,1
16.206,-1.18,-3.94,4.4062,-0.4475,-0.1914,16.3906,0.04,208.72,225.02,1
16.227,-1.36,-3.92,-0.1914,-0.0885,-2.5273,12.4102,0.04,208.77,221.63,1
16.240,-1.45,-3.82,-1.7227,-0.4501,-0.8047,10.8789,0.04,209.34,219.88,1
16.257,-1.67,-3.64,-2.5664,-0.9978,0.8438,12.6445,0.04,212.72,229.89,1
16.279,-1.92,-3.52,-13.0234,-4.1462,1.9141,-6.9727,0.04,211.86,223.31,1
16.291,-2.01,-3.78,-13.0234,-5.5098,1.9141,-6.9727,0.04,211.06,227.07,1
16.310,-2.28,-3.96,-1.2656,-4.7518,-3.1797,10.7969,0.04,209.07,228.10,1
16.328,-2.53,-4.10,-1.1875,-3.7569,-2.3359,10.9961,0.04,212.27,224.72,1
16.348,-2.73,-4.33,-1.8398,-3.0253,-3.2578,10.1133,0.04,206.91,225.28,1
16.359,-2.83,-4.41,0.1914,-2.6807,0.2695,14.3281,0.04,210.13,224.22,1
16.377,-3.01,-4.61,4.5586,-0.7350,-2.7187,18.1992,0.04,206.02,218.25,1
16.396,-3.17,-4.61,-0.8438,-0.4293,-1.3398,13.2148,0.04,206.44,224.16,1
16.410,-3.23,-4.61,-3.5625,-1.1227,-1.2656,4.7891,0.04,202.92,219.88,1
16.428,-3.34,-4.45,-3.4102,-1.9208,-2.9102,9.8047,0.04,203.50,218.53,1
16.448,-3.40,-4.45,-2.2617,-3.3117,-4.2891,9.5820,0.04,202.27,218.53,1
16.461,-3.39,-4.55,-2.2617,-3.1505,-4.2891,9.5820,0.04,200.40,214.87,1
16.480,-3.40,-4.53,-0.9180,-2.0377,-0.7656,8.0117,0.04,201.53,217.72,1
16.497,-3.39,-4.40,-1.8789,-1.7970,-1.6484,14.4023,0.04,199.28,212.54,1
16.517,-3.35,-4.29,-2.5664,-1.9771,-0.4609,7.7344,0.04,196.43,208.90,1
16.529,-3.33,-4.27,-7.4336,-2.4570,0.1133,5.3242,0.04,194.55,212.36,1
16.548,-3.23,-4.21,-4.8633,-3.5848,-0.0781,6.0195,0.04,195.08,217.11,1
16.566,-3.13,-4.29,-2.9102,-3.5884,-0.1133,4.7539,0.04,195.69,212.09,1
16.580,-3.07,-4.32,2.6445,-3.0398,-1.5313,16.1250,0.04,195.20,212.27,1
16.597,-2.96,-4.24,0.3437,-1.6111,-0.5352,15.0547,0.04,198.22,206.78,1
16.616,-2.81,-4.13,-3.9453,-2.0059,-0.4219,5.2109,0.04,192.01,204.83,1
16.631,-2.74,-4.09,-2.3359,-2.0790,1.4922,11.4141,0.04,190.55,207.90,1
16.651,-2.62,-3.98,-0.1914,-2.2678,-0.9570,12.3789,0.04,193.09,206.44,1
16.668,-2.49,-3.89,2.0312,-1.5011,-0.9180,16.3555,0.04,188.75,201.53,1
16.688,-2.35,-3.71,-4.2148,-1.6792,-0.1914,5.1328,0.04,190.48,201.73,1
16.699,-2.27,-3.71,-5.3594,-2.3319,-0.3047,5.0937,0.04,188.89,202.84,1
16.718,-2.17,-3.68,-6.3203,-3.3381,-0.7656,2.6445,0.04,188.01,202.63,1
16.736,-1.92,-3.67,-4.8984,-4.0401,0.1133,4.6367,0.04,189.93,200.16,1
16.750,-1.83,-3.72,1.4180,-3.6667,-0.9180,17.1250,0.04,183.96,197.71,1
16.767,-1.65,-3.71,2.1445,-1.7724,-0.9570,16.5469,0.04,184.03,196.93,1
16.787,-1.49,-3.62,-2.3750,-1.6618,0.6133,8.8164,0.04,183.72,199.12,1
16.801,-1.40,-3.58,-10.5742,-3.6342,-0.3047,-1.1094,0.04,182.75,193.27,1
16.818,-1.25,-3.44,-0.3828,-3.3470,-0.3437,11.0742,0.04,183.92,199.64,1
16.840,-1.08,-3.29,-1.8789,-1.2302,-0.9180,6.9727,0.04,183.28,194.21,1
16.858,-0.92,-3.17,-8.7383,-1.9630,2.1445,0.4219,0.04,183.99,193.09,1
16.870,-0.84,-3.12,-6.9687,-3.3209,-0.9570,2.6445,0.04,181.52,194.78,1
16.888,-0.73,-3.05,0.4609,-3.7611,1.5313,14.5937,0.04,177.78,191.39,1
16.907,-0.61,-2.95,3.4844,-1.6526,-1.3398,18.9648,0.04,176.68,191.35,1
16.920,-0.55,-2.91,-3.7930,-1.4457,-0.4961,8.5391,0.04,179.12,193.05,1
16.937,-0.43,-2.77,-9.3437,-3.4744,0.8047,-0.8438,0.04,174.95,190.15,1
16.957,-0.32,-2.68,-1.3789,-3.3763,0.2305,10.6133,0.04,176.74,191.50,1
16.971,-0.28,-2.62,3.8672,-1.7732,-0.2695,15.0547,0.04,173.70,190.84,1
16.988,-0.19,-2.58,-3.7148,-1.5283,-0.3047,6.5898,0.04,172.06,189.54,1
17.009,-0.09,-2.61,-2.1445,-2.9204,-0.9570,10.4570,0.04,173.19,189.29,1
17.028,-0.01,-2.55,0.9180,-2.4553,-0.0781,12.8320,0.04,174.09,182.98,1
17.040,0.02,-2.53,-2.4531,-1.9785,0.9570,11.5703,0.04,171.76,181.82,1
17.057,0.08,-2.60,-6.0156,-2.3981,0.2305,6.3203,0.04,169.12,183.22,1
17.077,0.10,-2.54,-2.5273,-2.8594,-1.3398,10.3437,0.04,171.94,185.74,1
17.090,0.11,-2.49,-0.6914,-2.6615,-0.3828,10.7695,0.04,169.61,183.72,1
17.107,0.12,-2.53,-4.1758,-2.7610,0.4219,6.5078,0.04,170.30,185.43,1
17.127,0.12,-2.55,-6.3633,-3.6464,-0.4609,4.0234,0.04,166.78,184.37,1
17.141,0.10,-2.54,-1.3008,-3.6587,0.0781,12.4492,0.04,166.75,180.38,1
17.158,0.07,-2.45,2.3359,-2.0500,-0.5742,14.9805,0.04,164.53,180.34,1
17.180,0.03,-2.45,-6.3242,-3.2828,0.1523,4.1367,0.04,164.15,176.55,1
17.198,0.00,-2.55,3.2578,-3.3788,-0.1523,19.5000,0.04,167.56,179.18,1
17.210,-0.03,-2.56,0.7266,-2.1126,-0.8438,14.7148,0.04,163.29,174.61,1
17.228,-0.10,-2.54,-7.0078,-1.9261,-0.0781,2.9102,0.04,162.65,177.56,1
17.247,-0.19,-2.52,-2.5273,-2.6670,0.3047,6.4727,0.04,164.20,172.38,1
17.260,-0.23,-2.58,2.8711,-2.2137,1.2266,17.6172,0.04,165.51,177.59,1
17.278,-0.36,-2.54,-4.2891,-1.3444,-1.3398,7.0469,0.04,168.63,177.59,1
17.297,-0.50,-2.58,-4.7891,-2.2902,-0.4219,3.7930,0.04,164.42,178.38,1
17.311,-0.58,-2.63,-0.8438,-2.3584,-0.1523,9.7656,0.04,168.15,174.58,1
17.329,-0.74,-2.88,-3.9844,-2.5371,0.0781,4.4492,0.04,164.55,177.27,1
17.351,-0.93,-3.18,1.8398,-2.3148,-0.9961,14.5977,0.04,163.19,176.49,1
17.362,-1.04,-3.26,1.8398,-1.6767,-0.9961,14.5977,0.04,163.40,175.10,1
17.382,-1.24,-3.39,-1.8008,-0.6681,-2.0312,6.7461,0.04,162.13,172.95,1
17.398,-1.44,-3.38,-0.9570,-0.9218,-0.8828,8.5039,0.04,162.60,172.53,1
17.418,-1.54,-3.41,4.7891,-0.0492,-0.9180,15.8984,0.04,163.40,174.16,1
17.430,-1.76,-3.45,-1.4922,0.1915,-1.2656,9.1211,0.04,162.15,172.62,1
17.448,-1.95,-3.43,-2.8711,-0.3963,-2.0703,5.2539,0.04,158.20,171.50,1
17.467,-2.16,-3.38,-0.4219,-0.6980,-1.2656,11.4531,0.04,157.23,166.03,1
17.481,-2.26,-3.39,0.3828,-0.5912,-1.3789,12.8320,0.04,159.03,169.43,1
17.499,-2.44,-3.28,0.5352,-0.2254,-1.2266,15.3594,0.04,158.58,166.94,1
17.516,-2.65,-2.96,0.5742,-0.0011,-1.7617,10.7969,0.04,156.47,166.83,1
17.538,-2.82,-2.81,-6.0898,-1.7568,-0.5352,3.6406,0.04,159.82,160.98,1
17.549,-2.90,-2.78,-6.0898,-2.4224,-0.5352,3.6406,0.04,159.46,167.59,1
17.569,-3.08,-2.70,-8.7734,-2.8478,-0.6914,-0.1523,0.04,156.23,168.15,1
17.589,-3.27,-2.86,-12.5273,-4.8286,-0.3828,-5.7461,0.04,159.77,160.82,1
17.600,-3.37,-3.15,-7.0117,-6.0912,1.1094,10.2695,0.04,157.75,165.13,1
17.619,-3.57,-3.96,-0.6133,-5.8404,-1.4922,18.6563,0.04,157.08,177.94,1
17.636,-3.78,-4.45,1.2656,-3.6426,-0.5352,10.9180,0.04,158.10,170.33,1
17.651,-3.89,-4.72,10.3828,-2.1593,-2.2969,21.1406,0.04,155.28,167.22,1
17.668,-4.10,-4.84,8.7344,1.7517,-1.9531,20.3359,0.04,153.68,165.13,1
17.688,-4.28,-4.64,5.8594,3.0958,-1.0352,10.0352,0.04,151.84,164.77,1
17.709,-4.44,-4.09,8.3125,4.4114,-1.3008,14.5586,0.04,151.47,159.80,1
17.719,-4.52,-3.67,8.3125,5.0106,-1.3008,14.5586,0.04,146.13,162.95,1
17.739,-4.68,-2.73,-6.8555,2.5042,-5.2852,-7.8906,0.04,148.41,146.28,1
17.758,-4.71,-2.33,2.9102,0.6310,-1.7227,24.2148,0.04,142.57,145.75,1
17.771,-4.71,-2.04,1.0352,0.9854,1.7617,28.8438,0.04,139.74,159.57,1
17.789,-4.78,-1.09,1.4180,1.0301,2.4531,19.9570,0.04,139.22,149.34,1
17.808,-4.87,-0.04,-7.0078,-0.7024,-2.8711,5.1328,0.04,148.04,150.29,1
17.821,-4.89,0.35,-12.1055,-2.0787,-0.8047,-5.2109,0.04,149.70,148.77,1
17.838,-4.95,0.77,-22.4102,-6.5052,-0.3047,-14.9023,0.04,143.97,165.40,1
17.858,-5.05,0.91,-9.7305,-8.2098,0.7656,-2.9102,0.04,147.32,162.47,1
17.880,-5.13,0.45,-3.6406,-8.0462,-0.1133,-4.7891,0.04,144.82,165.86,1
17.889,-5.23,0.15,-3.6406,-7.3695,-0.1133,-4.7891,0.04,144.86,174.89,1
17.906,-5.36,-0.89,-9.7695,-7.6683,1.0352,-22.7891,0.04,163.59,170.24,1
17.929,-5.49,-2.28,14.4805,-4.1351,0.5742,37.1992,0.04,144.59,171.47,1
17.941,-5.59,-2.51,16.5117,0.1472,0.5742,40.7617,0.04,141.52,154.20,1
17.958,-5.70,-2.60,8.0430,4.1108,-5.0195,27.9609,0.04,148.79,153.63,1
17.976,-5.82,-2.32,-4.9766,2.5700,2.1836,3.2930,0.04,150.63,149.37,1
17.991,-5.86,-2.37,3.1797,2.0633,-3.3320,23.0938,0.04,142.31,151.58,1
18.008,-5.98,-2.14,-1.7227,1.9877,-1.4570,15.6250,0.04,147.34,149.88,1
18.028,-6.18,-1.60,-12.4844,-1.6589,-0.2695,-10.9570,0.04,148.61,150.01,1
18.050,-6.26,-1.81,-11.0742,-2.8037,0.8828,-6.1680,0.04,150.13,158.76,1
18.059,-6.33,-2.00,-11.0742,-4.0741,0.8828,-6.1680,0.04,149.03,158.91,1
18.081,-6.46,-2.44,-3.4844,-4.8075,0.7266,3.0664,0.04,147.32,163.91,1
18.098,-6.57,-3.04,4.2539,-3.8132,-0.2305,15.2422,0.04,149.39,157.75,1
18.110,-6.65,-3.33,4.2539,-2.5741,-0.2305,15.2422,0.04,146.97,160.08,1
18.128,-6.76,-3.73,3.9062,-0.7983,-1.6484,17.7734,0.04,146.18,156.32,1
18.148,-6.88,-3.86,4.1758,0.5575,-1.5313,17.1563,0.04,144.63,154.23,1
18.161,-6.95,-3.83,4.1367,1.3552,-1.8789,17.5391,0.04,143.43,151.79,1
18.178,-7.05,-3.58,3.0664,2.0584,-2.0312,14.1758,0.04,140.35,147.78,1
18.196,-7.11,-3.30,0.4219,1.8168,-1.9922,12.3750,0.04,141.42,146.97,1
18.217,-7.17,-2.92,-0.3437,1.2517,-2.4883,12.7227,0.04,137.44,142.19,1
18.229,-7.18,-2.75,-2.3359,0.4577,-1.6836,12.1836,0.04,138.72,142.92,1
18.247,-7.15,-2.31,-2.7187,-0.4193,-2.4141,9.7305,0.04,137.78,144.84,1
18.269,-7.11,-1.91,-7.0898,-1.6709,-1.4180,0.1523,0.04,142.55,147.89,1
18.280,-7.08,-1.76,-7.0898,-2.5032,-1.4180,0.1523,0.04,143.47,146.91,1
18.300,-6.98,-1.66,-2.2969,-2.9963,-1.1094,1.4922,0.04,149.93,148.15,1
18.319,-6.92,-1.81,-0.0391,-2.6173,1.1484,2.0742,0.04,156.59,156.25,1
18.331,-6.91,-1.96,5.5195,-1.6020,1.1094,4.6719,0.04,152.02,161.97,1
18.348,-6.82,-2.44,11.1094,0.8649,-2.1055,21.4141,0.04,150.20,162.18,1
18.367,-6.75,-2.34,7.3164,3.5180,0.3437,12.4883,0.04,148.37,159.57,1
18.387,-6.70,-2.07,2.1445,3.4507,-0.4609,9.6133,0.04,150.35,157.21,1
18.399,-6.67,-1.88,3.6758,3.5005,2.6055,10.3477,0.04,151.42,157.88,1
18.417,-6.68,-1.43,-0.0391,2.7281,-0.2695,5.5586,0.04,152.49,153.63,1
18.440,-6.69,-1.06,1.3789,1.7112,-0.3828,6.2461,0.04,151.35,153.80,1
18.450,-6.67,-0.90,1.3789,1.6602,-0.3828,6.2461,0.04,154.44,152.44,1
18.469,-6.64,-0.71,1.8789,1.0897,-0.0781,11.3008,0.04,152.09,155.21,1
18.488,-6.57,-0.52,2.3750,1.3532,-0.7656,8.0078,0.04,148.90,158.35,1
18.501,-6.51,-0.40,0.2305,1.4078,-2.6445,9.2305,0.04,150.56,159.06,1
18.518,-6.40,-0.17,-2.3750,0.8655,0.0391,3.6445,0.04,157.58,158.25,1
18.537,-6.27,-0.10,-2.5664,-0.2816,-0.4219,4.1719,0.04,151.26,158.55,1
18.557,-6.14,-0.07,-1.8398,-0.7688,0.5352,10.7305,0.04,152.63,162.21,1
18.569,-6.08,-0.04,-1.8398,-0.9333,0.5352,10.7305,0.04,159.16,164.26,1
18.588,-5.97,0.13,2.6055,-0.2586,0.9961,10.3477,0.04,156.52,164.04,1
18.611,-5.84,0.24,2.2969,-0.2819,-0.5742,9.9258,0.04,156.76,162.97,1
18.620,-5.75,0.23,2.2969,0.1142,-0.5742,9.9258,0.04,157.41,162.05,1
18.637,-5.60,0.34,6.1289,1.5813,1.3398,17.1602,0.04,156.86,162.55,1
18.658,-5.46,0.53,1.6094,1.4512,0.8438,7.7383,0.04,154.11,163.11,1
18.671,-5.41,0.65,-0.3828,1.3268,0.0391,3.3672,0.04,157.73,161.13,1
18.689,-5.27,0.84,-0.7656,0.8113,-0.6914,7.3906,0.04,159.90,160.75,1
18.708,-5.19,0.88,3.8320,1.0703,0.4609,13.7109,0.04,156.96,164.10,1
18.728,-4.98,1.08,5.4414,2.3680,0.1523,17.6563,0.04,154.80,164.55,1
18.739,-4.91,1.26,0.7266,2.4629,-0.7656,9.6133,0.04,154.25,163.29,1
18.756,-4.77,1.58,1.8008,2.1087,-0.6914,10.9922,0.04,161.21,162.81,1
18.777,-4.58,1.84,0.1133,1.6479,-1.0352,7.3555,0.04,161.32,169.35,1
18.790,-4.47,1.90,-5.0977,0.1550,0.1523,3.3320,0.04,157.68,167.84,1
18.807,-4.30,2.11,3.2187,0.5058,1.0742,10.3867,0.04,161.97,169.18,1
18.828,-4.10,2.13,-1.0742,-0.3081,-2.2227,3.6445,0.04,165.07,170.77,1
18.848,-3.89,2.05,1.3789,-0.0264,0.9180,11.2187,0.04,164.23,169.95,1
18.861,-3.77,2.00,5.2109,0.5912,-0.1914,14.5937,0.04,161.21,170.04,1
18.879,-3.58,2.13,2.1445,1.6561,0.2695,11.7969,0.04,161.73,169.64,1
18.896,-3.40,2.30,-0.7656,1.1785,-0.7656,4.5195,0.04,166.50,172.80,1
18.909,-3.31,2.31,1.6836,1.0759,0.3828,10.6523,0.04,164.96,175.10,1
18.928,-3.10,2.30,1.9922,1.3513,-1.4922,9.1602,0.04,161.81,168.89,1
18.947,-2.90,2.24,0.7266,1.2530,0.7266,11.6016,0.04,164.28,172.27,1
18.961,-2.90,2.24,2.6055,1.4607,-0.8438,11.3008,0.04,167.31,171.76,1
18.978,-2.63,2.50,0.0000,1.2088,-0.8828,6.9727,0.04,168.27,172.86,1
19.000,-2.44,2.50,0.3047,0.7507,-1.3398,7.5508,0.04,167.14,174.61,1
19.011,-2.33,2.43,0.3047,0.6822,-1.3398,7.5508,0.04,173.79,173.01,1
19.031,-2.14,2.35,4.4805,1.7847,-0.3047,10.5312,0.04,171.17,175.28,1
19.048,-1.97,2.27,1.1484,2.2827,-2.1055,8.4258,0.04,171.94,182.35,1
19.067,-1.79,2.25,3.1797,2.3455,1.0352,11.3750,0.04,172.27,178.25,1
19.079,-1.70,2.23,8.0820,2.8659,-0.6523,16.5078,0.04,170.01,182.62,1
19.098,-1.51,2.39,2.4141,3.3898,-2.4883,7.6289,0.04,174.55,179.02,1
19.117,-1.31,2.46,2.2617,3.0793,-0.6523,6.2461,0.04,170.91,181.03,1
19.130,-1.21,2.53,0.8828,2.5932,-1.6094,10.5703,0.04,179.28,183.65,1
19.147,-0.99,2.49,2.5273,2.3741,-1.3398,7.6953,0.04,181.09,181.69,1
19.170,-0.77,2.43,-1.1484,1.8515,-2.7969,8.1992,0.04,181.26,187.16,1
19.181,-0.66,2.36,-1.1484,1.3907,-2.7969,8.1992,0.04,185.05,181.39,1
19.201,-0.43,2.24,7.6250,2.3500,0.8438,15.4023,0.04,177.75,188.89,1
19.218,-0.23,2.18,2.7187,3.4535,-2.0703,5.7812,0.04,176.52,188.50,1
19.237,0.00,2.20,1.6484,2.9661,2.2227,5.9414,0.04,184.91,188.86,1
19.249,0.10,2.21,-1.1875,2.5369,-3.6016,0.5742,0.04,183.89,190.15,1
19.267,0.31,2.04,5.6328,2.7766,2.8711,15.4766,0.04,189.97,185.60,1
19.288,0.54,1.91,6.5508,3.7898,0.2305,12.1445,0.04,188.57,192.31,1
19.300,0.64,1.93,1.4922,3.8092,-1.6484,13.2148,0.04,186.25,193.31,1
19.318,0.87,2.03,3.3711,3.4351,-0.3437,6.3984,0.04,182.88,190.15,1
19.339,1.10,2.22,4.0625,4.1470,0.3047,7.9297,0.04,182.75,194.63,1
19.351,1.21,2.34,4.0625,4.1340,0.3047,7.9297,0.04,183.18,187.09,1
19.368,1.47,2.31,-2.8359,2.5870,3.8711,0.4961,0.04,191.53,194.25,1
19.388,1.67,2.31,-0.4609,1.3186,0.9961,5.0586,0.04,188.57,199.44,1
19.408,1.87,2.32,5.2500,1.9758,0.7266,13.8320,0.04,189.11,192.53,1
19.419,1.94,2.26,4.8281,2.4450,0.0391,16.7422,0.04,187.02,197.08,1
19.439,2.09,2.33,-3.7930,2.4312,0.9570,5.2148,0.04,187.90,190.08,1
19.457,2.23,2.44,-1.5313,0.8098,-0.7656,10.2305,0.04,187.48,196.70,1
19.470,2.30,2.53,-0.3437,0.5452,-0.6523,6.4727,0.04,183.49,195.43,1
19.487,2.47,2.63,2.2227,0.8101,-0.9180,8.6211,0.04,184.57,192.90,1
19.511,2.61,2.60,3.5234,0.7714,0.8828,17.2383,0.04,182.72,190.59,1
19.521,2.66,2.72,3.5234,1.1941,0.8828,17.2383,0.04,177.84,192.83,1
19.538,2.74,3.10,5.4023,2.2706,-1.8789,24.3633,0.04,170.74,191.90,1
19.558,2.81,3.89,-9.5781,0.4102,-1.2266,-3.2578,0.04,175.59,179.47,1
19.579,2.86,4.18,-5.7812,-1.8394,-1.1094,2.9492,0.04,176.21,180.41,1
19.592,3.00,4.59,-1.9531,-2.4055,2.8711,12.1836,0.04,178.95,179.92,1
19.609,3.09,4.82,-5.9375,-2.5960,-1.7227,6.0195,0.04,178.09,194.63,1
19.628,3.12,5.02,-9.9258,-4.6178,3.2930,-6.8555,0.04,181.88,193.27,1
19.640,3.11,4.95,-1.9922,-4.7984,-0.7266,6.0156,0.04,181.00,191.98,1
19.657,3.07,4.64,1.7617,-3.0109,1.0742,13.7109,0.04,183.15,189.43,1
19.677,2.99,4.28,-2.5273,-2.6066,-0.2305,12.4883,0.04,179.95,196.46,1
19.691,2.91,4.17,-7.6602,-3.7250,-2.1055,-1.0742,0.04,180.12,195.12,1
19.708,2.84,3.68,1.4570,-2.8233,1.4180,9.5430,0.04,182.08,196.23,1
19.730,2.70,3.28,1.8398,-0.9339,0.3828,12.7930,0.04,185.01,195.20,1
19.742,2.64,3.07,1.8398,-0.5079,0.3828,12.7930,0.04,183.12,191.83,1
19.761,2.50,2.70,0.5352,-0.2565,-2.8359,15.9727,0.04,182.82,191.72,1
19.778,2.36,2.64,4.3672,0.2746,-1.8008,13.2109,0.04,180.31,187.90,1
19.797,2.25,2.56,1.3398,0.9999,-2.4883,12.1797,0.04,177.21,190.51,1
19.810,2.20,2.53,0.1133,0.9540,-0.2695,12.0625,0.04,178.25,189.57,1
19.828,2.09,2.56,-4.3281,-0.3156,-0.9570,7.1680,0.04,178.44,187.06,1
19.848,1.98,2.71,2.0703,-0.0375,-2.5664,15.4805,0.04,176.40,188.93,1
19.861,1.95,2.77,-1.4180,-0.3430,0.7656,8.5000,0.04,174.25,187.97,1
19.878,1.88,2.71,-3.4844,-1.1668,-1.4922,5.9805,0.04,174.40,185.84,1
19.901,1.79,2.77,0.4961,-2.2246,-0.0781,13.0625,0.04,171.23,183.62,1
19.912,1.75,2.81,0.4961,-1.8067,-0.0781,13.0625,0.04,175.84,182.92,1
19.931,1.65,2.93,-4.7891,-0.9370,-1.5703,5.4023,0.04,174.70,182.25,1
19.948,1.58,2.99,-6.9727,-2.2042,1.0742,2.8711,0.04,172.00,181.82,1
19.967,1.49,3.09,0.0391,-2.2781,0.4219,10.7266,0.04,174.06,185.29,1
19.980,1.43,3.15,0.4609,-1.8884,-0.3047,10.0352,0.04,174.89,180.38,1
19.999,1.38,3.19,-3.9453,-1.8989,0.4219,4.9375,0.04,173.01,177.56,1
20.017,1.22,3.24,-5.2109,-2.7594,-0.6523,3.9062,0.04,169.18,179.18,1
20.031,1.15,3.26,1.6836,-2.5844,-0.3828,13.2500,0.04,169.64,179.02,1
20.048,1.03,3.28,3.2187,-0.7896,-0.8438,14.6758,0.04,168.01,179.50,1
20.071,0.91,3.29,-2.7578,-2.1632,0.2305,6.0898,0.04,169.75,180.73,1
20.082,0.84,3.23,-2.7578,-2.2545,0.2305,6.0898,0.04,166.89,182.35,1
20.102,0.69,3.20,-0.8047,-0.7961,-0.9961,10.7695,0.04,167.70,177.27,1
20.118,0.54,3.20,-6.1680,-1.2276,-0.8438,3.5234,0.04,168.44,175.22,1
20.133,0.46,3.20,-6.1680,-1.9864,-0.8438,3.5234,0.04,166.64,178.73,1
20.151,0.30,3.25,0.1133,-1.7700,-1.5313,10.8789,0.04,164.66,179.63,1
20.169,0.15,3.20,-3.4102,-1.5178,0.2305,10.9922,0.04,164.64,178.28,1
20.187,-0.01,3.26,-4.0234,-2.2986,-1.3398,6.5117,0.04,167.36,177.56,1
20.201,-0.09,3.26,1.4570,-2.1251,-1.4180,13.2539,0.04,164.83,173.49,1
20.218,-0.22,3.20,-1.9531,-1.6586,-1.0352,9.5391,0.04,166.58,176.55,1
20.237,-0.35,3.08,-5.2539,-2.4726,-0.4219,5.0195,0.04,164.18,174.79,1
20.259,-0.51,3.10,0.0000,-1.5298,-0.9570,12.6445,0.04,161.86,176.49,1
20.269,-0.59,3.16,0.0000,-1.2948,-0.9570,12.6445,0.04,163.91,170.82,1
20.289,-0.74,2.99,-0.7656,-2.3544,-0.0391,12.3398,0.04,164.04,170.85,1
20.308,-0.93,2.76,2.1055,-1.6742,0.0391,17.4336,0.04,160.05,176.18,1
20.321,-1.03,2.75,-0.0781,-1.0124,-1.8008,11.9570,0.04,158.05,173.91,1
20.338,-1.23,2.77,-3.6016,-1.0293,-1.5703,6.4687,0.04,159.29,172.86,1
20.357,-1.39,2.86,-3.9883,-1.9918,-1.3398,3.2187,0.04,157.53,165.37,1
20.371,-1.47,2.79,-3.5234,-2.2613,-1.4570,6.9727,0.04,160.13,172.98,1
20.388,-1.60,2.68,-5.9375,-3.2258,-0.8828,3.6758,0.04,157.53,164.39,1
20.408,-1.74,2.43,-2.5664,-3.2488,0.4219,9.0781,0.04,158.13,163.24,1
20.422,-1.82,2.28,-0.7266,-2.6906,-1.3789,15.0547,0.04,161.08,168.29,1
20.439,-1.97,2.13,-6.4687,-3.4044,-0.1133,3.1016,0.04,158.96,168.38,1
20.461,-2.10,1.80,2.2617,-2.0280,-0.3828,15.7812,0.04,155.28,172.95,1
20.479,-2.25,1.63,-2.1055,-1.1607,-0.4961,6.8203,0.04,160.88,165.23,1
20.491,-2.35,1.55,-0.6914,-1.2567,-1.6836,8.3516,0.04,159.26,165.18,1
20.508,-2.51,1.41,-1.9141,-1.1942,-1.4180,6.7812,0.04,154.46,169.98,1
20.528,-2.65,1.17,-3.7539,-1.8468,-0.3828,5.7031,0.04,157.43,168.18,1
20.541,-2.71,1.07,2.9102,-1.6066,-2.6445,15.5508,0.04,153.05,164.07,1
20.558,-2.79,1.09,0.0781,-0.7606,-0.8047,11.2617,0.04,152.11,166.39,1
20.577,-2.94,1.09,1.5313,-0.2011,-1.6094,14.3984,0.04,150.06,164.23,1
20.592,-2.98,1.17,1.2656,0.0437,-1.6484,14.3320,0.04,147.99,154.80,1
20.609,-3.05,1.35,0.2695,0.2398,-0.7656,15.6289,0.04,147.80,157.48,1
20.631,-3.12,1.72,-2.1836,-0.4299,-1.1094,7.0469,0.04,150.22,159.54,1
20.649,-3.18,2.06,-8.1953,-1.4082,-1.8789,-1.3398,0.04,150.33,157.98,1
20.667,-3.20,2.15,-0.9961,-2.1288,0.2305,9.6523,0.04,146.50,157.13,1
20.679,-3.22,2.18,-4.9805,-2.2735,-0.4609,5.3594,0.04,148.50,151.70,1
20.698,-3.21,2.14,-1.9922,-2.5822,-1.3008,12.4883,0.04,149.34,159.13,1
20.711,-3.22,2.26,-0.3047,-2.3566,0.4961,9.8086,0.04,146.43,157.53,1
20.728,-3.23,2.47,-0.3047,-1.7747,0.4961,9.8086,0.04,150.92,153.56,1
20.747,-3.18,2.49,-2.9102,-1.8501,-1.3789,3.9883,0.04,147.21,155.47,1
20.762,-3.15,2.48,-2.3359,-1.9670,0.4961,7.2773,0.04,149.41,155.47,1
20.779,-3.11,2.39,0.2305,-1.5248,0.2695,12.1406,0.04,144.32,157.88,1
20.797,-3.11,2.52,1.7227,-0.6968,1.4180,13.4883,0.04,144.82,156.79,1
20.818,-3.09,2.66,-2.9883,-0.6280,-0.1133,7.3945,0.04,147.06,149.61,1
20.838,-3.05,2.75,-1.7227,-1.1525,0.0000,7.2734,0.04,145.01,153.70,1
20.849,-3.05,2.81,-2.1836,-1.2770,-0.9961,8.0781,0.04,143.29,154.82,1
20.868,-3.02,2.92,-2.1836,-1.5341,-0.9961,8.0781,0.04,141.08,152.95,1
20.881,-3.01,2.96,-0.4609,-1.5400,0.1133,11.2578,0.04,142.61,153.23,1
20.899,-2.99,3.16,-3.7148,-1.4943,-1.7227,3.4102,0.04,140.92,149.39,1
20.917,-2.95,3.15,-9.1953,-3.4642,-0.8828,-4.1758,0.04,144.36,152.63,1
20.932,-2.90,3.01,3.0273,-3.3667,0.5352,16.3555,0.04,140.63,304.79,1
20.949,-2.87,2.97,-0.4219,-1.9502,-1.4180,11.4570,0.04,140.75,154.04,1
20.968,-2.80,2.92,0.3047,-1.3560,-1.7227,10.8398,0.04,141.98,151.65,1
20.989,-2.70,2.82,-0.7266,-2.1209,-0.1914,10.9180,0.04,142.53,149.03,1
21.000,-2.65,2.86,-0.7266,-1.9067,-0.1914,10.9180,0.04,142.39,150.92,1
21.020,-2.54,2.81,-2.4141,-1.0969,-1.6484,10.0742,0.04,141.18,150.38,1
21.039,-2.43,2.81,-1.9531,-1.4336,-0.7266,7.7773,0.04,140.02,147.56,1
21.051,-2.38,2.82,-4.1367,-1.7232,-0.9180,5.7031,0.04,142.09,149.19,1
21.069,-2.25,2.70,-1.8008,-2.2208,-0.5352,9.5000,0.04,138.95,147.19,1
21.088,-2.11,2.69,0.2305,-1.6281,0.1523,12.1055,0.04,140.96,148.50,1
21.102,-2.05,2.71,-1.3789,-1.4714,-0.7266,10.0039,0.04,138.87,147.84,1
21.119,-1.91,2.68,0.2305,-1.0837,0.0391,11.3398,0.04,136.52,144.82,1
21.137,-1.76,2.66,-1.8398,-1.1692,-0.8047,9.4258,0.04,136.61,145.37,1
21.159,-1.61,2.62,-2.2617,-1.6103,1.0352,8.5820,0.04,136.20,147.65,1
21.170,-1.53,2.57,-2.2617,-1.7103,1.0352,8.5820,0.04,137.32,143.88,1
21.191,-1.36,2.46,0.0391,-1.7842,-0.5352,13.5625,0.04,136.56,143.88,1
21.209,-1.22,2.42,-2.0312,-1.4328,-0.0391,9.2695,0.04,136.54,144.61,1
21.221,-1.14,2.39,1.1094,-1.3140,-0.3047,13.5977,0.04,135.72,142.55,1
21.239,-0.98,2.45,-1.5703,-0.8411,-1.3789,8.3945,0.04,135.57,143.70,1
21.258,-0.82,2.51,-1.3398,-1.0387,-0.1133,9.4219,0.04,136.04,141.54,1
21.272,-0.74,2.53,-0.2695,-0.9993,-0.1523,10.4922,0.04,134.50,140.86,1
21.290,-0.59,2.61,-3.9844,-1.5727,0.3047,4.6719,0.04,132.40,138.73,1
21.308,-0.43,2.59,1.2266,-1.2416,-0.1133,13.0625,0.04,134.57,142.37,1
21.331,-0.29,2.60,-1.1484,-1.4324,0.1133,9.3828,0.04,134.68,141.28,1
21.340,-0.20,2.60,-1.1484,-1.3888,0.1133,9.3828,0.04,130.65,138.64,1
21.357,-0.04,2.61,-1.3398,-1.3630,-0.8047,9.8828,0.04,132.98,137.53,1
21.379,0.14,2.68,-0.7266,-1.2367,-0.3437,10.6484,0.04,130.02,138.62,1
21.392,0.22,2.73,-2.4141,-1.2588,0.1523,8.5391,0.04,130.21,136.76,1
21.409,0.37,2.78,-0.1914,-1.4086,0.5352,12.2969,0.04,127.99,136.24,1
21.430,0.53,2.86,-2.9492,-1.6040,-1.1094,6.6250,0.04,128.72,137.34,1
21.442,0.61,2.87,-1.4922,-1.7852,0.6133,9.6875,0.04,129.17,136.22,1
21.459,0.74,2.93,-3.8672,-1.8921,-1.0742,4.4453,0.04,128.16,137.74,1
21.477,0.90,2.94,0.9570,-1.4978,0.5742,11.6055,0.04,128.82,135.01,1
21.501,1.05,2.96,-2.0312,-1.3056,-0.4219,6.7461,0.04,128.67,136.09,1
21.510,1.13,2.99,-2.0312,-1.4170,-0.4219,6.7461,0.04,129.60,136.61,1
21.528,1.26,3.00,-1.6836,-1.5143,0.5742,10.0039,0.04,128.72,135.69,1
21.549,1.40,2.95,1.3008,-1.4874,1.0352,15.9375,0.04,125.55,134.34,1
21.561,1.45,2.96,1.3008,-1.0591,1.0352,15.9375,0.04,124.86,132.22,1
21.580,1.55,3.05,-0.1914,-1.7148,-0.0391,10.8398,0.04,127.31,133.23,1
21.599,1.68,3.13,-3.1406,-1.5187,-0.6914,5.4805,0.04,125.00,133.10,1
21.612,1.74,3.13,1.0352,-1.5436,0.3047,11.2969,0.04,124.22,132.82,1
21.629,1.87,3.13,-0.6523,-0.9473,-0.0391,11.1094,0.04,124.18,131.48,1
21.649,1.97,3.23,0.2305,-0.6513,-0.7656,11.7187,0.04,123.82,134.05,1
21.663,2.03,3.28,-3.1016,-0.7825,-0.0781,6.5859,0.04,124.32,131.75,1
21.680,2.15,3.34,-0.9180,-1.0898,-0.9570,11.1484,0.04,124.50,129.37,1
21.697,2.25,3.45,-2.2969,-1.3463,-0.1133,7.8555,0.04,121.82,131.08,1
21.719,2.34,3.50,-1.9922,-1.8051,-1.2656,8.6211,0.04,123.37,131.29,1
21.731,2.41,3.48,-1.9922,-1.8339,-1.2656,8.6211,0.04,121.70,128.73,1
21.751,2.52,3.47,-0.6914,-1.8148,-0.6523,12.6797,0.04,120.80,128.04,1
21.769,2.61,3.51,-0.1133,-1.4499,0.1523,10.8359,0.04,120.51,127.73,1
21.782,2.65,3.54,-0.1523,-1.1572,-0.7656,12.6797,0.04,120.25,128.57,1
21.799,2.76,3.66,-2.2969,-1.0438,-0.1914,7.1641,0.04,117.45,125.63,1
21.818,2.87,3.75,-1.1094,-1.2082,0.6133,9.8437,0.04,120.19,126.76,1
21.838,2.97,3.87,-2.2227,-1.4266,-0.9570,6.3633,0.04,119.08,127.08,1
21.850,3.02,3.90,-0.9961,-1.3313,0.4609,10.3867,0.04,118.15,126.58,1
21.869,3.12,4.00,-3.2187,-1.7281,-1.2266,6.2422,0.04,118.95,125.72,1
21.891,3.23,4.04,-3.3711,-1.7684,0.4609,6.0508,0.04,119.65,124.75,1
21.901,3.28,4.03,-3.3711,-2.0146,0.4609,6.0508,0.04,118.57,122.88,1
21.921,3.39,4.03,-2.1445,-1.8644,-0.1523,8.8828,0.04,115.67,125.14,1
21.940,3.48,4.03,-1.8789,-1.9226,0.6133,10.0312,0.04,116.96,122.59,1
21.952,3.51,4.01,-2.0703,-1.9282,-0.2695,8.6602,0.04,115.53,123.02,1
21.970,3.60,4.01,-1.1875,-1.8979,0.8828,11.3008,0.04,113.53,125.45,1
21.989,3.66,4.00,-2.2227,-1.8848,0.1523,10.3047,0.04,116.31,121.74,1
22.003,3.70,4.00,-1.5313,-1.8814,-0.1523,9.4258,0.04,116.41,120.18,1
22.020,3.74,4.00,-2.4141,-1.8527,0.1133,7.1250,0.04,115.04,122.20,1
22.038,3.77,3.94,-2.3750,-2.0354,-0.1133,7.7383,0.04,113.80,123.52,1
22.061,3.78,3.88,0.3437,-1.8637,0.8828,11.7578,0.04,115.05,120.60,1
22.071,3.79,3.85,0.3437,-1.5246,0.8828,11.7578,0.04,113.80,122.71,1
22.092,3.77,3.81,-2.7187,-1.4214,-0.4961,6.7812,0.04,112.44,119.01,1
22.110,3.77,3.73,-1.2656,-1.6731,-0.0781,9.2266,0.04,111.50,121.80,1
22.128,3.76,3.67,-0.3828,-1.3388,-0.6523,12.0273,0.04,110.22,120.61,1
22.139,3.74,3.66,-0.4609,-1.1982,0.3828,10.8750,0.04,110.00,117.01,1
22.159,3.72,3.69,-1.5703,-1.0779,-1.8789,10.5742,0.04,108.30,115.06,1
22.177,3.70,3.74,-0.4219,-0.9916,-0.6523,12.2227,0.04,106.04,116.21,1
22.190,3.70,3.80,-2.5273,-1.0725,-1.7227,8.1562,0.04,106.03,114.56,1
22.207,3.63,3.96,-2.5273,-1.5685,0.4961,9.3437,0.04,109.40,111.69,1
22.231,3.57,4.06,-0.4219,-1.6339,-0.7656,12.1836,0.04,108.10,112.71,1
22.241,3.53,4.13,-0.4219,-1.4477,-0.7656,12.1836,0.04,106.42,113.31,1
22.258,3.48,4.26,-3.3320,-1.8008,0.9961,7.8945,0.04,105.31,110.98,1
22.278,3.43,4.37,-1.7617,-1.8273,-0.7266,9.1953,0.04,105.42,110.46,1
22.292,3.43,4.37,-1.7617,-1.8273,-0.7266,9.1953,0.04,104.77,109.85,1
22.311,3.38,4.46,-1.4180,-1.7774,-0.7266,10.5742,0.04,106.55,109.85,1
22.329,3.31,4.51,-1.7227,-1.6998,-0.3047,9.1562,0.04,104.45,111.79,1
22.348,3.26,4.52,-3.0664,-2.0050,-0.0781,6.4727,0.04,106.11,109.08,1
22.360,3.24,4.49,-2.0703,-2.0884,-0.7656,7.8125,0.04,106.25,112.02,1
22.377,3.18,4.47,-0.5352,-1.7425,-0.4219,9.5391,0.04,106.24,112.45,1
22.397,3.13,4.41,-1.3789,-1.5868,-0.8438,7.1289,0.04,105.17,111.63,1
22.411,3.09,4.38,-0.4961,-1.3454,0.2305,10.6133,0.04,104.59,112.70,1
22.428,3.04,4.39,-0.0781,-1.0120,0.4609,9.7305,0.04,101.02,109.31,1
22.452,2.98,4.43,-1.9141,-0.7702,-1.0352,8.2734,0.04,100.16,109.70,1
22.462,2.96,4.47,-1.9141,-0.9459,-1.0352,8.2734,0.04,100.38,107.72,1
22.481,2.93,4.51,-1.3398,-1.0511,-1.2266,9.7305,0.04,100.86,105.01,1
22.499,2.91,4.59,-2.1836,-1.2005,0.3437,7.3945,0.04,99.84,105.56,1
22.517,2.88,4.61,-1.8398,-1.4596,0.1133,7.6562,0.04,100.63,103.63,1
22.530,2.87,4.60,-2.9102,-1.6036,0.0391,8.0781,0.04,100.12,104.13,1
22.548,2.84,4.58,-1.0742,-1.6427,-0.5352,9.2266,0.04,97.50,106.78,1
22.568,2.80,4.56,-1.2656,-1.5238,-0.5742,10.1484,0.04,96.00,103.33,1
22.581,2.80,4.56,-2.0312,-1.6018,0.3437,9.5000,0.04,95.64,105.29,1
22.598,2.73,4.53,-1.1875,-1.5368,-0.4961,10.8008,0.04,97.27,103.77,1
22.621,2.65,4.52,-0.5352,-1.4515,0.0781,12.3008,0.04,96.81,104.93,1
22.632,2.62,4.54,-0.5352,-1.3107,0.0781,12.3008,0.04,97.38,103.08,1
22.650,2.52,4.58,-2.6055,-1.4927,-0.3047,9.0391,0.04,94.22,101.33,1
22.668,2.42,4.61,-2.9883,-1.8389,-0.2305,8.2773,0.04,93.63,100.76,1
22.688,2.29,4.58,-1.6094,-1.9256,-0.4219,10.4922,0.04,95.79,100.84,1
22.700,2.23,4.59,-2.2969,-1.9320,0.8438,7.6992,0.04,95.79,101.91,1
22.718,2.16,4.57,-1.4922,-1.9119,-0.0781,6.4687,0.04,96.47,102.04,1
22.738,1.93,4.41,-1.5703,-1.8101,-0.1914,9.0000,0.04,95.07,104.03,1
22.751,1.85,4.35,-1.5313,-1.7702,0.5352,8.0117,0.04,94.52,101.26,1
22.768,1.67,4.20,-2.2617,-1.8504,-0.6523,8.3125,0.04,96.26,101.20,1
22.791,1.47,4.05,-0.3437,-1.6733,0.1914,10.4961,0.04,96.17,100.05,1
22.802,1.37,3.93,-0.3437,-1.4691,0.1914,10.4961,0.04,93.84,99.82,1
22.819,1.15,3.75,0.1133,-1.0488,-0.9180,13.5977,0.04,92.41,99.08,1
22.839,0.90,3.63,-1.9141,-1.3744,1.3398,9.1992,0.04,91.94,99.43,1
22.858,0.74,3.59,-2.2227,-1.5748,-0.6523,8.6211,0.04,93.25,99.36,1
22.871,0.41,3.48,-0.0781,-1.5466,0.0391,10.2656,0.04,90.70,97.06,1
22.888,0.07,3.35,-0.0781,-1.1302,0.0391,10.2656,0.04,90.03,97.27,1
22.908,-0.29,3.29,-1.7227,-0.9934,-0.4609,8.3945,0.04,90.98,98.69,1
22.921,-0.47,3.24,-1.6836,-1.1023,0.4609,8.6172,0.04,89.02,94.78,1
22.938,-0.84,3.13,0.0781,-0.9106,-0.4219,12.4844,0.04,88.91,96.81,1
22.958,-1.22,3.07,-0.0391,-0.6561,-0.8047,11.0352,0.04,88.17,95.36,1
22.972,-1.40,3.07,0.9570,-0.2991,-0.8047,12.6406,0.04,87.41,94.97,1
22.989,-1.82,3.09,-0.6523,-0.2990,-1.2656,7.5859,0.04,86.54,91.66,1
23.009,-2.22,3.07,-1.3398,-0.8050,-1.1875,8.1953,0.04,87.93,93.23,1
23.029,-2.63,3.05,0.2305,-0.8310,-0.6523,10.1523,0.04,87.13,92.82,1
23.041,-2.87,3.04,-1.0352,-0.6974,-0.2695,9.6094,0.04,87.13,90.66,1
23.059,-3.28,3.04,0.5352,-0.6675,-0.7266,11.1484,0.04,85.95,90.75,1
23.077,-3.73,3.13,-2.4883,-0.9266,-0.9570,5.7031,0.04,85.51,88.39,1
23.091,-3.96,3.11,0.2695,-0.9459,-1.3789,11.7187,0.04,82.65,90.79,1
23.108,-4.42,3.16,-0.5352,-0.7096,-0.8438,11.4531,0.04,83.82,89.16,1
23.127,-4.87,3.32,0.9961,-0.3213,-1.6484,12.9844,0.04,82.24,86.02,1
23.142,-4.87,3.32,0.8828,-0.1363,-2.3750,13.1406,0.04,82.02,85.80,1
23.159,-5.56,3.73,-1.0352,-0.2133,-0.8828,9.0039,0.04,80.30,85.96,1
23.181,-6.01,3.93,-1.6484,-0.7923,-1.3398,8.8828,0.04,81.63,83.84,1
23.193,-6.24,4.03,-1.6484,-0.9238,-1.3398,8.8828,0.04,80.89,84.00,1
23.212,-6.70,4.21,-1.8789,-1.2283,-1.0742,8.1562,0.04,80.89,84.73,1
23.229,-7.16,4.34,-2.1445,-1.4340,-1.2656,8.1602,0.04,81.25,84.72,1
23.247,-7.62,4.44,-2.1836,-1.6849,-1.9531,7.3555,0.04,81.54,82.86,1
23.261,-7.84,4.47,-1.8398,-1.7340,-1.4570,8.7383,0.04,79.44,84.01,1
23.278,-8.30,4.52,-1.5703,-1.7104,-1.3398,8.6602,0.04,80.54,85.36,1
23.298,-8.75,4.55,0.2695,-1.2555,-1.7227,10.8008,0.04,80.74,86.12,1
23.312,-9.00,4.58,-1.9141,-1.4012,-1.8398,7.1250,0.04,79.92,83.44,1
23.329,-9.20,4.57,-1.6836,-1.4963,-0.9180,6.8516,0.04,80.05,83.76,1
23.351,-9.81,4.44,-0.6133,-1.6153,-2.5273,9.1172,0.04,80.17,86.87,1
23.363,-10.02,4.39,-0.6133,-1.4614,-2.5273,9.1172,0.04,79.55,83.65,1
23.382,-10.41,4.31,0.9961,-1.0594,-2.5664,12.0273,0.04,78.43,83.85,1
23.399,-10.80,4.34,-1.2266,-0.6543,-1.9922,7.7773,0.04,79.55,85.40,1
23.419,-10.98,4.32,0.1133,-0.6108,-1.8789,10.2305,0.04,78.22,82.03,1
23.431,-11.32,4.32,-2.6797,-0.7230,-1.7227,6.3203,0.04,77.28,82.69,1
23.449,-11.64,4.25,-2.6797,-1.2779,-1.7227,6.3203,0.04,78.63,83.30,1
23.468,-11.96,4.21,-0.2695,-1.2224,-2.6797,10.2305,0.04,77.82,82.90,1
23.482,-12.19,4.27,-3.1797,-1.3089,-1.7227,5.3633,0.04,77.43,81.61,1
23.499,-12.60,4.30,-1.0352,-1.4721,-2.1445,8.4258,0.04,79.20,81.65,1
23.517,-12.96,4.29,-0.7266,-1.2799,-2.1445,8.5781,0.04,76.93,84.04,1
23.539,-13.28,4.25,0.0391,-0.5805,-1.7617,9.7305,0.04,76.13,83.89,1
23.550,-13.43,4.26,0.0391,-0.4853,-1.7617,9.7305,0.04,77.75,81.09,1
23.569,-13.72,4.31,0.5352,-0.0569,-0.9961,10.4922,0.04,75.86,82.56,1
23.590,-14.00,4.40,0.3047,0.0939,-1.6094,11.4141,0.04,76.89,82.01,1
23.601,-14.13,4.49,-2.0312,-0.0463,-2.4141,7.8555,0.04,76.02,80.61,1
23.619,-14.35,4.64,-0.3437,-0.4742,-1.6484,11.1523,0.04,74.09,80.66,1
23.638,-14.55,4.75,-1.7227,-0.7349,0.4961,10.1914,0.04,74.93,79.76,1
23.652,-14.66,4.81,-0.2305,-0.7673,-0.1133,10.7969,0.04,74.72,77.92,1
23.669,-14.89,4.97,-1.8008,-0.9318,0.5742,9.8867,0.04,74.72,78.74,1
23.688,-15.14,5.13,-0.8438,-0.9664,-0.0391,9.6914,0.04,74.38,77.49,1
23.709,-15.37,5.12,-0.4961,-1.8263,-1.8398,11.3750,0.04,72.66,78.38,1
23.720,-15.49,5.20,-0.4961,-1.6220,-1.8398,11.3750,0.04,72.87,79.31,1
23.741,-15.68,5.27,-0.0781,-1.0143,-0.9180,11.0742,0.04,73.12,75.95,1
23.759,-15.89,5.43,-2.7578,-0.9631,0.4609,7.1641,0.04,72.11,76.51,1
23.771,-16.01,5.52,-2.2227,-1.3175,-1.1484,7.4336,0.04,73.14,76.42,1
23.789,-16.23,5.63,0.7266,-1.3383,-1.7227,11.9141,0.04,71.84,75.66,1
23.808,-16.44,5.77,-1.9922,-1.2360,-2.1055,7.2031,0.04,72.42,74.77,1
23.822,-16.53,5.83,0.2695,-1.1712,-1.7617,11.9141,0.04,72.19,76.82,1
23.839,-16.71,6.01,-2.2969,-1.2480,-1.8398,7.3555,0.04,70.17,74.67,1
23.858,-16.88,6.16,-0.8438,-1.2239,-0.8828,10.6484,0.04,71.39,74.08,1
23.881,-17.06,6.30,-2.4141,-1.1802,-1.2656,8.3945,0.04,69.60,74.79,1
23.890,-17.15,6.35,-2.4141,-1.3697,-1.2656,8.3945,0.04,69.64,72.87,1
23.908,-17.32,6.50,-1.8008,-1.5302,-0.9961,8.6172,0.04,70.55,74.12,1
23.929,-17.49,6.58,-2.0312,-1.7423,-1.0352,7.7383,0.04,69.40,75.57,1
23.941,-17.57,6.62,-1.7617,-1.7847,-1.5313,7.5859,0.04,70.59,75.57,1
23.959,-17.71,6.64,0.3047,-1.6128,-0.7266,11.1523,0.04,69.54,75.20,1
23.979,-17.87,6.69,-1.3008,-1.3144,-0.4961,8.1992,0.04,70.07,74.82,1
23.992,-17.95,6.70,-0.8828,-1.2789,-0.6914,8.7344,0.04,69.95,74.16,1
24.009,-18.10,6.72,-1.9141,-1.3721,-1.1484,8.0820,0.04,69.95,75.45,1
24.028,-18.25,6.77,0.3047,-1.0658,-1.9531,9.5820,0.04,69.12,73.87,1
24.051,-18.41,6.86,0.8828,-0.5285,-1.7617,10.3477,0.04,67.83,73.65,1
24.060,-18.49,6.92,0.8828,-0.3117,-1.7617,10.3477,0.04,68.38,74.54,1
24.082,-18.65,7.09,-2.4141,-0.4959,-0.9570,7.5859,0.04,66.89,71.95,1
24.100,-18.79,7.23,-0.4609,-0.8837,-1.4570,10.8008,0.04,66.01,71.73,1
24.119,-18.96,7.39,-1.8789,-1.0534,0.7266,9.0039,0.04,67.59,69.56,1
24.129,-19.04,7.44,-1.9531,-1.1861,-1.8789,8.0781,0.04,66.12,72.25,1
24.150,-19.20,7.53,-3.0664,-1.6940,-2.1836,7.0508,0.04,67.59,72.37,1
24.162,-19.27,7.55,-2.2969,-1.9361,-1.0742,7.6602,0.04,66.04,72.59,1
24.182,-19.40,7.58,0.1523,-1.5171,-2.2617,10.6484,0.04,67.76,72.30,1
24.198,-19.53,7.60,-1.0742,-1.2194,-0.5742,10.1914,0.04,66.19,71.83,1
24.222,-19.68,7.65,-0.9961,-1.0619,-2.1445,9.2695,0.04,66.32,71.83,1
24.230,-19.74,7.67,-0.9961,-1.0518,-2.1445,9.2695,0.04,68.14,71.91,1
24.248,-19.88,7.70,-0.4219,-0.9089,0.4961,9.9609,0.04,66.46,72.79,1
24.269,-20.02,7.72,-0.3828,-0.9235,-2.3750,11.2969,0.04,67.69,70.80,1
24.288,-20.13,7.73,0.2305,-0.6035,-1.4922,12.2187,0.04,66.66,73.34,1
24.302,-20.19,7.74,-1.1094,-0.5826,-2.3750,10.3867,0.04,66.71,71.92,1
24.321,-20.30,7.76,-1.8008,-0.9152,-2.2969,9.5000,0.04,66.29,71.82,1
24.332,-20.34,7.77,-0.9570,-1.0437,-0.3047,10.7695,0.04,65.83,74.20,1
24.349,-20.42,7.78,-2.1836,-1.1172,-1.4570,8.3906,0.04,65.83,74.20,1
24.368,-20.51,7.79,-0.3437,-1.0736,-2.7969,11.2578,0.04,65.61,73.87,1
24.388,-20.57,7.87,-0.8438,-0.9773,-2.2969,9.8047,0.04,66.32,72.53,1
24.400,-20.59,7.90,0.0781,-0.7437,-3.0273,10.3828,0.04,65.93,73.23,1
24.418,-20.59,7.96,-0.7266,-0.6887,-1.0352,9.1211,0.04,67.08,72.51,1
24.440,-20.60,7.98,-0.1914,-0.6792,-1.9141,8.5820,0.04,65.61,72.01,1
24.451,-20.60,8.00,-0.1914,-0.6043,-1.9141,8.5820,0.04,67.68,74.40,1
24.473,-20.59,7.99,-0.1914,-0.6584,-2.1836,8.3945,0.04,66.02,73.51,1
24.489,-20.57,7.97,-0.8828,-0.5812,-0.8828,6.8555,0.04,66.62,73.90,1
24.502,-20.55,7.96,-0.8047,-0.6417,-1.3789,6.4414,0.04,66.84,74.74,1
24.519,-20.50,7.90,0.8438,-0.5561,-2.6445,10.5703,0.04,66.03,73.48,1
24.538,-20.46,7.92,-0.1133,-0.2907,0.1914,8.6172,0.04,65.80,74.62,1
24.558,-20.44,7.96,0.8828,-0.0199,-0.6523,12.3359,0.04,64.30,73.02,1
24.570,-20.44,7.96,0.3828,0.0420,0.9180,11.1094,0.04,64.39,71.24,1
24.589,-20.47,8.09,-0.4961,-0.0559,-1.8008,9.8437,0.04,63.15,71.96,1
24.612,-20.49,8.17,-0.5352,-0.5291,-1.0742,9.5781,0.04,64.25,70.37,1
24.621,-20.49,8.18,-0.5352,-0.5300,-1.0742,9.5781,0.04,63.80,71.11,1
24.641,-20.49,8.19,-0.4219,-0.6786,-0.8828,10.4961,0.04,63.80,71.11,1
24.659,-20.47,8.19,-1.5313,-0.6946,-3.8672,9.0000,0.04,63.34,70.27,1
24.672,-20.44,8.18,-0.0391,-0.7603,0.0391,11.8359,0.04,62.54,72.36,1
24.690,-20.42,8.21,-1.1094,-0.6414,-0.7656,10.2656,0.04,62.54,72.23,1
24.710,-20.39,8.25,-0.7656,-0.7249,-2.1445,10.4141,0.04,61.90,71.58,1
24.729,-20.37,8.31,-0.4961,-0.6768,-0.6914,11.2969,0.04,63.75,72.56,1
24.740,-20.34,8.33,-0.9961,-0.6890,-3.2187,10.3086,0.04,61.67,71.00,1
24.757,-20.26,8.37,0.4609,-0.4713,-0.3828,13.5625,0.04,62.59,71.82,1
24.782,-20.21,8.45,0.5352,-0.4052,-3.1016,13.3672,0.04,60.87,71.59,1
24.791,-20.18,8.50,0.5352,-0.2608,-3.1016,13.3672,0.04,62.39,69.96,1
24.808,-20.11,8.63,-0.9180,-0.3566,-1.2656,11.4180,0.04,61.20,70.78,1
24.830,-20.05,8.74,-1.6836,-0.7799,-1.7227,9.0781,0.04,61.81,69.75,1
24.842,-20.02,8.80,-1.4922,-0.9646,-1.0352,9.3828,0.04,60.96,70.92,1
24.859,-19.96,8.91,-0.8828,-1.0655,-3.5234,9.1602,0.04,62.52,69.94,1
24.880,-19.87,9.00,-1.9141,-1.2314,-2.0703,8.2344,0.04,61.23,70.57,1
24.899,-19.74,9.00,-1.6836,-1.4131,-0.9180,7.0078,0.04,62.86,71.89,1
24.910,-19.69,9.00,-1.2266,-1.4181,-1.9141,6.9336,0.04,62.00,70.97,1
24.929,-19.55,8.94,-0.6133,-1.2171,-2.9883,7.6602,0.04,62.75,72.63,1
24.952,-19.39,8.86,0.7266,-0.9120,-1.5703,9.6484,0.04,63.35,72.91,1
24.961,-19.31,8.86,0.7266,-0.6603,-1.5703,9.6484,0.04,62.24,71.57,1
24.978,-19.15,8.80,-1.3789,-0.7330,0.1523,5.8633,0.04,62.24,72.96,1
25.000,-19.01,8.73,0.1133,-0.2742,-1.2266,8.9648,0.04,61.69,71.52,1
25.012,-18.95,8.70,0.1133,-0.2147,-1.2266,8.9648,0.04,62.32,72.20,1
25.029,-18.82,8.61,0.1523,-0.1106,-0.8828,9.6094,0.04,61.36,72.23,1
25.049,-18.70,8.53,0.9180,-0.0368,-0.7656,11.1133,0.04,61.99,70.91,1
25.068,-18.58,8.47,-1.3789,-0.2196,-1.7227,7.3164,0.04,60.25,71.45,1
25.080,-18.53,8.44,1.4570,-0.1708,-1.1484,12.9844,0.04,60.80,70.34,1
25.098,-18.44,8.43,-1.9531,-0.3706,-1.3398,6.9336,0.04,59.90,71.08,1
25.118,-18.36,8.40,-0.1523,-0.4209,-0.6133,10.3477,0.04,60.25,71.10,1
25.131,-18.32,8.37,-1.0742,-0.5655,-0.0391,9.4609,0.04,59.64,69.43,1
25.149,-18.23,8.28,-1.3789,-0.7772,-1.6836,8.8164,0.04,59.63,70.22,1
25.169,-18.16,8.22,-1.8789,-0.6840,-1.5703,8.4648,0.04,58.84,69.53,1
25.182,-18.14,8.19,-1.8789,-0.8675,-1.5703,8.4648,0.04,59.58,70.51,1
25.201,-18.10,8.11,-1.7617,-0.6876,0.5352,9.9219,0.04,58.35,68.47,1
25.219,-18.11,8.08,1.2656,-0.7500,-2.4883,13.2539,0.04,58.96,68.70,1
25.235,-18.11,8.10,-0.4961,-0.4449,-1.1094,9.6133,0.04,58.11,69.41,1
25.250,-18.10,8.08,-2.1836,-0.5944,-0.3828,7.5508,0.04,59.77,68.14,1
25.269,-18.10,7.97,0.4219,-0.5596,0.2695,8.1172,0.04,60.33,69.99,1
25.289,-18.11,7.80,0.3437,-0.2985,-1.6094,9.8828,0.04,60.66,72.41,1
25.301,-18.11,7.80,0.4219,-0.1879,-5.8594,10.2656,0.04,59.00,71.04,1
25.318,-18.08,7.71,0.0781,-0.0910,-3.1016,9.6875,0.04,61.16,70.23,1
25.342,-18.03,7.68,-0.3437,0.9746,0.2695,7.6289,0.04,59.86,72.45,1
25.352,-18.02,7.70,-0.3437,0.7721,0.2695,7.6289,0.04,61.92,72.25,1
25.372,-18.00,7.60,0.8438,-0.0128,0.0391,10.4922,0.04,60.85,70.72,1
25.389,-18.00,7.49,1.7617,0.3036,-3.2187,10.3437,0.04,62.65,73.24,1
25.403,-17.98,7.44,0.3047,0.5097,-3.9453,8.0820,0.04,64.38,73.50,1
25.420,-17.88,7.24,0.5742,0.4731,-2.4531,9.2305,0.04,63.14,74.26,1
25.442,-17.83,7.16,-0.5742,0.3254,-3.7148,6.6680,0.04,65.02,75.05,1
25.459,-17.65,6.92,5.0195,1.3082,-1.6094,14.5586,0.04,64.60,76.63,1
25.471,-17.60,6.88,1.4922,1.5961,0.1133,8.0117,0.04,65.70,76.17,1
25.488,-17.50,6.65,1.1484,1.4846,-0.7266,9.4258,0.04,64.54,77.43,1
25.512,-17.42,6.53,2.9102,1.3161,0.4219,11.1094,0.04,67.06,78.07,1
25.522,-17.39,6.46,2.9102,1.5609,0.4219,11.1094,0.04,65.82,75.99,1
25.539,-17.32,6.32,2.5664,1.8675,-2.1836,10.6875,0.04,68.23,78.22,1
25.560,-17.26,6.12,-0.2695,1.1298,-2.4883,9.0781,0.04,66.24,78.23,1
25.578,-17.21,5.95,1.9141,1.1360,-1.4922,11.3359,0.04,67.76,77.88,1
25.590,-17.19,5.86,1.0352,1.1852,0.1133,9.1211,0.04,67.76,79.23,1
25.609,-17.15,5.68,1.0352,1.1426,0.1133,9.1211,0.04,67.68,80.43,1
25.629,-17.11,5.56,0.3437,0.9591,-0.4961,9.3477,0.04,68.38,78.87,1
25.641,-17.07,5.50,1.6836,0.9718,-3.3711,10.1484,0.04,69.30,79.23,1
25.658,-17.03,5.38,0.4219,0.9352,0.4961,9.4609,0.04,69.85,81.54,1
25.682,-16.97,5.21,2.5273,0.8348,-1.9141,12.4453,0.04,69.80,81.04,1
25.692,-16.96,5.16,2.5273,1.0948,-1.9141,12.4453,0.04,69.49,80.13,1
25.709,-16.91,5.03,1.7227,1.3230,-1.4570,10.6094,0.04,70.81,82.45,1
25.730,-16.88,4.92,-0.3437,1.1621,-0.7266,8.0078,0.04,70.17,80.85,1
25.749,-16.86,4.80,3.8672,1.0719,-2.4531,15.0195,0.04,69.80,81.34,1
25.762,-16.85,4.79,0.1523,1.3933,-1.5313,8.2344,0.04,69.80,83.93,1
25.779,-16.81,4.75,-0.3047,1.0048,-1.0742,7.0469,0.04,71.04,83.42,1
25.798,-16.75,4.65,0.9570,0.8376,-2.5664,9.6484,0.04,72.86,83.63,1
25.811,-16.72,4.59,0.9570,0.8560,-2.5664,9.6484,0.04,71.42,83.44,1
25.828,-16.72,4.59,-0.5742,0.7490,-2.9102,8.1211,0.04,73.65,83.44,1
25.848,-16.54,4.27,0.0000,0.5008,0.1133,7.7734,0.04,74.33,86.74,1
25.862,-16.48,4.17,0.8828,0.5853,-3.4844,8.1953,0.04,74.08,85.39,1
25.879,-16.34,3.99,1.9141,0.8979,-1.2266,11.8789,0.04,75.02,87.08,1
25.900,-16.20,3.79,2.1836,0.8062,-2.4883,12.2187,0.04,75.87,87.37,1
25.913,-16.14,3.71,2.1836,1.0178,-2.4883,12.2187,0.04,73.77,89.17,1
25.932,-16.02,3.57,1.8008,1.5325,-2.3359,11.1914,0.04,75.25,87.04,1
25.950,-15.89,3.47,0.0391,1.4677,0.1523,10.2656,0.04,73.00,88.28,1
25.968,-15.76,3.38,1.3398,1.2685,0.4219,10.6875,0.04,75.69,87.95,1
25.982,-15.70,3.31,-0.2305,1.1538,-1.3008,7.3555,0.04,76.80,86.60,1
25.998,-15.59,3.14,-1.2656,0.4528,0.4609,7.5859,0.04,75.73,88.72,1
26.018,-15.46,2.93,-0.1133,0.2205,-3.3711,9.3086,0.04,76.62,181.23,1
26.032,-15.39,2.83,3.2930,0.9005,-2.1836,14.3984,0.04,76.95,88.57,1
26.049,-15.25,2.65,0.1133,1.0124,-0.4219,9.7695,0.04,76.38,87.32,1
26.072,-15.13,2.44,-0.8438,0.5983,2.2617,9.1953,0.04,75.88,87.23,1
26.083,-15.09,2.35,-0.8438,0.3768,2.2617,9.1953,0.04,78.03,86.96,1
26.103,-15.01,2.14,0.8047,0.5531,1.7617,11.4570,0.04,75.16,87.78,1
26.120,-14.99,1.97,-1.4922,0.4407,-0.8828,6.6641,0.04,77.25,85.43,1
26.138,-14.97,1.79,0.0391,0.1206,-1.8789,10.0312,0.04,77.69,85.12,1
26.151,-14.97,1.72,0.0391,0.1081,-1.8789,10.0312,0.04,75.56,87.02,1
26.169,-14.97,1.72,-1.1484,-0.1289,-3.0664,8.7734,0.04,77.30,85.61,1
26.189,-14.93,1.33,-0.2695,-0.2820,-1.4922,8.3164,0.04,76.73,84.62,1
26.202,-14.92,1.23,0.6133,-0.2094,-1.2266,10.8359,0.04,76.22,84.93,1
26.219,-14.89,1.01,-1.9531,-0.4969,-0.2305,6.9727,0.04,77.14,86.19,1
26.238,-14.85,0.78,0.0781,-0.4604,-0.1133,10.5742,0.04,75.36,86.76,1
26.259,-14.82,0.54,0.6914,-0.3378,-1.9141,12.3750,0.04,74.78,85.16,1
26.279,-14.81,0.33,-0.3437,-0.2160,-1.5313,10.4570,0.04,75.46,85.73,1
26.289,-14.81,0.25,0.0000,-0.2081,-0.9570,9.8047,0.04,75.34,86.36,1
26.310,-14.82,0.07,-1.1875,-0.4000,-0.5742,8.8828,0.04,74.65,85.28,1
26.321,-14.82,-0.04,-1.3398,-0.5331,-0.4219,7.9336,0.04,75.99,85.67,1
26.342,-14.83,-0.25,0.3437,-0.6735,0.2695,10.4141,0.04,75.18,86.15,1
26.359,-14.85,-0.46,-0.6914,-0.5558,-1.3008,8.4648,0.04,76.19,86.15,1
26.372,-14.85,-0.61,-0.3047,-0.5457,-1.3008,9.8477,0.04,75.51,84.40,1
26.390,-14.87,-0.81,0.4609,-0.2941,-2.7578,11.4570,0.04,74.00,84.80,1
26.409,-14.90,-1.02,-2.3359,-0.6989,-1.0352,8.3164,0.04,74.91,85.48,1
26.423,-14.92,-1.13,1.1094,-0.2987,0.6523,11.8398,0.04,75.01,84.95,1
26.440,-15.00,-1.31,-0.5352,-0.2633,-0.3047,10.5352,0.04,73.10,83.86,1
26.460,-15.08,-1.49,0.2695,-0.1724,-2.5273,11.0703,0.04,74.08,84.66,1
26.479,-15.18,-1.63,-1.5313,-0.1911,0.1523,8.7344,0.04,72.67,83.95,1
26.492,-15.23,-1.70,0.9961,-0.2855,-0.5742,12.2969,0.04,73.73,82.44,1
26.510,-15.35,-1.79,-2.3750,-0.1917,-1.8789,6.2031,0.04,73.77,83.75,1
26.528,-15.47,-1.93,0.6133,-0.2747,0.0391,11.0742,0.04,72.95,82.18,1
26.542,-15.54,-1.99,-1.4570,-0.3039,-0.1133,9.1602,0.04,73.28,81.56,1
26.559,-15.70,-2.09,-1.5703,-0.7221,-1.1875,9.2305,0.04,71.72,82.62,1
26.579,-15.85,-2.24,-0.9961,-0.8356,-2.0312,10.7266,0.04,71.80,81.47,1
26.593,-15.94,-2.27,-1.3789,-0.9558,0.3828,9.4219,0.04,73.11,79.97,1
26.610,-16.11,-2.45,-2.3359,-1.2876,-0.3437,7.3516,0.04,71.53,80.42,1
26.632,-16.33,-2.61,-1.0742,-1.3572,-2.6055,9.2695,0.04,72.80,82.13,1
26.649,-16.54,-2.78,-0.4609,-1.2279,-2.7187,11.7617,0.04,71.15,81.05,1
26.661,-16.65,-2.86,-0.3047,-1.0456,-0.5352,12.6406,0.04,70.29,79.42,1
26.679,-16.88,-2.91,-2.8711,-1.0408,-1.6094,6.8555,0.04,71.02,81.04,1
26.698,-17.14,-3.21,-0.1914,-1.0717,0.2305,10.8750,0.04,69.91,79.80,1
26.712,-17.28,-3.35,-1.3008,-1.0253,-0.0781,10.6875,0.04,69.48,79.31,1
26.729,-17.60,-3.57,0.2695,-0.7717,-2.2617,12.1836,0.04,69.48,80.40,1
26.748,-17.89,-3.78,-2.7187,-1.1377,-3.1797,7.6953,0.04,69.11,80.54,1
26.763,-18.03,-3.85,-0.2305,-1.1815,-3.1016,11.6836,0.04,70.05,79.35,1
26.780,-18.30,-3.99,-2.1836,-1.2895,-0.9961,8.0117,0.04,69.30,79.64,1
26.802,-18.58,-4.15,-1.4570,-1.2785,-0.7656,9.3086,0.04,70.50,80.08,1
26.820,-18.87,-4.32,-2.2969,-1.3963,-1.4922,6.9336,0.04,70.20,79.12,1
26.832,-19.02,-4.42,-0.4609,-1.4488,-2.2617,10.3477,0.04,69.28,79.94,1
26.850,-19.29,-4.62,-1.9922,-1.2911,-3.0664,6.8242,0.04,69.36,80.80,1
26.870,-19.57,-4.82,-0.3047,-1.1567,-1.7617,10.1875,0.04,68.76,79.48,1
26.882,-19.70,-4.92,-0.9180,-1.0749,-2.6445,10.2266,0.04,69.19,79.24,1
26.900,-19.84,-5.02,0.0391,-0.8834,-0.5352,10.6914,0.04,68.03,80.61,1
26.918,-20.27,-5.20,-0.8828,-0.7729,-0.4609,9.5820,0.04,68.37,78.07,1
26.933,-20.43,-5.24,-1.1094,-0.8079,-0.6523,8.2734,0.04,68.10,78.51,1
26.950,-20.75,-5.38,-1.7617,-1.0551,-0.3828,8.3945,0.04,66.24,79.35,1
26.967,-20.92,-5.43,-1.0742,-1.1086,-2.8711,9.8867,0.04,67.61,76.72,1
26.991,-21.41,-5.59,-0.6133,-1.0600,-2.6445,10.5352,0.04,67.61,78.05,1
27.003,-21.58,-5.65,-1.4180,-1.0255,-2.7969,8.3125,0.04,67.82,78.84,1
27.020,-21.92,-5.75,-0.5742,-1.0693,-3.5234,11.0703,0.04,65.58,76.97,1
27.040,-22.07,-5.82,-1.2266,-1.0291,-1.8398,8.8125,0.04,68.11,77.63,1
27.053,-22.41,-5.84,1.0352,-0.8919,-2.3359,14.5937,0.04,65.18,77.63,1
27.071,-22.75,-5.84,1.0742,-0.3422,-2.1055,12.4844,0.04,65.80,76.91,1
27.089,-23.05,-5.90,-2.5273,-0.6564,-1.0742,7.8555,0.04,70.27,77.91,1
27.103,-23.24,-5.90,-3.1016,-0.9897,-0.3828,3.6445,0.04,72.55,80.78,1
27.120,-23.57,-6.06,0.8828,-0.8279,-4.2148,5.7422,0.04,70.65,84.69,1
27.139,-23.78,-6.26,2.3359,-0.0211,-14.6328,16.2422,0.04,70.42,84.47,1
27.154,-23.82,-6.33,5.2852,1.1532,-10.4570,12.1406,0.04,73.64,86.69,1
27.171,-23.85,-6.48,2.6797,1.7484,-2.6055,12.9883,0.04,75.02,93.78,1
27.190,-23.88,-6.55,4.4453,2.0218,-2.6797,9.1562,0.04,75.14,90.48,1
27.210,-23.93,-6.74,3.6406,2.6447,2.7578,11.6055,0.04,77.47,91.49,1
27.222,-23.93,-6.89,5.0937,2.9814,-4.5586,11.2187,0.04,78.97,93.24,1
27.240,-23.89,-7.06,5.3633,3.6020,-5.2500,13.4883,0.04,79.47,93.78,1
27.258,-23.78,-7.21,4.9414,4.1091,-4.0977,9.6094,0.04,79.99,94.63,1
27.273,-23.69,-7.21,5.0937,4.2491,-4.0977,11.5703,0.04,81.47,94.42,1
27.290,-23.52,-7.26,5.6680,4.6642,-4.2148,12.7891,0.04,82.82,92.25,1
27.309,-23.34,-7.35,2.2227,4.1864,-0.1133,7.0117,0.04,81.43,94.30,1
27.331,-23.09,-7.39,5.5547,4.6772,0.5352,12.7227,0.04,82.45,93.11,1
27.341,-22.96,-7.41,5.5547,4.8120,0.5352,12.7227,0.04,83.74,93.54,1
27.362,-22.75,-7.37,2.8359,4.3331,-0.9180,8.8164,0.04,81.31,92.19,1
27.381,-22.49,-7.31,0.9961,3.7613,-2.1055,6.7070,0.04,83.11,90.68,1
27.392,-22.39,-7.32,0.8828,3.1403,2.2227,3.7500,0.04,85.27,92.28,1
27.410,-22.21,-7.32,1.8008,2.5735,0.6523,6.0508,0.04,83.56,95.54,1
27.429,-22.06,-7.45,3.5234,2.6913,0.9570,10.0039,0.04,83.22,95.42,1
27.443,-21.99,-7.52,1.7227,2.6751,-1.0352,6.5469,0.04,84.18,92.95,1
27.460,-21.94,-7.63,3.7148,2.7109,1.7617,10.6523,0.04,84.46,94.24,1
27.478,-21.75,-7.84,4.0977,3.0804,2.3750,11.7578,0.04,83.63,94.79,1
27.494,-21.73,-7.87,4.0977,3.2366,2.3750,11.7578,0.04,83.24,96.12,1
27.511,-21.68,-7.93,4.4062,3.4727,0.4219,13.6758,0.04,85.51,94.36,1
27.532,-21.58,-7.94,2.8711,3.7692,0.8828,13.5937,0.04,84.18,92.37,1
27.550,-21.51,-7.87,2.3359,3.4717,-0.9180,9.7266,0.04,85.48,93.82,1
27.564,-21.47,-7.87,5.2109,3.4503,-0.1133,15.9687,0.04,87.90,95.49,1
27.580,-21.37,-7.78,3.6406,3.8240,-2.6055,9.7305,0.04,90.47,97.87,1
27.598,-21.21,-7.84,-0.9570,2.7440,-7.5469,8.1953,0.04,89.13,93.85,1
27.613,-21.10,-7.83,2.8359,2.2283,-0.3047,11.7187,0.04,92.23,101.62,1
27.630,-20.89,-7.85,4.4453,2.7917,-2.6797,12.3789,0.04,94.44,101.70,1
27.648,-20.65,-7.93,0.9961,2.5921,-4.9805,7.7773,0.04,96.99,103.40,1
27.672,-20.33,-8.02,3.2187,2.2099,-2.3359,11.9883,0.04,98.07,105.08,1
27.681,-20.17,-8.08,3.2187,2.3648,-2.3359,11.9883,0.04,100.96,107.08,1
27.698,-19.81,-8.22,9.0781,3.9038,0.5352,14.6328,0.04,100.46,109.37,1
27.715,-19.61,-8.33,3.4492,3.8032,3.8672,8.4219,0.04,100.82,110.04,1
27.733,-19.28,-8.44,4.0977,3.5777,1.2656,9.7305,0.04,103.19,109.95,1
27.751,-18.92,-8.60,8.9258,4.1114,0.7656,14.1367,0.04,105.60,112.16,1
27.769,-18.59,-8.67,6.9336,5.3174,2.1055,13.7891,0.04,106.35,114.19,1
27.783,-18.42,-8.70,1.5703,5.2460,2.0312,3.4453,0.04,106.77,113.71,1
27.800,-18.10,-8.83,2.3750,4.2680,0.4219,7.9297,0.04,110.30,112.65,1
27.818,-17.79,-8.91,6.7422,4.5891,2.6797,9.7695,0.04,111.82,116.29,1
27.839,-17.51,-9.06,9.6133,5.8352,2.7969,15.4375,0.04,112.06,118.99,1
27.851,-17.39,-9.08,2.8711,5.1792,-0.8828,6.4414,0.04,113.02,118.79,1
27.869,-17.11,-9.20,1.2656,4.1693,0.0000,5.0547,0.04,114.55,117.18,1
27.890,-16.84,-9.25,7.7383,4.8866,1.1875,13.7500,0.04,116.54,120.71,1
27.902,-16.72,-9.30,7.7383,5.3246,1.1875,13.7500,0.04,117.01,120.25,1
27.921,-16.48,-9.36,1.5703,4.7489,0.0391,7.5898,0.04,114.59,117.50,1
27.940,-16.26,-9.42,5.7461,4.1815,0.0000,11.8750,0.04,118.82,123.75,1
27.953,-16.14,-9.41,5.6680,4.5215,-1.3789,12.3750,0.04,117.97,121.18,1
27.971,-15.89,-9.50,1.5313,4.5157,-0.5742,6.9727,0.04,123.15,123.61,1
27.990,-15.67,-9.51,2.9492,3.8121,-0.1133,6.2070,0.04,123.41,125.34,1
28.009,-15.44,-9.50,6.7812,4.4154,-0.3437,14.8633,0.04,122.90,125.39,1
28.023,-15.34,-9.42,6.3203,4.8370,-1.0742,10.9570,0.04,124.72,126.94,1
28.039,-15.10,-9.33,0.3828,3.9436,-1.2656,1.4141,0.04,125.60,127.08,1
28.061,-14.87,-9.24,6.5898,3.2263,-0.7656,9.3086,0.04,125.52,127.37,1
28.072,-14.76,-9.20,6.5898,3.7429,-0.7656,9.3086,0.04,128.02,126.73,1
28.092,-14.57,-9.13,-0.1914,3.5625,-0.9961,6.8945,0.04,126.49,131.15,1
28.110,-14.35,-9.17,4.1758,2.8473,-0.6914,9.3437,0.04,127.47,131.01,1
28.123,-14.23,-9.18,7.9687,3.4447,0.2305,15.5508,0.04,133.55,129.62,1
28.140,-13.98,-9.21,1.6094,4.2190,-1.6836,8.8125,0.04,130.98,137.93,1
28.159,-13.76,-9.16,0.8438,3.1599,-0.0781,5.4375,0.04,133.53,134.37,1
28.179,-13.53,-9.12,6.2812,3.7064,0.4609,17.3906,0.04,134.88,137.36,1
28.191,-13.42,-9.06,5.2109,4.0394,-1.8789,10.4922,0.04,130.17,139.47,1
28.209,-13.21,-9.00,0.0391,3.2942,1.6094,4.9805,0.04,133.46,137.95,1
28.232,-12.97,-8.94,3.4844,2.4132,0.1914,9.7266,0.04,134.93,142.29,1
28.242,-12.87,-8.92,3.4844,2.5777,0.1914,9.7266,0.04,139.08,143.06,1
28.259,-12.63,-8.96,7.8164,3.7936,0.3047,14.0195,0.04,141.42,149.63,1
28.280,-12.42,-9.04,-1.4180,2.7262,1.7227,1.4570,0.04,144.99,144.70,1
28.299,-12.15,-9.17,4.1758,2.5514,-2.7578,14.6328,0.04,144.70,152.00,1
28.310,-12.03,-9.20,7.8906,3.0981,-1.5313,12.4492,0.04,144.11,149.45,1
28.330,-11.74,-9.27,8.1992,4.8002,2.2617,17.4727,0.04,142.88,149.48,1
28.348,-11.42,-9.21,1.0742,4.3822,-1.9922,8.4219,0.04,151.47,152.39,1
28.361,-11.25,-9.31,-2.4141,3.5950,0.8047,-2.2969,0.04,148.99,150.90,1
28.379,-10.93,-9.45,1.8789,2.4965,-2.3750,11.1133,0.04,147.04,154.92,1
28.398,-10.62,-9.48,5.1328,3.0415,-1.1094,13.7891,0.04,150.33,152.72,1
28.412,-10.45,-9.58,5.6328,3.6150,0.1914,11.2227,0.04,149.52,158.91,1
28.430,-10.13,-9.60,4.8633,4.0169,0.6914,15.8633,0.04,152.07,158.33,1
28.450,-9.81,-9.55,1.1484,4.3089,1.1094,12.1445,0.04,151.65,155.50,1
28.471,-9.41,-9.75,3.9844,3.8591,-1.2656,4.0977,0.04,153.47,160.59,1
28.482,-9.23,-9.77,-0.5352,3.5253,-0.1133,8.9219,0.04,157.58,161.39,1
28.501,-8.86,-9.56,4.9023,2.8087,-2.7969,4.8281,0.04,153.87,159.41,1
28.515,-8.69,-9.48,1.3789,2.9902,0.0781,12.3750,0.04,158.78,164.53,1
28.531,-8.25,-9.69,5.1719,2.8366,-4.0977,4.1758,0.04,160.44,162.97,1
28.550,-7.80,-9.86,4.8633,3.5645,1.9531,16.7461,0.04,158.96,161.84,1
28.570,-7.34,-9.67,5.5547,4.0858,-1.4922,13.1719,0.04,160.93,162.95,1
28.582,-7.08,-9.58,6.2070,4.5553,1.9141,15.7461,0.04,158.83,168.27,1
28.599,-6.58,-9.63,3.6406,4.4558,-0.8828,10.8750,0.04,162.95,168.41,1
28.621,-6.01,-9.76,-0.2695,2.6079,-2.5273,1.6484,0.04,167.25,166.47,1
28.633,-5.74,-9.77,-0.2695,2.1659,-2.5273,1.6484,0.04,164.20,170.21,1
28.652,-5.16,-9.83,-0.1523,0.9784,-1.3398,5.4023,0.04,165.29,171.38,1
28.671,-4.57,-9.94,3.7148,0.9671,-1.0352,8.7344,0.04,163.56,172.53,1
28.684,-4.27,-9.95,0.5352,1.3208,0.0000,6.6289,0.04,167.98,169.52,1
28.701,-3.66,-10.25,3.3711,1.3249,-0.1523,8.3906,0.04,165.18,174.98,1
28.719,-3.05,-10.60,3.5625,2.0648,-1.1094,10.7656,0.04,167.25,176.96,1
28.739,-2.43,-10.80,4.7109,2.7437,1.5313,12.1406,0.04,168.86,180.21,1
28.752,-2.12,-10.92,5.7070,3.3996,0.1133,11.1914,0.04,168.83,176.74,1
28.770,-1.53,-11.10,2.9492,3.5759,0.7266,10.3047,0.04,172.89,179.73,1
28.791,-0.93,-11.19,5.2109,3.4962,-1.3789,12.7930,0.04,173.88,179.47,1
28.803,-0.63,-11.29,5.2109,3.7596,-1.3789,12.7930,0.04,177.62,181.32,1
28.822,-0.03,-11.22,7.2383,4.2448,-0.9570,11.7617,0.04,174.58,180.02,1
28.840,0.54,-11.05,3.4102,4.7875,0.9961,12.7617,0.04,179.24,183.92,1
28.859,1.12,-10.94,5.0195,4.6741,-0.8828,6.4375,0.04,174.37,178.92,1
28.871,1.42,-10.82,2.6445,4.5372,1.3789,12.7891,0.04,177.87,179.79,1
28.891,1.97,-10.86,4.7891,4.3666,-0.9961,10.8359,0.04,179.92,181.79,1
28.905,2.25,-10.74,1.6836,4.2116,1.1094,11.9883,0.04,179.50,182.15,1
28.922,2.79,-10.73,1.8008,3.8327,0.3828,6.8242,0.04,176.27,187.51,1
28.939,3.33,-10.84,2.3750,3.2671,0.2305,10.4922,0.04,180.57,188.36,1
28.962,3.83,-10.86,1.1484,2.5220,0.8047,8.5430,0.04,179.76,191.94,1
28.973,4.09,-11.01,1.1484,2.3110,0.8047,8.5430,0.04,177.68,190.48,1
28.993,4.54,-11.11,1.0742,1.7298,0.2695,10.0352,0.04,179.28,191.50,1
29.011,4.95,-11.15,-2.4883,1.2589,2.6445,5.0195,0.04,183.52,188.36,1
29.032,5.32,-11.20,0.2695,0.5917,1.1484,9.8828,0.04,183.08,189.00,1
29.041,5.48,-11.13,-1.3008,0.4166,1.9141,6.1680,0.04,178.86,187.58,1
29.060,5.80,-11.22,2.1836,0.2083,-0.0391,10.4180,0.04,176.71,186.78,1
29.079,6.04,-11.10,-1.1484,0.1443,0.5352,13.7891,0.04,178.16,186.53,1
29.092,6.16,-11.09,-0.2695,0.0160,-0.2695,10.3047,0.04,178.95,190.69,1
29.109,6.36,-10.82,-0.6523,-0.1660,-2.3750,10.8398,0.04,178.89,190.33,1
29.129,6.51,-10.45,-3.1016,-0.8460,1.0742,4.1328,0.04,177.97,182.82,1
29.143,6.58,-10.41,-0.2695,-0.7184,0.4609,11.1484,0.04,176.83,185.49,1
29.161,6.68,-10.29,0.6133,-0.3957,0.4609,12.5625,0.04,180.64,189.07,1
29.180,6.73,-10.26,-2.0312,-0.2901,0.1523,6.2422,0.04,179.66,188.29,1
29.200,6.71,-10.26,-6.3594,-1.1302,1.6484,-0.5352,0.04,181.19,189.29,1
29.212,6.68,-10.33,-2.2227,-1.9565,2.4883,9.7266,0.04,181.29,188.15,1
29.231,6.55,-10.50,1.5703,-1.7286,-2.1836,13.4492,0.04,180.90,191.98,1
29.249,6.66,-10.90,5.2852,0.2182,-0.3828,18.1211,0.04,180.18,192.64,1
29.262,6.80,-11.23,0.9961,0.6534,-1.2656,7.4687,0.04,182.32,192.57,1
29.279,6.97,-11.89,-2.4531,0.0069,-0.0781,3.5273,0.04,186.60,192.12,1
29.299,6.96,-12.24,-2.3359,-0.6649,0.9961,1.6836,0.04,192.49,194.10,1
29.313,6.91,-12.52,6.8242,0.9926,-0.8047,6.0898,0.04,190.26,202.22,1
29.330,6.77,-13.21,4.4453,2.1200,-1.5703,12.4844,0.04,189.29,196.16,1
29.352,6.60,-13.87,6.8945,2.9884,-5.3633,15.6289,0.04,192.16,202.51,1
29.364,6.47,-13.98,6.8945,3.5884,-5.3633,15.6289,0.04,195.96,203.05,1
29.390,6.05,-14.36,5.4023,4.4359,-0.0781,13.5273,0.04,196.27,198.61,1
29.401,5.93,-14.63,6.6289,4.6825,-5.7852,6.4727,0.04,196.23,207.21,1
29.419,5.69,-14.99,-0.4961,3.7692,-0.9961,5.8633,0.04,193.57,205.17,1
29.432,5.55,-15.09,5.5156,3.5950,-2.6445,9.6914,0.04,192.27,207.00,1
29.450,5.31,-15.38,2.7187,3.6308,-7.5859,8.3945,0.04,198.49,207.86,1
29.469,5.20,-15.73,1.0352,2.9995,-0.5352,11.8359,0.04,196.81,206.06,1
29.483,5.20,-15.73,6.7031,3.5684,-5.4766,8.7734,0.04,196.70,404.53,1
29.500,4.96,-15.75,3.7539,3.9844,-2.1445,13.1445,0.04,194.36,205.85,1
29.522,4.93,-16.18,3.7148,4.0196,-2.8711,14.9805,0.04,203.67,205.09,1
29.541,4.81,-16.14,0.0000,3.6360,-0.1133,2.4844,0.04,199.76,203.54,1
29.552,4.80,-16.04,1.3789,2.9416,-2.8359,10.4180,0.04,205.30,203.29,1
29.571,4.81,-16.19,5.3633,2.8172,-2.4531,14.7852,0.04,204.54,204.62,1
29.590,4.79,-16.24,2.1445,2.9728,-0.6914,3.3281,0.04,205.72,206.06,1
29.602,4.79,-16.07,1.2266,2.7722,2.0703,13.8320,0.04,204.96,206.10,1
29.620,4.81,-15.91,6.0508,3.0748,0.3047,2.2617,0.04,197.36,208.86,1
29.639,4.93,-16.14,2.6445,3.3355,3.0273,18.1211,0.04,211.46,211.77,1
29.653,5.01,-16.16,6.5078,3.5385,-0.1523,2.7578,0.04,212.18,214.82,1
29.670,5.09,-15.84,0.1133,3.1356,-0.8438,12.1836,0.04,209.16,209.47,1
29.693,5.18,-15.63,5.8594,3.4859,-0.1133,13.0234,0.04,208.68,214.82,1
29.704,5.26,-15.67,5.8594,3.8505,-0.1133,13.0234,0.04,215.10,215.70,1
29.721,5.40,-15.48,1.5313,3.4624,-0.2305,2.1055,0.04,215.80,215.94,1
29.740,5.51,-15.16,6.6289,3.7816,2.9883,14.6328,0.04,212.27,218.39,1
29.759,5.56,-14.93,4.0234,4.1889,-1.0742,4.5547,0.04,212.40,215.70,1
29.772,5.75,-14.85,5.5937,4.2779,-0.4219,12.1797,0.04,215.05,216.54,1
29.791,5.95,-14.85,0.7656,4.2648,0.3437,2.0312,0.04,208.42,446.23,1
29.809,6.10,-14.58,1.9141,3.3260,-1.0352,11.0352,0.04,222.62,224.52,1
29.823,6.16,-14.44,1.1094,3.0448,-0.9180,4.4102,0.04,225.12,225.38,1
29.840,6.34,-14.34,-2.1445,1.6648,-1.7617,2.5273,0.04,227.07,225.33,1
29.859,6.57,-14.46,1.2266,1.3305,0.1523,3.7109,0.04,223.76,230.47,1
29.880,6.82,-14.71,1.8398,0.9446,-0.1523,4.6758,0.04,225.68,235.68,1
29.891,6.93,-14.78,1.8398,1.0821,-0.1523,4.6758,0.04,227.53,234.80,1
29.911,7.17,-14.97,4.2891,1.6958,2.0312,13.9062,0.04,229.67,236.29,1
29.931,7.38,-15.11,4.9023,2.4803,-0.3047,10.3437,0.04,224.87,237.14,1
29.942,7.46,-15.10,1.8789,2.7745,-1.7227,12.1836,0.04,222.47,239.75,1
29.960,7.60,-15.23,4.3672,2.7195,1.8398,12.7578,0.04,228.73,238.83,1
29.979,7.74,-15.25,3.7148,3.1369,-0.9180,7.8516,0.04,229.31,239.12,1
29.993,7.82,-15.23,2.0703,3.0941,2.3750,11.6055,0.04,234.03,239.41,1
30.011,7.94,-15.34,4.4453,3.2707,-2.0312,7.8555,0.04,232.29,240.21,1
30.029,8.07,-15.44,3.2930,3.3488,1.7617,14.0586,0.04,238.72,243.72,1
30.044,8.12,-15.49,7.7383,4.3202,-1.6836,11.7578,0.04,236.63,243.01,1
30.061,8.26,-15.61,3.5234,4.3568,1.5703,17.3125,0.04,239.81,241.14,1
30.081,8.37,-15.59,3.4492,4.8549,2.7187,15.3203,0.04,241.49,246.49,1
30.101,8.49,-15.61,4.6719,4.5541,-1.4570,7.6250,0.04,237.42,246.55,1
30.113,8.53,-15.57,2.1836,4.3811,2.9492,13.5234,0.04,231.64,249.56,1
30.131,8.59,-15.49,4.8633,3.9722,0.8438,16.7422,0.04,230.20,239.29,1
30.150,8.64,-15.27,2.2617,3.7003,-1.3789,18.6211,0.04,233.32,244.02,1
30.163,8.65,-15.00,-0.6133,3.2493,-1.4922,7.0859,0.04,234.69,239.98,1
30.180,8.67,-14.65,-0.8438,1.8815,-0.8438,6.3203,0.04,236.24,239.23,1
30.199,8.70,-14.38,3.1016,1.8255,-0.9961,13.2891,0.04,238.72,243.84,1
30.223,8.72,-14.16,-5.5547,-1.5967,2.6797,-1.6094,0.04,236.63,243.25,1
30.231,8.75,-14.25,-5.5547,-2.2046,2.6797,-1.6094,0.04,234.91,249.69,1
30.253,8.72,-14.18,1.8008,-1.7522,1.6836,11.1484,0.04,230.31,245.40,1
30.271,8.65,-14.09,3.9453,-0.5730,1.9531,17.2773,0.04,234.03,243.01,1
30.284,8.58,-14.02,-0.3047,0.0870,-2.5664,6.5508,0.04,233.43,244.56,1
30.301,8.46,-13.98,-6.6680,-0.5332,3.7148,1.6484,0.04,231.43,242.90,1
30.320,8.40,-14.02,-4.6719,-1.9664,-0.6914,3.9844,0.04,232.13,248.26,1
30.333,8.21,-14.06,0.5352,-1.9654,0.3828,12.1016,0.04,236.02,250.63,1
30.350,8.02,-14.24,0.5352,-1.2562,0.3828,12.1016,0.04,233.59,251.13,1
30.370,7.72,-14.23,-1.5703,-1.1115,-2.5664,5.1328,0.04,239.06,243.66,1
30.384,7.56,-14.26,-5.3633,-1.4854,0.9570,-5.2109,0.04,248.76,252.02,1
30.401,7.24,-14.74,0.1133,-1.5954,-0.3828,4.0664,0.04,245.58,259.07,1
30.420,6.90,-15.19,5.2852,0.0338,-1.1094,12.7617,0.04,243.43,257.73,1
30.440,6.48,-15.33,7.3555,2.9600,-5.4414,15.8633,0.04,244.38,256.67,1
30.459,6.13,-15.67,1.4570,3.1531,0.5352,8.4219,0.04,247.89,258.33,1
30.470,5.98,-15.86,7.8906,3.4073,-2.4531,10.7266,0.04,248.94,257.33,1
30.491,5.57,-15.88,0.7656,4.1088,-4.8633,4.2539,0.04,243.25,261.99,1
30.503,5.39,-16.00,2.2617,3.4886,-0.0391,12.4102,0.04,250.44,255.95,1
30.521,5.14,-16.33,4.3281,3.3060,-8.8477,6.2070,0.04,249.88,260.76,1
30.539,4.83,-16.31,3.6758,3.5101,1.6484,16.2070,0.04,249.75,257.33,1
30.559,4.59,-16.27,5.1328,3.8795,-2.4141,12.1055,0.04,253.49,262.88,1
30.571,4.52,-16.36,5.7852,4.3013,-1.8398,11.3750,0.04,245.64,257.20,1
30.590,4.37,-16.41,-0.8047,3.2637,2.3750,5.0586,0.04,255.75,264.06,1
30.610,4.26,-16.23,0.5742,2.2281,-1.0352,7.8516,0.04,252.08,254.84,1
30.622,4.25,-16.26,0.5742,1.9741,-1.0352,7.8516,0.04,255.23,261.85,1
30.642,4.16,-16.14,5.0195,3.2207,-0.4219,14.0195,0.04,251.32,256.48,1
30.660,4.12,-15.78,1.4922,3.4487,1.3008,3.1797,0.04,252.02,259.40,1
30.673,4.14,-15.73,0.3828,2.9269,-4.5586,5.1328,0.04,256.67,258.80,1
30.691,4.15,-15.51,-2.0312,2.0123,2.7617,2.4883,0.04,249.88,256.28,1
30.709,4.25,-15.36,5.2852,2.2530,-1.9531,18.5391,0.04,255.36,256.15,1
30.724,4.27,-15.20,5.1719,2.7097,0.4609,9.8828,0.04,251.83,264.34,1
30.741,4.33,-14.89,0.0781,2.4218,4.1328,-0.1523,0.04,255.17,265.25,1
30.760,4.44,-14.78,-5.0195,0.6289,0.3828,0.9570,0.04,256.61,258.80,1
30.783,4.55,-14.98,0.0391,-0.8921,-1.2266,11.6445,0.04,261.64,265.60,1
30.792,4.56,-14.91,0.0391,-0.7490,-1.2266,11.6445,0.04,255.89,269.98,1
30.813,4.59,-14.79,3.0664,0.3782,-0.9180,9.7656,0.04,258.87,268.38,1
30.831,4.66,-14.98,0.5352,0.9381,-1.0352,7.0898,0.04,262.19,265.32,1
30.843,4.68,-15.04,2.1836,0.9808,3.3711,9.5820,0.04,259.67,266.52,1
30.860,4.75,-15.08,4.0234,1.4691,-1.4922,11.6055,0.04,252.27,269.83,1
30.879,4.79,-15.11,3.2187,2.0699,0.3437,14.2891,0.04,510.73,272.18,1
30.894,4.86,-15.20,4.3281,2.3351,-1.8789,16.5859,0.04,254.71,269.32,1
30.912,4.89,-14.95,3.0273,2.7267,0.3437,15.2852,0.04,256.02,267.59,1
30.929,4.93,-14.74,5.4414,3.3635,0.1523,21.4570,0.04,254.00,274.95,1
30.952,4.92,-14.17,-15.9375,0.3334,2.6055,-14.2500,0.04,262.47,263.71,1
30.962,4.95,-14.17,-15.9375,-2.1658,2.6055,-14.2500,0.04,262.33,274.35,1
30.979,4.97,-14.21,-1.4922,-2.8746,-0.6523,7.8945,0.04,253.74,267.81,1
31.001,4.94,-14.47,6.6641,-0.8916,3.4492,36.6172,0.04,242.60,267.24,1
31.020,4.91,-14.38,-7.9297,-0.9904,-3.3320,3.7148,0.04,251.13,265.60,1
31.030,4.78,-13.78,-18.3477,-2.8897,1.6094,-21.8398,0.04,258.46,260.08,1
31.050,4.73,-13.99,4.2539,-3.1576,4.2148,14.5977,0.04,253.55,261.92,1
31.069,4.57,-14.16,7.6602,0.1230,-1.1484,24.0586,0.04,253.16,271.67,1
31.081,4.48,-14.14,6.9336,1.2226,1.7227,21.8398,0.04,253.23,271.30,1
31.100,4.26,-14.00,4.4805,2.6266,-1.8789,16.7461,0.04,251.95,265.67,1
31.122,3.98,-13.52,-13.1016,0.4563,-1.7227,-14.7812,0.04,248.39,262.40,1
31.132,3.87,-13.43,-13.1016,-1.6262,-1.7227,-14.7812,0.04,251.07,262.74,1
31.150,3.68,-13.65,0.4609,-1.8792,-0.1133,11.3750,0.04,250.56,261.44,1
31.170,3.41,-13.74,-0.4219,-0.4824,-1.3398,17.0898,0.04,253.74,270.71,1
31.183,3.26,-13.73,-0.4219,-0.4731,-1.3398,17.0898,0.04,254.00,264.55,1
31.203,2.95,-13.60,-1.6094,-2.1294,-0.8438,6.2031,0.04,252.65,266.24,1
31.220,2.67,-13.67,-3.7109,-2.1500,-2.6055,0.5352,0.04,253.36,271.08,1
31.239,2.40,-13.90,1.2656,-1.5808,-1.0742,9.7656,0.04,249.81,260.76,1
31.251,2.26,-13.97,10.2266,-0.4267,-0.4609,27.6953,0.04,247.83,264.34,1
31.270,1.97,-13.80,2.8711,1.5773,-0.7656,16.6250,0.04,241.78,256.02,1
31.290,1.68,-13.67,-6.8906,-0.2161,-0.3047,1.1484,0.04,251.19,256.87,1
31.302,1.55,-13.64,-2.9492,-0.8210,-1.3789,11.8008,0.04,248.51,263.37,1
31.331,1.15,-13.37,-2.6445,-1.4899,2.2227,2.7187,0.04,251.07,261.78,1
31.342,1.02,-13.47,-1.8789,-1.6842,-2.0312,6.1641,0.04,249.25,264.06,1
31.353,0.87,-13.41,-1.8789,-1.7141,-2.0312,6.1641,0.04,250.69,260.48,1
31.373,0.56,-13.50,-5.3633,-3.1339,-0.0391,6.8555,0.04,246.91,260.69,1
31.391,0.26,-13.71,7.6992,-2.7212,-1.3398,24.0586,0.04,243.31,264.69,1
31.410,-0.06,-13.60,9.7695,1.2895,-1.8008,25.8203,0.04,240.10,257.07,1
31.422,-0.24,-13.38,1.6836,1.9452,-1.3008,11.4531,0.04,246.61,259.00,1
31.439,-0.57,-13.06,-10.2695,-0.7894,-0.8828,-7.4687,0.04,245.82,253.10,1
31.459,-0.86,-13.16,-5.2500,-2.3671,-1.3789,9.3867,0.04,239.58,258.06,1
31.472,-1.01,-13.11,-1.3398,-2.1398,-0.6914,13.3672,0.04,241.84,256.61,1
31.489,-1.31,-12.86,2.2617,-1.0700,-0.7656,13.1406,0.04,246.37,263.64,1
31.512,-1.59,-12.78,-9.1953,-1.8258,-1.3008,-4.9414,0.04,241.96,256.08,1
31.523,-1.73,-12.89,-9.1953,-2.9578,-1.3008,-4.9414,0.04,245.46,258.60,1
31.543,-1.95,-13.24,2.4141,-3.4142,-2.1445,16.5508,0.04,240.27,262.26,1
31.561,-2.17,-13.44,9.4219,-1.2007,-0.4961,24.9375,0.04,238.78,253.74,1
31.574,-2.27,-13.46,6.3203,0.9021,-1.3398,20.5313,0.04,237.08,259.00,1
31.591,-2.46,-13.17,-3.4102,1.6603,-0.9961,4.6367,0.04,237.59,249.56,1
31.613,-2.62,-13.01,-7.8164,-1.0435,-1.7617,-0.4609,0.04,235.40,252.33,1
31.630,-2.74,-12.92,-0.7266,-1.7834,-1.4570,10.2305,0.04,242.48,251.64,1
31.642,-2.81,-12.86,0.7266,-1.2279,0.5742,10.8398,0.04,241.14,254.39,1
31.659,-2.91,-12.85,-2.4883,-1.2731,-2.7187,4.6328,0.04,237.70,248.82,1
31.683,-3.02,-12.89,-6.0156,-2.9598,-1.0352,-0.4219,0.04,242.72,255.23,1
31.693,-3.06,-12.90,-6.0156,-3.4291,-1.0352,-0.4219,0.04,238.04,254.84,1
31.713,-3.15,-13.02,0.1523,-2.4368,-1.8008,7.0078,0.04,240.50,259.47,1
31.731,-3.23,-13.27,-3.0273,-1.9569,0.4961,9.0000,0.04,240.67,245.94,1
31.750,-3.31,-13.50,-13.2539,-4.5851,-1.1875,-6.9727,0.04,238.21,249.88,1
31.763,-3.33,-13.82,-15.2070,-6.6598,-1.3398,-6.7422,0.04,237.47,239.87,1
31.781,-3.30,-15.00,14.8242,-6.6814,-1.0742,41.2188,0.04,239.87,249.25,1
31.799,-3.33,-15.43,18.0039,1.3540,0.3437,34.8242,0.04,237.76,241.43,1
31.812,-3.33,-15.47,15.3242,3.6970,-4.2891,29.3438,0.04,233.26,245.82,1
31.829,-3.33,-14.57,3.9453,5.1427,0.1133,7.8945,0.04,232.18,238.38,1
31.850,-3.23,-13.75,12.3359,6.6600,-0.1914,17.9609,0.04,227.12,246.49,1
31.863,-3.23,-13.10,4.2539,6.1275,-1.9141,8.5039,0.04,220.90,249.75,1
31.880,-3.03,-12.01,-11.4531,2.1200,-9.5391,-8.6172,0.04,215.24,209.82,1
31.900,-2.69,-11.44,8.5430,-0.0606,-2.1055,34.8594,0.04,229.10,229.41,1
31.921,-2.52,-9.53,-10.1133,-1.2563,6.0898,-15.4375,0.04,224.32,238.55,1
31.932,-2.41,-9.04,-15.4023,-3.6396,3.1016,-14.6719,0.04,214.00,245.88,1
31.951,-2.07,-9.42,-34.0938,-8.4709,-2.1055,-39.4570,0.04,210.26,257.73,1
31.970,-1.76,-10.70,-1.4180,-9.9747,3.0234,-1.7617,0.04,214.92,260.08,1
31.982,-1.70,-11.52,6.4375,-8.0319,2.4141,16.3906,0.04,249.25,280.19,1
32.000,-1.52,-12.90,12.2578,-1.8109,2.8359,16.7070,0.04,225.58,247.65,1
32.021,-1.26,-13.74,9.5391,1.5774,8.3906,37.1602,0.04,228.83,247.65,1
32.033,-1.20,-13.66,3.4844,1.9994,-5.0195,20.4531,0.04,234.14,236.52,1
32.050,-0.99,-13.52,1.9531,2.0817,3.0273,12.4453,0.04,227.12,230.89,1
32.073,-0.75,-13.53,5.9766,3.4703,1.4570,22.0273,0.04,226.60,243.55,1
32.084,-0.72,-13.11,5.9766,3.8553,1.4570,22.0273,0.04,231.37,236.41,1
32.103,-0.63,-12.57,-2.6445,0.6676,-4.7930,0.3437,0.04,227.63,239.69,1
32.121,-0.50,-12.63,-13.7891,-1.1633,0.9961,-10.4180,0.04,228.83,240.73,1
32.139,-0.39,-13.14,-1.1484,-2.6701,0.3047,16.0508,0.04,228.41,246.12,1
32.152,-0.38,-13.23,2.1445,-2.1729,-1.9922,16.0859,0.04,228.36,239.81,1
32.170,-0.38,-13.34,-0.6914,-1.3287,1.9141,13.5625,0.04,228.99,242.37,1
32.190,-0.39,-13.56,-5.6641,-2.2484,-2.4883,5.0195,0.04,228.57,242.95,1
32.203,-0.40,-13.63,-8.2734,-3.5818,-0.2305,-0.8828,0.04,226.24,237.30,1
32.220,-0.38,-13.93,9.1172,-1.3325,-0.0781,27.4648,0.04,224.92,239.75,1
32.243,-0.46,-14.02,-4.8281,-0.4064,0.6914,6.7812,0.04,225.38,235.02,1
32.254,-0.48,-14.08,-4.8281,-1.0855,0.6914,6.7812,0.04,222.52,235.79,1
32.273,-0.53,-14.06,4.1367,-0.3574,-0.9570,18.3164,0.04,220.99,238.61,1
32.292,-0.60,-13.92,0.7656,0.6475,-0.8828,14.5586,0.04,226.50,231.96,1
32.311,-0.66,-13.83,-7.8555,-1.2202,-3.1797,0.5352,0.04,224.72,234.58,1
32.322,-0.68,-13.74,-1.6484,-1.7428,0.8047,7.8164,0.04,225.23,235.85,1
32.341,-0.73,-13.58,6.7812,0.1550,-0.3437,16.4727,0.04,220.99,236.85,1
32.360,-0.81,-13.48,-3.6016,0.1161,-1.1484,7.2734,0.04,219.30,233.54,1
32.373,-0.83,-13.44,-5.7812,-0.6293,0.6133,1.5313,0.04,224.72,227.95,1
32.390,-0.91,-13.40,-1.4180,-1.4200,-1.3398,7.2070,0.04,221.73,233.81,1
32.413,-1.01,-13.23,-1.8008,0.1256,-0.3047,6.0195,0.04,217.25,230.04,1
32.424,-1.06,-13.11,-1.8008,-0.1703,-0.3047,6.0195,0.04,217.63,226.30,1
32.441,-1.21,-12.78,-4.4805,-1.2257,-0.1523,2.4531,0.04,220.56,227.07,1
32.461,-1.34,-12.66,-1.9141,-1.9802,0.1133,7.1641,0.04,216.87,229.62,1
32.482,-1.47,-12.65,-2.9102,-2.1781,-0.1133,7.8125,0.04,214.96,237.81,1
32.493,-1.56,-12.60,-0.7266,-2.1654,0.8047,9.6875,0.04,219.44,231.11,1
32.511,-1.75,-12.42,5.4766,-1.2611,-0.8047,16.8555,0.04,219.01,230.95,1
32.529,-1.93,-12.15,-2.8359,-0.8038,-2.9102,4.2109,0.04,215.94,226.09,1
32.543,-2.00,-12.09,-6.0156,-1.3703,-0.8047,2.6797,0.04,214.13,232.61,1
32.560,-2.17,-11.89,3.2187,-0.9103,-0.5352,15.6680,0.04,216.54,229.57,1
32.580,-2.35,-11.65,-0.9180,-0.6548,-1.0352,7.7344,0.04,214.87,227.79,1
32.594,-2.43,-11.52,-0.8828,-0.7052,-1.2656,10.9961,0.04,215.75,228.52,1
32.611,-2.60,-11.16,-1.6484,-0.9250,-1.3789,6.0156,0.04,214.09,223.61,1
32.631,-2.71,-11.08,-7.0078,-1.6697,-0.5352,2.4883,0.04,214.96,225.68,1
32.651,-2.84,-11.00,-2.9102,-2.8558,-1.3008,4.3672,0.04,213.36,230.04,1
32.662,-2.91,-11.00,1.6836,-2.5003,-0.1914,14.8594,0.04,425.89,228.15,1
32.681,-3.02,-10.98,-2.7969,-1.6722,-1.1875,7.6992,0.04,213.49,231.27,1
32.699,-3.12,-10.97,-3.9062,-2.3011,-0.0391,5.5586,0.04,212.54,225.28,1
32.713,-3.16,-11.00,6.8203,-1.6896,-0.6523,19.6484,0.04,213.08,226.71,1
32.731,-3.29,-10.87,-4.8594,-1.3732,-0.2305,3.0664,0.04,212.59,220.70,1
32.751,-3.37,-11.05,-5.5156,-2.5072,-1.6484,-0.9180,0.04,215.84,222.62,1
32.764,-3.37,-11.05,1.8398,-1.8395,-0.4961,20.8008,0.04,214.50,228.05,1
32.781,-3.52,-10.95,0.7656,-1.0337,-0.0781,8.7734,0.04,213.95,224.27,1
32.802,-3.57,-11.12,-0.4219,-1.5294,-2.7578,12.3750,0.04,210.13,222.27,1
32.821,-3.62,-11.08,-0.8047,-1.2459,0.5352,12.2617,0.04,211.01,225.48,1
32.833,-3.66,-11.06,-0.1914,-1.0992,-1.4570,8.3906,0.04,210.70,227.27,1
32.851,-3.72,-11.08,-6.5078,-1.3470,-0.0391,2.7578,0.04,208.55,226.50,1
32.869,-3.76,-11.24,1.4570,-1.3437,-1.7227,11.0312,0.04,209.38,219.93,1
32.883,-3.78,-11.31,3.5625,-0.7451,-0.4961,22.6797,0.04,209.03,223.86,1
32.902,-3.80,-11.17,-6.5469,-1.5139,-0.0391,1.5703,0.04,211.77,221.53,1
32.919,-3.81,-11.29,-0.3437,-1.5684,1.0352,12.5273,0.04,210.35,225.07,1
32.934,-3.83,-11.29,3.4844,-1.0741,-1.4570,17.1250,0.04,213.58,216.59,1
32.952,-3.88,-11.17,-3.1016,-0.9776,0.1133,6.3984,0.04,209.95,221.63,1
32.973,-3.94,-11.06,0.0391,-1.4194,0.0391,8.8867,0.04,211.15,220.41,1
32.992,-3.98,-11.09,-0.7266,-1.0670,0.5352,12.1445,0.04,206.95,221.78,1
33.004,-4.02,-11.12,-0.5742,-0.9795,-1.0352,8.9258,0.04,207.56,218.29,1
33.021,-4.09,-10.97,-0.3437,-0.8461,-0.3437,11.8750,0.04,205.34,214.13,1
33.042,-4.15,-10.92,-2.1836,-1.0820,-0.7656,8.8125,0.04,210.04,215.84,1
33.053,-4.18,-10.93,-3.2930,-1.3400,-0.2695,10.5703,0.04,205.34,220.07,1
33.071,-4.27,-10.85,-3.2930,-1.8939,-0.2695,10.5703,0.04,204.12,217.44,1
33.090,-4.41,-10.67,-0.3828,-1.7268,-0.3437,8.8867,0.04,205.68,222.12,1
33.104,-4.49,-10.52,-5.2852,-1.9125,-0.0391,1.8789,0.04,205.00,217.49,1
33.122,-4.62,-10.40,0.0781,-1.8754,-1.6484,7.1250,0.04,204.29,220.36,1
33.139,-4.75,-10.29,-1.8008,-1.7372,-1.0742,8.3125,0.04,205.55,219.83,1
33.161,-4.86,-10.43,0.8047,-2.3892,0.1133,15.9023,0.04,206.19,213.49,1
33.179,-4.96,-10.43,2.7187,-0.8768,-2.2617,17.4297,0.04,201.05,214.00,1
33.191,-5.02,-10.38,-2.6055,-0.7504,-0.8438,8.8125,0.04,205.51,211.95,1
33.211,-5.11,-10.28,-0.1133,-0.8313,-0.8047,11.4570,0.04,206.65,214.55,1
33.223,-5.15,-10.24,-2.7578,-0.8840,-1.9141,3.6758,0.04,205.76,217.30,1
33.241,-5.22,-10.23,-1.6094,-1.3235,-0.0391,8.3164,0.04,206.57,448.43,1
33.260,-5.29,-10.17,-0.4609,-1.1668,-1.4922,5.6367,0.04,204.92,219.15,1
33.274,-5.29,-10.23,0.0000,-1.0215,-1.2656,11.3398,0.04,404.04,214.04,1
33.291,-5.28,-10.34,1.1484,-0.4191,-1.0742,15.0547,0.04,198.85,215.29,1
33.310,-5.27,-10.21,3.4844,0.5424,0.0000,17.4336,0.04,201.69,210.08,1
33.325,-5.25,-10.10,1.4570,0.7448,-0.2305,16.6680,0.04,203.00,208.16,1
33.342,-5.23,-9.81,-2.3750,0.0988,-0.2305,6.0469,0.04,199.60,206.83,1
33.362,-5.20,-9.59,-2.0312,-0.7012,1.2656,11.3008,0.04,201.29,211.51,1
33.381,-5.18,-9.37,-5.9805,-1.3943,0.3437,0.2305,0.04,200.20,213.77,1
33.393,-5.19,-9.32,-2.8359,-2.1577,1.0742,5.7461,0.04,201.37,215.38,1
33.411,-5.18,-9.33,-1.1094,-2.2120,-0.1914,11.5742,0.04,201.73,212.90,1
33.430,-5.16,-9.39,0.2305,-1.5395,-1.3789,10.1523,0.04,201.65,211.60,1
33.444,-5.15,-9.39,-0.6914,-1.3414,-0.7656,11.9141,0.04,200.36,212.31,1
33.461,-5.14,-9.36,-1.3789,-1.2720,-1.1484,8.5781,0.04,200.88,206.95,1
33.480,-5.11,-9.30,2.3750,-0.4715,-0.9180,13.6758,0.04,199.00,209.42,1
33.502,-5.08,-9.15,-0.5742,-0.0317,-0.1914,7.7344,0.04,199.88,204.42,1
33.512,-5.05,-9.12,-0.5742,-0.1150,-0.1914,7.7344,0.04,195.77,205.42,1
33.533,-5.02,-8.83,-0.0781,0.3217,-0.4219,7.4336,0.04,196.81,206.27,1
33.552,-4.98,-8.51,-3.2187,-0.0430,-0.0391,5.8984,0.04,197.04,201.86,1
33.563,-4.97,-8.43,0.7656,-0.4270,-0.6914,11.5742,0.04,191.72,201.98,1
33.581,-4.95,-8.12,-0.6133,-0.1991,0.4219,11.3789,0.04,192.72,204.00,1
33.601,-4.95,-7.77,-3.9492,-1.0786,0.6523,3.8672,0.04,195.77,199.20,1
33.614,-4.93,-7.67,-0.8047,-1.2680,-0.2305,11.5312,0.04,191.68,201.33,1
33.631,-4.94,-7.53,-7.9727,-2.2376,-1.7617,-1.3398,0.04,190.84,206.70,1
33.649,-4.95,-7.31,-1.4922,-2.7586,-0.2695,7.6602,0.04,191.42,206.61,1
33.673,-4.97,-7.30,-7.8945,-3.2136,-2.1836,-2.2227,0.04,193.09,206.14,1
33.682,-4.97,-7.42,-7.8945,-3.9326,-2.1836,-2.2227,0.04,196.23,410.00,1
33.699,-4.96,-7.63,-0.3047,-3.3765,-0.7266,12.9062,0.04,193.65,210.13,1
33.721,-4.93,-7.66,-1.9141,-1.6885,-1.5703,7.0078,0.04,193.27,207.13,1
33.734,-4.91,-7.62,-0.8047,-1.6497,-2.2227,10.5703,0.04,195.31,208.55,1
33.752,-4.85,-7.56,2.2617,-1.1647,-1.8008,16.3555,0.04,192.20,207.00,1
33.773,-4.73,-7.40,2.2969,0.0112,-1.1484,14.6328,0.04,194.59,208.20,1
33.784,-4.67,-7.27,-0.0781,0.1723,-0.7656,9.4258,0.04,191.94,204.62,1
33.802,-4.54,-7.04,-0.9961,0.0278,-0.1523,9.8477,0.04,193.16,200.44,1
33.820,-4.37,-6.83,-0.4961,-0.2106,-0.3828,12.6445,0.04,190.62,204.42,1
33.835,-4.28,-6.73,-0.7266,-0.2729,1.0742,11.8789,0.04,193.05,199.28,1
33.852,-4.11,-6.52,-0.1133,-0.2918,-1.3398,12.7578,0.04,186.53,205.42,1
33.870,-3.92,-6.18,-0.1523,-0.2498,0.6133,10.6094,0.04,187.83,196.08,1
33.892,-3.73,-5.99,-4.1367,-0.9053,0.8438,7.5078,0.04,189.47,199.00,1
33.903,-3.65,-5.86,-4.1367,-1.4017,0.8438,7.5078,0.04,189.43,199.00,1
33.921,-3.49,-5.72,-1.0352,-1.9861,0.8828,11.6836,0.04,188.08,196.66,1
33.941,-3.37,-5.68,0.8047,-1.5692,1.2266,13.6758,0.04,187.79,201.09,1
33.954,-3.33,-5.57,0.0000,-1.1082,1.1094,7.4336,0.04,190.04,200.52,1
33.972,-3.27,-5.38,-0.4609,-0.8308,-1.1875,9.8047,0.04,189.32,197.04,1
33.990,-3.21,-5.19,-1.5313,-0.9416,0.3828,7.8125,0.04,188.64,195.54,1
34.011,-3.19,-5.01,-2.0312,-1.2195,0.7266,7.6250,0.04,188.82,200.68,1
34.022,-3.22,-4.93,-4.1719,-1.8729,0.2695,3.2930,0.04,184.64,197.51,1
34.040,-3.24,-4.97,0.8047,-1.4235,1.9922,11.8008,0.04,182.88,196.46,1
34.063,-3.30,-4.82,0.7656,-0.3817,-0.5742,12.0625,0.04,181.88,199.36,1
34.073,-3.37,-4.68,0.7656,-0.2054,-0.5742,12.0625,0.04,186.08,191.28,1
34.092,-3.45,-4.50,-4.2500,-0.6423,-1.3008,3.4102,0.04,183.72,195.92,1
34.112,-3.56,-4.19,-4.5586,-1.6901,0.3047,-1.4922,0.04,186.22,196.85,1
34.124,-3.62,-4.22,-2.7969,-2.1840,-0.1914,5.1367,0.04,187.44,196.00,1
34.141,-3.75,-4.41,-1.8789,-2.2844,-1.7227,8.6602,0.04,186.25,195.81,1
34.159,-3.90,-4.49,-0.8047,-1.9084,0.1133,11.7969,0.04,187.51,196.97,1
34.179,-4.07,-4.59,-0.3437,-1.4934,-1.8398,11.3008,0.04,182.45,198.37,1
34.192,-4.15,-4.61,3.0664,-0.4842,-1.7227,16.5078,0.04,184.26,194.67,1
34.211,-4.31,-4.58,-0.8047,-0.3340,-0.8438,10.0000,0.04,180.64,194.82,1
34.234,-4.48,-4.52,-0.9961,-0.6108,-1.1484,11.8398,0.04,179.95,195.24,1
34.243,-4.56,-4.47,-0.9961,-0.6700,-1.1484,11.8398,0.04,183.72,189.90,1
34.264,-4.73,-4.43,-2.5273,-1.5129,-0.8438,8.9258,0.04,180.08,191.42,1
34.282,-4.91,-4.54,-0.2695,-1.6200,-0.8438,12.9883,0.04,181.85,192.05,1
34.294,-5.00,-4.56,0.5742,-1.2536,-2.2227,11.8398,0.04,181.62,194.82,1
34.311,-5.19,-4.53,-1.2266,-0.8793,-0.9180,11.2578,0.04,179.60,189.83,1
34.330,-5.36,-4.55,-2.0312,-1.1758,-1.3008,8.3516,0.04,180.21,187.20,1
34.345,-5.43,-4.61,0.6523,-1.0925,-1.1094,14.1328,0.04,183.08,193.84,1
34.362,-5.60,-4.65,-2.6445,-1.2273,-2.2969,7.6250,0.04,183.42,195.24,1
34.380,-5.73,-4.34,-0.3437,-1.2013,-2.1055,8.5430,0.04,182.18,193.72,1
34.403,-5.85,-4.09,0.9570,-0.5161,-1.0742,10.8398,0.04,177.59,194.33,1
34.413,-5.89,-3.90,0.9570,-0.2899,-1.0742,10.8398,0.04,180.41,186.15,1
34.430,-5.98,-3.59,2.6445,0.4372,-1.4570,14.9023,0.04,175.72,186.32,1
34.451,-6.08,-3.11,-3.2187,0.0704,-1.4570,4.8594,0.04,176.80,185.84,1
34.470,-6.11,-2.79,-0.6914,-0.4916,-0.8828,9.5781,0.04,173.58,183.02,1
34.481,-6.14,-2.64,1.7227,-0.3292,0.4961,14.8984,0.04,173.94,183.96,1
34.502,-6.18,-2.20,0.5742,0.1162,0.0391,11.0703,0.04,172.89,185.67,1
34.519,-6.22,-1.70,-4.0234,-0.7452,-1.7617,4.1328,0.04,176.21,184.37,1
34.532,-6.23,-1.49,-0.2305,-0.9453,-2.2617,9.6133,0.04,175.81,181.75,1
34.550,-6.21,-1.06,-6.0195,-1.9828,-1.1094,0.3047,0.04,176.52,182.35,1
34.573,-6.16,-0.81,-0.9180,-2.3567,-0.8828,8.3516,0.04,172.89,183.42,1
34.583,-6.13,-0.75,-0.9180,-2.1357,-0.8828,8.3516,0.04,175.87,180.70,1
34.600,-6.09,-0.51,0.3828,-1.5025,0.2695,9.8047,0.04,174.64,180.38,1
34.622,-6.00,-0.38,-3.0273,-2.1324,-3.0273,7.9727,0.04,174.67,176.93,1
34.634,-5.94,-0.37,-3.0273,-2.2699,-3.0273,7.9727,0.04,172.09,185.63,1
34.652,-5.81,-0.14,-1.3789,-1.0625,0.4219,5.9805,0.04,169.98,186.25,1
34.671,-5.68,0.10,-2.0312,-1.2044,0.4219,3.0234,0.04,172.06,183.89,1
34.690,-5.53,0.16,-3.5234,-1.8165,-1.7227,2.7969,0.04,172.18,180.05,1
34.702,-5.43,0.10,-1.8398,-1.9440,-1.3789,8.0078,0.04,174.16,176.40,1
34.721,-5.22,0.04,3.3320,-0.7639,-0.7656,18.2773,0.04,169.26,182.88,1
34.741,-5.02,0.24,-0.4961,-0.4495,0.0000,9.5820,0.04,173.40,184.81,1
34.753,-4.92,0.34,0.6523,-0.2056,-0.7266,7.8164,0.04,169.92,178.32,1
34.770,-4.68,0.44,-3.1797,-0.8104,-1.1094,4.8594,0.04,169.20,180.34,1
34.792,-4.40,0.55,1.1094,0.1867,-0.3047,14.5156,0.04,167.34,176.52,1
34.804,-4.25,0.61,1.1094,0.3284,-0.3047,14.5156,0.04,173.46,178.57,1
34.823,-3.96,0.88,-5.7070,-0.4804,-1.3789,-1.3398,0.04,174.55,177.75,1
34.842,-3.63,0.94,-2.9492,-1.7421,-0.9961,6.7461,0.04,169.06,182.12,1
34.860,-3.30,0.91,2.1445,-1.0263,-0.1914,15.7422,0.04,170.53,182.35,1
34.872,-3.13,0.94,-2.5664,-0.9161,0.5352,8.3516,0.04,167.56,179.89,1
34.891,-2.76,0.90,0.7266,-0.7500,-0.6523,12.3750,0.04,170.30,179.02,1
34.910,-2.40,0.92,-4.7930,-1.5527,0.1133,3.9453,0.04,168.52,177.87,1
34.923,-2.40,0.92,-0.4609,-1.3850,-0.0781,9.6484,0.04,169.43,182.28,1
34.943,-1.84,0.78,-2.2617,-1.4685,-0.5352,7.7344,0.04,166.69,177.43,1
34.962,-1.46,0.71,2.6797,-0.7662,-0.4219,13.4492,0.04,170.13,180.93,1
34.974,-1.26,0.72,2.6797,-0.2369,-0.4219,13.4492,0.04,166.94,176.90,1
34.994,-0.85,0.76,1.5313,-0.0439,0.3437,11.7227,0.04,167.14,175.35,1
35.011,-0.42,1.12,-1.4180,0.1669,0.6133,7.8906,0.04,170.39,176.12,1
35.025,-0.21,1.28,-0.7266,-0.1286,0.6523,7.6289,0.04,167.76,179.18,1
35.042,0.22,1.54,0.7656,-0.1788,0.0781,11.3789,0.04,167.93,181.06,1
35.061,0.43,1.65,1.3789,0.1833,-0.4219,12.4844,0.04,168.72,175.19,1
35.081,1.01,2.16,-0.8047,0.1076,-0.2695,8.8437,0.04,169.69,173.76,1
35.093,1.21,2.30,-1.6094,-0.0969,0.0000,7.5859,0.04,166.89,177.40,1
35.111,1.59,2.52,-0.4219,-0.3497,0.9570,10.3828,0.04,165.70,177.53,1
35.133,1.94,2.74,-0.5352,-0.8980,0.4961,8.2773,0.04,168.66,177.18,1
35.144,2.10,2.84,-0.5352,-0.8422,0.4961,8.2773,0.04,169.41,176.21,1
35.161,2.41,2.91,-4.8281,-1.7052,0.7656,2.4883,0.04,166.86,174.43,1
35.182,2.70,2.89,-0.1133,-0.8027,0.1914,11.8398,0.04,165.95,175.75,1
35.201,2.83,2.89,-0.9570,-0.7368,1.0742,7.2773,0.04,169.84,178.79,1
35.212,3.06,2.91,-0.8047,-0.7584,0.7266,7.6602,0.04,169.81,178.41,1
35.231,3.24,2.95,0.5352,-0.6644,-0.7266,9.4648,0.04,166.81,178.99,1
35.251,3.42,2.95,0.6523,-0.2295,0.7266,11.0742,0.04,167.53,175.13,1
35.263,3.49,2.95,-0.7266,-0.2044,0.1914,8.3906,0.04,165.65,179.63,1
35.280,3.60,2.99,0.4961,-0.1118,-0.1133,12.7578,0.04,165.15,179.92,1
35.300,3.67,3.14,0.1133,-0.0241,0.2695,11.4531,0.04,164.37,177.12,1
35.314,3.68,3.24,0.4219,0.0746,0.2305,12.4102,0.04,167.22,171.94,1
35.331,3.68,3.36,-3.6406,-0.7260,0.3047,5.7812,0.04,165.98,173.94,1
35.352,3.64,3.56,-2.9492,-0.4983,0.2305,7.2383,0.04,162.87,172.41,1
35.365,3.62,3.63,-2.9492,-0.8748,0.2305,7.2383,0.04,164.96,175.41,1
35.384,3.49,3.79,-3.4102,-1.2992,-1.3789,4.5156,0.04,165.21,176.27,1
35.402,3.35,3.84,-1.6836,-1.7597,1.1875,9.2266,0.04,163.24,173.61,1
35.420,3.15,3.86,1.5313,-1.0223,0.0781,12.5664,0.04,161.55,172.80,1
35.433,3.04,3.92,-2.4141,-0.9457,-0.1523,6.2422,0.04,162.79,174.28,1
35.450,2.79,3.91,-1.4570,-1.2345,0.4961,7.6992,0.04,166.20,173.37,1
35.470,2.51,3.90,-1.1875,-1.2379,-0.8047,9.8086,0.04,162.47,174.83,1
35.484,2.51,3.90,0.4961,-0.9716,-0.4609,12.1445,0.04,164.26,171.14,1
35.501,2.04,3.94,0.8047,-0.4871,-1.9531,11.3008,0.04,163.00,170.68,1
35.523,1.74,4.05,-2.7578,-0.4176,-0.4609,5.7031,0.04,161.21,172.65,1
35.535,1.58,4.12,-2.7578,-0.7770,-0.4609,5.7031,0.04,163.64,172.89,1
35.554,1.25,4.22,-1.9141,-1.1041,-1.3398,6.3242,0.04,165.26,170.47,1
35.571,0.92,4.21,0.8047,-1.1163,-1.5703,10.3828,0.04,161.50,170.47,1
35.590,0.56,4.20,-1.1484,-0.8936,-2.2617,9.1992,0.04,163.69,171.35,1
35.604,0.38,4.20,-0.2305,-0.8593,-1.4570,11.0352,0.04,162.13,172.65,1
35.620,0.05,4.26,0.2305,-0.5429,-2.7969,12.7617,0.04,157.46,168.41,1
35.641,-0.29,4.43,0.6914,-0.2216,-1.3789,11.4961,0.04,160.00,165.48,1
35.654,-0.43,4.48,-1.7227,-0.2745,-1.4922,7.8516,0.04,157.21,168.27,1
35.672,-0.73,4.62,-1.3398,-0.6835,-0.5352,8.0820,0.04,159.41,164.64,1
35.694,-1.02,4.70,-1.7227,-1.1717,-1.5703,7.3906,0.04,160.15,165.84,1
35.705,-1.17,4.74,-1.7227,-1.2563,-1.5703,7.3906,0.04,156.96,168.12,1
35.724,-1.46,4.75,-1.5703,-1.5439,-0.2695,9.4219,0.04,158.00,167.45,1
35.741,-1.73,4.68,-1.1875,-1.5208,-0.8828,12.3008,0.04,159.21,164.69,1
35.760,-1.88,4.67,-2.6797,-1.6554,-0.3828,8.4219,0.04,156.62,169.15,1
35.773,-2.17,4.62,-1.3008,-1.7025,-0.2695,9.8437,0.04,159.54,167.87,1
35.791,-2.45,4.55,-3.1406,-1.7357,-1.1094,5.3594,0.04,160.57,167.67,1
35.810,-2.70,4.36,-0.9961,-1.7401,-0.0781,10.8750,0.04,157.70,169.03,1
35.824,-2.84,4.27,-2.5273,-1.7483,-1.1875,6.0156,0.04,161.58,169.46,1
35.841,-3.10,4.05,0.9180,-1.2514,-0.8047,11.3789,0.04,157.38,168.27,1
35.864,-3.37,3.88,1.9531,-0.8108,-0.6133,12.9844,0.04,156.86,168.63,1
35.875,-3.49,3.78,1.9531,-0.3862,-0.6133,12.9844,0.04,157.26,165.13,1
35.892,-3.75,3.65,-0.4609,-0.2570,-1.4180,10.6094,0.04,155.16,165.56,1
35.912,-3.99,3.61,0.4609,0.3271,-1.0352,12.3750,0.04,153.23,165.54,1
35.931,-4.22,3.66,0.4609,0.3651,-1.0352,12.3750,0.04,155.30,162.55,1
35.944,-4.34,3.71,-1.1094,0.2607,-0.6523,9.2266,0.04,156.89,160.95,1
35.962,-4.55,3.79,0.6133,0.0099,-0.6523,14.2539,0.04,152.07,164.61,1
35.980,-4.77,3.93,-1.5313,-0.2590,-1.1875,8.6172,0.04,155.67,159.95,1
35.994,-4.87,4.01,-0.9570,-0.4085,-0.9570,10.4141,0.04,151.86,162.97,1
36.012,-5.07,4.17,-1.2656,-0.6638,-0.3047,9.2305,0.04,151.70,158.65,1
36.030,-5.25,4.36,-2.6797,-1.1474,-0.2695,5.7461,0.04,153.02,160.69,1
36.045,-5.34,4.41,-2.8711,-1.5289,-2.2617,4.5156,0.04,154.66,163.37,1
36.062,-5.51,4.43,-2.4531,-1.8170,-0.5352,6.3242,0.04,151.84,159.49,1
36.084,-5.67,4.38,-0.6133,-1.8867,-1.3398,10.9141,0.04,151.06,158.76,1
36.102,-5.81,4.38,-2.1445,-1.6481,-1.3398,9.1172,0.04,152.98,158.13,1
36.114,-5.87,4.37,0.6523,-1.5342,-0.6133,11.4141,0.04,153.23,162.18,1
36.131,-6.00,4.44,-0.0391,-0.9694,-0.5352,10.4531,0.04,150.90,157.53,1
36.150,-6.09,4.50,-0.8047,-0.8217,-1.2266,7.8945,0.04,152.98,159.26,1
36.164,-6.13,4.52,-0.2695,-0.7762,-1.0352,8.9648,0.04,149.25,160.28,1
36.181,-6.20,4.61,0.7266,-0.3830,-0.8828,9.6094,0.04,150.49,156.94,1
36.201,-6.26,4.70,-0.6133,-0.3649,-0.9961,7.9727,0.04,148.02,158.08,1
36.222,-6.31,4.75,-5.1719,-1.5723,-2.2617,2.4531,0.04,151.54,157.78,1
36.233,-6.32,4.64,-5.1719,-2.1252,-2.2617,2.4531,0.04,148.08,159.62,1
36.254,-6.33,4.50,-0.7266,-1.6693,0.0391,13.1719,0.04,149.39,160.41,1
36.272,-6.33,4.47,2.8359,-1.1169,-0.1133,16.0117,0.04,150.76,162.00,1
36.284,-6.33,4.52,-3.0664,-0.7143,-0.9180,4.5937,0.04,148.15,159.26,1
36.302,-6.30,4.53,-1.4570,-1.2526,-1.1094,8.4258,0.04,151.72,156.47,1
36.321,-6.25,4.47,-1.1094,-1.2454,-1.7617,10.6523,0.04,148.99,159.82,1
36.334,-6.22,4.45,-0.8438,-1.2032,-0.0781,11.2578,0.04,152.30,159.59,1
36.352,-6.18,4.42,-0.3437,-0.9700,-1.6094,6.9336,0.04,148.92,159.74,1
36.370,-6.09,4.42,-2.1836,-1.1996,-0.4609,5.4414,0.04,146.56,155.88,1
36.385,-6.04,4.36,-2.5664,-1.3814,-0.3437,5.0195,0.04,148.35,157.80,1
36.402,-5.91,4.19,0.6914,-1.0644,-0.9570,12.3789,0.04,146.63,155.33,1
36.420,-5.77,4.13,1.8398,-0.3123,-0.6133,14.5977,0.04,144.57,153.85,1
36.442,-5.62,4.22,0.0000,0.3639,-1.0742,12.1797,0.04,143.45,153.80,1
36.455,-5.54,4.31,-1.4570,0.1668,-0.8438,8.8867,0.04,144.82,150.90,1
36.471,-5.37,4.51,-6.9297,-0.7315,-0.5742,-1.1094,0.04,144.80,151.19,1
36.491,-5.17,4.42,2.6055,-0.7343,-0.4961,17.5820,0.04,146.01,157.51,1
36.504,-5.08,4.50,-2.1445,-0.3752,0.1914,8.3516,0.04,145.10,152.67,1
36.521,-4.90,4.62,0.6133,-0.6564,-0.1914,10.4180,0.04,146.67,153.52,1
36.540,-4.72,4.83,-0.6523,-0.5036,-0.2305,7.5508,0.04,144.72,151.70,1
36.555,-4.61,4.86,-0.7656,-0.5355,-1.0742,5.7070,0.04,146.67,153.21,1
36.572,-4.39,4.93,-2.8711,-1.0799,-0.7656,5.0195,0.04,143.14,150.38,1
36.590,-4.16,4.96,-1.4922,-1.2828,-0.8828,7.9687,0.04,142.88,148.19,1
36.612,-3.95,4.95,-0.5742,-0.7813,0.4609,11.9180,0.04,141.32,152.91,1
36.623,-3.86,4.99,-0.5742,-0.7495,0.4609,11.9180,0.04,142.35,149.52,1
36.642,-3.68,5.13,-1.3008,-0.5777,-0.0391,7.3516,0.04,143.43,146.95,1
36.662,-3.49,5.28,-1.3789,-0.7890,-0.5742,8.2734,0.04,140.98,147.82,1
36.674,-3.39,5.33,-1.5703,-0.9349,0.4609,8.6953,0.04,141.58,145.84,1
36.692,-3.21,5.40,0.7266,-0.9313,0.0391,13.6719,0.04,139.47,149.95,1
36.710,-3.07,5.61,-2.4531,-1.0698,0.8828,5.7031,0.04,141.86,148.19,1
36.725,-3.00,5.68,-2.7187,-1.3035,0.1133,3.6445,0.04,143.29,148.96,1
36.742,-2.87,5.68,-2.9883,-1.8457,0.1133,4.0625,0.04,138.70,151.61,1
36.760,-2.75,5.53,-3.9062,-2.3729,0.2695,4.0937,0.04,139.72,152.23,1
36.784,-2.67,5.40,1.7617,-1.4780,-0.0781,14.8242,0.04,138.12,150.13,1
36.793,-2.64,5.39,1.7617,-0.9804,-0.0781,14.8242,0.04,140.59,148.68,1
36.813,-2.60,5.40,-0.1133,-0.3824,-0.4961,11.4922,0.04,139.76,146.97,1
36.832,-2.58,5.46,-1.4570,-0.4136,0.1523,7.7734,0.04,141.72,148.24,1
36.844,-2.58,5.51,-4.0977,-0.8558,0.1523,4.3711,0.04,137.91,147.69,1
36.861,-2.59,5.47,-0.1914,-1.4627,-0.4219,11.7187,0.04,138.43,145.82,1
36.880,-2.63,5.50,-1.1094,-1.2324,-0.3047,8.5039,0.04,137.19,147.65,1
36.895,-2.66,5.49,-0.9180,-1.1982,-0.4961,9.9648,0.04,139.43,144.40,1
36.912,-2.68,5.46,-2.8359,-1.4133,-1.2266,7.0078,0.04,140.85,145.84,1
36.930,-2.76,5.39,-0.3437,-1.2653,-1.2656,10.0352,0.04,139.20,145.54,1
36.954,-2.82,5.41,-0.3047,-0.6362,-1.4570,10.7969,0.04,134.97,147.15,1
36.963,-2.86,5.41,-0.3047,-0.5853,-1.4570,10.7969,0.04,136.39,143.02,1
36.984,-2.93,5.45,-1.6836,-0.9435,-2.6445,10.0039,0.04,135.03,142.55,1
37.001,-3.00,5.47,-1.1484,-1.1106,0.3047,11.5312,0.04,136.65,144.59,1
37.014,-3.03,5.50,-0.6914,-1.0824,-1.4570,9.0000,0.04,135.46,141.14,1
37.032,-3.09,5.57,-0.8828,-0.9868,0.0391,9.0820,0.04,137.76,146.41,1
37.050,-3.17,5.60,-3.4844,-1.5271,-0.7266,5.5937,0.04,136.13,144.43,1
37.065,-3.20,5.59,-1.3789,-1.6593,-1.0352,8.3945,0.04,132.61,144.45,1
37.083,-3.29,5.58,-1.3398,-1.5767,0.2695,9.3867,0.04,135.14,143.66,1
37.100,-3.36,5.50,-0.9961,-1.4199,-2.1055,10.8359,0.04,134.25,144.13,1
37.124,-3.42,5.47,-1.1875,-1.0720,-1.2656,9.3437,0.04,136.30,141.78,1
37.133,-3.46,5.48,-1.1875,-1.0897,-1.2656,9.3437,0.04,135.14,141.04,1
37.154,-3.50,5.52,-1.9531,-0.9894,-0.2695,4.8984,0.04,136.63,141.08,1
37.172,-3.56,5.54,-3.4102,-1.3793,-0.8047,3.9844,0.04,134.03,142.76,1
37.191,-3.60,5.39,-1.1094,-1.5625,-0.4609,10.2695,0.04,132.63,141.50,1
37.203,-3.62,5.34,0.8828,-1.3028,-1.5313,14.4375,0.04,131.10,142.37,1
37.221,-3.67,5.35,-1.1484,-0.8455,-0.6914,10.5312,0.04,132.42,138.43,1
37.235,-3.69,5.36,-2.0703,-0.9863,-1.3789,7.7344,0.04,132.77,140.08,1
37.253,-3.70,5.35,-2.3750,-1.3181,-0.2305,8.7773,0.04,131.16,139.76,1
37.270,-3.72,5.32,-2.9883,-1.8141,-0.6523,6.2031,0.04,131.27,139.20,1
37.291,-3.75,5.23,-1.5313,-1.8247,-1.1875,11.1875,0.04,128.65,136.46,1
37.303,-3.75,5.20,-1.2266,-1.6923,-0.0391,10.2305,0.04,126.39,135.30,1
37.321,-3.76,5.11,-1.0742,-1.5265,-0.8047,11.5742,0.04,128.95,135.46,1
37.343,-3.77,5.09,-2.2227,-1.8361,-1.6094,8.3555,0.04,127.78,136.97,1
37.354,-3.76,5.07,-2.2227,-1.8954,-1.6094,8.3555,0.04,126.98,138.08,1
37.373,-3.76,4.97,-4.2500,-2.3190,-1.0742,3.2578,0.04,127.26,137.87,1
37.392,-3.75,4.73,1.2656,-2.4254,0.3047,13.5977,0.04,126.76,138.26,1
37.405,-3.75,4.65,0.3828,-1.6792,0.0781,14.2539,0.04,127.68,134.75,1
37.422,-3.77,4.54,0.3437,-1.0975,-1.1094,12.8672,0.04,125.36,135.57,1
37.441,-3.77,4.55,-1.6094,-1.0384,-0.3437,11.0703,0.04,126.61,132.07,1
37.461,-3.76,4.55,-1.6094,-1.2003,-0.8438,8.8437,0.04,125.96,132.94,1
37.473,-3.77,4.56,-1.1094,-1.1802,-0.2305,10.2305,0.04,123.55,131.30,1
37.491,-3.77,4.59,-2.4883,-1.4653,-1.2656,8.6211,0.04,125.08,132.21,1
37.514,-3.77,4.58,-0.8438,-1.8073,-0.7266,10.0742,0.04,125.09,130.43,1
37.524,-3.76,4.58,-0.8438,-1.6593,-0.7266,10.0742,0.04,121.97,127.78,1
37.544,-3.75,4.56,0.9961,-1.3820,-0.1914,14.4375,0.04,121.46,130.06,1
37.562,-3.73,4.69,-0.8438,-0.8548,-1.2266,10.2656,0.04,121.52,126.26,1
37.580,-3.71,4.83,-1.3789,-0.9694,-0.8828,9.3867,0.04,118.99,125.52,1
37.592,-3.69,4.89,-2.7578,-1.1427,-0.6523,6.3984,0.04,119.85,124.86,1
37.612,-3.66,4.93,-4.8281,-2.1515,-0.9180,5.7461,0.04,119.29,123.67,1
37.632,-3.61,4.91,-1.4922,-2.1723,0.2695,11.7227,0.04,114.25,126.97,1
37.643,-3.60,4.96,-2.0312,-2.1411,-1.0352,11.3789,0.04,117.52,125.61,1
37.661,-3.55,5.07,0.9570,-1.4423,-1.1094,11.6797,0.04,116.71,123.03,1
37.684,-3.50,5.18,-2.1055,-1.5318,-0.8828,5.7461,0.04,114.67,124.92,1
37.694,-3.47,5.23,-2.1055,-1.6200,-0.8828,5.7461,0.04,114.65,124.33,1
37.711,-3.41,5.31,-0.8047,-1.4698,-0.2695,9.7266,0.04,113.80,123.21,1
37.732,-3.35,5.41,-0.6914,-1.1942,-0.2695,10.1133,0.04,116.10,123.38,1
37.745,-3.33,5.44,-0.9961,-1.1073,-0.8828,9.4648,0.04,114.38,122.20,1
37.762,-3.27,5.55,-1.4922,-1.1155,-0.5352,9.5781,0.04,114.53,119.35,1
37.782,-3.22,5.73,-0.8438,-1.1004,-0.2695,11.0742,0.04,114.27,119.90,1
37.800,-3.17,5.96,-1.9141,-1.2645,-1.1094,6.3633,0.04,112.88,119.29,1
37.813,-3.13,6.00,-3.2578,-1.4718,-1.0742,5.6680,0.04,113.93,119.08,1
37.830,-3.06,6.04,-4.0625,-2.2587,0.4961,5.5977,0.04,112.93,118.68,1
37.851,-2.99,6.05,-1.5703,-2.2187,-0.8438,9.8867,0.04,111.12,119.63,1
37.864,-2.95,6.07,-0.4961,-1.8375,0.0000,12.6836,0.04,109.69,117.81,1
37.881,-2.88,6.12,-0.8047,-1.5254,-0.0781,11.8398,0.04,108.84,116.74,1
37.902,-2.81,6.16,-3.7930,-2.2281,0.3047,7.0469,0.04,108.32,116.28,1
37.922,-2.74,6.12,-2.5664,-2.4901,0.0000,8.4219,0.04,108.86,117.38,1
37.933,-2.72,6.12,-3.3320,-2.5683,0.4961,6.5078,0.04,108.86,116.37,1
37.952,-2.69,6.06,-3.3320,-2.7849,-0.1914,5.4023,0.04,107.31,117.79,1
37.970,-2.67,5.92,-0.1914,-2.2764,-0.3437,12.8672,0.04,106.42,117.95,1
37.983,-2.67,5.89,-1.5703,-2.0664,0.5742,9.5391,0.04,105.75,115.63,1
38.001,-2.66,5.80,-2.2969,-2.0581,0.4219,9.8437,0.04,106.96,115.00,1
38.021,-2.67,5.70,-1.4922,-1.9477,0.1133,10.6523,0.04,106.81,114.17,1
38.034,-2.68,5.66,-1.6836,-1.8893,-0.3437,8.9609,0.04,105.17,113.01,1
38.051,-2.71,5.63,-1.9141,-1.8819,0.0391,9.4609,0.04,103.12,112.40,1
38.074,-2.74,5.58,0.1133,-2.0938,-1.0352,12.7578,0.04,101.49,109.37,1
38.085,-2.76,5.55,0.1133,-1.7548,-1.0352,12.7578,0.04,100.78,110.61,1
38.104,-2.78,5.52,-1.0742,-1.5868,-1.3789,11.3789,0.04,101.44,107.74,1
38.121,-2.80,5.56,-1.1484,-1.4473,-1.1094,11.4141,0.04,99.97,104.73,1
38.140,-2.81,5.67,0.0000,-1.0913,-0.7266,12.9453,0.04,99.88,105.00,1
38.153,-2.82,5.77,-3.9062,-1.2362,-1.6094,6.7422,0.04,99.18,102.70,1
38.170,-2.80,5.91,-2.5273,-1.8413,-1.1094,9.0039,0.04,96.74,104.50,1
38.192,-2.79,6.04,-2.0703,-1.9347,-0.5742,11.1875,0.04,95.63,103.17,1
38.204,-2.79,6.04,-1.6484,-1.8907,-1.1094,9.4219,0.04,94.52,101.82,1
38.221,-2.76,6.28,-3.1797,-2.1470,-1.0352,8.7383,0.04,97.88,99.08,1
38.244,-2.72,6.33,-3.4102,-2.5955,-0.9180,8.2344,0.04,96.15,99.18,1
38.255,-2.71,6.34,-3.4102,-2.7206,-0.9180,8.2344,0.04,96.34,101.55,1
38.273,-2.68,6.29,0.3047,-2.5726,-0.1523,14.0937,0.04,94.01,101.96,1
38.292,-2.65,6.25,-0.6914,-1.8363,-0.6523,10.2266,0.04,94.06,103.15,1
38.310,-2.61,6.22,-0.2305,-1.3439,-0.2305,12.9453,0.04,92.34,102.93,1
38.323,-2.60,6.27,-2.4883,-1.3535,-1.3008,8.2383,0.04,92.61,100.32,1
38.340,-2.57,6.34,-2.2617,-1.6903,1.5313,9.3828,0.04,92.12,96.43,1
38.360,-2.56,6.36,-3.7930,-2.1912,-0.7656,5.8633,0.04,90.88,97.81,1
38.374,-2.55,6.34,-2.2617,-2.3147,0.8828,9.2656,0.04,89.86,96.14,1
38.391,-2.57,6.33,-3.4844,-2.5673,0.1133,7.7344,0.04,90.28,96.85,1
38.414,-2.60,6.33,-1.7227,-2.2483,-0.7656,8.8828,0.04,89.55,96.60,1
38.425,-2.62,6.33,-1.7227,-2.1675,-0.7656,8.8828,0.04,87.57,94.80,1
38.445,-2.66,6.34,-3.3320,-2.3005,0.2305,6.1680,0.04,85.87,94.78,1
38.461,-2.73,6.33,-1.6484,-2.4584,0.5352,8.5391,0.04,88.07,92.29,1
38.480,-2.83,6.32,-1.0352,-2.0465,0.1133,9.8047,0.04,87.08,93.90,1
38.493,-2.89,6.33,-4.8281,-2.1946,0.5352,4.1758,0.04,84.04,92.55,1
38.512,-3.02,6.27,-2.2969,-2.7390,-0.3047,7.8125,0.04,86.88,89.90,1
38.530,-3.15,6.19,-0.6523,-2.2243,-0.9180,10.9141,0.04,85.63,90.11,1
38.544,-3.24,6.15,0.9570,-1.8541,0.3437,12.1836,0.04,82.78,88.66,1
38.561,-3.39,6.18,-2.1836,-1.5908,-1.1875,10.7969,0.04,84.20,90.09,1
38.580,-3.57,6.23,0.0000,-1.2757,-0.2305,9.3828,0.04,84.11,88.55,1
38.595,-3.66,6.25,0.6523,-0.8490,-0.8438,12.1016,0.04,84.89,87.79,1
38.612,-3.83,6.37,0.4961,-0.4578,-3.1797,11.8359,0.04,82.29,86.18,1
38.632,-3.97,6.50,-1.7227,-0.6375,-3.9062,10.2656,0.04,81.85,88.42,1
38.652,-4.10,6.66,-2.3359,-1.1432,-0.1523,7.9336,0.04,81.16,85.56,1
38.663,-4.15,6.71,-0.9961,-1.3000,-1.2266,11.6016,0.04,80.13,85.56,1
38.682,-4.28,6.90,-3.7539,-1.4344,-2.1055,7.0078,0.04,80.95,86.61,1
38.700,-4.37,7.01,-2.6055,-1.9710,-1.2656,8.8828,0.04,79.43,83.58,1
38.714,-4.41,7.08,-0.3828,-1.8907,-2.0703,13.5625,0.04,78.21,82.54,1
38.731,-4.48,7.24,-2.6445,-1.8771,-1.2656,7.7344,0.04,77.33,81.02,1
38.751,-4.53,7.38,-2.0703,-1.9677,-1.6484,10.6875,0.04,79.36,82.64,1
38.765,-4.53,7.38,-3.1797,-2.1539,-1.4570,5.3203,0.04,76.24,82.45,1
38.783,-4.57,7.52,-1.5313,-2.0800,-1.0742,11.0312,0.04,75.98,79.82,1
38.803,-4.59,7.58,-2.5664,-2.2954,-0.9180,7.6992,0.04,77.31,82.16,1
38.822,-4.58,7.61,-2.1055,-2.3354,-1.6484,7.7773,0.04,75.94,80.89,1
38.834,-4.55,7.59,-0.3828,-2.1467,-1.2656,10.1875,0.04,76.56,81.32,1
38.852,-4.50,7.59,-0.9180,-1.6893,-0.3437,10.4531,0.04,75.09,81.96,1
38.871,-4.44,7.67,-0.8438,-1.4099,-1.2266,12.0273,0.04,74.15,80.72,1
38.884,-4.40,7.76,-2.1445,-1.4270,-0.8047,7.2734,0.04,74.17,78.76,1
38.902,-4.36,7.80,0.3047,-1.2543,-0.3047,11.5742,0.04,72.76,78.23,1
38.921,-4.24,7.92,-3.1016,-1.5660,-0.3828,6.5859,0.04,72.18,78.60,1
38.935,-4.20,7.96,-1.6836,-1.5920,-0.3437,8.6172,0.04,72.75,76.38,1
38.953,-4.10,8.04,-1.1484,-1.5048,-0.9961,10.0000,0.04,71.38,77.78,1
38.974,-4.00,8.15,-3.0664,-1.5216,-0.4219,6.3984,0.04,72.26,76.21,1
38.992,-3.88,8.22,-2.8359,-1.9413,0.6133,7.9687,0.04,71.60,76.15,1
39.005,-3.85,8.27,-2.7187,-2.1299,-0.7656,7.0469,0.04,69.90,76.20,1
39.022,-3.76,8.24,-2.6055,-2.2879,-0.2695,8.8867,0.04,71.00,73.30,1
39.041,-3.72,8.24,-3.0664,-2.4487,0.3437,6.7070,0.04,69.58,74.19,1
39.054,-3.63,8.16,-1.2656,-2.3995,-1.5313,10.4922,0.04,70.13,73.98,1
39.072,-3.54,8.13,-1.0352,-1.9620,1.3398,9.5820,0.04,69.06,73.71,1
39.090,-3.46,8.07,-1.9141,-1.8405,0.4961,8.5391,0.04,67.46,74.34,1
39.105,-3.43,8.06,-0.6523,-1.7509,-0.1914,11.0703,0.04,67.65,73.15,1
39.123,-3.39,8.07,-2.1055,-1.6980,1.0352,8.4648,0.04,66.75,70.41,1
39.144,-3.35,8.05,-1.8789,-1.6088,0.5352,9.8867,0.04,66.73,70.79,1
39.162,-3.34,8.05,-2.2617,-1.7160,0.4961,9.0039,0.04,65.22,69.62,1
39.173,-3.33,8.03,-2.2617,-1.7998,0.4961,9.0039,0.04,65.29,69.15,1
39.192,-3.35,8.10,-3.7930,-1.5539,0.4609,6.7031,0.04,63.27,69.15,1
39.212,-3.37,8.12,-1.6836,-1.8649,-0.0391,11.1875,0.04,64.48,65.20,1
39.224,-3.41,8.12,-3.0273,-1.9323,-0.1914,9.8477,0.04,62.96,68.76,1
39.243,-3.47,8.16,-2.2969,-2.1844,0.5742,9.3437,0.04,62.96,66.10,1
39.261,-3.54,8.18,-2.0703,-2.1726,-0.3828,10.5312,0.04,61.74,65.63,1
39.275,-3.58,8.20,-2.6445,-2.2028,-0.3437,9.1992,0.04,60.75,65.51,1
39.292,-3.67,8.18,-2.2227,-2.2600,-0.1523,9.1211,0.04,61.54,65.30,1
39.311,-3.77,8.15,-1.8398,-2.1647,-0.9570,9.9219,0.04,60.08,63.62,1
39.332,-3.87,8.13,-1.8789,-2.0571,-0.6133,8.4648,0.04,60.26,63.38,1
39.343,-3.92,8.13,-1.8789,-2.0297,-0.6133,8.4648,0.04,58.61,64.00,1
39.363,-4.01,8.11,-2.1055,-1.6458,-2.1445,8.5000,0.04,58.61,62.39,1
39.382,-4.07,8.12,-1.6836,-1.7424,-2.6055,10.1875,0.04,57.18,61.89,1
39.394,-4.08,8.14,-2.2969,-1.7785,-2.2227,8.4648,0.04,57.18,61.89,1
39.412,-4.10,8.17,-2.4883,-1.9408,-1.3789,6.9687,0.04,57.56,60.57,1
39.430,-4.09,8.15,-1.3789,-1.8819,-1.9531,9.7266,0.04,56.58,60.69,1
39.445,-4.08,8.17,-1.7617,-1.8353,-0.9570,8.1602,0.04,55.10,59.83,1
39.462,-4.05,8.13,-1.3008,-1.7082,-1.3008,10.1094,0.04,55.10,58.69,1
39.481,-4.00,8.16,-0.7656,-1.4742,-0.2305,11.6016,0.04,54.17,57.95,1
39.503,-3.94,8.30,-1.1484,-1.8753,-0.3437,10.6875,0.04,53.12,56.02,1
39.513,-3.92,8.37,-1.1484,-1.7636,-0.3437,10.6875,0.04,52.38,57.15,1
39.534,-3.89,8.51,-2.4141,-2.0059,0.0000,8.4258,0.04,50.61,57.15,1
39.553,-3.87,8.60,-2.7969,-2.1523,0.7266,8.3945,0.04,50.97,54.17,1
39.564,-3.87,8.64,-1.7227,-2.2090,1.1094,10.7969,0.04,48.93,54.17,1
39.582,-3.89,8.71,-4.4062,-2.2858,0.1133,6.4375,0.04,48.93,52.55,1
39.601,-3.93,8.74,-2.7187,-2.6352,0.6914,9.0430,0.04,48.33,53.12,1
39.615,-3.96,8.79,-3.4844,-2.7093,-0.2695,8.8125,0.04,46.35,50.21,1
39.632,-4.02,8.81,-1.8008,-2.6009,-0.2695,10.9961,0.04,46.35,50.52,1
39.651,-4.09,8.84,-2.8711,-2.6109,-1.1875,9.9609,0.04,45.83,48.11,1
39.666,-4.12,8.87,-2.7187,-2.6387,0.0391,10.9570,0.04,43.05,46.89,1
39.683,-4.20,8.96,-4.0234,-2.9547,-0.8438,8.0430,0.04,42.96,46.89,1
39.704,-4.28,9.04,-3.4844,-3.0413,-0.7656,8.8828,0.04,42.96,44.38,1
39.722,-4.36,9.11,-3.4102,-3.1610,-1.4570,9.5781,0.04,39.95,44.20,1
39.735,-4.40,9.13,-3.3711,-3.2130,-0.7266,9.1562,0.04,39.68,44.20,1
39.752,-4.47,9.19,-2.6797,-3.2025,-0.3047,10.5703,0.04,39.68,42.19,1
39.772,-4.54,9.25,-4.7500,-3.4825,-1.1875,8.5430,0.04,37.00,41.32,1
39.785,-4.58,9.25,-3.4102,-3.5700,-0.1523,10.4961,0.04,36.95,39.24,1
39.804,-4.65,9.28,-3.5625,-3.5492,-1.1875,9.1172,0.04,36.95,39.24,1
39.821,-4.71,9.31,-2.9102,-3.4094,-1.1484,10.3867,0.04,34.79,38.03,1
39.837,-4.75,9.34,-3.6406,-3.3573,-0.8828,7.7734,0.04,35.36,38.03,1
39.853,-4.80,9.33,-2.4531,-3.1749,-1.0352,9.6875,0.04,35.36,36.20,1
39.871,-4.85,9.28,-2.8711,-3.0627,-0.5352,8.8828,0.04,33.71,36.47,1
39.893,-4.92,9.25,-2.6797,-2.5428,-1.1484,8.8164,0.04,33.71,36.47,1
39.904,-4.95,9.24,-2.6797,-2.5638,-1.1484,8.8164,0.04,33.09,35.20,1
39.922,-4.99,9.23,-1.6836,-2.2052,-1.6484,9.7656,0.04,33.09,35.20,1
39.942,-5.02,9.19,-1.6094,-2.0513,-1.1875,9.8086,0.04,31.87,34.57,1
39.955,-5.03,9.16,-2.9492,-2.0607,-1.6484,7.9687,0.04,31.87,32.99,1
39.972,-5.04,9.08,-0.9570,-2.1533,-0.8047,10.6875,0.04,32.21,32.99,1
39.991,-5.06,9.08,-2.4531,-2.0766,-1.1094,8.5039,0.04,32.21,33.17,1
40.006,-5.06,9.06,-1.7617,-2.0791,-1.2266,9.2305,0.04,30.52,33.17,1
40.023,-5.06,9.00,-1.9922,-2.0219,-1.1484,8.0430,0.04,30.08,31.38,1
40.042,-5.04,8.92,-1.2656,-1.8527,-0.9180,10.2695,0.04,30.08,31.38,1
40.063,-5.03,8.87,-1.1875,-1.6153,-1.0352,9.5430,0.04,30.08,30.97,1
40.074,-5.02,8.87,-1.1875,-1.5496,-1.0352,9.5430,0.04,27.98,30.97,1
40.093,-5.00,8.90,-2.9102,-1.5094,0.0781,7.4336,0.04,27.98,28.80,1
40.112,-4.98,8.88,-1.4570,-1.7904,-0.2695,10.1914,0.04,26.66,28.80,1
40.125,-4.98,8.89,-2.1055,-1.7685,-0.5352,9.2305,0.04,26.66,26.66,1
40.142,-4.99,8.94,-1.5703,-1.8212,-0.4961,9.3867,0.04,24.46,26.66,1
40.162,-5.00,9.02,-2.4141,-1.9224,-1.0352,8.6992,0.04,24.46,26.66,1
40.181,-5.01,9.08,-1.8398,-1.9348,-1.0352,9.2656,0.04,24.46,24.23,1
40.193,-5.01,9.10,-2.5664,-2.0746,-0.9961,8.3945,0.04,22.69,24.23,1
40.212,-5.01,9.13,-2.0703,-2.1043,-0.3437,9.5039,0.04,22.69,23.12,1
40.234,-5.01,9.14,-1.9922,-2.3282,-0.1133,9.8086,0.04,22.69,23.12,1
40.244,-5.03,9.13,-1.9922,-2.2766,-0.1133,9.8086,0.04,20.27,23.12,1
40.263,-5.06,9.17,-0.6523,-2.1584,-1.8008,10.7695,0.04,20.27,20.20,1
40.281,-5.07,9.19,-2.2969,-1.8628,-1.4570,9.1602,0.04,20.27,20.20,1
40.295,-5.07,9.19,-1.7227,-1.9129,-1.2266,9.5820,0.04,18.58,20.20,1
40.312,-5.07,9.20,-3.1797,-1.9755,-1.1875,7.3164,0.04,18.58,18.79,1
40.331,-5.06,9.19,-1.6094,-2.0385,-0.5742,10.1484,0.04,18.58,18.79,1
40.351,-5.06,9.21,-2.1836,-2.0439,-0.9961,8.5000,0.04,16.12,18.79,1
40.363,-5.05,9.21,-1.3789,-1.8967,-0.7266,10.1914,0.04,16.12,18.79,1
40.382,-5.04,9.20,-2.0312,-1.8646,-1.4570,8.5781,0.04,16.12,16.38,1
40.403,-5.02,9.19,-3.4844,-1.8889,-1.3789,6.5469,0.04,16.12,16.38,1
40.414,-5.00,9.18,-3.4844,-2.1340,-1.3789,6.5469,0.04,16.12,16.38,1
40.435,-4.98,9.16,-2.4883,-2.1878,-0.8047,7.4297,0.04,13.77,16.38,1
40.452,-4.96,9.08,-1.3008,-2.1780,-0.9570,9.8437,0.04,13.77,14.42,1
40.466,-4.95,9.06,-2.2969,-2.0636,-0.3828,8.6211,0.04,13.77,14.42,1
40.482,-4.94,9.01,-1.1094,-2.0347,-0.8438,10.3828,0.04,13.77,14.42,1
40.502,-4.94,9.01,-3.0273,-2.1437,-0.6914,8.1953,0.04,13.77,14.42,1
40.520,-4.95,8.99,-1.6836,-2.1476,-0.5352,10.1875,0.04,13.77,14.42,1
40.533,-4.95,8.98,-2.7969,-2.1654,-0.7266,9.0039,0.04,9.48,10.52,1
40.551,-4.97,8.98,-1.5313,-2.1006,-0.7266,10.7695,0.04,9.48,10.52,1
40.571,-5.00,8.99,-2.2617,-2.1008,-0.3437,10.4922,0.04,9.48,10.52,1
40.584,-5.01,9.01,-1.5313,-1.9747,-0.8438,11.1523,0.04,9.48,10.52,1
40.602,-5.03,9.00,-3.6406,-2.3158,-1.2266,7.9727,0.04,9.48,10.52,1
40.622,-5.05,9.00,-3.3320,-2.3626,-1.0742,9.3867,0.04,9.48,10.52,1
40.643,-5.07,9.00,-2.0703,-2.4139,-1.1875,10.5312,0.04,9.48,10.52,1
40.653,-5.09,9.01,-1.8398,-2.3194,-1.3789,10.9141,0.04,9.48,10.52,1
40.673,-5.11,9.03,-1.5703,-2.1618,-1.1094,11.5352,0.04,9.48,10.52,1
40.691,-5.12,9.05,-3.0273,-2.2826,-1.5313,8.8867,0.04,9.48,10.52,1
40.703,-5.12,9.06,-2.9492,-2.3908,-1.7227,9.4219,0.04,9.48,10.52,1
40.721,-5.10,9.09,-2.4883,-2.4791,-2.0703,8.6562,0.04,9.48,10.52,1
40.741,-5.06,9.08,-1.9922,-2.3719,-1.9141,9.1602,0.04,9.48,10.52,1
40.754,-5.04,9.06,-1.0742,-2.0847,-1.6836,9.8477,0.04,9.48,10.52,1
40.771,-4.97,9.05,0.0391,-1.5518,-1.9141,10.2695,0.04,9.48,10.52,1
40.795,-4.89,9.05,1.3398,-0.7137,-1.3398,10.8359,0.04,9.48,4.20,1
40.805,-4.85,9.07,1.3398,-0.3982,-1.3398,10.8359,0.04,9.48,4.20,1
40.825,-4.75,9.08,0.3437,-0.0413,-0.7266,8.1953,0.04,9.48,4.20,1
40.842,-4.67,9.09,0.9570,0.1170,-0.4609,9.6094,0.04,9.48,4.20,1
40.860,-4.60,9.12,0.5742,0.3187,-0.9570,8.3906,0.04,9.48,4.20,1
40.873,-4.55,9.13,1.1875,0.4070,-0.2695,9.4219,0.04,9.48,4.20,1
40.891,-4.50,9.19,0.7266,0.5711,-0.3828,8.9219,0.04,9.48,4.20,1
40.911,-4.46,9.26,1.4570,0.7768,-0.2695,10.3047,0.04,9.48,4.20,1
40.924,-4.44,9.30,0.4961,0.7147,-0.3828,8.6211,0.04,9.48,4.20,1
40.941,-4.41,9.35,0.8438,0.7171,-0.8047,9.9258,0.04,9.48,4.20,1
40.964,-4.38,9.39,0.2305,0.4146,-0.2695,9.0000,0.04,9.48,4.20,1
40.975,-4.37,9.40,0.2305,0.3863,-0.2695,9.0000,0.04,9.48,4.20,1
40.994,-4.36,9.46,0.4961,0.2765,-0.5742,9.5000,0.04,9.48,4.20,1
41.012,-4.35,9.52,0.1133,0.3081,-0.3047,9.0781,0.04,9.48,4.20,1
41.031,-4.36,9.54,0.3437,0.2927,-0.4609,9.6094,0.04,0.00,4.20,1
41.044,-4.36,9.56,-1.2656,0.1718,-0.6914,6.6289,0.04,0.00,4.20,1
41.063,-4.37,9.56,0.1523,-0.0044,0.1523,9.3477,0.04,0.00,4.20,1
41.082,-4.41,9.59,-0.0781,-0.0020,-0.3047,8.0781,0.04,0.00,4.20,1
41.094,-4.43,9.60,0.9180,0.0660,-0.0781,10.4141,0.04,0.00,4.20,1
41.112,-4.48,9.60,0.4219,0.2467,-0.4961,8.5781,0.04,0.00,4.20,1
41.134,-4.55,9.63,-0.5352,0.3778,-0.9961,8.0078,0.04,0.00,4.20,1
41.145,-4.58,9.66,-0.5352,0.2375,-0.9961,8.0078,0.04,0.00,4.20,1
41.162,-4.65,9.71,0.3828,0.2216,-0.6914,9.6875,0.04,0.00,4.20,1
41.183,-4.73,9.72,-0.1133,-0.0730,-1.1875,9.2656,0.04,0.00,4.20,1
41.202,-4.81,9.72,-0.4219,-0.1550,-0.6523,9.7266,0.04,0.00,4.20,1
41.214,-4.85,9.72,0.1523,-0.1681,-0.9961,10.1914,0.04,0.00,4.20,1
41.232,-4.93,9.75,-1.3789,-0.1998,-0.6914,8.4258,0.04,0.00,4.20,1
41.251,-5.02,9.75,-0.3828,-0.3813,-0.9961,10.0039,0.04,0.00,4.20,1
41.264,-5.06,9.74,-0.3437,-0.3784,-1.1875,9.9219,0.04,0.00,4.20,1
41.281,-5.14,9.73,-0.2305,-0.3415,-0.5352,10.3086,0.04,0.00,0.00,1
41.305,-5.23,9.73,0.3047,-0.2139,-1.8008,10.2305,0.04,0.00,0.00,1
41.315,-5.28,9.75,0.3047,-0.1343,-1.8008,10.2305,0.04,0.00,0.00,1
41.333,-5.35,9.75,-0.5742,-0.2043,-1.5703,8.9258,0.04,0.00,0.00,1
41.353,-5.41,9.74,-0.6914,-0.2247,-2.0312,8.7773,0.04,0.00,0.00,1
41.373,-5.45,9.75,-0.5742,-0.3477,-1.3789,9.5000,0.04,0.00,0.00,1
41.384,-5.47,9.76,0.1914,-0.3366,-1.3008,9.6484,0.04,0.00,0.00,1
41.402,-5.50,9.75,0.6133,-0.1531,-1.3008,10.5703,0.04,0.00,0.00,1
41.421,-5.52,9.73,-0.4609,-0.1296,-1.0742,8.5781,0.04,0.00,0.00,1
41.434,-5.53,9.71,-0.2695,-0.1651,-1.5703,9.6094,0.04,0.00,0.00,1
41.451,-5.54,9.71,-0.1914,-0.1834,-1.7617,8.7734,0.04,0.00,0.00,1
41.471,-5.54,9.72,-0.3828,-0.2281,-1.7617,8.7383,0.04,0.00,0.00,1
41.485,-5.54,9.72,0.2305,-0.1576,-1.4922,9.5430,0.04,0.00,0.00,1
41.502,-5.51,9.69,0.1523,-0.0649,-1.6484,9.1992,0.04,0.00,0.00,1
41.524,-5.48,9.65,0.3437,0.0714,-1.2656,9.5000,0.04,0.00,0.00,1
41.536,-5.47,9.65,0.3437,0.1133,-1.2656,9.5000,0.04,0.00,0.00,1
41.555,-5.44,9.67,-0.3047,0.2418,-1.2266,8.5781,0.04,0.00,0.00,1
41.572,-5.40,9.66,0.2695,0.1327,-1.2266,9.1211,0.04,0.00,0.00,1
41.591,-5.35,9.64,-0.2695,0.0601,-1.3789,8.4648,0.04,0.00,0.00,1
41.604,-5.33,9.62,0.5352,0.0738,-0.6914,9.6875,0.04,0.00,0.00,1
41.622,-5.29,9.61,0.2305,0.1637,-0.7656,9.9219,0.04,0.00,0.00,1
41.642,-5.25,9.59,0.1914,0.1740,-1.0742,9.2656,0.04,0.00,0.00,1
41.655,-5.24,9.59,-0.9961,0.0816,-0.7266,8.4219,0.04,0.00,0.00,1
41.673,-5.20,9.55,0.0781,-0.0480,-0.7656,9.5391,0.04,0.00,0.00,1
41.695,-5.17,9.54,0.4961,-0.1124,-0.4961,10.3047,0.04,0.00,0.00,1
41.706,-5.16,9.53,0.4961,-0.0189,-0.4961,10.3047,0.04,0.00,0.00,1
41.725,-5.15,9.53,0.4961,0.0946,-0.8828,10.3867,0.04,0.00,0.00,1
41.742,-5.13,9.52,-0.3047,0.1444,-0.8438,8.8437,0.04,0.00,0.00,1
41.762,-5.12,9.50,0.3047,0.1262,-0.8047,9.9648,0.04,0.00,0.00,1
41.774,-5.12,9.51,-0.8438,0.0617,-0.9961,7.8906,0.04,0.00,0.00,1
41.792,-5.11,9.50,-0.8438,-0.1951,-0.9961,7.8906,0.04,0.00,0.00,1
41.811,-5.11,9.48,0.1914,-0.1871,-0.8047,9.5820,0.04,0.00,0.00,1
41.825,-5.11,9.48,0.6523,-0.0921,-0.9180,9.9219,0.04,0.00,0.00,1
41.842,-5.11,9.47,-0.3828,-0.0674,-0.7266,8.8125,0.04,0.00,0.00,1
41.865,-5.13,9.47,-0.9570,-0.0960,-0.8438,8.3516,0.04,0.00,0.00,1
41.876,-5.13,9.47,-0.9570,-0.2283,-0.8438,8.3516,0.04,0.00,0.00,1
41.893,-5.16,9.45,0.2695,-0.1635,-0.8047,9.6875,0.04,0.00,0.00,1
41.913,-5.18,9.43,0.0781,-0.1578,-1.1484,9.3828,0.04,0.00,0.00,1
41.932,-5.21,9.42,0.1133,-0.0696,-0.9961,9.3477,0.04,0.00,0.00,1
41.945,-5.22,9.41,0.4961,0.0015,-0.9570,10.3477,0.04,0.00,0.00,1
41.962,-5.24,9.41,-0.6914,0.0468,-1.1484,8.0820,0.04,0.00,0.00,1
41.981,-5.27,9.37,0.0000,-0.0519,-0.9961,10.0742,0.04,0.00,0.00,1
41.995,-5.28,9.37,-0.3047,-0.0683,-1.3008,8.6602,0.04,0.00,0.00,1
42.012,-5.30,9.36,0.2305,-0.0304,-1.3398,9.7695,0.04,0.00,0.00,1
42.032,-5.32,9.36,-0.0781,-0.0247,-1.1094,9.3086,0.04,0.00,0.00,1
42.052,-5.33,9.34,-1.1094,0.0244,-1.2656,7.9297,0.04,0.00,0.00,1
42.063,-5.33,9.31,-1.1094,-0.1498,-1.2656,7.9297,0.04,0.00,0.00,1
42.085,-5.33,9.28,-0.3047,-0.0674,-1.2266,8.9258,0.04,0.00,0.00,1
42.102,-5.33,9.26,0.4609,-0.0734,-1.4922,10.0703,0.04,0.00,0.00,1
42.115,-5.33,9.26,-0.0781,0.0017,-1.0742,9.4609,0.04,0.00,0.00,1
42.133,-5.32,9.23,0.4609,0.0222,-1.2266,10.0312,0.04,0.00,0.00,1
42.152,-5.30,9.21,-1.0352,-0.1593,-1.1484,7.8516,0.04,0.00,0.00,1
42.165,-5.29,9.19,0.3047,-0.1867,-1.3789,9.6133,0.04,0.00,0.00,1
42.182,-5.27,9.19,-0.3828,-0.1713,-0.9570,9.3047,0.04,0.00,0.00,1
42.203,-5.26,9.17,0.1523,-0.1129,-1.4570,9.1211,0.04,0.00,0.00,1
42.216,-5.24,9.16,-0.2305,-0.1389,-1.1484,9.1953,0.04,0.00,0.00,1
42.233,-5.21,9.14,0.5352,0.0046,-0.9570,10.0039,0.04,0.00,0.00,1
42.255,-5.18,9.11,0.3047,-0.1288,-1.1094,9.6094,0.04,0.00,0.00,1
42.273,-5.15,9.08,-0.3828,-0.0609,-0.7266,9.5039,0.04,0.00,0.00,1
42.285,-5.13,9.07,-0.3047,-0.1259,-1.1875,8.3906,0.04,0.00,0.00,1
42.302,-5.10,9.05,0.1914,-0.1369,-0.9570,9.4609,0.04,0.00,0.00,1
42.323,-5.07,9.04,0.4219,0.0260,-0.8047,10.1094,0.04,0.00,0.00,1
42.335,-5.06,9.03,-0.2305,0.0346,-0.8828,8.7344,0.04,0.00,0.00,1
42.352,-5.04,8.99,0.0000,-0.0047,-0.7656,10.0703,0.04,0.00,0.00,1
42.373,-5.01,8.96,-0.1914,-0.0458,-1.1484,8.8125,0.04,0.00,0.00,1
42.386,-5.00,8.95,-0.4961,-0.0925,-0.8047,9.1562,0.04,0.00,0.00,1
42.403,-4.98,8.93,0.0781,-0.1030,-0.8828,9.3047,0.04,0.00,0.00,1
42.425,-4.97,8.91,-0.4609,0.0166,-0.7656,8.6562,0.04,0.00,0.00,1
42.442,-4.95,8.87,0.1133,-0.0729,-0.9961,9.5039,0.04,0.00,0.00,1
42.462,-4.94,8.86,-0.5742,-0.1616,-0.7656,9.0430,0.04,0.00,0.00,1
42.474,-4.93,8.86,-0.0781,-0.1853,-1.0352,8.7383,0.04,0.00,0.00,1
42.492,-4.93,8.83,0.1914,-0.0891,-0.8828,9.8086,0.04,0.00,0.00,1
42.505,-4.92,8.81,0.5352,-0.0185,-0.5742,10.3437,0.04,0.00,0.00,1
42.523,-4.92,8.80,-1.1484,0.0038,-1.1094,7.3164,0.04,0.00,0.00,1
42.541,-4.92,8.76,-0.1914,-0.1772,-0.7266,9.6875,0.04,0.00,0.00,1
42.556,-4.91,8.76,-0.1523,-0.1763,-0.7266,9.2656,0.04,0.00,0.00,1
42.573,-4.90,8.74,1.2266,0.1371,-1.1875,10.8008,0.04,0.00,0.00,1
42.592,-4.91,8.72,0.1133,0.1997,-0.9961,9.3477,0.04,0.00,0.00,1
42.612,-4.91,8.70,-1.3398,0.0142,-1.3008,7.3945,0.04,0.00,0.00,1
42.624,-4.90,8.67,-1.3398,-0.1938,-1.3008,7.3945,0.04,0.00,0.00,1
42.642,-4.90,8.65,0.2305,-0.0734,-0.9180,9.4609,0.04,0.00,0.00,1
42.662,-4.90,8.65,-0.0391,-0.0088,-1.2266,9.6094,0.04,0.00,0.00,1
42.675,-4.89,8.64,-0.0781,-0.0186,-0.7266,9.0820,0.04,0.00,0.00,1
42.693,-4.90,8.55,0.3047,-0.0049,-0.9961,10.2695,0.04,0.00,0.00,1
42.711,-4.91,8.48,-0.5742,-0.0939,-0.9961,8.2734,0.04,0.00,0.00,1
42.726,-4.91,8.44,0.0000,-0.1217,-0.8438,10.0039,0.04,0.00,0.00,1
42.743,-4.91,8.39,-0.4961,-0.1900,-0.9961,8.6602,0.04,0.00,0.00,1
42.762,-4.92,8.34,0.1914,-0.1247,-1.2656,9.5430,0.04,0.00,0.00,1
42.783,-4.92,8.27,0.6914,-0.0065,-1.1094,9.9648,0.04,0.00,0.00,1
42.794,-4.92,8.26,0.6914,0.1007,-1.1094,9.9648,0.04,0.00,0.00,1
42.815,-4.91,8.21,0.1523,-0.0926,-1.0352,9.5430,0.04,0.00,0.00,1
42.833,-4.92,8.15,-0.1523,-0.0475,-0.7266,9.5430,0.04,0.00,0.00,1
42.845,-4.91,8.13,0.1914,-0.0432,-1.1484,9.3047,0.04,0.00,0.00,1
42.863,-4.91,8.10,-0.3047,-0.0163,-0.7656,9.3047,0.04,0.00,0.00,1
42.882,-4.91,8.06,0.3828,0.0375,-0.8047,9.9609,0.04,0.00,0.00,1
42.896,-4.91,8.04,-1.4922,-0.0595,-0.9570,7.4336,0.04,0.00,0.00,1
42.914,-4.92,7.98,0.3047,-0.1502,-0.6523,9.8437,0.04,0.00,0.00,1
42.933,-4.92,7.95,-0.1914,-0.1310,-0.6133,9.3437,0.04,0.00,0.00,1
42.954,-4.93,7.91,-0.2695,0.1636,-0.8828,8.5820,0.04,0.00,0.00,1
42.964,-4.94,7.87,-0.2695,0.0971,-0.8828,8.5820,0.04,0.00,0.00,1
42.984,-4.96,7.83,-0.9180,-0.0018,-0.9961,7.6992,0.04,0.00,0.00,1
43.003,-4.98,7.79,0.3828,-0.1576,-0.4219,10.3437,0.04,0.00,0.00,1
43.022,-5.01,7.76,-0.0391,-0.0667,-0.8438,8.9219,0.04,0.00,0.00,1
43.032,-5.03,7.75,0.0781,-0.0531,-0.9180,9.4648,0.04,0.00,0.00,1
43.051,-5.06,7.70,-0.1523,-0.0594,-0.4609,9.0820,0.04,0.00,0.00,1
43.066,-5.09,7.68,0.5352,-0.0186,-0.8047,10.0703,0.04,0.00,0.00,1
43.083,-5.13,7.65,-0.8438,0.0281,-0.6133,8.0430,0.04,0.00,0.00,1
43.102,-5.18,7.61,0.2695,-0.0227,-0.9180,9.6484,0.04,0.00,0.00,1
43.124,-5.23,7.57,-0.3828,-0.0771,-0.8438,9.1602,0.04,0.00,0.00,1
43.134,-5.26,7.55,-0.3828,-0.1241,-0.8438,9.1602,0.04,0.00,0.00,1
43.155,-5.32,7.50,0.4609,-0.0589,-0.9180,10.0312,0.04,0.00,0.00,1
43.173,-5.38,7.47,-0.2695,0.0301,-0.5742,8.9609,0.04,0.00,0.00,1
43.186,-5.41,7.45,0.2695,0.0069,-0.9961,9.6484,0.04,0.00,0.00,1
43.203,-5.49,7.41,-0.1133,0.0508,-1.0352,9.5430,0.04,0.00,0.00,1
43.222,-5.55,7.37,-0.4609,-0.0236,-0.8828,8.4219,0.04,0.00,0.00,1
43.241,-5.62,7.32,-0.0781,-0.0880,-1.0352,9.5820,0.04,0.00,0.00,1
43.253,-5.67,7.32,-0.2305,-0.0986,-1.1875,8.9609,0.04,0.00,0.00,1
43.272,-5.73,7.28,0.1914,-0.0502,-0.6914,9.5039,0.04,0.00,0.00,1
43.292,-5.80,7.24,0.3828,0.0607,-1.0352,9.8047,0.04,0.00,0.00,1
43.304,-5.85,7.21,0.3047,0.1147,-1.4570,9.2695,0.04,0.00,0.00,1
43.322,-5.92,7.17,-0.7656,-0.0683,-0.8047,8.8867,0.04,0.00,0.00,1
43.343,-6.00,7.02,0.0391,-0.0215,-1.3398,9.5430,0.04,0.00,0.00,1
43.364,-6.08,6.87,0.5352,0.1089,-0.8828,10.0312,0.04,0.00,0.00,1
43.374,-6.12,6.79,0.3437,0.1879,-1.5313,9.3828,0.04,0.00,0.00,1
43.393,-6.20,6.67,0.1523,0.2168,-1.3008,9.6875,0.04,0.00,0.00,1
43.406,-6.23,6.62,-0.6914,0.1351,-1.1484,8.5820,0.04,0.00,0.00,1
43.423,-6.30,6.51,0.1914,-0.0287,-1.5703,9.2266,0.04,0.00,0.00,1
43.441,-6.36,6.41,0.0781,0.0213,-1.3008,9.5391,0.04,0.00,0.00,1
43.462,-6.42,6.30,0.5352,0.1385,-0.9180,10.0312,0.04,0.00,0.00,1
43.474,-6.45,6.28,0.3828,0.1926,-1.4922,9.5391,0.04,0.00,0.00,1
43.493,-6.51,6.18,0.3047,0.2293,-1.4922,9.7656,0.04,0.00,0.00,1
43.514,-6.56,6.11,0.4219,-0.0441,-1.2656,9.9648,0.04,0.00,0.00,1
43.525,-6.58,6.08,0.4219,0.0275,-1.2656,9.9648,0.04,0.00,0.00,1
43.545,-6.63,6.05,0.4961,0.0350,-0.9180,9.7656,0.04,0.00,0.00,1
43.563,-6.69,6.01,-0.0391,0.1230,-1.1484,10.0000,0.04,0.00,0.00,1
43.581,-6.73,5.94,0.5352,0.1948,-1.6836,9.5391,0.04,0.00,0.00,1
43.593,-6.75,5.92,-0.7266,0.1462,-1.1094,9.0000,0.04,0.00,0.00,1
43.612,-6.79,5.86,0.0781,0.0267,-1.1875,9.8867,0.04,0.00,0.00,1
43.632,-6.84,5.84,-0.8438,-0.1627,-1.6094,8.3164,0.04,0.00,0.00,1
43.644,-6.84,5.84,0.4961,-0.0615,-0.8438,10.2656,0.04,0.00,0.00,1
43.662,-6.90,5.75,0.1914,0.0611,-1.5703,9.6133,0.04,0.00,0.00,1
43.685,-6.94,5.71,-0.4961,0.1126,-1.4180,8.3125,0.04,0.00,0.00,1
43.695,-6.96,5.69,-0.4961,0.0191,-1.4180,8.3125,0.04,0.00,0.00,1
43.715,-7.01,5.66,-0.9570,-0.0224,-1.6484,7.9336,0.04,0.00,0.00,1
43.733,-7.04,5.61,0.4219,-0.1772,-1.1484,9.8477,0.04,0.00,0.00,1
43.746,-7.05,5.58,-0.0391,-0.0815,-1.3398,9.9219,0.04,0.00,0.00,1
43.763,-7.09,5.54,0.4961,-0.0266,-1.8008,9.3437,0.04,0.00,0.00,1
43.783,-7.10,5.52,-0.1914,0.0160,-1.4180,9.1562,0.04,0.00,0.00,1
43.803,-7.14,5.48,0.3828,0.0843,-1.1875,10.0312,0.04,0.00,0.00,1
43.814,-7.15,5.45,-1.0352,0.0167,-1.6836,7.6602,0.04,0.00,0.00,1
43.832,-7.17,5.39,0.2305,-0.0618,-1.2656,9.8477,0.04,0.00,0.00,1
43.851,-7.18,5.36,-0.2305,-0.0809,-1.4180,9.3828,0.04,0.00,0.00,1
43.865,-7.18,5.34,0.3047,0.0044,-1.4922,9.6094,0.04,0.00,0.00,1
43.883,-7.19,5.30,-0.0391,0.0135,-1.5703,8.9648,0.04,0.00,0.00,1
43.903,-7.19,5.25,-0.6523,0.0770,-1.5703,7.8164,0.04,0.00,0.00,1
43.922,-7.19,5.22,0.3828,0.0291,-1.0352,10.1484,0.04,0.00,0.00,1
43.935,-7.19,5.18,-0.2305,0.0583,-1.3789,9.4258,0.04,0.00,0.00,1
43.953,-7.19,5.16,-0.3047,-0.0295,-1.3789,8.3555,0.04,0.00,0.00,1
43.972,-7.21,4.97,0.0000,-0.0559,-1.1875,9.4648,0.04,0.00,0.00,1
43.984,-7.21,4.89,0.4609,-0.0104,-1.4570,9.7656,0.04,0.00,0.00,1
44.001,-7.23,4.73,0.0391,0.0569,-1.1484,9.2695,0.04,0.00,0.00,1
44.021,-7.25,4.59,0.4219,0.1366,-1.3008,10.1484,0.04,0.00,0.00,1
44.035,-7.25,4.54,-0.1133,0.0813,-1.6094,9.3437,0.04,0.00,0.00,1
44.052,-7.26,4.45,-0.5742,-0.0759,-1.3398,8.1172,0.04,0.00,0.00,1
44.073,-7.27,4.36,-0.0391,-0.1327,-1.6836,8.8164,0.04,0.00,0.00,1
44.086,-7.27,4.31,-0.0391,-0.1183,-1.6836,8.8164,0.04,0.00,0.00,1
44.105,-7.26,4.19,0.4609,0.0505,-1.3398,10.4141,0.04,0.00,0.00,1
44.123,-7.26,4.12,0.3828,0.1607,-1.9141,9.3437,0.04,0.00,0.00,1
44.142,-7.25,4.06,-0.4609,0.0497,-1.2266,8.8125,0.04,0.00,0.00,1
44.154,-7.25,4.02,0.2695,0.0297,-1.3789,9.4648,0.04,0.00,0.00,1
44.173,-7.23,3.96,-0.8828,-0.1436,-1.5313,8.1172,0.04,0.00,0.00,1
44.193,-7.21,3.87,0.4219,-0.0645,-0.9961,10.0703,0.04,0.00,0.00,1
44.205,-7.20,3.84,0.0391,-0.0416,-1.1484,9.7695,0.04,0.00,0.00,1
44.222,-7.18,3.79,0.3828,0.0574,-1.4570,9.3047,0.04,0.00,0.00,1
44.245,-7.17,3.74,0.4609,0.0472,-0.9961,9.9648,0.04,0.00,0.00,1
44.256,-7.16,3.72,0.4609,0.1107,-0.9961,9.9648,0.04,0.00,0.00,1
44.275,-7.14,3.65,0.1523,-0.0292,-0.9961,9.9219,0.04,0.00,0.00,1
44.293,-7.13,3.58,-0.3437,-0.0174,-1.1094,8.6562,0.04,0.00,0.00,1
44.312,-7.12,3.54,-0.0391,-0.0612,-1.2266,9.3047,0.04,0.00,0.00,1
44.324,-7.12,3.52,0.1914,-0.0394,-1.0352,9.6875,0.04,0.00,0.00,1
44.341,-7.11,3.47,0.6133,0.1327,-1.1484,10.0703,0.04,0.00,0.00,1
44.363,-7.10,3.42,-0.4961,0.0235,-1.0352,8.6953,0.04,0.00,0.00,1
44.375,-7.10,3.38,0.1523,-0.0045,-1.3398,9.9219,0.04,0.00,0.00,1
44.392,-7.10,3.34,0.0000,0.0153,-1.4922,9.2266,0.04,0.00,0.00,1
44.415,-7.10,3.31,-0.0781,-0.1131,-1.4180,8.9219,0.04,0.00,0.00,1
44.426,-7.09,3.28,-0.0781,-0.1077,-1.4180,8.9219,0.04,0.00,0.00,1
44.445,-7.08,3.24,0.2695,0.0161,-1.2266,9.5820,0.04,0.00,0.00,1
44.463,-7.06,3.18,0.3437,0.0939,-1.4922,9.8437,0.04,0.00,0.00,1
44.483,-7.05,3.15,-0.1523,0.0693,-1.3789,9.4648,0.04,0.00,0.00,1
44.494,-7.04,3.14,-0.5742,0.0015,-1.3008,8.1211,0.04,0.00,0.00,1
44.513,-7.01,3.11,0.0781,-0.0504,-1.3789,9.7305,0.04,0.00,0.00,1
44.531,-6.99,3.07,0.1523,0.0098,-1.4570,9.2305,0.04,0.00,0.00,1
44.545,-6.98,3.04,0.2695,0.0411,-0.9570,9.5820,0.04,0.00,0.00,1
44.562,-6.95,3.01,0.2695,0.1190,-1.5313,9.4609,0.04,0.00,0.00,1
44.585,-6.93,2.99,-0.6914,0.1085,-0.9961,8.4258,0.04,0.00,0.00,1
44.596,-6.92,2.97,-0.6914,-0.0143,-0.9961,8.4258,0.04,0.00,0.00,1
44.613,-6.90,2.84,-0.0391,-0.0620,-1.4180,9.0820,0.04,0.00,0.00,1
44.633,-6.88,2.66,0.4219,-0.0469,-0.9180,9.7266,0.04,0.00,0.00,1
44.653,-6.87,2.54,0.2695,0.0792,-1.3789,9.9219,0.04,0.00,0.00,1
44.665,-6.86,2.48,0.3828,0.1304,-1.3789,9.4219,0.04,0.00,0.00,1
44.683,-6.85,2.38,-0.9180,0.0979,-1.0742,8.5391,0.04,0.00,0.00,1
44.701,-6.82,2.29,0.0391,-0.0366,-1.3008,9.2695,0.04,0.00,0.00,1
44.715,-6.82,2.26,-0.1133,-0.0372,-1.3398,9.2656,0.04,0.00,0.00,1
44.732,-6.79,2.18,0.3828,0.0467,-0.8828,9.8867,0.04,0.00,0.00,1
44.752,-6.76,2.12,0.2305,0.1083,-1.4180,9.5781,0.04,0.00,0.00,1
44.766,-6.76,2.12,0.3828,0.1505,-1.3789,9.6914,0.04,0.00,0.00,1
44.783,-6.71,2.04,-0.8828,-0.0637,-1.2266,8.4219,0.04,0.00,0.00,1
44.804,-6.68,1.99,-0.3437,-0.0491,-1.3789,8.9219,0.04,0.00,0.00,1
44.823,-6.63,1.92,0.6914,-0.0499,-1.0352,10.1523,0.04,0.00,0.00,1
44.835,-6.62,1.88,0.3437,0.0864,-1.1484,10.1523,0.04,0.00,0.00,1
44.854,-6.58,1.84,0.3437,0.1594,-1.3398,9.6094,0.04,0.00,0.00,1
44.872,-6.54,1.80,-0.3828,0.0614,-1.2656,8.3164,0.04,0.00,0.00,1
44.885,-6.51,1.77,0.3047,0.0482,-0.9180,9.9258,0.04,0.00,0.00,1
44.902,-6.47,1.73,-0.5742,-0.0589,-1.3008,8.1211,0.04,0.00,0.00,1
44.922,-6.43,1.66,0.2695,-0.0183,-0.7656,9.9609,0.04,0.00,0.00,1
44.936,-6.43,1.66,-0.1523,-0.0389,-0.8438,9.4219,0.04,0.00,0.00,1
44.953,-6.37,1.61,0.3047,0.0236,-1.2656,9.3047,0.04,0.00,0.00,1
44.974,-6.33,1.57,0.5742,0.0479,-0.7656,10.3477,0.04,0.00,0.00,1
44.987,-6.31,1.55,0.5742,0.1288,-0.7656,10.3477,0.04,0.00,0.00,1
45.006,-6.27,1.50,0.2695,-0.0476,-0.8828,9.8867,0.04,0.00,0.00,1
45.022,-6.24,1.46,-0.3437,-0.0067,-0.9570,9.0820,0.04,0.00,0.00,1
45.041,-6.20,1.43,0.8828,0.1498,-1.1094,10.2695,0.04,0.00,0.00,1
45.055,-6.18,1.42,0.0000,0.1918,-1.1094,9.1562,0.04,0.00,0.00,1
45.073,-6.15,1.38,0.2695,0.1861,-0.6523,10.2305,0.04,0.00,0.00,1
45.092,-6.11,1.35,-1.1875,-0.1127,-1.3008,7.3945,0.04,0.00,0.00,1
45.106,-6.10,1.33,0.4961,-0.1431,-0.7656,10.2695,0.04,0.00,0.00,1
45.123,-6.07,1.31,-0.0781,-0.0523,-0.8438,9.4648,0.04,0.00,0.00,1
45.145,-6.04,1.29,-0.1133,0.0689,-0.9961,9.0430,0.04,0.00,0.00,1
45.163,-6.01,1.27,0.2305,0.0447,-0.8047,10.1094,0.04,0.00,0.00,1
45.175,-5.99,1.27,-0.9180,-0.0060,-1.2266,7.3555,0.04,0.00,0.00,1
45.193,-5.96,1.24,0.4219,-0.1575,-0.6914,10.4531,0.04,0.00,0.00,1
45.213,-5.94,1.22,-0.0391,-0.0620,-0.9180,9.0820,0.04,0.00,0.00,1
45.225,-5.92,1.21,0.0781,-0.0475,-1.1094,9.0000,0.04,0.00,0.00,1
45.243,-5.90,1.19,-0.1914,-0.0335,-0.6523,9.4258,0.04,0.00,0.00,1
45.261,-5.88,1.17,0.6523,0.0994,-0.8828,9.9648,0.04,0.00,0.00,1
45.276,-5.87,1.16,-0.6523,0.0800,-0.6914,8.5000,0.04,0.00,0.00,1
45.293,-5.85,1.13,0.3047,0.0421,-0.8047,9.8867,0.04,0.00,0.00,1
45.312,-5.84,1.10,-0.1914,0.0068,-1.0742,9.0430,0.04,0.00,0.00,1
45.333,-5.83,1.08,0.1914,-0.0505,-0.9961,9.1562,0.04,0.00,0.00,1
45.344,-5.83,1.07,0.1914,-0.0134,-0.9961,9.1562,0.04,0.00,0.00,1
45.364,-5.83,1.07,0.0000,0.0764,-0.8438,8.8477,0.04,0.00,0.00,1
45.384,-5.82,1.04,0.2305,0.1014,-0.8438,9.8828,0.04,0.00,0.00,1
45.395,-5.82,1.02,0.2695,0.1331,-0.9180,9.7305,0.04,0.00,0.00,1
45.413,-5.83,1.00,-0.6133,0.1011,-0.8828,8.2383,0.04,0.00,0.00,1
45.432,-5.83,0.98,0.1523,0.0270,-0.6914,9.9609,0.04,0.00,0.00,1
45.446,-5.84,0.98,-0.7656,-0.0272,-1.0742,8.1211,0.04,0.00,0.00,1
45.463,-5.85,0.96,0.6523,0.0349,-0.6133,10.1914,0.04,0.00,0.00,1
45.482,-5.87,0.95,0.0391,0.0743,-0.8047,9.7266,0.04,0.00,0.00,1
45.505,-5.88,0.94,0.1133,0.1742,-0.9180,9.4219,0.04,0.00,0.00,1
45.514,-5.88,0.92,0.1133,0.1648,-0.9180,9.4219,0.04,0.00,0.00,1
45.535,-5.90,0.91,-0.5352,0.1662,-0.9961,8.3125,0.04,0.00,0.00,1
45.553,-5.92,0.87,0.2695,0.0316,-0.6914,10.1523,0.04,0.00,0.00,1
45.565,-5.93,0.87,0.2695,0.0843,-1.1875,9.5820,0.04,0.00,0.00,1
45.583,-5.95,0.88,-0.4961,0.0756,-0.9570,8.2383,0.04,0.00,0.00,1
45.601,-5.97,0.86,-0.1133,-0.0346,-0.7656,9.5000,0.04,0.00,0.00,1
45.616,-5.99,0.85,-0.4219,-0.0714,-1.3398,8.4609,0.04,0.00,0.00,1
45.634,-6.00,0.82,0.4219,-0.0041,-0.6133,10.2266,0.04,0.00,0.00,1
45.652,-6.03,0.81,0.0391,0.0320,-0.7656,9.8828,0.04,0.00,0.00,1
45.667,-6.05,0.81,-0.1523,0.0177,-1.2656,8.6992,0.04,0.00,0.00,1
45.684,-6.07,0.78,0.1914,0.0456,-0.8438,9.8086,0.04,0.00,0.00,1
45.704,-6.09,0.77,-0.3828,0.1042,-0.8828,8.6602,0.04,0.00,0.00,1
45.724,-6.11,0.74,0.1523,0.0089,-0.8438,9.8477,0.04,0.00,0.00,1
45.736,-6.13,0.74,0.2305,0.0469,-1.2656,9.4648,0.04,0.00,0.00,1
45.753,-6.16,0.75,-0.5352,0.0377,-1.0742,8.3906,0.04,0.00,0.00,1
45.772,-6.19,0.73,-0.0781,-0.0564,-0.8047,9.5000,0.04,0.00,0.00,1
45.786,-6.21,0.72,-0.4609,-0.0904,-1.2656,8.5781,0.04,0.00,0.00,1
45.803,-6.22,0.69,0.4961,-0.1189,-0.7656,10.1133,0.04,0.00,0.00,1
45.822,-6.26,0.66,0.1133,0.0060,-0.9570,9.9219,0.04,0.00,0.00,1
45.845,-6.28,0.66,0.1133,0.0895,-0.8828,9.6484,0.04,0.00,0.00,1
45.854,-6.30,0.65,0.1133,0.0932,-0.8828,9.6484,0.04,0.00,0.00,1
45.875,-6.33,0.66,-0.6523,0.0937,-1.1094,8.0391,0.04,0.00,0.00,1
45.893,-6.35,0.64,-0.0391,-0.0689,-0.9180,9.8867,0.04,0.00,0.00,1
45.912,-6.39,0.65,0.0391,-0.0414,-1.4922,9.4258,0.04,0.00,0.00,1
45.923,-6.40,0.64,-0.3828,-0.0628,-1.0742,8.8437,0.04,0.00,0.00,1
45.944,-6.42,0.63,0.1133,-0.0621,-1.0742,9.4258,0.04,0.00,0.00,1
45.956,-6.43,0.62,-0.0781,-0.0386,-1.4570,9.0430,0.04,0.00,0.00,1
45.973,-6.44,0.61,0.5352,-0.0007,-0.7656,9.9609,0.04,0.00,0.00,1
45.992,-6.46,0.59,0.1523,0.0972,-1.1094,9.7266,0.04,0.00,0.00,1
46.015,-6.47,0.60,-0.1914,0.1585,-0.9961,8.8437,0.04,0.00,0.00,1
46.025,-6.48,0.60,-0.1914,0.1048,-0.9961,8.8437,0.04,0.00,0.00,1
46.043,-6.49,0.59,0.3437,0.1392,-1.1484,9.9258,0.04,0.00,0.00,1
46.063,-6.49,0.55,0.4219,-0.1242,-0.8438,10.0352,0.04,0.00,0.00,1
46.075,-6.50,0.55,0.4219,-0.0403,-0.8438,10.0352,0.04,0.00,0.00,1
46.094,-6.50,0.54,-0.4961,-0.0396,-1.2656,8.2734,0.04,0.00,0.00,1
46.114,-6.50,0.53,0.0391,-0.1263,-1.1484,9.3437,0.04,0.00,0.00,1
46.126,-6.50,0.53,0.2695,-0.0713,-1.3008,9.6133,0.04,0.00,0.00,1
46.143,-6.50,0.53,0.2695,0.0254,-0.8828,9.4648,0.04,0.00,0.00,1
46.162,-6.50,0.53,0.1914,0.0913,-1.0352,10.0352,0.04,0.00,0.00,1
46.182,-6.49,0.53,0.3437,0.1534,-1.5313,9.3828,0.04,0.00,0.00,1
46.194,-6.49,0.52,-0.3828,0.0348,-0.9961,8.9648,0.04,0.00,0.00,1
46.213,-6.48,0.50,0.0000,0.0011,-1.2266,9.1953,0.04,0.00,0.00,1
46.235,-6.47,0.48,0.3828,-0.1611,-0.7656,10.1133,0.04,0.00,0.00,1
46.245,-6.46,0.46,0.3828,-0.0775,-0.7656,10.1133,0.04,0.00,0.00,1
46.265,-6.44,0.48,0.1914,0.0251,-1.3789,9.0000,0.04,0.00,0.00,1
46.283,-6.42,0.47,0.0000,0.0570,-0.9961,9.3867,0.04,0.00,0.00,1
46.296,-6.42,0.45,0.4219,0.0781,-1.0352,10.0000,0.04,0.00,0.00,1
46.313,-6.40,0.43,-0.6914,0.0865,-1.1875,8.0391,0.04,0.00,0.00,1
46.333,-6.38,0.40,0.2305,0.0253,-0.8047,10.1484,0.04,0.00,0.00,1
46.352,-6.37,0.40,-0.3047,-0.0349,-1.2656,8.6953,0.04,0.00,0.00,1
46.365,-6.36,0.40,0.0391,-0.0185,-1.0352,9.0430,0.04,0.00,0.00,1
46.382,-6.34,0.39,0.1523,0.0229,-0.8047,9.7695,0.04,0.00,0.00,1
46.405,-6.32,0.38,-0.3437,0.0973,-0.8047,8.8164,0.04,0.00,0.00,1
46.415,-6.32,0.36,-0.3437,0.0296,-0.8047,8.8164,0.04,0.00,0.00,1
46.436,-6.31,0.34,-0.1523,0.0496,-1.3008,9.2695,0.04,0.00,0.00,1
46.454,-6.30,0.35,-0.4609,-0.0323,-1.0742,8.2734,0.04,0.00,0.00,1
46.467,-6.29,0.35,-0.2305,-0.1088,-0.8438,9.4609,0.04,0.00,0.00,1
46.483,-6.28,0.34,0.0000,-0.1248,-1.3008,8.9609,0.04,0.00,0.00,1
46.504,-6.27,0.32,0.2695,-0.0226,-0.6523,9.8477,0.04,0.00,0.00,1
46.522,-6.26,0.28,0.4961,0.1104,-0.8438,10.3477,0.04,0.00,0.00,1
46.534,-6.26,0.29,0.4219,0.1637,-1.4570,9.3828,0.04,0.00,0.00,1
46.552,-6.26,0.29,-0.3437,0.0823,-0.8828,8.9648,0.04,0.00,0.00,1
46.575,-6.25,0.27,-0.6133,-0.0456,-1.1875,8.3945,0.04,0.00,0.00,1
46.585,-6.24,0.26,-0.6133,-0.1328,-1.1875,8.3945,0.04,0.00,0.00,1
46.602,-6.24,0.22,0.5352,-0.0149,-0.6133,10.2656,0.04,0.00,0.00,1
46.623,-6.24,0.22,0.4219,0.1534,-1.1875,9.7266,0.04,0.00,0.00,1
46.642,-6.23,0.22,-0.1133,0.1473,-0.9180,8.8125,0.04,0.00,0.00,1
46.653,-6.23,0.20,0.3437,0.1439,-0.9961,9.9648,0.04,0.00,0.00,1
46.673,-6.23,0.19,-0.6914,0.1177,-1.0742,8.4648,0.04,0.00,0.00,1
46.692,-6.23,0.16,0.0391,0.0035,-0.9180,9.6094,0.04,0.00,0.00,1
46.704,-6.23,0.15,-0.1523,-0.0063,-1.0352,9.0430,0.04,0.00,0.00,1
