t_s,roll_deg,pitch_deg,raw_ax_mps2,raw_ax_filt_mps2,raw_ay_mps2,raw_az_mps2,speed_kmh,hall_f_hz,hall_r_hz,gps_fix
0.001,-0.39,0.20,-0.6133,-0.6133,-0.1914,8.8164,0.52,1.58,0.00,1
0.019,-0.45,0.19,0.0391,-0.5611,-0.6914,8.8164,0.52,1.58,0.00,1
0.038,-0.52,0.19,-0.0391,-0.3738,-0.7266,9.1211,0.52,1.58,0.00,1
0.052,-0.54,0.19,0.1914,-0.3039,-0.9961,9.4609,0.52,1.58,0.00,1
0.069,-0.59,0.20,-0.7656,-0.3469,-1.1094,7.5469,0.52,1.58,0.00,1
0.089,-0.60,0.18,-0.7266,-0.4570,-0.4961,9.0039,0.52,1.58,0.00,1
0.103,-0.60,0.17,0.0781,-0.3386,-0.8438,9.0039,0.52,1.58,0.00,1
0.120,-0.59,0.11,-0.8438,-0.4244,-0.6914,8.6562,0.52,1.58,0.00,1
0.141,-0.56,0.05,-1.0352,-0.4109,-1.2266,8.4648,0.52,1.58,0.00,1
0.159,-0.51,-0.03,0.3047,-0.4807,-0.6914,10.4141,0.52,1.58,0.00,1
0.171,-0.48,-0.05,-0.3828,-0.3619,-0.4219,9.6875,0.52,1.58,0.00,1
0.190,-0.42,-0.11,-0.4961,-0.3769,-0.2305,9.7266,0.52,1.58,0.00,1
0.209,-0.35,-0.14,0.0781,-0.2905,-0.3437,10.3047,0.52,1.58,0.00,1
0.222,-0.32,-0.15,0.1523,-0.2279,-0.4961,10.5742,0.52,1.58,0.00,1
0.240,-0.23,-0.16,-0.2305,-0.1830,0.0781,10.0000,0.26,0.00,0.00,1
0.258,-0.15,-0.17,-0.3828,-0.2302,-0.2695,9.7656,0.26,0.00,0.00,1
0.280,-0.07,-0.15,-0.6133,-0.1837,0.6523,8.8867,0.26,0.00,0.00,1
0.291,-0.03,-0.15,-0.6133,-0.2497,0.6523,8.8867,0.26,0.00,0.00,1
0.312,0.06,-0.16,-1.0352,-0.2595,1.3398,9.6484,0.26,0.00,0.00,1
0.329,0.15,-0.20,0.0000,-0.3967,-0.9961,9.6914,0.26,0.00,0.00,1
0.342,0.20,-0.23,-1.5313,-0.4314,-0.2305,8.7773,0.26,0.00,0.00,1
0.360,0.26,-0.26,2.0312,-0.4583,2.2969,2.6836,0.26,0.00,0.00,1
0.378,0.33,-0.50,4.0977,0.8478,-0.8047,17.8945,0.26,0.00,0.00,1
0.392,0.35,-0.46,1.6836,1.1538,-0.9961,13.5664,0.26,0.00,0.00,1
0.410,0.43,-0.41,-1.6094,0.6057,0.7266,6.8516,0.26,0.00,0.00,1
0.428,0.54,-0.46,-2.1445,-0.2679,-0.8438,9.3828,0.26,0.00,0.00,1
0.443,0.58,-0.42,-0.3828,-0.4152,3.3711,10.3086,0.26,0.00,0.00,1
0.460,0.63,-0.30,-2.2969,-0.8278,-2.3750,5.8984,0.26,0.00,0.00,1
0.478,0.69,-0.27,-1.0742,-0.9738,2.0312,8.4648,0.26,0.00,0.00,1
0.499,0.76,-0.25,-1.1875,-0.4372,0.3828,8.4648,0.26,0.00,0.00,1
0.512,0.80,-0.27,-0.6133,-0.5573,0.6523,8.5430,0.26,0.00,0.00,1
0.529,0.86,-0.27,-0.4219,-0.5579,-0.3437,7.1250,0.26,0.00,0.00,1
0.550,0.92,-0.30,0.6914,-0.2651,1.3008,11.6016,0.26,0.00,0.00,1
0.562,0.95,-0.27,0.2305,-0.0903,-1.2656,10.5742,0.26,0.00,0.00,1
0.579,1.01,-0.20,-0.8047,-0.0821,0.6523,8.5781,0.26,0.00,0.00,1
0.598,1.11,-0.19,-0.2695,-0.2100,-0.6914,9.2695,0.26,0.00,0.00,1
0.613,1.16,-0.19,-0.0781,-0.2039,0.6523,10.0312,0.26,0.00,0.00,1
0.630,1.24,-0.18,0.3047,-0.0763,-0.3828,9.4609,0.26,0.00,0.00,1
0.648,1.30,-0.14,-0.3437,-0.1117,0.1133,9.6484,0.26,0.00,0.00,1
0.669,1.38,-0.08,-1.7227,-0.2910,0.1133,7.3906,0.26,0.00,0.00,1
0.681,1.43,-0.06,-1.7227,-0.5109,0.1133,7.3906,0.26,0.00,0.00,1
0.702,1.52,-0.03,-0.7656,-0.2509,1.1484,9.0820,0.26,0.00,0.00,1
0.719,1.58,-0.03,-0.1914,-0.3510,0.8438,9.3437,0.26,0.00,0.00,1
0.732,1.60,-0.02,-0.8047,-0.3647,0.4609,8.6992,0.26,0.00,0.00,1
0.750,1.64,-0.02,-0.2305,-0.4436,0.4961,10.4180,0.26,0.00,0.00,1
0.769,1.67,0.01,-1.3789,-0.6251,-0.0391,7.6289,0.26,0.00,0.00,1
0.783,1.70,0.01,-0.7656,-0.6918,1.1875,9.7695,0.26,0.00,0.00,1
0.800,1.73,0.04,-0.4961,-0.6573,0.4961,8.4648,0.26,0.00,0.00,1
0.818,1.76,0.04,-0.8047,-0.6799,1.2266,8.9258,0.26,0.00,0.00,1
0.842,1.77,0.04,-0.9570,-0.4533,-0.6914,6.8516,0.26,0.00,0.00,1
0.851,1.78,0.04,-0.9570,-0.5307,-0.6914,6.8516,0.26,0.00,0.00,1
0.872,1.81,0.01,0.3437,-0.1418,-0.2305,10.6875,0.26,0.00,0.00,1
0.890,1.85,0.04,-0.3437,-0.0591,0.9180,8.6602,0.26,0.00,0.00,1
0.902,1.85,0.06,-0.4961,-0.1343,0.6133,9.1211,0.26,0.00,0.00,1
0.920,1.88,0.08,-0.6133,-0.2463,0.1914,8.1562,0.26,0.00,0.00,1
0.938,1.89,0.06,-0.3437,-0.3118,0.6523,8.8477,0.26,0.00,0.00,1
0.959,1.91,0.05,-0.6133,-0.3805,0.5742,9.4258,0.26,0.00,0.00,1
0.970,1.92,0.05,0.5352,-0.1778,0.0781,9.1953,0.26,0.00,0.00,1
0.988,1.93,0.06,-0.2305,-0.1042,0.5352,10.1133,0.26,0.00,0.00,1
1.011,1.94,0.10,-1.4570,-0.1455,0.0000,7.6992,0.26,0.00,0.00,1
1.021,1.95,0.09,-1.4570,-0.3469,0.0000,7.6992,0.26,0.00,0.00,1
1.041,1.97,0.10,0.3437,-0.2616,0.4609,10.0039,0.26,0.00,0.00,1
1.059,1.98,0.08,-0.7656,-0.1787,0.3828,9.3437,0.26,0.00,0.00,1
1.072,1.99,0.08,0.3047,-0.2229,0.7266,10.2266,0.26,0.00,0.00,1
1.089,2.00,0.09,-1.3789,-0.2080,0.1133,8.1602,0.26,0.00,0.00,1
1.108,2.01,0.07,0.2305,-0.2510,0.9180,10.1523,0.26,0.00,0.00,1
1.128,2.01,0.07,-0.3047,-0.2329,0.6914,9.2656,0.26,0.00,0.00,1
1.140,2.00,0.07,-0.8438,-0.2870,0.6133,9.0820,0.26,0.00,0.00,1
1.158,1.99,0.06,-0.0391,-0.2987,1.1875,9.9648,0.26,0.00,0.00,1
1.182,1.97,0.07,0.0391,-0.2509,0.9570,9.6914,0.26,0.00,0.00,1
1.191,1.95,0.06,0.0391,-0.2064,0.9570,9.6914,0.26,0.00,0.00,1
1.212,1.92,0.05,0.4609,-0.2997,0.7656,10.0352,0.26,0.00,0.00,1
1.230,1.87,0.08,-0.6523,-0.1730,0.9570,9.4648,0.26,0.00,0.00,1
1.243,1.84,0.09,0.1133,-0.2179,0.6914,10.0352,0.26,0.00,0.00,1
1.259,1.77,0.14,-1.0352,-0.2158,0.6133,8.1602,0.35,0.00,0.00,1
1.279,1.71,0.16,-0.1914,-0.3807,0.6133,9.8086,0.35,0.00,0.00,1
1.299,1.63,0.20,0.1914,-0.2314,0.6133,10.0352,0.35,0.00,0.00,1
1.311,1.59,0.22,-1.3398,-0.2890,0.4219,7.7773,0.35,0.00,0.00,1
1.328,1.50,0.27,0.1523,-0.3170,0.6914,10.3828,0.35,0.00,0.00,1
1.349,1.41,0.28,-1.6484,-0.5824,0.1133,6.5508,0.35,0.00,0.00,1
1.361,1.36,0.30,0.6523,-0.3092,1.1094,10.9961,0.35,0.00,0.00,1
1.379,1.27,0.32,-0.0391,-0.1895,0.1914,9.1992,0.35,0.00,0.00,1
1.399,1.17,0.34,0.0000,-0.4449,0.6133,9.9648,0.35,0.00,0.00,1
1.420,1.11,0.37,-1.4180,-0.5365,-0.4961,6.4727,0.35,0.00,0.00,1
1.432,1.02,0.37,0.7656,-0.5569,0.6523,10.7969,0.35,0.00,0.00,1
1.450,0.91,0.37,0.4609,-0.2062,-0.1523,9.3867,0.35,0.00,0.00,1
1.463,0.86,0.37,-0.8828,-0.1661,0.1133,8.4648,0.35,0.00,0.00,1
1.480,0.76,0.37,0.0781,-0.2925,-0.2305,9.0000,0.35,0.00,0.00,1
1.498,0.67,0.35,-0.1133,-0.2085,-0.1133,8.8125,0.35,0.00,0.00,1
1.519,0.57,0.34,0.3437,-0.0803,-0.1133,9.6094,0.35,0.00,0.00,1
1.531,0.54,0.32,0.1133,-0.0375,-0.0781,8.9648,0.35,0.00,0.00,1
1.549,0.45,0.31,1.4570,0.3027,0.0391,10.7656,0.35,0.00,0.00,1
1.571,0.38,0.28,0.4219,-0.0063,0.6133,9.6523,0.35,0.00,0.00,1
1.582,0.34,0.27,0.4219,0.0595,0.6133,9.6523,0.35,0.00,0.00,1
1.600,0.27,0.24,0.0781,0.2565,0.6914,10.3086,0.35,0.00,0.00,1
1.619,0.20,0.24,-0.5742,0.1537,-0.5742,7.9297,0.35,0.00,0.00,1
1.638,0.14,0.21,0.6914,0.1857,-0.1133,10.4570,0.35,0.00,0.00,1
1.650,0.12,0.20,0.7266,0.2662,0.1914,10.5703,0.35,0.00,0.00,1
1.669,0.06,0.18,-0.5742,0.1352,-0.2695,9.0391,0.35,0.00,0.00,1
1.689,-0.00,0.19,-0.2305,0.0101,0.0391,9.3086,0.35,0.00,0.00,1
1.701,-0.00,0.19,0.6133,0.1028,-0.3828,10.2305,0.35,0.00,0.00,1
1.719,-0.09,0.19,0.1914,0.1542,0.0391,9.5781,0.35,0.00,0.00,1
1.742,-0.15,0.20,0.4219,-0.0095,0.1914,9.8867,0.35,0.00,0.00,1
1.752,-0.19,0.23,0.4219,0.0567,0.1914,9.8867,0.35,0.00,0.00,1
1.772,-0.24,0.22,0.1133,0.1645,0.1914,9.3437,0.35,0.00,0.00,1
1.790,-0.30,0.22,-0.6914,0.0856,-0.4609,8.5391,0.35,0.00,0.00,1
1.803,-0.34,0.22,0.3828,-0.0004,0.1133,9.7656,0.35,0.00,0.00,1
1.820,-0.40,0.24,0.4219,0.1114,-0.1914,9.5039,0.35,0.00,0.00,1
1.839,-0.42,0.23,0.0000,0.1346,0.1523,9.1602,0.35,0.00,0.00,1
1.858,-0.51,0.21,-0.8438,-0.0903,-0.2695,8.4219,0.35,0.00,0.00,1
1.871,-0.55,0.22,0.5742,-0.0926,-0.1133,9.8086,0.35,0.00,0.36,1
1.888,-0.61,0.23,0.3828,0.0924,-0.1914,9.5391,0.35,0.00,0.36,1
1.912,-0.68,0.23,-0.7266,-0.0143,-0.0781,8.7383,0.35,0.00,0.36,1
1.922,-0.71,0.22,-0.7266,-0.1237,-0.0781,8.7383,0.35,0.00,0.36,1
1.939,-0.78,0.24,0.2695,-0.0742,-0.1914,9.2695,0.35,0.00,0.36,1
1.960,-0.86,0.24,-0.2695,0.1497,-0.2305,8.8437,0.35,0.00,0.36,1
1.978,-0.91,0.25,-0.3828,0.0134,-0.0781,8.4219,0.35,0.00,0.36,1
1.990,-0.99,0.27,0.1914,-0.0015,-0.2695,9.0781,0.35,0.00,0.36,1
2.009,-1.06,0.27,1.2266,0.1360,-0.4219,10.3828,0.35,0.00,0.36,1
2.028,-1.16,0.30,0.4609,0.3384,-0.2695,9.1602,0.35,0.00,0.36,1
2.041,-1.20,0.30,0.0391,0.3234,-0.3437,8.7773,0.35,0.00,0.36,1
2.058,-1.29,0.33,0.6523,0.3622,-0.4961,9.0430,0.35,0.00,0.36,1
2.078,-1.37,0.32,1.1484,0.5543,-0.2695,10.2266,0.35,0.00,0.36,1
2.092,-1.40,0.32,0.4961,0.5414,-0.6133,8.8125,0.35,0.00,0.36,1
2.109,-1.48,0.32,0.0781,0.4361,-0.5352,8.6602,0.35,0.00,0.36,1
2.130,-1.56,0.33,0.6914,0.5705,-0.7656,8.8867,0.35,0.00,0.36,1
2.143,-1.60,0.32,0.6914,0.5891,-0.7656,8.8867,0.35,0.00,0.36,1
2.162,-1.68,0.32,0.0781,0.4421,-0.6914,8.0781,0.35,0.00,0.36,1
2.181,-1.74,0.31,1.7227,0.4704,-0.1523,11.6016,0.35,0.00,0.36,1
2.199,-1.81,0.31,-0.3437,0.4400,-0.5742,7.0508,0.35,0.00,0.36,1
2.211,-1.84,0.30,0.7266,0.4053,0.0391,10.5312,0.35,0.00,0.36,1
2.228,-1.91,0.29,1.2656,0.6341,-0.7266,9.2695,0.35,0.00,0.36,1
2.250,-1.96,0.27,1.1875,0.7959,-0.4219,10.4961,0.35,0.00,0.36,1
2.262,-1.98,0.28,-0.6914,0.4667,-0.6914,7.4297,0.37,0.00,0.36,1
2.280,-2.03,0.25,0.9961,0.5118,-0.4609,9.7305,0.37,0.00,0.36,1
2.301,-2.07,0.24,-0.0391,0.5596,-0.8828,8.6211,0.37,0.00,0.36,1
2.313,-2.10,0.22,-0.0391,0.4676,-0.8828,8.6211,0.37,0.00,0.36,1
2.332,-2.12,0.23,0.0781,0.5771,-0.6914,9.0781,0.37,0.00,0.36,1
2.350,-2.15,0.21,0.9961,0.5090,-0.2305,9.2695,0.37,0.38,0.36,1
2.369,-2.18,0.20,1.1484,0.7088,-0.8438,10.3086,0.37,0.38,0.36,1
2.381,-2.18,0.20,1.6484,0.8163,-0.0781,11.0352,0.37,0.38,0.00,1
2.398,-2.20,0.21,-0.4609,0.6332,-0.9180,6.8555,0.37,0.38,0.00,1
2.418,-2.22,0.20,1.1875,0.6877,0.0000,10.7305,0.37,0.38,1.84,1
2.432,-2.22,0.19,0.8438,0.7370,-1.0352,9.1211,0.37,0.38,1.84,1
2.449,-2.23,0.19,0.3437,0.6627,-0.6914,9.5781,0.37,0.38,1.84,1
2.472,-2.23,0.20,1.1094,0.6462,-1.0742,9.5820,0.37,0.38,1.84,1
2.483,-2.22,0.18,1.1094,0.7174,-1.0742,9.5820,0.37,0.38,1.84,1
2.502,-2.22,0.20,0.0000,0.6613,-0.7656,8.8437,0.37,0.38,1.84,1
2.519,-2.22,0.21,1.8789,0.6240,0.0391,10.9922,0.37,0.38,1.84,1
2.539,-2.22,0.21,-0.0391,0.6274,-0.8047,7.9687,0.37,0.38,1.84,1
2.551,-2.21,0.18,0.1133,0.5372,0.2695,9.6484,0.37,5.24,1.84,1
2.569,-2.20,0.16,1.4180,0.6814,-0.8438,9.9219,0.37,5.24,1.84,1
2.588,-2.18,0.17,1.5703,0.9662,-0.2305,11.1523,0.37,5.24,6.23,1
2.602,-2.18,0.20,-0.6133,0.8843,-0.4219,7.3945,0.37,5.24,6.23,1
2.619,-2.17,0.18,0.6133,0.6452,0.1133,10.0742,0.37,5.24,6.23,1
2.638,-2.15,0.18,1.1875,0.7632,-0.6523,9.5430,0.37,5.24,6.23,1
2.660,-2.14,0.17,0.2695,0.5949,-0.4219,8.7344,0.37,5.24,6.23,1
2.672,-2.13,0.18,0.6523,0.5535,-0.5352,9.5430,0.37,7.60,6.23,1
2.690,-2.12,0.19,0.5742,0.5753,0.2695,9.2266,0.37,7.60,6.23,1
2.709,-2.12,0.20,-0.0781,0.4748,-0.4961,8.4219,0.37,7.60,8.35,1
2.722,-2.13,0.19,1.7227,0.4965,0.4219,11.1133,0.37,7.60,8.35,1
2.739,-2.14,0.21,-0.3047,0.6821,-0.6133,7.4336,0.37,7.60,8.35,1
2.759,-2.15,0.18,0.1523,0.4468,0.6523,9.3867,0.37,7.60,8.35,1
2.772,-2.16,0.18,0.6523,0.4416,-0.3047,9.4609,0.37,7.60,8.35,1
2.789,-2.19,0.15,1.5703,0.7166,0.1914,11.2969,0.37,9.33,8.35,1
2.809,-2.22,0.15,0.0391,0.6198,-0.3437,8.1602,0.37,9.33,9.74,1
2.823,-2.23,0.14,0.9570,0.6945,0.1914,10.2266,0.37,9.33,9.74,1
2.840,-2.26,0.13,1.1094,0.8026,-0.3828,9.3437,0.37,9.33,9.74,1
2.862,-2.29,0.13,-0.1523,0.6870,-0.0391,8.1211,0.37,9.33,9.74,1
2.880,-2.34,0.13,0.5742,0.5071,-0.6523,9.8086,0.37,10.54,9.74,1
2.892,-2.35,0.14,0.5352,0.5188,-0.3828,8.3516,0.37,10.54,11.31,1
2.910,-2.39,0.13,0.0391,0.4838,-0.8438,8.9648,0.37,10.54,11.31,1
2.928,-2.44,0.12,1.9531,0.7558,-0.3047,11.2578,0.37,10.54,11.31,1
2.942,-2.46,0.12,-0.0781,0.7772,-0.2695,8.0078,0.37,10.54,11.31,1
2.960,-2.51,0.11,0.5352,0.6213,-0.0781,8.4648,0.37,12.03,11.31,1
2.978,-2.55,0.09,0.4961,0.5882,-0.2695,9.1953,0.37,12.03,12.50,1
2.993,-2.58,0.07,1.6836,0.8307,0.0781,11.1133,0.37,12.03,12.50,1
3.010,-2.62,0.05,-0.3437,0.6728,-1.0352,6.9297,0.37,12.03,12.50,1
3.031,-2.67,-0.00,1.4180,1.0063,-0.6133,10.1094,0.37,12.03,12.50,1
3.050,-2.71,-0.02,0.8047,1.0740,-0.4961,8.7344,0.37,13.24,14.19,1
3.062,-2.73,-0.02,0.2305,0.9685,-0.1523,8.9609,0.37,13.24,14.19,1
3.080,-2.77,-0.01,1.2656,0.8420,-0.7656,9.3477,0.37,13.24,14.19,1
3.099,-2.81,-0.04,0.3437,0.7824,-0.0781,8.9219,0.37,13.24,14.19,1
3.112,-2.83,-0.04,0.6133,0.7366,-0.7656,7.9687,0.37,14.70,15.08,1
3.129,-2.86,-0.05,1.8398,0.8900,0.2305,10.0352,0.37,14.70,15.08,1
3.149,-2.93,-0.09,0.1133,0.8317,-0.7656,8.4258,0.37,14.70,15.08,1
3.163,-2.96,-0.12,1.0742,0.7982,0.0000,8.6172,0.37,15.96,17.21,1
3.181,-3.01,-0.19,0.8438,0.8413,-0.9961,9.7656,0.37,15.96,17.21,1
3.201,-3.05,-0.25,1.4922,0.9720,-0.4609,10.5703,0.37,15.96,17.21,1
3.221,-3.09,-0.24,0.9570,1.0767,-1.1094,8.6562,0.37,17.54,17.98,1
3.232,-3.10,-0.26,0.5352,1.0165,0.0391,8.6953,0.37,17.54,17.98,1
3.250,-3.14,-0.29,1.8398,0.9843,-1.4922,9.5391,0.37,17.54,17.98,1
3.270,-3.16,-0.32,1.3789,1.1562,-0.4219,10.3828,0.57,17.54,19.90,1
3.282,-3.17,-0.37,0.8438,1.1476,-1.2656,8.7344,0.57,18.61,19.90,1
3.300,-3.18,-0.43,1.4922,1.1133,-0.6914,10.1484,0.57,18.61,19.90,1
3.318,-3.19,-0.47,-0.0781,0.8949,-0.8047,7.8516,0.57,18.61,20.91,1
3.333,-3.18,-0.51,1.6094,0.8805,-1.3789,9.9258,0.57,20.21,20.91,1
3.350,-3.17,-0.58,2.6055,1.3494,-0.8438,11.9883,0.57,20.21,20.91,1
3.368,-3.16,-0.58,0.4609,1.2310,-0.6133,8.8867,0.57,20.21,22.28,1
3.391,-3.13,-0.61,-0.5352,1.2282,-0.5742,7.2773,0.57,21.03,22.28,1
3.403,-3.12,-0.65,2.5273,1.0829,-0.6523,10.3828,0.57,21.03,22.99,1
3.420,-3.10,-0.69,2.6445,1.5020,-0.3437,12.3398,0.57,22.57,22.99,1
3.440,-3.07,-0.69,1.3008,1.7185,-0.7656,9.9648,0.57,22.57,22.99,1
3.452,-3.06,-0.69,0.6523,1.5742,-0.5352,7.7344,0.57,22.57,24.34,1
3.469,-3.03,-0.72,-0.1133,1.2515,-0.5742,8.0117,0.57,23.22,24.34,1
3.489,-2.98,-0.80,2.4141,1.3455,-1.1875,10.4180,0.57,23.22,25.25,1
3.503,-2.96,-0.82,1.5703,1.4422,-1.1875,10.9531,0.57,24.48,25.25,1
3.521,-2.90,-0.80,1.9531,1.5706,-0.8438,11.4570,0.57,24.48,26.28,1
3.540,-2.84,-0.80,-0.7656,1.0774,0.0781,5.8984,0.57,24.98,26.28,1
3.560,-2.79,-0.86,2.4141,1.1030,-0.5352,10.2266,0.57,24.98,27.10,1
3.571,-2.77,-0.87,2.4141,1.3044,-0.5352,10.2266,0.57,26.53,27.10,1
3.592,-2.70,-0.88,3.2187,1.2040,-0.9570,12.9062,0.57,26.53,27.10,1
3.611,-2.63,-0.80,-1.1875,1.4229,-1.0742,5.4805,0.57,26.53,28.77,1
3.622,-2.58,-0.80,1.6094,1.0689,-0.0781,10.6523,0.57,26.61,28.77,1
3.640,-2.50,-0.80,0.0391,1.0966,-0.3047,6.9687,0.57,26.61,28.53,1
3.658,-2.43,-0.81,-0.1133,0.7023,-0.9180,7.5898,0.57,28.34,28.53,1
3.673,-2.38,-0.85,3.7539,0.8864,-0.2305,14.0547,0.57,28.34,30.06,1
3.690,-2.28,-0.80,-0.2695,0.9736,-0.6914,6.8242,0.57,28.22,30.59,1
3.709,-2.15,-0.81,2.0312,1.1302,-0.4961,10.5352,0.57,28.22,30.59,1
3.732,-2.04,-0.81,1.2266,0.6626,-1.1094,8.9609,0.57,30.18,32.03,1
3.742,-1.98,-0.84,1.2266,0.7492,-1.1094,8.9609,0.57,30.18,32.03,1
3.762,-1.85,-0.86,0.1914,1.1020,-1.9531,8.2773,0.57,29.98,31.92,1
3.780,-1.70,-0.86,1.3398,0.9356,-0.6914,9.0000,0.57,29.98,31.92,1
3.792,-1.61,-0.89,-0.8828,0.8472,0.1914,7.0859,0.57,31.56,32.87,1
3.810,-1.43,-0.94,2.1836,0.6019,-0.5742,10.0742,0.57,31.56,32.87,1
3.829,-1.25,-1.01,3.6016,1.4549,-0.5742,13.0625,0.57,31.89,33.89,1
3.843,-1.15,-0.98,1.2656,1.5978,-0.9570,9.9258,0.57,32.82,34.87,1
3.861,-0.92,-1.00,0.4961,1.3142,0.0781,7.0469,0.57,32.82,34.87,1
3.879,-0.70,-1.09,-0.8828,0.7302,0.1133,6.8555,0.57,33.57,34.88,1
3.901,-0.47,-1.17,2.1055,1.3554,0.3437,10.8750,0.57,33.57,34.88,1
3.911,-0.36,-1.19,2.1055,1.4706,0.3437,10.8750,0.57,34.39,36.57,1
3.932,-0.14,-1.20,0.0391,1.2959,0.6523,6.9297,0.57,34.39,36.13,1
3.950,0.10,-1.27,0.1523,0.9485,0.3437,7.8555,0.57,34.60,36.13,1
3.963,0.24,-1.34,3.2187,1.0176,-0.0781,11.3398,0.57,36.06,37.52,1
3.980,0.49,-1.42,2.3359,1.5712,0.9961,11.7227,0.57,36.06,37.52,1
3.999,0.62,-1.46,1.3008,1.6291,-0.3047,9.0039,0.57,35.66,37.69,1
4.013,0.88,-1.45,0.3047,1.4990,1.4570,8.3555,0.57,36.75,38.16,1
4.030,1.12,-1.51,0.3047,1.1603,0.0000,9.3086,0.57,36.75,38.16,1
4.049,1.37,-1.56,2.5664,1.3691,0.3828,11.5742,0.57,36.51,38.41,1
4.071,1.63,-1.60,1.6094,1.1862,-0.5352,11.4180,0.57,37.32,38.83,1
4.081,1.75,-1.59,1.6094,1.2512,-0.5352,11.4180,0.57,37.32,38.78,1
4.099,2.01,-1.57,-1.7227,0.6153,1.8789,6.0898,0.57,37.03,38.78,1
4.120,2.26,-1.55,0.3828,0.8857,0.6914,8.5781,0.57,37.03,38.97,1
4.140,2.51,-1.59,1.4570,0.9520,0.4961,10.0742,0.57,38.07,38.97,1
4.150,2.64,-1.60,0.7266,0.9711,0.3437,9.2656,0.57,38.22,38.87,1
4.170,2.90,-1.64,0.8438,0.9111,0.2305,9.4609,0.57,38.22,40.36,1
4.183,3.03,-1.64,-0.7266,0.7706,1.0742,7.5859,0.57,38.60,39.74,1
4.201,3.29,-1.65,0.3828,0.4347,0.5742,9.3437,0.57,38.60,39.74,1
4.219,3.52,-1.66,-0.5352,0.2139,1.3398,7.3164,0.57,38.74,41.75,1
4.238,3.75,-1.73,1.9922,0.5608,0.8438,11.1133,0.57,39.89,40.74,1
4.251,3.87,-1.73,1.4922,0.7669,0.6523,11.5703,0.57,39.02,40.74,1
4.270,4.10,-1.69,0.1523,0.6761,0.8828,8.3945,1.44,39.02,42.63,1
4.290,4.32,-1.73,1.3398,0.0931,-0.2305,10.2266,1.44,40.12,41.11,1
4.302,4.43,-1.74,1.3398,0.2846,-0.2305,10.2266,1.44,39.61,43.33,1
4.322,4.67,-1.77,1.3789,0.2951,0.5352,10.4922,1.44,39.61,43.33,1
4.340,4.86,-1.78,0.7656,0.5534,1.3398,9.7266,1.44,40.68,42.54,1
4.353,4.96,-1.81,0.9570,0.6157,1.3398,11.3750,1.44,39.95,44.27,1
4.371,5.14,-1.78,-1.1094,0.5472,0.9961,7.3516,1.44,39.95,44.27,1
4.389,5.32,-1.76,0.5352,0.3464,0.9961,8.9219,1.44,40.63,43.01,1
4.409,5.50,-1.76,0.9570,0.4933,-0.4961,8.6953,1.44,40.67,44.82,1
4.421,5.50,-1.76,2.1445,0.7469,0.3437,11.7617,1.44,41.45,45.11,1
4.439,5.77,-1.72,0.2305,0.7197,1.6094,7.9727,1.44,41.45,45.11,1
4.461,5.92,-1.66,0.0000,0.5345,0.2695,8.7383,1.44,40.90,45.77,1
4.472,5.99,-1.63,0.0000,0.4524,0.2695,8.7383,1.44,41.72,46.23,1
4.492,6.15,-1.59,0.8438,0.4826,-0.1914,9.1992,1.44,41.72,46.63,1
4.510,6.32,-1.62,0.5742,0.5634,-1.0742,10.1094,1.44,41.83,46.82,1
4.523,6.41,-1.63,-0.1133,0.5108,1.7227,9.0039,1.44,42.28,46.82,1
4.540,6.58,-1.68,0.9180,0.4163,0.6133,10.6094,1.44,42.28,48.63,1
4.559,6.66,-1.69,0.9961,0.5706,0.0391,11.2578,1.44,41.68,47.44,1
4.578,6.90,-1.66,1.1484,0.7250,-0.1523,10.5352,1.44,42.46,48.92,1
4.591,6.99,-1.63,-0.5742,0.6522,-0.2695,8.4258,1.44,42.46,48.92,1
4.610,7.17,-1.62,-0.5742,0.2341,-0.4961,9.4609,1.44,42.00,47.63,1
4.632,7.35,-1.56,0.4609,0.0724,2.3750,10.9570,1.44,43.18,49.37,1
4.642,7.43,-1.54,0.4609,0.1320,2.3750,10.9570,1.44,41.90,49.15,1
4.663,7.57,-1.47,-1.3398,0.2480,0.0000,8.1953,1.44,41.90,49.62,1
4.680,7.73,-1.44,-1.1484,-0.1870,-0.5742,8.0078,1.44,43.34,48.98,1
4.693,7.82,-1.43,-1.3008,-0.4120,-0.1914,8.0078,1.44,43.09,48.98,1
4.711,7.99,-1.45,-0.8047,-0.6243,1.5703,8.5000,1.44,44.63,51.35,1
4.730,8.12,-1.51,1.4180,-0.1939,1.3008,12.1055,1.44,44.63,50.90,1
4.748,8.22,-1.49,0.0391,0.0504,0.7656,9.9609,1.44,43.61,52.46,1
4.761,8.27,-1.48,0.2305,0.0640,1.2656,8.9648,1.44,45.02,52.46,1
4.781,8.37,-1.49,-0.2695,0.0101,-1.1094,8.1992,1.44,44.83,53.38,1
4.799,8.50,-1.50,0.3828,0.0752,-0.1133,10.1094,1.44,45.81,54.38,1
4.812,8.56,-1.52,-0.1914,0.0162,1.2266,7.3125,1.44,45.81,54.81,1
4.829,8.64,-1.57,0.9180,0.2028,-0.5352,11.3008,1.44,45.40,54.36,1
4.851,8.71,-1.53,0.6133,0.2826,0.6133,9.7305,1.44,46.31,55.95,1
4.870,8.78,-1.50,-0.4219,0.1663,-0.4961,7.6250,1.44,46.23,55.07,1
4.880,8.83,-1.52,1.4180,0.2231,0.5352,10.5742,1.44,46.23,56.14,1
4.900,8.91,-1.53,-0.9961,0.3689,0.3437,6.5469,1.44,47.30,55.98,1
4.918,8.99,-1.57,-0.1523,0.0902,0.0000,9.8047,1.44,46.67,56.54,1
4.931,9.02,-1.56,-2.2227,-0.1126,-0.0781,5.4023,1.44,47.38,56.76,1
4.948,9.07,-1.63,0.0391,-0.3314,0.5352,9.1602,1.44,48.09,57.06,1
4.969,9.11,-1.74,-0.4609,-0.3370,-0.4219,8.5781,1.44,48.69,57.78,1
4.982,9.14,-1.82,-0.4219,-0.3558,-0.9180,8.0391,1.44,47.83,58.65,1
4.999,9.16,-1.99,0.0000,-0.2812,3.1797,10.4141,1.44,47.83,58.29,1
5.021,9.17,-2.11,-1.7227,-0.2029,0.6523,7.3906,1.44,48.16,59.51,1
5.033,9.19,-2.18,-1.7227,-0.4363,0.6523,7.3906,1.44,47.73,57.35,1
5.052,9.21,-2.29,-1.4180,-0.3128,-2.0312,7.9336,1.44,48.26,59.84,1
5.070,9.26,-2.43,1.3789,-0.4025,1.0742,10.5703,1.44,48.26,57.22,1
5.089,9.27,-2.58,-0.1133,-0.1254,-0.9570,10.5742,1.44,48.45,59.31,1
5.101,9.28,-2.64,-0.0391,-0.1176,0.5742,9.5781,1.44,49.14,59.38,1
5.120,9.28,-2.78,-0.5352,-0.2006,1.9922,9.0000,1.44,48.17,59.43,1
5.140,9.26,-2.90,0.0781,-0.1598,-1.2656,9.5391,1.44,49.94,60.05,1
5.152,9.27,-3.00,-0.7266,-0.2852,0.0000,7.2344,1.44,49.13,60.64,1
5.169,9.26,-3.18,1.9531,0.1574,-0.4609,10.6133,1.44,49.13,59.55,1
5.192,9.26,-3.33,1.0742,0.4734,0.2695,9.5391,1.44,49.87,61.49,1
5.203,9.26,-3.38,1.0742,0.5657,0.2695,9.5391,1.44,48.99,59.75,1
5.222,9.27,-3.49,0.8438,0.7986,-2.0312,8.8164,1.44,50.30,60.42,1
5.240,9.30,-3.61,1.1484,0.8357,0.3437,10.4180,1.44,49.42,59.39,1
5.260,9.33,-3.67,0.3047,0.7948,-1.0742,8.0820,4.69,49.94,60.13,1
5.271,9.36,-3.78,1.6484,0.8270,-0.2695,11.8398,4.69,49.09,58.37,1
5.290,9.40,-3.81,-0.4219,0.6489,-1.9922,7.3164,4.69,49.09,60.11,1
5.309,9.44,-3.86,1.3789,0.7437,0.5742,9.5000,4.69,50.06,58.00,1
5.322,9.45,-3.87,0.0000,0.7310,-0.6133,7.9727,4.69,49.26,59.29,1
5.339,9.49,-3.93,1.2656,0.7619,-0.8828,9.6875,4.69,50.47,58.71,1
5.362,9.52,-4.03,0.7656,0.6669,-0.1914,10.3477,4.69,49.16,60.04,1
5.373,9.53,-4.05,0.7656,0.6821,-0.1914,10.3477,4.69,49.94,58.16,1
5.392,9.56,-4.12,0.8047,0.3860,-0.7266,9.3086,4.69,49.94,59.89,1
5.411,9.56,-4.18,-0.1914,0.4251,-0.6133,8.3164,4.69,49.51,58.66,1
5.424,9.57,-4.21,1.2266,0.4021,-0.2305,10.7266,4.69,50.51,60.07,1
5.441,9.58,-4.26,1.5313,0.6603,1.0352,11.8789,4.69,48.74,59.22,1
5.459,9.59,-4.29,1.1094,0.8425,0.1133,11.5352,4.69,49.18,59.42,1
5.479,9.61,-4.28,0.9961,0.9084,-1.6094,10.9961,4.69,48.62,58.23,1
5.492,9.62,-4.27,0.9961,0.9219,-1.6094,10.9961,4.69,49.51,58.71,1
5.509,9.66,-4.26,1.0352,0.8185,-0.2695,12.3750,4.69,49.51,58.09,1
5.529,9.67,-4.17,-0.7266,0.4900,-0.4961,9.1602,4.69,48.47,59.11,1
5.543,9.68,-4.14,0.6133,0.5173,0.7656,12.1797,4.69,49.20,57.69,1
5.560,9.70,-4.03,-0.9961,0.1884,-0.8047,10.0352,4.69,48.57,58.42,1
5.580,9.72,-3.91,-0.4609,0.3971,0.1523,9.0820,4.69,49.71,58.13,1
5.600,9.73,-3.89,0.3437,0.2774,-1.8789,10.1094,4.69,49.72,58.26,1
5.612,9.75,-3.81,0.1523,0.2767,0.1523,10.6094,4.69,49.72,58.06,1
5.631,9.75,-3.73,0.4609,0.2661,-0.4609,9.9648,4.69,49.99,59.17,1
5.649,9.75,-3.64,-1.1094,-0.0150,0.0391,8.1992,4.69,49.62,57.66,1
5.662,9.75,-3.61,0.0781,-0.0881,-0.6523,9.1953,4.69,51.21,59.62,1
5.680,9.75,-3.54,0.1133,-0.0236,0.2305,9.1172,4.69,50.03,58.05,1
5.700,9.76,-3.49,0.1523,0.0238,-0.3047,9.1172,4.69,51.12,59.39,1
5.713,9.76,-3.50,0.4609,0.1206,-1.3008,9.9609,4.69,49.79,58.34,1
5.730,9.77,-3.44,0.9961,0.3355,-0.7656,10.5352,4.69,49.79,58.23,1
5.751,9.79,-3.36,-0.6523,0.2836,-0.4961,7.1680,4.69,51.29,57.43,1
5.764,9.80,-3.34,-0.6523,0.1398,-0.4961,7.1680,4.69,50.77,58.19,1
5.782,9.81,-3.30,-0.6523,0.1744,0.0781,7.8164,4.69,51.85,58.15,1
5.800,9.83,-3.29,0.0391,-0.0048,0.7266,8.2773,4.69,50.80,58.94,1
5.819,9.83,-3.30,-1.3398,-0.2950,-1.6094,6.5859,4.69,51.79,57.31,1
5.832,9.84,-3.33,0.1523,-0.3361,-0.1523,9.0820,4.69,51.17,59.93,1
5.850,9.87,-3.38,-0.4219,-0.2967,-0.0391,8.1562,4.69,51.17,58.28,1
5.870,9.89,-3.42,1.3008,0.0491,-1.0742,9.7305,4.69,52.03,59.20,1
5.883,9.89,-3.42,0.6133,0.1357,-1.4180,8.7773,4.69,51.63,58.67,1
5.900,9.96,-3.47,1.4180,0.4766,-1.0352,10.8750,4.69,52.13,59.23,1
5.922,10.02,-3.52,-0.2695,0.1241,-1.0352,8.3516,4.69,51.16,58.79,1
5.940,10.09,-3.60,0.2695,0.0556,0.4961,10.4922,4.69,52.40,59.23,1
5.952,10.12,-3.61,0.0781,0.0876,-1.9531,7.9336,4.69,51.89,58.93,1
5.971,10.21,-3.64,0.9961,0.1584,0.0391,10.4531,4.69,52.12,59.77,1
5.990,10.31,-3.65,0.6523,0.3679,-0.4219,10.9570,4.69,51.23,58.76,1
6.002,10.35,-3.66,-0.6523,0.3072,-0.4219,8.3906,4.69,52.25,60.49,1
6.021,10.41,-3.70,1.2266,0.3237,0.9180,11.4531,4.69,52.25,58.76,1
6.040,10.55,-3.70,1.1875,0.6228,-0.4961,12.1445,4.69,50.82,59.62,1
6.053,10.60,-3.66,-0.9961,0.5349,-1.0352,8.5430,4.69,51.37,57.85,1
6.070,10.73,-3.61,0.4219,0.3268,0.1914,11.4922,4.69,50.75,59.24,1
6.092,10.86,-3.50,-0.3437,0.1731,-0.0391,8.7773,4.69,51.72,57.71,1
6.110,10.97,-3.45,-0.1914,0.0387,0.0781,8.3906,4.69,51.85,58.65,1
6.123,11.03,-3.45,0.5352,0.0459,-0.3828,10.1094,4.69,52.53,58.52,1
6.140,11.15,-3.43,-0.7656,0.0806,1.0742,7.7734,4.69,52.53,59.81,1
6.159,11.21,-3.42,0.5352,0.0404,0.2695,11.3359,4.69,51.79,59.04,1
6.172,11.31,-3.38,-0.1523,0.0614,0.1914,9.6523,4.69,52.43,60.55,1
6.190,11.43,-3.32,0.1523,0.0251,-1.1484,8.5000,4.69,52.25,58.92,1
6.209,11.56,-3.29,-0.5352,-0.0836,-1.1484,8.5000,4.69,53.44,60.09,1
6.223,11.64,-3.27,-0.3437,-0.1377,-0.6914,8.5781,4.69,52.53,60.31,1
6.240,11.80,-3.28,0.7656,0.0376,1.3398,11.2227,4.69,53.48,60.36,1
6.259,11.93,-3.26,0.6523,0.2190,0.5352,10.4531,4.69,52.44,59.74,1
6.280,12.06,-3.24,-0.4219,-0.2788,0.5352,8.6562,4.19,54.30,60.92,1
6.291,12.13,-3.20,-0.4219,-0.3007,0.5352,8.6562,4.19,53.42,60.70,1
6.311,12.27,-3.25,-0.1523,-0.4805,0.4961,9.7305,4.19,53.42,61.23,1
6.329,12.43,-3.33,-0.1523,-0.3874,0.4961,9.7305,4.19,54.38,60.27,1
6.342,12.49,-3.34,-1.1484,-0.3610,0.0781,9.0781,4.19,53.17,61.83,1
6.360,12.64,-3.38,1.5313,-0.3699,2.2227,13.5234,4.19,54.02,60.28,1
6.379,12.76,-3.36,-1.1484,-0.3148,-1.2266,8.9609,4.19,52.82,61.94,1
6.393,12.84,-3.37,-1.3008,-0.4551,-1.4570,8.1992,4.19,54.22,60.45,1
6.410,13.01,-3.43,-0.7266,-0.6163,-0.3047,9.8437,4.19,53.25,61.56,1
6.430,13.18,-3.48,0.3828,-0.4021,0.7656,11.0352,4.19,54.64,61.63,1
6.444,13.24,-3.52,-2.1055,-0.7790,1.9922,6.4414,4.19,53.57,62.24,1
6.461,13.34,-3.58,0.7266,-0.5285,0.1914,10.8789,4.19,55.07,63.55,1
6.483,13.46,-3.64,1.8789,-0.1953,-0.6133,11.3359,4.19,54.24,62.09,1
6.500,13.60,-3.70,0.2305,0.2611,-0.4219,9.1953,4.19,54.89,64.19,1
6.513,13.68,-3.75,1.3789,0.3462,0.6133,11.3008,4.19,54.89,64.19,1
6.530,13.80,-3.77,-0.8438,0.4613,-0.9570,7.6289,4.19,54.45,63.46,1
6.549,13.94,-3.80,0.1133,0.2282,-0.1914,7.9687,4.19,55.56,62.59,1
6.563,14.01,-3.80,-0.2695,0.1799,0.1133,8.9648,4.19,54.65,63.44,1
6.580,14.16,-3.80,0.0781,0.1036,-0.0781,8.3125,4.19,55.78,62.49,1
6.600,14.31,-3.81,0.5352,0.1975,1.5313,10.3828,4.19,54.39,63.18,1
6.614,14.37,-3.78,1.1094,0.3993,0.5742,10.8359,4.19,54.79,62.43,1
6.631,14.50,-3.75,-1.2266,0.0837,0.4961,6.6680,4.19,54.91,63.04,1
6.653,14.64,-3.78,-0.1133,-0.1331,0.4219,9.5000,4.19,55.35,62.56,1
6.670,14.77,-3.78,0.0391,-0.1153,0.7266,9.5430,4.19,54.72,63.28,1
6.683,14.84,-3.77,0.7266,-0.0261,0.4961,11.2187,4.19,54.83,65.39,1
6.701,14.94,-3.71,-0.3828,0.0986,0.9961,9.2656,4.19,53.66,65.39,1
6.720,15.06,-3.67,1.1484,0.2733,-0.6523,11.9180,4.19,54.90,64.01,1
6.733,15.12,-3.62,-0.5742,0.2699,-1.7227,8.1992,4.19,54.15,62.54,1
6.750,15.28,-3.58,0.8438,0.2960,-0.0391,11.3359,4.19,54.15,64.60,1
6.769,15.44,-3.51,-0.3828,0.2113,0.3437,9.7656,4.19,54.50,63.07,1
6.784,15.52,-3.47,0.0391,0.1538,2.3359,11.3398,4.19,53.82,62.81,1
6.801,15.65,-3.36,-1.8789,-0.3032,-0.4961,9.5430,4.19,54.22,62.60,1
6.819,15.81,-3.24,-0.6523,-0.4787,-0.5352,10.4141,4.19,54.25,64.39,1
6.840,15.96,-3.20,-0.6523,-0.8375,-0.8047,9.4258,4.19,54.83,63.47,1
6.853,16.03,-3.19,-0.1133,-0.7534,2.4883,10.8789,4.19,54.14,65.67,1
6.869,16.09,-3.18,-0.1133,-0.6551,2.4883,10.8789,4.19,54.98,65.62,1
6.892,16.14,-3.17,-0.4961,-0.4545,0.4219,9.9258,4.19,54.03,65.48,1
6.903,16.30,-3.02,-0.3828,-0.4547,0.3047,8.4609,4.19,55.41,65.60,1
6.920,16.44,-2.93,-0.2305,-0.4221,-2.3750,8.2383,4.19,54.77,64.41,1
6.939,16.59,-2.90,-0.7656,-0.4752,-0.9570,7.6250,4.19,55.76,66.90,1
6.959,16.74,-2.89,0.2305,-0.3371,0.9570,10.0352,4.19,54.61,65.62,1
6.971,16.81,-2.84,0.4609,-0.1605,1.1484,10.4961,4.19,54.61,66.45,1
6.989,16.94,-2.75,0.1523,-0.0526,-0.0781,9.1953,4.19,55.69,65.73,1
7.011,17.09,-2.65,0.9180,0.0388,-1.4570,10.4531,4.19,56.08,65.64,1
7.022,17.17,-2.61,0.9180,0.1738,-1.4570,10.4531,4.19,55.20,67.09,1
7.042,17.34,-2.56,0.1523,-0.0270,0.8828,9.6914,4.19,55.20,67.09,1
7.061,17.48,-2.46,-1.3789,-0.0986,-0.5742,7.0859,4.19,55.81,67.30,1
7.073,17.55,-2.42,-1.3789,-0.2953,-0.5742,7.0859,4.19,55.48,66.18,1
7.091,17.66,-2.36,-0.7656,-0.2887,-0.2695,8.1992,4.19,56.46,66.99,1
7.109,17.77,-2.34,0.3437,-0.2058,-0.6914,10.4961,4.19,55.75,66.23,1
7.129,17.88,-2.36,-0.3437,-0.2021,1.3008,9.0391,4.19,56.08,68.28,1
7.141,17.93,-2.35,0.6914,-0.0043,-0.3047,11.6445,4.19,55.38,67.80,1
7.159,18.02,-2.31,-1.7227,-0.3413,-0.3437,7.3555,4.19,57.04,67.46,1
7.183,18.13,-2.33,0.0391,-0.5763,1.6094,10.4180,4.19,56.47,67.96,1
7.192,18.19,-2.33,0.0391,-0.4817,1.6094,10.4180,4.19,57.92,67.85,1
7.212,18.29,-2.34,0.3437,-0.5065,2.6797,10.0039,4.19,56.45,69.55,1
7.231,18.37,-2.37,2.2969,-0.1091,1.0742,13.1758,4.19,57.69,68.58,1
7.243,18.40,-2.35,-0.5742,0.1937,0.2305,7.3164,4.19,56.97,70.83,1
7.260,18.48,-2.35,-0.3437,-0.0057,0.5742,9.4609,3.11,58.33,68.80,1
7.280,18.51,-2.32,-0.8047,-0.1723,-2.3750,8.1602,3.11,57.51,69.81,1
7.299,18.65,-2.29,0.6133,-0.0379,2.2969,10.8008,3.11,58.15,70.69,1
7.311,18.69,-2.27,0.4609,0.0725,1.1094,11.8789,3.11,56.89,69.61,1
7.329,18.72,-2.25,-2.2969,-0.4054,1.0352,7.9727,3.11,57.60,71.27,1
7.353,18.71,-2.20,-0.7656,-0.2103,0.5352,9.1172,3.11,57.23,73.64,1
7.362,18.69,-2.18,-0.7656,-0.2956,0.5352,9.1172,3.11,58.45,71.64,1
7.383,18.65,-2.14,0.1133,-0.1287,-0.8047,10.7695,3.11,57.57,72.44,1
7.401,18.60,-2.08,2.3359,0.1178,0.3828,13.4844,3.11,58.13,73.24,1
7.414,18.56,-2.00,-1.0352,0.3390,1.5703,7.7344,3.11,57.71,71.04,1
7.430,18.48,-1.92,-0.7656,-0.0292,-3.1406,8.5391,3.11,59.44,72.97,1
7.449,18.40,-1.86,-1.4570,-0.4333,-1.1094,7.0078,3.11,58.47,73.87,1
7.464,18.35,-1.87,-1.2656,-0.5752,3.1016,7.5117,3.11,59.71,73.15,1
7.481,18.24,-1.95,2.2969,-0.4860,0.6523,14.0547,3.11,58.21,76.14,1
7.499,18.10,-1.93,-0.7656,-0.2150,1.1875,8.0781,3.11,59.04,73.38,1
7.523,17.96,-1.94,0.0781,-0.0624,-3.6406,10.3477,3.11,58.43,73.61,1
7.532,17.90,-1.94,0.0781,-0.0409,-3.6406,10.3477,3.11,59.00,74.40,1
7.550,17.81,-1.92,0.3437,0.0517,-0.2305,8.4609,3.11,57.95,72.52,1
7.571,17.71,-1.89,1.4922,0.5632,-1.9922,11.2578,3.11,58.53,74.14,1
7.583,17.67,-1.84,1.4922,0.7059,-1.9922,11.2578,3.11,57.86,72.07,1
7.600,17.57,-1.76,0.1133,0.2570,-2.0312,10.4961,3.11,58.70,72.79,1
7.623,17.49,-1.67,1.1094,0.2960,-0.3047,9.6484,3.11,57.98,72.73,1
7.640,17.43,-1.64,-0.2695,0.2681,-1.1094,8.6992,3.11,59.05,71.39,1
7.651,17.41,-1.62,0.0000,0.2071,-1.9141,10.8398,3.11,59.05,73.56,1
7.669,17.36,-1.56,-0.3047,0.0691,1.1484,9.0430,3.11,59.18,71.50,1
7.693,17.29,-1.52,-0.7266,0.1417,-2.2969,8.9219,3.11,58.12,71.93,1
7.702,17.25,-1.48,-0.7266,0.0083,-2.2969,8.9219,3.11,59.95,73.61,1
7.720,17.17,-1.44,-0.1523,-0.0730,0.4609,8.4648,3.11,59.62,71.80,1
7.741,17.04,-1.52,0.8438,-0.0407,0.3437,10.1094,3.11,60.45,74.00,1
7.753,16.97,-1.53,0.8438,0.0951,0.3437,10.1094,3.11,59.29,74.36,1
7.770,16.80,-1.59,-1.1094,-0.1248,2.2617,7.3125,3.11,61.98,73.62,1
7.791,16.62,-1.65,0.0000,0.1776,-1.4922,7.6602,3.11,60.39,75.24,1
7.804,16.53,-1.70,0.9570,0.2149,0.0781,9.8047,3.11,61.53,73.37,1
7.821,16.35,-1.72,0.4961,0.3885,-1.4180,8.3945,3.11,61.13,75.91,1
7.839,16.16,-1.78,0.0391,0.3240,0.3437,8.3125,3.11,61.77,74.49,1
7.859,15.97,-1.84,1.5313,0.5734,-0.7266,11.3789,3.11,60.74,74.43,1
7.872,15.87,-1.86,-0.4219,0.3532,-1.2266,7.9687,3.11,61.98,72.46,1
7.889,15.69,-1.97,0.9961,0.4472,0.0391,10.1484,3.11,60.77,72.46,1
7.913,15.51,-2.05,-0.3437,0.5475,0.4609,10.3477,3.11,60.63,73.12,1
7.923,15.43,-2.07,-0.3437,0.4106,0.4609,10.3477,3.11,59.80,73.99,1
7.943,15.23,-2.14,0.8047,0.1594,-1.3398,12.4492,3.11,60.64,72.57,1
7.961,15.04,-2.16,0.9961,0.3577,-1.2266,11.0742,3.11,59.64,71.10,1
7.974,14.96,-2.15,0.9961,0.4558,-1.2266,11.0742,3.11,60.98,72.07,1
7.991,14.79,-2.11,0.8828,0.6079,-0.7656,11.1133,3.11,59.29,70.96,1
8.010,14.63,-2.05,-0.6523,0.3619,-0.9961,9.0039,3.11,60.09,70.40,1
8.030,14.49,-2.03,0.0781,0.2359,-0.9961,10.0742,3.11,59.94,70.62,1
8.042,14.49,-2.03,0.6133,0.2939,0.3047,11.8789,3.11,60.11,69.39,1
8.059,14.24,-1.93,-0.5742,0.1400,-0.1523,7.9687,3.11,59.74,70.33,1
8.082,14.09,-1.88,-1.6484,0.0523,1.1875,9.2695,3.11,60.38,69.56,1
8.093,14.00,-1.83,-1.6484,-0.2089,1.1875,9.2695,3.11,59.18,70.11,1
8.113,13.82,-1.83,0.0391,-0.7675,-1.1875,10.5742,3.11,60.48,68.36,1
8.132,13.62,-1.86,1.0742,-0.4559,-1.7617,11.4961,3.11,59.48,70.04,1
8.144,13.53,-1.83,0.5742,-0.1573,-0.2305,9.2305,3.11,60.20,69.72,1
8.161,13.34,-1.80,1.2266,0.1024,0.4219,11.5703,3.11,59.17,69.72,1
8.180,13.23,-1.79,-0.7266,0.1212,-0.7266,8.6602,3.11,59.97,68.73,1
8.196,13.03,-1.72,-1.0742,-0.0942,-0.4219,7.8164,3.11,60.81,68.05,1
8.212,12.85,-1.75,-1.7617,-0.4272,-0.1133,6.3633,3.11,59.85,68.49,1
8.230,12.66,-1.83,0.8828,-0.2969,-2.6445,10.2695,3.11,59.85,67.98,1
8.252,12.45,-1.87,0.8438,0.1952,-0.5742,10.1133,3.11,60.23,67.85,1
8.263,12.34,-1.88,0.8438,0.2948,-0.5742,10.1133,2.28,61.01,69.65,1
8.280,12.14,-1.93,-0.6523,0.1194,-1.7617,7.9727,2.28,60.61,69.30,1
8.301,11.96,-1.99,0.4609,0.1258,-2.2227,8.7773,2.28,62.28,68.97,1
8.320,11.89,-2.03,0.7656,0.2676,-2.2969,9.1992,2.28,60.88,67.67,1
8.333,11.75,-2.11,1.8008,0.4607,-0.4961,10.5703,2.28,60.88,70.92,1
8.351,11.60,-2.15,-0.3437,0.6692,-1.3398,8.6953,2.28,60.26,68.36,1
8.370,11.48,-2.22,2.0703,0.8581,-2.7578,11.7969,2.28,62.35,68.00,1
8.382,11.43,-2.27,-0.5742,0.8327,-1.6484,8.1953,2.28,61.18,67.81,1
8.399,11.33,-2.35,0.6133,0.6159,-1.7617,10.0312,2.28,62.00,67.64,1
8.420,11.25,-2.38,1.6836,0.8520,-0.0391,11.5703,2.28,60.93,68.97,1
8.433,11.21,-2.42,-0.7656,0.4940,-0.9570,9.0000,2.28,62.22,68.03,1
8.450,11.12,-2.46,1.3789,0.6114,-0.9570,10.8750,2.28,62.08,68.03,1
8.471,11.07,-2.55,-0.2305,0.0349,-1.5703,9.0000,2.28,63.20,69.13,1
8.484,11.05,-2.60,-0.2305,-0.0058,-1.5703,9.0000,2.28,62.15,67.15,1
8.511,11.03,-2.66,0.9961,0.3684,-1.8008,10.5352,2.28,63.40,68.86,1
8.521,10.97,-2.77,1.5703,0.5107,-0.6133,10.8750,2.28,62.82,67.49,1
8.540,10.96,-2.80,1.0352,0.7535,-1.8789,9.1953,2.28,62.65,68.82,1
8.552,10.97,-2.82,2.2617,0.8949,-0.6523,12.1016,2.28,63.98,68.68,1
8.570,11.01,-2.84,-1.0352,0.6312,-1.3398,6.3633,2.28,63.98,68.35,1
8.590,11.06,-2.86,1.8008,0.7863,-1.6484,10.9531,2.28,64.57,68.81,1
8.603,11.09,-2.87,1.4922,0.9425,-0.8438,9.4609,2.28,64.12,68.32,1
8.620,11.17,-2.85,-0.1914,0.7258,-2.1055,7.6602,2.28,64.65,69.76,1
8.643,11.26,-2.85,0.8438,0.5659,-1.5313,9.0000,2.28,64.27,68.56,1
8.654,11.32,-2.88,0.8438,0.6086,-1.5313,9.0000,2.28,65.58,68.95,1
8.674,11.45,-2.89,-0.6523,0.4911,-1.6836,6.3984,2.28,65.53,135.74,1
8.690,11.60,-2.94,2.9102,0.4518,0.4609,13.4844,2.28,65.98,68.89,1
8.710,11.76,-2.94,0.4961,0.7557,-0.4961,9.5039,2.28,66.56,70.68,1
8.722,11.85,-2.95,1.2656,0.7774,0.9180,10.7266,2.28,65.10,68.87,1
8.739,12.00,-2.91,1.3398,0.9602,-1.4180,9.7305,2.28,65.10,70.39,1
8.759,12.20,-2.88,1.5313,1.1103,0.2695,11.0352,2.28,65.14,70.53,1
8.773,12.30,-2.81,1.5313,1.1749,0.2695,11.0352,2.28,66.31,69.39,1
8.790,12.52,-2.73,0.1133,0.9826,-0.9961,7.5898,2.28,66.37,70.61,1
8.813,12.72,-2.71,-1.2266,0.6649,-0.4961,6.4375,2.28,67.93,69.74,1
8.824,12.84,-2.73,-1.2266,0.3744,-0.4961,6.4375,2.28,67.79,71.38,1
8.841,13.05,-2.74,0.5742,0.3189,1.3398,10.1523,2.28,68.09,72.95,1
8.861,13.26,-2.72,0.4961,0.5301,1.7617,9.2656,2.28,68.71,71.96,1
8.881,13.37,-2.70,1.0742,0.6093,-0.2695,9.3828,2.28,68.23,73.65,1
8.892,13.57,-2.67,3.7148,0.8920,1.4570,14.0586,2.28,68.70,72.76,1
8.910,13.77,-2.58,0.3828,1.4260,-0.4219,9.2266,2.28,67.49,72.17,1
8.930,13.97,-2.46,0.1914,1.0280,0.3828,9.6875,2.28,69.77,74.54,1
8.943,14.08,-2.38,0.1133,0.8932,-0.8047,7.4687,2.28,70.15,73.53,1
8.960,14.30,-2.30,2.6445,1.1875,0.8438,13.2500,2.28,68.99,74.70,1
8.991,14.40,-2.22,0.1133,0.7695,1.1484,9.1172,2.28,71.36,76.44,1
8.994,14.40,-2.22,0.1133,0.7695,1.1484,9.1172,2.28,70.31,74.83,1
9.011,14.72,-2.12,0.5742,0.6854,-0.1133,9.7266,2.28,72.91,77.99,1
9.032,14.82,-2.13,-0.0391,0.4690,1.9531,8.8828,2.28,72.87,79.67,1
9.052,14.88,-2.14,-0.0391,0.3249,0.0000,8.2383,2.28,73.19,77.88,1
9.062,14.91,-2.15,0.2305,0.2659,1.1875,8.7734,2.28,74.31,80.30,1
9.081,14.98,-2.22,0.9180,0.3109,0.8438,9.7305,2.28,74.09,81.23,1
9.100,15.03,-2.26,2.0312,0.7642,0.3437,11.4180,2.28,73.59,80.66,1
9.113,15.05,-2.26,0.2695,0.8179,0.1133,9.0430,2.28,76.54,81.45,1
9.131,15.09,-2.24,0.7266,0.7321,1.0352,8.5820,2.28,75.03,81.48,1
9.150,15.12,-2.23,1.5313,0.9086,-1.9141,9.1953,2.28,77.07,82.77,1
9.164,15.12,-2.23,0.0000,0.7690,0.5352,8.3516,2.28,77.17,82.66,1
9.181,15.18,-2.32,0.1133,0.5760,0.1133,9.4648,2.28,77.14,84.35,1
9.202,15.22,-2.35,0.6523,0.6416,0.3437,9.0820,2.28,78.30,84.57,1
9.220,15.27,-2.41,1.0742,0.6784,-0.7656,8.5430,2.28,78.79,83.88,1
9.233,15.28,-2.45,2.6445,0.8916,1.1484,12.3359,2.28,77.77,86.61,1
9.251,15.33,-2.47,0.8047,1.2416,-0.8828,10.2266,2.28,77.77,86.25,1
9.270,15.35,-2.48,0.3828,0.9993,-0.1133,9.1953,4.11,79.20,85.84,1
9.283,15.37,-2.48,0.7266,0.9321,-1.3008,8.2734,4.11,78.92,84.75,1
9.300,15.40,-2.51,-0.3828,0.6165,0.1133,8.3125,4.11,77.92,85.76,1
9.319,15.43,-2.56,-0.6914,0.2648,-0.6523,9.3086,4.11,80.76,87.73,1
9.334,15.44,-2.60,1.0352,0.4353,0.7266,8.8867,4.11,79.10,87.42,1
9.351,15.47,-2.66,0.8047,0.5888,0.0000,10.2266,4.11,79.50,87.37,1
9.373,15.48,-2.74,1.0352,0.4780,1.4180,11.3750,4.11,80.58,88.12,1
9.385,15.48,-2.75,1.0352,0.5636,1.4180,11.3750,4.11,79.18,88.28,1
9.403,15.47,-2.79,0.1914,0.6799,-0.1523,10.6523,4.11,81.75,86.84,1
9.422,15.45,-2.83,0.1914,0.5414,-0.6133,7.2383,4.11,82.38,88.53,1
9.439,15.43,-2.93,2.3359,0.8967,1.2266,13.1055,4.11,80.31,177.18,1
9.453,15.40,-2.96,1.3008,1.0349,-0.7656,11.2187,4.11,81.55,90.30,1
9.471,15.34,-2.95,1.4922,1.1679,0.1914,12.4453,4.11,81.98,88.87,1
9.490,15.30,-2.91,0.4609,1.0502,-2.8359,6.6641,4.11,82.82,87.81,1
9.504,15.29,-2.94,1.6836,1.0575,0.6133,11.7227,4.11,81.78,89.89,1
9.521,15.24,-2.94,-0.7656,0.6931,-0.8047,8.9219,4.11,82.69,91.20,1
9.542,15.17,-2.96,-0.4609,0.6258,-0.8047,7.8516,4.11,84.94,88.95,1
9.555,15.15,-2.96,-0.4609,0.4588,-0.8047,7.8516,4.11,84.88,90.58,1
9.579,15.04,-3.06,-0.1523,0.1932,0.3437,9.3477,4.11,82.68,91.07,1
9.591,15.00,-3.07,1.0352,0.2351,-1.5313,10.7695,4.11,85.65,91.42,1
9.611,14.91,-3.08,0.4961,0.3885,-1.4180,9.6484,4.11,86.45,92.22,1
9.624,14.88,-3.11,0.4609,0.4095,-0.7656,8.3906,4.11,84.05,91.16,1
9.641,14.81,-3.18,1.3008,0.4913,0.2305,11.3008,4.11,84.70,91.66,1
9.659,14.55,-3.45,1.4570,0.8018,-0.7266,9.4219,4.11,85.30,92.20,1
9.674,14.42,-3.57,1.3789,0.8962,0.0391,11.7578,4.11,85.57,92.05,1
9.691,14.18,-3.74,-0.4219,0.6623,-2.2227,7.3125,4.11,84.14,91.80,1
9.710,13.99,-3.84,1.4570,0.7706,-1.4180,12.3008,4.11,84.65,90.40,1
9.725,13.91,-3.88,2.2617,1.1006,-1.7227,10.9141,4.11,85.94,89.96,1
9.742,13.74,-3.89,-0.6914,0.7763,1.4180,8.6992,4.11,85.27,92.16,1
9.761,13.58,-4.00,2.1445,0.5028,0.8828,12.2969,4.11,86.57,93.32,1
9.782,13.40,-4.09,0.9570,0.8734,-1.1094,11.2617,4.11,86.35,91.03,1
9.793,13.32,-4.11,-0.2695,0.7938,-0.4219,8.8828,4.11,87.03,91.20,1
9.812,13.18,-4.20,-0.1133,0.5047,-1.5313,7.3945,4.11,85.23,92.37,1
9.830,13.06,-4.28,1.9922,0.7600,-0.7656,12.6836,4.11,85.91,93.40,1
9.844,13.01,-4.29,0.6523,0.8421,0.1133,9.6094,4.11,86.76,92.00,1
9.863,12.95,-4.31,-0.9961,0.5351,0.6523,8.2773,4.11,85.33,91.07,1
9.879,12.74,-4.35,-1.2266,0.0498,-0.8438,6.2852,4.11,86.21,91.58,1
9.901,12.61,-4.43,0.6133,0.4519,-2.4531,10.5352,4.11,85.93,94.45,1
9.912,12.54,-4.48,0.6133,0.4767,-2.4531,10.5352,4.11,86.90,95.99,1
9.932,12.40,-4.49,0.6523,0.6123,-0.4609,8.8867,4.11,87.31,92.28,1
9.952,12.27,-4.52,1.0742,0.6574,-1.6094,10.1094,4.11,86.48,92.47,1
9.963,12.20,-4.53,-1.1094,0.5749,-0.9961,7.1250,4.11,88.37,95.06,1
9.981,12.08,-4.61,0.2305,0.2044,1.1094,8.6211,4.11,90.07,94.80,1
10.000,11.95,-4.71,0.6523,0.3067,-0.1523,8.7773,4.11,88.91,96.23,1
10.014,11.89,-4.77,2.6055,0.5160,-0.7266,10.6914,4.11,87.89,96.37,1
10.032,11.75,-4.88,0.0781,0.6690,-0.3828,9.1953,4.11,88.82,95.55,1
10.051,11.61,-5.02,-0.7656,0.3147,0.6133,7.7773,4.11,93.07,95.60,1
10.065,11.56,-5.14,0.0391,0.2131,-1.5313,7.7773,4.11,91.41,96.71,1
10.082,11.43,-5.35,3.6406,0.9509,0.1133,13.0625,4.11,89.95,97.54,1
10.103,11.26,-5.46,0.6914,1.2653,0.0391,9.3828,4.11,91.13,98.13,1
10.121,11.10,-5.58,0.0781,1.0535,-1.0742,6.2031,4.11,92.94,97.06,1
10.134,11.03,-5.68,2.9492,1.0673,0.2695,10.9141,4.11,91.32,97.13,1
10.151,10.88,-5.75,3.1406,1.6163,-1.1094,11.1133,4.11,92.67,99.18,1
10.170,10.69,-5.76,2.5273,2.0003,-1.2266,8.8828,4.11,93.43,98.52,1
10.184,10.61,-5.80,0.5352,1.9218,0.1133,8.3945,4.11,90.42,99.75,1
10.201,10.45,-5.86,1.7227,1.6236,0.0391,10.9531,4.11,92.77,97.48,1
10.223,10.26,-5.77,3.7930,2.1155,-0.5352,14.1758,4.11,94.57,97.98,1
10.243,10.06,-5.59,-0.8047,1.9760,-0.1133,4.9414,4.11,92.08,96.26,1
10.252,9.98,-5.60,-0.8047,1.5489,-0.1133,4.9414,4.11,91.63,96.74,1
10.274,9.77,-5.68,-0.4961,0.6702,0.5352,9.2305,3.78,94.67,99.35,1
10.291,9.50,-5.67,2.5273,0.5813,-0.2695,11.4180,3.78,95.13,100.67,1
10.305,9.37,-5.66,2.3359,0.9967,0.4609,12.4062,3.78,92.89,101.95,1
10.321,9.10,-5.69,0.3828,1.2202,-1.0352,9.3867,3.78,94.44,100.09,1
10.341,8.83,-5.76,0.4609,0.9520,-1.2266,11.6445,3.78,93.14,98.78,1
10.354,8.68,-5.73,0.6133,0.8888,-1.3008,8.4258,3.78,94.62,99.45,1
10.371,8.40,-5.69,1.4922,0.8810,-0.7656,12.1836,3.78,95.79,101.65,1
10.389,8.11,-5.64,2.9492,1.4118,-0.6914,12.4844,3.78,94.03,101.44,1
10.413,7.80,-5.65,1.0352,1.5959,-0.6914,6.7812,3.78,96.81,101.90,1
10.422,7.66,-5.67,1.0352,1.5098,-0.6914,6.7812,3.78,95.75,103.75,1
10.439,7.36,-5.66,0.1133,1.1711,-1.1094,7.0078,3.78,100.74,102.95,1
10.461,7.04,-5.56,1.8008,0.9058,-1.4180,5.7812,3.78,102.75,102.76,1
10.482,6.73,-5.63,2.2227,1.3043,0.0000,9.6484,3.78,100.77,104.21,1
10.493,6.59,-5.72,2.4531,1.5259,-1.6484,8.7773,3.78,100.07,103.35,1
10.512,6.30,-5.92,1.1484,1.6845,-1.8789,7.5078,3.78,101.97,105.06,1
10.524,6.15,-6.01,1.2266,1.5721,-0.8438,7.7344,3.78,101.08,105.43,1
10.541,5.86,-6.16,1.3398,1.4832,-1.4180,9.7656,3.78,101.93,107.52,1
10.559,5.54,-6.19,4.7109,2.1804,-0.4961,15.5859,3.78,100.94,107.71,1
10.581,5.22,-6.07,3.9062,2.7200,-1.8008,10.8398,3.78,100.93,107.82,1
10.592,5.06,-5.99,3.2930,2.8468,-1.0742,12.3008,3.78,103.28,107.53,1
10.610,4.77,-5.87,1.3008,2.5324,-1.7617,8.6992,3.78,105.84,105.43,1
10.634,4.49,-5.81,1.5313,1.8711,-0.2305,10.4141,3.78,103.46,106.60,1
10.643,4.35,-5.79,1.5313,1.8189,-0.2305,10.4141,3.78,101.28,107.02,1
10.672,4.20,-5.78,1.7617,1.4922,0.1523,10.6914,3.78,102.02,106.56,1
10.681,3.79,-5.76,-0.6133,1.3436,-1.5703,5.7070,3.78,102.03,108.05,1
10.694,3.66,-5.76,0.3047,0.9840,-1.2266,8.6562,3.78,105.22,107.89,1
10.711,3.42,-5.76,0.5352,0.8098,0.0391,7.7734,3.78,105.02,110.34,1
10.730,3.15,-5.82,1.1484,0.8519,-1.1484,8.5430,3.78,106.66,111.56,1
10.745,3.02,-5.85,2.5273,1.0077,-0.9180,11.7227,3.78,107.15,111.59,1
10.762,2.89,-5.88,0.9961,1.2035,-2.1055,9.7305,3.78,107.75,110.60,1
10.780,2.56,-6.01,0.7266,1.0850,-1.6484,9.8437,3.78,107.33,114.39,1
10.803,2.36,-6.03,0.1523,1.2446,-2.7969,6.9727,3.78,110.88,114.72,1
10.813,2.28,-6.04,0.1523,1.0768,-2.7969,6.9727,3.78,112.82,113.69,1
10.833,2.08,-6.02,-0.0781,1.0088,-1.7227,5.4023,3.78,108.13,115.94,1
10.851,1.94,-6.05,0.8828,0.7774,-0.1133,9.3477,3.78,109.89,114.85,1
10.864,1.85,-6.06,1.3008,0.8342,-0.3437,8.3164,3.78,110.51,116.58,1
10.881,1.71,-6.08,0.0000,0.8625,-0.4609,5.8203,3.78,110.13,117.18,1
10.900,1.59,-6.19,0.4609,0.6704,-0.7656,8.4609,3.78,112.13,114.82,1
10.920,1.48,-6.25,2.8711,1.1444,-0.4219,12.6445,3.78,113.48,118.61,1
10.932,1.38,-6.30,1.9922,1.3393,-0.9570,7.1250,3.78,114.23,115.58,1
10.951,1.19,-6.42,1.3008,1.4089,-1.4922,9.1953,3.78,114.53,118.98,1
10.973,1.02,-6.56,1.7227,1.5696,-1.1094,9.2695,3.78,113.16,118.98,1
10.983,0.96,-6.63,1.7227,1.5931,-1.1094,9.2695,3.78,111.78,120.00,1
11.000,0.86,-6.77,2.2617,1.7492,-0.0781,12.7578,3.78,113.92,119.66,1
11.021,0.78,-6.84,0.9570,2.0794,-1.3008,10.7695,3.78,115.30,119.99,1
11.041,0.73,-6.86,0.8438,1.7437,-1.1484,10.6523,3.78,113.37,121.17,1
11.052,0.67,-6.83,3.9453,1.8536,-0.8438,13.7109,3.78,114.43,120.47,1
11.071,0.64,-6.78,0.5742,2.1771,-0.0391,8.0781,3.78,115.59,122.01,1
11.090,0.64,-6.72,1.4922,1.8338,0.2695,9.8828,3.78,115.46,122.37,1
11.102,0.62,-6.66,1.3789,1.7723,-1.7617,10.0312,3.78,114.06,120.99,1
11.120,0.62,-6.61,0.3437,1.4091,-0.8828,7.9297,3.78,116.02,121.95,1
11.140,0.65,-6.56,3.2930,1.7596,-0.1914,13.5625,3.78,118.44,122.07,1
11.153,0.65,-6.50,2.6445,1.9555,-1.6094,11.8750,3.78,119.36,120.60,1
11.171,0.67,-6.35,1.9531,1.9979,0.2305,7.6992,3.78,118.05,123.02,1
11.192,0.74,-6.23,-0.1133,1.4076,-0.8828,6.4727,3.78,119.96,119.82,1
11.204,0.76,-6.24,-0.1133,1.1740,-0.8828,6.4727,3.78,121.79,122.12,1
11.222,0.82,-6.25,1.2656,0.7047,-0.2305,10.1484,3.78,120.12,126.02,1
11.241,0.88,-6.24,2.7578,0.9831,0.4219,13.4102,3.78,120.16,122.50,1
11.260,0.94,-6.26,1.8789,1.3936,-0.4609,9.6914,7.09,121.15,123.92,1
11.272,0.98,-6.23,-0.1914,1.3026,-0.4961,8.5000,7.09,121.89,127.39,1
11.291,1.05,-6.26,3.2578,1.5566,0.4219,11.0742,7.09,121.70,124.66,1
11.311,1.12,-6.24,-0.5742,1.1910,-0.7266,7.7773,7.09,120.13,127.78,1
11.323,1.12,-6.24,-0.5742,0.9199,0.5742,4.7109,7.09,121.11,129.13,1
11.340,1.26,-6.33,2.1055,1.0892,0.3437,11.6016,7.09,124.22,126.92,1
11.363,1.33,-6.43,-0.2695,0.8667,-0.1914,10.0000,7.09,122.97,129.77,1
11.374,1.37,-6.49,-0.2695,0.6922,-0.1914,10.0000,7.09,123.33,131.27,1
11.393,1.44,-6.47,0.4961,0.9640,0.5352,6.8203,7.09,127.13,131.68,1
11.412,1.52,-6.64,-2.1445,0.6201,-0.8828,2.9883,7.09,125.16,132.86,1
11.431,1.60,-6.84,0.9961,0.3726,1.1484,9.3828,7.09,125.61,130.40,1
11.442,1.64,-6.96,4.9414,0.7840,-0.3437,14.7852,7.09,122.38,131.91,1
11.460,1.71,-7.05,0.8438,1.2945,-0.8047,10.4570,7.09,122.80,132.61,1
11.480,1.79,-7.17,-0.5352,0.8615,0.1914,7.5508,7.09,126.92,132.56,1
11.493,1.83,-7.19,-0.5352,0.6470,0.1914,7.5508,7.09,128.77,133.99,1
11.510,1.90,-7.18,4.0625,1.2615,-0.6133,12.8672,7.09,126.37,134.34,1
11.534,1.99,-7.20,1.1484,0.7736,-0.9180,9.4258,7.09,128.78,135.34,1
11.544,2.02,-7.17,1.1484,0.8311,-0.9180,9.4258,7.09,127.73,131.98,1
11.564,1.86,-7.23,0.4961,1.0589,-0.2695,9.0039,7.09,125.80,130.51,1
11.581,1.56,-7.43,-1.9922,0.7002,-0.2695,10.0000,7.09,127.93,131.06,1
11.601,1.34,-7.50,1.6836,0.5958,-0.6133,12.4062,7.09,127.42,129.52,1
11.613,1.25,-7.49,-0.2695,0.6067,-0.8047,10.9961,7.09,124.67,131.93,1
11.632,1.12,-7.47,-2.7187,-0.2341,0.0000,5.7812,7.09,124.67,129.70,1
11.650,1.02,-7.47,0.4609,-0.3775,-0.3437,11.4922,7.09,124.21,132.49,1
11.663,0.99,-7.45,-1.1875,-0.3806,0.0391,7.8555,7.09,123.82,131.42,1
11.680,0.92,-7.42,0.2695,-0.3332,0.5352,10.0312,7.09,124.15,132.08,1
11.700,0.87,-7.39,-0.1523,-0.2556,-0.8828,10.3477,7.09,123.79,129.17,1
11.714,0.82,-7.32,-0.9570,-0.4109,0.9570,8.5430,7.09,126.26,130.31,1
11.731,0.76,-7.26,-0.3828,-0.4387,-0.5742,8.6992,7.09,124.19,131.11,1
11.752,0.71,-7.27,-0.4961,-1.2390,0.3437,8.1602,7.09,127.81,131.08,1
11.772,0.63,-7.30,-1.6484,-1.2407,-0.2695,7.2031,7.09,127.96,134.70,1
11.782,0.58,-7.35,-0.5352,-1.2419,0.7266,8.5820,7.09,124.73,133.12,1
11.802,0.50,-7.45,1.3789,-0.8883,-0.8828,12.9102,7.09,127.49,134.52,1
11.820,0.41,-7.51,-0.1914,-0.4629,0.0391,10.4570,7.09,127.52,132.01,1
11.833,0.37,-7.54,1.8008,-0.2618,0.4961,12.7227,7.09,126.17,131.80,1
11.850,0.26,-7.55,-1.2656,-0.2373,-0.9570,6.7031,7.09,128.30,132.91,1
11.870,0.13,-7.52,-0.7656,-0.4183,-0.0391,7.4687,7.09,126.01,131.63,1
11.884,0.07,-7.56,-1.5313,-0.6646,-1.1484,5.8203,7.09,127.08,134.84,1
11.901,-0.05,-7.66,-1.9531,-1.0037,-0.1133,6.5078,7.09,126.20,135.26,1
11.922,-0.18,-7.83,0.1914,-0.4760,-1.3789,11.6406,7.09,125.83,134.83,1
11.935,-0.25,-7.86,0.1914,-0.3735,-1.3789,11.6406,7.09,127.63,132.56,1
11.953,-0.40,-7.89,-0.2305,-0.2377,-1.4570,9.4258,7.09,124.77,134.59,1
11.971,-0.54,-7.92,-0.2695,-0.2388,-0.4961,10.3047,7.09,126.31,132.05,1
11.990,-0.69,-7.95,-0.8047,-0.3677,-0.7656,8.7773,7.09,125.82,130.63,1
12.003,-0.78,-7.97,-2.8711,-0.6001,-0.3047,6.7852,7.09,126.07,133.23,1
12.021,-0.96,-8.07,0.9570,-0.5271,-0.0781,14.1367,7.09,125.45,132.49,1
12.040,-1.13,-8.13,-0.8438,-0.5048,-1.4180,9.1211,7.09,125.52,134.35,1
12.054,-1.23,-8.15,-0.3828,-0.4778,0.1133,10.0742,7.09,123.69,133.42,1
12.071,-1.39,-8.20,-0.0391,-0.3693,-2.0312,9.0000,7.09,124.75,132.89,1
12.093,-1.57,-8.25,-1.7617,-0.4876,-0.5742,6.3242,7.09,124.52,131.89,1
12.105,-1.66,-8.31,-1.7617,-0.6833,-0.5742,6.3242,7.09,124.21,131.60,1
12.123,-1.85,-8.44,1.1875,-0.3625,-0.3828,12.2578,7.09,125.28,132.01,1
12.141,-2.04,-8.50,-1.5703,-0.1435,-1.4180,8.6211,7.09,124.47,130.28,1
12.160,-2.25,-8.57,-0.7266,-0.4432,0.1523,8.9219,7.09,124.97,133.16,1
12.173,-2.36,-8.62,-0.8438,-0.4961,-1.3008,8.5391,7.09,127.65,132.98,1
12.191,-2.56,-8.72,-0.4961,-0.5377,-0.3047,9.3437,7.09,124.29,133.58,1
12.211,-2.77,-8.89,1.6484,-0.0489,-0.9570,11.0703,7.09,125.77,133.98,1
12.224,-2.87,-8.94,0.8047,0.1443,-1.4922,11.3359,7.09,125.44,129.47,1
12.241,-3.09,-8.99,-1.0352,-0.0756,-0.2305,10.9961,7.09,125.02,129.68,1
12.263,-3.32,-8.92,0.5742,0.1165,-0.6914,10.1484,7.09,124.95,129.25,1
12.282,-3.56,-8.84,-0.6133,0.1513,-0.7266,9.7656,7.09,125.33,132.22,1
12.294,-3.68,-8.86,-4.9023,-0.3610,-0.9180,1.4570,11.02,125.31,131.86,1
12.312,-3.89,-8.94,-0.7656,-1.3180,0.0781,10.1875,11.02,125.42,132.66,1
12.331,-4.12,-9.06,2.0703,-0.5021,-1.9922,12.5664,11.02,123.85,132.94,1
12.343,-4.23,-9.09,3.3711,-0.0029,-0.8047,14.6719,11.02,120.98,131.70,1
12.361,-4.45,-9.05,-0.3828,0.6537,-0.9570,9.9219,11.02,123.35,131.61,1
12.380,-4.67,-9.00,0.2305,0.4360,-1.4180,9.0391,11.02,121.04,127.60,1
12.394,-4.77,-8.97,1.0742,0.4720,-1.3008,12.6445,11.02,119.59,127.44,1
12.411,-4.97,-8.82,-1.7617,0.0497,-1.4180,7.3906,11.02,123.18,126.34,1
12.431,-5.18,-8.69,-0.5742,-0.2013,-0.2305,8.8867,11.02,120.98,126.52,1
12.445,-5.28,-8.66,-2.6445,-0.7420,-1.3789,6.2422,11.02,120.77,127.89,1
12.462,-5.48,-8.54,-1.3398,-0.9928,-0.4961,6.9727,11.02,120.73,127.80,1
12.483,-5.67,-8.42,-0.0391,-0.0281,-1.9531,9.7695,11.02,119.82,125.79,1
12.502,-5.85,-8.29,-2.4141,-0.2212,-0.6523,6.5508,11.02,120.25,126.33,1
12.513,-5.94,-8.22,-0.2305,-0.5318,-1.7617,9.8437,11.02,121.89,124.25,1
12.530,-6.11,-8.15,-0.2305,-0.4463,-1.7617,9.8437,11.02,119.25,125.39,1
12.551,-6.11,-8.15,-2.3750,-0.9238,-0.6133,9.6133,11.02,121.24,123.05,1
12.564,-6.35,-8.01,1.4180,-0.8432,-1.1484,12.6406,11.02,121.88,126.49,1
12.581,-6.52,-7.84,-1.6094,-0.7423,-1.1484,6.2070,11.02,120.12,127.63,1
12.600,-6.68,-7.86,-5.6641,-1.8856,-0.7266,0.4219,11.02,121.30,125.00,1
12.622,-6.81,-8.01,3.0664,-1.7030,-0.3828,14.8242,11.02,122.77,126.73,1
12.632,-6.89,-8.03,3.0664,-0.9704,-0.3828,14.8242,11.02,121.71,129.53,1
12.654,-7.04,-8.12,-3.9062,-0.8522,-1.0352,3.1797,11.02,121.04,128.29,1
12.672,-7.17,-8.13,0.3437,-1.3783,-0.3047,9.3086,11.02,122.12,129.77,1
12.683,-7.23,-8.17,4.9414,-0.6294,-0.9180,16.4297,11.02,120.05,129.08,1
12.702,-7.33,-8.25,1.6094,0.6840,-1.0352,10.5352,11.02,121.55,127.23,1
12.721,-7.43,-8.22,-5.3984,-0.5515,-1.3789,1.6484,11.02,123.72,129.67,1
12.734,-7.48,-8.26,-3.2930,-1.1275,-0.5352,5.0547,11.02,122.17,128.25,1
12.751,-7.57,-8.36,4.0977,-0.2301,-1.5703,14.9375,11.02,121.02,128.90,1
12.770,-7.65,-8.38,4.9023,1.1753,-0.1523,18.8477,11.02,121.01,128.11,1
12.792,-7.73,-8.37,-3.8672,0.4511,-1.1875,5.3633,11.02,120.90,124.92,1
12.802,-7.76,-8.32,-3.8672,-0.2122,-1.1875,5.3633,11.02,121.01,124.08,1
12.824,-7.81,-8.27,1.8789,-1.4591,-1.8008,12.9844,11.02,121.15,125.58,1
12.842,-7.82,-8.38,4.9023,-0.2705,-0.6523,18.4219,11.02,119.79,125.17,1
12.854,-7.84,-8.38,2.0703,0.6477,-2.4141,11.7227,11.02,119.02,123.61,1
12.872,-7.87,-8.11,-1.7227,0.7477,-0.3047,8.0781,11.02,119.67,122.65,1
12.891,-7.87,-7.99,0.6523,0.4119,-1.2656,9.8086,11.02,120.22,122.52,1
12.904,-7.86,-7.87,0.4961,0.4364,-0.0391,9.1953,11.02,119.43,126.45,1
12.921,-7.83,-7.85,-2.9492,0.1777,-0.1914,6.1250,11.02,119.46,123.52,1
12.940,-7.80,-7.81,-1.6484,-0.6005,-0.7656,8.6211,11.02,120.57,125.91,1
12.963,-7.76,-7.66,-1.3789,-0.9831,-0.6914,8.3906,11.02,118.29,125.66,1
12.972,-7.74,-7.58,-1.3789,-1.0439,-0.6914,8.3906,11.02,117.63,125.74,1
12.994,-7.67,-7.50,0.0000,-0.9858,-0.2695,10.9531,11.02,117.97,125.06,1
13.011,-7.59,-7.42,-1.2656,-0.8074,-0.0391,9.3086,11.02,116.97,124.18,1
13.025,-7.54,-7.30,-2.8711,-1.0373,-2.2617,6.1641,11.02,116.58,123.30,1
13.042,-7.42,-7.15,-1.8008,-1.4717,-0.6914,7.1680,11.02,117.47,122.41,1
13.062,-7.30,-7.00,-0.5352,-1.3038,-0.2695,9.0820,11.02,118.29,122.12,1
13.074,-7.26,-6.86,0.6523,-1.0387,-1.0352,8.6602,11.02,116.75,123.87,1
13.091,-7.11,-6.71,-0.0781,-0.6175,-0.6914,7.0078,11.02,119.33,124.36,1
13.110,-6.96,-6.76,0.0781,-0.3991,0.1914,8.6562,11.02,118.74,123.15,1
13.125,-6.87,-6.83,0.7656,-0.2708,-1.1094,9.6914,11.02,119.13,121.95,1
13.143,-6.70,-6.83,-1.0352,-0.3160,0.4219,9.8828,11.02,118.19,123.87,1
13.160,-6.56,-6.74,-2.9883,-0.9522,-0.6914,4.3672,11.02,118.69,121.11,1
13.181,-6.38,-6.76,3.2578,-0.4964,0.6914,14.5977,11.02,118.82,120.24,1
13.193,-6.27,-6.79,3.2578,0.0803,0.6914,14.5977,11.02,118.44,122.34,1
13.212,-6.07,-6.87,-2.4531,0.4559,1.0352,7.5508,11.02,118.41,124.24,1
13.231,-5.87,-6.81,-4.7891,-0.5560,-0.0391,0.9180,11.02,118.74,123.29,1
13.244,-5.76,-6.84,1.3398,-1.0025,-0.5352,11.0312,11.02,116.77,121.52,1
13.261,-5.56,-6.95,3.4492,-0.1694,-0.3828,11.4922,11.02,119.02,122.71,1
13.280,-5.35,-7.08,-1.1094,0.0554,-0.3828,8.1992,17.74,118.46,124.84,1
13.300,-5.15,-7.18,-4.5586,-1.0383,-0.2695,3.9844,17.74,117.56,125.44,1
13.312,-5.04,-7.18,-0.0781,-0.8258,0.7266,11.0312,17.74,116.73,123.49,1
13.331,-4.83,-7.27,3.1797,0.1072,-0.9180,14.7148,17.74,116.81,122.58,1
13.352,-4.62,-7.36,-1.9531,-0.5593,0.4219,7.8906,17.74,116.67,124.24,1
13.363,-4.53,-7.34,-1.9531,-0.7733,0.4219,7.8906,17.74,116.71,123.81,1
13.382,-4.33,-7.31,-0.8047,-0.6701,0.2695,5.7812,17.74,121.52,123.64,1
13.402,-4.13,-7.44,0.5352,-0.6011,0.1914,7.6602,17.74,115.83,124.61,1
13.414,-4.01,-7.54,3.8672,-0.0831,-0.1914,19.8438,17.74,113.52,126.52,1
13.432,-3.85,-7.50,1.3008,0.8319,-0.0391,12.2969,17.74,115.57,121.74,1
13.450,-3.67,-7.39,0.6133,0.8396,-1.2266,12.4453,17.74,117.81,122.64,1
13.465,-3.58,-7.26,-6.8203,0.2102,-0.5352,-2.2617,17.74,118.15,119.99,1
13.482,-3.46,-7.28,1.0352,-0.5771,0.5352,10.4922,17.74,117.59,121.01,1
13.500,-3.16,-7.31,0.6914,-0.1959,0.4609,10.7695,17.74,118.16,120.41,1
13.524,-3.00,-7.20,0.4961,-0.1047,-0.5352,10.2305,17.74,117.44,121.46,1
13.533,-2.94,-7.16,0.4961,-0.0124,-0.5352,10.2305,17.74,116.81,121.23,1
13.554,-2.77,-7.14,2.1836,-0.1876,1.1484,13.8711,17.74,116.69,119.99,1
13.572,-2.62,-7.05,-0.0391,0.3071,-1.1484,11.0703,17.74,115.06,120.00,1
13.585,-2.55,-7.01,2.4531,0.4298,1.1484,15.2031,17.74,115.26,118.16,1
13.601,-2.41,-6.79,-1.0352,0.7246,-0.3828,7.5469,17.74,113.29,119.20,1
13.621,-2.27,-6.57,-2.1445,-0.1209,0.0391,5.7422,17.74,113.20,118.84,1
13.640,-2.14,-6.41,-0.6523,-0.4805,0.3828,8.3945,17.74,115.06,118.43,1
13.652,-2.09,-6.33,-1.2656,-0.5560,-0.9180,7.7773,17.74,114.50,119.22,1
13.671,-2.00,-6.20,-1.7227,-0.8991,0.3828,7.5469,17.74,113.44,119.10,1
13.693,-1.91,-6.13,0.6133,-0.6581,0.7266,13.4883,17.74,112.38,119.83,1
13.703,-1.87,-6.06,0.6133,-0.4628,0.7266,13.4883,17.74,112.21,119.27,1
13.720,-1.79,-5.87,1.6484,0.0715,-0.1133,11.5703,17.74,111.87,117.44,1
13.742,-1.70,-5.66,-0.9961,-0.1926,0.8047,7.2031,17.74,110.66,118.78,1
13.761,-1.67,-5.56,-2.8711,-0.7085,-0.6914,5.0195,17.74,111.83,118.69,1
13.772,-1.61,-5.48,-1.6484,-1.0893,0.7656,8.3516,17.74,113.96,115.73,1
13.791,-1.56,-5.46,-0.3047,-1.1404,-0.4219,10.8750,17.74,111.17,115.43,1
13.805,-1.54,-5.45,-0.9961,-1.0107,-0.6133,12.3359,17.74,111.35,119.15,1
13.822,-1.50,-5.39,-0.6914,-0.9822,-0.3828,10.0000,17.74,112.76,117.56,1
13.840,-1.48,-5.34,-3.4844,-1.5012,-0.2695,5.2852,17.74,114.12,117.51,1
13.860,-1.48,-5.36,-1.5313,-1.6314,-0.6914,7.2344,17.74,114.00,119.69,1
13.873,-1.47,-5.38,1.1875,-1.0075,0.6914,9.0391,17.74,112.61,120.25,1
13.891,-1.47,-5.44,0.8438,-0.4611,-0.6133,11.2578,17.74,113.70,118.96,1
13.912,-1.49,-5.53,-0.5352,-1.0205,0.6914,10.7969,17.74,114.34,120.77,1
13.924,-1.51,-5.59,-0.5352,-0.9460,0.6914,10.7969,17.74,114.19,120.98,1
13.943,-1.58,-5.54,3.5234,0.0334,-0.1523,15.3594,17.74,113.34,119.40,1
13.961,-1.65,-5.45,-0.3047,0.7169,-1.4570,7.8945,17.74,114.56,120.55,1
13.975,-1.68,-5.44,-2.8359,0.2883,-0.7266,2.4883,17.74,114.06,119.16,1
13.992,-1.77,-5.51,-2.3750,-0.5609,-0.2305,-2.7617,17.74,119.33,119.93,1
14.010,-1.83,-5.85,2.6797,-0.0607,-0.9570,10.1484,17.74,118.91,127.55,1
14.030,-1.92,-6.12,6.4727,1.5559,0.3047,15.5195,17.74,117.21,124.10,1
14.043,-1.98,-6.17,6.3594,2.6190,-0.6523,16.3906,17.74,115.49,126.61,1
14.060,-2.08,-6.11,4.6719,3.3063,-1.5703,15.2852,17.74,118.69,124.58,1
14.082,-2.17,-6.04,-0.4609,2.6049,-1.1875,8.0820,17.74,118.46,123.46,1
14.094,-2.22,-6.00,-0.4609,2.1340,-1.1875,8.0820,17.74,119.42,123.96,1
14.114,-2.30,-6.15,2.9102,1.5508,0.4219,14.1367,17.74,118.91,125.91,1
14.133,-2.40,-5.95,0.8828,1.7741,-2.0703,11.9531,17.74,120.15,123.52,1
14.145,-2.45,-5.86,-2.1836,1.3316,0.7656,8.5039,17.74,121.11,121.45,1
14.162,-2.55,-5.79,-0.4961,0.4696,-1.5703,10.0039,17.74,118.25,122.64,1
14.180,-2.64,-5.63,0.9961,0.4706,-0.5742,11.7969,17.74,118.82,249.63,1
14.200,-2.75,-5.46,1.1484,0.6534,-1.3789,8.7734,17.74,120.12,122.87,1
14.213,-2.80,-5.42,-0.6523,0.5854,-0.6523,7.0469,17.74,124.32,124.77,1
14.231,-2.94,-5.39,-1.2266,0.0363,1.0352,4.3672,17.74,121.97,125.14,1
14.254,-3.07,-5.35,3.6758,0.7313,-1.9922,13.5937,17.74,123.33,128.44,1
14.264,-3.14,-5.29,3.6758,1.1835,-1.9922,13.5937,17.74,123.62,127.55,1
14.281,-3.29,-5.20,0.2305,1.1279,-0.6523,6.0508,19.85,121.09,127.24,1
14.302,-3.45,-5.08,1.9141,0.8170,-0.6523,10.9180,19.85,121.92,128.14,1
14.321,-3.52,-4.99,2.8359,1.2697,-1.0742,11.9531,19.85,119.76,128.02,1
14.333,-3.67,-4.89,1.6836,1.4181,-1.1094,9.1211,19.85,125.39,127.34,1
14.351,-3.83,-4.74,-0.4609,1.0340,0.3047,5.8594,19.85,122.79,127.36,1
14.370,-4.02,-4.56,-0.1523,0.5926,-1.3008,9.6523,19.85,122.87,126.52,1
14.383,-4.11,-4.49,2.8711,0.7201,0.2305,13.7930,19.85,122.84,126.58,1
14.400,-4.29,-4.34,2.1055,1.2840,-0.6133,8.9219,19.85,121.23,127.49,1
14.420,-4.47,-4.21,1.8789,1.4668,-0.8828,10.4531,19.85,120.61,128.44,1
14.434,-4.56,-4.12,-2.6797,0.5491,-0.9180,5.8203,19.85,122.09,129.94,1
14.452,-4.77,-4.11,-0.6914,0.0735,1.4570,9.1562,19.85,125.49,128.90,1
14.472,-4.98,-4.14,0.5352,0.1116,0.0781,10.3867,19.85,125.31,132.08,1
14.492,-5.10,-4.15,-1.4180,-0.0683,-2.6797,7.2070,19.85,129.03,133.99,1
14.504,-5.32,-4.20,-0.6914,-0.3089,-0.2305,8.6211,19.85,125.27,134.77,1
14.521,-5.54,-4.34,0.4961,-0.3223,-0.2695,7.4727,19.85,129.30,135.06,1
14.541,-5.76,-4.55,1.7617,0.2368,-0.8438,10.8008,19.85,128.98,133.83,1
14.553,-5.88,-4.63,2.1836,0.5048,-1.8398,10.0352,19.85,130.96,132.96,1
14.572,-6.13,-4.69,0.9961,0.8143,-1.4922,8.8437,19.85,132.89,134.48,1
14.591,-6.35,-4.82,2.7187,1.2471,-1.5703,11.7969,19.85,126.98,138.66,1
14.604,-6.45,-4.84,1.2656,1.2512,-0.7266,11.8398,19.85,127.29,136.82,1
14.621,-6.66,-4.88,2.2617,1.4757,-0.7266,12.4883,19.85,130.99,274.42,1
14.642,-6.87,-4.90,1.6836,1.8344,-0.2305,9.7656,19.85,129.43,135.85,1
14.655,-6.97,-4.87,1.6836,1.8113,-0.2305,9.7656,19.85,130.82,134.44,1
14.674,-7.17,-4.80,0.9180,1.5116,0.5742,10.6133,19.85,128.34,134.95,1
14.692,-7.36,-4.74,-0.0391,1.2667,-1.6094,8.5391,19.85,129.40,136.67,1
14.710,-7.54,-4.74,0.7266,0.9910,-0.3437,10.8750,19.85,129.75,136.72,1
14.723,-7.61,-4.73,3.1016,1.1404,-0.3047,14.0977,19.85,130.91,134.61,1
14.740,-7.80,-4.60,0.0781,1.1399,-0.8828,6.4727,19.85,132.56,136.56,1
14.760,-7.96,-4.51,-0.0391,0.8128,-0.9570,8.8125,19.85,127.80,134.83,1
14.774,-8.04,-4.36,-1.7617,0.2430,-2.4141,8.1562,19.85,128.16,138.52,1
14.791,-8.18,-4.15,1.8008,0.3480,-0.3437,14.7852,19.85,131.87,136.63,1
14.814,-8.30,-4.02,0.0781,0.5726,0.6914,9.3437,19.85,131.93,138.12,1
14.825,-8.36,-3.97,0.0781,0.4967,0.6914,9.3437,19.85,134.16,137.34,1
14.844,-8.49,-3.84,-0.2305,0.8359,-1.3008,4.5195,19.85,137.40,136.37,1
14.861,-8.60,-3.74,-0.4609,0.5151,-0.8047,7.7773,19.85,134.95,139.96,1
14.880,-8.69,-3.67,0.0000,0.2843,-1.8008,8.0391,19.85,133.39,141.22,1
14.893,-8.73,-3.70,2.6445,0.4522,0.4961,12.0234,19.85,135.01,140.92,1
14.910,-8.78,-3.72,2.7187,1.0854,-1.1875,12.1055,19.85,132.96,142.67,1
14.931,-8.86,-3.69,1.9531,1.4728,-0.9961,9.8828,19.85,137.04,138.24,1
14.944,-8.89,-3.67,1.9141,1.5434,-1.3789,10.0000,19.85,135.85,138.48,1
14.961,-8.92,-3.61,1.2656,1.5263,-1.0352,8.8164,19.85,133.14,142.55,1
14.980,-8.94,-3.53,1.4180,1.4861,-0.1914,11.0352,19.85,133.21,141.00,1
14.995,-8.95,-3.47,-0.3437,1.0811,-1.5703,9.0430,19.85,132.77,141.24,1
15.014,-8.97,-3.26,-1.8789,0.5895,-0.1133,5.0195,19.85,138.41,141.76,1
15.033,-8.95,-3.23,1.4180,0.1532,-0.2305,10.4180,19.85,132.63,140.73,1
15.051,-8.95,-3.21,0.7266,0.4313,-1.5703,8.7773,19.85,135.98,140.59,1
15.063,-8.95,-3.23,1.5313,0.5411,-0.9961,9.4258,19.85,137.57,142.92,1
15.083,-8.92,-3.26,1.6094,0.8959,-0.9180,11.7969,19.85,136.28,144.74,1
15.100,-8.88,-3.20,-0.3828,0.6983,-1.4570,8.8477,19.85,134.52,140.04,1
15.114,-8.87,-3.16,0.3437,0.5903,0.5742,8.8164,19.85,138.01,140.75,1
15.131,-8.82,-3.05,-0.9570,0.2184,0.2305,5.5547,19.85,136.37,145.56,1
15.154,-8.78,-2.96,1.9531,0.4481,-0.7656,10.9531,19.85,137.93,144.74,1
15.165,-8.77,-2.93,1.9531,0.6793,-0.7656,10.9531,19.85,141.88,143.66,1
15.183,-8.72,-2.87,0.0391,0.6170,-1.3789,6.0469,19.85,136.15,144.49,1
15.204,-8.63,-2.88,1.4180,1.2925,-1.0352,10.4531,19.85,139.59,142.96,1
15.216,-8.59,-2.91,1.4180,1.3118,-1.0352,10.4531,19.85,139.39,144.84,1
15.233,-8.51,-2.93,1.4180,1.1452,0.3828,10.1914,19.85,137.42,143.08,1
15.252,-8.43,-2.94,-1.5703,0.9835,-0.3828,7.3555,19.85,137.67,146.50,1
15.270,-8.36,-2.99,0.0781,0.4777,0.9570,8.4219,19.85,141.76,143.62,1
15.284,-8.33,-2.99,-0.3047,0.3857,-0.9180,7.9687,23.95,137.29,148.59,1
15.301,-8.26,-3.02,1.3789,0.5229,-0.4609,11.4531,23.95,139.10,147.95,1
15.321,-8.20,-3.00,2.5273,1.0198,-0.1133,11.3789,23.95,138.52,146.61,1
15.335,-8.17,-2.95,1.0742,1.0319,-0.6523,8.3164,23.95,141.62,144.91,1
15.352,-8.11,-2.96,1.0352,1.0352,-0.1133,9.6484,23.95,143.60,148.70,1
15.374,-8.06,-2.99,0.8828,0.7733,-0.0391,9.5039,23.95,143.12,148.92,1
15.392,-8.02,-3.00,0.6133,0.7828,0.0391,9.5820,23.95,140.86,147.32,1
15.404,-8.00,-3.02,-0.1914,0.6809,-0.6523,8.2344,23.95,142.65,151.79,1
15.422,-7.96,-3.05,2.6055,0.6573,0.5742,12.4062,23.95,141.40,147.78,1
15.440,-7.92,-3.12,-0.2305,0.6938,-0.9961,7.3516,23.95,143.68,150.72,1
15.454,-7.89,-3.18,0.1914,0.5856,-0.8438,9.6523,23.95,142.53,148.63,1
15.472,-7.84,-3.25,4.2148,1.3416,-0.4219,15.7031,23.95,141.98,148.28,1
15.490,-7.82,-3.19,1.4180,1.5375,-0.6523,11.4141,23.95,140.10,149.54,1
15.505,-7.80,-3.15,0.0000,1.1972,-1.1484,7.0508,23.95,144.74,146.48,1
15.522,-7.75,-3.19,-1.2266,0.5176,-1.6094,8.3555,23.95,143.91,146.67,1
15.545,-7.73,-3.22,0.7266,0.5238,-0.4609,9.4219,23.95,142.39,148.04,1
15.561,-7.72,-3.19,-0.7656,0.4620,-1.4570,6.7812,23.95,142.43,151.58,1
15.574,-7.70,-3.22,0.8438,0.3190,0.9570,9.3477,23.95,141.44,149.43,1
15.592,-7.70,-3.28,0.1914,0.4157,-1.1484,8.2773,23.95,143.95,148.39,1
15.612,-7.68,-3.36,-0.0391,0.2882,-0.6914,8.5781,23.95,146.80,151.45,1
15.624,-7.67,-3.42,1.8789,0.3914,0.9961,12.3359,23.95,144.99,151.40,1
15.642,-7.69,-3.46,1.2266,0.7541,-0.6133,8.4648,23.95,141.98,153.75,1
15.660,-7.71,-3.46,0.3437,0.6927,-0.2695,8.9219,23.95,148.68,148.83,1
15.675,-7.72,-3.47,1.4570,0.7282,-0.4219,8.2734,23.95,147.84,153.37,1
15.692,-7.76,-3.57,0.3047,0.7216,-1.4180,6.6641,23.95,145.12,154.58,1
15.714,-7.78,-3.68,3.9844,1.2723,-1.9922,13.2109,23.95,148.77,152.46,1
15.732,-7.83,-3.77,3.1406,1.9740,-0.6914,10.1523,23.95,153.80,155.18,1
15.750,-7.87,-3.77,2.5273,2.2360,-0.4609,8.8828,23.95,146.95,155.50,1
15.762,-7.91,-3.78,2.5664,2.2839,-2.0703,8.2773,23.95,148.17,155.47,1
15.782,-7.94,-3.79,0.5352,2.0520,-0.0391,5.6680,23.95,153.47,156.81,1
15.794,-8.01,-3.87,2.2617,1.9571,-1.6094,11.1133,23.95,150.56,155.76,1
15.812,-8.06,-3.92,2.2227,2.0404,-2.3750,11.2617,23.95,151.22,154.23,1
15.831,-8.13,-3.95,-0.4219,1.5173,-0.4609,6.6250,23.95,151.52,157.95,1
15.845,-8.18,-4.00,1.8008,1.3972,-0.3047,9.2305,23.95,152.00,158.18,1
15.863,-8.26,-4.01,1.3008,1.4241,-1.8398,11.2617,23.95,151.93,155.28,1
15.880,-8.36,-3.96,2.2969,1.6096,-0.6914,9.6133,23.95,148.61,161.06,1
15.902,-8.43,-3.95,-0.4961,0.8408,-1.9531,6.9336,23.95,154.68,157.33,1
15.913,-8.49,-3.91,-0.4961,0.6354,-1.9531,6.9336,23.95,155.01,155.55,1
15.933,-8.59,-3.84,-0.5352,0.9457,-1.1094,5.4805,23.95,154.58,162.47,1
15.952,-8.67,-3.79,-2.6055,0.3601,-1.2656,1.1484,23.95,155.64,158.50,1
15.964,-8.73,-3.84,0.5352,-0.0450,0.4219,10.1875,23.95,160.67,162.87,1
15.982,-8.82,-3.93,3.6016,0.3649,-1.9531,11.1094,23.95,155.21,163.56,1
16.001,-8.89,-3.99,1.9531,1.1035,-0.8438,12.2227,23.95,155.06,160.05,1
16.015,-8.93,-3.95,2.4883,1.2768,0.2695,13.0664,23.95,159.16,163.75,1
16.032,-9.04,-3.79,2.3359,1.6561,-0.2305,7.8164,23.95,155.35,161.47,1
16.050,-9.12,-3.64,-1.3398,1.0354,-0.2695,5.2500,23.95,153.89,161.21,1
16.073,-9.20,-3.61,2.7187,0.8734,-1.5313,11.8750,23.95,155.81,163.83,1
16.083,-9.23,-3.62,2.7187,1.1568,-1.5313,11.8750,23.95,155.45,164.50,1
16.103,-9.31,-3.49,1.3398,1.2752,0.5352,9.3477,23.95,155.33,161.00,1
16.122,-9.40,-3.35,1.7227,1.3241,-1.4570,8.1211,23.95,158.55,164.72,1
16.134,-9.43,-3.24,-2.6797,1.0602,-2.1836,1.9922,23.95,161.21,166.14,1
16.153,-9.48,-3.21,-0.3047,0.1895,-0.2695,9.8086,23.95,159.74,161.89,1
16.171,-9.58,-3.15,3.6016,0.8855,-0.0781,13.4844,23.95,158.96,167.73,1
16.185,-9.61,-3.09,-0.8828,0.9440,-0.9180,6.4375,23.95,158.30,166.97,1
16.202,-9.64,-3.04,-0.0781,0.5495,0.1914,7.0508,23.95,161.37,167.39,1
16.221,-9.73,-2.94,0.6523,0.5331,-1.5703,8.3125,23.95,163.29,170.59,1
16.236,-9.74,-2.97,-1.1094,0.4105,-1.2656,6.5898,23.95,162.18,168.27,1
16.253,-9.79,-2.95,1.3398,0.4344,0.0781,8.6953,23.95,164.15,168.29,1
16.274,-9.86,-2.89,-0.4961,0.8459,-1.4922,4.8984,23.95,165.40,170.53,1
16.292,-9.91,-2.87,-1.6836,0.3703,0.0000,5.0547,27.30,167.34,169.41,1
16.305,-9.95,-2.91,1.7227,0.1883,-1.9531,9.0781,27.30,163.00,172.56,1
16.331,-9.99,-3.03,4.2891,1.1914,0.0391,15.3242,27.30,160.98,170.50,1
16.341,-10.02,-2.96,-0.1523,0.8940,-1.3008,6.2422,27.30,165.34,170.91,1
16.355,-10.04,-2.97,1.2656,0.8467,-1.2266,11.1875,27.30,164.74,170.15,1
16.372,-10.06,-2.97,4.7500,1.2443,-0.9180,13.5977,27.30,164.07,171.47,1
16.392,-10.08,-3.03,-2.7969,0.7692,-0.4609,4.0234,27.30,166.36,176.24,1
16.414,-10.08,-3.15,3.8672,0.2664,-0.6523,15.6641,27.30,165.54,175.22,1
16.423,-10.07,-3.23,3.8672,0.8194,-0.6523,15.6641,27.30,169.98,175.69,1
16.440,-10.07,-3.24,2.7969,1.4469,-0.4609,11.5312,27.30,168.35,177.68,1
16.462,-10.07,-3.28,0.1133,0.8832,-0.0781,8.6953,27.30,173.16,177.24,1
16.482,-10.03,-3.40,5.8242,1.8846,-0.8438,14.8633,27.30,165.76,179.12,1
16.493,-10.03,-3.42,-1.2266,1.9257,-0.3047,8.0391,27.30,168.69,177.65,1
16.512,-10.01,-3.47,0.4219,1.1636,-0.2695,9.5000,27.30,170.88,173.82,1
16.525,-9.99,-3.47,4.3672,1.3150,-0.6523,17.2383,27.30,165.26,172.65,1
16.542,-9.96,-3.27,-2.5664,1.6260,-2.1445,5.9805,27.30,165.65,171.64,1
16.560,-9.88,-3.10,-3.2578,0.0437,-0.1914,6.0469,27.30,166.22,173.79,1
16.580,-9.79,-3.08,1.1094,0.0739,-1.8008,13.1445,27.30,166.25,167.59,1
16.593,-9.76,-2.99,2.2617,0.5581,-0.1133,17.5078,27.30,163.05,178.60,1
16.611,-9.69,-2.66,-1.4570,0.2182,0.9570,5.4766,27.30,162.63,171.61,1
16.632,-9.59,-2.59,-2.8711,-0.9148,-0.9570,9.8828,27.30,166.72,174.43,1
16.644,-9.53,-2.51,-2.8711,-1.2153,-0.9570,9.8828,27.30,164.74,169.09,1
16.663,-9.39,-2.45,0.5742,-1.5042,0.0781,11.4961,27.30,164.42,170.33,1
16.682,-9.23,-2.39,0.4609,-0.9238,0.8438,9.6914,27.30,165.37,176.90,1
16.695,-9.16,-2.31,-2.9453,-0.8898,-1.0352,2.9102,27.30,168.75,173.76,1
16.713,-8.95,-2.42,-0.9961,-1.3168,-0.4961,8.3516,27.30,165.70,174.46,1
16.731,-8.75,-2.58,1.5703,-0.6395,-1.6094,13.8672,27.30,164.45,176.18,1
16.746,-8.64,-2.63,3.4844,-0.1470,0.9180,16.1641,27.30,167.06,175.35,1
16.763,-8.44,-2.50,0.5352,0.4383,0.8828,9.3047,27.30,165.23,175.32,1
16.781,-8.24,-2.47,-8.0078,-1.4249,-2.1445,-6.7031,27.30,165.98,173.10,1
16.804,-8.03,-2.60,1.2266,-0.9412,-0.1523,13.4102,27.30,166.28,177.56,1
16.814,-7.92,-2.65,1.2266,-0.6082,-0.1523,13.4102,27.30,163.27,173.58,1
16.834,-7.72,-2.67,1.6094,0.3127,0.3828,12.5234,27.30,162.02,173.82,1
16.853,-7.51,-2.57,-5.4766,0.1136,-0.3437,0.1523,27.30,163.43,171.59,1
16.865,-7.39,-2.61,0.2305,-0.6670,0.5352,10.6133,27.30,162.81,171.73,1
16.885,-7.17,-2.70,-0.9180,-0.5044,-0.9961,10.1094,27.30,166.50,174.25,1
16.900,-6.95,-2.72,0.7656,-0.2728,1.3008,13.1719,27.30,165.84,173.76,1
16.921,-6.77,-2.72,-2.9102,-0.7918,0.2695,3.9102,27.30,167.14,173.22,1
16.933,-6.67,-2.77,-1.1094,-0.8621,-0.3047,7.2344,27.30,163.80,175.38,1
16.951,-6.49,-2.87,0.1523,-0.6530,-0.6523,10.1914,27.30,163.00,173.61,1
16.974,-6.30,-2.91,-0.9961,-0.0177,0.1133,9.3867,27.30,166.14,169.78,1
16.984,-6.21,-2.89,-0.9961,-0.1680,0.1133,9.3867,27.30,163.13,174.28,1
17.004,-6.05,-2.85,-1.1875,-0.4577,-0.0781,6.6289,27.30,163.64,173.52,1
17.035,-5.90,-2.90,0.8438,-0.5499,0.3437,12.5625,27.30,162.87,172.89,1
17.035,-5.90,-2.90,0.8438,-0.5499,0.3437,12.5625,27.30,159.87,171.23,1
17.053,-5.67,-2.99,3.4102,0.0507,0.0391,17.2734,27.30,160.44,171.73,1
17.073,-5.55,-2.79,-0.9180,0.2381,-1.9922,7.2383,27.30,161.39,171.17,1
17.092,-5.42,-2.67,-1.8789,-0.3687,-0.3828,5.9766,27.30,163.48,171.88,1
17.103,-5.37,-2.63,-1.5313,-0.5728,0.3828,8.3555,27.30,160.38,170.30,1
17.121,-5.27,-2.56,-2.3750,-1.0863,-0.8828,7.0078,27.30,159.97,169.72,1
17.141,-5.19,-2.52,0.3047,-0.8587,1.0352,10.9961,27.30,162.97,171.59,1
17.154,-5.16,-2.47,-1.1094,-0.9142,-1.2266,9.2266,27.30,160.69,169.69,1
17.171,-5.08,-2.45,-2.1055,-1.1900,-0.1914,6.8945,27.30,329.49,167.48,1
17.192,-5.03,-2.49,0.0781,-1.0981,-0.6914,13.7109,27.30,163.48,169.43,1
17.213,-5.03,-2.41,-0.1914,-0.7568,0.2695,9.4258,27.30,160.46,173.61,1
17.223,-5.04,-2.36,-4.8281,-1.0026,-1.3789,-0.6133,27.30,161.76,171.38,1
17.242,-5.02,-2.56,-2.7969,-1.9250,-0.1523,5.7070,27.30,164.42,169.20,1
17.261,-5.01,-2.84,-0.7266,-1.7641,-0.8828,9.6484,27.30,162.23,170.24,1
17.274,-5.01,-2.97,1.4570,-1.4300,0.2305,13.2500,27.30,163.13,173.91,1
17.291,-5.04,-3.08,2.9883,-0.1069,-0.1133,14.9766,27.80,161.19,173.67,1
17.311,-5.09,-3.01,2.7969,0.7286,-1.0352,12.4102,27.80,161.16,169.06,1
17.324,-5.12,-2.97,-0.4609,0.4653,-1.6484,8.7344,27.80,160.62,171.03,1
17.341,-5.10,-2.97,-2.7187,-0.2971,-2.0703,6.3242,27.80,160.18,169.41,1
17.363,-5.07,-2.93,-0.4609,-0.0125,-1.3789,11.7578,27.80,155.93,168.72,1
17.375,-5.07,-2.86,-0.4609,-0.0814,-1.3789,11.7578,27.80,159.34,167.84,1
17.394,-5.10,-2.70,-2.6055,-1.0369,-0.8438,6.9727,27.80,160.00,165.73,1
17.413,-5.10,-2.69,-1.3008,-1.3774,-2.2227,11.2227,27.80,157.16,166.31,1
17.426,-5.10,-2.69,-0.5352,-1.2992,0.3828,12.6445,27.80,158.40,164.34,1
17.444,-5.10,-2.64,-1.4922,-1.1591,-1.1875,11.2617,27.80,155.93,166.61,1
17.462,-5.09,-2.58,-1.0352,-1.1715,-0.4219,9.4258,27.80,157.21,167.73,1
17.480,-5.09,-2.59,-7.0859,-2.4719,0.2305,-0.8828,27.80,161.52,167.11,1
17.494,-5.08,-2.67,-0.9180,-2.1280,-0.1133,7.1680,27.80,158.60,165.89,1
17.511,-5.08,-2.90,-1.8789,-1.9282,-1.7227,7.3164,27.80,155.47,165.92,1
17.533,-5.08,-3.01,0.2695,-0.3304,-1.4922,11.6797,27.80,156.86,166.64,1
17.545,-5.07,-2.98,0.2695,-0.2382,-1.4922,11.6797,27.80,154.99,163.35,1
17.565,-5.05,-2.97,-1.3398,-0.2647,-0.4609,7.0117,27.80,155.30,162.21,1
17.582,-5.00,-3.03,1.6094,-0.3337,-0.7266,12.6406,27.80,156.32,165.92,1
17.601,-4.96,-3.04,-1.6484,-0.3922,-0.6523,8.5781,27.80,153.52,166.00,1
17.613,-4.93,-3.06,1.1875,-0.3583,-1.0352,13.8711,27.80,152.28,163.43,1
17.632,-4.88,-3.03,-0.0391,-0.1028,-1.4570,10.3867,27.80,154.15,165.56,1
17.651,-4.79,-3.01,0.0391,-0.0638,0.0391,12.7187,27.80,151.77,164.18,1
17.664,-4.76,-2.97,-3.6016,-0.3392,-0.6914,6.9297,27.80,154.94,160.33,1
17.681,-4.66,-3.00,-2.7187,-1.2560,-0.1133,7.5508,27.80,154.80,159.16,1
17.701,-4.56,-3.01,-0.8047,-1.2473,-1.4570,8.4609,27.80,153.28,165.62,1
17.715,-4.51,-3.01,0.0781,-0.9539,-0.7656,9.6523,27.80,156.94,160.59,1
17.735,-4.39,-3.08,-0.1133,-1.1169,-0.7656,10.6133,27.80,153.44,162.95,1
17.752,-4.26,-3.15,-1.3789,-0.9335,-1.4922,8.2344,27.80,154.32,162.34,1
17.773,-4.18,-3.21,2.3359,-0.4892,-0.5742,16.4688,27.80,151.35,160.08,1
17.783,-4.01,-3.23,-0.1133,-0.2512,-0.8438,11.9531,27.80,152.53,161.73,1
17.802,-3.82,-3.13,0.0391,-0.1999,-0.4961,10.3477,27.80,152.44,160.93,1
17.821,-3.62,-2.99,-1.4570,-0.4495,-0.4219,7.1250,27.80,149.77,157.51,1
17.834,-3.51,-2.95,-0.4609,-0.5246,-0.3047,8.1992,27.80,151.42,160.15,1
17.851,-3.27,-2.94,-1.8008,-0.7994,-1.2266,7.7773,27.80,152.65,160.49,1
17.871,-3.02,-2.86,1.4570,-0.3624,-0.3047,13.2109,27.80,151.91,159.24,1
17.885,-2.89,-2.80,-0.4609,-0.3842,-1.1094,8.9258,27.80,148.39,159.31,1
17.902,-2.64,-2.71,-0.3047,-0.3714,-0.3828,9.3437,27.80,152.86,156.27,1
17.922,-2.36,-2.69,-2.4531,-1.4103,0.6133,7.0508,27.80,150.74,155.88,1
17.942,-2.07,-2.74,-0.2695,-1.5314,-0.1914,9.8828,27.80,149.12,159.69,1
17.954,-1.93,-2.79,1.2266,-1.1324,-0.0391,12.7930,27.80,150.44,160.10,1
17.973,-1.61,-2.79,-1.7227,-0.6993,-1.1875,6.9727,27.80,152.67,156.96,1
17.991,-1.28,-2.87,-0.9961,-0.8874,-0.6523,8.3516,27.80,149.88,160.98,1
18.004,-1.10,-2.91,-1.4180,-0.9379,-0.6133,6.1289,27.80,150.90,157.41,1
18.021,-0.75,-3.03,2.1836,-0.3045,0.5742,12.1445,27.80,150.83,158.20,1
18.041,-0.38,-3.13,-0.1523,-0.1158,-0.4609,10.0312,27.80,151.58,161.42,1
18.055,-0.20,-3.19,0.0391,-0.0815,-0.2695,10.0742,27.80,149.28,157.06,1
18.073,0.18,-3.23,-1.3789,-0.3611,-0.9570,8.1602,27.80,151.58,160.10,1
18.093,0.56,-3.28,0.1914,-0.2727,-0.3047,10.1094,27.80,150.76,160.46,1
18.106,0.76,-3.35,0.1914,-0.2014,-0.3047,10.1094,27.80,149.59,158.05,1
18.125,1.15,-3.44,-0.6914,-0.2160,0.4219,7.1289,27.80,152.44,158.78,1
18.143,1.53,-3.57,-0.0391,-0.2987,-0.1523,11.2578,27.80,147.86,160.21,1
18.161,1.92,-3.70,2.6445,0.3837,-0.6133,14.4023,27.80,150.69,158.33,1
18.174,2.12,-3.74,1.2656,0.6207,-0.2305,11.8008,27.80,148.99,160.88,1
18.192,2.52,-3.76,-1.4570,0.2380,1.0742,6.7422,27.80,150.26,160.77,1
18.212,2.92,-3.78,-2.4141,-0.4545,0.6133,6.6250,27.80,152.95,154.56,1
18.225,3.10,-3.82,-1.2656,-0.7963,0.5352,7.8516,27.80,150.58,154.49,1
18.242,3.45,-3.93,-1.7227,-1.0575,0.6523,9.3477,27.80,150.65,156.35,1
18.265,3.81,-4.07,1.6094,-0.9167,0.4609,13.5937,27.80,148.88,157.78,1
18.276,3.96,-4.10,1.6094,-0.5287,0.4609,13.5937,27.80,150.83,159.90,1
18.295,4.27,-4.16,0.9180,-0.0889,1.8789,10.7305,27.80,150.60,159.06,1
18.313,4.56,-4.18,1.0742,0.2091,0.8438,11.8789,26.17,146.11,156.54,1
18.331,4.83,-4.08,2.8359,0.8940,0.2305,13.3320,26.17,146.69,156.54,1
18.344,4.96,-3.97,2.1836,1.1401,-0.8047,12.5273,26.17,148.15,154.70,1
18.363,5.18,-3.76,-0.8438,0.8258,0.4609,5.8203,26.17,151.03,154.20,1
18.381,5.40,-3.64,-2.7187,-0.1583,0.5742,1.3789,26.17,147.86,156.74,1
18.395,5.49,-3.60,0.0000,-0.3341,0.9570,9.6484,26.17,149.77,156.54,1
18.413,5.64,-3.48,1.0742,0.0175,1.9531,10.9531,26.17,146.16,154.08,1
18.434,5.71,-3.26,0.7656,0.2903,-0.8047,11.5312,26.17,147.67,154.20,1
18.446,5.73,-3.13,0.7656,0.3633,-0.8047,11.5312,26.17,146.63,149.72,1
18.466,5.74,-2.83,-1.4922,0.3357,-0.7656,8.8867,26.17,148.81,152.09,1
18.482,5.74,-2.52,-1.4570,-0.1799,1.0742,5.1367,26.17,147.36,154.80,1
18.504,5.68,-2.22,-0.2695,-0.3525,2.5273,5.2812,26.17,145.79,154.85,1
18.515,5.63,-2.12,1.0352,-0.2297,-0.4219,7.4687,26.17,149.34,155.26,1
18.533,5.51,-1.92,-2.1445,-0.1254,-1.3789,4.0273,26.17,147.17,154.11,1
18.552,5.35,-1.74,-3.8281,-1.1863,0.5742,0.2305,26.17,150.22,155.98,1
18.565,5.25,-1.71,1.1094,-1.1971,-0.5352,9.7266,26.17,146.76,155.55,1
18.582,5.02,-1.61,1.7617,-0.2664,0.1523,10.7656,26.17,145.69,154.94,1
18.601,4.76,-1.47,0.0391,-0.0725,-0.0781,10.4922,26.17,145.71,155.64,1
18.616,4.63,-1.31,2.1836,0.4268,-1.1875,13.6758,26.17,147.84,152.21,1
18.633,4.33,-0.99,1.4180,0.7556,-2.1055,11.1914,26.17,144.84,155.69,1
18.655,4.04,-0.61,-2.1055,0.9146,-3.4102,5.6641,26.17,143.10,156.25,1
18.673,3.73,-0.23,-2.4570,0.0299,0.0391,1.3789,26.17,148.61,151.91,1
18.684,3.58,-0.13,-4.0977,-0.6517,-2.3750,-0.8438,26.17,147.86,155.98,1
18.702,3.28,-0.07,-1.7617,-1.4421,-0.2695,5.9023,26.17,150.11,155.86,1
18.721,2.97,-0.03,0.3437,-1.0851,-1.0742,8.7344,26.17,147.71,155.28,1
18.735,2.79,-0.01,2.4141,-0.7000,-3.6406,13.5234,26.17,148.19,158.05,1
18.752,2.47,0.11,0.6133,-0.0369,-1.6094,10.6133,26.17,149.48,153.99,1
18.772,2.17,0.20,-0.6133,-0.1240,-2.1055,9.6094,26.17,147.04,155.55,1
18.786,2.17,0.20,-1.1484,-0.2813,-1.1094,8.8867,26.17,152.21,152.74,1
18.803,1.70,0.34,-0.8438,-0.4598,-1.2656,6.3242,26.17,152.86,158.38,1
18.824,1.38,0.34,-3.1445,-0.8917,-0.9961,2.7578,26.17,150.38,162.07,1
18.837,1.23,0.30,-3.1445,-1.2377,-0.9961,2.7578,26.17,148.37,156.84,1
18.855,0.97,0.13,1.6836,-0.7285,-1.3789,13.7500,26.17,149.79,158.45,1
18.873,0.69,-0.01,0.4219,-0.1453,-0.8828,10.5352,26.17,149.79,161.94,1
18.892,0.39,-0.02,-3.4844,-0.8165,-2.3750,3.6016,26.17,148.17,157.46,1
18.905,0.27,-0.09,1.6094,-0.8187,-1.6094,12.7930,26.17,148.61,157.06,1
18.922,0.15,-0.16,0.4961,-0.3011,-1.6094,12.5234,26.17,149.97,159.26,1
18.941,-0.18,-0.29,-0.9180,-0.3880,-2.0312,7.7383,26.17,154.49,160.41,1
18.956,-0.27,-0.36,-0.8047,-0.4603,-0.0781,5.6641,26.17,148.63,161.37,1
18.973,-0.43,-0.55,3.0664,0.2790,-2.4531,14.5195,26.17,151.79,156.62,1
18.995,-0.57,-0.64,1.4570,0.9677,-0.8828,13.6367,26.17,150.90,156.64,1
19.013,-0.67,-0.59,-0.6914,0.9346,-1.5313,6.7070,26.17,148.17,159.85,1
19.026,-0.70,-0.59,4.7891,1.0132,0.1133,17.3516,26.17,149.14,155.40,1
19.042,-0.74,-0.47,1.9922,1.8603,-1.8008,11.8008,26.17,148.63,157.41,1
19.061,-0.76,-0.35,-4.5547,0.8921,-0.5742,0.2695,26.17,152.04,316.36,1
19.075,-0.78,-0.15,0.4609,0.4567,-0.8828,8.5820,26.17,146.84,154.58,1
19.093,-0.75,0.01,4.7109,0.7979,-0.8438,18.6953,26.17,145.79,156.32,1
19.111,-0.71,0.36,2.1445,1.5640,-1.0742,13.3711,26.17,148.68,153.44,1
19.126,-0.70,0.66,-0.8828,1.4110,0.5742,8.6172,26.17,147.45,155.01,1
19.143,-0.64,1.08,-5.2852,-0.3453,-0.9570,-2.6055,26.17,148.50,149.88,1
19.161,-0.53,1.17,-2.3750,-1.1022,-0.0391,7.3945,26.17,148.17,155.52,1
19.182,-0.42,1.28,-4.5195,-1.7281,1.2656,5.2539,26.17,149.50,155.09,1
19.201,-0.27,1.21,0.7266,-1.5187,-0.2695,11.1914,26.17,148.59,155.84,1
19.213,-0.21,1.21,-0.1523,-1.2442,-0.8438,8.3516,26.17,148.28,161.63,1
19.232,-0.08,1.19,-4.9023,-1.3145,0.5742,-0.3047,26.17,154.46,155.13,1
19.245,-0.02,1.06,-0.0781,-1.7226,0.9570,7.8555,26.17,154.54,164.15,1
19.262,0.11,0.90,2.9102,-1.0172,0.6914,10.1484,25.72,156.03,162.76,1
19.281,0.23,0.75,3.3320,0.4151,1.4180,10.8398,25.72,153.23,161.24,1
19.302,0.34,0.69,2.4141,1.0392,-0.9570,11.0352,25.72,157.01,163.80,1
19.314,0.39,0.71,-0.6523,0.6648,0.2305,3.6445,25.72,155.64,159.57,1
19.331,0.52,0.60,2.3359,0.9526,0.0391,7.8125,25.72,151.45,162.02,1
19.353,0.63,0.64,2.5664,2.7024,-1.1094,14.0937,25.72,150.72,160.54,1
19.364,0.70,0.72,2.5664,2.6815,-1.1094,14.0937,25.72,149.10,159.01,1
19.384,0.82,1.12,-1.1875,2.3109,-0.5742,6.3984,25.72,153.70,157.46,1
19.403,0.99,1.45,0.1914,1.4291,0.3047,10.8359,25.72,150.20,157.60,1
19.416,1.08,1.62,-2.6055,0.9314,-0.3828,8.0430,25.72,149.25,160.44,1
19.432,1.25,1.92,-2.4141,-0.0564,0.9961,6.6641,25.72,149.93,154.49,1
19.451,1.41,2.11,-4.6719,-1.3598,1.1094,3.0664,25.72,149.75,157.48,1
19.466,1.49,2.13,-3.6016,-1.7829,-0.1523,5.7422,25.72,153.63,156.81,1
19.483,1.62,2.10,-6.1289,-2.9623,0.4609,5.7461,25.72,150.78,166.31,1
19.501,1.78,1.95,0.3437,-2.4279,-1.4180,12.9883,25.72,154.25,167.93,1
19.525,1.98,1.77,0.7266,-1.4524,0.0000,10.9922,25.72,157.65,158.58,1
19.534,2.08,1.63,0.7266,-1.1177,0.0000,10.9922,25.72,156.27,168.38,1
19.555,2.29,1.35,-3.6758,-1.5506,2.2227,3.7500,25.72,155.71,163.72,1
19.573,2.47,0.89,3.6016,-1.5711,-0.6914,15.7031,25.72,158.73,164.37,1
19.585,2.56,0.74,0.4609,-0.6776,-2.1055,8.3516,25.72,160.10,172.12,1
19.603,2.75,0.38,-1.7227,-0.5294,-0.3437,4.0234,25.72,160.75,166.03,1
19.622,2.88,0.07,0.9180,-0.4622,0.1523,13.6367,25.72,157.98,168.72,1
19.636,3.09,-0.40,1.4570,-0.2071,1.1484,10.8789,25.72,155.23,165.21,1
19.653,3.29,-0.75,9.5000,2.1403,1.3789,27.0820,25.72,153.23,166.86,1
19.672,3.45,-0.80,2.2227,3.0388,-4.0234,15.0977,25.72,153.92,165.56,1
19.695,3.63,-0.86,0.3047,2.0456,0.5352,11.7227,25.72,156.94,159.49,1
19.704,3.72,-0.85,0.3047,1.7782,0.5352,11.7227,25.72,157.31,166.14,1
19.721,3.84,-0.76,-0.3047,1.2254,-0.4609,8.9258,25.72,157.53,164.83,1
19.742,4.03,-1.10,-2.8359,-1.0286,-1.4180,7.5078,25.72,159.92,169.92,1
19.761,4.16,-1.23,1.2656,-0.7370,3.9453,14.1719,25.72,154.63,165.45,1
19.773,4.19,-1.29,5.8242,-0.0647,-2.1445,23.7539,25.72,151.72,162.07,1
19.793,4.27,-1.32,2.5273,1.2133,-1.8789,16.2461,25.72,156.74,162.65,1
19.806,4.32,-1.30,-0.4609,1.2650,1.3398,11.9141,25.72,155.81,161.16,1
19.823,4.43,-1.14,-3.4844,0.5337,-2.3359,6.3242,25.72,153.70,162.26,1
19.842,4.55,-1.07,-2.6797,-0.6581,1.8398,4.9375,25.72,159.11,160.33,1
19.865,4.65,-1.16,0.2695,-1.0573,-1.8398,11.0312,25.72,154.32,163.51,1
19.874,4.68,-1.11,0.2695,-0.8535,-1.8398,11.0312,25.72,156.72,163.24,1
19.895,4.69,-1.14,-0.1914,-0.4614,-1.4570,9.8828,25.72,156.79,163.59,1
19.913,4.65,-1.09,0.1914,-0.3542,0.0781,5.7422,25.72,155.55,161.89,1
19.925,4.64,-1.08,0.1914,-0.2704,0.0781,5.7422,25.72,159.49,162.31,1
19.943,4.64,-1.17,3.5234,0.2433,1.3008,14.9023,25.72,156.76,166.44,1
19.962,4.64,-1.19,0.6523,0.9439,0.5742,9.0781,25.72,155.38,163.72,1
19.982,4.64,-1.09,3.4844,1.4713,0.2695,14.0547,25.72,159.34,159.92,1
19.993,4.64,-0.95,0.6523,1.5539,-2.2617,6.1289,25.72,157.26,163.08,1
20.011,4.67,-0.89,1.5313,1.4411,1.2266,9.7266,25.72,152.49,163.16,1
20.031,4.69,-0.83,-0.8047,0.9497,-0.2695,9.8437,25.72,156.37,159.11,1
20.044,4.70,-0.75,0.8438,0.9262,1.7617,13.1445,25.72,156.57,164.69,1
20.061,4.69,-0.53,0.6523,0.8605,-2.1445,7.0508,25.72,157.48,165.32,1
20.084,4.69,-0.51,-1.8398,0.2067,-1.3789,6.0469,25.72,159.21,159.77,1
20.095,4.69,-0.49,-1.8398,-0.1076,-1.3789,6.0469,25.72,156.64,163.96,1
20.114,4.68,-0.39,0.0391,-0.4850,-0.2695,6.2852,25.72,161.39,165.45,1
20.134,4.68,-0.44,1.3398,-0.2323,-0.0391,11.7187,25.72,155.55,164.42,1
20.146,4.68,-0.50,0.0000,0.0084,-0.5352,10.4922,25.72,154.85,164.93,1
20.163,4.67,-0.50,0.1914,0.0213,-0.1133,9.3828,25.72,160.77,162.87,1
20.182,4.64,-0.47,-1.1875,-0.2258,0.3828,4.2891,25.72,155.88,164.31,1
20.201,4.61,-0.64,2.6445,0.3495,1.1484,12.1016,25.72,157.13,163.11,1
20.214,4.58,-0.67,1.4570,0.5946,-1.7227,10.5312,25.72,154.82,165.29,1
20.232,4.51,-0.63,-0.5742,0.4391,-0.6133,10.4570,25.72,160.46,165.29,1
20.255,4.48,-0.75,4.0977,0.4753,0.5742,16.8945,25.72,159.69,164.39,1
20.265,4.46,-0.81,4.0977,1.0317,0.5742,16.8945,26.32,158.60,166.28,1
20.285,4.43,-0.72,-0.6523,1.5649,-0.3047,8.1172,26.32,164.53,162.95,1
20.303,4.39,-0.65,0.2305,1.0067,0.8828,7.1250,26.32,157.65,164.10,1
20.322,4.38,-0.69,-0.1523,0.6574,0.1523,10.6484,26.32,156.15,167.93,1
20.334,4.38,-0.70,2.3750,0.7352,0.0000,12.1406,26.32,157.70,164.34,1
20.352,4.33,-0.56,-1.5703,0.4211,-3.1016,2.9883,26.32,165.48,166.22,1
20.373,4.34,-0.66,-2.1445,-0.3849,1.1484,6.1289,26.32,158.88,167.14,1
20.384,4.34,-0.79,0.6914,-0.4283,-0.0781,11.7969,26.32,161.76,168.52,1
20.401,4.31,-0.84,2.3750,0.3260,-0.1914,12.7578,26.32,162.00,166.50,1
20.425,4.26,-0.75,2.3359,0.6786,-0.6914,10.1914,26.32,161.16,166.53,1
20.435,4.24,-0.76,2.3359,0.9332,-0.6914,10.1914,26.32,161.66,168.58,1
20.452,4.22,-0.93,-3.8281,-0.0332,-1.4180,3.6406,26.32,161.81,166.86,1
20.471,4.20,-0.98,0.6133,0.1872,2.8711,10.7266,26.32,160.62,170.79,1
20.492,4.20,-0.98,3.7539,0.9596,0.5352,12.9062,26.32,162.44,171.14,1
20.503,4.20,-1.06,3.6016,1.3766,-2.4531,13.9805,26.32,163.96,166.78,1
20.522,4.15,-1.11,0.6133,1.7685,-0.4961,9.3477,26.32,167.56,168.15,1
20.541,4.10,-1.06,1.3008,1.5268,0.4219,8.0430,26.32,160.21,168.27,1
20.554,4.08,-1.00,2.3359,1.5749,-0.3437,12.0234,26.32,158.91,166.97,1
20.572,4.06,-0.94,2.4141,1.8517,0.0781,12.8672,26.32,161.76,167.90,1
20.591,4.04,-0.83,1.4922,1.8071,-1.6094,10.1094,26.32,160.18,170.10,1
20.605,4.03,-0.77,-2.1406,0.9335,-0.2695,1.7227,26.32,160.13,170.39,1
20.622,4.02,-0.57,1.1484,0.7895,0.4219,12.9102,26.32,158.20,168.75,1
20.643,4.01,-0.43,1.4922,1.4796,-1.8008,9.3867,26.32,164.58,167.48,1
20.663,4.01,-0.29,-1.8789,0.7378,0.1914,5.7031,26.32,162.18,167.53,1
20.675,4.01,-0.21,-0.8828,0.2384,-0.5742,7.2383,26.32,161.60,166.56,1
20.693,4.00,-0.02,1.9141,0.1442,1.8398,12.5234,26.32,159.92,166.36,1
20.711,4.01,0.17,1.8008,0.7225,-1.7617,4.7539,26.32,162.52,171.59,1
20.724,4.03,0.20,2.3359,0.9309,2.0312,9.6484,26.32,157.70,167.22,1
20.741,4.04,0.42,1.8789,1.3088,-2.2969,9.7305,26.32,162.13,166.25,1
20.761,4.02,0.75,-0.4219,0.9613,1.1875,8.2344,26.32,162.92,170.04,1
20.775,4.01,0.86,-0.5352,0.6301,-0.4961,2.2227,26.32,164.20,173.73,1
20.792,4.01,0.89,2.4141,0.9523,0.2305,11.6445,26.32,167.53,173.40,1
20.815,3.98,1.09,-0.3437,0.8005,-0.0781,6.9297,26.32,168.63,168.69,1
20.826,3.95,1.20,-0.3437,0.6248,-0.0781,6.9297,26.32,166.92,174.79,1
20.845,3.90,1.28,-1.3008,-0.0158,0.0781,7.6250,26.32,165.84,176.37,1
20.863,3.87,1.19,2.6055,-0.0677,0.3047,12.0234,26.32,163.99,175.93,1
20.881,3.78,1.26,0.8438,0.4537,-1.1484,3.3711,26.32,171.29,175.35,1
20.894,3.74,1.25,-1.9141,0.2930,0.6523,2.9453,26.32,167.08,178.92,1
20.913,3.64,1.18,-0.2305,-0.0868,-0.4219,7.9727,26.32,169.87,175.47,1
20.932,3.53,0.98,0.3047,-0.0091,1.3398,9.1172,26.32,171.59,179.24,1
20.945,3.53,0.98,1.9141,0.2863,0.8828,7.8125,26.32,170.13,177.84,1
20.962,3.34,0.59,3.2930,1.0531,0.8438,12.4844,26.32,167.76,179.69,1
20.985,3.15,0.47,2.8359,1.4922,-0.5742,13.4102,26.32,168.80,176.09,1
20.996,3.02,0.51,2.8359,1.6986,-0.5742,13.4102,26.32,169.15,181.32,1
21.015,2.77,0.49,-2.5273,0.9550,0.3828,8.6172,26.32,168.69,181.29,1
21.033,2.52,0.29,1.3789,0.2799,0.4609,13.9805,26.32,171.44,182.85,1
21.052,2.25,0.12,-0.4961,0.2396,-2.3359,4.2148,26.32,175.22,184.33,1
21.064,2.12,-0.05,1.8008,0.3104,1.5313,11.5312,26.32,173.91,183.86,1
21.083,1.82,-0.20,0.6133,0.5557,-2.2617,8.4219,26.32,176.65,181.88,1
21.102,1.49,-0.28,0.3047,0.5037,-0.5352,10.7969,26.32,175.16,181.26,1
21.115,1.33,-0.35,2.2969,0.6325,-1.5703,12.1836,26.32,170.97,185.01,1
21.132,1.01,-0.48,1.8789,1.1074,-0.9570,13.7930,26.32,173.19,183.22,1
21.154,0.70,-0.64,1.3398,1.6232,-2.1836,8.7344,26.32,174.03,183.35,1
21.166,0.53,-0.67,1.3398,1.5797,-2.1836,8.7344,26.32,172.24,180.54,1
21.183,0.20,-0.71,4.1758,2.1393,0.6914,15.1328,26.32,171.38,182.05,1
21.203,-0.15,-0.58,0.3828,2.0001,-1.4180,9.1953,26.32,172.86,177.87,1
21.221,-0.34,-0.48,-2.4883,1.1004,0.1523,5.5547,26.32,171.00,183.59,1
21.234,-0.66,-0.40,-1.7227,0.6105,-2.7578,5.2812,26.32,176.90,183.89,1
21.254,-1.02,-0.38,-0.3047,0.0622,1.8789,9.2695,26.32,175.59,182.95,1
21.272,-1.33,-0.47,0.6133,0.1403,-1.4180,7.4297,29.08,177.53,185.05,1
21.285,-1.48,-0.55,2.7578,0.3845,0.1914,11.8008,29.08,175.96,181.52,1
21.302,-1.80,-0.70,1.7227,0.9645,-2.1055,10.7305,29.08,180.90,184.60,1
21.332,-1.98,-0.71,1.2266,0.8384,-0.8828,8.1211,29.08,174.13,182.72,1
21.336,-1.98,-0.71,1.2266,0.8384,-0.8828,8.1211,29.08,176.99,188.39,1
21.353,-2.65,-0.66,-0.0391,0.6684,-1.4180,8.6953,29.08,173.34,182.48,1
21.373,-2.96,-0.63,0.1914,0.8059,-0.7656,8.5820,29.08,176.21,184.95,1
21.393,-3.24,-0.73,1.3008,0.7204,-0.2305,8.8125,29.08,173.73,183.45,1
21.404,-3.39,-0.78,0.7266,0.8029,-1.2266,14.0547,29.08,172.38,180.08,1
21.422,-3.67,-0.76,0.6133,0.7722,-0.8438,10.8008,29.08,174.89,181.69,1
21.441,-3.94,-0.61,-1.1094,0.3368,-1.2656,9.7305,29.08,170.91,180.51,1
21.455,-4.09,-0.52,-0.7656,0.1421,-1.4180,8.5000,29.08,170.74,182.42,1
21.473,-4.35,-0.39,-0.4609,-0.0999,-0.3047,11.6055,29.08,171.29,180.86,1
21.492,-4.61,-0.27,-0.3828,-0.1850,-0.4219,10.4961,29.08,175.32,183.65,1
21.506,-4.61,-0.27,-4.9766,-0.9210,-1.5703,2.2617,29.08,171.85,183.79,1
21.523,-4.93,-0.23,-2.7578,-1.5801,-1.5703,4.7930,29.08,168.04,185.15,1
21.545,-5.11,-0.32,-2.2969,-1.6950,-0.0781,9.8047,29.08,170.13,177.27,1
21.563,-5.27,-0.31,-1.3789,-1.7923,-2.2227,10.5312,29.08,174.55,178.51,1
21.575,-5.34,-0.30,-2.9492,-1.8264,0.5352,6.4375,29.08,173.85,180.38,1
21.593,-5.44,-0.40,2.5664,-1.7036,-1.1094,14.4766,29.08,170.30,183.89,1
21.611,-5.56,-0.42,0.3047,-0.7484,-0.9961,9.2266,29.08,169.58,182.65,1
21.625,-5.62,-0.40,-0.8828,-0.6817,-0.8047,6.6250,29.08,173.49,178.64,1
21.643,-5.71,-0.45,0.3437,-0.4788,-0.5352,9.9219,29.08,170.56,182.42,1
21.662,-5.77,-0.53,-1.4570,-0.6440,-0.5742,7.5859,29.08,170.68,180.34,1
21.676,-5.80,-0.61,0.1523,-0.6402,1.8008,11.7227,29.08,169.46,185.98,1
21.694,-5.88,-0.75,-1.2266,-0.6752,-0.5742,8.8828,29.08,171.79,182.22,1
21.715,-5.95,-0.82,-1.9531,-0.5156,-1.6836,8.8125,29.08,170.65,182.72,1
21.727,-5.98,-0.88,-1.9531,-0.7364,-1.6836,8.8125,29.08,167.36,179.66,1
21.745,-6.01,-0.90,-1.5313,-0.6419,-0.4609,9.8828,29.08,172.83,179.47,1
21.763,-6.02,-0.90,-2.9883,-1.0107,-2.3359,4.2109,29.08,173.04,176.93,1
21.782,-6.02,-0.87,-2.7969,-1.5421,-0.5742,3.4453,29.08,169.61,182.12,1
21.795,-5.99,-1.01,-1.2656,-1.6124,-0.9961,6.7812,29.08,170.56,181.26,1
21.812,-6.07,-1.25,1.6094,-1.2840,-0.1133,12.4844,29.08,168.58,180.31,1
21.832,-6.11,-1.41,2.1836,-0.1705,-1.5313,14.2148,29.08,168.32,177.18,1
21.846,-6.11,-1.42,3.7539,0.3167,0.3047,17.4688,29.08,165.43,172.80,1
21.863,-6.10,-1.32,0.2305,0.7087,-0.6133,9.7695,29.08,167.06,177.24,1
21.885,-6.07,-1.12,-3.5234,-0.2692,-0.0781,4.6328,29.08,163.91,175.87,1
21.903,-6.02,-1.05,-0.1133,-0.9193,0.6133,11.6836,29.08,166.20,171.94,1
21.922,-5.97,-0.94,-1.8398,-1.0266,0.1133,8.9648,29.08,162.44,177.09,1
21.934,-5.95,-0.88,-2.6055,-1.2128,-0.8438,5.8633,29.08,163.96,170.10,1
21.953,-5.86,-0.84,-1.2266,-1.3824,0.6133,10.2656,29.08,167.06,174.89,1
21.965,-5.82,-0.82,-2.8711,-1.4795,0.2305,6.9727,29.08,164.80,172.47,1
21.984,-5.75,-0.84,0.9961,-1.5648,0.8438,13.7148,29.08,163.93,172.77,1
22.002,-5.71,-0.80,-2.9883,-1.5735,0.0000,4.0977,29.08,166.17,172.35,1
22.016,-5.68,-0.83,-1.1875,-1.6468,0.6523,7.4297,29.08,168.58,175.59,1
22.033,-5.65,-0.94,-0.3437,-1.3035,0.0781,8.7383,29.08,166.39,172.32,1
22.052,-5.65,-1.03,-1.1484,-1.2094,0.1914,8.0430,29.08,163.72,174.73,1
22.067,-5.64,-1.10,0.4219,-0.8484,-0.0391,9.6875,29.08,165.86,173.22,1
22.084,-5.65,-1.12,1.3789,-0.2763,-0.9570,12.7930,29.08,163.91,174.70,1
22.104,-5.64,-1.22,-0.3047,-0.3851,-0.9180,10.7266,29.08,162.13,175.19,1
22.123,-5.63,-1.23,-0.3437,-0.3655,-1.5313,10.0000,29.08,164.23,174.83,1
22.135,-5.63,-1.24,0.8828,-0.2625,-0.0781,13.3320,29.08,164.26,170.82,1
22.153,-5.61,-1.20,0.6914,0.0470,-1.1875,10.9570,29.08,161.42,172.38,1
22.171,-5.60,-1.13,-0.8438,-0.0731,-0.0781,8.7773,29.08,163.96,174.13,1
22.186,-5.59,-1.11,-1.3789,-0.2343,-1.4922,8.4258,29.08,162.07,172.65,1
22.204,-5.59,-1.03,-4.2500,-1.2599,-1.8398,3.9844,29.08,164.69,170.56,1
22.222,-5.57,-0.96,3.2578,-0.4463,0.2305,14.7539,29.08,163.51,170.42,1
22.245,-5.55,-0.75,0.5352,0.3615,0.3047,9.1172,29.08,163.67,170.97,1
22.254,-5.56,-0.65,0.5352,0.3882,0.3047,9.1172,29.08,163.85,168.32,1
22.275,-5.55,-0.60,-3.6758,-0.3352,-1.6094,5.2539,29.08,160.41,168.41,1
22.293,-5.53,-0.51,1.6484,-0.8567,-0.8438,12.4062,29.08,162.95,167.70,1
22.305,-5.52,-0.48,1.4570,-0.3176,-0.3828,12.4453,29.08,163.08,167.36,1
22.323,-5.50,-0.40,-3.2578,-0.1915,-0.2305,4.4492,29.08,160.26,169.55,1
22.343,-5.48,-0.39,-0.8438,-0.7026,0.1133,7.3555,29.08,162.39,168.21,1
22.356,-5.48,-0.36,0.7656,-0.5955,0.1133,9.5000,29.08,159.92,172.41,1
22.374,-5.46,-0.37,-0.1523,-0.3346,0.3437,8.5430,29.08,160.18,172.18,1
22.392,-5.46,-0.35,-1.8789,-0.6546,-0.9180,5.7852,29.08,164.10,172.03,1
22.414,-5.49,-0.38,-0.6133,-0.5723,-0.4219,9.2695,29.08,160.15,169.43,1
22.424,-5.50,-0.43,-0.6133,-0.5786,-0.4219,9.2695,29.08,161.68,172.21,1
22.442,-5.55,-0.42,-0.9180,-0.6558,-0.9180,10.6094,29.08,163.67,171.85,1
22.463,-5.56,-0.43,-1.8789,-0.3726,-0.5742,7.2383,29.08,160.59,172.00,1
22.482,-5.58,-0.45,0.4219,-0.3769,1.4180,11.6406,29.08,162.89,171.76,1
22.493,-5.60,-0.44,-1.3398,-0.3952,-0.7656,7.8945,29.08,162.23,167.56,1
22.513,-5.65,-0.44,-1.3789,-0.7259,-0.4609,7.9727,29.08,160.05,171.44,1
22.526,-5.67,-0.46,-2.0703,-0.9257,-0.9961,6.3633,29.08,161.84,167.87,1
22.544,-5.72,-0.57,-1.0352,-1.0868,-1.1094,10.5703,29.08,162.02,167.50,1
22.562,-5.75,-0.69,1.4180,-0.5263,0.0000,12.8320,29.08,158.20,167.22,1
22.581,-5.81,-0.70,-0.1914,-0.3311,-0.5352,12.3398,29.08,158.88,170.82,1
22.594,-5.85,-0.67,0.6523,-0.1134,-0.6133,11.6836,29.08,156.54,164.74,1
22.616,-5.90,-0.67,-1.5313,-0.5814,-0.8828,9.5781,29.08,155.35,164.39,1
22.633,-5.96,-0.65,-1.4180,-0.8417,-0.7656,10.7969,29.08,157.90,167.50,1
22.646,-6.00,-0.63,-2.0703,-1.0214,-0.1133,8.4648,29.08,154.25,164.69,1
22.663,-6.06,-0.59,0.5742,-1.1073,-1.6094,12.0273,29.08,153.75,165.86,1
22.683,-6.16,-0.53,-4.0625,-1.0014,-0.6133,4.6719,29.08,156.64,163.48,1
22.696,-6.19,-0.54,-0.4961,-1.3935,-1.7227,11.5742,29.08,153.66,164.72,1
22.713,-6.24,-0.48,-0.3828,-1.1299,0.4609,11.8359,29.08,152.67,164.37,1
22.732,-6.32,-0.37,-1.3789,-1.0957,-0.3828,10.0742,29.08,154.32,159.90,1
22.752,-6.41,-0.21,0.2695,-0.8112,-0.4961,11.8008,29.08,151.75,161.29,1
22.764,-6.45,-0.11,-3.1797,-1.3354,-0.2305,5.6641,29.08,150.92,159.82,1
22.783,-6.54,0.00,-1.7227,-1.5360,-0.6914,7.3945,29.08,152.95,157.98,1
22.803,-6.62,0.11,-2.4883,-1.0116,0.4961,7.4336,29.08,153.02,160.15,1
22.815,-6.65,0.15,-2.4883,-1.2384,0.4961,7.4336,29.08,151.08,157.68,1
22.835,-6.77,0.26,1.8398,-1.0845,-0.0781,13.5977,29.08,150.11,157.43,1
22.853,-6.89,0.38,-2.5664,-0.6076,-0.7266,6.0469,29.08,151.61,163.61,1
22.866,-6.94,0.37,-2.2227,-1.0136,0.1523,5.5937,29.08,149.59,159.06,1
22.883,-7.07,0.40,-1.6836,-1.3134,-0.8828,8.3906,29.08,148.57,157.90,1
22.903,-7.21,0.44,-3.1016,-1.7534,-1.1094,6.7852,29.08,152.28,161.06,1
22.922,-7.33,0.36,-1.9922,-1.8902,-0.5352,8.3164,29.08,149.21,158.88,1
22.934,-7.39,0.30,0.6133,-1.3362,-1.2656,12.2227,29.08,149.95,161.19,1
22.953,-7.53,0.31,-2.3750,-1.4446,-2.6055,5.6641,29.08,150.60,161.60,1
22.974,-7.62,0.24,-0.7656,-1.1031,-1.9531,8.7383,29.08,152.63,158.35,1
22.985,-7.65,0.19,-0.7656,-1.0512,-1.9531,8.7383,29.08,150.47,161.16,1
23.005,-7.71,0.09,1.6094,-0.8418,-0.6133,11.9570,29.08,149.48,161.71,1
23.024,-7.77,0.06,-0.1914,-0.2907,-1.4922,9.1953,29.08,153.35,157.63,1
23.036,-7.81,0.10,-5.3203,-0.6790,-0.6523,1.7617,29.08,150.63,159.80,1
23.053,-7.87,-0.07,-0.9180,-1.6431,-1.6094,9.1562,29.08,152.53,161.19,1
23.072,-7.92,-0.16,3.3320,-0.4553,-1.8008,12.2187,29.08,148.65,157.60,1
23.087,-7.92,-0.29,-0.6914,-0.1955,0.4961,12.8672,29.08,150.42,161.68,1
23.104,-7.91,-0.41,-1.2266,-0.4183,-2.0703,7.9727,29.08,148.28,156.49,1
23.122,-7.91,-0.35,-3.2930,-1.1512,0.6133,9.1562,29.08,147.38,156.76,1
23.145,-7.90,-0.12,-3.4102,-1.2203,-0.5352,4.2148,29.08,150.58,158.73,1
23.155,-7.88,-0.17,-3.4102,-1.5566,-0.5352,4.2148,29.08,149.81,156.10,1
23.172,-7.81,-0.23,-0.8438,-1.5143,-1.4570,9.3867,29.08,150.60,157.36,1
23.194,-7.75,-0.21,1.4180,-0.8744,-0.3828,10.7656,29.08,146.71,156.64,1
23.207,-7.72,-0.20,2.7187,-0.2630,-0.9180,13.6328,29.08,149.43,155.45,1
23.224,-7.66,-0.06,1.7227,0.5029,-1.0742,12.0664,29.08,150.60,154.70,1
23.243,-7.58,0.03,-0.8828,0.3421,-0.1523,9.1602,29.08,149.16,157.01,1
23.262,-7.50,0.08,-3.1016,-0.4963,-0.6523,7.2031,29.08,148.96,153.21,1
23.274,-7.46,0.11,-2.2227,-0.8262,-0.5742,8.2734,26.63,148.81,155.38,1
23.292,-7.36,0.23,0.8438,-0.6236,0.0781,12.7578,26.63,149.77,156.03,1
23.315,-7.25,0.32,-3.5234,-0.1451,-0.2695,4.4766,26.63,147.21,153.14,1
23.325,-7.20,0.31,-3.5234,-0.6640,-0.2695,4.4766,26.63,149.88,154.49,1
23.342,-7.10,0.28,-4.7109,-1.7377,0.6133,2.2617,26.63,146.26,154.94,1
23.363,-7.00,0.29,4.7891,-0.5319,0.0391,16.6641,26.63,148.61,156.86,1
23.384,-6.92,0.35,-0.2305,0.1713,-0.3437,9.0000,26.63,146.74,154.51,1
23.393,-6.87,0.37,-4.1758,-0.2061,-0.4609,3.4844,26.63,145.99,153.94,1
23.413,-6.78,0.44,-0.3437,-1.0253,0.1523,9.8477,26.63,148.48,155.69,1
23.432,-6.69,0.54,2.1055,-0.2509,-0.6914,12.1406,26.63,145.43,154.11,1
23.444,-6.65,0.59,-0.8828,-0.1281,0.0391,9.3047,26.63,147.71,153.63,1
23.462,-6.57,0.67,-2.6797,-0.7830,-0.2695,5.5937,26.63,145.03,154.56,1
23.482,-6.51,0.77,0.8828,-0.5325,-0.3828,12.9102,26.63,147.34,153.42,1
23.495,-6.47,0.79,-2.2969,-0.9230,-1.8008,5.8984,26.63,146.01,153.47,1
23.512,-6.39,0.81,-2.1445,-1.2789,0.6914,6.9727,26.63,148.59,154.27,1
23.536,-6.32,0.77,-0.8438,-0.4583,-0.3047,9.2266,26.63,145.82,154.44,1
23.546,-6.28,0.78,-0.8438,-0.5175,-0.3047,9.2266,26.63,147.06,155.86,1
23.564,-6.23,0.88,-0.1914,-0.1240,-0.1914,8.7383,26.63,148.65,152.58,1
23.583,-6.17,0.95,-0.9570,-0.2044,-1.0352,6.8906,26.63,145.33,154.70,1
23.602,-6.10,0.97,0.0781,-0.2319,-0.0391,9.1953,26.63,147.30,151.42,1
23.614,-6.09,0.98,-0.7656,-0.2517,-0.1523,8.8164,26.63,145.50,151.65,1
23.632,-6.03,0.96,0.6523,-0.1131,-0.1523,10.9141,26.63,145.90,155.96,1
23.652,-5.98,0.99,-1.3008,-0.3283,-1.4922,9.3477,26.63,144.65,150.83,1
23.665,-5.98,0.99,-0.0391,-0.2839,-0.2305,9.9258,26.63,146.24,154.80,1
23.682,-5.92,1.08,-1.2266,-0.4772,-0.5742,7.7773,26.63,142.78,155.57,1
23.706,-5.87,1.09,-0.3828,-0.5014,-0.9180,11.3359,26.63,144.80,149.93,1
23.716,-5.86,1.08,-0.3828,-0.4831,-0.9180,11.3359,26.63,142.80,153.82,1
23.735,-5.80,1.27,-1.3398,-0.3147,-0.4609,6.8555,26.63,143.37,151.38,1
23.753,-5.74,1.41,-1.2266,-0.5964,-0.7656,5.5977,26.63,143.99,154.94,1
23.773,-5.67,1.48,-1.4922,-0.8700,-0.8438,6.3242,26.63,146.82,151.22,1
23.784,-5.64,1.48,2.0703,-0.6806,-0.5352,11.8359,26.63,143.41,153.14,1
23.803,-5.61,1.51,2.3750,0.1464,-0.1523,14.2109,26.63,145.45,154.49,1
23.822,-5.53,1.88,0.4219,0.4739,-1.3398,8.3164,26.63,141.56,149.16,1
23.835,-5.50,1.98,-3.2578,0.1715,-0.6133,4.9805,26.63,144.91,148.63,1
23.852,-5.43,2.07,-0.3828,-0.3613,-0.3047,11.8789,26.63,144.03,149.84,1
23.874,-5.39,2.31,-2.9883,-0.7330,-0.1523,7.2383,26.63,139.96,152.95,1
23.886,-5.38,2.40,-2.9883,-1.0794,-0.1523,7.2383,26.63,138.73,147.82,1
23.906,-5.35,2.57,-2.9883,-1.8240,-1.4180,7.8516,26.63,139.70,148.41,1
23.923,-5.29,2.72,-1.9531,-2.0714,-0.1914,11.4141,26.63,139.04,146.50,1
23.943,-5.26,2.78,-4.0977,-2.3673,-0.6914,6.9297,26.63,139.12,149.14,1
23.954,-5.24,2.91,-4.5195,-2.6668,1.0742,4.7930,26.63,135.81,147.19,1
23.973,-5.20,2.88,-3.1016,-3.0788,0.1523,8.0781,26.63,138.27,144.51,1
23.992,-5.18,2.85,-2.7187,-3.0018,-1.2656,8.6602,26.63,133.26,148.08,1
24.005,-5.17,2.81,-5.4023,-3.1730,0.2695,4.3281,26.63,133.69,145.16,1
24.023,-5.16,2.61,-0.6523,-2.8818,-0.2305,10.9961,26.63,131.70,147.10,1
24.045,-5.16,2.39,-0.9961,-2.8666,-0.9961,12.5273,26.63,135.50,147.28,1
24.056,-5.16,2.28,-0.9961,-2.5793,-0.9961,12.5273,26.63,135.34,145.52,1
24.073,-5.19,2.15,-1.0742,-2.1476,-0.4609,14.0195,26.63,134.84,146.05,1
24.094,-5.22,2.09,-1.5313,-2.2225,-0.2695,11.0703,26.63,131.79,140.41,1
24.114,-5.25,2.01,-3.1797,-2.1584,-0.5352,10.9922,26.63,131.94,143.49,1
24.125,-5.27,1.98,-3.3320,-2.3966,-1.6836,7.9727,26.63,133.51,140.47,1
24.143,-5.31,1.87,-3.8320,-2.7019,-0.4219,8.2773,26.63,131.35,143.06,1
24.162,-5.35,1.69,-1.3789,-2.5443,-1.1875,10.7656,26.63,131.44,138.93,1
24.175,-5.38,1.62,-0.0781,-2.2612,0.1523,14.1367,26.63,129.87,140.11,1
24.192,-5.43,1.59,-1.1484,-1.7538,-1.3398,12.4062,26.63,129.20,138.43,1
24.213,-5.45,1.58,-3.2578,-2.0490,-1.8008,8.2383,26.63,128.49,136.31,1
24.226,-5.45,1.58,-0.7266,-1.8458,-1.9922,12.5234,26.63,126.26,136.91,1
24.244,-5.43,1.62,-3.3320,-2.1050,-1.4570,9.1172,26.63,124.44,134.12,1
24.265,-5.40,1.58,-2.7578,-2.5188,-1.5313,10.0312,26.63,125.31,134.72,1
24.277,-5.38,1.55,-2.7578,-2.5555,-1.5313,10.0312,23.58,121.68,131.30,1
24.296,-5.33,1.57,-3.1797,-2.1826,-2.5273,7.5508,23.58,123.85,132.05,1
24.314,-5.26,1.56,-1.9922,-2.3704,0.3047,10.0312,23.58,120.77,129.95,1
24.332,-5.19,1.62,-1.9531,-2.2328,-1.4180,9.6133,23.58,120.13,127.37,1
24.345,-5.14,1.65,-2.6797,-2.2480,0.0000,8.8125,23.58,119.47,128.88,1
24.362,-5.05,1.70,-2.1445,-2.2767,-0.2305,9.7656,23.58,121.82,126.86,1
24.383,-4.96,1.79,-2.4141,-2.2989,-0.4961,10.2695,23.58,119.27,126.58,1
24.396,-4.91,1.83,-1.2656,-2.0702,0.4961,10.8398,23.58,119.15,127.03,1
24.413,-4.83,1.87,-3.9062,-2.3803,-0.8828,5.6328,23.58,117.98,127.99,1
24.436,-4.72,1.83,-1.3008,-2.3414,-0.7266,8.1562,23.58,117.88,127.93,1
24.447,-4.66,1.79,-1.3008,-2.1815,-0.7266,8.1562,23.58,117.72,123.90,1
24.467,-4.55,1.71,-1.1484,-1.7370,-0.8047,10.3047,23.58,117.38,124.19,1
24.483,-4.45,1.71,-0.2305,-1.4967,-1.1484,11.7578,23.58,115.79,126.58,1
24.503,-4.34,1.77,-1.0352,-1.2431,-0.9961,9.7656,23.58,115.89,121.88,1
24.515,-4.28,1.79,-1.3789,-1.2387,-0.3828,9.5430,23.58,113.68,123.18,1
24.534,-4.16,1.84,-1.0352,-1.2104,-0.6133,9.5039,23.58,113.84,124.24,1
24.552,-4.03,1.91,-2.4883,-1.4823,-1.1094,6.7461,23.58,113.93,120.06,1
24.566,-3.96,1.92,-3.3320,-1.7043,-1.1094,5.7461,23.58,113.08,121.09,1
24.583,-3.81,1.89,-0.2305,-1.5728,0.2695,11.8398,23.58,110.56,118.88,1
24.606,-3.64,1.97,-1.2656,-0.9252,-0.0391,10.4961,23.58,108.93,117.87,1
24.617,-3.57,2.03,-1.2656,-0.9775,-0.0391,10.4961,23.58,109.43,116.05,1
24.634,-3.41,2.16,-2.6055,-1.3557,-0.3047,9.2695,23.58,108.06,115.37,1
24.654,-3.25,2.27,-1.4570,-1.4494,-0.4219,10.0000,23.58,109.78,114.48,1
24.673,-3.09,2.42,-2.8359,-1.7572,-1.1094,8.6953,23.58,110.05,112.61,1
24.686,-3.01,2.47,-2.6445,-1.9806,-1.1484,7.7344,23.58,106.97,115.41,1
24.703,-2.82,2.58,-2.2617,-2.1383,-0.1914,8.5000,23.58,106.83,112.32,1
24.722,-2.65,2.68,-2.6055,-2.2564,1.2266,7.5117,23.58,108.59,112.07,1
24.736,-2.57,2.71,-2.1055,-2.2700,-0.8047,8.4258,23.58,108.65,112.36,1
24.753,-2.39,2.74,-2.0703,-2.2062,-0.1523,8.8477,23.58,106.63,112.92,1
24.772,-2.22,2.77,-1.5313,-2.0483,-0.0781,10.1133,23.58,106.41,114.40,1
24.787,-2.13,2.80,-2.1445,-2.0696,0.6523,8.0781,23.58,104.87,112.03,1
24.804,-1.98,2.85,-0.6914,-1.7693,-0.3047,8.6602,23.58,105.63,111.52,1
24.825,-1.83,2.90,-2.9102,-1.6292,0.3437,7.2383,23.58,106.67,113.33,1
24.843,-1.68,2.94,-1.3789,-1.8700,-1.2656,9.1562,23.58,106.97,111.92,1
24.855,-1.61,2.95,-1.2656,-1.7523,0.5352,10.5703,23.58,104.40,109.71,1
24.874,-1.47,2.93,-0.9961,-1.5927,-0.1914,9.3437,23.58,104.29,111.58,1
24.893,-1.35,2.93,-3.5625,-1.9573,-0.4961,6.4687,23.58,104.61,110.62,1
24.906,-1.28,2.90,-1.8789,-2.0692,0.0000,8.7773,23.58,103.04,111.43,1
24.923,-1.14,2.84,-1.1094,-1.8340,-0.5352,9.3437,23.58,102.21,109.25,1
24.942,-1.01,2.75,-2.1445,-1.8576,-0.2695,8.3906,23.58,101.66,108.00,1
24.957,-1.01,2.75,-1.4922,-1.8015,-0.3047,9.3047,23.58,100.33,108.61,1
24.974,-0.83,2.66,-1.8008,-1.7820,-0.6914,7.9727,23.58,101.25,105.91,1
24.996,-0.70,2.61,-1.8789,-1.4439,-0.4609,9.0039,23.58,100.51,106.46,1
25.014,-0.58,2.63,-0.6523,-1.4692,0.4961,11.4922,23.58,99.70,103.81,1
25.026,-0.52,2.65,0.1523,-1.2240,-0.8438,12.9883,23.58,96.52,105.81,1
25.045,-0.41,2.78,-1.2266,-0.9440,-0.7656,10.7266,23.58,96.38,105.14,1
25.063,-0.31,2.94,-3.7539,-1.5997,0.6523,6.0859,23.58,95.93,103.41,1
25.076,-0.27,2.99,-2.3359,-1.8171,-0.6914,8.6602,23.58,97.55,103.55,1
25.093,-0.18,3.07,-2.3359,-1.9940,-0.1523,7.4336,23.58,95.99,100.89,1
25.113,-0.10,3.08,-2.8711,-2.2094,0.9961,8.0391,23.58,95.26,101.50,1
25.127,-0.07,3.07,-1.7227,-2.2192,-0.3047,10.2266,23.58,94.18,101.14,1
25.144,-0.00,3.09,-1.6836,-2.0413,0.5742,10.1484,23.58,94.46,99.25,1
25.166,0.04,3.11,-2.1055,-1.8831,-0.4219,9.9258,23.58,95.12,102.15,1
25.183,0.06,3.14,-1.3789,-1.8880,0.1523,10.1484,23.58,94.80,100.38,1
25.196,0.05,3.15,-1.7227,-1.8029,0.2305,9.5781,23.58,93.84,101.74,1
25.214,0.03,3.24,-1.6484,-1.7742,0.0781,9.0781,23.58,92.52,99.33,1
25.233,0.00,3.28,-0.8438,-1.5532,-0.0781,10.1914,23.58,91.86,97.90,1
25.246,-0.01,3.31,-0.6523,-1.4289,-0.7266,10.5742,23.58,93.28,99.07,1
25.264,-0.05,3.37,-0.6133,-1.1555,-0.3828,9.4219,23.58,91.27,98.72,1
25.282,-0.10,3.47,-1.8789,-1.2508,-0.9570,7.7344,18.52,90.86,99.20,1
25.305,-0.16,3.58,-0.4219,-1.1917,-0.9570,9.8828,18.52,88.79,98.11,1
25.314,-0.19,3.66,-0.4219,-1.0734,-0.9570,9.8828,18.52,88.33,95.51,1
25.336,-0.27,3.84,-3.1406,-1.1778,-0.4219,6.4687,18.52,88.83,94.34,1
25.353,-0.32,3.99,-2.1055,-1.6516,-0.6914,8.2344,18.52,88.04,91.08,1
25.367,-0.35,4.00,-1.3789,-1.6939,-1.0352,11.0742,18.52,87.02,92.80,1
25.384,-0.42,4.07,-1.9141,-1.6474,0.6914,9.5039,18.52,86.87,92.20,1
25.404,-0.51,4.16,-3.4492,-1.8458,0.4219,6.4414,18.52,86.75,90.39,1
25.416,-0.55,4.17,-2.1445,-2.0963,-0.4961,8.6562,18.52,85.22,92.06,1
25.434,-0.67,4.20,-2.7187,-2.1559,0.4609,7.8945,18.52,86.35,92.51,1
25.452,-0.81,4.21,-2.0312,-2.1957,-0.3437,9.6523,18.52,85.38,92.43,1
25.467,-0.88,4.22,-1.6094,-2.1367,-0.4219,10.5312,18.52,84.73,90.54,1
25.485,-1.06,4.24,-2.4531,-2.1436,-0.5352,9.0000,18.52,83.07,87.55,1
25.502,-1.23,4.24,-0.4219,-1.7819,-0.9961,13.4492,18.52,84.13,90.16,1
25.524,-1.42,4.21,-2.5664,-2.4295,-0.6914,10.6875,18.52,84.40,89.09,1
25.535,-1.53,4.19,-2.5664,-2.4505,-0.6914,10.6875,18.52,83.13,92.10,1
25.554,-1.78,4.14,-1.8789,-2.3584,0.8047,9.6523,18.52,83.61,89.52,1
25.573,-2.03,4.05,-1.7227,-2.2099,-0.8047,9.5000,18.52,84.78,89.79,1
25.586,-2.17,4.00,-3.0273,-2.2065,-0.4609,7.0508,18.52,83.05,91.98,1
25.604,-2.45,3.85,0.4609,-2.1602,-1.2656,9.6523,18.52,83.17,88.86,1
25.623,-2.74,3.68,-1.8008,-1.7672,-1.2266,7.4687,18.52,84.42,89.92,1
25.642,-3.03,3.59,-1.1875,-1.6410,-0.5742,5.8984,18.52,83.80,88.74,1
25.654,-3.19,3.55,-0.5742,-1.4049,-1.3008,8.0430,18.52,82.00,89.89,1
25.673,-3.47,3.51,0.5742,-0.9151,-0.7266,9.7695,18.52,83.13,88.55,1
25.696,-3.77,3.49,-1.3398,-0.5175,-1.9531,8.9609,18.52,81.38,86.56,1
25.705,-3.90,3.48,-1.3398,-0.6438,-1.9531,8.9609,18.52,78.53,83.78,1
25.724,-4.16,3.54,-0.9570,-0.4918,-2.4141,10.4570,18.52,79.55,83.33,1
25.743,-4.41,3.67,-0.5352,-0.5900,-0.7266,9.6914,18.52,78.05,81.53,1
25.756,-4.54,3.74,-1.9922,-0.6944,-0.8047,8.0430,18.52,77.02,79.85,1
25.773,-4.80,3.84,-1.6484,-1.0350,-1.5313,8.3945,18.52,77.31,81.27,1
25.793,-5.06,3.95,-0.9570,-1.0911,-0.4219,9.8086,18.52,75.94,80.42,1
25.807,-5.19,4.03,-0.1133,-1.0030,-0.8828,11.3750,18.52,73.80,78.98,1
25.824,-5.34,4.12,-1.6484,-0.9865,-0.5742,8.4219,18.52,75.07,80.44,1
25.842,-5.76,4.30,-1.9531,-1.2796,-0.3047,8.0430,18.52,74.31,77.42,1
25.865,-6.06,4.40,-1.2266,-1.0224,-0.8438,10.3477,18.52,72.54,78.35,1
25.875,-6.21,4.46,-1.2266,-1.0538,-0.8438,10.3477,18.52,73.10,78.93,1
25.896,-6.52,4.59,-0.7656,-0.7871,-1.3008,11.8008,18.52,71.28,76.76,1
25.914,-6.82,4.79,-0.5742,-0.7657,-1.0352,11.4570,18.52,72.03,75.40,1
25.927,-6.97,4.91,-1.9531,-0.8336,-0.9570,9.3437,18.52,73.41,75.71,1
25.943,-7.28,5.11,-1.5313,-1.1174,-1.8008,8.5820,18.52,72.85,74.86,1
25.962,-7.44,5.19,-2.1836,-1.3350,-0.6133,7.6602,18.52,73.92,76.30,1
25.983,-7.90,5.30,-1.3789,-1.3975,-0.9180,9.1953,18.52,74.99,77.80,1
25.995,-8.06,5.32,-2.0703,-1.4500,-0.7656,6.6250,18.52,73.31,78.80,1
26.013,-8.38,5.34,-0.5742,-1.3304,-1.5703,8.6562,18.52,75.15,77.51,1
26.035,-8.68,5.34,0.3437,-1.1861,-1.2266,9.3867,18.52,73.59,78.60,1
26.045,-8.83,5.34,0.3437,-0.9511,-1.2266,9.3867,18.52,73.76,78.25,1
26.062,-9.14,5.31,-0.1914,-0.7023,-0.8047,8.3945,18.52,75.14,77.80,1
26.084,-9.43,5.30,0.1133,-0.2235,-1.3398,8.7383,18.52,73.39,79.43,1
26.103,-9.71,5.31,-0.5742,-0.2608,-1.1484,8.1953,18.52,74.85,77.41,1
26.114,-9.85,5.31,-0.7266,-0.3211,-1.9531,8.1992,18.52,73.45,77.79,1
26.134,-10.12,5.35,-0.7266,-0.4361,-1.8398,8.5430,18.52,72.79,78.30,1
26.147,-10.26,5.36,-0.5352,-0.4851,-1.4180,8.8477,18.52,74.49,76.10,1
26.165,-10.52,5.43,-1.0742,-0.5424,-1.5313,8.0078,18.52,72.60,76.77,1
26.182,-10.78,5.46,-0.3828,-0.5707,-0.5742,8.0781,18.52,74.02,77.81,1
26.203,-11.03,5.43,-1.3398,-0.7292,-1.1484,7.4336,18.52,73.75,75.71,1
26.215,-11.14,5.43,0.4961,-0.4580,-2.5664,10.1484,18.52,72.73,77.21,1
26.234,-11.37,5.39,-0.6133,-0.4330,-0.9180,9.4219,18.52,73.65,76.69,1
26.255,-11.59,5.39,-1.6484,-0.2470,-1.5313,7.0898,18.52,73.45,76.38,1
26.266,-11.70,5.41,-1.6484,-0.4623,-1.5313,7.0898,14.04,72.26,76.18,1
26.285,-11.92,5.38,0.3828,-0.5554,-1.5703,11.0742,14.04,73.46,76.18,1
26.304,-12.18,5.72,-0.5352,-0.3628,-1.3398,9.4219,14.04,72.33,76.84,1
26.322,-12.40,5.91,0.5352,-0.1847,-1.1484,10.8398,14.04,71.50,76.03,1
26.335,-12.51,6.01,-0.4961,-0.1566,-1.6484,10.3086,14.04,71.50,76.03,1
26.353,-12.68,6.15,1.1094,0.0830,-1.4180,11.8789,14.04,70.74,74.86,1
26.373,-12.84,6.30,-0.6914,-0.0245,-1.3789,10.7695,14.04,71.85,76.73,1
26.385,-12.92,6.39,-0.5742,-0.1461,-1.5313,9.1602,14.04,70.75,75.59,1
26.402,-13.09,6.59,-1.1875,-0.4033,-1.3008,9.0781,14.04,71.49,74.70,1
26.426,-13.23,6.76,-1.5313,-0.4563,-1.2656,8.5820,14.04,70.95,75.88,1
26.436,-13.29,6.84,-1.5313,-0.6215,-1.2656,8.5820,14.04,70.27,74.02,1
26.456,-13.41,6.95,-1.3008,-0.7652,-1.0352,8.3164,14.04,70.61,75.19,1
26.475,-13.52,7.03,-0.0781,-0.8193,-1.4922,9.9609,14.04,69.75,74.01,1
26.487,-13.58,7.08,-1.8789,-0.7993,-0.1914,8.0117,14.04,69.72,73.95,1
26.504,-13.69,7.16,-0.9570,-1.0318,-1.5313,9.0000,14.04,69.72,75.79,1
26.523,-13.79,7.21,-1.3398,-1.0910,-2.1445,9.3828,14.04,69.06,73.74,1
26.544,-13.87,7.26,-0.0781,-0.8823,-0.9961,10.8750,14.04,70.21,73.47,1
26.555,-13.90,7.27,-1.9141,-1.1107,0.0781,9.1562,14.04,68.49,73.66,1
26.573,-13.99,7.34,-0.3047,-1.0284,-0.6133,10.4961,14.04,69.84,73.43,1
26.596,-14.07,7.40,-0.2695,-0.9037,-1.9141,10.0000,14.04,69.41,72.82,1
26.606,-14.12,7.46,-0.2695,-0.8063,-1.9141,10.0000,14.04,67.94,74.81,1
26.627,-14.18,7.57,0.2695,-0.7202,-1.3008,11.1875,14.04,68.95,72.77,1
26.644,-14.24,7.68,0.4219,-0.4273,-1.9531,11.9141,14.04,67.35,73.61,1
26.662,-14.30,7.83,-2.2969,-0.7395,0.1523,6.8555,14.04,68.70,72.98,1
26.674,-14.32,7.87,-1.0742,-0.8809,-1.6484,9.6094,14.04,67.16,71.17,1
26.694,-14.36,7.96,-3.1797,-1.4128,-0.3047,5.9805,14.04,68.84,73.42,1
26.712,-14.38,8.00,0.3047,-1.2440,-1.1094,10.9531,14.04,68.38,72.01,1
26.725,-14.40,8.04,-0.7266,-1.0886,-1.8789,9.8047,14.04,66.72,72.03,1
26.742,-14.42,8.14,-1.2656,-1.0845,-1.1875,9.0000,14.04,67.75,72.16,1
26.763,-14.43,8.23,-1.2656,-1.1359,-0.6523,8.1992,14.04,66.50,71.26,1
26.776,-14.44,8.27,-0.7656,-1.0539,-0.3437,9.6133,14.04,67.12,72.27,1
26.793,-14.46,8.30,-2.2617,-1.3033,-0.3437,6.6289,14.04,66.76,71.12,1
26.814,-14.48,8.28,-1.0742,-1.2547,-0.5352,9.5391,14.04,65.96,71.01,1
26.834,-14.50,8.30,-1.1484,-1.2096,-0.7656,8.3516,14.04,67.11,71.40,1
26.845,-14.51,8.30,-0.3437,-1.1317,-0.2695,10.6484,14.04,67.11,70.31,1
26.864,-14.55,8.32,0.0391,-0.9800,-0.5352,9.6484,14.04,66.21,72.43,1
26.883,-14.59,8.30,0.0000,-0.6413,-0.2695,9.9219,14.04,65.72,70.93,1
26.895,-14.62,8.29,-0.6133,-0.5918,-0.8438,10.0742,14.04,66.11,70.19,1
26.914,-14.68,8.33,-2.2227,-0.9553,-0.7656,7.9336,14.04,64.35,70.53,1
26.933,-14.75,8.35,-1.3789,-1.1280,-1.0742,9.3828,14.04,65.60,68.62,1
26.946,-14.78,8.35,-0.0781,-0.8957,-1.0352,12.0625,14.04,64.67,70.43,1
26.963,-14.84,8.39,-2.1445,-1.1211,-0.4961,7.3945,14.04,64.67,68.10,1
26.985,-14.91,8.39,-1.1484,-0.9518,-1.6836,9.4648,14.04,64.00,69.54,1
26.997,-14.95,8.40,-1.1484,-0.9820,-1.6836,9.4648,14.04,63.20,68.36,1
27.016,-15.00,8.42,-1.4180,-0.9983,-1.0742,9.8086,14.04,63.20,67.24,1
27.035,-15.05,8.47,-0.8438,-1.0714,-1.7227,9.9219,14.04,62.81,68.45,1
27.048,-15.07,8.49,-2.2227,-1.1313,-0.8047,7.2773,14.04,63.61,67.53,1
27.065,-15.11,8.51,-1.4180,-1.3764,-1.0352,8.1953,14.04,62.44,68.76,1
27.083,-15.14,8.48,-0.7266,-1.2376,-3.0273,9.1992,14.04,63.36,67.23,1
27.103,-15.14,8.50,-0.9180,-1.1350,-1.1484,8.8828,14.04,62.48,67.58,1
27.116,-15.15,8.48,-0.2695,-0.9435,-1.1484,9.7266,14.04,62.92,67.73,1
27.134,-15.16,8.52,0.0000,-0.6927,-1.4570,10.8359,14.04,61.39,67.23,1
27.155,-15.16,8.54,-1.4922,-0.9736,-1.9531,8.0430,14.04,62.52,68.49,1
27.167,-15.15,8.53,-1.4922,-1.0532,-1.9531,8.0430,14.04,61.74,66.86,1
27.187,-15.12,8.48,0.2695,-1.1638,-1.6836,10.8789,14.04,62.28,68.46,1
27.204,-15.09,8.47,-0.7656,-0.8401,-2.3359,10.2656,14.04,60.50,67.07,1
27.223,-15.04,8.49,-0.4609,-0.7473,-1.9531,10.0000,14.04,60.82,66.41,1
27.235,-15.01,8.48,-0.6133,-0.7155,-1.3789,9.6484,14.04,60.82,67.98,1
27.254,-14.94,8.47,-0.5742,-0.6720,-1.3008,9.7656,14.04,62.10,68.02,1
27.273,-14.84,8.43,-0.3828,-0.6019,-2.1055,9.6094,11.32,62.18,68.31,1
27.286,-14.78,8.45,-0.6523,-0.5898,-1.2656,9.3086,11.32,60.66,67.54,1
27.303,-14.67,8.45,-0.0781,-0.4840,-1.8789,10.6914,11.32,61.33,68.13,1
27.322,-14.54,8.48,-0.7656,-0.5211,-2.4883,9.3867,11.32,60.79,68.57,1
27.337,-14.46,8.47,-0.8828,-0.6011,-1.1484,9.1992,11.32,61.79,68.47,1
27.357,-14.29,8.43,0.8047,-0.4134,-1.4570,11.3789,11.32,60.65,69.30,1
27.374,-14.09,8.43,-0.5742,-0.1783,-0.8828,8.6562,11.32,61.78,68.04,1
27.392,-13.89,8.40,0.3047,-0.1187,-0.4219,11.2187,11.32,60.08,69.34,1
27.405,-13.80,8.41,-2.3359,-0.2363,-0.6133,7.2383,11.32,60.92,68.47,1
27.424,-13.60,8.40,0.0391,-0.6418,-0.5742,10.5352,11.32,60.85,68.13,1
27.443,-13.42,8.37,-0.6133,-0.5540,-0.1523,9.0820,11.32,61.11,69.16,1
27.456,-13.32,8.36,0.4219,-0.4803,-1.1484,11.0312,11.32,60.22,67.72,1
27.473,-13.11,8.31,-0.2695,-0.3258,-1.1484,8.9258,11.32,61.05,68.66,1
27.493,-12.92,8.27,0.6523,-0.1058,-0.1523,10.8750,11.32,59.69,67.14,1
27.507,-12.82,8.26,-0.5352,-0.2008,-0.5742,9.0781,11.32,60.83,66.87,1
27.534,-12.54,8.18,0.3437,-0.2088,-1.0352,10.1914,11.32,59.84,66.87,1
27.545,-12.43,8.15,-0.0781,-0.1202,-0.0391,10.0039,11.32,60.64,66.23,1
27.564,-12.23,8.12,-0.9961,-0.1817,-1.0742,7.8516,11.32,59.12,68.00,1
27.575,-12.11,8.08,0.8438,-0.2148,-2.0703,10.5742,11.32,60.32,65.73,1
27.594,-11.89,8.03,0.6914,0.0732,0.7266,10.3437,11.32,58.76,66.64,1
27.613,-11.69,8.01,0.2695,0.1906,-0.8828,9.3047,11.32,59.59,66.02,1
27.626,-11.59,7.97,-0.4609,0.1443,-1.4180,9.3047,11.32,58.50,66.00,1
27.644,-11.38,7.93,-0.5352,-0.0785,-0.1133,8.2773,11.32,59.41,66.62,1
27.664,-11.17,7.88,0.4609,0.0125,-0.4609,10.1094,11.32,58.21,64.77,1
27.677,-11.07,7.88,-0.2305,-0.0413,-1.3398,8.9609,11.32,58.72,65.72,1
27.694,-10.87,7.86,-0.4609,-0.1460,0.4609,8.9219,11.32,58.29,65.10,1
27.715,-10.69,7.83,0.4961,-0.0670,-1.2656,10.9570,11.32,58.74,65.68,1
27.728,-10.60,7.80,0.4961,0.0195,-1.2656,10.9570,11.32,57.92,64.36,1
27.747,-10.42,7.72,0.4609,-0.0229,-1.2266,11.9141,11.32,58.19,65.21,1
27.764,-10.26,7.67,-2.4141,-0.1157,0.1133,6.3984,11.32,57.56,64.18,1
27.783,-10.10,7.56,0.3437,-0.2889,1.3398,10.2305,11.32,59.14,65.33,1
27.796,-10.04,7.53,0.0781,-0.2130,-0.3828,9.5820,11.32,57.47,66.56,1
27.814,-9.94,7.50,0.1133,-0.1059,-0.7656,8.3164,11.32,58.84,66.56,1
27.834,-9.82,7.44,1.4180,0.2450,-1.9922,12.2969,11.32,57.34,65.27,1
27.847,-9.76,7.44,-0.2305,0.2933,-0.8828,9.6133,11.32,58.45,63.84,1
27.865,-9.64,7.38,-1.1094,-0.0798,0.5742,7.8555,11.32,57.32,64.25,1
27.885,-9.55,7.31,0.2305,-0.0747,-0.2695,10.7266,11.32,58.48,63.82,1
27.904,-9.46,7.27,-1.3398,-0.1138,-1.0742,6.8516,11.32,58.11,64.29,1
27.916,-9.41,7.23,0.5742,-0.2320,-1.2656,10.9531,11.32,58.44,63.89,1
27.935,-9.32,7.20,0.0000,-0.0493,-1.0742,9.6133,11.32,57.02,64.33,1
27.955,-9.28,7.21,0.5352,0.0469,-0.4219,9.6875,11.32,58.26,63.69,1
27.966,-9.21,7.19,-1.3008,-0.0250,-0.2695,7.5508,11.32,56.99,64.00,1
27.985,-9.13,7.12,1.1094,0.0735,-0.6133,12.2969,11.32,57.58,62.32,1
28.003,-9.08,7.13,0.1914,0.2235,0.7656,10.9531,11.32,56.72,63.47,1
28.017,-9.06,7.14,-0.8828,0.1326,-0.5352,8.4648,11.32,58.17,62.40,1
28.034,-9.03,7.14,-2.5664,-0.5862,0.6914,6.1641,11.32,57.01,62.38,1
28.056,-9.03,7.09,-0.6523,-0.7025,-2.1055,9.2656,11.32,58.12,63.14,1
28.074,-9.02,6.99,0.7656,-0.5749,-0.9570,11.6055,11.32,56.85,62.29,1
28.088,-9.02,6.96,-0.2695,-0.3610,-1.3008,9.3086,11.32,57.41,63.24,1
28.105,-9.00,6.90,0.2695,-0.2919,-0.3828,11.9531,11.32,56.93,61.39,1
28.124,-9.00,6.88,-1.8789,-0.5760,-0.6914,7.7383,11.32,57.80,62.99,1
28.136,-9.00,6.84,-1.4180,-0.7392,-0.9570,7.4727,11.32,57.18,61.89,1
28.153,-8.99,6.73,-1.4180,-0.9317,-0.9570,7.4727,11.32,57.18,62.63,1
28.173,-9.00,6.63,-0.1133,-0.6896,-1.6484,10.1875,11.32,57.99,62.63,1
28.187,-8.99,6.58,-0.4609,-0.6289,-1.9531,9.8828,11.32,57.67,63.41,1
28.204,-8.97,6.47,0.2695,-0.4100,-1.5313,11.1133,11.32,57.09,62.46,1
28.223,-8.92,6.30,-1.1875,-0.5397,-1.0352,8.2383,11.32,57.09,63.06,1
28.238,-8.90,6.24,0.6133,-0.2846,-0.9570,10.6484,11.32,56.83,62.49,1
28.255,-8.87,6.11,-0.4961,-0.2754,-1.3008,8.3555,11.32,58.40,63.50,1
28.274,-8.85,5.98,-0.3437,-0.5291,-0.4961,7.9727,11.32,58.40,61.85,1
28.294,-8.82,5.85,-0.4219,-0.4828,-1.5703,8.4609,9.83,57.08,62.39,1
28.306,-8.80,5.74,0.3437,-0.4080,-1.3008,9.5781,9.83,58.18,62.39,1
28.324,-8.77,5.53,-0.1523,-0.2345,-1.0742,9.0000,9.83,57.41,63.87,1
28.342,-8.74,5.32,0.0391,-0.1641,-1.6484,9.6875,9.83,57.54,63.93,1
28.357,-8.73,5.23,-1.3398,-0.2432,0.1914,8.6172,9.83,56.67,63.07,1
28.374,-8.73,5.04,-0.6133,-0.4563,-0.5352,9.2305,9.83,57.46,64.04,1
28.394,-8.72,4.82,-0.5742,-0.4922,-1.1875,9.0000,9.83,56.77,62.62,1
28.417,-8.71,4.58,0.3437,-0.0665,-2.1055,8.9219,9.83,57.55,65.97,1
28.425,-8.70,4.49,0.3437,-0.0035,-2.1055,8.9219,9.83,56.09,65.09,1
28.446,-8.68,4.37,0.4219,0.7375,-0.1133,8.8164,9.83,56.67,66.38,1
28.465,-8.67,4.35,1.1484,0.7472,-2.1055,10.7969,9.83,55.62,62.81,1
28.477,-8.67,4.30,-1.8398,0.5969,0.5742,7.0859,9.83,55.99,63.34,1
28.495,-8.66,4.21,0.7266,0.1111,-0.0781,11.1094,9.83,55.52,61.44,1
28.513,-8.69,4.15,-0.0781,0.1429,-0.8047,9.6133,9.83,56.26,62.53,1
28.527,-8.69,4.13,0.9570,0.1917,-3.0273,11.1523,9.83,55.18,62.93,1
28.544,-8.67,4.10,-1.1875,-0.0220,-3.9062,7.6562,9.83,55.18,62.93,1
28.563,-8.62,4.04,0.0000,-0.0897,-0.6133,10.3047,9.83,54.67,62.41,1
28.578,-8.59,4.00,-1.6484,-0.2078,-1.3789,7.1250,9.83,56.00,62.06,1
28.595,-8.56,3.90,-1.1484,-0.5883,-0.0781,8.3555,9.83,55.31,62.36,1
28.616,-8.53,3.81,1.6836,-0.4199,-1.6836,12.5625,9.83,55.31,62.82,1
28.635,-8.48,3.77,0.5352,0.0848,-2.5273,9.6523,9.83,54.31,64.97,1
28.647,-8.44,3.74,0.4219,0.1754,-1.6094,11.0312,9.83,54.31,61.77,1
28.665,-8.35,3.68,0.3047,0.2359,2.0312,10.1094,9.83,55.55,62.85,1
28.683,-8.33,3.67,0.4609,0.2794,-0.2305,10.1875,9.83,54.48,62.75,1
28.697,-8.31,3.65,0.4609,0.3073,-0.4219,11.1133,9.83,54.87,63.13,1
28.714,-8.30,3.69,0.4609,0.3509,-0.4219,11.1133,9.83,54.12,61.60,1
28.734,-8.30,3.69,0.3828,0.3599,-1.0352,10.8359,9.83,55.04,62.67,1
28.757,-8.31,3.87,-1.5313,0.0357,-1.2656,7.2344,9.83,53.89,61.65,1
28.765,-8.29,3.88,-1.5313,-0.2050,-1.2656,7.2344,9.83,55.86,61.05,1
28.783,-8.29,3.87,-1.7227,-0.6235,-0.1523,8.0430,9.83,54.25,61.05,1
28.805,-8.26,3.84,-0.9180,-0.5343,0.0000,10.0039,9.83,55.38,60.58,1
28.823,-8.24,3.83,-0.1914,-0.5043,-0.5742,11.0312,9.83,54.47,63.80,1
28.834,-8.23,3.84,-2.4883,-0.6400,-2.4531,6.5117,9.83,55.19,61.30,1
28.854,-8.18,3.67,1.1484,-0.8733,-0.6523,13.0664,9.83,54.51,62.90,1
28.867,-8.16,3.60,-0.9961,-0.5974,-0.6914,8.1172,9.83,54.51,62.90,1
28.884,-8.12,3.41,0.0000,-0.6308,-2.1445,9.2266,9.83,55.17,61.90,1
28.903,-8.06,3.23,-0.0781,-0.4330,0.6133,9.8047,9.83,54.79,61.74,1
28.923,-8.03,3.08,-0.9180,-0.5182,-0.8438,8.1953,9.83,54.98,63.53,1
28.935,-8.00,2.97,-0.8047,-0.5816,-2.1445,9.3047,9.83,54.93,61.44,1
28.953,-7.96,2.81,-0.8047,-0.6449,-1.1094,9.3477,9.83,55.73,63.48,1
28.973,-7.91,2.65,0.2695,-0.3331,-0.7266,9.8477,9.83,55.34,62.53,1
28.987,-7.89,2.56,-0.7266,-0.4202,-0.6914,8.1562,9.83,56.48,64.48,1
29.005,-7.84,2.39,-1.3008,-0.5945,-1.4180,7.8516,9.83,55.10,64.26,1
29.025,-7.76,2.17,1.4922,-0.5713,-0.4961,12.3398,9.83,56.34,64.38,1
29.037,-7.74,2.08,0.8047,-0.1697,-1.0352,10.1523,9.83,55.46,65.65,1
29.054,-7.70,1.94,-1.4570,-0.0743,0.3828,6.4375,9.83,56.61,65.65,1
29.073,-7.65,1.74,-0.5352,-0.3417,0.8047,6.8516,9.83,56.69,65.74,1
29.088,-7.64,1.60,-0.5352,-0.3714,-1.5703,7.0117,9.83,57.89,65.73,1
29.105,-7.61,1.42,0.3047,-0.2888,-2.1055,8.8828,9.83,56.93,67.01,1
29.123,-7.51,1.01,1.7617,0.2020,-3.1016,10.5703,9.83,57.86,65.52,1
29.145,-7.43,0.77,-0.7656,0.3915,-1.2656,7.3555,9.83,56.35,67.43,1
29.156,-7.40,0.64,-0.7656,0.2138,-1.2656,7.3555,9.83,57.79,66.77,1
29.177,-7.34,0.36,1.1094,0.4355,0.0781,9.6523,9.83,57.18,66.77,1
29.194,-7.29,0.14,-0.3828,0.5073,-0.2695,8.5820,9.83,57.95,66.90,1
29.207,-7.26,0.03,-0.6523,0.2887,-1.1875,6.9727,9.83,57.95,66.90,1
29.227,-7.19,-0.18,2.2617,0.2549,-1.4180,10.8359,9.83,59.95,67.41,1
29.244,-7.17,-0.29,-0.4961,0.4005,-0.7656,6.3594,9.83,59.95,67.63,1
29.263,-7.05,-0.75,-0.3047,0.1886,-3.2930,8.1602,9.83,59.39,68.14,1
29.275,-7.00,-0.86,1.6484,0.5117,-0.6523,11.3398,9.43,59.39,67.83,1
29.294,-6.94,-1.07,3.2578,1.2554,0.0391,13.4062,9.43,58.82,66.98,1
29.317,-6.89,-1.27,-0.8828,1.0373,1.1875,8.3516,9.43,58.33,67.47,1
29.326,-6.87,-1.37,-0.8828,0.7424,1.1875,8.3516,9.43,59.28,66.85,1
29.343,-6.85,-1.55,1.0352,0.7059,0.9180,10.2305,9.43,58.62,67.20,1
29.365,-6.84,-1.75,-0.5352,0.8220,-0.7266,8.9219,9.43,60.28,65.80,1
29.384,-6.84,-1.91,-0.3437,0.4017,-2.1836,9.1172,9.43,58.82,67.78,1
29.394,-6.83,-1.98,1.9531,0.4709,0.4609,12.7891,9.43,59.71,66.30,1
29.415,-6.83,-2.11,2.1836,1.0272,-0.4219,12.2578,9.43,58.90,67.06,1
29.428,-6.85,-2.15,0.0781,1.1147,1.8398,9.6094,9.43,60.39,66.73,1
29.445,-6.90,-2.23,-0.3437,0.7870,-0.5352,9.0820,9.43,59.26,65.45,1
29.463,-6.96,-2.27,1.8398,0.8848,0.3437,11.8750,9.43,60.09,65.99,1
29.479,-7.00,-2.29,1.8398,1.0315,0.3437,11.8750,9.43,59.92,64.66,1
29.496,-7.00,-2.29,-0.3047,0.7719,-0.4609,8.3906,9.43,60.63,66.00,1
29.514,-7.16,-2.58,-0.0781,0.5167,-1.1484,9.6875,9.43,59.72,65.11,1
29.534,-7.25,-2.62,0.5352,0.9327,-0.2695,9.6484,9.43,60.71,65.84,1
29.556,-7.34,-2.65,-2.0312,0.2292,-0.5352,6.0508,9.43,60.36,66.12,1
29.566,-7.38,-2.68,-0.4219,-0.1423,-1.3398,8.4258,9.43,61.64,66.12,1
29.584,-7.47,-2.73,1.0742,-0.1019,-0.2305,10.4531,9.43,60.76,66.84,1
29.598,-7.52,-2.76,0.6523,0.1246,-1.8789,9.6914,9.43,62.18,65.93,1
29.615,-7.60,-2.83,-0.5352,0.1793,-0.0391,7.8164,9.43,61.49,68.32,1
29.633,-7.69,-2.88,0.1914,0.0965,-1.3789,8.7344,9.43,62.28,66.56,1
29.657,-7.80,-2.89,0.9961,0.7858,0.1133,10.0312,9.43,61.19,68.28,1
29.666,-7.85,-2.91,0.9961,0.8181,0.1133,10.0312,9.43,62.14,67.62,1
29.684,-7.98,-2.86,-0.4609,0.5461,-0.9961,8.7383,9.43,61.17,67.62,1
29.707,-8.11,-2.87,1.2656,0.2645,-1.8398,10.6133,9.43,62.31,68.34,1
29.717,-8.17,-2.84,1.2656,0.4183,-1.8398,10.6133,9.43,63.15,66.68,1
29.737,-8.29,-2.90,-1.3398,0.2410,0.1133,5.9375,9.43,63.15,68.72,1
29.754,-8.42,-2.98,-1.2266,-0.1982,-2.0312,6.9687,9.43,63.99,68.43,1
29.773,-8.55,-3.09,1.5703,0.0702,-1.6094,11.0703,9.43,63.14,69.80,1
29.785,-8.61,-3.14,0.8438,0.2425,-1.9141,9.0391,9.43,64.93,69.80,1
29.804,-8.70,-3.27,0.5352,0.3792,-0.6914,9.6523,9.43,63.44,70.84,1
29.819,-8.75,-3.33,0.5352,0.4031,-0.6914,9.6523,9.43,64.30,71.48,1
29.836,-8.75,-3.33,0.7656,0.4165,-0.3437,10.1133,9.43,63.64,70.43,1
29.853,-9.00,-3.44,1.7227,0.7474,-0.8047,10.2695,9.43,65.06,70.54,1
29.877,-9.12,-3.51,-1.1875,0.4427,-0.9570,6.5469,9.43,64.08,71.88,1
29.887,-9.19,-3.55,-1.1875,0.1923,-0.9570,6.5469,9.43,65.30,69.85,1
29.906,-9.31,-3.58,2.8711,0.4602,-0.9180,12.7227,9.43,64.14,71.27,1
29.925,-9.43,-3.58,-1.0352,0.8314,-0.4961,6.8555,9.43,64.67,71.22,1
29.938,-9.49,-3.60,-1.1094,0.4124,-1.3398,7.2031,9.43,64.67,71.23,1
29.955,-9.62,-3.61,-0.3437,0.0421,-0.4219,8.6562,9.43,65.44,70.10,1
29.975,-9.76,-3.68,1.6094,0.3428,-1.5313,10.7656,9.43,67.44,71.72,1
29.994,-9.90,-3.75,0.6914,0.4988,-0.9180,9.4258,9.43,66.30,72.77,1
30.006,-9.98,-3.76,-0.7266,0.4150,0.3437,8.8477,9.43,67.59,73.62,1
30.023,-10.16,-3.78,-0.0391,0.1780,-0.6133,8.6602,9.43,66.44,73.62,1
30.047,-10.35,-3.85,0.3437,0.5012,-1.1875,9.6484,9.43,66.65,73.13,1
30.057,-10.45,-3.85,0.3437,0.4771,-1.1875,9.6484,9.43,68.12,72.41,1
30.077,-10.65,-3.88,-1.3008,-0.0038,-1.0352,7.8945,9.43,67.21,73.00,1
30.095,-10.84,-3.92,2.2227,-0.0897,-1.0742,13.1055,9.43,68.88,73.77,1
30.114,-11.05,-3.93,-0.1914,0.1643,-0.8438,8.2734,9.43,67.93,72.91,1
30.125,-11.17,-3.95,-0.8438,0.0575,-1.4180,8.2773,9.43,69.03,74.39,1
30.147,-11.39,-4.00,-0.7266,-0.1887,-1.5313,7.6953,9.43,70.05,73.26,1
30.163,-11.60,-4.11,2.0312,0.2383,-0.8047,12.3359,9.43,68.87,73.60,1
30.176,-11.71,-4.14,1.0742,0.4371,-2.8711,10.5312,9.43,70.42,76.06,1
30.194,-11.91,-4.18,-1.2656,0.1365,-0.9961,7.0078,9.43,68.61,75.08,1
30.213,-12.12,-4.24,-0.1133,-0.0061,-1.5703,8.5430,9.43,70.17,75.43,1
30.227,-12.23,-4.28,1.1094,0.2407,-1.6484,11.7578,9.43,70.33,77.89,1
30.245,-12.45,-4.30,-0.3437,0.1655,-1.0352,8.8125,9.43,69.19,74.62,1
30.265,-12.65,-4.36,1.4180,0.0761,-0.1133,13.7148,9.43,70.37,75.49,1
30.286,-12.85,-4.32,-1.0352,-0.0093,-1.1484,6.8945,8.78,69.09,76.79,1
30.297,-12.96,-4.35,0.3437,-0.1260,-1.4922,10.0000,8.78,71.00,75.47,1
30.315,-13.15,-4.34,-0.4609,-0.0572,-1.1875,8.2383,8.78,69.84,77.66,1
30.333,-13.34,-4.38,-1.7617,-0.4827,-2.7187,6.5508,8.78,70.46,77.97,1
30.346,-13.42,-4.41,0.6523,-0.4860,-2.1055,10.7656,8.78,70.46,77.97,1
30.363,-13.59,-4.44,-0.9570,-0.4541,-2.5273,7.8945,8.78,70.69,78.52,1
30.384,-13.73,-4.50,0.0391,-0.3763,-1.0352,9.4648,8.78,71.58,78.47,1
30.397,-13.80,-4.54,-0.5352,-0.4115,-1.8008,8.6562,8.78,71.53,78.23,1
30.414,-13.95,-4.63,0.4609,-0.2261,-0.9180,11.8750,8.78,71.53,80.36,1
30.433,-14.07,-4.66,-0.3828,-0.2795,-2.0703,9.0430,8.78,71.42,79.01,1
30.448,-14.07,-4.66,-1.0352,-0.3956,-2.7187,9.0000,8.78,70.67,79.10,1
30.467,-14.22,-4.79,0.9570,-0.4773,-0.4609,11.9141,8.78,72.09,80.29,1
30.485,-14.33,-4.87,-0.3828,-0.1777,-2.2617,10.4922,8.78,71.34,81.21,1
30.504,-14.42,-4.95,-0.1914,-0.2053,-2.2969,10.7266,8.78,70.71,80.38,1
30.516,-14.46,-4.97,-3.0273,-0.4300,-1.5703,5.7031,8.78,72.97,80.80,1
30.533,-14.51,-5.10,1.4570,-0.3230,-0.0391,13.4883,8.78,71.61,82.84,1
30.554,-14.57,-5.19,0.1133,-0.1156,-1.0742,10.3828,8.78,72.05,79.77,1
30.567,-14.60,-5.22,1.1094,0.1555,-3.1406,13.3281,8.78,72.65,80.39,1
30.584,-14.64,-5.28,-1.7227,-0.2007,-0.2305,7.8945,8.78,70.93,81.23,1
30.607,-14.65,-5.35,-1.9141,-0.3372,-0.1914,7.7734,8.78,72.06,79.35,1
30.618,-14.66,-5.40,-1.9141,-0.5794,-0.1914,7.7734,8.78,72.15,80.13,1
30.637,-14.68,-5.48,-1.1094,-0.6034,-1.7617,8.5781,8.78,72.29,80.97,1
30.655,-14.69,-5.59,0.4609,-0.6213,-1.4180,9.4648,8.78,73.66,79.95,1
30.674,-14.69,-5.72,-1.1484,-0.6085,0.1523,7.3516,8.78,71.67,80.85,1
30.693,-14.68,-5.86,1.2656,-0.2274,-2.4531,11.5742,8.78,73.02,81.37,1
30.706,-14.67,-5.91,-0.2695,-0.2367,0.3828,10.0742,8.78,71.64,80.38,1
30.723,-14.67,-5.98,1.0742,0.0495,-0.2695,11.5352,8.78,71.15,79.27,1
30.737,-14.66,-6.01,0.3047,0.1453,-0.9570,10.2695,8.78,72.82,80.81,1
30.754,-14.66,-6.06,-0.7266,-0.0286,0.6523,7.8555,8.78,71.37,79.54,1
30.777,-14.65,-6.14,-0.1133,-0.0385,-0.2695,8.6211,8.78,72.51,79.66,1
30.788,-14.64,-6.17,-0.1133,-0.0500,-0.2695,8.6211,8.78,72.53,81.09,1
30.805,-14.62,-6.25,0.6133,0.0929,-0.5742,9.6875,8.78,70.78,80.65,1
30.824,-14.59,-6.29,1.1094,0.4200,-0.1523,11.6406,8.78,71.75,79.21,1
30.844,-14.57,-6.31,0.4609,0.5159,-0.7656,9.7266,8.78,69.98,79.68,1
30.857,-14.56,-6.32,0.8438,0.5344,-0.3828,11.6016,8.78,70.29,78.11,1
30.875,-14.54,-6.24,-1.3398,0.4474,-0.9180,8.0430,8.78,69.50,76.98,1
30.894,-14.53,-6.21,-0.2695,0.0750,-1.1484,9.2695,8.78,69.65,77.98,1
30.907,-14.51,-6.18,-0.2695,0.0221,-1.1875,9.0820,8.78,69.98,77.60,1
30.927,-14.48,-6.19,1.3398,0.1866,-1.1875,11.8359,8.78,68.98,77.06,1
30.943,-14.39,-6.13,0.6133,0.3529,-1.3008,10.3086,8.78,69.46,78.09,1
30.958,-14.37,-6.07,0.6914,0.4278,-0.9180,10.3437,8.78,69.29,77.86,1
30.975,-14.31,-5.96,-0.0391,0.3409,0.0000,9.5820,8.78,68.55,76.65,1
30.995,-14.28,-5.82,0.1133,0.2763,-2.5664,10.1484,8.78,69.34,75.67,1
31.015,-14.23,-5.67,-2.3750,-0.3299,-0.3828,5.5156,8.78,68.05,75.18,1
31.027,-14.20,-5.65,0.7656,-0.5313,-0.0781,10.4961,8.78,69.85,77.27,1
31.044,-14.15,-5.58,0.1133,-0.2157,-1.1484,10.1875,8.78,68.62,77.45,1
31.063,-14.11,-5.58,-0.8047,-0.3067,0.5352,9.1172,8.78,69.51,75.89,1
31.077,-14.09,-5.57,0.6133,-0.2697,-3.2578,11.9570,8.78,70.01,75.40,1
31.094,-14.05,-5.47,1.8398,0.3028,1.9141,13.4492,8.78,68.51,77.30,1
31.114,-14.00,-5.44,-1.8008,-0.0670,-0.8047,7.1680,8.78,70.76,74.95,1
31.128,-13.98,-5.44,-2.1055,-0.5182,-0.8047,8.1562,8.78,69.64,76.88,1
31.145,-13.95,-5.32,-0.5742,-0.6294,0.1133,8.3555,8.78,69.89,77.30,1
31.167,-13.91,-5.25,1.4180,-0.1236,0.4609,11.6445,8.78,71.39,75.69,1
31.179,-13.89,-5.25,1.4180,0.1132,0.4609,11.6445,8.78,70.77,77.66,1
31.197,-13.85,-5.30,-0.1914,-0.0153,0.1914,9.5039,8.78,72.18,77.66,1
31.215,-13.82,-5.34,-1.3789,-0.1603,-0.7266,7.0898,8.78,71.61,77.04,1
31.234,-13.79,-5.43,1.1094,-0.0250,1.0352,10.3437,8.78,72.66,78.42,1
31.247,-13.78,-5.45,0.2695,0.0820,-0.4609,8.6602,8.78,73.21,80.12,1
31.264,-13.77,-5.52,0.7656,0.2557,-0.6133,9.9258,12.13,72.80,78.22,1
31.284,-13.76,-5.60,1.7227,0.6122,-0.1914,11.2227,12.13,74.23,79.54,1
31.298,-13.78,-5.61,0.0781,0.4940,-0.4961,9.1602,12.13,74.43,80.57,1
31.315,-13.80,-5.71,1.0352,0.5640,-0.6914,10.6523,12.13,73.17,79.36,1
31.337,-13.82,-5.77,1.1875,0.1904,0.1523,9.3477,12.13,75.56,80.26,1
31.355,-13.83,-5.83,1.9531,0.5344,0.1133,10.4570,12.13,74.40,80.51,1
31.367,-13.84,-5.87,2.1445,0.8637,-0.4609,11.7227,12.13,75.19,80.55,1
31.384,-13.87,-5.90,-1.1875,0.9604,-1.9531,6.1641,12.13,75.98,81.09,1
31.404,-13.89,-5.95,-1.2656,0.3392,-0.5352,7.8945,12.13,74.41,80.14,1
31.417,-13.92,-6.00,-0.6914,0.1387,-0.6523,6.7422,12.13,75.44,80.70,1
31.435,-13.92,-6.10,3.4492,0.7721,0.0391,13.5273,12.13,75.44,80.70,1
31.453,-13.95,-6.20,-1.0742,0.6837,-1.5703,6.0859,12.13,75.76,82.53,1
31.468,-13.96,-6.26,-0.0391,0.4965,-0.8828,8.1602,12.13,76.45,81.77,1
31.485,-13.96,-6.33,1.5313,0.6614,-1.1484,10.3047,12.13,76.43,80.46,1
31.504,-13.98,-6.36,3.1797,1.2729,0.1133,12.6445,12.13,75.99,82.43,1
31.519,-14.00,-6.38,-0.0781,0.9739,-0.0781,6.4727,12.13,78.66,82.49,1
31.537,-14.04,-6.42,1.0742,0.7782,-1.1875,5.3242,12.13,80.78,81.41,1
31.555,-14.08,-6.55,1.6836,0.9109,-1.3398,9.8086,12.13,77.66,83.65,1
31.575,-14.15,-6.64,-0.9180,0.5986,-2.2227,7.2070,12.13,77.92,82.83,1
31.587,-14.18,-6.70,1.8789,0.5894,1.2656,11.8789,12.13,77.42,81.27,1
31.605,-14.23,-6.80,0.8828,0.8754,-1.0352,11.6445,12.13,75.52,81.10,1
31.624,-14.30,-6.87,-0.5742,0.5555,0.2695,10.9180,12.13,76.48,81.84,1
31.643,-14.41,-6.92,-0.3047,0.2947,-0.7266,10.2695,12.13,77.74,81.16,1
31.655,-14.46,-6.96,-1.8008,-0.1690,-2.6797,8.1562,12.13,77.74,81.16,1
31.678,-14.55,-7.11,0.1133,-0.5801,-2.8711,10.1875,12.13,78.08,82.88,1
31.696,-14.65,-7.31,2.0312,-0.2300,-0.8828,13.9062,12.13,78.54,85.35,1
31.706,-14.71,-7.38,2.0312,0.1173,-0.8828,13.9062,12.13,77.62,83.97,1
31.725,-14.81,-7.58,1.5703,-0.2602,-0.3828,12.1445,12.13,80.54,85.37,1
31.745,-14.93,-7.76,2.0703,0.2989,0.8047,12.2617,12.13,81.69,86.95,1
31.757,-14.99,-7.85,1.8789,0.6756,-0.9961,11.1914,12.13,81.69,85.62,1
31.775,-15.11,-8.04,0.7266,0.9247,-1.8398,10.8008,12.13,80.23,86.60,1
31.794,-15.20,-8.20,4.2539,1.6378,-2.8711,14.6367,12.13,81.19,87.06,1
31.808,-15.26,-8.23,0.6133,1.7484,-0.8438,11.0312,12.13,80.26,85.84,1
31.825,-15.38,-8.25,0.9180,1.4288,-1.5703,9.3477,12.13,80.68,85.11,1
31.843,-15.53,-8.19,0.9180,1.2839,-0.1914,9.4609,12.13,81.87,84.62,1
31.866,-15.66,-8.14,-0.9180,1.6546,0.0781,5.7461,12.13,80.82,86.33,1
31.876,-15.72,-8.15,-0.9180,1.2595,0.0781,5.7461,12.13,80.61,86.57,1
31.897,-15.81,-8.24,2.6445,0.9190,-1.9531,10.9141,12.13,82.53,85.98,1
31.914,-15.90,-8.25,2.6445,1.4084,-1.9531,10.9141,12.13,82.14,85.73,1
31.934,-15.90,-8.25,-1.1094,1.2271,-1.4570,4.7539,12.13,83.18,87.24,1
31.945,-16.07,-8.32,-0.4609,0.9201,-1.2266,6.1680,12.13,82.72,87.21,1
31.964,-16.18,-8.44,1.2656,0.8314,-0.8047,11.0742,12.13,81.33,86.63,1
31.978,-16.22,-8.45,3.5625,1.0818,-0.9180,11.4961,12.13,81.47,85.30,1
31.995,-16.32,-8.36,3.1406,1.8342,-0.6914,12.9844,12.13,82.56,85.30,1
32.014,-16.41,-8.26,2.9883,2.2458,-0.7266,12.6406,12.13,82.18,85.76,1
32.029,-16.46,-8.20,0.0781,2.1271,-0.7266,9.3047,12.13,80.19,85.70,1
32.046,-16.51,-8.13,-0.3047,1.3438,-1.8398,9.2266,12.13,82.38,86.54,1
32.067,-16.51,-8.10,0.7266,1.0743,-1.6484,9.4258,12.13,84.82,88.78,1
32.085,-16.52,-8.05,5.3242,1.3435,-2.1445,13.6719,12.13,84.47,89.02,1
32.098,-16.52,-7.95,2.0703,1.9642,-0.8828,8.4648,12.13,85.77,90.06,1
32.115,-16.48,-7.89,1.1094,1.9174,-2.2617,8.6562,12.13,86.44,92.19,1
32.134,-16.42,-7.87,-0.0391,1.3878,-0.4219,5.6641,12.13,90.06,93.21,1
32.148,-16.40,-7.87,4.7891,1.5548,-1.0742,11.6406,12.13,88.55,95.89,1
32.165,-16.36,-7.78,3.3320,2.3555,-0.7656,9.4219,12.13,91.27,95.51,1
32.184,-16.30,-7.85,2.8359,2.5786,-2.4883,8.6953,12.13,91.35,95.42,1
32.206,-16.23,-7.87,5.8594,2.5726,-1.0352,12.1797,12.13,94.43,96.11,1
32.216,-16.18,-7.88,5.8594,3.0775,-1.0352,12.1797,12.13,95.10,98.99,1
32.238,-16.10,-7.80,2.4883,2.8519,-0.0781,5.3594,12.13,95.08,100.21,1
32.255,-16.01,-7.79,4.3281,2.8959,-0.8047,11.9180,12.13,94.33,102.20,1
32.268,-15.95,-7.78,1.3008,2.9707,-3.1406,10.5703,10.95,92.34,101.41,1
32.294,-15.77,-7.73,2.0703,2.5717,1.2266,6.7070,10.95,96.50,97.84,1
32.306,-15.77,-7.73,1.5313,2.4119,-0.8438,7.4336,10.95,101.63,101.51,1
32.323,-15.61,-7.69,1.2656,2.0529,1.7617,5.4414,10.95,96.02,101.04,1
32.335,-15.52,-7.71,4.9414,2.2260,-1.4922,15.5156,10.95,90.11,103.34,1
32.354,-15.39,-7.42,0.4961,2.1679,-3.9062,12.7187,10.95,96.01,101.94,1
32.377,-15.22,-7.18,-0.1914,1.6607,-1.6094,6.7070,10.95,95.79,98.80,1
32.386,-15.15,-7.08,-0.1914,1.3762,-1.6094,6.7070,10.95,98.64,101.62,1
32.404,-15.03,-7.05,-1.8750,0.5590,1.6836,1.0352,10.95,96.61,100.89,1
32.424,-14.86,-7.03,1.7227,1.1657,-4.8281,12.1445,10.95,97.61,102.04,1
32.437,-14.74,-7.00,1.7227,1.2512,-4.8281,12.1445,10.95,96.75,101.76,1
32.456,-14.52,-6.91,-1.2656,0.9343,-4.0273,0.0781,10.95,105.50,104.32,1
32.475,-14.30,-7.09,4.1758,0.7457,3.2187,12.4844,10.95,102.10,106.69,1
32.488,-14.18,-7.23,3.5234,1.4526,-2.8711,17.1289,10.95,98.94,112.51,1
32.505,-13.98,-7.18,3.5234,2.0399,-2.2227,9.4219,10.95,101.85,107.69,1
32.524,-13.73,-7.08,-0.3047,1.6985,0.7266,7.2031,10.95,104.29,107.84,1
32.544,-13.46,-7.16,1.8008,1.5963,0.1914,2.7969,10.95,103.63,112.28,1
32.556,-13.46,-7.16,5.7852,2.2397,3.1406,14.5156,10.95,101.09,115.42,1
32.575,-13.02,-7.24,2.0703,2.4231,-7.0469,11.1484,10.95,104.57,110.57,1
32.596,-12.69,-7.22,3.1797,2.2611,-1.5313,4.9414,10.95,112.13,110.01,1
32.607,-12.53,-7.22,3.1797,2.4022,-1.5313,4.9414,10.95,107.40,116.08,1
32.635,-12.37,-7.32,2.7578,2.7232,-1.6094,13.7148,10.95,105.49,115.19,1
32.646,-11.84,-7.39,3.0664,2.7532,-1.8789,9.8867,10.95,109.35,111.77,1
32.658,-11.67,-7.34,0.0391,2.5803,0.8828,7.1289,10.95,114.98,112.32,1
32.675,-11.29,-7.30,0.2305,1.8749,0.1914,4.8281,10.95,110.45,114.88,1
32.694,-10.83,-7.44,4.4453,2.2471,-0.8047,14.6367,10.95,107.85,115.87,1
32.714,-10.31,-7.47,3.3320,2.6241,-2.7578,12.9883,10.95,108.10,112.63,1
32.726,-10.04,-7.46,1.3789,2.3486,0.3828,10.2305,10.95,113.10,114.31,1
32.743,-9.54,-7.39,2.6445,2.2981,2.0703,8.8828,10.95,108.18,113.78,1
32.767,-9.00,-7.25,-0.1133,2.3904,-2.4141,10.2695,10.95,105.76,114.14,1
32.777,-8.74,-7.16,-0.1133,2.0059,-2.4141,10.2695,10.95,108.08,111.50,1
32.797,-8.21,-7.01,2.1055,1.4840,-1.2656,6.5859,10.95,114.73,114.61,1
32.815,-7.67,-6.96,1.1484,1.5837,2.6797,7.3945,10.95,110.77,115.59,1
32.829,-7.38,-6.97,-1.2266,1.2973,-3.2578,7.4336,10.95,113.25,116.37,1
32.845,-6.83,-7.00,1.4180,0.7931,0.5352,7.6992,10.95,114.32,116.00,1
32.865,-6.54,-7.03,3.7930,1.3351,-0.1133,8.5781,10.95,113.62,118.86,1
32.884,-5.70,-7.03,-0.4961,1.0830,0.0781,3.3672,10.95,111.52,120.39,1
32.896,-5.40,-7.10,0.4609,0.9170,-0.6523,9.2305,10.95,115.63,121.57,1
32.914,-4.86,-7.09,4.5977,1.6770,2.2227,15.4375,10.95,114.03,120.53,1
32.937,-4.30,-7.03,-1.9531,2.0397,3.1016,1.8789,10.95,115.67,119.37,1
32.947,-4.03,-7.13,-1.9531,1.4264,3.1016,1.8789,10.95,114.63,122.37,1
32.965,-3.44,-7.21,1.6836,1.2728,-1.9531,10.1914,10.95,116.47,121.42,1
32.987,-2.87,-7.31,2.3359,1.7771,-0.8438,7.5078,10.95,122.09,121.37,1
33.005,-2.58,-7.38,-1.4922,1.3476,1.3789,2.6836,10.95,118.81,126.09,1
33.015,-2.02,-7.51,1.7617,1.1717,0.0391,11.0312,10.95,118.05,125.49,1
33.035,-1.48,-7.53,4.2148,1.5353,1.6094,12.0625,10.95,118.06,122.82,1
33.053,-0.94,-7.64,1.6836,1.8886,-0.4961,6.3984,10.95,120.54,125.83,1
33.066,-0.67,-7.68,0.4609,1.7593,0.2695,6.7852,10.95,117.70,127.45,1
33.083,-0.13,-7.68,0.2695,1.2743,-0.4219,11.4570,10.95,120.24,127.45,1
33.104,0.42,-7.74,3.4102,1.6844,1.6094,13.5273,10.95,123.58,127.91,1
33.117,0.69,-7.72,1.8789,1.7275,-1.5703,6.7461,10.95,120.66,127.42,1
33.134,1.25,-7.78,1.0742,1.5923,1.3789,9.3086,10.95,118.67,129.07,1
33.155,1.80,-7.78,1.1875,0.7144,2.2617,11.6016,10.95,119.16,125.20,1
33.168,2.09,-7.83,1.1875,0.7870,2.2617,11.6016,10.95,123.08,126.84,1
33.186,2.61,-7.87,3.5234,1.1963,1.5313,12.7617,10.95,122.26,131.11,1
33.204,3.13,-7.80,0.8047,1.6388,-2.2227,8.6172,10.95,124.49,128.67,1
33.224,3.65,-7.81,0.1914,1.2187,2.6055,10.7695,10.95,131.48,129.02,1
33.236,3.90,-7.83,0.0781,1.0519,-0.3047,2.8008,10.95,127.68,134.10,1
33.254,4.43,-7.95,3.3711,1.4487,2.8711,14.1367,10.95,129.28,134.05,1
33.274,4.92,-7.90,0.9961,1.4683,-1.3398,7.8906,15.04,125.82,132.22,1
33.287,4.92,-7.90,0.5742,1.3309,0.8438,9.5781,15.04,126.92,133.99,1
33.304,5.65,-8.07,1.2656,1.2693,0.8047,8.6953,15.04,128.44,135.96,1
33.327,6.18,-8.23,1.3789,1.1569,1.9141,9.0781,15.04,126.28,133.08,1
33.338,6.45,-8.28,1.3789,1.1910,1.9141,9.0781,15.04,130.77,133.64,1
33.358,6.99,-8.31,2.2969,1.5782,0.8438,11.0742,15.04,128.19,135.15,1
33.376,7.48,-8.35,-0.8047,1.5339,-0.5352,8.1992,15.04,131.60,136.48,1
33.394,7.94,-8.52,2.1836,1.3980,2.4883,12.7578,15.04,136.39,136.61,1
33.406,8.15,-8.54,-0.1914,1.3287,-0.1914,5.9023,15.04,132.17,135.89,1
33.427,8.55,-8.59,-1.1484,0.5986,2.0312,6.7070,15.04,132.94,135.78,1
33.444,8.91,-8.63,2.2227,0.8492,-0.5352,9.2305,15.04,131.22,137.97,1
33.457,9.06,-8.62,3.1797,1.1367,-0.4219,10.6133,15.04,130.82,141.02,1
33.474,9.38,-8.72,3.1406,1.8246,1.3008,11.1133,15.04,132.50,139.18,1
33.497,9.67,-8.82,2.2617,1.8283,1.6484,12.3398,15.04,128.97,140.53,1
33.508,9.79,-8.86,2.2617,1.8949,1.6484,12.3398,15.04,133.10,138.62,1
33.527,10.01,-8.83,0.6914,1.9015,0.5742,11.1484,15.04,133.73,141.12,1
33.545,10.19,-8.71,1.2266,1.6011,-0.5352,8.0820,15.04,134.23,139.68,1
33.564,10.31,-8.56,-0.4961,1.0922,-0.3828,8.1953,15.04,140.88,141.40,1
33.576,10.38,-8.56,0.5352,0.9307,-0.2695,9.5820,15.04,135.69,143.64,1
33.596,10.48,-8.57,-0.9961,0.4570,-1.1094,8.8828,15.04,136.09,143.84,1
33.614,10.55,-8.63,0.3047,0.2495,0.2695,8.9609,15.04,139.02,143.18,1
33.627,10.59,-8.71,0.4961,0.2733,1.0352,8.0430,15.04,137.61,146.18,1
33.644,10.63,-8.82,1.1875,0.5023,0.6133,12.1836,15.04,135.63,145.90,1
33.664,10.61,-8.83,3.9453,1.3069,-0.1133,14.3281,15.04,140.92,145.86,1
33.678,10.58,-8.75,0.9961,1.2381,-1.6484,7.2383,15.04,135.83,145.94,1
33.695,10.51,-8.69,1.1875,1.2119,-0.3828,7.7734,15.04,139.59,145.03,1
33.715,10.39,-8.61,0.7656,1.0233,-0.1523,9.2695,15.04,138.77,145.92,1
33.736,10.34,-8.55,-0.6523,0.7324,-0.2305,6.0508,15.04,140.02,144.34,1
33.747,10.19,-8.55,-1.8398,0.3309,0.6914,5.8984,15.04,137.44,147.21,1
33.765,10.04,-8.64,2.1836,0.0372,-0.1914,13.6719,15.04,138.77,145.60,1
33.784,9.86,-8.67,2.2617,0.7862,-1.3008,11.2969,15.04,135.81,146.33,1
33.797,9.75,-8.68,3.1016,1.0800,-0.5352,15.4023,15.04,135.89,144.95,1
33.815,9.54,-8.63,0.7656,1.2522,-2.3750,12.0273,15.04,136.28,149.41,1
33.834,9.28,-8.52,-1.6836,0.5722,-0.1523,6.0156,15.04,139.02,144.55,1
33.848,9.15,-8.50,-0.5742,0.3185,-0.8438,9.9609,15.04,139.02,146.89,1
33.865,8.87,-8.43,-2.0703,-0.2658,-0.4219,6.7812,15.04,138.66,145.41,1
33.888,8.55,-8.35,-3.1016,-0.5028,-0.9180,4.3711,15.04,137.61,144.09,1
33.899,8.40,-8.39,-3.1016,-0.9020,-0.9180,4.3711,15.04,138.14,146.05,1
33.917,8.07,-8.49,-0.9570,-0.9347,-1.1094,8.4609,15.04,137.74,144.24,1
33.935,7.71,-8.61,0.7656,-0.8032,-0.7266,11.7617,15.04,139.41,146.28,1
33.954,7.33,-8.66,-0.8828,-0.6332,-0.9961,9.8477,15.04,138.24,143.43,1
33.967,7.11,-8.69,0.7266,-0.5428,-0.6523,13.1016,15.04,130.96,142.41,1
33.984,6.68,-8.69,0.0781,-0.2535,-1.8789,15.3242,15.04,132.14,141.46,1
34.004,6.25,-8.49,-2.3359,-0.6937,0.5742,10.9922,15.04,131.67,137.72,1
34.018,6.05,-8.39,-4.4453,-1.5240,-3.7930,4.7891,15.04,133.64,138.37,1
34.035,5.65,-8.28,-5.7070,-2.7992,-2.9102,1.1094,15.04,134.64,139.00,1
34.057,5.26,-8.31,0.2305,-2.0676,-3.5625,10.0742,15.04,133.16,139.98,1
34.069,5.07,-8.36,0.2305,-1.7146,-3.5625,10.0742,15.04,133.21,143.97,1
34.087,4.66,-8.37,-0.2695,-0.8967,-2.5273,10.0703,15.04,134.23,139.12,1
34.106,4.27,-8.44,1.6484,-0.5654,-2.5273,13.1016,15.04,134.59,140.69,1
34.124,3.94,-8.40,0.8828,0.0199,-2.9102,11.6797,15.04,131.77,138.12,1
34.137,3.78,-8.36,-0.7656,0.0206,-2.7578,9.1953,15.04,130.28,138.50,1
34.156,3.49,-8.27,0.6523,0.0664,-2.5664,12.1445,15.04,130.60,139.02,1
34.175,3.24,-8.13,-2.3359,-0.3952,-2.9492,6.2812,15.04,132.52,138.83,1
34.188,3.13,-8.11,-0.7656,-0.5677,-1.9531,10.7656,15.04,132.59,138.33,1
34.205,2.93,-8.07,-3.4102,-1.2204,-1.7617,6.2031,15.04,130.91,138.01,1
34.224,2.76,-8.04,-1.7227,-1.4680,-0.3047,9.4609,15.04,132.10,138.93,1
34.244,2.60,-8.07,-2.8359,-1.9038,-0.2695,5.9414,15.04,129.37,136.17,1
34.264,2.49,-8.15,0.9180,-1.3908,-0.8438,13.2930,15.04,129.68,135.10,1
34.276,2.41,-8.14,-1.2266,-1.2077,-0.4609,7.3164,21.65,128.85,136.24,1
34.297,2.31,-8.24,0.2695,-0.8830,1.1875,10.6914,21.65,129.17,138.47,1
34.307,2.24,-8.28,-2.7969,-0.8733,-0.5352,6.2852,21.65,130.34,135.89,1
34.325,2.13,-8.40,0.5742,-1.1491,0.9180,9.7266,21.65,129.75,276.93,1
34.343,2.01,-8.50,-0.8438,-0.8754,-1.0352,9.6484,21.65,130.46,137.40,1
34.358,1.95,-8.53,0.5352,-0.7602,-0.4219,9.8437,21.65,129.05,138.66,1
34.375,1.85,-8.60,-0.0781,-0.4543,-0.6914,10.3437,21.65,128.40,138.39,1
34.398,1.73,-8.61,-0.8828,-0.5463,-0.6133,9.2656,21.65,129.07,136.18,1
34.409,1.68,-8.64,-0.8828,-0.5980,-0.6133,9.2656,21.65,125.52,135.14,1
34.426,1.58,-8.66,-1.9922,-0.9243,-0.7656,10.4922,21.65,124.47,132.91,1
34.446,1.49,-8.60,-1.5703,-0.5540,-0.8828,8.5039,21.65,128.11,133.42,1
34.466,1.42,-8.57,0.8438,-0.6491,0.2305,12.4492,21.65,124.44,132.86,1
34.477,1.37,-8.53,-2.8711,-0.6159,-0.6133,7.3516,21.65,125.17,133.14,1
34.496,1.32,-8.50,-0.9961,-1.1055,-1.4570,10.0039,21.65,124.21,130.41,1
34.515,1.27,-8.44,-2.8711,-1.4831,-2.1445,6.2852,21.65,123.35,132.10,1
34.528,1.26,-8.43,0.7266,-1.4085,-2.1445,12.2227,21.65,122.71,132.75,1
34.545,1.27,-8.37,-0.9180,-1.0446,-0.3828,10.4141,21.65,125.28,131.46,1
34.564,1.29,-8.28,-0.9180,-1.0087,-1.6836,9.9609,21.65,122.97,130.02,1
34.587,1.34,-8.22,-2.6055,-1.5294,-0.6914,5.8242,21.65,123.81,128.97,1
34.596,1.37,-8.18,-2.6055,-1.6947,-0.6914,5.8242,21.65,125.08,127.68,1
34.617,1.47,-8.25,-0.0391,-1.4154,-0.3828,11.0742,21.65,123.72,129.13,1
34.635,1.58,-8.25,-1.6484,-1.1538,0.1914,8.6211,21.65,122.06,128.21,1
34.648,1.64,-8.24,-2.1445,-1.3030,0.0781,8.6562,21.65,120.29,129.50,1
34.665,1.76,-8.25,0.9570,-1.2935,0.3437,12.3359,21.65,120.80,127.93,1
34.685,1.90,-8.19,-1.1875,-1.0009,-0.8438,7.5469,21.65,121.32,129.75,1
34.698,1.99,-8.19,-2.7187,-1.1520,0.1523,7.6953,21.65,120.45,129.17,1
34.715,2.17,-8.21,-2.1445,-1.5591,-0.8438,7.4687,21.65,120.64,128.30,1
34.734,2.34,-8.21,-0.9180,-1.4537,0.4219,10.4570,21.65,119.95,128.29,1
34.756,2.52,-8.16,-1.1094,-0.9947,1.3789,10.0000,21.65,118.23,124.61,1
34.766,2.61,-8.16,-1.1094,-1.0123,1.3789,10.0000,21.65,118.55,124.16,1
34.787,2.79,-8.15,-0.9180,-1.3347,1.1484,10.1875,21.65,119.08,125.55,1
34.806,2.96,-8.12,-0.6914,-1.1984,0.4961,10.2266,21.65,118.29,122.84,1
34.817,3.03,-8.09,-0.4961,-1.0706,1.1875,10.4141,21.65,117.62,123.75,1
34.835,3.16,-8.03,-2.6445,-1.0795,1.3789,7.8945,21.65,117.88,124.72,1
34.854,3.28,-7.96,0.2695,-0.9681,1.9922,12.0664,21.65,116.17,121.30,1
34.868,3.32,-7.90,-2.1445,-0.9712,-0.0391,7.3516,21.65,116.13,119.29,1
34.886,3.39,-7.86,-2.0703,-1.3548,0.9961,9.8867,21.65,113.80,121.51,1
34.904,3.45,-7.78,-2.7578,-1.7509,-0.7656,7.5898,21.65,114.63,120.85,1
34.927,3.49,-7.75,-1.9141,-1.7538,0.7266,8.0391,21.65,114.27,119.49,1
34.937,3.50,-7.74,-1.9141,-1.7785,0.7266,8.0391,21.65,113.74,119.43,1
34.954,3.50,-7.73,-1.6836,-1.7659,0.4609,10.1875,21.65,111.74,119.37,1
34.975,3.46,-7.68,-1.7617,-1.8144,-0.4219,9.7266,21.65,111.69,117.91,1
34.994,3.43,-7.67,-1.8008,-1.8055,-0.5352,8.5000,21.65,110.58,118.23,1
35.005,3.38,-7.64,-1.3789,-1.7710,-1.2656,9.6875,21.65,109.22,116.66,1
35.025,3.34,-7.60,-1.8789,-1.7366,-0.8047,9.9258,21.65,107.27,116.73,1
35.038,3.27,-7.58,-2.4141,-1.8109,-1.3008,9.1211,21.65,107.08,116.13,1
35.055,3.19,-7.51,-2.3750,-1.9788,-0.8047,10.0312,21.65,108.10,114.22,1
35.074,3.10,-7.41,-1.6094,-1.9445,-1.6836,9.2305,21.65,108.11,114.96,1
35.089,3.05,-7.39,-3.1797,-2.0186,-0.8438,7.7734,21.65,107.08,113.66,1
35.106,2.96,-7.38,-2.9102,-2.3548,-1.6094,7.4727,21.65,105.60,112.68,1
35.125,2.86,-7.36,-3.1797,-2.5719,-0.1133,9.8477,21.65,103.75,111.45,1
35.145,2.75,-7.37,-1.3789,-2.5454,-0.9961,12.1016,21.65,104.41,109.41,1
35.157,2.70,-7.36,-1.3789,-2.3662,-0.9961,12.1016,21.65,102.19,110.75,1
35.177,2.58,-7.30,-3.7148,-2.4866,-1.0742,7.4297,21.65,204.83,110.83,1
35.196,2.45,-7.27,-3.1016,-2.7859,-0.8438,9.5781,21.65,99.77,109.41,1
35.208,2.38,-7.24,-3.8320,-2.9142,-0.8047,6.7070,21.65,100.84,108.81,1
35.226,2.24,-7.25,-2.1836,-3.0426,-1.1875,10.4180,21.65,99.27,107.79,1
35.244,2.11,-7.20,-2.2227,-2.7584,-1.1094,9.6133,21.65,98.44,106.08,1
35.264,1.93,-7.10,-3.2187,-2.8269,-1.4180,8.1172,21.65,97.17,104.64,1
35.276,1.85,-7.06,-2.2617,-2.7018,-1.1484,10.6875,21.65,94.16,102.94,1
35.294,1.70,-6.93,-3.7539,-2.9072,-1.9531,8.8125,21.65,94.50,100.48,1
35.315,1.54,-6.85,-3.5625,-3.4109,-0.8828,9.9609,21.65,93.54,99.74,1
35.327,1.47,-6.83,-3.5625,-3.4342,-0.8828,9.9609,21.65,91.91,97.63,1
35.347,1.32,-6.77,-2.1445,-3.3725,0.1133,12.6055,19.39,89.23,99.02,1
35.367,1.14,-6.68,-5.5156,-3.2939,-0.6133,6.0508,19.39,87.72,98.78,1
35.378,1.07,-6.66,-3.2187,-3.6018,0.4961,10.9180,19.39,174.34,96.67,1
35.395,0.89,-6.63,-3.0273,-3.4779,-0.0391,10.8398,19.39,171.17,94.55,1
35.414,0.71,-6.57,-1.6836,-3.0269,-0.1523,12.0664,19.39,84.27,92.46,1
35.429,0.62,-6.50,-2.7578,-2.9065,-0.5742,10.1914,19.39,81.35,92.94,1
35.446,0.41,-6.36,-3.8320,-3.0935,-0.0391,9.3437,19.39,81.61,90.00,1
35.465,0.19,-6.22,-3.4492,-3.2183,-0.9180,8.9219,19.39,79.60,88.64,1
35.486,-0.01,-6.11,-3.7148,-3.5521,-0.4609,8.7734,19.39,78.32,87.47,1
35.497,-0.12,-6.07,-3.7148,-3.5771,-0.4609,8.7734,19.39,79.01,87.02,1
35.514,-0.33,-6.01,-5.4023,-3.9896,-0.9961,6.8203,19.39,76.24,85.32,1
35.536,-0.57,-5.92,-3.3711,-3.7390,-1.3789,8.6992,19.39,77.21,83.59,1
35.549,-0.68,-5.87,-3.3711,-3.6576,-1.1484,9.2305,19.39,74.81,83.06,1
35.566,-0.91,-5.76,-4.1758,-3.6407,-0.9961,7.3164,19.39,72.62,82.82,1
35.582,-1.02,-5.70,-3.4102,-3.6979,-2.1445,8.1211,19.39,71.57,79.53,1
35.605,-1.34,-5.57,-2.5273,-3.3892,-2.1055,9.7266,19.39,72.60,78.43,1
35.616,-1.44,-5.52,-2.4531,-3.2509,-0.8438,9.8828,19.39,69.64,78.80,1
35.634,-1.62,-5.45,-2.9883,-3.0974,-2.1055,9.3437,19.39,69.86,75.96,1
35.658,-1.79,-5.34,-2.7969,-3.2318,-1.3008,10.1523,19.39,68.24,74.23,1
35.667,-1.85,-5.29,-2.7969,-3.1650,-1.3008,10.1523,19.39,68.40,74.12,1
35.684,-2.00,-5.15,-4.0234,-3.3320,-3.0273,9.0391,19.39,66.48,71.45,1
35.705,-2.12,-5.03,-3.9844,-3.5840,-1.9922,8.2734,19.39,66.63,72.39,1
35.724,-2.18,-5.00,-2.6445,-3.4917,-1.6484,11.9141,19.39,64.78,69.24,1
35.736,-2.28,-4.92,-4.2148,-3.4872,-1.6094,8.3516,19.39,64.83,70.31,1
35.755,-2.35,-4.84,-4.2148,-3.6936,-1.6094,8.3516,19.39,63.75,68.19,1
35.774,-2.41,-4.78,-4.5586,-3.9474,-1.7617,8.7773,19.39,62.31,66.97,1
35.786,-2.43,-4.76,-3.3320,-3.9431,-0.9961,8.7344,19.39,62.31,68.24,1
35.804,-2.46,-4.78,-4.0234,-3.8878,-1.5313,7.6250,19.39,61.55,65.72,1
35.824,-2.48,-4.83,-2.2617,-3.5364,-1.0352,10.2305,19.39,61.73,66.89,1
35.837,-2.49,-4.84,-3.2930,-3.4825,-0.7266,7.9687,19.39,59.96,66.60,1
35.854,-2.48,-4.89,-1.6094,-3.0562,-1.0742,11.1484,19.39,59.69,66.26,1
35.875,-2.45,-4.93,-2.7187,-3.1817,-0.3828,9.2695,19.39,57.62,64.63,1
35.888,-2.44,-4.93,-2.7187,-3.1106,-0.3828,9.2695,19.39,58.01,60.91,1
35.908,-2.43,-4.92,-1.3008,-2.8166,-0.6914,12.1836,19.39,55.56,60.91,1
35.925,-2.42,-4.82,-3.2930,-2.5461,-1.1484,7.3906,19.39,55.33,59.77,1
35.939,-2.41,-4.81,-2.2969,-2.6317,-1.0742,9.5391,19.39,55.33,59.77,1
35.956,-2.36,-4.74,-4.2891,-2.6961,-0.3047,6.2812,19.39,54.28,58.14,1
35.974,-2.31,-4.74,-1.8398,-2.6971,-0.0391,9.3477,19.39,54.28,58.14,1
35.994,-2.26,-4.72,-2.4531,-2.5897,-0.2305,9.3477,19.39,52.89,56.68,1
36.007,-2.23,-4.70,-1.6836,-2.3892,-0.1914,9.1602,19.39,52.90,56.54,1
36.024,-2.17,-4.68,-1.7227,-2.1977,-0.2695,8.9648,19.39,52.36,56.54,1
36.047,-2.11,-4.67,-2.7187,-1.7057,-0.6914,6.2070,19.39,52.70,55.20,1
36.058,-2.06,-4.70,-2.7187,-1.8613,-0.6914,6.2070,19.39,51.59,56.03,1
36.078,-1.99,-4.77,-2.0703,-1.8989,-0.4609,8.4648,19.39,52.02,56.12,1
36.096,-1.91,-4.86,0.2695,-1.7604,0.1133,10.7656,19.39,51.26,56.10,1
36.109,-1.87,-4.89,-0.1133,-1.3417,-0.3828,10.6914,19.39,51.21,55.58,1
36.126,-1.79,-4.96,-0.3828,-1.0149,0.1523,10.4922,19.39,51.21,55.23,1
36.144,-1.76,-4.97,-2.2969,-1.1296,-0.1914,6.6641,19.39,50.41,53.36,1
36.165,-1.66,-5.05,-0.7266,-1.1131,0.5352,9.3047,19.39,51.42,54.81,1
36.177,-1.63,-5.10,-0.1523,-0.9005,-0.8438,10.0312,19.39,49.82,53.18,1
36.195,-1.58,-5.16,-0.4961,-0.7215,-0.5352,10.0742,19.39,50.55,53.97,1
36.218,-1.52,-5.21,0.4961,-0.5192,-0.3828,11.0742,19.39,48.72,52.77,1
36.228,-1.50,-5.18,0.4961,-0.3632,-0.3828,11.0742,19.39,50.01,52.37,1
36.249,-1.44,-5.18,-0.4219,-0.3067,-0.5352,10.0703,19.39,50.01,51.64,1
36.266,-1.41,-5.17,0.2695,-0.2841,-1.1094,10.0352,19.39,48.66,51.64,1
36.279,-1.39,-5.15,-0.6523,-0.2353,-1.2266,9.9219,19.39,49.27,51.83,1
36.296,-1.34,-5.10,-0.4609,-0.3383,-0.9570,9.9648,19.39,48.36,50.66,1
36.315,-1.29,-5.03,-0.4961,-0.3879,-0.3047,8.8437,19.39,48.36,51.91,1
36.335,-1.22,-4.99,-0.3828,-0.3997,-0.5742,8.9609,19.39,49.13,49.85,1
36.347,-1.19,-4.97,-0.0391,-0.3696,-0.7656,9.6523,12.76,48.44,51.89,1
36.364,-1.14,-4.93,0.0391,-0.2396,-0.4219,10.1875,12.76,48.89,51.89,1
36.384,-1.07,-4.86,-0.6523,-0.3136,-1.5313,8.6992,12.76,47.90,50.08,1
36.398,-1.04,-4.83,-0.3047,-0.3116,-0.2305,9.5039,12.76,48.99,51.57,1
36.415,-0.96,-4.76,-0.9180,-0.4454,-1.0742,8.0391,12.76,48.28,49.53,1
36.436,-0.89,-4.72,-0.0391,-0.4465,-0.4609,9.0820,12.76,48.28,51.73,1
36.455,-0.82,-4.73,-0.0391,-0.3076,0.0781,10.6094,12.76,48.88,49.26,1
36.466,-0.79,-4.71,-0.0391,-0.2663,-0.1133,9.2656,12.76,47.80,49.26,1
36.486,-0.74,-4.68,0.0781,-0.1925,-0.0781,9.6914,12.76,48.60,51.95,1
36.505,-0.69,-4.62,-1.4922,-0.4478,-0.4219,7.8555,12.76,47.90,49.06,1
36.517,-0.67,-4.61,-0.8047,-0.5532,0.3437,7.9687,12.76,48.33,51.21,1
36.534,-0.65,-4.51,-0.3437,-0.5369,0.1523,9.6914,12.76,48.33,49.95,1
36.555,-0.68,-4.26,0.2305,-0.3551,0.9961,10.3437,12.76,47.63,50.66,1
36.568,-0.69,-4.17,-0.5742,-0.4036,0.0391,8.3555,12.76,48.09,49.53,1
36.585,-0.74,-3.95,1.1484,-0.0707,0.1523,12.6055,12.76,47.07,49.53,1
36.606,-0.78,-3.75,-1.1875,-0.6782,0.2305,8.6562,12.76,47.07,50.87,1
36.619,-0.81,-3.66,-1.1875,-0.7564,0.2305,8.6562,12.76,48.06,48.93,1
36.638,-0.86,-3.50,-0.8047,-0.3892,0.0000,8.2734,12.76,47.16,51.04,1
36.656,-0.92,-3.36,0.6914,-0.3873,0.3828,11.2227,12.76,47.74,49.02,1
36.675,-1.01,-3.16,-0.5742,-0.2997,-0.9961,9.0781,12.76,46.62,50.34,1
36.687,-1.05,-3.08,0.3437,-0.2684,0.2695,10.4141,12.76,47.70,48.79,1
36.705,-1.14,-2.89,-0.5352,-0.2542,-0.9961,8.7383,12.76,47.70,48.79,1
36.725,-1.22,-2.79,-0.4219,-0.3088,-1.1484,8.6211,12.76,46.69,49.94,1
36.738,-1.26,-2.73,0.5742,-0.1134,-0.2695,11.4961,12.76,47.23,49.11,1
36.755,-1.36,-2.57,-0.1523,-0.0398,-0.9961,9.1953,12.76,46.73,50.05,1
36.778,-1.46,-2.43,0.3437,-0.2723,-0.7266,10.5312,12.76,47.11,48.56,1
36.789,-1.51,-2.36,0.3437,-0.1777,-0.7266,10.5312,12.76,47.11,50.42,1
36.808,-1.60,-2.23,1.7617,-0.3462,-1.4570,12.6445,12.76,46.43,50.42,1
36.825,-1.69,-2.09,-0.7266,0.0526,-1.3789,8.6953,12.76,47.23,48.93,1
36.844,-1.76,-1.99,0.2695,0.0074,-0.3437,9.6094,12.76,46.33,50.08,1
36.857,-1.80,-1.95,-0.7266,-0.0320,-1.3789,9.4219,12.76,47.21,48.72,1
36.877,-1.88,-1.83,-1.0352,-0.3371,-0.9961,7.1680,12.76,47.21,50.13,1
36.895,-1.95,-1.76,-0.1133,-0.3711,-1.1875,9.2305,12.76,46.49,48.96,1
36.908,-1.98,-1.71,1.3398,-0.2152,-1.8789,11.8750,12.76,46.98,50.13,1
36.925,-2.03,-1.58,-0.2695,-0.0412,-0.8438,9.7305,12.76,46.98,50.13,1
36.947,-2.07,-1.48,-0.1523,-0.3125,-0.8828,9.4648,12.76,46.17,48.56,1
36.959,-2.09,-1.44,-0.1523,-0.2879,-0.8828,9.4648,12.76,47.04,48.93,1
36.978,-2.12,-1.36,-0.1523,-0.1327,-1.2266,9.2305,12.76,45.92,49.45,1
36.997,-2.14,-1.26,-0.7656,-0.1874,-0.5352,7.7383,12.76,47.37,49.21,1
37.015,-2.15,-1.18,0.4961,-0.1053,-1.1484,10.8789,12.76,46.05,49.23,1
37.027,-2.16,-1.12,-1.1484,-0.1445,-1.4180,7.1250,12.76,46.87,49.16,1
37.045,-2.14,-1.07,1.3008,-0.2333,-0.5742,11.6836,12.76,46.87,49.16,1
37.065,-2.15,-0.98,-0.5742,-0.1252,0.1914,9.2656,12.76,45.50,48.97,1
37.078,-2.15,-0.95,0.2695,-0.1267,-1.2266,9.6914,12.76,46.61,48.74,1
37.095,-2.15,-0.83,-0.4961,-0.1611,-0.0781,10.3047,12.76,46.61,48.43,1
37.114,-2.14,-0.70,0.6523,-0.0019,-1.1875,10.4141,12.76,45.55,48.52,1
37.129,-2.13,-0.65,-1.6484,-0.3663,-1.1094,7.2734,12.76,46.20,47.62,1
37.146,-2.11,-0.55,0.0000,-0.3651,-0.7266,10.6484,12.76,45.29,47.62,1
37.165,-2.26,0.56,-0.1523,-0.6024,-0.6523,9.1953,12.76,46.62,48.53,1
37.185,-2.36,1.26,0.6133,-0.3572,-0.4219,11.0703,12.76,46.62,47.64,1
37.198,-2.48,2.18,0.0391,-0.1883,-0.4961,10.1914,12.76,45.31,47.64,1
37.216,-2.52,2.79,-1.1094,-0.2157,-1.3398,8.9609,12.76,45.84,48.64,1
37.235,-2.54,3.24,-0.4961,-0.3847,-0.4219,8.7344,12.76,45.36,47.10,1
37.248,-2.53,3.41,-0.1914,-0.3774,-1.1484,9.3477,12.76,46.19,48.15,1
37.265,-2.52,3.73,0.0391,-0.2630,-0.4609,10.5312,12.76,46.19,47.13,1
37.285,-2.50,4.01,-0.9961,-0.4064,-0.4609,7.8906,12.76,45.20,48.24,1
37.299,-2.50,4.01,0.3828,-0.2852,-0.3828,10.1914,12.76,46.06,47.09,1
37.316,-2.44,4.29,0.0000,-0.1805,-0.4961,10.3047,12.76,46.06,47.09,1
37.337,-2.39,4.45,-0.3828,-0.3924,-0.6914,9.5391,12.76,44.97,48.30,1
37.355,-2.34,4.59,-0.2305,-0.3775,-0.6914,9.8477,8.63,45.68,46.77,1
37.367,-2.31,4.68,-1.2266,-0.4247,-0.1133,7.8906,8.63,44.74,47.81,1
37.388,-2.25,4.79,0.2305,-0.5355,-0.5742,10.4531,8.63,45.29,46.90,1
37.405,-2.22,4.83,-0.7266,-0.4653,-0.1133,8.3125,8.63,45.29,46.90,1
37.418,-2.16,4.91,-0.7656,-0.5085,-0.7656,9.1602,8.63,44.52,47.60,1
37.435,-2.12,4.93,-0.4961,-0.5401,-1.1094,9.1562,8.63,45.08,46.48,1
37.454,-2.01,4.99,-0.9570,-0.6296,-0.3047,10.4180,8.63,44.12,46.43,1
37.469,-2.01,4.99,0.8438,-0.4033,0.7266,12.1836,8.63,43.84,47.13,1
37.486,-1.94,5.19,-0.6914,-0.3179,-0.1914,8.0078,8.63,43.84,47.13,1
37.508,-1.87,5.29,-3.4102,-0.6627,-1.0352,4.8594,8.63,43.11,48.27,1
37.525,-1.78,5.22,1.2656,-1.0679,-1.3789,12.8672,8.63,45.12,43.82,1
37.538,-1.73,5.21,1.6094,-0.5239,0.2305,14.2539,8.63,45.12,46.92,1
37.556,-1.66,5.35,-0.5352,-0.0905,-1.0742,7.6250,8.63,42.87,46.92,1
37.574,-1.58,5.44,-2.9492,-0.7763,-0.9961,5.3203,8.63,43.61,46.64,1
37.588,-1.53,5.45,-0.6523,-0.9263,0.1133,9.8477,8.63,42.82,44.72,1
37.606,-1.43,5.46,0.1523,-0.6548,-0.3047,11.0352,8.63,42.82,45.13,1
37.625,-1.32,5.52,-0.4961,-0.5694,-0.2305,9.0000,8.63,43.20,46.27,1
37.639,-1.27,5.54,-1.1094,-0.6072,-0.6523,7.5859,8.63,42.95,46.27,1
37.656,-1.16,5.53,1.0352,-0.3038,-0.2305,11.3789,8.63,43.17,44.39,1
37.674,-1.06,5.57,-1.1875,-0.4160,-0.2695,7.9727,8.63,43.17,46.03,1
37.697,-0.96,5.55,0.8828,-0.4033,-0.2305,11.7617,8.63,42.77,45.33,1
37.709,-0.90,5.54,-0.8438,-0.2568,0.0781,7.9727,8.63,43.36,46.02,1
37.726,-0.80,5.55,-1.5703,-0.4814,-0.1523,7.8906,8.63,43.36,46.02,1
37.745,-0.75,5.53,-0.0391,-0.5550,-1.3008,9.6875,8.63,42.98,44.79,1
37.758,-0.66,5.52,0.6523,-0.3855,0.0000,9.8047,8.63,43.35,45.90,1
37.776,-0.56,5.51,-0.2305,-0.1618,-0.2695,9.0391,8.63,42.39,45.90,1
37.796,-0.46,5.46,-0.0391,-0.1428,0.3047,9.8437,8.63,42.39,45.34,1
37.809,-0.41,5.45,0.3047,-0.0994,-0.1914,9.2305,8.63,43.20,46.00,1
37.826,-0.32,5.42,0.3437,0.0470,-0.1523,10.4922,8.63,42.44,44.82,1
37.845,-0.22,5.42,-0.5352,-0.0634,-0.6914,8.7344,8.63,42.62,45.69,1
37.866,-0.12,5.45,-1.4180,-0.1256,-1.0352,7.6562,8.63,42.62,45.69,1
37.877,-0.08,5.47,-1.4180,-0.3241,-1.0352,7.6562,8.63,42.08,44.43,1
37.898,0.02,5.44,0.8438,-0.2491,-0.3828,10.9531,8.63,43.07,45.41,1
37.915,0.13,5.43,0.7656,0.0546,0.2695,10.9180,8.63,41.90,44.13,1
37.928,0.18,5.43,-0.9570,0.0741,-0.8828,8.1953,8.63,41.90,44.68,1
37.946,0.28,5.43,-0.1914,-0.1571,-0.2695,9.0781,8.63,43.07,44.68,1
37.965,0.40,5.46,-0.3828,-0.2111,-0.3047,9.8437,8.63,41.87,44.55,1
37.979,0.46,5.47,-0.1914,-0.2222,-0.6523,8.3906,8.63,41.87,45.11,1
37.996,0.58,5.46,-0.2305,-0.2203,-0.1133,9.0000,8.63,43.23,45.11,1
38.015,0.70,5.45,0.3437,-0.0961,-0.4961,9.8477,8.63,42.56,44.69,1
38.030,0.77,5.44,-0.6133,-0.2106,0.3047,8.0117,8.63,44.18,45.24,1
38.047,0.87,5.40,-0.1914,-0.2314,-0.5742,8.6211,8.63,44.18,45.03,1
38.068,1.00,5.36,1.7227,-0.0487,0.3437,10.9922,8.63,43.06,45.03,1
38.086,1.10,5.35,0.0391,0.3189,-0.0781,8.6602,8.63,44.49,46.14,1
38.098,1.16,5.34,0.8438,0.3214,0.0391,9.8047,8.63,44.49,46.24,1
38.116,1.27,5.28,-0.9961,0.3223,-0.3047,9.0000,8.63,43.75,46.28,1
38.135,1.39,5.26,2.1055,0.5593,0.0781,13.2930,8.63,43.82,46.39,1
38.149,1.45,5.30,0.9570,0.7049,1.1875,10.5742,8.63,43.48,45.91,1
38.166,1.49,5.33,-0.9961,0.4764,-1.3398,6.9297,8.63,43.48,45.91,1
38.185,1.64,5.26,-4.3672,-0.6873,1.4180,-0.4961,8.63,47.80,46.33,1
38.207,1.73,5.15,4.5586,0.2858,0.4219,16.0469,8.63,44.70,48.71,1
38.217,1.75,5.17,4.5586,0.9421,0.4219,16.0469,8.63,44.92,47.50,1
38.237,1.77,5.23,-3.8281,0.1154,-0.3437,0.7266,8.63,46.63,47.50,1
38.257,1.80,5.07,2.8711,-0.4671,0.5742,13.9453,8.63,46.14,48.60,1
38.268,1.80,5.04,2.9102,0.2748,-0.5742,13.1719,8.63,46.14,49.14,1
38.286,1.82,5.00,0.4609,0.8263,2.4141,8.1562,8.63,46.83,50.07,1
38.306,1.82,4.95,0.3437,0.7047,-0.3828,9.0820,8.63,47.01,49.65,1
38.319,1.80,4.87,1.9531,0.7780,1.2656,11.5742,8.63,46.03,50.72,1
38.337,1.75,4.86,-0.3047,0.6789,-1.1484,8.4219,8.63,46.03,50.72,1
38.355,1.71,4.84,-0.2695,0.3514,-0.9961,6.2852,7.72,48.51,49.48,1
38.378,1.68,4.76,3.3711,0.5328,-1.0352,12.0234,7.72,46.77,50.97,1
38.387,1.65,4.73,3.3711,0.9687,-1.0352,12.0234,7.72,48.89,50.97,1
38.405,1.59,4.68,0.7656,1.0734,1.5313,9.1953,7.72,47.66,52.25,1
38.425,1.52,4.69,1.1484,1.1257,0.6914,10.3477,7.72,48.04,52.59,1
38.445,1.48,4.72,1.9922,1.2618,-2.5664,10.4180,7.72,48.04,51.64,1
38.456,1.41,4.75,-0.4961,1.1749,-1.0352,6.8203,7.72,48.91,52.00,1
38.476,1.35,4.67,-1.4922,0.6213,-1.0742,6.9727,7.72,49.26,53.53,1
38.489,1.32,4.64,0.3047,0.2973,0.3437,6.6641,7.72,50.21,52.89,1
38.506,1.25,4.58,2.6445,0.4866,-0.0391,13.6758,7.72,49.90,52.89,1
38.525,1.15,4.57,3.0664,1.3156,-0.1133,11.0312,7.72,49.45,54.78,1
38.545,1.07,4.52,-0.1133,1.1085,0.3047,9.7266,7.72,51.70,54.59,1
38.557,1.03,4.53,-1.1484,0.6090,-1.8008,4.4766,7.72,51.70,54.59,1
38.575,0.95,4.48,-1.0742,0.1270,-0.5352,7.9687,7.72,50.81,54.94,1
38.596,0.85,4.41,3.1016,1.1217,-1.1484,12.8711,7.72,52.34,55.71,1
38.608,0.80,4.37,3.1016,1.4258,-1.1484,12.8711,7.72,51.38,55.93,1
38.627,0.70,4.33,-0.4219,1.2278,-0.0391,8.0391,7.72,52.71,55.61,1
38.647,0.61,4.32,0.0781,0.7999,-1.4570,5.3633,7.72,52.86,56.03,1
38.659,0.56,4.31,0.0781,0.6890,-1.4570,5.3633,7.72,53.88,57.79,1
38.676,0.47,4.21,1.2656,0.7857,-1.6094,9.0820,7.72,53.88,56.60,1
38.695,0.36,4.12,2.2617,1.1698,-0.4961,11.8750,7.72,54.04,58.62,1
38.716,0.23,4.11,1.8789,1.3947,-0.7266,11.7187,7.72,53.74,57.12,1
38.727,0.16,4.13,0.5352,1.2045,-1.1484,8.3164,7.72,55.55,57.89,1
38.744,0.05,4.10,-0.4609,0.7942,0.0000,7.8555,7.72,55.55,58.32,1
38.767,-0.06,4.03,0.7656,1.1748,0.4609,8.8164,7.72,54.81,59.46,1
38.778,-0.11,4.00,0.7656,1.1120,0.4609,8.8164,7.72,55.49,57.99,1
38.797,-0.22,4.01,1.5313,1.3280,0.2305,8.6602,7.72,54.75,60.45,1
38.816,-0.35,4.11,0.7266,1.3212,-1.2656,9.3828,7.72,56.27,57.55,1
38.829,-0.41,4.12,0.7266,1.1896,-0.6133,8.4219,7.72,56.20,59.36,1
38.846,-0.52,4.14,1.2656,1.1014,-1.8398,8.6172,7.72,57.21,60.09,1
38.865,-0.65,4.08,0.1523,0.9110,0.7656,9.2695,7.72,56.44,60.14,1
38.885,-0.78,4.10,2.0703,1.1203,-1.3789,11.9531,7.72,57.27,60.34,1
38.897,-0.86,4.16,-1.1484,0.6182,0.5352,7.2773,7.72,56.73,60.08,1
38.915,-1.02,4.21,1.6484,0.6349,-1.0742,9.9648,7.72,59.05,59.25,1
38.939,-1.18,4.19,2.9102,0.5819,-1.5313,10.7305,7.72,57.94,62.41,1
38.948,-1.25,4.10,2.9102,0.9395,-1.5313,10.7305,7.72,60.47,60.62,1
38.967,-1.42,4.02,0.9961,1.0295,-1.3789,9.6914,7.72,58.80,63.13,1
38.986,-1.61,4.01,0.3828,0.9710,-0.4961,8.6211,7.72,59.38,63.15,1
38.999,-1.70,4.04,1.8398,0.9574,-1.5313,9.9258,7.72,60.15,62.35,1
39.016,-1.87,4.06,0.9180,1.1339,-0.3437,9.1211,7.72,60.42,62.31,1
39.035,-1.94,4.03,2.4531,1.3085,-2.9492,10.0000,7.72,60.82,63.10,1
39.055,-2.13,4.00,1.4570,1.4783,-2.1445,10.2266,7.72,61.13,65.05,1
39.067,-2.18,4.02,2.3750,1.5484,-2.9883,12.0273,7.72,60.61,63.11,1
39.085,-2.25,4.10,0.2305,1.3556,-3.1016,9.0430,7.72,61.90,64.00,1
39.104,-2.27,4.17,0.9180,1.1887,-4.3281,8.8867,7.72,61.53,63.20,1
39.118,-2.25,4.17,-1.0742,0.6879,-3.0664,8.3164,7.72,62.98,64.95,1
39.135,-2.18,4.15,0.8438,0.6126,-3.0273,7.4336,7.72,62.98,64.72,1
39.157,-2.05,4.12,0.5742,0.9399,-1.8008,7.8164,7.72,62.74,67.78,1
39.177,-1.90,4.10,0.4609,0.7902,-2.4531,7.3945,7.72,65.65,67.13,1
39.188,-1.80,4.05,0.7656,0.7417,-1.7617,9.7695,7.72,65.65,67.13,1
39.207,-1.60,3.99,1.1094,0.7760,-1.1094,9.7305,7.72,65.60,69.01,1
39.225,-1.39,3.92,0.3437,0.7202,0.5352,7.6992,7.72,64.28,67.48,1
39.237,-1.29,3.88,1.7617,0.7758,0.3437,11.3359,7.72,65.10,69.76,1
39.254,-1.14,3.89,0.5352,0.8405,1.8398,8.1211,7.72,64.83,68.28,1
39.275,-1.01,3.87,1.3008,0.9233,1.5703,9.2695,7.72,66.99,68.89,1
39.288,-0.96,3.84,-0.1914,0.6766,1.9141,6.5469,7.72,67.30,70.93,1
39.305,-0.88,3.73,0.2305,0.5238,1.0742,10.5742,7.72,67.30,69.88,1
39.327,-0.86,3.66,1.6836,0.5299,0.7656,12.7578,7.72,66.94,71.14,1
39.339,-0.87,3.64,1.6836,0.7071,0.7656,12.7578,9.63,65.91,70.68,1
39.358,-0.96,3.68,1.0352,0.9030,0.6914,9.8828,9.63,67.77,71.21,1
39.376,-1.08,3.65,-0.3047,0.8333,1.3398,9.0391,9.63,66.83,71.75,1
39.396,-1.21,3.61,-0.9180,0.3096,-0.4219,7.2031,9.63,67.97,70.62,1
39.407,-1.29,3.57,1.0352,0.2773,1.6484,10.6133,9.63,68.12,72.06,1
39.425,-1.48,3.50,0.8047,0.4847,-0.4609,10.5352,9.63,68.12,70.94,1
39.446,-1.69,3.50,1.5703,0.7449,-0.2305,11.1523,9.63,67.84,70.55,1
39.458,-1.78,3.50,-1.2656,0.2999,-0.5352,7.6602,9.63,68.81,71.52,1
39.476,-1.98,3.47,-0.6523,-0.0084,-2.9883,6.0508,9.63,69.13,71.74,1
39.497,-2.15,3.38,1.9531,-0.1594,-1.1875,10.3437,9.63,68.55,72.74,1
39.509,-2.25,3.37,1.9531,0.1650,-1.1875,10.3437,9.63,67.99,74.20,1
39.528,-2.44,3.34,2.1445,0.6420,-1.4180,11.2617,9.63,67.99,74.20,1
39.546,-2.63,3.34,-1.4180,0.7831,-2.1445,6.8516,9.63,68.17,72.08,1
39.566,-2.79,3.33,-0.7656,0.1771,-0.9961,7.2031,9.63,70.25,71.56,1
39.577,-2.86,3.31,-0.3047,0.0692,0.2305,7.7344,9.63,67.89,71.90,1
39.595,-2.94,3.30,2.9102,0.4570,-1.3008,11.3750,9.63,70.65,71.90,1
39.615,-3.22,3.21,2.2969,1.0170,0.0391,13.3711,9.63,67.90,72.31,1
39.628,-3.32,3.23,1.3789,1.1401,-0.8828,11.4141,9.63,67.86,74.44,1
39.645,-3.53,3.32,-1.8789,0.4869,-0.0781,7.8906,9.63,71.31,71.00,1
39.668,-3.72,3.40,0.6914,0.5182,0.7656,10.2656,9.63,69.40,72.37,1
39.679,-3.82,3.42,0.6914,0.5448,0.7656,10.2656,9.63,70.82,73.88,1
39.699,-4.03,3.47,-0.1523,0.9480,1.0742,8.9609,9.63,70.72,73.29,1
39.717,-4.28,3.54,-0.0391,0.6450,-0.3437,8.8477,9.63,71.42,75.48,1
39.736,-4.42,3.50,-0.7656,0.3394,-0.8438,10.3828,9.63,70.67,74.88,1
39.747,-4.73,3.48,0.9180,0.3044,-1.2656,8.8164,9.63,72.43,74.13,1
39.767,-5.04,3.44,1.2656,0.5062,0.8438,9.2695,9.63,73.01,75.11,1
39.785,-5.37,3.36,2.1055,0.9510,-1.1875,11.4922,9.63,73.70,75.80,1
39.798,-5.56,3.33,0.2695,0.9814,1.8398,7.9727,9.63,72.00,76.10,1
39.816,-5.96,3.29,1.5313,1.0180,-1.2266,11.4180,9.63,73.40,77.60,1
39.835,-6.39,3.30,-0.8047,0.6466,1.4180,6.1641,9.63,71.93,75.24,1
39.849,-6.60,3.29,4.4453,1.4873,-4.0234,12.9844,9.63,73.52,76.38,1
39.866,-7.03,3.31,0.6133,1.4781,-0.7656,6.5508,9.63,75.13,77.83,1
39.887,-7.48,3.30,-0.0781,1.4979,-1.2266,6.9297,9.63,73.73,76.85,1
39.907,-7.90,3.29,1.8789,1.3937,-3.5625,10.3086,9.63,74.95,77.92,1
39.917,-8.11,3.30,0.8047,1.4152,-3.1797,8.3164,9.63,74.10,78.61,1
39.936,-8.49,3.33,-0.2305,1.1592,-4.4805,6.2070,9.63,76.23,77.57,1
39.954,-8.82,3.30,-0.3047,0.6690,-3.1797,5.1719,9.63,77.24,78.79,1
39.968,-8.96,3.25,0.1914,0.5592,-4.6719,6.9727,9.63,77.81,81.47,1
39.985,-9.24,3.11,-1.1875,0.1286,-1.7227,6.1680,9.63,75.48,79.71,1
40.005,-9.47,2.97,1.4180,0.3320,-4.7500,11.9531,9.63,76.75,81.25,1
40.019,-9.58,2.95,0.3047,0.3259,-2.6797,10.9961,9.63,78.17,81.57,1
40.036,-9.74,2.91,0.6523,0.3969,-3.1797,10.5312,9.63,78.17,79.98,1
40.058,-9.87,2.81,-1.4570,-0.0548,-2.4883,7.3516,9.63,78.31,80.93,1
40.070,-9.93,2.75,-1.4570,-0.2702,-2.4883,7.3516,9.63,78.25,81.46,1
40.087,-10.04,2.65,-0.3437,-0.3901,-2.1836,9.5000,9.63,152.93,81.75,1
40.106,-10.11,2.56,0.8047,-0.2851,-2.5273,11.0742,9.63,77.65,81.95,1
40.125,-10.14,2.46,1.1094,0.1539,-2.9883,11.9531,9.63,76.98,81.23,1
40.138,-10.14,2.45,-1.1875,0.1169,-1.7227,9.7656,9.63,76.60,83.92,1
40.156,-10.13,2.42,-1.2656,-0.3451,-3.1797,7.7383,9.63,79.19,80.53,1
40.176,-10.09,2.35,0.0781,-0.3088,-1.8789,9.6914,9.63,77.42,82.35,1
40.189,-10.09,2.35,0.4961,-0.1851,-3.1016,11.6406,9.63,76.85,83.33,1
40.206,-9.94,2.26,0.4609,0.0393,-2.2617,11.3008,9.63,77.97,83.67,1
40.228,-9.78,2.27,-1.9531,0.1068,-1.7227,6.5078,9.63,77.19,82.24,1
40.246,-9.57,2.24,-0.8828,-0.3917,-2.1055,8.6602,9.63,79.57,82.32,1
40.258,-9.46,2.20,-0.9961,-0.5095,-0.0391,5.5937,9.63,79.73,82.01,1
40.277,-9.21,2.06,0.9570,-0.4912,-0.4609,11.9531,9.63,77.76,84.40,1
40.296,-8.95,1.97,1.3789,0.0959,0.2695,12.1836,9.63,77.28,83.65,1
40.308,-8.84,1.96,1.0742,0.2686,1.4570,10.6875,9.63,79.09,84.27,1
40.329,-8.62,1.92,0.1523,0.3392,1.5313,8.2734,9.63,77.72,83.53,1
40.345,-8.41,1.81,0.6133,0.3775,1.6484,10.4570,12.65,77.10,82.24,1
40.359,-8.31,1.78,1.1875,0.4597,1.3789,10.6094,12.65,77.49,83.58,1
40.376,-8.15,1.69,1.8008,0.8435,-1.2656,13.4453,12.65,76.50,81.79,1
40.398,-8.00,1.62,-0.3437,0.6396,-0.8828,9.5820,12.65,76.42,79.88,1
40.417,-7.83,1.56,-1.4570,0.2717,-1.2656,6.5508,12.65,77.78,79.33,1
40.429,-7.74,1.51,-1.4570,-0.1109,-0.2305,6.6250,12.65,76.73,81.12,1
40.447,-7.55,1.37,-0.1133,-0.3852,-0.9570,7.9727,12.65,79.45,79.50,1
40.465,-7.47,1.28,0.8438,-0.1611,-0.8828,9.6914,12.65,78.09,83.26,1
40.478,-7.27,1.11,1.6484,0.1257,-0.9180,11.9180,12.65,75.23,82.50,1
40.497,-7.05,1.03,0.3828,0.4563,-0.5742,10.1523,12.65,78.33,80.08,1
40.515,-6.85,0.98,-0.8047,0.1684,1.1484,7.0898,12.65,77.80,79.06,1
40.529,-6.74,0.92,0.1133,0.0924,-1.4570,10.1094,12.65,78.63,81.67,1
40.546,-6.57,0.83,0.9961,0.2949,1.4922,7.5508,12.65,78.51,82.59,1
40.565,-6.39,0.73,0.3437,0.3494,0.2305,9.1562,12.65,78.17,81.28,1
40.580,-6.32,0.75,2.2617,0.7726,1.3789,12.8711,12.65,76.79,83.06,1
40.597,-6.20,0.74,0.3828,0.7791,2.0703,9.0430,12.65,78.83,81.59,1
40.617,-6.10,0.72,-0.4219,0.4154,-1.2266,7.7773,12.65,79.97,80.80,1
40.636,-6.03,0.71,-0.6523,0.1595,0.0781,7.2734,12.65,77.88,83.05,1
40.649,-5.98,0.68,1.4570,0.1486,-1.5703,12.0273,12.65,79.76,80.66,1
40.667,-5.91,0.67,0.4219,0.4369,0.2305,9.9648,12.65,77.39,83.02,1
40.685,-5.84,0.62,0.7656,0.5078,0.5352,10.3828,12.65,79.10,80.67,1
40.699,-5.81,0.61,-0.9180,0.4127,-1.4180,8.3125,12.65,79.37,84.17,1
40.717,-5.75,0.56,-1.6484,-0.2026,-0.7266,5.7812,12.65,80.91,81.25,1
40.736,-5.71,0.42,-0.9961,-0.4683,-0.5742,7.8945,12.65,78.59,83.70,1
40.750,-5.71,0.42,0.3437,-0.3435,-0.4219,10.6523,12.65,78.28,85.12,1
40.767,-5.67,0.19,-0.6133,-0.3604,0.8047,8.3906,12.65,79.61,84.06,1
40.787,-5.69,0.09,-1.2266,0.0117,1.2656,7.9336,12.65,78.33,84.10,1
40.807,-5.72,-0.03,0.8828,-0.1707,-0.1523,11.2187,12.65,79.67,81.65,1
40.819,-5.75,-0.08,0.1523,0.0040,-1.0742,8.7344,12.65,79.67,81.65,1
40.836,-5.83,-0.19,0.1523,0.0461,-0.4609,8.1953,12.65,79.67,84.20,1
40.855,-5.90,-0.34,1.8008,0.4471,-1.4570,12.2617,12.65,79.11,84.02,1
40.869,-5.94,-0.34,0.8047,0.5754,-0.3437,10.6523,12.65,80.00,85.53,1
40.886,-6.00,-0.34,1.3008,0.7166,-1.1875,9.9258,12.65,77.60,83.34,1
40.905,-6.11,-0.31,0.7266,0.7552,-3.1797,9.5039,12.65,80.94,81.67,1
40.929,-6.17,-0.37,-0.8438,-0.0176,-2.9102,8.5000,12.65,79.92,81.65,1
40.937,-6.20,-0.38,-0.8438,-0.1445,-2.9102,8.5000,12.65,78.63,83.63,1
40.959,-6.26,-0.38,0.5352,-0.5454,-0.3828,9.5039,12.65,80.05,83.06,1
40.977,-6.35,-0.48,-1.2656,-0.3830,-0.4219,7.8164,12.65,80.74,83.47,1
40.988,-6.39,-0.58,-0.2695,-0.4986,-1.3398,7.2070,12.65,80.32,85.08,1
41.006,-6.47,-0.82,0.5352,-0.3693,-0.5352,10.3867,12.65,82.01,83.17,1
41.025,-6.54,-1.04,1.3398,0.1171,-1.3789,12.1445,12.65,80.74,85.73,1
41.039,-6.59,-1.09,0.3437,0.2253,-0.1523,10.8750,12.65,81.77,83.54,1
41.056,-6.69,-1.16,0.6914,0.2867,-0.1133,10.6133,12.65,81.77,85.51,1
41.075,-6.81,-1.24,0.1914,0.3140,-0.4219,9.1953,12.65,80.90,83.96,1
41.090,-6.87,-1.26,0.4219,0.3136,-1.7227,7.7383,12.65,80.02,82.92,1
41.107,-7.01,-1.33,0.6914,0.4102,-0.6523,11.8398,12.65,78.83,86.60,1
41.125,-7.14,-1.30,1.8789,0.7527,-2.8359,12.4492,12.65,79.82,83.30,1
41.146,-7.25,-1.26,-0.3437,0.3188,-1.0352,9.5039,12.65,80.19,83.02,1
41.165,-7.39,-1.19,-1.7617,-0.2209,-0.9961,7.1289,12.65,78.80,81.41,1
41.176,-7.46,-1.19,-0.0781,-0.3229,-1.8398,8.9219,12.65,81.52,83.35,1
41.196,-7.60,-1.18,-0.3437,-0.2982,-1.8789,9.2656,12.65,81.02,84.25,1
41.209,-7.65,-1.19,0.7656,-0.2195,-2.1445,10.6094,12.65,81.02,85.62,1
41.226,-7.76,-1.22,-0.7656,-0.0626,-1.3008,8.3516,12.65,81.48,84.96,1
41.245,-7.87,-1.21,-3.4453,-0.8954,-2.4141,3.1797,12.65,81.54,84.62,1
41.265,-7.96,-1.32,-1.7227,-1.2373,-2.1445,5.3594,12.65,81.21,84.10,1
41.277,-8.01,-1.38,0.2695,-0.9038,-3.1016,8.1562,12.65,79.33,84.72,1
41.296,-8.05,-1.51,2.5273,-0.0714,-2.3750,13.8711,12.65,80.78,85.73,1
41.317,-8.09,-1.54,0.9570,0.5595,-2.3359,11.1875,12.65,78.46,83.70,1
41.328,-8.10,-1.55,0.9570,0.6206,-2.3359,11.1875,12.65,79.36,81.36,1
41.349,-8.14,-1.56,0.8438,0.6361,-2.2617,9.6094,12.52,81.49,83.97,1
41.366,-8.17,-1.57,0.3437,0.6550,-0.3828,9.8047,12.52,79.76,85.75,1
41.379,-8.19,-1.54,0.4219,0.5924,-0.8047,10.8008,12.52,80.03,83.88,1
41.397,-8.21,-1.42,0.2695,0.5318,-1.3008,10.3437,12.52,79.54,85.29,1
41.415,-8.22,-1.33,0.3437,0.4588,0.0391,9.2656,12.52,79.26,84.12,1
41.430,-8.23,-1.29,-1.3008,0.3096,-0.9180,6.9336,12.52,79.55,82.88,1
41.447,-8.28,-1.23,-0.0391,0.0398,-0.5352,8.7773,12.52,81.27,83.22,1
41.466,-8.32,-1.19,-1.6094,-0.3301,-0.4219,6.0469,12.52,79.31,84.55,1
41.488,-8.37,-1.20,0.2305,-0.1572,-1.3008,9.8047,12.52,78.66,85.64,1
41.498,-8.40,-1.20,0.2305,-0.0977,-1.3008,9.8047,12.52,80.95,83.86,1
41.519,-8.45,-1.18,-0.2305,-0.0465,-0.5742,9.2656,12.52,79.52,83.78,1
41.537,-8.52,-1.13,1.1484,0.0116,-2.3750,9.6914,12.52,81.10,86.41,1
41.549,-8.54,-1.10,1.4180,0.2848,-0.4961,10.6914,12.52,81.64,83.32,1
41.566,-8.56,-1.11,1.3398,0.5999,-2.5664,13.0625,12.52,79.97,86.17,1
41.586,-8.56,-1.02,-1.1484,0.3015,-1.4570,8.2734,12.52,79.76,86.28,1
41.600,-8.55,-0.98,-0.1133,0.1616,-0.7656,8.9258,12.52,79.66,85.84,1
41.617,-8.54,-0.88,-2.0703,-0.3652,-0.0391,6.5898,12.52,79.66,85.04,1
41.636,-8.52,-0.81,-0.4219,-0.5817,-2.0312,6.2461,12.52,80.89,84.60,1
41.659,-8.50,-0.80,-0.7266,-0.6136,-1.1875,8.8867,12.52,79.73,87.52,1
41.668,-8.49,-0.80,-0.7266,-0.6310,-1.1875,8.8867,12.52,80.59,84.55,1
41.688,-8.45,-0.83,-0.9180,-0.8976,1.1094,10.9570,12.52,80.19,84.55,1
41.707,-8.44,-0.79,0.1523,-0.8177,-0.8438,10.0742,12.52,79.51,85.51,1
41.720,-8.44,-0.76,0.8047,-0.5509,-0.6133,10.8398,12.52,81.76,83.86,1
41.737,-8.43,-0.71,-0.7656,-0.2920,-0.9570,7.7383,12.52,80.22,83.61,1
41.755,-8.43,-0.71,0.8828,-0.1732,-2.1055,10.4531,12.52,79.43,85.29,1
41.770,-8.40,-0.72,-0.3047,-0.0345,-1.0742,8.8867,12.52,81.85,85.48,1
41.787,-8.35,-0.71,0.2305,-0.0683,-0.7266,8.4609,12.52,81.40,85.88,1
41.805,-8.30,-0.68,-0.9570,-0.2292,-0.4609,7.2070,12.52,81.95,84.46,1
41.828,-8.27,-0.72,1.4922,-0.3283,-2.0312,11.3359,12.52,82.16,85.48,1
41.838,-8.24,-0.73,1.4922,-0.0487,-2.0312,11.3359,12.52,81.14,87.96,1
41.855,-8.21,-0.75,0.3828,0.1428,-0.8438,9.7656,12.52,80.93,84.57,1
41.876,-8.14,-0.76,-0.0781,0.4976,-0.5352,8.2773,12.52,81.35,85.35,1
41.895,-8.11,-0.73,-0.6914,0.2401,-1.8398,7.8125,12.52,82.55,85.25,1
41.907,-8.03,-0.69,0.0391,0.1555,-1.2656,9.8086,12.52,80.48,83.02,1
41.926,-7.94,-0.67,-0.4961,0.0796,-1.8789,7.9297,12.52,79.96,85.68,1
41.945,-7.83,-0.70,1.0352,0.2222,-1.2656,12.2969,12.52,81.19,83.79,1
41.957,-7.78,-0.67,-0.1523,0.2521,-0.6133,8.6602,12.52,80.97,87.15,1
41.975,-7.67,-0.65,-2.6797,-0.4451,-0.6133,3.6406,12.52,81.73,84.32,1
41.999,-7.54,-0.69,-0.5742,-0.2121,0.8438,8.3906,12.52,83.15,85.87,1
42.008,-7.49,-0.70,-0.5742,-0.2677,0.8438,8.3906,12.52,81.54,85.38,1
42.025,-7.36,-0.77,2.3359,0.2894,-1.5703,14.2891,12.52,79.91,87.50,1
42.048,-7.25,-0.76,-1.0352,-0.2075,0.8047,8.1172,12.52,82.43,85.87,1
42.059,-7.20,-0.74,-1.0352,-0.3346,0.8047,8.1172,12.52,82.88,84.38,1
42.078,-7.11,-0.70,-2.4141,-0.4499,-0.4961,5.5547,12.52,82.15,86.21,1
42.097,-7.00,-0.73,1.6836,-0.6792,-0.9961,13.4062,12.52,82.56,86.88,1
42.110,-6.95,-0.73,0.1914,-0.2756,-0.4609,10.7969,12.52,82.60,86.55,1
42.127,-6.85,-0.73,-1.3398,-0.2657,1.0352,7.2344,12.52,81.86,85.35,1
42.145,-6.75,-0.78,-0.8438,-0.5221,0.1523,9.5820,12.52,81.55,86.87,1
42.165,-6.69,-0.82,-1.3398,-0.7231,-0.1523,7.1289,12.52,83.99,86.81,1
42.178,-6.65,-0.87,1.0742,-0.3253,-0.6133,10.6875,12.52,83.45,85.38,1
42.196,-6.59,-0.92,1.1875,0.0967,-1.1875,12.6016,12.52,81.70,87.99,1
42.218,-6.54,-0.91,0.1523,-0.0589,-0.7656,9.5000,12.52,82.98,86.66,1
42.229,-6.52,-0.92,0.1523,-0.0264,-0.7656,9.5000,12.52,83.06,87.83,1
42.247,-6.48,-0.97,0.6914,-0.2572,-1.7227,8.3555,12.52,83.73,86.27,1
42.267,-6.43,-1.07,0.7266,0.0147,-0.7266,9.1211,12.52,82.82,87.70,1
42.285,-6.38,-1.16,1.3398,0.3931,-0.7266,10.9922,12.52,84.10,88.78,1
42.298,-6.35,-1.17,-0.3047,0.4069,-1.8398,9.7695,12.52,83.97,87.74,1
42.316,-6.30,-1.15,0.2695,0.2914,-1.3008,9.3828,12.52,81.97,85.46,1
42.335,-6.24,-1.10,0.4609,0.3276,-1.4570,9.8047,12.52,82.68,86.08,1
42.348,-6.24,-1.10,-0.1914,0.2479,-1.3789,7.3125,12.52,82.68,87.17,1
42.366,-6.11,-1.15,0.1523,0.1994,-1.2656,9.9609,13.22,80.88,86.15,1
42.387,-6.00,-1.17,-0.9961,0.2322,-0.3047,8.3555,13.22,81.82,85.00,1
42.399,-5.93,-1.13,-0.9961,0.0436,-0.3047,8.3555,13.22,81.87,86.20,1
42.416,-5.82,-1.10,-0.6914,-0.1839,-0.6133,9.6133,13.22,81.11,85.14,1
42.436,-5.70,-1.06,-0.6133,-0.2905,-0.3828,8.2383,13.22,81.02,84.64,1
42.450,-5.64,-1.09,0.9570,-0.2363,-1.4180,12.1016,13.22,82.81,87.04,1
42.467,-5.53,-1.09,0.4219,0.0593,0.7266,10.5352,13.22,79.94,88.25,1
42.488,-5.41,-1.10,1.3789,0.3947,-0.0781,11.7187,13.22,82.48,84.57,1
42.505,-5.30,-1.03,-1.1875,0.1623,0.0391,8.9648,13.22,82.26,86.39,1
42.518,-5.25,-1.01,0.4219,0.0837,-1.4570,8.6992,13.22,82.82,84.70,1
42.536,-5.14,-0.96,0.9961,0.3261,0.0000,11.8008,13.22,81.11,87.46,1
42.559,-5.02,-0.86,-1.3008,0.2149,-0.4219,8.2773,13.22,82.49,86.36,1
42.569,-4.96,-0.83,-1.3008,-0.0179,-0.4219,8.2773,13.22,82.79,84.84,1
42.586,-4.84,-0.74,-0.3828,-0.1786,0.0391,9.6094,13.22,80.97,85.06,1
42.607,-4.74,-0.62,1.5313,-0.2551,-1.1875,9.5000,13.22,83.70,85.65,1
42.625,-4.69,-0.55,-0.8438,-0.1133,-0.2695,6.8906,13.22,83.63,85.81,1
42.638,-4.59,-0.50,1.2656,-0.1062,-1.5703,10.9570,13.22,81.17,87.06,1
42.656,-4.48,-0.44,-0.9570,0.1050,-0.9180,7.7734,13.22,82.37,87.28,1
42.675,-4.39,-0.38,-1.4570,-0.3677,0.3437,6.8555,13.22,83.77,86.13,1
42.688,-4.34,-0.39,-0.7656,-0.4797,-0.0781,8.3164,13.22,84.70,85.34,1
42.705,-4.27,-0.40,-0.5742,-0.5348,0.4609,7.2773,13.22,82.22,87.58,1
42.725,-4.23,-0.42,1.7617,-0.0290,1.1484,12.6406,13.22,83.26,88.31,1
42.739,-4.21,-0.38,0.0000,-0.0226,0.2305,9.7266,13.22,83.85,87.54,1
42.756,-4.19,-0.36,0.3828,0.0685,0.9961,10.1484,13.22,81.92,86.38,1
42.778,-4.19,-0.37,0.3828,-0.1240,-0.6523,9.9648,13.22,83.31,85.66,1
42.790,-4.21,-0.38,0.3828,-0.0461,-0.6523,9.9648,13.22,83.33,87.80,1
42.808,-4.27,-0.40,-0.2305,-0.0738,-1.3789,9.1992,13.22,82.86,87.23,1
42.827,-4.35,-0.39,0.2305,-0.0814,0.4961,10.0703,13.22,82.49,86.81,1
42.846,-4.45,-0.35,0.8047,0.1520,-0.5742,10.3047,13.22,84.12,87.30,1
42.858,-4.50,-0.30,-0.3828,0.1573,-1.2266,8.3945,13.22,84.74,88.11,1
42.876,-4.59,-0.26,-0.1523,0.0242,-1.8008,7.6953,13.22,82.86,86.57,1
42.896,-4.66,-0.31,-1.3398,-0.2887,-3.0273,6.4687,13.22,82.60,88.02,1
42.909,-4.66,-0.31,0.1914,-0.2150,-2.1836,10.0312,13.22,83.69,87.60,1
42.926,-4.75,-0.44,-0.8828,-0.3142,-2.0312,8.8164,13.22,83.06,89.31,1
42.949,-4.80,-0.50,-1.1094,-0.6661,-2.6445,9.1953,13.22,82.58,89.23,1
42.960,-4.82,-0.52,-1.1094,-0.7342,-2.6445,9.1953,13.22,85.32,87.61,1
42.979,-4.82,-0.63,1.1875,-0.8350,-2.8359,12.0664,13.22,82.93,89.88,1
42.998,-4.77,-0.76,0.0781,-0.3502,-4.0625,9.1992,13.22,82.65,89.78,1
43.017,-4.69,-0.87,0.4961,-0.1117,-2.1836,10.7969,13.22,82.45,88.68,1
43.028,-4.64,-0.90,-0.0391,-0.0611,-2.1055,9.8867,13.22,84.85,88.43,1
43.046,-4.58,-0.94,0.3437,0.0039,-1.7617,9.8867,13.22,83.75,89.08,1
43.065,-4.37,-1.01,1.9141,0.4478,-1.3789,13.2109,13.22,83.29,89.25,1
43.079,-4.28,-1.00,-0.1523,0.5077,-2.1836,10.1523,13.22,84.62,88.39,1
43.096,-4.08,-1.01,-0.3828,0.2317,-0.4961,9.5430,13.22,85.04,87.37,1
43.119,-3.89,-0.98,-4.7930,-0.6742,0.1133,3.7930,13.22,83.37,84.39,1
43.130,-3.79,-1.06,-4.7930,-1.3068,0.1133,3.7930,13.22,84.72,84.25,1
43.147,-3.59,-1.33,-3.5625,-2.0232,0.4219,8.3516,13.22,85.49,88.48,1
43.167,-3.42,-1.72,-0.3437,-2.6299,0.3828,14.2148,13.22,83.82,90.36,1
43.186,-3.34,-1.90,-1.9141,-2.2227,0.9961,7.7773,13.22,83.95,91.27,1
43.198,-3.20,-2.26,-2.1055,-2.1906,0.4219,6.8516,13.22,85.61,89.63,1
43.216,-3.08,-2.73,2.7969,-1.7743,0.2695,14.8242,13.22,85.03,88.99,1
43.235,-2.97,-3.12,1.6094,-0.4787,0.7656,11.3750,13.22,84.22,89.66,1
43.249,-2.93,-3.27,5.1719,0.1270,0.2305,15.8984,13.22,81.69,88.74,1
43.266,-2.85,-3.37,3.2930,1.4311,-0.0391,12.9492,13.22,83.62,89.01,1
43.285,-2.78,-3.31,5.3633,2.4173,-1.2656,13.1406,13.22,80.60,86.62,1
43.300,-2.74,-3.21,4.7109,2.9249,-1.0352,12.0625,13.22,81.35,84.17,1
43.317,-2.63,-2.87,4.1758,3.3130,-1.6484,8.7734,13.22,79.76,84.22,1
43.337,-2.50,-2.39,4.6367,3.6805,-1.7617,10.8789,13.22,78.36,84.54,1
43.357,-2.35,-1.69,5.6680,4.0342,-2.0703,12.4453,14.39,76.59,82.47,1
43.368,-2.27,-1.23,1.8398,4.0895,-0.6914,4.1367,14.39,77.23,82.47,1
43.386,-2.11,-0.37,-5.6328,2.8537,-1.0742,-8.4609,14.39,76.33,77.52,1
43.406,-1.90,-0.02,-4.5547,0.1991,-0.6523,1.2656,14.39,78.76,63.65,1
43.419,-1.80,0.13,1.1094,-0.0780,-2.2617,20.9570,14.39,78.07,84.97,1
43.436,-1.62,0.72,-5.5547,-1.1480,1.9141,4.5195,14.39,75.06,85.66,1
43.456,-1.46,0.98,-4.5977,-2.1860,2.1445,5.7070,14.39,78.70,83.90,1
43.470,-1.40,1.09,-7.6289,-3.3906,-0.5352,-1.3398,14.39,77.88,84.18,1
43.489,-1.24,0.86,-7.4687,-4.8001,1.1094,4.8633,14.39,76.18,83.22,1
43.508,-1.11,0.72,1.8008,-3.0499,1.3008,20.1914,14.39,74.78,90.86,1
43.526,-1.03,0.73,2.2227,-1.6405,2.5664,19.5313,14.39,79.37,82.79,1
43.539,-1.01,0.81,-2.9102,-1.1962,-0.5742,12.4453,14.39,79.92,82.75,1
43.558,-1.00,0.97,-0.7656,-1.5107,3.2930,11.6836,14.39,81.47,83.89,1
43.576,-1.04,1.17,2.4141,-0.5530,0.0781,16.3203,14.39,82.24,86.35,1
43.589,-1.08,1.33,-1.6094,-0.4191,-0.9570,5.6367,14.39,80.46,84.37,1
43.606,-1.12,1.43,-6.0859,-1.4443,2.8359,-1.5703,14.39,81.23,86.27,1
43.625,-1.28,1.51,0.9180,-1.2106,-2.5273,9.6875,14.39,82.86,88.80,1
43.640,-1.34,1.51,0.9180,-0.8837,-2.5273,9.6875,14.39,87.03,89.38,1
43.657,-1.51,1.36,-0.8828,-0.6680,0.2305,3.2930,14.39,85.31,89.70,1
43.679,-1.72,1.08,-3.0664,-1.5562,1.3398,-3.7891,14.39,90.51,91.57,1
43.697,-1.92,0.53,1.8398,-1.5920,-2.6797,4.2500,14.39,92.58,94.62,1
43.709,-2.03,0.26,-0.9180,-1.0531,-1.0742,-0.7656,14.39,93.96,96.94,1
43.727,-2.24,-0.34,-0.0391,-0.9445,0.7656,-1.0313,14.39,95.61,93.85,1
43.746,-2.45,-1.14,2.5664,-0.0592,-4.0625,6.3594,14.39,90.91,96.84,1
43.759,-2.54,-1.56,12.4102,1.1316,0.3828,25.0586,14.39,84.96,93.25,1
43.777,-2.76,-1.93,12.5664,5.0113,-2.8711,28.0391,14.39,79.54,91.78,1
43.795,-2.96,-1.83,6.4375,6.2305,-3.7930,20.5352,14.39,84.15,86.69,1
43.810,-3.02,-1.70,2.8711,5.9770,-2.6445,13.5625,14.39,86.47,82.47,1
43.827,-3.14,-1.43,0.1133,4.3078,-5.1328,12.2578,14.39,87.81,85.20,1
43.849,-3.21,-1.11,-5.2109,2.3509,-2.5664,4.0234,14.39,83.49,87.76,1
43.867,-3.22,-1.02,-2.9102,0.3904,-2.4883,8.5430,14.39,82.00,90.69,1
43.878,-3.23,-0.87,-2.9102,-0.1166,-2.4883,8.5430,14.39,84.31,86.95,1
43.898,-3.21,-0.82,-2.4141,-1.1038,-2.9102,11.8750,14.39,83.77,88.33,1
43.918,-3.20,-0.80,-3.4492,-1.6344,-0.9180,8.6602,14.39,83.23,91.19,1
43.929,-3.17,-0.91,-4.0625,-2.0851,-1.1875,5.4414,14.39,84.09,92.22,1
43.947,-3.13,-1.06,-2.6445,-2.5325,1.0352,7.3516,14.39,86.34,91.03,1
43.965,-3.12,-1.24,-2.6055,-2.5620,2.2969,7.3164,14.39,83.44,90.92,1
43.980,-3.13,-1.36,1.3398,-2.2531,1.0352,11.5742,14.39,83.72,92.38,1
43.998,-3.16,-1.55,1.4570,-1.0023,1.7617,11.9141,14.39,85.36,91.46,1
44.016,-3.24,-1.68,2.7578,-0.0169,0.8828,12.9062,14.39,84.45,90.18,1
44.037,-3.34,-1.61,3.0273,1.3104,-0.9570,15.2461,14.39,82.54,88.92,1
44.048,-3.40,-1.52,3.0273,1.5741,-0.9570,15.2461,14.39,83.22,85.68,1
44.067,-3.50,-1.28,-2.6055,0.9289,-2.2227,5.2852,14.39,84.95,86.34,1
44.086,-3.56,-1.14,-1.3008,0.0309,-2.1055,7.3516,14.39,86.10,84.60,1
44.099,-3.60,-1.08,-2.0312,-0.3222,-0.8438,5.2148,14.39,86.10,85.98,1
44.117,-3.64,-1.07,-0.9180,-0.7179,-1.1484,8.1992,14.39,85.27,88.11,1
44.136,-3.68,-1.07,-0.5352,-0.7014,-0.8828,9.8867,14.39,83.64,87.86,1
44.150,-3.70,-1.05,1.1484,-0.5411,-0.8438,12.9844,14.39,83.48,86.20,1
44.167,-3.73,-1.00,-0.1133,-0.2444,-0.8828,10.4922,14.39,83.72,85.36,1
44.185,-3.76,-0.90,2.5664,0.3859,-1.2656,13.4492,14.39,84.35,87.50,1
44.208,-3.80,-0.80,1.0352,0.3413,0.0000,9.9648,14.39,84.38,87.79,1
44.218,-3.82,-0.76,1.0352,0.4479,0.0000,9.9648,14.39,82.28,86.32,1
44.239,-3.87,-0.75,-0.9180,-0.0856,0.7656,6.2422,14.39,84.98,88.73,1
44.258,-3.94,-0.76,0.2695,-0.2267,-0.9570,9.5039,14.39,84.77,88.40,1
44.269,-3.98,-0.74,-0.4609,-0.1753,-0.8047,5.9414,14.39,84.68,88.63,1
44.287,-4.07,-0.74,1.9531,-0.0632,-0.7656,12.1836,14.39,84.50,88.35,1
44.307,-4.17,-0.68,0.0781,0.2093,-1.0742,9.6133,14.39,83.50,87.94,1
44.320,-4.20,-0.65,1.0352,0.2657,0.4219,10.3086,14.39,84.76,89.31,1
44.337,-4.30,-0.60,-1.3008,0.0110,-0.4609,7.8945,14.39,83.14,89.73,1
44.356,-4.39,-0.61,0.1133,-0.1232,-2.1836,8.6172,14.41,85.57,87.18,1
44.379,-4.49,-0.66,-0.7656,-0.5416,-1.6484,7.9297,14.41,86.04,88.18,1
44.388,-4.54,-0.70,-0.7656,-0.5760,-1.6484,7.9297,14.41,83.42,90.73,1
44.408,-4.66,-0.73,0.0781,-0.7529,-0.5742,9.3828,14.41,83.79,89.84,1
44.427,-4.77,-0.80,1.5703,-0.3978,-1.0742,11.9180,14.41,84.95,89.24,1
44.446,-4.89,-0.85,0.7656,0.0951,-1.0742,9.1211,14.41,85.09,88.61,1
44.458,-4.96,-0.89,1.9531,0.2931,-1.4180,11.7617,14.41,83.98,89.81,1
44.477,-5.07,-0.91,0.6523,0.5711,-1.3789,10.1484,14.41,84.21,89.99,1
44.490,-5.12,-0.94,0.7266,0.5895,-1.9141,11.9180,14.41,84.78,87.68,1
44.507,-5.19,-0.94,0.2305,0.5887,-1.6836,11.2187,14.41,82.88,89.13,1
44.526,-5.28,-0.89,-0.6523,0.2712,-2.1836,7.6953,14.41,84.41,88.44,1
44.549,-5.33,-0.86,-0.1133,0.0544,-2.8359,10.0352,14.41,85.03,90.63,1
44.558,-5.35,-0.83,-0.1133,0.0286,-2.8359,10.0352,14.41,84.47,87.46,1
44.576,-5.37,-0.76,-2.2227,-0.4785,-2.1445,7.1250,14.41,84.07,87.54,1
44.598,-5.37,-0.74,-0.2305,-0.4632,-1.4922,10.5312,14.41,83.28,88.61,1
44.609,-5.36,-0.75,-0.2305,-0.4275,-1.4922,10.5312,14.41,85.26,88.39,1
44.628,-5.35,-0.73,-1.0352,-0.2575,-1.0742,8.8164,14.41,83.34,86.91,1
44.647,-5.32,-0.73,0.4961,-0.3555,-1.3398,10.2656,14.41,82.82,86.96,1
44.660,-5.30,-0.72,1.4922,-0.0874,-1.4180,11.6055,14.41,85.30,89.63,1
44.677,-5.24,-0.64,-0.3047,0.2169,-1.1484,8.0078,14.41,83.19,87.86,1
44.696,-5.16,-0.58,1.1875,0.3693,-1.2656,9.6523,14.41,84.08,86.90,1
44.716,-5.05,-0.48,1.3398,0.6351,-1.3008,9.8437,14.41,82.39,87.18,1
44.728,-4.99,-0.43,0.3047,0.5619,-1.4570,10.5703,14.41,83.22,88.10,1
44.745,-4.85,-0.34,0.1914,0.4639,-0.3828,10.5352,14.41,82.14,87.49,1
44.767,-4.69,-0.23,0.0391,0.5188,0.6914,9.3828,14.41,82.24,85.77,1
44.779,-4.62,-0.18,0.0391,0.4451,0.6914,9.3828,14.41,84.98,85.86,1
44.798,-4.49,-0.02,-1.9141,-0.0213,0.8438,4.4805,14.41,83.35,87.72,1
44.818,-4.37,-0.00,-0.0391,-0.4081,-0.2695,9.2656,14.41,83.33,90.23,1
44.830,-4.31,-0.01,0.2695,-0.3018,-0.6133,10.6484,14.41,83.21,88.89,1
44.847,-4.16,0.01,1.7227,-0.0235,0.3047,11.5352,14.41,84.51,90.03,1
44.865,-4.04,0.04,-2.8711,-0.4448,-0.3047,4.9766,14.41,83.07,89.11,1
44.886,-3.89,-0.02,0.0391,-0.4889,-0.3828,8.0078,14.41,83.42,89.81,1
44.898,-3.81,-0.07,-0.2695,-0.4403,0.8828,7.9297,14.41,84.72,89.49,1
44.916,-3.67,-0.16,-0.3828,-0.4170,-0.5742,10.7969,14.41,82.74,89.02,1
44.939,-3.51,-0.18,-1.1094,-0.4475,0.7266,7.8125,14.41,83.91,90.62,1
44.949,-3.43,-0.22,-1.1094,-0.5492,0.7266,7.8125,14.41,85.54,88.97,1
44.968,-3.27,-0.31,0.9180,-0.1024,0.9570,10.0039,14.41,86.09,89.55,1
44.987,-3.09,-0.44,2.1836,0.2883,-0.8828,13.3281,14.41,84.10,89.58,1
45.000,-3.01,-0.46,0.3828,0.5637,0.5352,10.7656,14.41,84.45,91.47,1
45.018,-2.85,-0.44,-2.1445,0.3102,1.1094,4.7109,14.41,86.51,89.45,1
45.036,-2.69,-0.52,-1.1875,-0.3149,0.4609,6.4023,14.41,87.54,87.97,1
45.051,-2.63,-0.56,-2.0703,-0.5195,0.3047,3.3711,14.41,86.92,88.03,1
45.068,-2.56,-0.61,0.2305,-0.6059,0.5352,8.7344,14.41,84.58,90.41,1
45.085,-2.40,-0.80,2.5273,0.1875,0.9180,14.5937,14.41,86.48,91.15,1
45.108,-2.34,-0.83,1.2656,1.1420,1.6094,11.8008,14.41,87.00,89.57,1
45.119,-2.32,-0.81,1.2656,1.1610,1.6094,11.8008,14.41,89.73,89.35,1
45.136,-2.31,-0.82,2.6055,1.4872,-0.6133,5.8633,14.41,88.13,91.47,1
45.157,-2.29,-0.86,3.4102,2.6126,-1.1484,14.5547,14.41,85.73,95.19,1
45.171,-2.31,-0.78,0.0000,2.5163,0.6914,9.0391,14.41,83.34,91.07,1
45.187,-2.34,-0.59,-1.2656,1.7014,-0.2695,6.1250,14.41,86.01,88.65,1
45.208,-2.39,-0.52,-1.8789,0.5542,-1.3789,4.2500,14.41,88.14,88.31,1
45.226,-2.44,-0.58,-0.1914,0.0982,1.3789,7.8945,14.41,88.39,91.22,1
45.238,-2.48,-0.62,2.6055,0.2774,-1.9141,12.7227,14.41,84.93,95.49,1
45.256,-2.59,-0.52,0.2305,0.5455,1.6836,11.1914,14.41,87.36,91.83,1
45.276,-2.73,-0.42,3.0273,1.0751,0.0391,12.1406,14.41,87.15,91.30,1
45.289,-2.81,-0.38,0.1523,0.8709,-1.8398,10.2305,14.41,90.69,90.63,1
45.306,-2.97,-0.32,1.4570,0.9559,1.6836,8.2734,14.41,86.91,93.88,1
45.327,-3.16,-0.17,-0.6914,1.3839,-1.7617,9.2266,14.41,85.80,95.47,1
45.347,-3.24,-0.08,0.4609,0.9724,0.0000,9.6914,14.41,89.35,92.57,1
45.360,-3.42,0.12,-1.6836,0.6876,-2.4531,5.8633,14.48,88.86,92.69,1
45.377,-3.62,0.33,0.9180,0.2232,-0.9961,7.6562,14.48,91.01,93.16,1
45.395,-3.82,0.44,0.3437,0.3330,-0.1133,7.6562,14.48,89.85,94.26,1
45.408,-3.93,0.45,2.2617,0.4881,-1.8008,12.2617,14.48,90.01,97.02,1
45.425,-4.15,0.48,1.4180,0.9060,0.0391,10.3477,14.48,93.11,93.14,1
45.445,-4.40,0.61,1.3398,1.0339,-1.6836,9.6875,14.48,95.90,95.68,1
45.459,-4.54,0.68,1.1875,1.0679,-2.6055,5.0586,14.48,93.10,94.64,1
45.477,-4.78,0.68,1.2266,1.1105,0.0781,6.1289,14.48,91.39,98.85,1
45.499,-5.02,0.74,-0.0391,1.1283,-0.3047,7.7383,14.48,92.02,99.20,1
45.510,-5.13,0.71,-0.0391,0.9490,-0.3047,7.7383,14.48,93.08,96.51,1
45.529,-5.38,0.81,3.0664,1.3831,-3.8672,11.3750,14.48,93.01,97.30,1
45.548,-5.63,1.03,-0.9180,1.5418,0.2305,3.5625,14.48,93.78,94.58,1
45.566,-5.86,1.12,2.1445,1.3810,-3.0664,12.1055,14.48,91.63,99.22,1
45.578,-5.97,1.17,-0.3437,1.2992,-0.9570,7.6562,14.48,93.05,99.54,1
45.596,-6.19,1.21,3.0273,1.4851,-0.6914,12.2187,14.48,95.67,99.21,1
45.617,-6.40,1.33,0.3047,1.3200,-3.4844,5.5156,14.48,96.79,98.35,1
45.629,-6.40,1.33,-0.7656,0.9996,0.8438,5.5547,14.48,95.39,102.99,1
45.646,-6.70,1.35,1.5703,0.9148,-4.1758,12.8711,14.48,94.92,100.26,1
45.669,-6.89,1.43,1.1094,0.5629,0.9180,11.5703,14.48,97.46,99.30,1
45.680,-6.99,1.47,1.1094,0.6469,0.9180,11.5703,14.48,98.47,102.07,1
45.699,-7.18,1.51,0.8828,0.8962,0.9570,9.3867,14.48,96.48,101.82,1
45.718,-7.35,1.48,1.0742,0.9077,-2.8359,11.9531,14.48,95.24,104.31,1
45.736,-7.54,1.49,0.2305,0.7777,-1.8398,8.3555,14.48,97.08,102.21,1
45.748,-7.63,1.53,-0.6523,0.6231,-0.5742,8.5391,14.48,99.55,103.39,1
45.767,-7.72,1.56,0.6133,0.4557,-1.1094,5.0547,14.48,101.97,101.97,1
45.786,-7.96,1.38,0.5352,0.4831,0.3828,10.0312,14.48,100.68,105.22,1
45.799,-8.04,1.33,-1.8398,0.3011,-2.8711,9.2266,14.48,102.27,104.85,1
45.817,-8.19,1.28,-0.0391,-0.0302,0.1523,10.5742,14.48,99.29,106.07,1
45.839,-8.36,1.19,-1.8008,-0.4160,-0.6523,5.0547,14.48,103.54,107.41,1
45.850,-8.43,1.07,-1.8008,-0.6287,-0.6523,5.0547,14.48,102.56,107.90,1
45.867,-8.60,0.86,3.5625,0.2259,0.3437,13.5664,14.48,102.92,110.18,1
45.887,-8.76,0.69,0.3828,0.4190,1.8789,8.8125,14.48,104.69,108.81,1
45.907,-8.83,0.57,0.8438,0.4795,-3.1797,6.2070,14.48,107.35,110.20,1
45.918,-8.99,0.36,2.4883,0.6670,0.8828,11.7969,14.48,105.23,110.99,1
45.937,-9.13,0.19,3.5625,1.2695,-1.8789,14.9375,14.48,104.28,109.47,1
45.956,-9.29,0.15,3.4102,2.0175,-1.6094,12.6016,14.48,104.59,107.63,1
45.969,-9.36,0.15,0.1914,1.9739,0.0000,8.0781,14.48,107.85,107.90,1
45.986,-9.52,0.12,-1.8750,0.9089,-1.3008,0.9180,14.48,104.68,109.73,1
46.006,-9.64,-0.01,2.0312,0.9839,-0.0391,10.6875,14.48,103.75,110.45,1
46.020,-9.70,-0.06,1.5313,1.1050,-3.8672,10.4570,14.48,104.14,109.61,1
46.037,-9.83,-0.17,0.7656,1.0565,1.9531,11.1094,14.48,106.67,113.11,1
46.057,-9.97,-0.29,2.6445,1.2075,-0.9570,13.4062,14.48,105.34,110.58,1
46.077,-10.10,-0.32,0.8438,1.4710,-1.2266,13.0273,14.48,104.53,109.84,1
46.089,-10.18,-0.28,1.6094,1.3934,-0.6523,11.6797,14.48,104.57,110.91,1
46.107,-10.31,-0.19,0.8828,1.3965,-1.3008,10.6133,14.48,108.70,111.54,1
46.125,-10.42,-0.17,-1.1094,0.7805,-1.2266,5.9414,14.48,106.78,111.25,1
46.139,-10.47,-0.17,1.5703,0.7046,-2.8711,13.3672,14.48,105.89,112.85,1
46.156,-10.55,-0.03,0.7266,0.8130,-3.0273,11.5703,14.48,104.76,110.71,1
46.176,-10.61,0.11,-0.8047,0.4496,0.2695,9.6875,14.48,107.08,111.96,1
46.190,-10.63,0.17,1.3008,0.6380,-3.2930,8.8125,14.48,105.81,112.17,1
46.207,-10.63,0.23,0.7656,0.7075,-0.9180,9.9258,14.48,106.15,113.39,1
46.228,-10.58,0.31,0.2695,0.2741,-1.4180,8.1211,14.48,109.71,224.47,1
46.241,-10.55,0.34,0.2695,0.2734,-1.4180,8.1211,14.48,109.45,114.50,1
46.260,-10.43,0.45,0.6523,0.4586,-1.7617,6.8555,14.48,109.64,112.30,1
46.278,-10.26,0.43,-0.9961,0.3817,-3.0664,7.7344,14.48,108.42,113.82,1
46.297,-10.01,0.35,0.9180,0.3356,-2.7969,10.2305,14.48,110.50,112.44,1
46.309,-9.88,0.33,1.1484,0.4435,-0.2695,10.4570,14.48,113.37,114.14,1
46.326,-9.58,0.38,-0.3047,0.3622,-2.1836,6.4023,14.48,108.40,115.07,1
46.346,-9.24,0.37,1.3008,0.5284,-0.3437,10.7266,14.48,111.61,115.19,1
46.360,-9.07,0.38,0.5352,0.5299,-1.6484,10.0703,16.63,110.11,114.40,1
46.377,-8.68,0.33,0.5352,0.5314,1.4570,10.1484,16.63,110.11,117.36,1
46.399,-8.29,0.31,1.6836,0.8433,2.6055,10.7266,16.63,109.36,115.27,1
46.411,-8.10,0.31,1.6836,0.9723,2.6055,10.7266,16.63,109.21,116.48,1
46.430,-7.71,0.32,0.3047,0.4420,2.3359,9.3477,16.63,109.11,114.89,1
46.448,-7.30,0.33,0.6523,0.4309,0.5742,7.2773,16.63,111.16,116.52,1
46.466,-6.89,0.24,-0.0391,0.3534,-0.3047,8.7344,16.63,110.68,117.52,1
46.479,-6.67,0.18,-1.3789,0.1859,-0.1914,7.7773,16.63,111.56,116.52,1
46.498,-6.25,0.05,0.8047,0.1357,1.7227,11.1875,16.63,113.39,116.63,1
46.516,-5.85,-0.11,1.1094,0.4312,1.4570,9.5781,16.63,110.00,117.01,1
46.530,-5.66,-0.18,1.6484,0.5785,1.9141,11.3750,16.63,108.94,118.32,1
46.547,-5.28,-0.23,0.9570,0.7902,1.5703,10.3477,16.63,113.51,115.69,1
46.566,-4.92,-0.21,2.0312,1.0753,2.0312,11.0742,16.63,111.78,115.34,1
46.587,-4.56,-0.20,0.3047,1.1927,0.1523,7.7773,16.63,112.88,114.77,1
46.601,-4.39,-0.23,-0.1523,0.9596,0.9961,8.6953,16.63,112.18,115.89,1
46.617,-4.05,-0.20,-0.5352,0.6136,0.1133,7.1680,16.63,114.03,116.65,1
46.638,-3.74,-0.24,1.0352,0.5695,1.7227,9.9648,16.63,113.82,115.47,1
46.649,-3.60,-0.25,-0.8047,0.5254,1.4570,7.3125,16.63,112.70,117.04,1
46.667,-3.31,-0.30,0.4219,0.2463,0.7266,9.8086,16.63,111.45,117.41,1
46.686,-3.04,-0.34,-0.1523,0.1791,0.6133,8.1602,16.63,111.84,117.52,1
46.700,-2.92,-0.32,0.6914,0.1957,0.5742,10.1094,16.63,114.12,116.81,1
46.717,-2.66,-0.29,-1.2656,-0.0684,0.0000,4.9805,16.63,113.73,114.63,1
46.736,-2.39,-0.43,2.0312,0.3217,-0.4609,12.5664,16.63,108.80,114.61,1
46.756,-2.15,-0.47,0.8438,0.0492,1.5703,12.9453,16.63,110.08,116.96,1
46.768,-2.03,-0.45,0.8438,0.1712,1.5703,12.9453,16.63,112.56,117.29,1
46.788,-1.79,-0.43,-0.4961,0.3888,0.3047,7.3125,16.63,111.74,118.25,1
46.807,-1.55,-0.49,-2.3359,-0.0094,-0.7656,5.3203,16.63,111.31,117.90,1
46.820,-1.44,-0.55,-0.4961,-0.3771,1.1094,10.2695,16.63,113.68,118.64,1
46.837,-1.25,-0.62,0.0391,-0.3680,0.0000,9.1211,16.63,115.45,118.53,1
46.856,-1.08,-0.76,0.5352,-0.1194,2.0703,10.4922,16.63,111.58,118.15,1
46.870,-1.02,-0.85,0.7266,-0.0036,0.8438,12.2578,16.63,111.81,119.26,1
46.887,-0.93,-0.92,1.7617,0.4744,0.3047,12.2227,16.63,112.42,116.88,1
46.906,-0.86,-0.94,0.7656,0.6191,0.0391,10.9180,16.63,115.34,117.83,1
46.921,-0.85,-0.98,-1.6094,0.1259,0.0000,6.3594,16.63,114.86,117.21,1
46.938,-0.83,-1.04,0.7266,0.1507,-0.3437,10.4531,16.63,116.80,118.99,1
46.959,-0.85,-1.07,0.9961,0.5245,0.4609,9.3477,16.63,115.26,120.67,1
46.977,-0.91,-1.05,1.1094,0.6673,0.3047,6.8555,16.63,115.29,119.56,1
46.990,-0.95,-1.05,2.1055,0.8448,-0.4609,11.8008,16.63,113.20,119.95,1
47.007,-1.05,-0.97,1.4922,1.1533,-1.9141,9.8477,16.63,115.50,117.94,1
47.026,-1.17,-0.89,-0.1133,0.9135,-1.4570,8.4219,16.63,117.63,116.18,1
47.040,-1.23,-0.86,-2.9883,0.5258,-1.6094,5.2852,16.63,114.94,121.39,1
47.057,-1.36,-0.89,-0.4961,-0.1207,-0.9180,9.0039,16.63,114.10,119.63,1
47.076,-1.51,-0.97,-0.2695,-0.1770,0.3437,10.6094,16.63,114.14,120.22,1
47.091,-1.61,-0.98,-1.0352,-0.2525,0.5352,9.1953,16.63,114.64,120.58,1
47.108,-1.83,-1.01,-1.3789,-0.5954,-0.9570,7.8906,16.63,115.25,120.85,1
47.130,-2.04,-1.06,-0.9961,-0.3563,-2.6797,9.4219,16.63,112.54,120.74,1
47.142,-2.15,-1.10,-0.9961,-0.4545,-2.6797,9.4219,16.63,115.38,122.88,1
47.160,-2.37,-1.16,-0.9961,-0.8030,-1.6484,5.6641,16.63,115.49,123.47,1
47.177,-2.60,-1.39,4.3672,-0.4287,-1.7227,16.8125,16.63,113.51,122.82,1
47.197,-2.82,-1.52,0.2305,0.2908,-2.4531,10.0742,16.63,114.44,122.65,1
47.210,-2.93,-1.55,-2.5273,0.0568,-1.3008,4.1328,16.63,120.45,122.93,1
47.227,-3.14,-1.73,-1.6484,-0.6297,-3.0664,3.9883,16.63,114.34,120.67,1
47.246,-3.32,-2.01,2.7187,-0.0105,-1.4922,12.7930,16.63,115.37,124.16,1
47.270,-3.51,-2.23,2.5273,0.4919,-1.4180,14.0195,16.63,116.40,123.06,1
47.278,-3.59,-2.29,2.5273,0.8045,-1.4180,14.0195,16.63,115.81,121.55,1
47.297,-3.74,-2.28,4.6719,1.7677,-3.1406,16.8164,16.63,114.10,122.77,1
47.318,-3.86,-2.09,-0.6133,2.2158,-2.4883,9.2266,16.63,114.39,116.23,1
47.329,-3.92,-2.02,-0.6133,1.7812,-2.4883,9.2266,16.63,113.88,118.05,1
47.347,-4.01,-1.89,0.5352,0.4575,-0.7656,10.4180,16.63,116.29,120.48,1
47.367,-4.10,-1.77,0.5352,0.4795,0.3828,10.3047,19.32,114.89,122.13,1
47.380,-4.14,-1.70,-2.4531,0.2528,-0.4219,5.2109,19.32,115.81,119.10,1
47.398,-4.23,-1.66,-1.0742,-0.4043,0.0391,7.8945,19.32,115.98,122.10,1
47.416,-4.29,-1.74,0.1523,-0.3613,-0.6914,8.0391,19.32,114.82,122.12,1
47.431,-4.33,-1.81,1.6836,-0.1599,0.4961,12.1797,19.32,114.67,244.80,1
47.448,-4.45,-1.81,-0.7656,-0.0734,-0.4961,8.5000,19.32,115.10,121.97,1
47.466,-4.58,-1.80,-0.0781,-0.1176,1.4570,8.7773,19.32,116.92,121.20,1
47.487,-4.72,-1.83,2.2617,0.3338,-0.3437,11.6445,19.32,116.00,121.62,1
47.499,-4.79,-1.82,2.2617,0.6299,-0.3437,11.6445,19.32,114.35,122.61,1
47.520,-4.90,-1.82,-0.9570,0.2885,-0.0781,7.1680,19.32,114.78,119.50,1
47.537,-5.02,-1.87,-0.5742,-0.0341,-1.8398,5.0156,19.32,116.84,122.01,1
47.550,-5.08,-1.90,0.0000,-0.1077,-0.5742,8.0117,19.32,115.21,125.06,1
47.567,-5.19,-2.02,-0.1133,-0.0862,-1.2656,10.1523,19.32,115.31,121.79,1
47.586,-5.30,-2.04,1.3789,0.2348,-0.7266,12.8711,19.32,116.88,121.57,1
47.607,-5.38,-1.96,1.6484,0.6189,-1.7617,9.8437,19.32,116.31,123.03,1
47.618,-5.42,-1.98,1.6484,0.8468,-0.6133,10.8789,19.32,116.10,124.55,1
47.637,-5.47,-2.05,-1.3789,0.4041,-2.6055,7.2734,19.32,117.50,124.04,1
47.659,-5.52,-2.03,0.7266,0.6033,-1.7617,8.6602,19.32,119.72,125.39,1
47.669,-5.55,-2.02,0.7266,0.6223,-1.7617,8.6602,19.32,118.41,126.28,1
47.688,-5.56,-2.13,-0.6914,0.6382,-2.2617,9.0000,19.32,119.13,125.79,1
47.707,-5.56,-2.20,-0.6914,0.2611,0.3047,10.5742,19.32,117.51,127.26,1
47.720,-5.57,-2.21,-0.1133,0.0966,-0.9570,6.4375,19.32,118.64,127.63,1
47.738,-5.56,-2.35,2.4883,0.2452,0.5742,12.3008,19.32,118.96,127.37,1
47.757,-5.56,-2.43,0.1523,0.4929,-2.4141,8.6172,19.32,119.98,123.93,1
47.771,-5.55,-2.45,1.1484,0.5203,0.4219,12.1445,19.32,121.12,124.75,1
47.789,-5.56,-2.48,0.7656,0.6396,-1.0352,9.1992,19.32,120.11,126.28,1
47.807,-5.54,-2.52,3.1797,1.2096,-0.5742,12.8281,19.32,117.84,125.53,1
47.830,-5.53,-2.42,-1.0352,1.2864,0.6914,6.6641,19.32,118.54,125.09,1
47.839,-5.51,-2.40,-1.0352,0.9298,0.6914,6.6641,19.32,120.96,125.82,1
47.860,-5.49,-2.45,2.6445,0.7030,-0.9570,13.6758,19.32,119.89,125.20,1
47.878,-5.46,-2.37,2.2227,1.2199,-2.2227,9.2305,19.32,121.54,127.78,1
47.891,-5.44,-2.30,-1.5703,1.1384,-1.1875,6.2852,19.32,126.01,125.68,1
47.907,-5.39,-2.36,-1.6094,0.3670,-1.0352,6.7422,19.32,118.53,126.41,1
47.927,-5.36,-2.42,0.1914,0.0831,-0.3828,12.4062,19.32,118.85,127.34,1
47.941,-5.30,-2.39,3.8672,0.3938,-0.3437,16.2813,19.32,121.76,125.96,1
47.958,-5.26,-2.26,-1.1094,0.9808,-0.8828,5.4805,19.32,124.29,127.44,1
47.976,-5.19,-2.36,-3.5625,-0.2747,0.1523,2.4141,19.32,124.42,127.93,1
48.000,-5.11,-2.47,2.3750,-0.3121,0.2305,12.8711,19.32,125.66,128.92,1
48.009,-5.09,-2.48,2.3750,0.1006,0.2305,12.8711,19.32,125.23,127.86,1
48.026,-5.05,-2.52,3.0664,0.8987,-0.4609,10.3867,19.32,125.20,128.29,1
48.047,-5.01,-2.62,-0.9961,0.4331,-1.0352,6.6680,19.32,124.53,128.40,1
48.068,-4.99,-2.67,1.7617,0.4514,1.0352,11.1484,19.32,124.22,131.27,1
48.078,-4.97,-2.69,3.0664,0.7570,-0.3437,10.4141,19.32,128.44,130.26,1
48.097,-4.95,-2.71,1.8789,1.3170,-0.4961,8.0430,19.32,123.41,132.43,1
48.117,-4.90,-2.81,-3.1836,0.3882,-2.3359,2.7969,19.32,125.36,129.22,1
48.129,-4.88,-2.88,0.7266,0.1523,0.4219,11.4180,19.32,126.09,131.65,1
48.146,-4.85,-2.87,1.4922,0.5175,-1.2656,11.1094,19.32,123.14,131.82,1
48.166,-4.81,-2.85,3.7148,1.2859,0.1133,15.2461,19.32,123.03,129.50,1
48.179,-4.77,-2.82,1.0742,1.2390,-1.3008,9.1211,19.32,128.19,129.12,1
48.197,-4.73,-2.77,-0.3828,0.8698,-1.1484,8.9258,19.32,123.89,129.75,1
48.217,-4.67,-2.71,0.3437,0.7206,-2.0312,10.7695,19.32,125.33,132.35,1
48.230,-4.64,-2.64,0.3437,0.6627,-2.0312,10.7695,19.32,126.26,131.53,1
48.249,-4.58,-2.59,-0.6914,0.6199,-0.4961,6.8242,19.32,125.66,131.73,1
48.268,-4.51,-2.61,1.4180,0.4168,0.0391,10.8008,19.32,126.97,132.71,1
48.287,-4.45,-2.53,-1.2656,0.1642,-1.1484,8.5039,19.32,128.25,130.92,1
48.298,-4.42,-2.50,-0.7656,-0.0154,0.8438,7.5508,19.32,128.90,132.19,1
48.317,-4.37,-2.58,-0.6914,-0.2548,-1.5703,3.8711,19.32,130.02,132.19,1
48.337,-4.29,-2.73,3.6758,0.5879,-0.2695,14.4414,19.32,127.75,136.54,1
48.349,-4.29,-2.73,1.6094,0.7448,-1.5313,10.1484,20.56,125.74,134.57,1
48.366,-4.23,-2.64,1.3398,0.9304,0.7266,11.8008,20.56,126.76,135.39,1
48.389,-4.17,-2.68,0.7266,1.0209,-0.2305,10.2266,20.56,128.11,135.06,1
48.400,-4.14,-2.72,0.7266,0.9757,-0.2305,10.2266,20.56,129.00,134.17,1
48.420,-4.10,-2.72,-0.0781,1.1310,-0.7656,6.5859,20.56,128.34,135.59,1
48.438,-4.04,-2.68,0.4961,0.8340,-0.6133,10.3047,20.56,129.40,134.25,1
48.451,-4.03,-2.64,-4.0937,0.3920,-0.6133,2.2617,20.56,130.34,136.18,1
48.468,-3.97,-2.71,1.4922,-0.4333,0.7656,12.4453,20.56,129.35,135.67,1
48.486,-3.93,-2.86,1.2656,0.1730,-1.0742,8.9219,20.56,130.11,133.96,1
48.506,-3.88,-2.98,1.8398,0.6100,0.4219,10.6875,20.56,129.18,137.72,1
48.519,-3.87,-3.00,0.8047,0.7161,-1.1484,9.1953,20.56,127.71,135.35,1
48.536,-3.87,-2.97,0.9570,0.7800,-0.7656,10.4961,20.56,128.67,135.89,1
48.560,-3.85,-3.02,-0.0781,0.8275,-0.6914,9.3828,20.56,128.73,135.48,1
48.570,-3.84,-3.05,-0.0781,0.6884,-0.6914,9.3828,20.56,130.91,138.35,1
48.587,-3.81,-3.09,2.5664,1.0563,0.7656,11.9570,20.56,133.01,138.24,1
48.607,-3.80,-3.13,0.8828,0.7872,-0.6523,9.5430,20.56,132.61,137.80,1
48.627,-3.80,-3.16,-0.7266,0.5671,-1.5703,9.8867,20.56,133.32,136.00,1
48.638,-3.79,-3.13,1.8008,0.5706,-0.4961,12.9492,20.56,132.38,136.02,1
48.658,-3.79,-3.08,1.8789,0.9257,-0.2695,9.9648,20.56,130.62,138.18,1
48.676,-3.77,-3.03,0.2695,0.8945,-0.8047,9.0000,20.56,131.32,138.93,1
48.689,-3.76,-3.01,2.9492,1.0129,-0.1914,11.1875,20.56,129.99,137.34,1
48.706,-3.75,-2.94,1.0742,1.2581,-2.1836,8.6953,20.56,129.87,138.68,1
48.726,-3.72,-2.82,1.6836,1.3408,-0.1914,11.8750,20.56,131.79,136.86,1
48.740,-3.71,-2.72,-0.2695,0.9844,-1.3789,9.1211,20.56,130.51,135.85,1
48.757,-3.72,-2.50,0.0391,0.6971,0.1914,9.6133,20.56,132.14,136.15,1
48.777,-3.70,-2.41,0.0781,0.3649,0.0391,7.8906,20.56,132.94,138.26,1
48.791,-3.69,-2.38,0.0781,0.3208,0.0391,7.8906,20.56,130.79,139.02,1
48.809,-3.68,-2.37,0.3828,0.1996,-0.8828,8.3125,20.56,134.88,140.25,1
48.827,-3.66,-2.35,3.1797,0.4753,-0.1523,13.0273,20.56,130.41,139.59,1
48.846,-3.70,-2.16,-0.3047,0.6262,-0.3437,9.8437,20.56,133.37,137.48,1
48.859,-3.71,-2.07,0.5742,0.5535,1.1875,9.9609,20.56,137.04,139.53,1
48.876,-3.76,-1.90,-0.9180,0.2303,-0.6914,4.5156,20.56,136.41,137.97,1
48.897,-3.78,-1.96,-1.7617,-0.2821,0.1914,4.5977,20.56,136.11,141.80,1
48.910,-3.78,-1.96,-0.7266,-0.3503,-0.3437,8.4648,20.56,136.24,139.24,1
48.927,-3.86,-2.15,0.4219,-0.2029,-1.1094,7.9727,20.56,134.84,140.57,1
48.948,-3.94,-2.21,0.8828,0.3826,-1.5313,8.2344,20.56,135.74,142.92,1
48.961,-4.00,-2.17,0.8828,0.4594,-1.5313,8.2344,20.56,140.11,144.22,1
48.979,-4.11,-2.11,0.6523,0.4994,-0.6523,6.5469,20.56,137.82,145.01,1
48.997,-4.22,-2.12,0.2695,0.5122,-0.4219,9.1172,20.56,137.61,142.25,1
49.016,-4.31,-2.15,3.3711,1.1159,-1.1094,13.2148,20.56,137.67,142.07,1
49.029,-4.37,-2.13,1.1875,1.2876,-0.8047,7.9687,20.56,136.74,145.58,1
49.046,-4.47,-2.21,1.3008,1.2785,-0.6914,7.9297,20.56,137.04,146.84,1
49.067,-4.56,-2.37,0.4961,1.1068,-2.8711,7.2773,20.56,140.77,143.60,1
49.080,-4.62,-2.44,2.1836,1.3451,-0.6914,10.2656,20.56,140.15,144.22,1
49.097,-4.72,-2.59,1.5703,1.4952,-1.1484,9.4258,20.56,139.47,149.01,1
49.120,-4.80,-2.79,2.9492,1.1865,0.1523,14.5156,20.56,137.76,147.04,1
49.131,-4.85,-2.89,2.9492,1.4573,0.1523,14.5156,20.56,138.06,147.80,1
49.150,-4.95,-2.90,-0.8438,1.6625,-0.1133,8.1953,20.56,143.72,147.56,1
49.168,-5.05,-2.90,2.4531,1.2154,-0.8438,10.5703,20.56,142.55,146.69,1
49.186,-5.16,-2.84,-0.1523,1.0608,-1.1094,5.0977,20.56,146.37,152.28,1
49.199,-5.20,-2.85,2.4141,1.0797,-0.9961,10.2266,20.56,142.53,147.78,1
49.218,-5.29,-2.89,1.2656,1.2805,-2.4883,11.4141,20.56,141.46,148.59,1
49.237,-5.41,-2.83,2.2227,1.4872,-2.2227,10.7656,20.56,144.61,152.07,1
49.250,-5.44,-2.79,3.0664,1.6677,0.4961,12.3008,20.56,144.84,152.09,1
49.267,-5.55,-2.69,-0.2695,1.4062,-2.3750,7.1250,20.56,144.59,148.96,1
49.286,-5.67,-2.61,-0.1914,0.9483,0.1914,7.8555,20.56,143.35,150.42,1
49.301,-5.71,-2.61,-0.3828,0.6537,-0.9961,7.6289,20.56,145.75,154.25,1
49.318,-5.80,-2.55,1.3008,0.7323,-0.6133,10.6523,20.56,148.35,148.65,1
49.338,-5.93,-2.39,-0.5742,0.8862,-0.4609,5.3242,20.56,144.45,150.78,1
49.357,-6.03,-2.36,-0.4609,0.4134,-0.1133,7.1680,22.71,145.18,154.73,1
49.370,-6.08,-2.35,2.0312,0.4193,-0.2695,11.2969,22.71,144.74,153.26,1
49.387,-6.20,-2.32,1.4570,0.8305,0.1914,7.0859,22.71,147.99,152.95,1
49.406,-6.29,-2.37,3.5234,1.5014,-0.5742,14.5195,22.71,146.56,156.64,1
49.420,-6.35,-2.30,3.2187,1.7876,-0.9961,11.9570,22.71,153.37,152.37,1
49.437,-6.47,-2.15,0.1523,1.5969,-1.1875,5.1328,22.71,147.95,154.11,1
49.456,-6.55,-2.20,0.4961,1.2633,-1.1094,8.0391,22.71,152.04,158.05,1
49.471,-6.61,-2.22,1.8789,1.3995,-1.6094,12.9492,22.71,152.93,156.86,1
49.488,-6.72,-2.22,1.9922,1.5606,-1.1484,9.3867,22.71,152.30,318.67,1
49.509,-6.80,-2.25,-0.3828,0.6755,-3.1797,6.1680,22.71,154.23,157.51,1
49.528,-6.89,-2.43,1.1875,0.5010,-0.2305,11.4570,22.71,152.18,158.05,1
49.539,-6.94,-2.50,2.7187,0.7754,-1.5313,11.9531,22.71,152.91,160.80,1
49.558,-7.00,-2.59,1.8789,1.2594,-2.7187,10.1875,22.71,153.61,157.63,1
49.577,-7.09,-2.62,0.7656,1.2242,0.1133,7.2031,22.71,151.88,158.18,1
49.590,-7.13,-2.65,0.4961,1.1322,-0.9180,7.6992,22.71,152.37,161.58,1
49.608,-7.19,-2.69,-2.0703,0.3474,-1.1484,5.4414,22.71,153.73,162.58,1
49.626,-7.24,-2.88,0.6523,0.2642,-0.9961,8.2773,22.71,156.20,160.21,1
49.641,-7.24,-2.88,4.4805,0.9119,-1.1484,16.2031,22.71,153.28,162.42,1
49.658,-7.30,-2.96,2.7578,1.5427,-0.6133,12.9492,22.71,150.60,161.97,1
49.680,-7.32,-2.90,0.9180,1.5680,-2.2969,11.4531,22.71,152.84,160.54,1
49.698,-7.30,-2.82,-1.4922,1.1908,0.0391,7.0508,22.71,151.42,162.15,1
49.710,-7.29,-2.79,0.6133,0.7655,-0.8828,12.4453,22.71,152.46,162.10,1
49.727,-7.27,-2.63,-0.8047,0.6089,-1.3398,10.1523,22.71,154.56,160.88,1
49.747,-7.20,-2.49,-2.4883,-0.2456,-1.2656,4.8633,22.71,151.65,160.62,1
49.760,-7.16,-2.50,-1.7227,-0.5289,-1.8789,8.5820,22.71,153.07,160.05,1
49.778,-7.07,-2.47,-0.7266,-0.7154,-2.3750,9.0391,22.71,150.35,159.16,1
49.796,-6.94,-2.40,-0.3828,-0.6431,-0.5352,9.5820,22.71,152.14,159.59,1
49.811,-6.88,-2.38,0.9570,-0.4960,-0.3047,12.8672,22.71,149.81,157.23,1
49.828,-6.75,-2.30,0.4961,-0.1026,-0.8047,10.2266,22.71,151.49,160.64,1
49.850,-6.59,-2.15,-2.1836,-0.0111,-1.1094,4.6758,22.71,152.37,160.69,1
49.867,-6.44,-2.05,-1.9141,-0.6057,-1.1094,4.9766,22.71,150.90,155.88,1
49.881,-6.35,-2.06,1.2266,-0.6440,0.0391,11.4531,22.71,149.52,158.96,1
49.897,-6.13,-2.07,-1.0742,-0.2975,-0.5352,9.7695,22.71,150.15,159.77,1
49.917,-5.93,-2.03,0.8828,-0.1292,0.7266,11.7187,22.71,151.77,158.68,1
49.930,-5.84,-1.96,-2.6797,-0.2588,-1.1484,8.6172,22.71,146.03,159.69,1
49.948,-5.63,-1.91,-2.3359,-0.9179,-0.7266,8.1992,22.71,146.74,157.73,1
49.967,-5.41,-1.86,-2.6055,-1.4610,-0.6523,9.9648,22.71,152.09,153.26,1
49.981,-5.29,-1.82,-4.8633,-1.8174,-1.0352,4.1758,22.71,149.34,159.67,1
49.998,-5.04,-1.88,-0.8828,-1.9749,0.6133,9.8047,22.71,148.77,159.87,1
50.017,-4.79,-1.93,0.4609,-1.3678,0.7266,9.0820,22.71,149.97,158.93,1
50.039,-4.53,-2.08,-0.8047,-1.7455,0.5352,8.3555,22.71,152.74,161.34,1
50.049,-4.43,-2.22,-0.8047,-1.6010,0.5352,8.3555,22.71,148.46,158.38,1
50.069,-4.19,-2.44,1.8008,-0.0941,-0.0391,13.7500,22.71,149.93,158.10,1
50.088,-3.95,-2.52,1.2656,0.4005,1.0742,12.4453,22.71,151.26,159.29,1
50.100,-3.85,-2.55,1.2656,0.5334,1.0742,12.4453,22.71,147.67,154.08,1
50.118,-3.62,-2.61,-2.2617,0.2104,-0.3047,7.3945,22.71,150.15,157.04,1
50.137,-3.40,-2.60,-0.6133,-0.2676,0.5742,9.5000,22.71,146.61,156.69,1
50.151,-3.31,-2.62,-1.4180,-0.3851,-0.8438,9.6914,22.71,147.97,153.42,1
50.168,-3.07,-2.65,-1.3008,-0.7113,0.2695,10.8398,22.71,145.52,153.23,1
50.186,-2.87,-2.64,-0.7266,-0.7514,-1.1875,10.8359,22.71,144.99,152.63,1
50.208,-2.67,-2.66,-2.4531,-2.0694,0.8047,7.3164,22.71,148.54,154.51,1
50.219,-2.58,-2.71,-2.4531,-2.1284,0.8047,7.3164,22.71,148.41,153.26,1
50.240,-2.40,-2.94,-2.9492,-2.1585,0.0000,7.8906,22.71,148.81,156.15,1
50.258,-2.23,-3.10,1.0352,-2.0640,1.1484,11.6797,22.71,146.56,157.28,1
50.270,-2.16,-3.17,1.3398,-1.3538,-0.4609,13.7539,22.71,147.58,156.69,1
50.287,-2.03,-3.25,-1.1875,-0.7920,-0.7656,8.5781,22.71,143.58,153.63,1
50.306,-1.91,-3.27,-0.8438,-0.8508,0.2305,8.7344,22.71,148.26,152.98,1
50.321,-1.87,-3.30,-2.9492,-1.0181,-0.9180,5.1328,22.71,144.97,153.16,1
50.338,-1.76,-3.43,2.0703,-0.5656,0.3437,13.9453,22.71,143.62,152.09,1
50.357,-1.69,-3.42,1.9141,0.1474,0.4961,12.7891,25.98,142.82,153.40,1
50.379,-1.64,-3.30,1.1484,0.6654,-0.8047,11.6445,25.98,144.09,148.99,1
50.389,-1.61,-3.20,1.1484,0.7396,-0.8047,11.6445,25.98,141.32,147.69,1
50.409,-1.55,-3.00,0.7266,0.2527,-0.0781,13.2539,25.98,140.15,146.35,1
50.427,-1.52,-2.76,0.0000,0.3290,-0.5742,10.7969,25.98,139.02,149.81,1
50.440,-1.51,-2.61,-4.2891,-0.0870,-1.0352,4.7109,25.98,142.96,146.16,1
50.459,-1.49,-2.36,-2.6055,-1.1440,1.3008,5.9414,25.98,143.04,145.86,1
50.478,-1.50,-2.30,-4.9375,-2.1584,-1.6836,2.7187,25.98,138.83,151.47,1
50.491,-1.49,-2.32,-1.6484,-2.3221,0.4219,9.3477,25.98,139.59,150.63,1
50.509,-1.52,-2.31,0.3437,-1.8251,0.0781,13.3320,25.98,139.98,151.61,1
50.526,-1.59,-2.36,-2.2969,-1.6701,-0.4961,8.1211,25.98,140.65,146.86,1
50.550,-1.67,-2.36,-1.9141,-1.3306,-0.0781,7.2383,25.98,143.84,150.69,1
50.559,-1.70,-2.40,-1.9141,-1.4202,-0.0781,7.2383,25.98,141.22,149.03,1
50.577,-1.82,-2.48,-0.9961,-1.3571,-0.2305,5.2812,25.98,140.92,149.32,1
50.598,-1.95,-2.69,-1.9141,-1.6173,-1.3008,6.9297,25.98,141.12,150.29,1
50.611,-2.00,-2.83,1.9141,-1.3767,-1.1484,14.0977,25.98,143.12,149.90,1
50.628,-2.13,-2.94,0.7266,-0.5384,-1.8008,11.5703,25.98,140.86,150.92,1
50.648,-2.18,-2.98,2.1055,0.0321,-2.2617,11.5742,25.98,140.79,146.80,1
50.661,-2.30,-2.95,1.2266,0.4207,-0.9961,10.9141,25.98,137.76,147.04,1
50.678,-2.42,-2.81,-2.4141,0.3580,-1.6484,5.0937,25.98,137.89,144.07,1
50.697,-2.51,-2.79,0.9961,0.1676,-1.6836,11.3398,25.98,137.32,145.54,1
50.720,-2.59,-2.69,-0.6133,-0.0763,-1.3789,9.8867,25.98,138.27,144.82,1
50.729,-2.63,-2.58,-0.6133,-0.1588,-1.3789,9.8867,25.98,137.14,146.20,1
50.747,-2.72,-2.47,-1.1484,-0.4061,-1.0352,9.5000,25.98,138.95,141.90,1
50.768,-2.79,-2.40,-2.2227,-1.6645,-0.3437,8.9648,25.98,135.96,145.96,1
50.788,-2.84,-2.42,-2.1445,-1.8108,-1.2266,8.7344,25.98,137.78,145.43,1
50.799,-2.90,-2.53,1.9531,-1.5342,-0.1133,15.3203,25.98,135.57,145.67,1
50.818,-2.96,-2.55,0.3437,-0.6739,-1.1875,12.4453,25.98,137.32,145.41,1
50.831,-3.00,-2.52,-3.1406,-0.7275,-0.4961,5.5937,25.98,139.37,143.47,1
50.849,-3.05,-2.50,-0.1133,-1.1697,0.1133,9.5430,25.98,135.81,144.76,1
50.866,-3.13,-2.52,-3.2227,-1.4977,-0.3047,2.4141,25.98,138.58,143.60,1
50.886,-3.19,-2.65,0.4219,-1.1803,0.4219,9.4219,25.98,137.65,147.58,1
50.899,-3.23,-2.72,0.7656,-0.7496,-1.4922,9.6094,25.98,137.46,146.71,1
50.917,-3.30,-2.71,1.3789,-0.1842,-0.4961,12.4883,25.98,137.36,144.07,1
50.940,-3.37,-2.67,-0.8828,0.4674,-0.4961,8.6602,25.98,137.34,142.45,1
50.950,-3.39,-2.66,-0.8828,0.2600,-0.4961,8.6602,25.98,133.17,140.83,1
50.969,-3.45,-2.53,0.2695,0.5790,-0.7656,11.8789,25.98,134.34,138.99,1
50.988,-3.51,-2.34,-1.5703,0.3440,-0.7266,8.7773,25.98,133.12,142.01,1
51.001,-3.54,-2.25,-1.9531,-0.1103,-0.6914,5.7852,25.98,134.81,139.24,1
51.018,-3.58,-2.12,-2.1836,-0.6513,-1.2656,7.6289,25.98,133.01,143.41,1
51.038,-3.61,-1.99,1.4570,-0.3680,-0.7266,11.4141,25.98,135.21,139.43,1
51.052,-3.62,-1.88,-1.8398,-0.3514,-1.2266,6.2070,25.98,135.21,142.37,1
51.069,-3.63,-1.81,-1.8398,-0.7736,-1.0742,6.6641,25.98,133.44,141.72,1
51.086,-3.67,-1.66,-0.1914,-0.7111,-0.5742,9.3867,25.98,135.32,141.92,1
51.109,-3.68,-1.62,-1.3008,-0.8096,-0.1914,7.6562,25.98,133.62,139.51,1
51.120,-3.68,-1.64,-1.3008,-0.8851,-0.1914,7.6562,25.98,135.32,142.25,1
51.140,-3.67,-1.65,1.4180,-0.9580,-0.0391,12.4883,25.98,132.35,140.02,1
51.159,-3.67,-1.59,0.8828,-0.3270,-0.9570,11.5312,25.98,133.80,141.76,1
51.172,-3.66,-1.55,1.4180,-0.0164,-0.9180,11.7578,25.98,133.35,141.98,1
51.188,-3.66,-1.36,-0.9961,0.1973,-0.5352,6.5117,25.98,135.12,140.86,1
51.208,-3.64,-1.31,-1.5703,-0.2294,-1.3789,6.9297,25.98,133.69,137.57,1
51.222,-3.59,-1.22,-1.4922,-0.4291,0.0000,6.6250,25.98,132.15,138.22,1
51.239,-3.54,-1.16,-4.3672,-0.9606,-1.3789,3.4844,25.98,133.37,139.14,1
51.257,-3.47,-1.21,-0.2695,-1.2151,0.0781,10.2656,25.98,133.42,142.80,1
51.280,-3.40,-1.28,-0.6523,-1.2113,-1.0352,8.5430,25.98,134.41,141.24,1
51.290,-3.37,-1.32,-0.6523,-1.1254,-1.0352,8.5430,25.98,134.64,141.04,1
51.311,-3.27,-1.43,0.4219,-0.8703,-0.6133,11.1523,25.98,134.17,140.94,1
51.328,-3.18,-1.54,1.3398,-0.4304,0.1914,13.7500,25.98,131.16,142.31,1
51.347,-3.13,-1.57,-0.8828,-0.2697,-0.4609,9.7305,25.98,131.23,143.14,1
51.359,-3.04,-1.60,0.6523,-0.2411,0.5352,11.0312,24.37,132.14,142.94,1
51.378,-2.94,-1.62,-1.1484,-0.1318,-1.1484,7.7344,24.37,133.37,141.08,1
51.397,-2.84,-1.68,-0.4961,-0.3340,-1.0352,6.3203,24.37,136.87,143.00,1
51.409,-2.77,-1.78,-0.8047,-0.3836,-0.1914,7.2344,24.37,134.66,141.30,1
51.427,-2.65,-1.91,-0.3047,-0.4165,-0.3828,8.7344,24.37,135.43,143.41,1
51.447,-2.52,-2.01,2.7187,0.2843,0.0781,15.5469,24.37,130.92,138.45,1
51.460,-2.45,-1.98,1.1094,0.4669,-1.3789,13.4492,24.37,130.75,138.31,1
51.477,-2.33,-1.85,2.1836,0.8869,-0.6523,15.1680,24.37,130.41,135.34,1
51.498,-2.19,-1.72,0.4609,0.3615,-0.9961,10.9141,24.37,130.26,137.93,1
51.511,-2.11,-1.61,0.4609,0.3768,-0.9961,10.9141,24.37,130.94,138.35,1
51.529,-1.97,-1.42,-0.4609,-0.1598,-0.7266,10.0039,24.37,127.21,137.67,1
51.548,-1.80,-1.17,-0.7266,-0.2665,-1.9922,12.1055,24.37,126.77,133.30,1
51.566,-1.65,-0.84,-2.4883,-0.8132,-0.1523,8.3555,24.37,127.21,130.33,1
51.579,-1.55,-0.70,-4.4805,-1.2299,-0.8047,5.1758,24.37,127.00,128.24,1
51.597,-1.36,-0.51,-3.4844,-2.1176,0.3828,7.4297,24.37,128.37,129.28,1
51.618,-1.16,-0.40,-2.4141,-2.2684,0.4609,8.2344,24.37,128.29,136.69,1
51.630,-1.07,-0.34,-2.4141,-2.3006,-0.4961,6.9687,24.37,125.20,137.55,1
51.648,-0.89,-0.31,0.7656,-1.6291,1.3008,10.6094,24.37,128.82,136.76,1
51.669,-0.73,-0.29,1.9141,-1.1101,0.8438,14.0586,24.37,125.00,134.28,1
51.681,-0.67,-0.23,1.9141,-0.6456,0.8438,14.0586,24.37,126.31,133.74,1
51.700,-0.54,-0.10,-0.0781,-0.4780,0.2695,9.0820,24.37,126.18,132.91,1
51.718,-0.46,0.05,-3.3711,-0.6280,0.4219,3.4062,24.37,126.10,131.37,1
51.737,-0.39,0.05,-2.8359,-1.4447,0.4219,6.0898,24.37,128.92,134.48,1
51.749,-0.38,0.00,-1.4570,-1.5481,-0.2695,8.5039,24.37,130.09,136.67,1
51.767,-0.36,-0.04,-1.6094,-1.5508,0.7656,6.7070,24.37,127.60,138.24,1
51.787,-0.34,-0.18,-1.1094,-1.4567,0.1914,8.6211,24.37,129.02,132.86,1
51.800,-0.35,-0.26,-2.5273,-1.6937,0.4961,8.0781,24.37,128.14,133.83,1
51.817,-0.36,-0.42,1.6094,-1.0624,0.4609,16.0469,24.37,126.20,131.48,1
51.840,-0.40,-0.48,0.6914,-0.8883,0.3047,15.4414,24.37,126.14,130.14,1
51.851,-0.43,-0.48,0.6914,-0.6456,0.3047,15.4414,24.37,125.75,136.63,1
51.870,-0.52,-0.51,-0.5352,-1.3259,0.0000,9.3477,24.37,125.57,133.90,1
51.888,-0.62,-0.69,-2.4883,-1.2579,-1.0742,7.0469,24.37,125.71,137.32,1
51.907,-0.74,-0.77,-1.6484,-1.4915,-0.3828,6.6641,24.37,124.49,136.76,1
51.919,-0.79,-0.85,-0.1914,-1.3990,-0.6914,9.1953,24.37,124.22,134.52,1
51.938,-0.89,-0.99,0.6523,-0.8006,-1.3789,10.5312,24.37,124.81,132.03,1
51.956,-0.99,-1.15,1.4922,-0.1194,0.2305,14.5156,24.37,122.61,131.89,1
51.970,-1.06,-1.13,-0.3047,-0.0156,-1.8789,12.3398,24.37,124.50,130.72,1
51.987,-1.20,-1.09,1.6836,0.3259,-0.3437,13.5937,24.37,125.16,130.43,1
52.006,-1.34,-1.02,-2.5273,-0.2210,-1.0742,7.0117,24.37,124.58,130.89,1
52.021,-1.40,-1.05,-0.6914,-0.3251,-0.6914,9.3047,24.37,123.76,131.06,1
52.038,-1.52,-1.05,-1.4570,-0.5984,-0.7266,9.2656,24.37,121.36,130.98,1
52.057,-1.65,-0.95,-0.9180,-0.1682,-0.6133,10.1914,24.37,121.77,129.18,1
52.079,-1.80,-0.86,1.1094,0.0249,-0.6523,14.9023,24.37,121.68,124.70,1
52.089,-1.88,-0.76,-2.8711,-0.0536,-0.3047,7.9297,24.37,118.20,127.73,1
52.107,-2.03,-0.62,-0.7656,-0.6842,-0.1914,10.7305,24.37,122.44,123.47,1
52.126,-2.19,-0.45,-1.6484,-0.9073,-1.9141,7.0117,24.37,121.30,124.73,1
52.140,-2.27,-0.41,0.1914,-0.8740,0.1523,9.2266,24.37,119.47,128.14,1
52.158,-2.43,-0.28,-2.1055,-1.0191,-0.4609,5.7070,24.37,121.11,126.57,1
52.177,-2.60,-0.22,-1.4180,-1.1750,-0.3828,7.0898,24.37,121.70,125.55,1
52.191,-2.68,-0.23,-1.2266,-1.1864,-0.9570,9.0430,24.37,119.90,127.58,1
52.208,-2.84,-0.22,0.1133,-0.9013,-1.3008,12.2617,24.37,117.95,127.47,1
52.229,-3.00,-0.18,-0.6914,-0.7464,-1.4180,10.7266,24.37,117.21,126.68,1
52.248,-3.15,-0.05,-2.6055,-0.8839,-1.1484,6.1641,24.37,117.37,124.88,1
52.260,-3.21,-0.02,0.0391,-1.0534,-0.4961,10.4922,24.37,116.71,124.53,1
52.278,-3.34,0.08,-1.7617,-0.8876,-1.2266,7.6992,24.37,117.58,124.86,1
52.296,-3.46,0.15,-1.1484,-1.0499,-1.1484,8.4648,24.37,117.83,123.03,1
52.310,-3.52,0.22,-2.1055,-1.1416,-1.8398,6.0898,24.37,115.37,121.51,1
52.328,-3.62,0.26,-1.0352,-1.2333,-0.7656,9.7695,24.37,115.81,122.43,1
52.347,-3.71,0.25,-1.3789,-1.2532,-1.3398,9.6484,24.37,115.59,120.26,1
52.361,-3.71,0.25,1.0352,-0.9017,-0.6914,14.1328,22.41,115.58,119.60,1
52.378,-3.84,0.41,-2.2227,-0.9624,-1.0352,6.0898,22.41,115.57,119.26,1
52.401,-3.93,0.46,-4.7148,-1.5445,-0.6523,3.7539,22.41,114.86,119.89,1
52.419,-3.98,0.37,0.0000,-2.0664,-0.8828,12.3008,22.41,113.61,118.01,1
52.430,-4.01,0.37,0.7656,-1.5479,-1.0742,13.6719,22.41,111.92,120.41,1
52.448,-4.06,0.46,0.8438,-0.8855,-1.5703,13.6367,22.41,110.71,116.24,1
52.467,-4.09,0.62,-2.5664,-1.0507,-0.8438,8.7383,22.41,110.24,117.70,1
52.480,-4.10,0.69,-1.1094,-1.1669,-0.2305,9.1953,22.41,109.79,115.86,1
52.497,-4.11,0.84,-2.7969,-1.5208,-0.9961,5.3203,22.41,111.09,116.52,1
52.517,-4.12,0.81,-1.5313,-1.6757,0.0391,8.6562,22.41,111.31,116.44,1
52.531,-4.13,0.84,-4.9023,-1.9232,-1.1875,3.6406,22.41,111.56,117.25,1
52.548,-4.14,0.78,-0.8828,-2.0493,-0.5742,10.7695,22.41,109.91,118.53,1
52.570,-4.16,0.76,-0.5742,-1.3772,-1.5313,11.2578,22.41,108.11,118.68,1
52.588,-4.17,0.75,0.4609,-1.0666,0.0781,13.9805,22.41,107.32,115.37,1
52.601,-4.17,0.79,-1.1094,-0.8542,-0.5352,10.6523,22.41,109.28,114.50,1
52.618,-4.17,0.91,-2.4141,-1.0309,-0.3047,5.9766,22.41,109.59,115.25,1
52.638,-4.16,0.99,-3.5234,-1.7480,-0.6133,5.0195,22.41,107.93,114.47,1
52.650,-4.15,0.96,-0.6133,-1.7879,-0.7656,9.7266,22.41,109.55,113.52,1
52.669,-4.15,0.94,-0.8438,-1.4384,-1.1094,10.2266,22.41,106.10,114.59,1
52.687,-4.15,0.92,-0.2695,-1.1086,-0.5742,10.9180,22.41,105.34,115.04,1
52.701,-4.14,0.95,-0.9570,-1.0347,0.0000,9.0430,22.41,108.23,111.82,1
52.718,-4.13,0.95,0.0781,-0.7792,0.8828,10.6484,22.41,105.78,114.03,1
52.737,-4.14,0.95,-2.6797,-1.1464,-0.1914,5.6367,22.41,105.35,112.91,1
52.752,-4.15,0.92,-1.0352,-1.1218,0.1133,9.9648,22.41,104.41,113.73,1
52.769,-4.17,0.95,-0.0391,-0.8767,0.2305,11.4961,22.41,102.97,111.14,1
52.788,-4.22,1.04,-0.8828,-0.5985,0.1133,12.1016,22.41,102.59,110.36,1
52.810,-4.28,1.21,-1.7227,-0.8813,-1.0742,9.2695,22.41,103.10,106.41,1
52.820,-4.31,1.30,-2.3750,-1.1197,0.0391,9.5781,22.41,103.56,107.09,1
52.839,-4.39,1.47,-3.7930,-1.5892,-0.6133,4.9805,22.41,101.76,105.70,1
52.857,-4.48,1.53,-3.0664,-2.1797,0.4609,7.8906,22.41,101.04,106.17,1
52.871,-4.53,1.55,-3.1016,-2.3187,-0.5742,7.2344,22.41,101.19,106.81,1
52.888,-4.65,1.56,-1.8398,-2.3064,-0.4609,8.5430,22.41,100.50,105.57,1
52.907,-4.76,1.52,-1.8789,-2.1827,-1.1875,8.3516,22.41,101.97,107.86,1
52.928,-4.86,1.47,0.3828,-1.7279,-1.0742,12.3789,22.41,100.52,105.33,1
52.939,-4.92,1.51,0.3828,-1.4037,-1.0742,12.3789,22.41,100.09,212.81,1
52.960,-5.04,1.59,-0.9180,-0.9846,-0.4219,9.3086,22.41,98.29,106.37,1
52.979,-5.16,1.67,-0.4961,-0.9320,-1.6484,8.6172,22.41,98.57,104.56,1
52.990,-5.22,1.71,-2.9883,-1.0349,-0.4609,7.1641,22.41,98.50,103.91,1
53.008,-5.33,1.73,-2.0703,-1.5154,-1.3398,7.5117,22.41,98.95,103.53,1
53.027,-5.44,1.72,-0.4961,-1.3562,-1.7617,11.4141,22.41,97.99,103.05,1
53.041,-5.49,1.75,-1.4570,-1.3010,-1.2656,9.6523,22.41,99.60,101.88,1
53.058,-5.61,1.81,-2.4531,-1.5746,-0.9961,5.6367,22.41,96.26,101.94,1
53.077,-5.72,1.74,-2.0312,-1.7304,-0.4609,6.2031,22.41,96.47,104.49,1
53.092,-5.72,1.74,0.0391,-1.4586,-0.7656,11.7227,22.41,96.50,104.32,1
53.109,-5.89,1.67,0.4609,-0.8547,0.0391,11.2578,22.41,96.54,102.99,1
53.131,-6.01,1.70,-1.3008,-0.7738,-0.5352,9.0000,22.41,96.78,99.77,1
53.148,-6.14,1.72,1.6484,-0.6873,-0.8438,13.0234,22.41,95.78,99.30,1
53.161,-6.20,1.76,-1.4922,-0.4216,-0.7656,8.8477,22.41,93.94,99.84,1
53.178,-6.34,1.88,0.2305,-0.5874,-0.0781,10.1523,22.41,96.18,100.34,1
53.197,-6.49,2.05,-3.2187,-1.0719,-1.2656,5.8633,22.41,95.24,100.02,1
53.211,-6.56,2.10,-1.9141,-1.2973,-0.1914,7.5898,22.41,95.29,99.99,1
53.229,-6.64,2.15,-0.9570,-1.3252,-1.6094,9.1992,22.41,93.86,99.28,1
53.246,-6.83,2.23,0.0000,-0.9879,-1.5313,10.5703,22.41,93.91,97.58,1
53.270,-6.96,2.34,-1.5703,-0.7998,-1.4570,7.3906,22.41,92.64,98.20,1
53.280,-7.02,2.40,-1.5703,-0.9181,-1.4570,7.3906,22.41,92.95,96.68,1
53.297,-7.15,2.44,-2.8359,-1.3832,-0.9180,6.0156,22.41,93.14,100.23,1
53.318,-7.28,2.51,-1.0742,-0.7978,-2.1445,8.5430,22.41,93.39,98.33,1
53.332,-7.32,2.52,-0.4609,-0.8099,-1.0352,12.0273,22.41,91.66,98.07,1
53.348,-7.42,2.60,-1.3398,-0.7813,-0.6914,8.0117,22.41,92.42,96.64,1
53.369,-7.52,2.67,-0.9570,-0.8870,-0.6133,10.0312,18.93,92.25,96.41,1
53.381,-7.57,2.72,-0.6914,-0.8812,-0.3047,9.8477,18.93,91.13,96.18,1
53.398,-7.68,2.87,-1.2656,-0.8733,-1.5313,8.1953,18.93,90.96,97.02,1
53.417,-7.79,2.97,-0.5742,-0.8541,0.2695,8.9609,18.93,89.71,96.95,1
53.440,-7.89,3.05,-2.7578,-1.0582,-0.6133,6.3984,18.93,89.77,96.58,1
53.449,-7.95,3.09,-2.7578,-1.3193,-0.6133,6.3984,18.93,90.50,94.64,1
53.467,-8.05,3.18,0.3828,-1.0322,-0.8047,12.0234,18.93,89.00,96.19,1
53.488,-8.16,3.27,-0.2305,-1.1380,-1.0742,10.0312,18.93,88.56,95.49,1
53.500,-8.21,3.31,-0.2305,-0.9986,-1.0742,10.0312,18.93,88.11,95.90,1
53.519,-8.32,3.38,-1.4180,-1.4922,-1.9141,9.1172,18.93,89.69,93.55,1
53.539,-8.41,3.44,-1.2266,-1.4558,-0.8047,9.3437,18.93,88.13,92.67,1
53.551,-8.46,3.46,-0.7266,-1.3651,-1.4180,10.2656,18.93,87.26,91.79,1
53.569,-8.54,3.52,-1.3789,-1.2362,-1.2656,9.6875,18.93,89.53,94.14,1
53.587,-8.61,3.56,-2.1836,-1.4629,-0.7266,7.8125,18.93,89.19,92.89,1
53.607,-8.67,3.58,-1.0742,-1.4218,-1.8398,9.6875,18.93,88.14,93.99,1
53.619,-8.70,3.58,-0.8438,-1.2939,0.2695,10.6094,18.93,87.02,92.07,1
53.638,-8.77,3.61,0.0781,-0.9622,-1.6836,11.2617,18.93,87.40,92.16,1
53.659,-8.83,3.68,-2.8359,-1.0109,0.4961,7.8516,18.93,86.75,93.44,1
53.670,-8.87,3.72,-2.8359,-1.2912,0.4961,7.8516,18.93,85.78,91.15,1
53.690,-8.94,3.80,-2.1445,-1.0682,-0.5742,8.1602,18.93,84.85,90.11,1
53.708,-9.00,3.86,-1.0742,-1.2878,-0.9180,9.6875,18.93,86.32,89.00,1
53.721,-9.04,3.89,-2.5664,-1.3599,-1.1875,7.2734,18.93,84.55,91.17,1
53.739,-9.09,3.93,-2.2969,-1.6805,-0.1914,8.5000,18.93,84.25,89.09,1
53.758,-9.14,3.94,-1.7227,-1.7636,-1.0742,8.0391,18.93,83.80,89.53,1
53.772,-9.17,3.92,-2.1836,-1.7942,-0.5352,9.0781,18.93,84.70,88.87,1
53.789,-9.23,3.90,-0.4961,-1.5535,-0.0781,11.0742,18.93,82.82,90.28,1
53.808,-9.28,3.96,-0.8047,-1.2613,-1.2656,9.3047,18.93,82.23,88.29,1
53.830,-9.34,4.04,-2.6797,-1.4974,-0.2695,7.0117,18.93,83.38,88.28,1
53.840,-9.37,4.06,-2.6797,-1.6790,-0.2695,7.0117,18.93,82.05,86.88,1
53.861,-9.44,4.10,-0.4609,-1.4450,-0.9180,10.9141,18.93,81.30,88.32,1
53.879,-9.49,4.16,-1.3789,-1.2393,-1.2266,9.7305,18.93,81.08,86.28,1
53.891,-9.52,4.18,-1.9922,-1.3193,-0.6523,9.3086,18.93,81.24,85.12,1
53.909,-9.58,4.23,-1.8398,-1.4979,0.3047,8.3906,18.93,80.37,86.83,1
53.927,-9.65,4.23,0.3828,-1.1226,-1.6836,12.8281,18.93,80.98,86.46,1
53.948,-9.73,4.29,-1.6484,-1.1452,-0.8047,9.1602,18.93,79.67,85.88,1
53.959,-9.75,4.30,-0.1523,-1.1028,-2.0312,11.4961,18.93,78.90,83.14,1
53.977,-9.81,4.39,-2.1836,-1.2283,-1.2266,8.4609,18.93,79.99,84.93,1
54.001,-9.86,4.46,-1.3789,-1.4427,-1.2266,8.3516,18.93,80.17,84.80,1
54.010,-9.88,4.44,-1.3789,-1.4329,-1.2266,8.3516,18.93,78.54,84.98,1
54.031,-9.92,4.47,-1.5313,-1.3797,-1.5703,7.2773,18.93,80.31,82.95,1
54.044,-9.93,4.45,-1.5313,-1.4030,-1.5703,7.2773,18.93,80.40,83.13,1
54.067,-9.94,4.45,-2.2969,-1.4800,-0.4219,7.6953,18.93,78.45,84.62,1
54.079,-9.95,4.41,-0.8828,-1.4924,-1.4570,9.6914,18.93,79.64,82.69,1
54.098,-9.95,4.35,-0.8828,-1.3195,-1.4570,9.6914,18.93,79.54,83.58,1
54.117,-9.94,4.27,-0.8047,-1.1533,-0.9961,10.0703,18.93,77.88,84.61,1
54.129,-9.92,4.23,0.2305,-1.0170,-1.9141,11.0742,18.93,77.37,82.10,1
54.147,-9.89,4.22,1.0742,-0.4050,-1.2656,12.6836,18.93,77.97,82.20,1
54.167,-9.82,4.21,-2.1836,-0.7064,-0.8047,6.3633,18.93,77.47,82.97,1
54.180,-9.80,4.22,-0.1523,-0.5838,-1.6484,11.1133,18.93,77.06,83.97,1
54.197,-9.70,4.16,-1.2266,-0.6992,-1.2266,7.9297,18.93,77.42,80.48,1
54.219,-9.59,4.13,-2.7578,-0.9084,-1.1875,6.8945,18.93,76.52,82.37,1
54.231,-9.53,4.12,-2.7578,-1.1925,-1.1875,6.8945,18.93,75.92,81.95,1
54.250,-9.38,4.05,0.2695,-1.3440,-0.5352,12.7930,18.93,75.92,80.17,1
54.268,-9.21,3.93,-0.5742,-0.9539,-1.2656,10.9531,18.93,74.70,82.64,1
54.287,-9.02,3.84,-0.4219,-0.7907,-1.9141,11.4141,18.93,75.92,80.21,1
54.299,-8.91,3.83,-1.3398,-0.8075,-0.5352,8.5039,18.93,74.62,80.91,1
54.317,-8.69,3.80,-0.8438,-0.8792,-1.5703,8.4648,18.93,73.98,80.82,1
54.338,-8.45,3.74,-0.4961,-0.7922,-1.3398,9.8867,18.93,74.43,80.42,1
54.350,-8.33,3.71,-0.3047,-0.6843,0.1133,9.6523,18.93,74.95,79.70,1
54.367,-8.06,3.64,-0.9180,-0.7124,-1.1484,8.1172,15.17,74.95,79.73,1
54.389,-7.78,3.57,-1.7227,-0.3951,-0.1133,6.4375,15.17,74.23,81.02,1
54.401,-7.63,3.53,-1.7227,-0.5990,-0.1133,6.4375,15.17,72.70,79.19,1
54.421,-7.32,3.45,-1.3398,-0.4289,0.3047,7.7383,15.17,73.54,80.11,1
54.438,-7.03,3.37,0.7266,-0.5219,0.8828,12.3750,15.17,146.24,78.38,1
54.457,-6.73,3.37,-0.5742,-0.3842,1.0352,9.1992,15.17,71.14,78.24,1
54.469,-6.57,3.37,0.2305,-0.3490,0.7266,11.6406,15.17,71.85,75.18,1
54.491,-6.27,3.39,0.7656,-0.0330,1.1484,12.8320,15.17,69.92,77.01,1
54.508,-6.01,3.50,0.2305,0.0751,1.5703,11.6797,15.17,70.96,74.71,1
54.520,-5.89,3.56,-1.4570,-0.2640,0.3828,8.2773,15.17,70.61,73.68,1
54.538,-5.66,3.66,-2.0312,-0.7978,0.7656,7.5469,15.17,68.87,73.68,1
54.561,-5.45,3.71,-0.9570,-0.9296,0.9180,9.1953,15.17,70.24,72.31,1
54.571,-5.35,3.73,-0.9570,-0.9338,0.9180,9.1953,15.17,67.76,73.98,1
54.591,-5.18,3.77,-1.8789,-0.9685,-1.1484,8.1172,15.17,68.62,71.99,1
54.608,-4.98,3.80,-0.9961,-1.1561,-0.2695,9.9648,15.17,67.18,70.91,1
54.627,-4.80,3.86,-0.6523,-1.0255,-0.1914,9.1172,15.17,68.16,71.72,1
54.639,-4.71,3.88,1.7227,-0.7782,-1.4570,14.4414,15.17,65.95,70.01,1
54.659,-4.52,4.00,-1.4570,-0.6293,-0.2305,8.8828,15.17,64.43,70.22,1
54.677,-4.32,4.11,0.4609,-0.4870,-1.6484,13.4492,15.17,64.57,67.90,1
54.690,-4.21,4.21,-2.6445,-0.5898,-0.8047,7.6992,15.17,63.16,65.66,1
54.708,-3.99,4.35,-2.0703,-1.1632,-0.8828,8.1211,15.17,63.75,65.66,1
54.731,-3.77,4.51,-0.5742,-1.3759,-0.3047,10.8008,15.17,62.59,65.16,1
54.741,-3.68,4.58,-0.5742,-1.2527,-0.3047,10.8008,15.17,62.88,66.99,1
54.758,-3.46,4.75,-1.4570,-1.2557,-0.4961,8.5039,15.17,61.20,65.73,1
54.778,-3.24,4.88,-2.0312,-1.3295,-0.6133,8.0391,15.17,61.86,65.05,1
54.798,-3.01,4.97,-2.3750,-1.6448,0.5742,7.8906,15.17,60.58,64.21,1
54.810,-2.90,5.01,-1.1875,-1.7114,-0.6523,9.8477,15.17,61.08,64.29,1
54.829,-2.70,5.12,-1.4570,-1.5844,-0.4609,10.2305,15.17,59.26,63.99,1
54.847,-2.50,5.24,-2.5664,-1.7865,-0.1914,7.6602,15.17,59.07,63.82,1
54.860,-2.39,5.29,-1.0352,-1.7838,0.3047,10.8789,15.17,57.76,61.78,1
54.878,-2.20,5.39,-2.9492,-1.9522,0.2695,7.8555,15.17,58.12,61.78,1
54.898,-2.03,5.47,-2.2617,-2.0828,0.2695,9.2656,15.17,56.11,61.29,1
54.911,-1.95,5.53,-2.4883,-2.1725,-0.6523,8.1992,15.17,55.88,58.83,1
54.928,-1.78,5.62,-2.7969,-2.3304,0.0781,8.3945,15.17,54.65,59.38,1
54.949,-1.63,5.67,-1.9922,-2.3353,0.0000,9.9609,15.17,54.09,59.38,1
54.962,-1.56,5.71,-1.9922,-2.2826,0.0000,9.9609,15.17,52.82,57.91,1
54.981,-1.43,5.79,-3.0273,-2.2823,0.1914,7.2734,15.17,52.82,57.91,1
54.999,-1.33,5.84,-2.3359,-2.4383,-0.1523,9.9258,15.17,51.50,55.87,1
55.018,-1.22,5.89,-2.8711,-2.5218,-0.4609,8.3555,15.17,51.50,55.22,1
55.030,-1.18,5.92,-2.5273,-2.5480,0.5352,9.0391,15.17,50.52,54.38,1
55.047,-1.10,5.97,-2.1836,-2.4649,-0.3828,9.8828,15.17,49.22,53.30,1
55.067,-1.04,6.04,-2.2969,-2.4102,0.5742,8.8437,15.17,49.23,52.47,1
55.081,-1.04,6.04,-3.3320,-2.5518,0.4961,8.2344,15.17,47.93,51.59,1
55.098,-0.94,6.12,-1.1094,-2.3259,-0.2695,10.1875,15.17,47.93,50.56,1
55.120,-0.87,6.14,-0.1133,-2.1902,0.5742,12.1055,15.17,48.26,50.20,1
55.132,-0.85,6.16,-0.1133,-1.8712,0.5742,12.1055,15.17,47.07,50.20,1
55.151,-0.82,6.22,-1.4922,-1.9834,-0.0781,9.0781,15.17,47.87,49.82,1
55.168,-0.80,6.22,-0.9961,-1.8044,-1.6484,9.7266,15.17,46.33,50.03,1
55.187,-0.79,6.25,-1.5313,-1.6473,-1.0742,8.7773,15.17,46.33,48.97,1
55.200,-0.78,6.25,-0.8047,-1.5713,-1.3789,9.0000,15.17,47.59,50.30,1
55.219,-0.76,6.23,-0.6133,-1.2676,-0.6523,10.0039,15.17,46.08,50.30,1
55.238,-0.73,6.16,-1.5703,-1.2938,-0.5742,7.6953,15.17,47.27,50.24,1
55.251,-0.72,6.14,-0.5742,-1.2566,-0.3047,9.8047,15.17,45.72,50.24,1
55.268,-0.70,6.09,-0.6133,-1.0326,-0.8828,10.0742,15.17,45.72,48.37,1
55.291,-0.69,6.10,-1.0352,-1.0403,0.0391,8.3945,15.17,46.69,49.52,1
55.302,-0.68,6.08,-1.0352,-1.0395,0.0391,8.3945,15.17,45.37,48.15,1
55.321,-0.66,6.04,-0.6914,-0.8547,-0.2695,9.3437,15.17,45.91,48.09,1
55.339,-0.65,6.01,-1.1094,-0.8418,-0.7656,9.1602,15.17,44.80,48.09,1
55.360,-0.63,5.97,0.9570,-0.4757,-1.5313,11.6055,15.17,44.80,47.60,1
55.370,-0.62,5.99,-1.6836,-0.4669,-0.5742,7.6289,12.24,44.73,47.39,1
55.389,-0.60,6.01,-0.6523,-0.7294,-1.2266,9.5430,12.24,43.65,46.02,1
55.407,-0.57,6.06,-2.0312,-1.0083,-1.3789,7.4687,12.24,43.44,46.51,1
55.421,-0.55,6.05,-1.1875,-1.0980,-0.1523,9.6914,12.24,43.44,46.51,1
55.438,-0.51,6.04,-1.5703,-1.2132,-0.4609,9.1953,12.24,42.41,44.27,1
55.458,-0.46,6.07,0.3437,-0.8909,-1.1875,11.4531,12.24,42.01,45.46,1
55.472,-0.44,6.10,-0.6133,-0.8294,-0.3437,10.9531,12.24,42.01,42.61,1
55.489,-0.39,6.19,-1.6836,-1.0050,-0.8438,8.9258,12.24,40.55,42.61,1
55.509,-0.32,6.20,-0.5352,-1.7050,-0.1523,10.7305,12.24,40.89,42.59,1
55.528,-0.27,6.23,-1.5703,-1.4561,-0.0391,9.2656,12.24,39.51,42.00,1
55.540,-0.25,6.26,-1.4922,-1.4751,0.2305,9.1602,12.24,39.51,42.00,1
55.558,-0.22,6.31,-1.4922,-1.4799,0.5352,9.0000,12.24,39.42,42.47,1
55.578,-0.20,6.33,-1.1875,-1.4167,0.1914,10.2266,12.24,39.42,40.16,1
55.591,-0.20,6.34,-1.9922,-1.4459,0.4609,9.5000,12.24,38.01,41.05,1
55.608,-0.21,6.37,-0.9180,-1.3944,-0.1914,10.7695,12.24,37.74,41.05,1
55.627,-0.23,6.41,-3.2187,-1.7685,-0.7656,6.7852,12.24,37.74,39.41,1
55.642,-0.24,6.41,-2.4883,-1.9278,0.0000,8.3906,12.24,36.69,38.55,1
55.660,-0.26,6.42,-1.3789,-1.8412,-0.2695,10.3867,12.24,36.23,38.55,1
55.680,-0.30,6.46,-1.4570,-1.7500,-0.5742,9.2695,12.24,36.23,38.42,1
55.699,-0.34,6.48,-1.6094,-1.6791,-1.0352,9.5000,12.24,35.00,37.21,1
55.710,-0.35,6.49,-1.5703,-1.6606,-0.6523,9.6484,12.24,35.00,37.21,1
55.729,-0.39,6.51,-2.1836,-1.6840,-0.8438,8.8437,12.24,34.35,35.93,1
55.747,-0.41,6.51,-1.5703,-1.7186,-1.0352,10.3477,12.24,34.35,35.93,1
55.761,-0.41,6.51,-3.8672,-1.8796,-0.4961,6.6289,12.24,32.64,35.30,1
55.778,-0.43,6.45,-1.6484,-2.0662,-0.8047,10.6094,12.24,32.64,35.30,1
55.798,-0.44,6.45,-1.6836,-1.9555,-0.6914,10.4531,12.24,32.28,33.86,1
55.812,-0.45,6.45,-1.6094,-1.9078,-1.1484,9.9219,12.24,30.53,32.89,1
55.829,-0.47,6.47,-1.6484,-1.8147,-0.6523,10.2266,12.24,30.53,32.89,1
55.851,-0.47,6.50,-1.7227,-1.7639,-0.3047,9.2695,12.24,29.51,30.98,1
55.869,-0.49,6.52,-2.1055,-1.7829,-0.6523,9.1211,12.24,29.51,30.98,1
55.880,-0.49,6.50,-1.4922,-1.8052,-0.7656,9.4219,12.24,29.51,30.98,1
55.899,-0.49,6.52,-2.0312,-1.7595,-0.4219,9.3867,12.24,28.04,30.44,1
55.918,-0.48,6.55,-0.8047,-1.5807,-0.5742,11.1914,12.24,28.04,28.73,1
55.931,-0.48,6.58,-3.7930,-1.7006,-1.1484,6.5469,12.24,26.80,28.73,1
55.949,-0.48,6.60,-2.1836,-2.0468,-0.5742,9.3867,12.24,26.80,28.73,1
55.967,-0.49,6.61,-2.3750,-2.1280,-0.7656,8.5430,12.24,25.37,27.69,1
55.991,-0.51,6.60,-1.1875,-1.9374,-0.5742,10.1875,12.24,25.37,27.69,1
56.000,-0.51,6.58,-1.1875,-1.8222,-0.5742,10.1875,12.24,24.01,25.82,1
56.021,-0.54,6.62,-2.9492,-1.7388,0.2695,7.7734,12.24,24.01,25.82,1
56.038,-0.56,6.64,-2.1445,-2.0177,-0.4609,8.8828,12.24,24.01,24.42,1
56.052,-0.60,6.65,-2.4883,-2.0733,-0.5742,8.3125,12.24,21.87,24.42,1
56.069,-0.64,6.64,-2.4883,-2.1910,-0.5352,9.0781,12.24,21.87,24.42,1
56.088,-0.67,6.64,-1.5313,-2.1283,-0.4961,11.1133,12.24,21.87,22.19,1
56.101,-0.73,6.63,-2.6445,-2.0852,-0.7266,8.9258,12.24,20.38,22.19,1
56.118,-0.79,6.63,-1.8398,-2.1795,-0.2695,10.2656,12.24,20.38,22.19,1
56.137,-0.86,6.62,-2.5664,-2.2245,-1.1875,9.2656,12.24,20.38,20.67,1
56.152,-0.90,6.62,-1.3008,-2.1758,-0.9961,11.1133,12.24,18.02,20.67,1
56.169,-0.95,6.64,-2.6055,-2.1662,-1.2656,9.8437,12.24,18.02,20.67,1
56.187,-1.00,6.67,-2.1055,-2.1801,-1.3789,10.6094,12.24,18.02,17.73,1
56.209,-1.03,6.69,-2.1445,-2.3779,-0.8828,10.7969,12.24,18.02,17.73,1
56.220,-1.06,6.72,-2.1445,-2.3421,-0.8828,10.7969,12.24,15.75,17.73,1
56.241,-1.10,6.74,-2.7969,-2.4574,-0.7656,8.1992,12.24,15.75,17.73,1
56.258,-1.14,6.75,-2.4141,-2.5230,-0.8828,8.9609,12.24,15.75,15.16,1
56.271,-1.16,6.75,-2.1445,-2.4774,-1.1875,9.1172,12.24,15.75,15.16,1
56.289,-1.19,6.76,-1.8398,-2.3586,-0.8047,9.4609,12.24,15.75,15.16,1
56.307,-1.24,6.76,-2.0312,-2.2241,-0.9961,9.7695,12.24,12.68,15.16,1
56.322,-1.25,6.78,-1.3398,-2.1392,-1.4570,9.6914,12.24,12.68,15.16,1
56.339,-1.29,6.81,-2.1055,-2.0361,-0.9570,8.8125,12.24,12.68,11.42,1
56.358,-1.31,6.81,-1.6094,-1.9460,-1.1484,9.1211,5.56,12.68,11.42,1
56.381,-1.32,6.80,-1.3789,-2.0625,-0.7656,9.9258,5.56,12.68,11.42,1
56.390,-1.32,6.81,-1.3789,-1.9575,-0.7656,9.9258,5.56,12.68,11.42,1
56.418,-1.34,6.84,-1.0742,-1.6742,-0.9961,9.7266,5.56,9.39,11.42,1
56.428,-1.34,6.86,-1.3789,-1.6064,-1.1094,8.6562,5.56,9.39,11.42,1
56.442,-1.35,6.86,-0.4961,-1.4855,-1.3398,10.0039,5.56,9.39,11.42,1
56.458,-1.35,6.88,-1.4180,-1.2786,-1.2656,8.5000,5.56,9.39,11.42,1
56.478,-1.34,6.88,-0.8828,-1.2077,-1.1875,9.3477,5.56,9.39,8.00,1
56.492,-1.33,6.86,-0.7656,-1.1484,-1.5703,8.8164,5.56,9.39,8.00,1
56.509,-1.31,6.85,-1.3398,-1.1281,-0.9961,8.6602,5.56,9.39,8.00,1
56.527,-1.26,6.84,-0.6133,-1.0273,-1.1484,9.5000,5.56,9.39,8.00,1
56.550,-1.22,6.85,-0.0391,-0.9731,-0.9961,10.1094,5.56,9.39,8.00,1
56.560,-1.20,6.84,-0.0391,-0.8296,-0.9961,10.1094,5.56,9.39,8.00,1
56.581,-1.14,6.86,0.0781,-0.7535,-1.4180,9.6484,5.56,5.98,8.00,1
56.599,-1.08,6.86,-0.4609,-0.5608,-0.8047,9.8086,5.56,5.98,8.00,1
56.612,-1.04,6.85,0.1133,-0.4928,-0.9961,10.0039,5.56,5.98,8.00,1
56.629,-0.97,6.84,-0.9961,-0.4096,-0.9180,8.3516,5.56,5.98,8.00,1
56.648,-0.89,6.82,-0.6133,-0.5248,-0.7266,9.4219,5.56,5.98,8.00,1
56.662,-0.86,6.81,-0.2305,-0.5078,-1.3789,9.0000,5.56,5.98,5.16,1
56.680,-0.78,6.82,-1.1875,-0.5057,-0.9180,8.4219,5.56,5.98,5.16,1
56.697,-0.70,6.84,-0.3047,-0.5428,-0.7656,9.4648,5.56,5.98,5.16,1
56.721,-0.62,6.83,0.1523,-0.6438,-0.3437,10.1914,5.56,5.98,5.16,1
56.730,-0.57,6.82,0.1523,-0.5215,-0.3437,10.1914,5.56,5.98,5.16,1
56.747,-0.49,6.80,-0.3828,-0.4488,-0.8438,8.5820,5.56,5.98,5.16,1
56.769,-0.41,6.78,-0.0391,-0.4885,-0.2695,10.0039,5.56,5.98,5.16,1
56.789,-0.33,6.76,-0.4609,-0.4286,-1.1094,8.7734,5.56,5.98,5.16,1
56.799,-0.28,6.74,0.1914,-0.3814,-0.1914,10.3867,5.56,5.98,5.16,1
56.818,-0.21,6.71,-0.8438,-0.3018,-0.3828,8.9648,5.56,5.98,5.16,1
56.832,-0.18,6.69,0.0000,-0.3542,-0.4219,9.7695,5.56,5.98,5.16,1
56.849,-0.11,6.67,0.3828,-0.2231,0.0391,10.8008,5.56,5.98,5.16,1
56.867,-0.05,6.65,0.0781,-0.0840,-0.4219,10.0352,5.56,5.98,5.16,1
56.887,-0.00,6.62,-0.6914,-0.2083,-0.2305,9.0820,5.56,3.31,5.16,1
56.900,0.01,6.63,-0.8047,-0.3403,-0.1523,9.6523,5.56,3.31,5.16,1
56.918,0.04,6.62,0.3437,-0.2178,-0.8828,10.1484,5.56,3.31,5.16,1
56.939,0.07,6.60,-0.3437,-0.2774,-0.2305,10.2266,5.56,3.31,5.16,1
56.951,0.08,6.61,-0.3437,-0.2876,-0.2305,10.2266,5.56,3.31,5.16,1
56.970,0.10,6.62,-0.3437,-0.3067,-0.1914,10.9180,5.56,3.31,5.16,1
56.990,0.11,6.67,-1.1094,-0.3785,-0.6914,9.6914,5.56,3.31,5.16,1
57.008,0.11,6.75,-1.9922,-0.8230,-1.1094,7.0898,5.56,3.31,5.16,1
57.019,0.09,6.80,-1.1094,-0.9320,-1.1094,8.8477,5.56,3.31,5.16,1
57.038,0.06,6.91,-1.5703,-1.0945,-1.1875,7.2344,5.56,3.31,5.16,1
57.058,0.05,6.94,0.3047,-0.8145,-0.3828,10.1133,5.56,3.31,5.16,1
57.070,0.04,6.96,-0.5742,-0.7613,-0.4961,9.3437,5.56,3.31,5.16,1
57.088,0.02,7.00,0.1523,-0.5474,-0.7656,9.6133,5.56,3.31,5.16,1
57.110,0.02,7.03,0.3437,-0.2936,-0.9180,9.3047,5.56,3.31,5.16,1
57.121,0.02,7.05,0.3437,-0.1957,-0.9180,9.3047,5.56,3.31,5.16,1
57.141,0.03,7.04,0.1914,-0.1878,-0.5352,9.1992,5.56,3.31,5.16,1
57.160,0.03,7.04,0.6914,-0.0403,-0.5742,10.6484,5.56,3.31,0.00,1
57.172,0.04,7.05,-0.3828,0.0357,-0.8438,8.4648,5.56,3.31,0.00,1
57.189,0.05,7.03,-0.1133,-0.0614,-0.6133,9.7656,5.56,3.31,0.00,1
57.208,0.07,7.03,-0.8828,-0.2494,-0.6914,7.8125,5.56,3.31,0.00,1
57.228,0.09,6.99,0.4219,-0.1403,-0.1523,10.0703,5.56,3.31,0.00,1
57.240,0.09,7.00,-0.3828,-0.1940,-0.1133,9.6094,5.56,3.31,0.00,1
57.258,0.12,7.00,0.2305,-0.1226,-0.8438,9.5391,5.56,3.31,0.00,1
57.281,0.13,7.00,0.2305,-0.0881,-0.9961,10.0352,5.56,3.31,0.00,1
57.291,0.14,7.01,0.2305,-0.0392,-0.9961,10.0352,5.56,3.31,0.00,1
57.308,0.17,6.98,-0.6133,-0.1495,-0.6133,8.6211,5.56,3.31,0.00,1
57.329,0.19,6.95,0.1133,-0.0599,-0.6133,9.4219,5.56,3.31,0.00,1
57.349,0.21,6.94,-0.6523,-0.1284,-0.1133,8.9648,5.56,3.31,0.00,1
57.359,0.23,6.90,0.1133,-0.1476,-0.3047,10.0000,5.56,3.31,0.00,1
57.380,0.23,6.90,-0.4961,-0.1672,-1.0352,8.6211,0.09,0.00,0.00,1
57.398,0.28,6.87,0.5352,-0.0511,-0.7266,10.0742,0.09,0.00,0.00,1
57.410,0.29,6.88,-0.1914,-0.0192,-0.8047,9.7305,0.09,0.00,0.00,1
57.427,0.33,6.89,0.5352,0.0829,-1.1875,9.6094,0.09,0.00,0.00,1
57.448,0.38,6.89,0.2305,0.1437,-0.4961,9.6523,0.09,0.00,0.00,1
57.461,0.41,6.90,0.4609,0.2139,-0.6133,9.5820,0.09,0.00,0.00,1
57.479,0.47,6.86,-0.7656,0.0125,-0.3047,7.8164,0.09,0.00,0.00,1
57.499,0.53,6.80,0.2695,0.0594,-0.6133,9.6914,0.09,0.00,0.00,1
57.519,0.59,6.78,-0.4961,-0.0384,-0.7266,8.5430,0.09,0.00,0.00,1
57.529,0.62,6.77,-0.1133,-0.0781,-0.6523,9.6484,0.09,0.00,0.00,1
57.549,0.68,6.78,-0.9570,-0.1556,-0.9961,7.5469,0.09,0.00,0.00,1
57.568,0.76,6.76,0.2695,-0.1574,-0.5352,9.9219,0.09,0.00,0.00,1
57.580,0.79,6.76,0.0781,-0.1071,-0.4609,9.7305,0.09,0.00,0.00,1
57.599,0.87,6.76,-0.0391,-0.0699,-0.8828,9.1211,0.09,0.00,0.00,1
57.619,0.97,6.74,0.0781,-0.0352,-0.5352,9.3477,0.09,0.00,0.00,1
57.631,1.01,6.73,0.6914,0.1256,-0.7656,10.0039,0.09,0.00,0.00,1
57.648,1.12,6.67,-0.6523,-0.0113,-0.6523,7.8555,0.09,0.00,0.00,1
57.670,1.21,6.60,0.0781,0.0472,-0.8438,9.2305,0.09,0.00,0.00,1
57.682,1.26,6.59,0.0781,0.0519,-0.8438,9.2305,0.09,0.00,0.00,1
57.701,1.37,6.59,0.3047,0.0790,-0.4961,9.6133,0.09,0.00,0.00,1
57.719,1.50,6.59,0.1914,0.1339,-0.4609,9.3437,0.09,0.00,0.00,1
57.738,1.63,6.56,0.2695,0.1708,0.0000,9.0039,0.09,0.00,0.00,1
57.750,1.68,6.53,0.1914,0.1797,0.4609,9.7695,0.09,0.00,0.00,1
57.767,1.78,6.49,0.6523,0.2857,-0.2305,9.5781,0.09,0.00,0.00,1
57.789,1.89,6.47,-0.2305,0.1943,-0.3828,9.4609,0.09,0.00,0.00,1
57.801,1.89,6.47,0.1914,0.1939,-0.4609,10.3437,0.09,0.00,0.00,1
57.818,2.10,6.48,-0.6914,-0.0023,0.2305,8.8125,0.09,0.00,0.00,1
57.841,2.23,6.47,0.3828,0.1302,0.6133,10.2656,0.09,0.00,0.00,1
57.852,2.27,6.46,0.3828,0.1690,0.6133,10.2656,0.09,0.00,0.00,1
57.871,2.36,6.46,-0.1133,0.3430,-0.1133,9.4219,0.09,0.00,0.00,1
57.889,2.44,6.46,0.9961,0.3023,-0.1523,10.3477,0.09,0.00,0.00,1
57.907,2.55,6.50,-0.7266,0.1576,0.1133,8.0820,0.09,0.00,0.00,1
57.920,2.60,6.50,0.3047,0.1043,0.7266,9.6133,0.09,0.00,0.00,1
57.939,2.68,6.53,-0.2695,0.0455,0.5742,9.2266,0.09,0.00,0.00,1
57.958,2.74,6.55,-0.6523,-0.1285,0.2695,8.4219,0.09,0.00,0.00,1
57.971,2.77,6.54,-0.1523,-0.1690,-0.0391,9.0820,0.09,0.00,0.00,1
57.988,2.85,6.55,0.1523,-0.0959,-0.1133,9.5430,0.09,0.00,0.00,1
58.007,2.93,6.54,0.1523,-0.0255,0.4961,9.1953,0.09,0.00,0.00,1
58.022,2.96,6.56,0.3437,0.0562,0.2695,9.5820,0.09,0.00,0.00,1
58.048,3.05,6.57,-0.5352,-0.0179,0.1133,8.1602,0.09,0.00,0.00,1
58.060,3.08,6.56,-0.0781,-0.0608,0.0781,9.5039,0.09,0.00,0.00,1
58.079,3.14,6.57,-0.9570,-0.2612,0.1133,7.5898,0.09,0.00,0.00,1
58.090,3.17,6.56,0.3828,-0.2609,0.6133,9.9219,0.09,0.00,0.00,1
58.109,3.23,6.53,-0.1914,-0.1243,0.4219,9.5820,0.09,0.00,0.00,1
58.127,3.28,6.54,-0.0781,-0.1221,0.0000,9.2305,0.09,0.00,0.00,1
58.141,3.30,6.54,-0.0391,-0.1122,0.1133,9.5039,0.09,0.00,0.00,1
58.158,3.35,6.55,0.5352,0.0398,-0.1523,10.2656,0.09,0.00,0.00,1
58.178,3.41,6.53,-0.8047,-0.1162,0.3828,8.0781,0.09,0.00,0.00,1
58.192,3.43,6.52,0.0391,-0.0819,1.0352,9.8477,0.09,0.00,0.00,1
58.210,3.47,6.48,0.1914,-0.0139,-0.5742,9.1953,0.09,0.00,0.00,1
58.230,3.50,6.47,0.3047,-0.1396,0.5352,9.4609,0.09,0.00,0.00,1
58.249,3.54,6.49,-0.2305,-0.0564,-0.7266,8.9258,0.09,0.00,0.00,1
58.261,3.56,6.49,0.5742,-0.0306,0.7266,10.1875,0.09,0.00,0.00,1
58.279,3.59,6.49,0.0391,0.0981,-0.0391,9.4648,0.09,0.00,0.00,1
58.297,3.61,6.49,0.5742,0.1964,0.4219,9.7656,0.09,0.00,0.00,1
58.311,3.60,6.47,0.1914,0.2238,0.5742,9.4219,0.09,0.00,0.00,1
58.329,3.60,6.43,0.4609,0.2724,0.2305,9.7266,0.09,0.00,0.00,1
58.347,3.61,6.38,-0.9570,0.0121,0.4219,7.5508,0.09,0.00,0.00,1
58.362,3.61,6.35,0.0000,0.0094,0.4219,9.6523,0.04,0.00,0.00,1
58.379,3.61,6.33,-0.0391,-0.0019,0.2305,9.7266,0.04,0.00,0.00,1
58.401,3.60,6.31,0.0000,-0.1363,0.4961,9.6094,0.04,0.00,0.00,1
58.419,3.60,6.28,0.0000,-0.0977,-0.0391,9.9219,0.04,0.00,0.00,1
58.432,3.60,6.27,0.0000,-0.0760,0.9961,9.7656,0.04,0.00,0.00,1
58.448,3.60,6.27,-0.9180,-0.1279,0.4961,8.4648,0.04,0.00,0.00,1
58.468,3.59,6.23,-0.1523,-0.2278,0.1133,8.9648,0.04,0.00,0.00,1
58.481,3.59,6.22,-0.2305,-0.2225,0.4609,9.0781,0.04,0.00,0.00,1
58.499,3.58,6.16,0.2695,-0.1145,0.1914,9.8437,0.04,0.00,0.00,1
58.518,3.58,6.11,-0.5742,-0.1923,0.3437,8.3164,0.04,0.00,0.00,1
58.532,3.57,6.09,0.0391,-0.2019,0.5742,9.4609,0.04,0.00,0.00,1
58.549,3.55,6.06,0.1914,-0.0861,0.3828,9.6523,0.04,0.00,0.00,1
58.571,3.53,6.04,0.0391,-0.1285,0.1914,9.5781,0.04,0.00,0.00,1
58.589,3.52,6.01,-0.2305,-0.1026,-0.2305,8.9648,0.04,0.00,0.00,1
58.601,3.51,5.99,0.4219,-0.0787,0.3437,9.7695,0.04,0.00,0.00,1
58.620,3.51,5.92,0.1133,0.0386,0.3828,10.1484,0.04,0.00,0.00,1
58.638,3.50,5.87,0.6523,0.1834,-0.0391,9.9648,0.04,0.00,0.00,1
58.651,3.49,5.86,-0.4219,0.1695,0.3047,8.8125,0.04,0.00,0.00,1
58.669,3.50,5.83,-0.0781,0.0293,0.2695,9.4648,0.04,0.00,0.00,1
58.687,3.49,5.81,-1.0352,-0.2192,0.1133,7.6289,0.04,0.00,0.00,1
58.702,3.49,5.78,0.3828,-0.2311,0.4219,10.2266,0.04,0.00,0.00,1
58.719,3.49,5.74,0.1523,-0.0728,0.0391,9.5430,0.04,0.00,0.00,1
58.742,3.49,5.72,0.1523,-0.0430,0.3047,9.3828,0.04,0.00,0.00,1
58.760,3.49,5.68,0.3047,0.0246,0.1914,9.9648,0.04,0.00,0.00,1
58.772,3.49,5.67,-0.0781,0.0560,0.4609,9.0820,0.04,0.00,0.00,1
58.789,3.49,5.63,0.2305,0.0426,0.5352,9.6523,0.04,0.00,0.00,1
58.808,3.48,5.63,0.2305,0.0959,0.4219,9.9648,0.04,0.00,0.00,1
58.821,3.47,5.63,-0.5742,0.0613,0.4609,8.2734,0.04,0.00,0.00,1
58.839,3.46,5.61,-0.1914,-0.0883,0.6523,9.3086,0.04,0.00,0.00,1
58.858,3.45,5.58,-0.6523,-0.2255,0.1914,8.3164,0.04,0.00,0.00,1
58.872,3.45,5.55,0.3047,-0.2145,0.5742,10.0312,0.04,0.00,0.00,1
58.889,3.43,5.51,-0.1133,-0.1300,0.5352,9.8477,0.04,0.00,0.00,1
58.908,3.41,5.49,0.1914,-0.0578,0.1133,9.4258,0.04,0.00,0.00,1
58.929,3.36,5.41,0.3437,-0.0004,0.3047,9.7266,0.04,0.00,0.00,1
58.940,3.32,5.36,0.3437,0.0525,0.3047,9.7266,0.04,0.00,0.00,1
58.960,3.26,5.25,0.0391,-0.1325,0.7266,10.0312,0.04,0.00,0.00,1
58.980,3.20,5.16,0.1523,-0.0748,0.0391,9.4648,0.04,0.00,0.00,1
58.991,3.17,5.12,-0.5352,-0.0795,0.4219,8.6562,0.04,0.00,0.00,1
59.010,3.11,5.02,-0.0781,-0.1722,0.1914,9.5000,0.04,0.00,0.00,1
59.027,3.06,4.94,-0.3047,-0.1903,0.0000,8.7344,0.04,0.00,0.00,1
59.042,3.04,4.90,0.5352,-0.1406,0.6133,10.1484,0.04,0.00,0.00,1
59.059,2.99,4.83,0.3047,0.0387,0.4609,9.6133,0.04,0.00,0.00,1
59.078,2.93,4.80,0.5352,0.1652,0.1523,10.2305,0.04,0.00,0.00,1
59.101,2.88,4.76,0.2305,0.0463,0.3047,10.1484,0.04,0.00,0.00,1
59.110,2.86,4.75,0.2305,0.0746,0.3047,10.1484,0.04,0.00,0.00,1
59.130,2.81,4.69,0.2695,-0.1809,0.4961,10.0039,0.04,0.00,0.00,1
59.149,2.76,4.63,-0.4961,-0.1144,0.0000,8.8867,0.04,0.00,0.00,1
59.161,2.73,4.60,0.0781,-0.1529,0.1523,9.1953,0.04,0.00,0.00,1
59.180,2.68,4.57,-0.1914,-0.1090,0.4219,9.3867,0.04,0.00,0.00,1
59.198,2.64,4.55,0.2305,-0.0437,-0.0391,9.3828,0.04,0.00,0.00,1
59.212,2.62,4.54,-0.7656,-0.0813,0.6914,8.3125,0.04,0.00,0.00,1
59.229,2.60,4.51,0.0000,-0.1578,0.3828,9.3477,0.04,0.00,0.00,1
59.248,2.52,4.43,0.1914,-0.0616,-0.0781,9.8086,0.04,0.00,0.00,1
59.271,2.48,4.39,-0.1133,-0.1477,0.1523,9.3477,0.04,0.00,0.00,1
59.280,2.46,4.37,-0.1133,-0.1424,0.1523,9.3477,0.04,0.00,0.00,1
59.301,2.42,4.34,0.2695,-0.2195,0.6523,9.8477,0.04,0.00,0.00,1
59.319,2.37,4.31,0.1523,-0.0902,0.1523,9.2656,0.04,0.00,0.00,1
59.337,2.32,4.27,0.8047,0.1368,-0.1133,10.2266,0.04,0.00,0.00,1
59.349,2.29,4.25,-0.0781,0.1688,0.6133,9.4219,0.04,0.00,0.00,1
59.369,2.27,4.23,0.2695,0.1522,0.1914,9.7266,0.00,0.00,0.00,1
59.382,2.21,4.21,-1.0742,0.0627,0.1523,8.0391,0.00,0.00,0.00,1
59.399,2.16,4.18,-1.0742,-0.2597,0.1523,8.0391,0.00,0.00,0.00,1
59.418,2.10,4.16,0.0000,-0.2997,0.0391,9.5430,0.00,0.00,0.00,1
59.441,2.04,4.15,-0.2305,-0.1770,0.1133,8.8437,0.00,0.00,0.00,1
59.450,2.02,4.13,-0.2305,-0.1852,0.1133,8.8437,0.00,0.00,0.00,1
59.469,1.95,4.11,0.3047,-0.0796,0.3047,9.9219,0.00,0.00,0.00,1
59.489,1.90,4.08,0.1133,-0.2238,0.7266,10.1094,0.00,0.00,0.00,1
59.507,1.88,4.08,0.3047,-0.0988,-0.4219,9.4648,0.00,0.00,0.00,1
59.519,1.82,4.07,-0.3047,-0.0856,0.1523,9.2266,0.00,0.00,0.00,1
59.539,1.76,4.05,0.0000,-0.1233,-0.1133,9.0039,0.00,0.00,0.00,1
59.552,1.73,4.04,0.3437,-0.0685,-0.1914,9.5000,0.00,0.00,0.00,1
59.570,1.68,4.01,0.1133,0.0299,0.4609,9.0820,0.00,0.00,0.00,1
59.587,1.58,3.86,0.4219,0.1267,0.0000,9.1172,0.00,0.00,0.00,1
59.607,1.50,3.75,0.4219,0.2104,-0.1914,9.7656,0.00,0.00,0.00,1
59.620,1.45,3.70,-0.5742,0.0367,0.1133,8.3555,0.00,0.00,0.00,1
59.639,1.39,3.60,0.0391,-0.0008,-0.0781,9.3047,0.00,0.00,0.00,1
59.660,1.33,3.51,0.7266,-0.0627,-0.0391,10.1094,0.00,0.00,0.00,1
59.671,1.30,3.46,0.7266,0.0586,-0.0391,10.1094,0.00,0.00,0.00,1
59.691,1.26,3.40,0.8438,0.2336,-0.2305,10.7695,0.00,0.00,0.00,1
59.709,1.21,3.36,-0.0391,0.3360,0.0781,8.8867,0.00,0.00,0.00,1
59.722,1.19,3.32,0.6914,0.3115,0.2305,10.3867,0.00,0.00,0.00,1
59.739,1.16,3.28,-1.3008,0.2598,-0.1914,7.1680,0.00,0.00,0.00,1
59.758,1.13,3.21,0.4961,0.1255,0.2305,10.1875,0.00,0.00,0.00,1
59.773,1.11,3.19,-0.7656,0.0815,-0.3437,8.8164,0.00,0.00,0.00,1
59.790,1.10,3.18,-0.2695,-0.0826,-0.2695,9.0039,0.00,0.00,0.00,1
59.808,1.06,3.14,0.1133,-0.0509,-0.0391,9.9219,0.00,0.00,0.00,1
59.831,1.04,3.10,0.3047,-0.0788,0.1914,9.7656,0.00,0.00,0.00,1
59.841,1.04,3.06,0.3047,-0.0199,0.1914,9.7656,0.00,0.00,0.00,1
59.861,1.03,3.01,0.5742,-0.0197,0.0391,10.4961,0.00,0.00,0.00,1
59.879,1.03,2.96,0.1914,0.1181,0.0781,9.5000,0.00,0.00,0.00,1
59.892,1.03,2.93,0.1914,0.1343,0.1914,10.2656,0.00,0.00,0.00,1
59.909,1.02,2.91,-0.4961,0.0955,0.0781,8.2773,0.00,0.00,0.00,1
59.928,1.02,2.87,-0.1914,-0.0387,0.2305,9.6484,0.00,0.00,0.00,1
59.948,1.01,2.84,1.1875,0.2231,-0.0391,10.7656,0.00,0.00,0.00,1
59.960,1.01,2.83,-0.1523,0.2641,0.0391,9.1953,0.00,0.00,0.00,1
59.978,0.99,2.83,0.0000,0.1558,0.3437,9.1211,0.00,0.00,0.00,1
60.001,0.99,2.78,-0.0781,-0.0833,0.5352,9.6094,0.00,0.00,0.00,1
60.011,0.97,2.78,-0.0781,-0.0825,0.5352,9.6094,0.00,0.00,0.00,1
60.028,0.95,2.75,1.3398,0.2326,0.1523,11.2578,0.00,0.00,0.00,1
60.049,0.93,2.74,-1.1875,0.1184,-0.0391,7.8555,0.00,0.00,0.00,1
60.068,0.91,2.70,0.2695,-0.0043,0.1523,9.5430,0.00,0.00,0.00,1
60.080,0.89,2.69,0.2305,0.0346,-0.0391,10.2266,0.00,0.00,0.00,1
60.100,0.87,2.68,-0.8047,-0.0689,-0.1133,8.6562,0.00,0.00,0.00,1
60.119,0.84,2.68,-0.7266,-0.3024,-0.4219,7.8125,0.00,0.00,0.00,1
60.130,0.83,2.64,1.0352,-0.2266,-0.3437,11.3008,0.00,0.00,0.00,1
60.148,0.82,2.64,0.1133,-0.0005,0.2695,9.0820,0.00,0.00,0.00,1
60.172,0.79,2.62,-0.8438,-0.2172,0.0391,8.4219,0.00,0.00,0.00,1
60.181,0.78,2.62,-0.8438,-0.3135,0.0391,8.4219,0.00,0.00,0.00,1
60.199,0.77,2.59,1.0352,-0.0480,-0.0391,10.4531,0.00,0.00,0.00,1
60.219,0.73,2.53,-0.3437,0.0407,0.0391,9.3477,0.00,0.00,0.00,1
60.232,0.72,2.49,-0.3437,-0.0183,0.0391,9.3477,0.00,0.00,0.00,1
60.252,0.71,2.43,0.3828,-0.1728,-0.2695,9.8047,0.00,0.00,0.00,1
60.269,0.69,2.37,0.1133,-0.0368,-0.0781,9.3477,0.00,0.00,0.00,1
60.288,0.68,2.33,-0.8047,-0.1888,-0.3047,8.8477,0.00,0.00,0.00,1
60.300,0.69,2.31,0.2695,-0.1975,-0.0391,9.5820,0.00,0.00,0.00,1
60.318,0.69,2.27,-0.2305,-0.1489,-0.4219,9.0820,0.00,0.00,0.00,1
60.338,0.70,2.23,0.2305,-0.0700,0.7266,10.5352,0.00,0.00,0.00,1
60.351,0.70,2.23,0.2695,0.0051,-0.5742,9.0391,0.02,0.00,0.00,1
60.368,0.70,2.21,0.0000,0.0205,0.3047,9.6875,0.02,0.00,0.00,1
60.391,0.70,2.21,-0.5742,-0.0029,0.0391,8.5391,0.02,0.00,0.00,1
60.402,0.71,2.19,-0.5742,-0.0907,0.0391,8.5391,0.02,0.00,0.00,1
60.422,0.72,2.16,1.0742,-0.0226,-0.6523,9.9258,0.02,0.00,0.00,1
60.440,0.72,2.16,0.0000,0.2025,0.4961,9.8477,0.02,0.00,0.00,1
60.453,0.73,2.15,0.0000,0.1577,-0.3047,9.1992,0.02,0.00,0.00,1
60.470,0.73,2.14,-1.1094,0.0242,-0.0391,7.9687,0.02,0.00,0.00,1
60.488,0.75,2.11,0.3047,-0.0493,0.3047,10.3867,0.02,0.00,0.00,1
60.508,0.76,2.11,0.7266,0.1445,-0.1914,10.2266,0.02,0.00,0.00,1
60.521,0.76,2.10,-0.8047,-0.0656,0.1914,8.3125,0.02,0.00,0.00,1
60.538,0.76,2.09,-0.2305,-0.1905,0.1523,9.1562,0.02,0.00,0.00,1
60.561,0.77,2.08,0.6523,-0.1955,0.2305,10.0352,0.02,0.00,0.00,1
60.572,0.78,2.08,0.6523,-0.0653,0.2305,10.0352,0.02,0.00,0.00,1
60.591,0.78,2.05,0.3828,0.0719,-0.1914,9.5000,0.02,0.00,0.00,1
60.609,0.79,2.03,-0.3047,0.1051,0.1133,9.0391,0.02,0.00,0.00,1
60.623,0.79,2.02,-0.0781,0.0325,0.3047,9.4609,0.02,0.00,0.00,1
60.640,0.79,2.01,-0.8438,-0.0601,-0.2695,7.9727,0.02,0.00,0.00,1
60.659,0.79,1.98,0.1914,-0.0982,0.3828,10.2266,0.02,0.00,0.00,1
60.678,0.79,1.98,0.1914,0.0005,0.0391,9.3086,0.02,0.00,0.00,1
60.691,0.79,1.98,-0.3437,-0.0523,0.0781,9.0820,0.02,0.00,0.00,1
60.708,0.80,1.95,0.0781,-0.0583,0.2695,9.2305,0.02,0.00,0.00,1
60.732,0.79,1.92,-0.3047,0.0355,0.1914,8.8867,0.02,0.00,0.00,1
60.742,0.79,1.90,-0.3047,-0.0167,0.1914,8.8867,0.02,0.00,0.00,1
60.759,0.79,1.88,0.1523,0.0027,0.1133,9.6094,0.02,0.00,0.00,1
60.779,0.77,1.88,-0.5742,-0.0146,0.0000,8.3555,0.02,0.00,0.00,1
60.800,0.76,1.86,-0.1133,-0.1034,0.2305,9.6523,0.02,0.00,0.00,1
60.811,0.76,1.86,-0.6133,-0.1456,-0.1133,8.1602,0.02,0.00,0.00,1
60.830,0.76,1.82,0.6133,-0.1801,0.3047,10.6133,0.02,0.00,0.00,1
60.848,0.74,1.78,0.1523,-0.0116,0.1133,9.8477,0.02,0.00,0.00,1
60.861,0.74,1.78,-0.2695,-0.0202,-0.1523,8.7383,0.02,0.00,0.00,1
60.878,0.73,1.75,0.0391,-0.0369,0.1133,9.5039,0.02,0.00,0.00,1
60.899,0.72,1.75,0.3828,0.0607,0.0000,10.0039,0.02,0.00,0.00,1
60.912,0.72,1.74,-0.3047,-0.0201,0.1133,8.7344,0.02,0.00,0.00,1
60.929,0.70,1.73,-0.0391,-0.0421,0.1914,9.5391,0.02,0.00,0.00,1
60.949,0.69,1.73,-0.4609,0.0057,-0.1914,8.4609,0.02,0.00,0.00,1
60.969,0.69,1.73,-0.1914,-0.0852,0.3047,9.5820,0.02,0.00,0.00,1
60.980,0.69,1.70,-0.6914,-0.1487,-0.1914,8.0820,0.02,0.00,0.00,1
61.000,0.69,1.66,0.4609,-0.2104,0.2695,10.2656,0.02,0.00,0.00,1
61.019,0.69,1.62,0.2305,-0.0326,0.1133,10.1875,0.02,0.00,0.00,1
61.031,0.68,1.63,-0.4961,-0.0503,-0.1133,8.4219,0.02,0.00,0.00,1
61.048,0.68,1.61,0.1914,-0.0501,0.0391,9.5781,0.02,0.00,0.00,1
61.068,0.68,1.61,0.3047,0.0435,0.1133,10.0352,0.02,0.00,0.00,1
61.082,0.68,1.60,-0.1523,0.0001,0.1133,8.7383,0.02,0.00,0.00,1
61.099,0.67,1.60,0.1523,0.0243,0.0391,9.5430,0.02,0.00,0.00,1
61.122,0.67,1.60,-0.4609,0.0189,-0.1133,8.2773,0.02,0.00,0.00,1
61.133,0.67,1.59,-0.4609,-0.0548,-0.1133,8.2773,0.02,0.00,0.00,1
61.152,0.68,1.56,-0.7266,-0.1517,-0.1133,8.0820,0.02,0.00,0.00,1
61.169,0.69,1.51,0.3828,-0.2260,0.2305,10.0352,0.02,0.00,0.00,1
61.188,0.69,1.48,0.1914,-0.0608,0.2305,10.1484,0.02,0.00,0.00,1
61.201,0.69,1.48,-0.3437,-0.0649,-0.1523,8.5039,0.02,0.00,0.00,1
61.219,0.69,1.47,0.0781,-0.0666,0.1523,9.5820,0.02,0.00,0.00,1
61.239,0.69,1.47,0.4961,0.0670,0.0391,10.0742,0.02,0.00,0.00,1
61.252,0.69,1.47,-0.3437,0.0039,0.1133,8.6953,0.02,0.00,0.00,1
61.269,0.70,1.46,-0.0781,-0.0558,0.1914,10.0352,0.02,0.00,0.00,1
61.292,0.70,1.45,-0.6523,-0.1014,0.1133,8.6602,0.02,0.00,0.00,1
61.309,0.71,1.42,-0.1523,-0.2177,0.1133,9.3047,0.02,0.00,0.00,1
61.322,0.71,1.41,-0.2305,-0.2095,-0.1914,8.8477,0.02,0.00,0.00,1
61.339,0.72,1.40,0.4961,-0.1573,0.2695,10.0312,0.02,0.00,0.00,1
61.359,0.72,1.39,0.2695,0.0153,0.1523,9.8047,0.02,0.00,0.00,1
61.371,0.73,1.39,0.1914,0.0481,-0.2305,9.4219,0.00,0.00,0.00,1
61.390,0.74,1.39,0.0781,0.0719,0.1914,9.2695,0.00,0.00,0.00,1
61.408,0.75,1.37,0.3047,0.1242,0.0781,9.8437,0.00,0.00,0.00,1
61.422,0.75,1.36,-0.8438,0.0600,0.0781,7.9727,0.00,0.00,0.00,1
61.439,0.77,1.31,0.1523,-0.0276,0.2305,9.9258,0.00,0.00,0.00,1
61.462,0.77,1.30,-0.3437,-0.0760,0.0000,8.5430,0.00,0.00,0.00,1
61.473,0.78,1.29,-0.3437,-0.1171,0.0000,8.5430,0.00,0.00,0.00,1
61.490,0.78,1.29,0.1133,-0.0802,0.1523,9.7656,0.00,0.00,0.00,1
61.510,0.79,1.28,0.1914,0.0124,0.3437,9.6523,0.00,0.00,0.00,1
61.530,0.80,1.27,-0.0781,0.0416,0.2695,9.9219,0.00,0.00,0.00,1
61.541,0.80,1.24,0.4609,0.0582,-0.2305,9.5781,0.00,0.00,0.00,1
61.560,0.81,1.23,-0.2305,0.1171,0.1133,9.1172,0.00,0.00,0.00,1
61.578,0.82,1.21,-0.0781,0.0323,0.2695,9.3477,0.00,0.00,0.00,1
61.592,0.82,1.21,-0.8438,-0.0459,-0.0391,8.0820,0.00,0.00,0.00,1
61.609,0.84,1.19,0.2695,-0.0715,0.4219,10.1523,0.00,0.00,0.00,1
61.629,0.83,1.20,0.3047,0.0330,0.1133,9.6875,0.00,0.00,0.00,1
61.643,0.84,1.20,-0.5352,-0.0927,-0.0391,8.5430,0.00,0.00,0.00,1
61.661,0.85,1.19,-0.0781,-0.1171,0.2305,9.3086,0.00,0.00,0.00,1
61.680,0.86,1.17,-0.3047,0.0381,0.3437,8.8828,0.00,0.00,0.00,1
61.700,0.86,1.12,-0.0391,-0.0379,0.2695,9.8477,0.00,0.00,0.00,1
61.712,0.86,1.11,-0.4219,-0.0688,-0.1523,8.6562,0.00,0.00,0.00,1
61.729,0.86,1.11,-0.4961,-0.1748,0.2695,8.8867,0.00,0.00,0.00,1
61.749,0.87,1.10,0.1133,-0.1495,0.1523,9.4219,0.00,0.00,0.00,1
61.762,0.87,1.09,0.2305,-0.0998,-0.0391,9.5000,0.00,0.00,0.00,1
61.779,0.87,1.06,0.4219,0.0552,0.5742,10.0039,0.00,0.00,0.00,1
61.799,0.88,1.02,0.0391,0.0745,0.1523,10.0312,0.00,0.00,0.00,1
61.813,0.88,1.02,0.4219,0.1278,-0.3828,9.5781,0.00,0.00,0.00,1
61.830,0.88,1.03,-0.6914,-0.0183,0.4219,8.7383,0.00,0.00,0.00,1
61.852,0.88,1.02,-0.8047,-0.1161,-0.1914,8.0820,0.00,0.00,0.00,1
61.869,0.88,0.99,0.5352,-0.2042,0.3437,10.5312,0.00,0.00,0.00,1
61.882,0.88,0.98,-0.1914,-0.0987,0.2305,9.3477,0.00,0.00,0.00,1
61.899,0.88,0.96,0.4609,-0.0728,0.1523,9.6094,0.00,0.00,0.00,1
61.919,0.88,0.96,-0.1523,-0.0266,0.4219,9.4609,0.00,0.00,0.00,1
61.932,0.87,0.95,0.2695,-0.0121,0.0391,9.7656,0.00,0.00,0.00,1
61.949,0.87,0.95,-0.6523,-0.0738,-0.1133,8.1953,0.00,0.00,0.00,1
61.968,0.85,0.93,0.1133,-0.0685,0.1523,9.8867,0.00,0.00,0.00,1
61.991,0.85,0.91,0.2305,-0.0751,0.2695,9.3828,0.00,0.00,0.00,1
62.000,0.85,0.91,0.2305,-0.0281,0.2695,9.3828,0.00,0.00,0.00,1
62.022,0.85,0.89,0.4609,-0.0074,-0.1133,9.8047,0.00,0.00,0.00,1
62.040,0.84,0.88,-0.7656,0.0273,-0.1133,8.3164,0.00,0.00,0.00,1
62.053,0.85,0.86,0.1523,-0.0748,0.3437,9.8867,0.00,0.00,0.00,1
62.070,0.84,0.83,0.0000,-0.0225,-0.1133,9.6484,0.00,0.00,0.00,1
62.089,0.84,0.83,-0.4609,-0.0870,0.0781,8.6953,0.00,0.00,0.00,1
62.102,0.85,0.83,-0.1523,-0.1197,0.1133,9.2305,0.00,0.00,0.00,1
62.120,0.85,0.83,-0.1523,-0.1290,-0.4609,8.6602,0.00,0.00,0.00,1
62.138,0.86,0.80,0.3828,-0.0185,0.2695,9.8477,0.00,0.00,0.00,1
62.153,0.87,0.80,0.0781,0.0188,-0.2695,9.2656,0.00,0.00,0.00,1
62.170,0.89,0.77,0.6523,0.1661,-0.7656,9.4258,0.00,0.00,0.00,1
62.188,0.92,0.75,-0.3437,0.0835,-0.3437,8.4219,0.00,0.00,0.00,1
62.210,0.97,0.74,-0.7266,-0.0234,-0.5742,6.8242,0.00,0.00,0.00,1
62.229,0.99,0.73,0.6133,-0.0171,0.3047,10.5703,0.00,0.00,0.00,1
62.240,1.04,0.71,0.1523,0.0856,-0.0781,8.7383,0.00,0.00,0.00,1
62.260,1.12,0.66,0.8438,0.1598,-0.6914,9.9258,0.00,0.00,0.00,1
62.272,1.16,0.64,-0.2305,0.2252,-0.2695,9.0781,0.00,0.00,0.00,1
62.290,1.24,0.61,0.5352,0.1573,-0.3047,9.9609,0.00,0.00,0.00,1
62.308,1.34,0.61,-1.3789,-0.1375,0.0391,7.9297,0.00,0.00,0.00,1
62.329,1.43,0.60,0.0000,-0.1844,0.6523,10.1914,0.00,0.00,0.00,1
62.340,1.49,0.58,-0.3828,-0.2283,-0.3437,9.0820,0.00,0.00,0.00,1
62.359,1.58,0.55,0.1914,-0.1451,0.2305,11.0742,0.00,0.00,0.00,1
62.381,1.68,0.52,0.7656,-0.1516,0.8438,10.5352,0.00,0.00,0.00,1
62.391,1.73,0.52,0.7656,-0.0107,0.8438,10.5352,0.00,0.00,0.00,1
62.412,1.85,0.51,0.2305,0.0711,-0.5352,10.7266,0.00,0.00,0.00,1
62.430,1.98,0.53,0.3047,0.1223,-0.7266,9.9258,0.00,0.00,0.00,1
62.442,2.05,0.54,0.0000,0.1383,0.3437,10.2305,0.00,0.00,0.00,1
62.460,2.20,0.57,0.3047,0.1234,-0.0781,9.6133,0.00,0.00,0.00,1
62.478,2.35,0.62,0.1914,0.1602,-0.7266,10.0703,0.00,0.00,0.00,1
62.493,2.44,0.64,0.4961,0.1893,0.3437,9.5820,0.00,0.00,0.00,1
62.510,2.61,0.69,0.1914,0.2265,0.4961,10.2266,0.00,0.00,0.00,1
62.529,2.79,0.72,0.6523,0.3185,0.6133,9.9219,0.00,0.00,0.00,1
62.551,2.96,0.74,0.2305,0.1409,0.4219,9.7305,0.00,0.00,0.00,1
62.561,3.04,0.75,0.2305,0.1547,0.4219,9.7305,0.00,0.00,0.00,1
62.580,3.21,0.79,0.3828,-0.0881,0.2695,10.0742,0.00,0.00,0.00,1
62.600,3.38,0.84,0.0000,0.0149,0.7266,9.6094,0.00,0.00,0.00,1
62.613,3.47,0.87,0.3437,0.0391,1.3008,9.9258,0.00,0.00,0.00,1
62.629,3.61,0.91,-0.2695,0.0764,0.9180,9.0430,0.00,0.00,0.00,1
62.649,3.69,0.92,0.3828,0.0785,0.3047,9.5000,0.00,0.00,0.00,1
62.663,3.86,0.95,-1.1094,0.0059,0.1523,7.4687,0.00,0.00,0.00,1
62.680,4.04,0.97,-0.1914,-0.2370,0.0781,8.3906,0.00,0.00,0.00,1
62.698,4.20,1.00,-1.1094,-0.4246,-0.1523,7.6602,0.00,0.00,0.00,1
62.722,4.36,1.01,0.3828,-0.4138,1.1484,10.2695,0.00,0.00,0.00,1
62.731,4.44,1.00,0.3828,-0.2914,1.1484,10.2695,0.00,0.00,0.00,1
62.760,4.53,1.01,-0.4609,-0.1155,2.3359,8.9609,0.00,0.00,0.00,1
62.769,4.78,1.02,-0.4961,-0.1714,1.1484,7.9336,0.00,0.00,0.00,1
62.782,4.85,1.03,-0.3437,-0.2311,0.9570,10.1914,0.00,0.00,0.00,1
62.800,4.98,1.06,-0.9570,-0.3121,0.9570,8.3125,0.00,0.00,0.00,1
62.819,5.10,1.06,-0.2305,-0.4369,1.2656,9.8477,0.00,0.00,0.00,1
62.833,5.15,1.07,-1.5313,-0.4953,1.5313,8.1953,0.00,0.00,0.00,1
62.850,5.28,1.05,-0.1523,-0.6788,1.7617,9.4219,0.00,0.00,0.00,1
62.868,5.38,1.02,-0.7266,-0.6264,1.5703,9.7656,0.00,0.00,0.00,1
62.888,5.47,1.01,0.3828,-0.4093,0.9570,9.6094,0.00,0.00,0.00,1
62.901,5.51,1.00,-0.0391,-0.3273,0.3047,9.3828,0.00,0.00,0.00,1
62.919,5.60,1.02,0.5352,-0.1185,0.4961,9.6094,0.00,0.00,0.00,1
62.940,5.70,1.03,0.0391,-0.2146,1.9531,9.5000,0.00,0.00,0.00,1
62.952,5.74,1.04,0.0391,-0.1756,1.9531,9.5000,0.00,0.00,0.00,1
62.971,5.82,1.03,0.1523,0.0167,2.0312,8.5391,0.00,0.00,0.00,1
62.990,5.85,1.01,0.4609,0.0799,1.7227,9.0820,0.00,0.00,0.00,1
63.009,5.87,1.02,0.5352,0.2262,1.6836,9.0391,0.00,0.00,0.00,1
63.020,5.89,1.03,0.6133,0.2799,1.8789,8.6602,0.00,0.00,0.00,1
63.040,5.88,1.04,0.0781,0.2751,2.5273,9.4258,0.00,0.00,0.00,1
63.059,5.85,1.05,0.6523,0.3463,2.1445,9.8828,0.00,0.00,0.00,1
63.071,5.82,1.05,0.0781,0.2870,1.6836,9.4258,0.00,0.00,0.00,1
63.089,5.77,1.05,-0.0391,0.2018,1.1094,9.5000,0.00,0.00,0.00,1
63.111,5.72,1.04,-0.0781,-0.2919,0.6523,9.0820,0.00,0.00,0.00,1
63.122,5.70,1.03,-0.0781,-0.2590,0.6523,9.0820,0.00,0.00,0.00,1
63.142,5.64,1.05,0.4961,-0.2214,1.2266,9.6484,0.00,0.00,0.00,1
63.160,5.58,1.06,-0.5352,-0.1004,1.4922,9.5391,0.00,0.00,0.00,1
63.173,5.55,1.04,0.0391,-0.1507,1.2656,9.6133,0.00,0.00,0.00,1
63.190,5.49,1.02,-1.7227,-0.2378,0.9961,7.3906,0.00,0.00,0.00,1
63.209,5.44,0.97,-0.4219,-0.4561,0.9180,9.5391,0.00,0.00,0.00,1
63.229,5.38,0.95,-0.5352,-0.4715,0.8828,9.5430,0.00,0.00,0.00,1
63.241,5.34,0.95,-0.6914,-0.5202,0.6914,8.8477,0.00,0.00,0.00,1
63.258,5.27,0.94,-0.3047,-0.4831,0.8438,9.1562,0.00,0.00,0.00,1
63.282,5.21,0.92,-0.2695,-0.3575,0.8438,8.9648,0.00,0.00,0.00,1
63.292,5.19,0.90,-0.2695,-0.3440,0.8438,8.9648,0.00,0.00,0.00,1
63.309,5.16,0.83,0.0391,-0.2546,0.6523,9.1953,0.00,0.00,0.00,1
63.330,5.10,0.82,-0.4961,-0.1677,0.4609,8.4648,0.00,0.00,0.00,1
63.343,5.07,0.82,0.1523,-0.1885,0.8047,9.7695,0.00,0.00,0.00,1
63.361,5.01,0.82,-0.3437,-0.1315,0.6133,7.9727,0.04,0.00,0.00,1
63.380,4.97,0.78,0.8047,0.0503,1.1875,9.7695,0.04,0.00,0.00,1
63.399,4.93,0.73,0.4961,0.2392,1.3008,9.9609,0.04,0.00,0.00,1
63.411,4.91,0.73,0.9180,0.3124,0.4961,10.4141,0.04,0.00,0.00,1
63.429,4.87,0.72,0.3437,0.3918,0.8828,10.0742,0.04,0.00,0.00,1
63.451,4.83,0.75,-1.0352,0.3589,0.9180,7.9727,0.04,0.00,0.00,1
63.462,4.81,0.77,-1.0352,0.1448,0.9180,7.9727,0.04,0.00,0.00,1
63.479,4.77,0.80,0.1914,0.0816,0.9961,9.1562,0.04,0.00,0.00,1
63.500,4.73,0.80,-0.6523,-0.1380,1.1094,8.2344,0.04,0.00,0.00,1
63.520,4.67,0.78,-0.3047,-0.2364,1.0742,9.6914,0.04,0.00,0.00,1
63.531,4.63,0.77,-0.1914,-0.2425,1.0352,9.3437,0.04,0.00,0.00,1
63.550,4.58,0.75,0.3437,-0.1852,1.0352,9.7656,0.04,0.00,0.00,1
63.569,4.52,0.74,-0.3437,-0.1570,1.4922,10.4570,0.04,0.00,0.00,1
63.581,4.47,0.75,0.2695,-0.1366,0.6914,9.3828,0.04,0.00,0.00,1
63.600,4.39,0.76,-0.3828,-0.1425,0.8047,9.3437,0.04,0.00,0.00,1
63.618,4.31,0.76,-0.0391,-0.1346,0.7266,9.5820,0.04,0.00,0.00,1
63.632,4.27,0.74,-0.9180,-0.3080,0.5742,7.4687,0.04,0.00,0.00,1
63.649,4.19,0.72,-0.1914,-0.3202,1.2656,9.5430,0.04,0.00,0.00,1
63.670,4.10,0.70,-0.4961,-0.3108,1.0742,8.1172,0.04,0.00,0.00,1
63.683,4.06,0.70,-0.4961,-0.3393,1.0742,8.1172,0.04,0.00,0.00,1
63.702,3.96,0.69,0.8828,-0.1735,0.4609,9.1953,0.04,0.00,0.00,1
63.720,3.87,0.76,0.4609,0.0923,0.1133,10.0312,0.04,0.00,0.00,1
63.738,3.79,0.83,0.1523,0.1497,0.3828,9.3047,0.04,0.00,0.00,1
63.751,3.75,0.84,1.1875,0.2329,-0.3828,10.5742,0.04,0.00,0.00,1
63.769,3.69,0.82,0.1914,0.3379,0.2695,9.7266,0.04,0.00,0.00,1
63.788,3.64,0.81,0.3437,0.3301,-0.2695,9.7656,0.04,0.00,0.00,1
63.802,3.62,0.80,-1.1484,0.0029,-0.4609,7.0859,0.04,0.00,0.00,1
63.819,3.60,0.76,-0.4961,-0.1793,0.0000,9.2305,0.04,0.00,0.00,1
63.842,3.59,0.74,-0.3047,-0.2569,0.2305,9.3477,0.04,0.00,0.00,1
63.853,3.58,0.74,-0.3047,-0.2642,0.2305,9.3477,0.04,0.00,0.00,1
63.872,3.58,0.73,0.0391,-0.2044,0.6914,10.0000,0.04,0.00,0.00,1
63.891,3.59,0.72,-1.0742,-0.2244,0.1523,7.9336,0.04,0.00,0.00,1
63.909,3.61,0.68,-0.9180,-0.4795,0.5742,9.6875,0.04,0.00,0.00,1
63.921,3.62,0.65,0.1133,-0.4644,-0.0781,9.4219,0.04,0.00,0.00,1
63.940,3.64,0.64,-0.5352,-0.4002,0.6133,9.5039,0.04,0.00,0.00,1
63.959,3.66,0.61,0.0391,-0.3114,0.5742,9.4258,0.04,0.00,0.00,1
63.972,3.67,0.62,-0.2695,-0.2822,0.7656,9.1562,0.04,0.00,0.00,1
63.989,3.68,0.61,0.3047,-0.1508,0.8828,9.3828,0.04,0.00,0.00,1
64.011,3.69,0.58,1.3008,0.1001,0.6523,10.7695,0.04,0.00,0.00,1
64.029,3.69,0.56,-0.2695,0.3150,1.0352,9.3867,0.04,0.00,0.00,1
64.043,3.69,0.55,0.3437,0.2347,0.7656,9.7695,0.04,0.00,0.00,1
64.060,3.68,0.56,-0.7266,0.1800,0.3828,8.0430,0.04,0.00,0.00,1
64.079,3.68,0.57,0.2305,0.0827,0.8047,9.7656,0.04,0.00,0.00,1
64.091,3.68,0.59,-0.1523,0.0748,0.8047,9.2266,0.04,0.00,0.00,1
64.109,3.68,0.58,0.4609,0.1046,0.6133,9.5430,0.04,0.00,0.00,1
64.129,3.68,0.56,0.2305,0.1751,0.6914,9.8477,0.04,0.00,0.00,1
64.142,3.67,0.57,0.7266,0.2233,0.6914,10.1133,0.04,0.00,0.00,1
64.159,3.65,0.59,-0.7266,0.0733,0.8047,8.0781,0.04,0.00,0.00,1
64.178,3.64,0.61,0.1523,0.0409,0.8828,9.8867,0.04,0.00,0.00,1
64.193,3.63,0.62,-0.2305,-0.0191,0.9180,9.2695,0.04,0.00,0.00,1
64.210,3.60,0.63,-0.3437,-0.1041,0.9570,8.6953,0.04,0.00,0.00,1
64.229,3.57,0.63,0.1914,-0.0034,0.7656,9.5039,0.04,0.00,0.00,1
64.249,3.55,0.64,0.0391,0.0285,0.6523,9.0820,0.04,0.00,0.00,1
64.262,3.51,0.63,0.1523,0.0399,0.6133,9.7656,0.04,0.00,0.00,1
64.280,3.46,0.66,0.3047,0.0840,0.6523,9.9609,0.04,0.00,0.00,1
64.298,3.41,0.68,-0.6133,-0.0440,0.7266,8.1602,0.04,0.00,0.00,1
64.312,3.39,0.66,-0.4219,-0.1161,0.7266,9.1992,0.04,0.00,0.00,1
64.329,3.34,0.66,-0.8438,-0.3137,0.4219,8.0781,0.04,0.00,0.00,1
64.348,3.29,0.62,0.4609,-0.1753,0.5352,9.6094,0.04,0.00,0.00,1
64.363,3.27,0.63,0.1133,-0.1114,0.5352,9.9219,0.02,0.00,0.00,1
64.381,3.22,0.64,0.4961,0.0370,0.1523,9.8477,0.02,0.00,0.00,1
64.401,3.18,0.63,0.2695,0.0062,0.3437,10.1094,0.02,0.00,0.00,1
64.421,3.14,0.62,-1.1484,-0.0325,-0.1133,7.6953,0.02,0.00,0.00,1
64.432,3.12,0.60,0.0000,-0.1876,0.3437,9.5820,0.02,0.00,0.00,1
64.450,3.10,0.58,0.0391,-0.1313,0.5352,9.6094,0.02,0.00,0.00,1
64.468,3.07,0.60,-0.4219,-0.1752,0.1914,8.8125,0.02,0.00,0.00,1
64.482,3.05,0.60,0.1523,-0.1672,0.3047,9.1172,0.02,0.00,0.00,1
64.499,3.04,0.58,0.3828,-0.0072,0.5352,10.4141,0.02,0.00,0.00,1
64.520,3.03,0.56,-0.2305,-0.0323,0.2305,8.7383,0.02,0.00,0.00,1
