t_s,roll_deg,pitch_deg,raw_ax_mps2,raw_ax_filt_mps2,raw_ay_mps2,raw_az_mps2,speed_kmh,hall_f_hz,hall_r_hz,gps_fix
0.003,3.16,0.43,0.2695,0.2695,0.4961,9.8867,0.02,0.00,0.00,1
0.023,3.14,0.44,-0.5742,0.0828,0.8438,8.7734,0.02,0.00,0.00,1
0.037,3.14,0.44,-0.1523,0.0156,0.5352,9.3047,0.02,0.00,0.00,1
0.054,3.13,0.44,-0.4961,-0.1177,0.3437,8.7383,0.02,0.00,0.00,1
0.077,3.12,0.40,0.2695,0.0014,0.8047,9.9609,0.02,0.00,0.00,1
0.088,3.11,0.40,0.2695,0.0426,0.8047,9.9609,0.02,0.00,0.00,1
0.108,3.09,0.40,-0.4219,0.1188,0.6133,8.4609,0.02,0.00,0.00,1
0.125,3.07,0.40,-0.0391,-0.0039,0.7266,9.5820,0.02,0.00,0.00,1
0.143,3.06,0.40,-0.9961,-0.1609,0.1523,7.5469,0.02,0.00,0.00,1
0.156,3.05,0.38,0.6914,-0.1542,0.9570,10.6523,0.02,0.00,0.00,1
0.175,3.02,0.37,0.1914,0.0456,0.4219,9.5039,0.02,0.00,0.00,1
0.194,3.00,0.38,0.5742,0.1800,0.3047,9.8867,0.02,0.00,0.00,1
0.207,2.99,0.39,-0.3828,0.1640,0.7656,8.9609,0.02,0.00,0.00,1
0.224,2.97,0.38,0.2695,0.1220,0.6133,9.7305,0.02,0.00,0.00,1
0.243,2.95,0.37,-1.2266,-0.1673,0.3828,7.7734,0.02,0.00,0.00,1
0.258,2.93,0.35,-0.0391,-0.1389,0.6523,9.5039,0.02,0.00,0.00,1
0.275,2.90,0.36,0.1523,-0.0682,0.6523,9.9648,0.02,0.00,0.00,1
0.295,2.88,0.38,-0.2695,-0.0370,0.5742,8.9609,0.02,0.00,0.00,1
0.316,2.85,0.37,0.1914,-0.0142,0.6523,10.0000,0.02,0.00,0.00,1
0.326,2.83,0.37,-0.8438,-0.0515,0.3437,7.8164,0.02,0.00,0.00,1
0.345,2.80,0.35,0.3437,-0.1812,0.5352,10.1094,0.02,0.00,0.00,1
0.364,2.77,0.36,-0.3437,-0.1544,0.4961,9.4648,0.02,0.00,0.00,1
0.377,2.75,0.37,0.0391,-0.1529,0.2305,8.8437,0.02,0.00,0.00,1
0.394,2.72,0.37,-0.1914,-0.1384,0.6914,9.4648,0.02,0.00,0.00,1
0.414,2.68,0.39,0.5352,0.0073,0.4961,9.8867,0.02,0.00,0.00,1
0.428,2.67,0.38,-0.6914,-0.1473,0.4961,8.3555,0.02,0.00,0.00,1
0.445,2.63,0.39,0.0781,-0.1313,0.6133,9.8867,0.02,0.00,0.00,1
0.466,2.60,0.41,-0.4961,-0.1071,0.6133,9.0820,0.02,0.00,0.00,1
0.479,2.58,0.42,-0.4961,-0.1668,0.6133,9.0820,0.02,0.00,0.00,1
0.496,2.55,0.41,0.4219,-0.1595,0.4961,10.0000,0.02,0.00,0.00,1
0.515,2.52,0.43,-0.4609,-0.0652,0.4219,8.5391,0.02,0.00,0.00,1
0.534,2.49,0.43,0.2305,-0.0471,0.3437,9.6875,0.02,0.00,0.00,1
0.547,2.47,0.43,-0.3828,-0.0536,0.3047,9.1562,0.02,0.00,0.00,1
0.564,2.43,0.44,-0.2305,-0.1321,0.3828,9.1172,0.02,0.00,0.00,1
0.585,2.40,0.45,0.2305,-0.0580,0.2695,9.2266,0.02,0.00,0.00,1
0.598,2.39,0.45,0.5742,0.0819,0.3437,10.2266,0.02,0.00,0.00,1
0.615,2.36,0.43,-0.8438,-0.0640,0.4219,7.6953,0.02,0.00,0.00,1
0.637,2.33,0.42,-0.2305,-0.0390,0.5352,9.3828,0.02,0.00,0.00,1
0.656,2.30,0.41,0.1523,-0.0627,0.2695,9.1953,0.02,0.00,0.00,1
0.667,2.29,0.42,0.1914,-0.0120,0.2695,9.5781,0.02,0.00,0.00,1
0.685,2.26,0.40,0.4961,0.0701,0.4961,10.0312,0.02,0.00,0.00,1
0.705,2.25,0.41,-1.2266,-0.0737,0.1914,7.4336,0.02,0.00,0.00,1
0.717,2.23,0.40,0.1914,-0.1373,0.2695,9.7266,0.02,0.00,0.00,1
0.736,2.21,0.40,-0.1914,-0.1029,0.4609,9.3437,0.02,0.00,0.00,1
0.753,2.17,0.42,0.5742,0.0364,0.1523,9.8086,0.02,0.00,0.00,1
0.768,2.16,0.42,0.0000,0.0730,0.5352,9.5039,0.02,0.00,0.00,1
0.785,2.14,0.43,0.3828,0.1329,0.2695,9.8867,0.02,0.00,0.00,1
0.804,2.12,0.42,-1.4180,-0.1948,0.2305,7.3516,0.02,0.00,0.00,1
0.825,2.10,0.40,0.1133,-0.0490,0.2695,9.2305,0.02,0.00,0.00,1
0.844,2.08,0.40,0.5742,0.1083,0.1523,10.4180,0.02,0.00,0.00,1
0.855,2.07,0.40,0.0000,0.1340,0.4961,9.0430,0.02,0.00,0.00,1
0.876,2.06,0.38,0.0781,0.1056,0.3047,9.7695,0.02,0.00,0.00,1
0.887,2.05,0.39,-1.4922,-0.0261,0.1914,7.2070,0.02,0.00,0.00,1
0.905,2.03,0.37,0.5352,-0.2797,0.3437,10.1094,0.02,0.00,0.00,1
0.924,2.02,0.38,0.2695,-0.0607,0.4961,10.1094,0.02,0.00,0.00,1
0.938,2.01,0.39,0.9180,0.0419,0.0000,10.2305,0.02,0.00,0.00,1
0.955,1.99,0.40,-0.3047,0.0700,0.4609,8.8828,0.02,0.00,0.00,1
0.978,1.97,0.41,-1.2266,-0.1005,-0.0391,7.3164,0.02,0.00,0.00,1
0.995,1.97,0.40,0.7266,-0.2636,0.5742,10.4570,0.02,0.00,0.00,1
1.006,1.96,0.38,0.7266,-0.1115,0.5742,10.4570,0.02,0.00,0.00,1
1.027,1.94,0.37,0.9180,0.1859,0.0391,10.7656,0.02,0.00,0.00,1
1.045,1.93,0.38,-0.5742,0.2742,0.6523,8.3906,0.02,0.00,0.00,1
1.057,1.92,0.36,-0.1133,0.1233,0.2695,9.3867,0.02,0.00,0.00,1
1.076,1.91,0.37,-0.8828,-0.0054,0.0000,7.8906,0.02,0.00,0.00,1
1.095,1.90,0.35,0.6914,0.0439,0.5742,10.2656,0.02,0.00,0.00,1
1.108,1.89,0.36,0.7266,0.1462,0.2695,10.0742,0.02,0.00,0.00,1
1.125,1.88,0.36,0.6914,0.3362,0.1914,10.5312,0.02,0.00,0.00,1
1.144,1.87,0.37,-0.5742,0.1569,0.1914,8.0430,0.02,0.00,0.00,1
1.167,1.86,0.39,-0.6523,-0.0171,-0.1523,7.9727,0.02,0.00,0.00,1
1.176,1.86,0.39,-0.6523,-0.1147,-0.1523,7.9727,0.02,0.00,0.00,1
1.196,1.85,0.37,0.4219,0.1783,0.2305,9.7656,0.02,0.00,0.00,1
1.215,1.84,0.34,0.6914,0.2690,0.1523,10.3437,0.02,0.00,0.00,1
1.227,1.84,0.35,-0.5352,0.2643,0.1133,8.4648,0.02,0.00,0.00,1
1.245,1.83,0.35,-0.0781,0.0741,0.4961,9.5430,0.02,0.00,0.00,1
1.263,1.83,0.36,-0.9180,-0.1636,-0.1133,7.6562,0.02,0.00,0.00,1
1.278,1.83,0.33,0.7656,-0.1448,0.4609,10.4180,0.02,0.00,0.00,1
1.297,1.82,0.30,0.4219,0.0895,0.3437,9.5000,0.02,0.00,0.00,1
1.314,1.83,0.29,0.6914,0.2625,0.0000,10.4961,0.02,0.00,0.00,1
1.337,1.82,0.29,0.0781,0.0576,0.3047,9.3086,0.02,0.00,0.00,1
1.346,1.82,0.29,0.0781,0.0607,0.3047,9.3086,0.02,0.00,0.00,1
1.366,1.83,0.27,0.9180,-0.1318,0.4609,10.3047,0.02,0.00,0.00,1
1.385,1.82,0.27,0.6523,0.1447,0.3047,9.7695,0.02,0.00,0.00,1
1.398,1.83,0.26,1.1094,0.2936,0.1523,11.0703,0.02,0.00,0.00,1
1.416,1.82,0.28,-0.3437,0.4087,0.4961,8.5820,0.02,0.00,0.00,1
1.434,1.82,0.28,-0.1914,0.1859,0.3828,9.1172,0.02,0.00,0.00,1
1.448,1.82,0.30,-1.3008,0.0392,0.0781,7.2773,0.02,0.00,0.00,1
1.465,1.82,0.30,0.9570,0.0060,0.4219,10.3437,0.02,0.00,0.00,1
1.483,1.81,0.29,0.1523,0.1521,0.3437,9.6914,0.02,0.00,0.00,1
1.507,1.80,0.29,-0.2305,0.3093,0.5352,9.5391,0.02,0.00,0.00,1
1.516,1.80,0.30,-0.2305,0.2264,0.5352,9.5391,0.02,0.00,0.00,1
1.537,1.79,0.32,-1.4570,-0.0036,0.0781,7.0898,0.02,0.00,0.00,1
1.555,1.79,0.30,0.5742,-0.2533,0.3047,10.2656,0.02,0.00,0.00,1
1.568,1.79,0.29,0.3437,-0.0886,0.2305,9.8086,0.02,0.00,0.00,1
1.585,1.79,0.26,0.9180,0.0799,0.2305,10.4570,0.02,0.00,0.00,1
1.606,1.79,0.27,-0.1133,0.1374,0.1523,9.1211,0.02,0.00,0.00,1
1.618,1.79,0.27,-0.0391,0.0879,0.5742,9.6133,0.02,0.00,0.00,1
1.635,1.80,0.27,-1.3008,-0.0491,-0.1133,7.2383,0.02,0.00,0.00,1
1.655,1.80,0.23,0.2695,-0.1283,0.1914,9.6523,0.02,0.00,0.00,1
1.669,1.80,0.22,0.0391,-0.0856,0.4961,9.6914,0.02,0.00,0.00,1
1.686,1.81,0.19,1.3398,0.2448,0.1914,10.9961,0.02,0.00,0.00,1
1.704,1.81,0.19,0.2305,0.3098,0.2305,9.7305,0.02,0.00,0.00,1
1.725,1.81,0.20,-1.6094,0.0357,-0.0781,6.7812,0.02,0.00,0.00,1
1.737,1.81,0.19,-1.6094,-0.2170,-0.0781,6.7812,0.02,0.00,0.00,1
1.757,1.81,0.19,0.6523,-0.1282,0.3437,9.5430,0.02,0.00,0.00,1
1.775,1.81,0.20,0.7656,0.1022,0.2305,11.0312,0.02,0.00,0.00,1
1.788,1.81,0.21,0.0391,0.1909,0.5742,9.0391,0.02,0.00,0.00,1
1.806,1.81,0.22,0.2305,0.1632,0.6523,9.6875,0.02,0.00,0.00,1
1.824,1.80,0.24,-1.3398,-0.1614,0.3437,7.2734,0.02,0.00,0.00,1
1.843,1.79,0.25,0.6523,-0.0547,0.2695,9.7656,0.02,0.00,0.00,1
1.856,1.79,0.25,-0.2305,-0.0936,0.3047,9.3867,0.02,0.00,0.00,1
1.874,1.77,0.26,0.5742,0.0457,0.3047,9.5820,0.02,0.00,0.00,1
1.897,1.76,0.26,0.3437,0.0905,0.5352,9.8477,0.02,0.00,0.00,1
1.907,1.75,0.28,0.3437,0.1294,0.5352,9.8477,0.02,0.00,0.00,1
1.927,1.75,0.28,0.0781,-0.0836,0.0781,9.3477,0.02,0.00,0.00,1
1.946,1.73,0.27,-0.1523,-0.0562,0.4219,9.2266,0.02,0.00,0.00,1
1.958,1.73,0.27,0.1133,-0.0562,0.2695,9.5820,0.02,0.00,0.00,1
1.975,1.71,0.27,0.3437,0.0103,0.3047,9.5391,0.02,0.00,0.00,1
1.994,1.69,0.27,0.2305,0.0989,0.5352,9.5000,0.02,0.00,0.00,1
2.015,1.68,0.26,-0.2305,0.0342,0.2695,8.7734,0.02,0.00,0.00,1
2.026,1.68,0.26,-0.1133,0.0116,0.2695,9.3867,0.02,0.00,0.00,1
2.044,1.66,0.22,0.0781,0.0114,0.0781,9.0430,0.02,0.00,0.00,1
2.067,1.63,0.23,0.3437,0.0164,0.2305,9.5000,0.02,0.00,0.00,1
2.077,1.62,0.22,0.3437,0.0667,0.2305,9.5000,0.02,0.00,0.00,1
2.098,1.60,0.22,0.2305,0.0272,0.4219,9.5430,0.02,0.00,0.00,1
2.116,1.58,0.19,0.0781,0.0727,0.2695,9.2305,0.02,0.00,0.00,1
2.128,1.56,0.17,0.5742,0.1136,0.2695,10.3437,0.02,0.00,0.00,1
2.145,1.53,0.16,-0.3828,0.1676,0.4609,9.1211,0.02,0.00,0.00,1
2.165,1.52,0.16,0.0391,0.0763,0.3047,9.3828,0.02,0.00,0.00,1
2.184,1.47,0.16,-1.4180,-0.2588,0.1133,7.6562,0.02,0.00,0.00,1
2.196,1.45,0.15,0.5352,-0.2806,0.4961,9.9648,0.02,0.00,0.00,1
2.215,1.41,0.12,0.0000,-0.1209,0.3047,9.5000,0.02,0.00,0.00,1
2.236,1.37,0.11,0.3437,0.0027,0.2695,9.6094,0.04,0.00,0.00,1
2.247,1.34,0.11,0.3437,0.0551,0.2695,9.6094,0.04,0.00,0.00,1
2.264,1.30,0.13,0.3047,0.1283,0.4219,10.0742,0.04,0.00,0.00,1
2.285,1.26,0.12,-0.2695,-0.1969,0.4219,9.3437,0.04,0.00,0.00,1
2.305,1.23,0.14,-0.1523,-0.1995,-0.0781,8.9648,0.04,0.00,0.00,1
2.317,1.18,0.12,-0.2305,-0.1953,0.4609,9.4609,0.04,0.00,0.00,1
2.335,1.13,0.11,0.4609,-0.1500,0.1133,9.5820,0.04,0.00,0.00,1
2.355,1.08,0.12,-0.0781,-0.0610,0.1133,9.2305,0.04,0.00,0.00,1
2.366,1.07,0.12,0.2305,-0.0389,0.1914,9.3047,0.04,0.00,0.00,1
2.383,1.01,0.11,0.0000,0.0019,0.2305,9.2695,0.04,0.00,0.00,1
2.403,0.97,0.11,0.4961,0.1112,-0.1133,9.7305,0.04,0.00,0.00,1
2.417,0.94,0.11,-0.1523,0.0528,-0.0391,9.1602,0.04,0.00,0.00,1
2.434,0.89,0.10,0.2695,0.0880,0.1914,9.6133,0.04,0.00,0.00,1
2.456,0.86,0.07,0.3828,-0.1402,0.1914,10.4961,0.04,0.00,0.00,1
2.468,0.84,0.06,0.3828,-0.0598,0.1914,10.4961,0.04,0.00,0.00,1
2.488,0.80,0.03,0.2695,0.0351,0.1523,10.4141,0.04,0.00,0.00,1
2.506,0.76,0.03,0.2695,0.1016,-0.0391,9.4648,0.04,0.00,0.00,1
2.524,0.74,0.04,0.6133,0.2349,-0.0781,10.1484,0.04,0.00,0.00,1
2.536,0.73,0.03,-0.7656,0.1827,-0.1133,8.2734,0.04,0.00,0.00,1
2.555,0.71,0.01,0.0781,0.0461,0.0781,9.5820,0.04,0.00,0.00,1
2.574,0.69,-0.02,0.0781,0.0552,-0.3437,9.1953,0.04,0.00,0.00,1
2.587,0.69,-0.02,-0.2305,0.0113,0.0781,9.3086,0.04,0.00,0.00,1
2.605,0.67,-0.01,0.1133,0.0188,0.1133,9.5039,0.04,0.00,0.00,1
2.627,0.66,-0.01,0.6914,0.0973,0.3828,10.6523,0.04,0.00,0.00,1
2.638,0.66,-0.02,0.6914,0.1885,0.3828,10.6523,0.04,0.00,0.00,1
2.658,0.65,-0.01,0.6914,0.1882,-0.3047,10.1484,0.04,0.00,0.05,1
2.675,0.64,-0.02,0.1133,0.2847,0.1133,9.8477,0.04,0.00,0.05,1
2.694,0.65,-0.03,0.4961,0.3109,-0.1914,9.5391,0.04,0.00,0.05,1
2.706,0.65,-0.04,-0.8828,0.2291,-0.1133,8.1211,0.04,0.00,0.05,1
2.725,0.66,-0.05,0.1914,0.0787,0.0391,9.7266,0.04,0.00,0.05,1
2.745,0.68,-0.07,0.6133,0.2041,-0.2695,9.7305,0.04,0.00,0.05,1
2.757,0.69,-0.08,0.6133,0.2669,-0.2695,9.7305,0.04,0.00,0.05,1
2.774,0.70,-0.04,0.1523,0.2830,0.1523,9.6914,0.04,0.00,0.05,1
2.797,0.72,-0.04,0.7266,-0.0043,0.2305,10.6875,0.04,0.00,0.05,1
2.808,0.74,-0.05,0.7266,0.1079,0.2305,10.6875,0.04,0.00,0.05,1
2.828,0.76,-0.06,-0.3437,0.0304,0.0391,9.0820,0.04,0.00,0.05,1
2.846,0.79,-0.08,0.3828,-0.0176,0.2695,10.3477,0.04,0.00,0.05,1
2.864,0.81,-0.07,0.0000,0.0342,-0.1523,8.3125,0.04,0.00,0.05,1
2.876,0.83,-0.09,0.3828,0.0596,0.3828,10.2656,0.04,0.00,0.05,1
2.896,0.85,-0.09,-0.3828,0.0003,0.1133,8.8125,0.04,0.00,0.05,1
2.914,0.88,-0.12,0.3828,0.0391,0.0391,9.8477,0.04,0.00,4.05,1
2.927,0.89,-0.13,0.1133,0.0704,0.2695,10.0312,0.04,0.00,4.05,1
2.944,0.91,-0.14,0.4219,0.1533,0.2695,10.0000,0.04,0.00,4.05,1
2.964,0.93,-0.18,-1.1094,-0.1094,0.2305,7.7734,0.04,0.00,4.05,1
2.978,0.94,-0.18,0.1523,-0.0515,0.4961,10.7656,0.04,0.00,4.05,1
2.995,0.96,-0.19,0.6133,0.1083,-0.1523,9.2656,0.04,0.00,4.05,1
3.016,0.97,-0.18,-0.0781,-0.1051,0.4219,9.3437,0.04,0.00,4.05,1
3.037,0.98,-0.16,-0.5742,-0.1736,-0.1523,7.9687,0.04,0.00,4.05,1
3.047,0.99,-0.15,0.5742,-0.1704,0.4961,10.2695,0.04,0.00,4.05,1
3.065,1.00,-0.15,-0.0391,-0.0083,0.2695,9.6094,0.04,0.00,4.05,1
3.084,1.00,-0.15,0.5742,0.1169,0.0781,9.5781,0.04,0.00,4.05,1
3.097,1.00,-0.15,0.1523,0.1534,0.5742,10.3828,0.04,0.00,4.05,1
3.114,1.00,-0.15,0.4609,0.2214,0.2305,9.8086,0.04,0.00,4.05,1
3.135,1.00,-0.18,-0.6523,0.0429,0.3437,7.8555,0.04,0.00,4.05,1
3.148,0.99,-0.19,0.1133,0.0585,0.3828,10.0039,0.04,0.00,4.05,1
3.165,0.98,-0.19,0.5352,0.1674,0.1523,9.6484,0.04,0.00,3.83,1
3.188,0.96,-0.19,0.1133,0.0195,0.4219,10.0703,0.04,0.05,3.83,1
3.199,0.96,-0.17,0.1133,0.0339,0.4219,10.0703,0.04,0.05,3.83,1
3.218,0.94,-0.14,0.7266,-0.1389,0.2305,10.8789,0.04,0.05,3.83,1
3.235,0.91,-0.14,-0.0391,0.0453,0.2695,9.1602,0.07,0.05,3.83,1
3.254,0.89,-0.15,0.2305,0.0762,0.2305,9.1953,0.07,0.05,3.83,1
3.267,0.88,-0.15,0.3828,0.1121,0.3047,10.2695,0.07,0.05,3.83,1
3.285,0.85,-0.14,0.5352,0.2381,-0.1133,9.3867,0.07,0.05,3.83,1
3.304,0.83,-0.17,0.0000,0.2039,0.3437,8.8477,0.07,0.05,3.83,1
3.318,0.82,-0.16,-0.0391,0.1501,0.2695,9.6094,0.07,0.05,3.83,1
3.335,0.79,-0.17,0.8438,0.2810,-0.3047,8.9609,0.07,0.05,3.83,1
3.358,0.77,-0.18,0.9180,0.3301,-0.0391,9.8867,0.07,0.05,3.83,1
3.369,0.75,-0.17,0.9180,0.4204,-0.0391,9.8867,0.07,0.05,3.83,1
3.387,0.72,-0.16,0.4219,0.1686,0.0000,9.6523,0.07,0.05,3.83,1
3.406,0.69,-0.17,0.4609,0.2435,0.0391,9.6484,0.07,0.05,4.34,1
3.424,0.67,-0.17,-0.3047,0.1482,0.2305,8.0078,0.07,4.22,4.34,1
3.437,0.65,-0.18,0.9570,0.1796,0.3828,11.2578,0.07,4.22,4.34,1
3.457,0.62,-0.17,-0.0391,0.2242,-0.0781,8.1602,0.07,4.22,4.34,1
3.474,0.59,-0.20,1.2656,0.4383,0.3437,10.4570,0.07,4.22,4.34,1
3.488,0.57,-0.20,-0.1914,0.4488,-0.1914,8.8477,0.07,4.22,4.34,1
3.505,0.55,-0.22,1.1484,0.5271,0.0391,9.6523,0.07,4.22,4.34,1
3.528,0.51,-0.24,0.6914,0.6013,-0.2695,9.2695,0.07,4.22,4.34,1
3.539,0.49,-0.23,0.6914,0.6152,-0.2695,9.2695,0.07,4.22,4.34,1
3.559,0.46,-0.26,0.1914,0.4135,-0.0781,8.8828,0.07,4.22,4.34,1
3.575,0.43,-0.28,1.6484,0.4670,0.0000,10.7695,0.07,4.22,5.83,1
3.596,0.40,-0.27,0.4609,0.6070,0.0781,9.4648,0.07,5.71,5.83,1
3.608,0.39,-0.27,0.6523,0.5900,0.1523,10.1484,0.07,5.71,5.83,1
3.626,0.34,-0.23,-0.8438,0.4880,-0.2695,6.7461,0.07,5.71,5.83,1
3.645,0.32,-0.23,0.6523,0.3651,0.0000,9.5039,0.07,5.71,5.83,1
3.658,0.31,-0.24,1.0352,0.4398,-0.3047,10.0703,0.07,5.71,5.83,1
3.675,0.29,-0.23,-0.3828,0.3290,-0.4609,7.6562,0.07,5.71,5.83,1
3.698,0.26,-0.20,-1.1875,0.3417,-0.3828,6.6680,0.07,5.71,7.55,1
3.709,0.25,-0.19,-1.1875,0.1068,-0.3828,6.6680,0.07,5.71,7.55,1
3.726,0.24,-0.20,1.5313,0.3414,0.0781,10.1875,0.07,7.28,7.55,1
3.746,0.22,-0.24,-0.2695,0.0332,-0.4609,8.2383,0.07,7.28,7.55,1
3.766,0.22,-0.29,1.4180,0.3035,0.1523,10.9922,0.07,7.28,7.55,1
3.777,0.21,-0.28,-0.6523,0.3845,-0.8047,7.2383,0.07,7.28,7.55,1
3.795,0.22,-0.33,2.0312,0.3051,0.0000,11.6406,0.07,7.28,7.55,1
3.815,0.24,-0.36,-0.6133,0.3083,-0.5352,7.8906,0.07,7.28,9.14,1
3.828,0.25,-0.38,0.1133,0.2249,-0.2695,8.7383,0.07,7.28,9.14,1
3.846,0.28,-0.41,1.6094,0.5180,0.0000,11.4180,0.07,8.43,9.14,1
3.864,0.31,-0.42,-0.4961,0.3615,-0.4961,7.3906,0.07,8.43,9.14,1
3.885,0.35,-0.47,-0.4961,0.6980,-0.6523,8.6211,0.07,8.43,9.14,1
3.897,0.37,-0.49,-0.4961,0.5146,-0.6523,8.6211,0.07,8.43,10.41,1
3.917,0.40,-0.51,1.5313,0.5513,0.3047,11.8008,0.07,8.43,10.41,1
3.936,0.43,-0.50,-0.1914,0.6914,-0.1914,7.9727,0.07,8.43,10.41,1
3.948,0.46,-0.51,1.7617,0.6523,0.8828,11.5312,0.07,9.76,10.41,1
3.966,0.49,-0.52,0.0391,0.8291,-0.5742,9.0391,0.07,9.76,10.41,1
3.984,0.52,-0.51,-0.3828,0.4664,0.4961,7.9727,0.07,9.76,10.41,1
3.998,0.54,-0.53,0.8047,0.4310,0.3437,9.9609,0.07,9.76,10.89,1
4.015,0.56,-0.51,-0.5352,0.2619,-0.1523,7.8164,0.07,9.76,10.89,1
4.035,0.58,-0.53,0.9961,0.3747,0.7266,9.5820,0.07,10.66,10.89,1
4.049,0.59,-0.54,1.3398,0.4976,-0.5742,11.2969,0.07,10.66,10.89,1
4.066,0.61,-0.55,0.0391,0.4969,0.4219,8.1562,0.07,10.66,10.89,1
4.087,0.63,-0.55,0.3047,0.4480,-0.4609,8.7344,0.07,10.66,12.24,1
4.106,0.66,-0.56,1.1484,0.4748,0.2695,9.3437,0.07,10.66,12.24,1
4.118,0.68,-0.57,1.4922,0.6514,0.2695,11.0352,0.07,11.94,12.24,1
4.135,0.71,-0.56,0.9570,0.8470,-0.0391,9.6914,0.07,11.94,12.24,1
4.154,0.74,-0.58,-0.5742,0.5457,0.0000,8.0117,0.07,11.94,12.95,1
4.168,0.77,-0.59,1.2266,0.5177,-0.5352,10.9531,0.07,11.94,12.95,1
4.185,0.79,-0.60,0.8047,0.6539,-0.8438,10.3828,0.07,11.94,12.95,1
4.204,0.86,-0.58,1.0352,0.7563,0.1133,10.3867,0.07,12.71,12.95,1
4.219,0.88,-0.56,1.5313,0.8389,0.0391,11.3789,0.07,12.71,14.11,1
4.236,0.93,-0.50,-0.8828,0.5406,0.1133,6.5469,0.11,12.71,14.11,1
4.258,0.99,-0.51,0.8047,0.4711,-0.5742,9.3047,0.11,12.71,14.11,1
4.276,1.04,-0.52,0.4961,0.5410,1.1875,9.4219,0.11,14.14,14.11,1
4.289,1.07,-0.52,1.3789,0.6017,-0.4219,11.5703,0.11,14.14,14.75,1
4.306,1.11,-0.45,0.6914,0.7671,-0.2305,8.8477,0.11,14.14,14.75,1
4.325,1.14,-0.44,0.0391,0.6455,0.5742,8.6992,0.11,14.14,14.75,1
4.338,1.17,-0.38,0.9961,0.5878,-0.5352,9.1953,0.11,14.53,14.75,1
4.356,1.22,-0.36,0.8047,0.6883,1.3789,10.6133,0.11,14.53,15.69,1
4.375,1.25,-0.33,-0.6133,0.4142,-0.0391,7.2344,0.11,14.53,15.69,1
4.389,1.27,-0.33,0.3437,0.3329,0.6133,10.1914,0.11,14.53,15.69,1
4.406,1.28,-0.31,-0.3828,0.1758,0.7656,7.2383,0.11,15.57,15.69,1
4.425,1.30,-0.32,0.1133,0.1272,0.3047,8.8828,0.11,15.57,16.29,1
4.446,1.31,-0.31,-0.3047,0.4396,0.3047,6.8555,0.11,15.57,16.29,1
4.457,1.31,-0.32,-0.3047,0.3253,0.3047,6.8555,0.11,15.87,16.29,1
4.477,1.31,-0.33,0.1523,0.4865,0.1914,7.8516,0.11,15.87,18.02,1
4.496,1.32,-0.34,-0.1523,0.3673,-0.0781,8.3516,0.11,15.87,18.02,1
4.508,1.32,-0.37,0.8438,0.3320,-1.1875,10.3867,0.11,15.87,18.02,1
4.525,1.33,-0.36,0.9180,0.4831,0.4609,9.4219,0.11,16.69,18.02,1
4.544,1.34,-0.36,0.5352,0.5466,0.1523,9.8047,0.11,16.69,18.00,1
4.565,1.35,-0.36,0.2305,0.4759,-0.2305,8.8867,0.11,16.69,18.00,1
4.576,1.35,-0.38,0.4219,0.4640,0.7656,9.4219,0.11,16.94,18.76,1
4.595,1.37,-0.37,-0.1523,0.3250,-0.6523,9.5039,0.11,16.94,18.76,1
4.615,1.39,-0.38,-0.2305,0.3557,0.2305,8.5820,0.11,16.94,18.76,1
4.627,1.40,-0.39,-0.2305,0.2657,0.2305,8.5820,0.11,16.94,19.39,1
4.647,1.41,-0.40,1.0352,0.1961,0.4219,10.7695,0.11,17.55,19.39,1
4.665,1.43,-0.41,-0.9961,0.2716,0.0000,6.9297,0.11,17.55,19.39,1
4.678,1.44,-0.45,0.3828,0.1014,0.5352,9.3047,0.11,17.55,19.39,1
4.696,1.45,-0.51,0.3828,0.1812,-0.3828,8.8125,0.11,17.97,20.16,1
4.715,1.48,-0.56,0.3828,0.2499,0.5742,9.4609,0.11,17.97,20.16,1
4.729,1.50,-0.58,0.9180,0.3131,0.4219,10.0000,0.11,17.97,20.59,1
4.746,1.52,-0.59,-0.4961,0.2064,-0.5352,7.6562,0.11,18.23,20.59,1
4.765,1.53,-0.63,0.3437,0.1930,0.7656,9.6523,0.11,18.23,20.59,1
4.788,1.53,-0.69,0.1523,0.2919,0.4609,9.2305,0.11,18.23,21.53,1
4.797,1.54,-0.72,0.1523,0.2705,0.4609,9.2305,0.11,18.23,21.53,1
4.815,1.54,-0.75,0.6523,0.3476,0.9570,9.8047,0.11,18.54,21.53,1
4.837,1.55,-0.80,0.6523,0.3017,0.4219,10.1875,0.11,18.54,21.93,1
4.848,1.54,-0.82,1.4180,0.4405,-0.7656,11.2969,0.11,18.54,21.93,1
4.866,1.56,-0.83,0.1914,0.6196,-1.1875,10.0703,0.11,18.65,21.93,1
4.885,1.57,-0.86,0.0781,0.4808,-0.7266,10.4141,0.11,18.65,21.81,1
4.899,1.59,-0.86,-0.1914,0.3974,-0.1914,9.9219,0.11,18.65,21.81,1
4.916,1.62,-0.85,-0.1914,0.2304,-0.1914,9.9219,0.11,18.70,21.59,1
4.935,1.65,-0.86,0.6133,0.2647,1.5703,10.3047,0.11,18.70,21.59,1
4.957,1.65,-0.86,-0.1914,0.2563,0.0781,10.0000,0.11,18.70,21.59,1
4.967,1.64,-0.84,-0.1914,0.1875,0.0781,10.0000,0.11,19.18,22.00,1
4.988,1.66,-0.88,-0.0781,-0.1903,-0.6914,9.5000,0.11,19.18,22.00,1
5.005,1.67,-0.90,1.3789,-0.0419,1.7617,11.6445,0.11,19.18,22.43,1
5.024,1.65,-0.91,-0.3437,0.0612,0.0781,8.3945,0.11,19.36,22.43,1
5.036,1.65,-0.93,0.7656,0.0878,0.0000,11.2227,0.11,19.36,22.43,1
5.056,1.63,-0.90,-1.3789,-0.1557,0.3437,6.2070,0.11,19.36,23.11,1
5.069,1.63,-0.92,1.2266,-0.1352,0.1133,10.7305,0.11,19.82,23.11,1
5.086,1.62,-0.93,0.5742,0.1988,-0.6133,9.3437,0.11,19.82,23.11,1
5.105,1.61,-0.92,-0.9961,-0.0207,-0.5352,7.7344,0.11,19.82,22.94,1
5.125,1.59,-0.91,0.9570,0.1349,0.0391,10.2656,0.11,19.80,22.94,1
5.137,1.60,-0.92,-0.9570,-0.1068,-0.9570,7.5898,0.11,19.80,23.84,1
5.155,1.61,-0.91,1.9531,0.2962,-0.2695,11.6406,0.11,19.80,23.84,1
5.177,1.63,-0.91,-0.8828,-0.0382,-0.1133,7.7344,0.11,20.42,23.80,1
5.188,1.66,-0.91,-0.8828,-0.1679,-0.1133,7.7344,0.11,20.42,23.80,1
5.207,1.69,-0.90,-0.3437,0.2817,-0.5742,7.7773,0.11,20.42,23.80,1
5.227,1.74,-0.92,1.2266,0.2300,-0.2695,10.8750,0.11,20.53,24.78,1
5.239,1.76,-0.92,-0.7266,0.2943,-1.3008,7.5508,2.54,20.53,24.78,1
5.256,1.82,-0.94,0.7266,0.1210,0.4219,10.0703,2.54,20.53,24.69,1
5.274,1.90,-0.94,1.3008,0.4545,-0.6914,10.9531,2.54,21.36,51.05,1
5.290,1.94,-0.91,-0.3828,0.4498,-0.1523,8.1953,2.54,21.36,52.02,1
5.307,2.02,-0.92,0.4609,0.3527,-0.1133,9.0820,2.54,21.77,52.02,1
5.324,2.11,-0.95,-0.8047,0.1033,-1.2656,7.6992,2.54,21.77,52.02,1
5.346,2.19,-0.97,1.4570,0.5872,0.1133,11.5742,2.54,21.77,26.22,1
5.358,2.23,-0.98,1.4570,0.7208,0.1133,11.5742,2.54,22.47,26.22,1
5.378,2.32,-0.96,0.4961,0.5903,0.1523,9.5039,2.54,22.47,27.00,1
5.395,2.42,-0.97,0.4961,0.5636,0.1523,9.5039,2.54,22.80,27.00,1
5.416,2.42,-0.97,0.6133,0.3288,0.0781,9.2305,2.54,22.80,27.28,1
5.426,2.58,-1.05,1.3789,0.4338,0.2695,10.6484,2.54,22.80,27.28,1
5.444,2.67,-1.07,0.6133,0.5865,0.3828,10.2305,2.54,23.77,28.58,1
5.466,2.76,-1.11,1.1094,0.7039,1.1484,9.5820,2.54,23.77,28.58,1
5.477,2.76,-1.11,-0.9570,0.4488,-0.7266,7.7344,2.54,23.88,28.26,1
5.495,2.90,-1.14,1.3789,0.4865,-1.0742,9.9258,2.54,23.88,28.26,1
5.518,2.99,-1.17,0.3047,0.6348,1.3398,8.8437,2.54,23.88,29.95,1
5.528,3.02,-1.17,0.3047,0.5841,1.3398,8.8437,2.54,24.70,29.95,1
5.548,3.10,-1.22,-0.9570,0.5207,0.0391,7.9727,2.54,24.70,29.39,1
5.566,3.18,-1.25,1.2656,0.2794,0.5352,9.7266,2.54,24.92,29.39,1
5.579,3.21,-1.27,0.9961,0.4761,1.3789,10.4922,2.54,24.92,29.39,1
5.597,3.28,-1.29,0.1523,0.5561,1.0352,9.3047,2.54,24.92,30.91,1
5.615,3.34,-1.31,0.4609,0.4867,0.0000,9.8477,2.54,25.40,30.58,1
5.635,3.38,-1.33,-0.9180,0.1728,-0.5742,8.0391,2.54,25.40,30.58,1
5.647,3.40,-1.34,0.7266,0.1368,-0.1133,9.4648,2.54,25.37,31.52,1
5.665,3.45,-1.36,0.8047,0.3552,0.4219,10.4141,2.54,25.37,31.52,1
5.688,3.49,-1.36,1.1484,0.5669,0.4961,10.3828,2.54,25.99,31.42,1
5.698,3.51,-1.37,1.1484,0.6562,0.4961,10.3828,2.54,25.99,32.16,1
5.718,3.54,-1.36,1.1094,0.3612,0.5742,9.8047,2.54,25.78,32.16,1
5.735,3.58,-1.36,0.0781,0.4909,-0.0391,9.2656,2.54,25.78,31.99,1
5.757,3.61,-1.38,0.0781,0.3502,-0.1523,8.3945,2.54,26.90,31.99,1
5.766,3.63,-1.42,0.3047,0.3265,0.8047,9.3867,2.54,26.90,33.48,1
5.787,3.66,-1.48,0.0391,0.2991,-0.6523,8.5820,2.54,26.90,33.48,1
5.801,3.67,-1.51,1.3789,0.3487,0.5352,10.7305,2.54,26.84,33.29,1
5.817,3.70,-1.55,0.2695,0.5521,-0.1914,8.8828,2.54,26.84,33.29,1
5.835,3.73,-1.60,0.4219,0.4895,-0.0391,8.6172,2.54,27.49,34.39,1
5.859,3.79,-1.70,-0.1133,0.3298,-0.0391,8.7773,2.54,27.49,34.23,1
5.868,3.81,-1.72,-0.1133,0.2617,-0.0391,8.7773,2.54,27.28,34.23,1
5.886,3.85,-1.80,1.4570,0.5029,1.0742,10.7266,2.54,27.28,34.91,1
5.906,3.88,-1.89,0.8828,0.5020,-0.4219,10.3437,2.54,28.42,34.91,1
5.919,3.89,-1.92,0.8828,0.5605,-0.4219,10.3437,2.54,28.42,35.02,1
5.939,3.95,-2.00,1.1094,0.4777,0.4961,10.9570,2.54,27.92,35.02,1
5.956,3.99,-2.03,1.5703,0.6937,-0.5742,10.2695,2.54,27.92,35.75,1
5.975,4.02,-2.08,-0.4961,0.5353,0.6133,8.8477,2.54,28.41,35.54,1
5.987,4.03,-2.10,1.1875,0.5115,-0.1133,11.1094,2.54,28.41,35.54,1
6.005,4.06,-2.10,-0.3828,0.3945,-0.0781,9.0039,2.54,28.05,36.05,1
6.025,4.10,-2.08,0.9961,0.4792,-0.6523,11.2578,2.54,28.05,35.83,1
6.038,4.12,-2.09,0.0781,0.3904,0.5352,9.0820,2.54,28.59,35.83,1
6.055,4.14,-2.10,-0.7266,0.1238,0.4609,8.6953,2.54,28.59,35.47,1
6.078,4.17,-2.09,-0.9180,0.1224,-0.4609,8.6602,2.54,28.45,35.47,1
6.089,4.19,-2.09,-0.9180,-0.0374,-0.4609,8.6602,2.54,28.45,35.90,1
6.108,4.19,-2.10,0.1914,0.1329,0.3047,10.1484,2.54,28.45,35.90,1
6.126,4.20,-2.10,0.6914,0.1895,-0.9570,10.2695,2.54,29.12,36.20,1
6.142,4.21,-2.07,0.3437,0.2728,-0.2695,9.8477,2.54,28.68,36.05,1
6.157,4.22,-2.01,-0.3047,0.2410,-0.4961,8.6992,2.54,28.68,36.65,1
6.176,4.24,-1.98,0.3828,0.2071,-0.3437,9.9219,2.54,28.68,36.65,1
6.195,4.27,-1.93,-0.3828,0.0875,-1.4570,9.5039,2.54,29.48,36.04,1
6.208,4.27,-1.93,0.4961,0.1503,-0.1914,9.6523,2.54,29.27,36.04,1
6.226,4.33,-1.86,-0.3828,0.0737,0.6914,8.3555,2.54,29.27,36.74,1
6.247,4.36,-1.83,-0.6523,-0.0566,-1.2656,7.3125,3.80,29.99,36.59,1
6.259,4.37,-1.82,-0.6523,-0.1481,-1.2656,7.3125,3.80,29.99,36.59,1
6.278,4.42,-1.83,0.3437,0.0794,-1.6836,9.3437,3.80,29.99,37.47,1
6.297,4.47,-1.81,0.7656,0.1881,0.0000,10.2266,3.80,29.76,37.08,1
6.316,4.52,-1.80,-0.3437,0.1395,-0.3047,9.0781,3.80,30.54,37.08,1
6.327,4.55,-1.80,-0.4609,0.0559,-1.3398,9.1211,3.80,30.54,37.75,1
6.347,4.63,-1.79,-0.9961,-0.2387,0.2695,7.0117,3.80,30.39,37.75,1
6.365,4.71,-1.82,1.1484,-0.0223,-0.7266,11.1875,3.80,30.39,36.86,1
6.378,4.75,-1.81,0.3047,0.0900,-0.6914,9.5039,3.80,31.06,38.65,1
6.396,4.83,-1.83,0.9180,0.2989,1.1875,10.3047,3.80,31.06,38.65,1
6.418,4.90,-1.84,0.1914,0.0462,-0.6914,9.6094,3.80,31.15,37.76,1
6.429,4.95,-1.85,0.1914,0.0685,-0.6914,9.6094,3.80,31.15,39.48,1
6.446,5.03,-1.83,0.9570,0.2728,0.1914,8.6992,3.80,31.95,39.48,1
6.469,5.13,-1.86,-0.3828,0.4295,-0.8438,8.4648,3.80,31.95,38.41,1
6.487,5.23,-1.89,0.8047,0.4154,1.0352,9.8086,3.80,31.60,40.04,1
6.499,5.27,-1.90,0.1133,0.4462,-0.0781,9.5820,3.80,31.60,40.04,1
6.517,5.37,-1.90,0.5352,0.3855,-0.8828,9.8477,3.80,32.58,39.42,1
6.535,5.47,-1.90,-0.5352,0.1997,0.3437,8.4648,3.80,32.06,40.16,1
6.548,5.53,-1.92,1.1094,0.2184,-1.1484,10.5742,3.80,32.06,40.16,1
6.565,5.64,-1.92,1.1094,0.5221,0.2305,10.6094,3.80,32.97,39.91,1
6.585,5.75,-1.91,0.7266,0.6040,-0.4219,9.6875,3.80,32.97,40.81,1
6.599,5.80,-1.90,-0.5742,0.3432,0.6133,8.8164,3.80,32.55,39.80,1
6.616,5.91,-1.90,-0.2305,0.1591,-0.3047,9.1953,3.80,32.55,39.80,1
6.636,6.01,-1.86,0.4219,0.2646,0.9180,9.6523,3.80,33.39,41.30,1
6.650,6.08,-1.86,0.4219,0.2888,0.9180,9.6523,3.80,33.03,40.68,1
6.668,6.19,-1.83,-0.4219,0.2746,-0.3828,9.2695,3.80,33.03,40.68,1
6.687,6.29,-1.79,-1.0352,0.0280,0.9961,8.0820,3.80,33.89,42.06,1
6.704,6.38,-1.79,0.2305,-0.0543,0.0391,9.9258,3.80,33.89,41.66,1
6.718,6.42,-1.77,0.8828,0.0416,0.3437,10.8359,3.80,33.72,42.74,1
6.735,6.51,-1.74,-0.1914,0.0906,1.1875,8.7344,3.80,33.72,42.74,1
6.755,6.57,-1.74,-1.3789,-0.2522,0.2695,7.5898,3.80,34.50,42.59,1
6.769,6.60,-1.76,-1.1875,-0.4592,1.4922,7.8945,3.80,34.50,42.59,1
6.787,6.63,-1.81,0.1523,-0.3692,0.4961,10.1914,3.80,34.20,43.68,1
6.807,6.65,-1.85,0.0391,-0.0676,1.2266,10.1094,3.80,34.80,43.72,1
6.827,6.63,-1.84,-1.0742,-0.1264,-0.8047,8.1211,3.80,34.80,44.46,1
6.838,6.63,-1.85,-0.6523,-0.3024,0.7656,8.6992,3.80,34.60,44.46,1
6.856,6.62,-1.89,0.3437,-0.3220,0.2305,9.7695,3.80,34.60,43.80,1
6.875,6.58,-1.93,1.3008,0.1168,-0.4219,11.3008,3.80,35.12,44.57,1
6.888,6.56,-1.93,0.4219,0.2283,0.6133,9.5000,3.80,34.80,43.85,1
6.905,6.51,-1.95,-0.4961,0.0912,0.6133,8.9219,3.80,34.80,43.85,1
6.925,6.46,-1.96,-1.3008,-0.2535,0.0391,8.0117,3.80,35.07,44.52,1
6.939,6.42,-1.96,0.9570,-0.2337,-0.0781,10.8359,3.80,34.56,43.96,1
6.956,6.37,-1.92,1.4180,0.2742,-0.0781,11.3359,3.80,34.56,44.28,1
6.979,6.32,-1.90,-0.8828,0.1834,-0.2695,8.8477,3.80,34.91,43.03,1
6.990,6.29,-1.89,-0.8828,0.0197,-0.2695,8.8477,3.80,34.91,43.03,1
7.009,6.26,-1.86,0.1523,-0.2593,-1.5703,9.9219,3.80,34.08,43.39,1
7.025,6.24,-1.82,0.0391,-0.1516,0.2695,10.0039,3.80,34.08,42.11,1
7.056,6.22,-1.78,-1.1875,-0.1957,-1.3008,8.6992,3.80,34.53,41.62,1
7.058,6.22,-1.78,-1.1875,-0.1957,-1.3008,8.6992,3.80,33.73,41.62,1
7.076,6.22,-1.70,-1.8398,-0.5291,1.0352,6.5898,3.80,33.73,41.88,1
7.096,6.20,-1.63,0.0781,-0.5515,0.6523,10.6484,3.80,33.75,40.55,1
7.109,6.19,-1.58,0.1133,-0.4520,-2.4531,10.1523,3.80,33.75,40.55,1
7.126,6.21,-1.52,-1.4922,-0.6146,-1.4922,8.4648,3.80,32.89,40.07,1
7.145,6.23,-1.46,-1.8008,-0.9318,0.0000,7.1641,3.80,32.89,40.86,1
7.166,6.22,-1.46,0.3437,-1.2267,-0.8438,11.5742,3.80,33.38,40.86,1
7.179,6.22,-1.44,-0.2695,-0.9282,-0.2305,10.9961,3.80,32.22,39.62,1
7.196,6.21,-1.39,-0.7266,-0.7780,1.1875,9.8047,3.80,32.22,40.28,1
7.217,6.18,-1.32,-3.7539,-1.0056,-1.2656,4.9375,3.80,32.60,40.28,1
7.228,6.17,-1.33,-1.0742,-1.3994,0.2305,9.3047,3.80,32.60,39.63,1
7.246,6.15,-1.34,-1.1484,-1.3131,0.0391,9.1992,3.80,32.24,40.82,1
7.265,6.12,-1.38,1.3789,-0.6977,0.5742,11.7969,3.80,32.24,40.82,1
7.279,6.08,-1.39,-1.1875,-0.5840,2.9883,8.5781,3.80,32.78,40.57,1
7.296,6.00,-1.46,-0.9961,-0.7474,-0.5742,8.8164,3.80,32.78,41.62,1
7.315,5.92,-1.51,-1.5703,-0.9450,0.4219,8.1562,3.80,32.07,41.62,1
7.330,5.88,-1.54,0.7656,-0.5664,-1.5313,10.8008,3.80,33.07,40.48,1
7.347,5.81,-1.59,-0.3437,-0.4342,-1.1875,9.0430,3.80,33.07,42.28,1
7.368,5.73,-1.65,-0.8438,-0.1039,0.3047,8.5000,3.80,32.47,41.27,1
7.386,5.64,-1.71,0.7656,-0.1850,-0.3047,12.1016,3.80,32.47,41.27,1
7.398,5.60,-1.71,-1.1875,-0.1309,-1.3398,8.0820,3.80,32.47,41.73,1
7.417,5.53,-1.74,0.4609,-0.2987,-0.1523,9.5039,3.80,32.58,40.75,1
7.436,5.47,-1.79,0.2695,-0.0821,-0.5742,8.8828,3.80,32.62,40.75,1
7.449,5.44,-1.81,0.8047,0.0148,-0.4609,10.9180,3.80,32.62,41.87,1
7.466,5.37,-1.83,-0.5352,-0.0125,-1.6836,9.0000,3.80,32.83,40.18,1
7.484,5.32,-1.86,-0.1914,-0.0846,-1.1094,9.6484,3.80,32.83,40.18,1
7.508,5.24,-1.89,0.1914,-0.3362,-0.8828,9.6133,3.80,31.97,40.58,1
7.517,5.21,-1.89,0.1914,-0.2551,-0.8828,9.6133,3.80,32.36,39.90,1
7.539,5.17,-1.90,-0.2695,-0.2487,-2.1055,9.9219,3.80,32.36,39.90,1
7.556,5.14,-1.93,-0.5742,-0.2790,0.1133,9.1172,3.80,31.97,39.89,1
7.568,5.13,-1.96,0.7266,-0.2403,-0.6914,12.0234,3.80,31.97,39.21,1
7.586,5.12,-1.93,-1.7227,-0.1620,-1.5703,7.6562,3.80,31.58,39.21,1
7.602,5.13,-1.91,-0.1133,-0.3787,-0.5742,9.7695,3.80,31.58,39.65,1
7.619,5.15,-1.88,-1.6484,-0.4262,-2.8711,7.8164,3.80,31.67,38.26,1
7.637,5.22,-1.92,0.2305,-0.4271,-1.6484,9.9219,3.80,31.67,38.26,1
7.656,5.31,-1.97,0.1133,-0.2288,-0.3437,10.7656,3.80,32.21,39.02,1
7.678,5.39,-1.94,-1.8398,-0.2836,0.0781,7.6562,3.80,32.21,38.54,1
7.687,5.44,-1.93,-1.8398,-0.5226,0.0781,7.6562,3.80,31.18,38.90,1
7.705,5.54,-1.91,-1.2266,-0.7605,-1.6484,8.5000,3.80,31.18,38.90,1
7.727,5.70,-1.97,1.0352,-0.7078,-1.8008,11.5352,3.80,32.25,38.35,1
7.739,5.77,-1.97,-0.8438,-0.4724,-0.1914,8.7734,3.80,31.43,38.97,1
7.756,5.92,-1.99,-0.2695,-0.5318,-0.2305,9.9258,3.80,31.43,38.97,1
7.775,6.00,-1.98,-1.7617,-0.6866,-0.1523,7.4297,3.80,32.19,38.03,1
7.789,6.17,-2.00,-0.6133,-0.7599,0.8828,8.8867,3.80,32.19,39.26,1
7.806,6.32,-2.03,0.0000,-0.6692,-0.6133,9.8047,3.80,31.67,39.26,1
7.825,6.50,-2.06,-0.9570,-0.6529,0.1914,8.2344,3.80,31.67,38.30,1
7.849,6.67,-2.13,-0.6523,-0.6932,-0.8828,8.7773,3.80,32.15,39.41,1
7.857,6.75,-2.14,-0.6523,-0.6869,-0.8828,8.7773,3.80,32.15,39.41,1
7.875,6.94,-2.21,0.4609,-0.4308,0.8828,10.4922,3.80,31.97,38.80,1
7.897,7.10,-2.23,0.2695,-0.2623,0.6523,9.8477,3.80,31.97,38.80,1
7.908,7.19,-2.25,0.2695,-0.1806,0.6523,9.8477,3.80,32.07,39.81,1
7.929,7.37,-2.29,-0.2695,-0.4005,-0.7656,9.4258,3.80,31.91,39.08,1
7.946,7.56,-2.32,-0.0781,-0.3481,-0.1914,9.5391,3.80,31.91,39.08,1
7.959,7.66,-2.32,0.6133,-0.2330,-0.1133,10.1484,3.80,32.29,40.27,1
7.977,7.84,-2.32,-0.4961,-0.0817,0.7656,8.4258,3.80,32.29,40.03,1
7.996,8.03,-2.36,0.2695,-0.0536,-0.4961,9.6484,3.80,32.07,40.03,1
8.010,8.12,-2.37,-0.5352,-0.0683,0.7266,9.3047,3.80,32.07,40.83,1
8.027,8.31,-2.39,0.4219,-0.0157,0.9180,10.4570,3.80,32.64,41.19,1
8.045,8.49,-2.38,-0.8828,-0.1803,1.4180,8.5430,3.80,32.64,41.34,1
8.066,8.69,-2.42,-0.0781,0.0349,-1.6094,8.8164,3.80,32.46,41.34,1
8.078,8.78,-2.42,-0.0781,0.0176,-1.6094,8.8164,3.80,33.42,41.80,1
8.097,8.96,-2.45,-1.0352,-0.0967,0.8047,8.2734,3.80,33.42,42.92,1
8.117,9.12,-2.49,0.2305,-0.2616,0.4609,11.5703,3.80,32.80,41.81,1
8.129,9.20,-2.51,0.9570,-0.0946,-0.8438,11.7578,3.80,32.80,41.81,1
8.146,9.36,-2.49,-0.6914,0.0718,0.9961,8.6562,3.80,33.88,43.30,1
8.166,9.54,-2.51,-0.7656,-0.2048,0.6914,9.0430,3.80,33.88,42.59,1
8.185,9.70,-2.53,-0.8828,-0.3898,-0.1523,9.1602,3.80,33.78,43.64,1
8.197,9.77,-2.54,0.2695,-0.2439,1.4922,10.1133,3.80,34.46,43.64,1
8.215,9.92,-2.53,0.6523,-0.0136,0.0000,10.4922,3.80,34.46,43.36,1
8.238,10.04,-2.51,-1.6094,0.0309,0.9570,6.8242,3.80,33.93,44.55,1
8.248,10.11,-2.51,-1.6094,-0.2211,0.9570,6.8242,5.19,33.93,89.95,1
8.268,10.25,-2.55,-0.7266,-0.5609,0.4219,8.1172,5.19,35.38,89.95,1
8.286,10.39,-2.63,1.4180,-0.4363,-0.0781,11.3008,5.19,35.05,45.22,1
8.299,10.46,-2.64,0.4219,-0.1056,2.0703,9.9258,5.19,35.05,45.22,1
8.317,10.57,-2.67,0.9961,0.0899,1.8398,10.3867,5.19,35.43,45.33,1
8.337,10.64,-2.65,-1.4570,-0.1441,-0.3047,7.3516,5.19,35.43,45.87,1
8.350,10.68,-2.66,0.4961,-0.1895,-1.1484,9.5000,5.19,35.40,45.56,1
8.367,10.80,-2.66,-0.9180,-0.2687,0.6133,7.4297,5.19,35.40,46.66,1
8.385,10.91,-2.70,0.5352,-0.1685,0.8828,10.1094,5.19,36.20,45.65,1
8.408,11.00,-2.70,-0.1914,0.1302,1.5313,9.2656,5.19,35.45,45.65,1
8.418,11.03,-2.67,-0.1914,0.0808,1.5313,9.2656,5.19,35.45,46.94,1
8.435,11.11,-2.66,-0.2305,-0.0050,0.3828,8.8164,5.19,36.51,45.96,1
8.456,11.19,-2.64,0.1914,-0.0352,0.3047,9.4648,5.19,36.21,47.46,1
8.470,11.24,-2.67,-0.3047,-0.0248,0.7266,9.3437,5.19,36.21,46.79,1
8.487,11.31,-2.72,1.0352,0.0030,0.6914,11.4570,5.19,36.91,46.79,1
8.507,11.36,-2.70,-0.9570,-0.0860,1.1484,8.0781,5.19,36.91,47.95,1
8.525,11.42,-2.69,0.4609,-0.0691,0.9570,9.4648,5.19,36.36,46.37,1
8.538,11.44,-2.66,0.3437,0.0029,-0.1914,9.3086,5.19,37.24,47.96,1
8.555,11.48,-2.65,0.8828,0.2384,0.9961,9.6094,5.19,37.24,47.65,1
8.575,11.50,-2.70,-0.1133,0.2007,1.6094,8.2344,5.19,36.71,48.07,1
8.588,11.51,-2.70,1.6094,0.5125,0.0391,11.3789,5.19,37.04,48.07,1
8.605,11.54,-2.68,-0.8047,0.2893,0.0391,8.0781,5.19,37.04,47.79,1
8.626,11.54,-2.67,0.3437,0.2681,0.6523,9.7656,5.19,36.89,48.49,1
8.646,11.53,-2.62,0.4609,0.3198,0.0391,8.5820,5.19,37.46,48.28,1
8.657,11.53,-2.58,-0.1914,0.2893,0.9570,7.8125,5.19,37.46,48.28,1
8.676,11.50,-2.57,-0.1914,0.1530,0.9570,7.8125,5.19,36.82,49.17,1
8.696,11.50,-2.57,0.1914,0.1040,0.6914,8.8125,5.19,36.82,48.52,1
8.707,11.49,-2.61,-0.4609,0.0652,0.1133,8.3125,5.19,37.59,50.04,1
8.725,11.48,-2.64,0.2695,0.0475,-0.0781,9.3867,5.19,37.30,48.31,1
8.745,11.47,-2.64,-0.1914,0.0085,-0.8438,9.1992,5.19,37.30,50.78,1
8.758,11.46,-2.63,0.5352,0.1250,0.9570,10.3047,5.19,36.95,48.91,1
8.776,11.40,-2.62,-1.2266,-0.1486,0.6914,7.8516,5.19,37.54,95.47,1
8.797,11.33,-2.65,-0.1914,-0.0928,-0.3828,10.2266,5.19,37.54,100.89,1
8.809,11.30,-2.70,-0.1914,-0.1080,-0.3828,10.2266,5.19,37.52,49.57,1
8.827,11.27,-2.77,0.1523,0.0159,0.9570,10.9531,5.19,37.52,49.58,1
8.846,11.21,-2.78,-0.7266,-0.0157,0.5352,9.4648,5.19,36.99,49.57,1
8.865,11.12,-2.81,-0.3047,-0.1647,1.9922,9.6094,5.19,37.81,49.63,1
8.877,11.08,-2.82,0.1133,-0.1527,-0.8438,11.2578,5.19,37.81,49.63,1
8.895,11.00,-2.81,-0.3047,-0.1545,-0.5742,8.6953,5.19,37.27,49.87,1
8.915,10.92,-2.83,0.2695,-0.0700,0.9180,10.2656,5.19,38.27,49.67,1
8.928,10.88,-2.84,1.2266,0.2169,-0.3437,11.4531,5.19,38.27,49.44,1
8.945,10.78,-2.81,0.0000,0.2318,0.4609,9.6094,5.19,37.38,49.76,1
8.969,10.66,-2.81,-0.3437,0.1094,0.0781,7.9297,5.19,38.73,48.97,1
8.979,10.61,-2.81,-0.3437,0.0398,0.0781,7.9297,5.19,38.73,50.27,1
8.998,10.50,-2.82,-0.6133,0.1833,1.1875,8.1953,5.19,37.94,50.27,1
9.017,10.37,-2.82,0.6133,0.0555,0.8047,10.9180,5.19,38.51,49.68,1
9.030,10.30,-2.81,0.3047,0.1543,-0.6133,10.1133,5.19,38.51,49.65,1
9.047,10.16,-2.76,0.8047,0.2369,-0.7266,9.6875,5.19,37.90,49.69,1
9.066,10.09,-2.75,0.1133,0.2918,1.1875,8.9648,5.19,37.90,49.77,1
9.085,9.90,-2.71,0.6523,0.3604,-2.4531,9.9258,5.19,38.62,49.31,1
9.098,9.84,-2.68,-0.4609,0.3162,0.0000,8.6211,5.19,38.07,50.22,1
9.116,9.70,-2.66,0.5742,0.2804,0.6914,9.4219,5.19,38.07,50.22,1
9.139,9.56,-2.58,0.7266,0.2448,-1.0352,9.7305,5.19,38.69,48.92,1
9.149,9.50,-2.57,0.7266,0.3188,-1.0352,9.7305,5.19,38.38,49.85,1
9.177,9.44,-2.55,0.1914,0.3473,-0.6133,10.2695,5.19,38.38,48.96,1
9.187,9.31,-2.52,-0.5352,0.2653,-0.7656,7.5859,5.19,38.77,50.17,1
9.205,9.26,-2.51,0.9180,0.2615,0.8828,10.4922,5.19,38.49,48.70,1
9.218,9.16,-2.49,-0.7656,0.2276,-1.8789,8.0117,5.19,39.25,48.70,1
9.237,9.08,-2.46,0.4219,0.0409,-1.0352,9.1992,1.50,39.25,50.10,1
9.256,9.01,-2.46,0.2305,0.1284,-1.3008,9.1602,1.50,38.86,48.74,1
9.268,8.98,-2.46,1.2656,0.2269,-0.8438,10.6523,1.50,39.47,50.07,1
9.286,8.94,-2.47,-0.3437,0.2249,-0.4961,9.2656,1.50,39.47,48.79,1
9.306,8.89,-2.43,0.6133,0.2754,-1.0352,10.8750,1.50,38.68,49.67,1
9.319,8.89,-2.42,-0.6133,0.0787,-1.6094,8.1992,1.50,39.75,49.67,1
9.336,8.88,-2.43,-0.1523,-0.0155,-0.9961,9.9219,1.50,39.75,47.84,1
9.356,8.88,-2.45,-0.6914,-0.1285,-0.7656,8.6953,1.50,39.46,48.94,1
9.370,8.88,-2.45,-0.6914,-0.2149,-0.7656,8.6953,1.50,40.14,48.43,1
9.389,8.88,-2.50,0.8828,-0.1107,0.1133,11.3750,1.50,40.14,48.43,1
9.406,8.84,-2.52,-0.4609,0.0636,-0.0391,8.3945,1.50,39.79,49.16,1
9.422,8.80,-2.55,0.0391,-0.0125,-1.0742,8.6562,1.50,41.22,48.73,1
9.438,8.74,-2.63,0.0781,0.0053,0.3047,9.1992,1.50,41.22,49.94,1
9.456,8.69,-2.65,0.6914,0.1658,-1.0742,9.2656,1.50,40.26,49.43,1
9.475,8.63,-2.67,0.5742,0.2889,0.6133,9.6875,1.50,41.39,49.79,1
9.489,8.58,-2.66,-0.5352,0.1066,-0.1914,7.9336,1.50,41.39,49.27,1
9.506,8.54,-2.70,0.8438,0.2297,-0.7656,10.7969,1.50,40.71,50.49,1
9.529,8.47,-2.73,-0.1133,0.2456,-0.9961,9.3477,1.50,41.69,50.49,1
9.540,8.44,-2.76,-0.1133,0.1905,-0.9961,9.3477,1.50,41.69,49.51,1
9.560,8.38,-2.79,0.4961,0.1277,-0.3047,11.0352,1.50,40.73,50.72,1
9.578,8.30,-2.76,-1.3008,0.0884,-1.1875,7.2383,1.50,41.62,49.32,1
9.595,8.24,-2.79,0.8828,0.0981,-0.1914,10.5352,1.50,41.26,50.53,1
9.608,8.20,-2.78,0.0391,0.1511,-0.2695,8.9219,1.50,41.26,50.39,1
9.625,8.13,-2.82,1.2656,0.3844,0.4609,10.2266,1.50,41.80,50.39,1
9.645,8.05,-2.86,0.3437,0.4303,-1.1484,9.4609,1.50,41.52,50.42,1
9.659,8.01,-2.86,1.2656,0.6151,-0.7656,10.8750,1.50,41.52,50.72,1
9.676,7.93,-2.83,-1.1094,0.2740,0.1133,6.8242,1.50,42.21,51.22,1
9.699,7.85,-2.83,0.1133,0.0871,0.0000,9.3867,1.50,41.68,50.57,1
9.710,7.81,-2.84,0.1133,0.0911,0.0000,9.3867,1.50,42.56,51.04,1
9.729,7.72,-2.85,0.4609,0.2514,1.0352,10.1094,1.50,42.56,51.19,1
9.746,7.61,-2.86,0.2305,0.2924,-1.0352,7.8945,1.50,41.94,51.42,1
9.766,7.55,-2.87,-0.1914,0.2100,-1.0352,9.1172,1.50,42.70,51.42,1
9.778,7.46,-2.93,0.4219,0.1974,-0.3437,9.4609,1.50,42.70,50.66,1
9.797,7.36,-2.95,0.2305,0.2316,-0.2695,10.0352,1.50,42.37,51.86,1
9.815,7.23,-2.97,-1.0352,-0.0489,0.7656,7.3945,1.50,43.43,50.89,1
9.829,7.16,-3.03,-0.3828,-0.1482,-0.9180,9.1602,1.50,42.56,51.96,1
9.846,7.01,-3.13,-0.3047,-0.2109,0.5742,9.0820,1.50,42.56,51.38,1
9.865,6.84,-3.22,1.7617,0.2198,-0.6133,11.5742,1.50,43.70,52.16,1
9.880,6.77,-3.26,-0.7656,0.0017,-0.5352,7.3516,1.50,42.59,50.91,1
9.906,6.53,-3.34,0.4609,0.3365,-0.8047,9.3086,1.50,43.08,51.83,1
9.917,6.45,-3.35,1.1875,0.4137,-0.4961,11.0312,1.50,43.08,51.83,1
9.936,6.29,-3.39,-0.9180,0.2115,-1.0742,7.6602,1.50,42.34,50.62,1
9.955,6.14,-3.43,0.5742,0.2214,-1.3789,10.4961,1.50,42.81,50.40,1
9.967,6.07,-3.46,0.0781,0.2359,-2.0703,8.8125,1.50,42.81,50.10,1
9.986,5.95,-3.44,0.9961,0.3853,-0.8438,10.7305,1.50,42.19,50.23,1
9.999,5.88,-3.44,0.1523,0.4116,-1.5313,9.1992,1.50,42.48,48.25,1
10.016,5.76,-3.41,-0.0391,0.2809,-0.9961,9.9648,1.50,42.48,48.25,1
10.035,5.66,-3.40,-0.2695,0.1391,-1.3008,8.6562,1.50,42.01,49.37,1
10.050,5.60,-3.41,-0.7266,-0.0525,-1.5313,8.1992,1.50,42.87,48.18,1
10.067,5.43,-3.52,0.1914,-0.0405,-0.8438,9.9258,1.50,42.21,49.03,1
10.089,5.28,-3.63,0.4609,-0.1294,-0.6523,11.3008,1.50,42.21,47.95,1
10.106,5.13,-3.68,-0.0781,-0.0051,-0.9570,9.7305,1.50,42.90,48.78,1
10.119,5.06,-3.71,1.1875,0.0800,-1.1094,11.0703,1.50,41.98,48.78,1
10.137,4.93,-3.72,-1.1094,0.2103,-1.2266,7.3945,1.50,43.27,46.91,1
10.156,4.81,-3.80,0.6133,0.1417,-2.2969,9.3477,1.50,43.27,48.04,1
10.169,4.76,-3.85,1.4922,0.2844,-0.2305,11.4531,1.50,42.54,46.72,1
10.186,4.67,-3.91,0.1133,0.3910,-0.1523,10.1484,1.50,43.06,47.96,1
10.206,4.56,-3.96,-1.9141,-0.1364,-1.0352,6.7812,1.50,43.06,47.96,1
10.228,4.47,-4.01,-0.3437,-0.1580,-1.2656,9.3437,1.50,42.63,46.25,1
10.238,4.43,-4.05,-0.3437,-0.1865,-1.2656,9.3437,2.44,43.46,47.73,1
10.258,4.34,-4.14,0.9570,0.0978,-0.4961,11.2578,2.44,42.54,46.50,1
10.277,4.25,-4.19,0.2305,0.2833,-2.4531,8.5430,2.44,43.37,47.56,1
10.289,4.23,-4.22,0.4219,0.2869,-0.8828,9.4258,2.44,43.37,47.56,1
10.306,4.19,-4.28,0.2695,0.3130,-1.9141,9.0000,2.44,43.13,46.07,1
10.326,4.16,-4.31,0.6523,0.3829,-0.9961,8.9219,2.44,43.83,47.60,1
10.339,4.16,-4.32,0.6523,0.4243,-0.9961,8.9219,2.44,43.83,46.01,1
10.357,4.13,-4.33,0.8438,0.5444,-0.9570,10.6914,2.44,42.79,46.01,1
10.376,4.11,-4.27,-1.2656,0.1796,-0.4609,6.3984,2.44,43.62,47.84,1
10.390,4.11,-4.27,0.4961,0.0986,-1.2656,9.5781,2.44,43.29,45.71,1
10.407,4.11,-4.29,0.2305,0.1753,-1.7227,8.6992,2.44,43.29,46.71,1
10.429,4.14,-4.30,0.4219,0.4663,0.1523,9.0000,2.44,43.73,46.30,1
10.446,4.15,-4.26,0.6133,0.4690,0.4609,10.6094,2.44,42.84,46.46,1
10.459,4.15,-4.23,-1.4180,0.3385,-0.4961,7.6992,2.44,43.92,46.46,1
10.477,4.16,-4.18,-0.5352,-0.0891,-0.1914,8.7344,2.44,43.92,45.72,1
10.496,4.16,-4.14,0.7266,0.0381,0.1914,10.6875,2.44,42.83,46.85,1
10.509,4.16,-4.13,-0.4219,0.0986,-0.0781,9.5391,2.44,42.83,46.85,1
10.527,4.15,-4.10,-0.1133,-0.0243,0.6914,9.3828,2.44,43.75,46.08,1
10.545,4.13,-4.09,-0.5352,-0.1480,-0.6133,8.6211,2.44,43.27,46.17,1
10.560,4.13,-4.09,1.3398,-0.0575,0.5352,11.1914,2.44,44.27,45.80,1
10.577,4.10,-4.08,-0.7656,-0.0471,-0.1133,7.2383,2.44,43.93,47.52,1
10.596,4.09,-4.05,1.6484,0.2834,-0.6523,9.3437,2.44,43.93,46.62,1
10.617,4.07,-4.08,-1.3398,0.1117,-0.2695,6.9297,2.44,45.29,48.49,1
10.635,4.05,-4.22,3.4492,0.6767,-0.0781,12.1016,2.44,44.83,48.49,1
10.647,4.03,-4.25,-0.5352,0.7838,-0.4961,7.6289,2.44,46.12,47.67,1
10.668,4.01,-4.30,-0.5352,0.3342,-0.6914,8.0117,2.44,45.38,48.99,1
10.679,3.99,-4.30,-0.4219,0.1508,-0.6523,8.0781,2.44,46.34,48.32,1
10.697,3.93,-4.40,4.3672,0.3715,-0.9570,13.5625,2.44,46.34,48.32,1
10.716,3.86,-4.39,2.2227,1.2591,-0.0391,10.9922,2.44,45.85,49.70,1
10.730,3.83,-4.38,0.1133,1.2384,-0.0391,9.1602,2.44,46.38,49.15,1
10.747,3.75,-4.34,-1.7227,0.4485,0.3437,7.4727,2.44,45.65,49.71,1
10.766,3.68,-4.28,0.4961,0.3238,-0.2305,9.9258,2.44,45.65,49.17,1
10.787,3.62,-4.25,-1.3789,0.4333,-1.0742,6.7031,2.44,46.60,49.25,1
10.798,3.60,-4.24,-1.3789,0.1550,-1.0742,6.7031,2.44,46.24,49.73,1
10.818,3.55,-4.20,0.1523,0.1363,0.0000,8.9648,2.44,47.18,49.73,1
10.837,3.52,-4.23,-2.5273,-0.0735,-0.9570,4.7930,2.44,46.94,50.18,1
10.849,3.50,-4.26,1.1094,-0.3257,-0.3047,11.0312,2.44,46.94,49.83,1
10.867,3.46,-4.33,3.0273,0.2348,-0.7656,13.2148,2.44,47.59,51.06,1
10.886,3.43,-4.29,-0.8828,0.3214,-0.9180,8.0430,2.44,47.03,50.69,1
10.900,3.43,-4.29,-0.9180,0.1337,0.0391,7.2070,2.44,48.08,51.00,1
10.917,3.42,-4.25,3.2578,0.6993,-1.5703,12.8672,2.44,47.69,50.75,1
10.936,3.44,-4.28,1.9922,1.1448,-0.7266,11.3789,2.44,47.69,50.75,1
10.959,3.44,-4.26,1.0352,0.2367,-0.8047,10.3086,2.44,48.81,51.98,1
10.968,3.44,-4.26,1.0352,0.3593,-0.8047,10.3086,2.44,48.96,51.29,1
10.989,3.42,-4.28,1.8398,1.1066,-0.6133,9.5430,2.44,50.39,53.50,1
11.007,3.41,-4.29,-2.7187,0.9499,-0.8828,3.7539,2.44,50.04,52.98,1
11.019,3.40,-4.31,1.8398,0.5027,0.4219,7.7383,2.44,50.04,54.99,1
11.037,3.38,-4.35,5.6328,1.1853,-1.1875,14.0547,2.44,52.12,54.93,1
11.053,3.37,-4.37,1.9922,1.8784,0.1133,8.5000,2.44,52.99,56.51,1
11.076,3.33,-4.43,-2.0312,1.0267,-0.3828,4.1719,2.44,52.99,56.14,1
11.087,3.31,-4.41,1.1875,1.0623,-0.5352,9.4219,2.44,52.27,57.49,1
11.105,3.28,-4.42,5.4766,2.0542,-0.1133,14.2539,2.44,53.29,56.15,1
11.128,3.26,-4.39,-2.2227,1.7787,0.6133,4.9766,2.44,52.55,57.96,1
11.138,3.24,-4.38,-2.2227,1.1641,0.6133,4.9766,2.44,54.11,56.32,1
11.160,3.20,-4.38,2.7969,1.1833,-0.8438,14.0156,2.44,52.88,57.87,1
11.177,3.16,-4.39,-1.4922,1.2978,-0.5742,6.5469,2.44,54.01,57.15,1
11.190,3.14,-4.39,1.0742,0.8857,-0.6523,10.8398,2.44,53.72,57.39,1
11.207,3.09,-4.37,0.1914,0.8685,-0.6523,10.1523,2.44,53.72,58.97,1
11.226,3.06,-4.36,0.4961,0.7233,1.0352,10.4922,2.44,53.79,58.22,1
11.240,2.98,-4.32,0.5352,0.6915,-1.4180,10.4141,7.04,55.08,58.07,1
11.257,2.91,-4.29,0.7266,0.6625,-0.1523,10.0312,7.04,55.08,58.07,1
11.276,2.82,-4.28,-0.0391,0.5149,-0.1133,8.7383,7.04,54.47,58.23,1
11.291,2.77,-4.25,-0.2305,0.4145,-1.0352,8.7344,7.04,55.99,59.62,1
11.308,2.69,-4.23,1.4180,0.5594,0.4219,11.2969,7.04,55.01,59.59,1
11.326,2.58,-4.18,1.6094,0.8453,-0.2305,10.0039,7.04,56.46,59.87,1
11.348,2.28,-4.18,-2.5273,0.6851,-0.6914,4.2109,7.04,55.82,59.70,1
11.367,2.14,-4.21,1.1094,0.3327,-0.6133,10.3437,7.04,56.84,60.03,1
11.378,1.88,-4.23,0.5352,0.4060,-0.6133,9.0820,7.04,56.58,60.03,1
11.397,1.64,-4.30,0.8438,0.4673,-0.3828,9.2656,7.04,57.64,61.16,1
11.410,1.51,-4.35,-0.3828,0.4525,0.0000,8.5820,7.04,56.63,59.82,1
11.428,1.27,-4.38,0.8828,0.3169,-0.0391,9.8477,7.04,58.04,61.99,1
11.446,1.03,-4.43,-0.6523,0.1701,-0.9180,7.1289,7.04,56.65,60.18,1
11.465,0.80,-4.49,0.1133,0.1063,-1.1484,9.7266,7.04,57.36,60.99,1
11.478,0.68,-4.49,2.0703,0.5409,-0.4609,13.1016,7.04,56.53,61.27,1
11.496,0.44,-4.50,0.0391,0.5251,-0.6914,8.5781,7.04,57.77,60.46,1
11.517,0.19,-4.50,0.6133,0.5263,-1.2656,8.9258,7.04,56.77,60.32,1
11.529,0.07,-4.50,0.6133,0.5396,-1.2656,8.9258,7.04,58.39,61.99,1
11.549,-0.18,-4.54,-0.5352,0.5429,-0.6914,7.8516,7.04,57.28,59.63,1
11.567,-0.43,-4.56,-0.1914,0.2646,0.1914,7.3555,7.04,58.74,62.87,1
11.580,-0.56,-4.57,1.0352,0.2618,-0.5352,8.6211,7.04,58.74,60.92,1
11.597,-0.83,-4.66,1.0352,0.4811,-0.5352,8.6211,7.04,59.17,62.01,1
11.617,-0.83,-4.66,-1.9531,0.1544,0.0000,5.0977,7.04,59.17,63.68,1
11.636,-1.37,-4.85,1.8008,0.3875,-1.1484,11.4531,7.04,59.82,62.67,1
11.648,-1.37,-4.85,2.6445,0.7341,-1.1484,12.4453,7.04,59.18,64.05,1
11.666,-1.80,-4.98,-0.7656,0.5212,-0.6133,7.1250,7.04,59.84,64.05,1
11.689,-2.09,-5.05,3.2930,0.4621,-1.1484,12.6836,7.04,58.95,64.53,1
11.699,-2.24,-5.05,3.2930,0.8969,-1.1484,12.6836,7.04,59.84,63.04,1
11.719,-2.52,-5.11,0.7266,1.2126,-1.2656,10.2695,7.04,59.20,63.76,1
11.738,-2.82,-5.08,-1.7617,0.8757,-0.7266,5.7852,7.04,59.94,63.10,1
11.750,-2.96,-5.09,3.0664,0.6782,-1.4180,11.6836,7.04,59.73,63.60,1
11.767,-3.25,-5.10,1.5313,1.2327,-1.6484,9.4219,7.04,61.32,63.01,1
11.786,-3.54,-5.15,1.6484,1.3604,-0.8828,10.3086,7.04,59.76,65.47,1
11.806,-3.84,-5.10,-1.3008,0.7894,-1.1484,5.7070,7.04,61.13,63.93,1
11.818,-4.00,-5.09,1.2656,0.6737,-0.6523,10.0000,7.04,60.24,63.32,1
11.836,-4.29,-5.10,2.8711,1.2308,-1.0742,11.4922,7.04,62.23,63.32,1
11.859,-4.59,-5.06,-0.8828,1.2248,-1.0742,7.1250,7.04,60.76,64.35,1
11.869,-4.74,-5.04,-0.8828,0.9011,-1.0742,7.1250,7.04,62.52,65.18,1
11.889,-5.04,-4.98,1.0742,0.6682,-1.2656,9.1602,7.04,61.33,65.23,1
11.907,-5.32,-4.98,2.1055,0.8659,-0.1133,11.1094,7.04,62.94,65.18,1
11.926,-5.62,-4.95,-0.9961,0.6021,-2.1055,7.3555,7.04,62.50,65.51,1
11.937,-5.77,-4.94,0.4609,0.4731,-0.7656,9.0391,7.04,63.50,66.60,1
11.958,-6.08,-4.95,0.4961,0.4768,-1.8398,9.0039,7.04,63.18,65.39,1
11.976,-6.55,-4.97,3.4844,1.1447,-1.3008,13.7109,7.04,62.77,66.33,1
11.988,-6.76,-4.95,0.3828,1.2559,-2.1836,8.4258,7.04,64.78,66.58,1
12.006,-7.15,-4.91,-0.1523,0.8398,-1.2656,9.5000,7.04,63.44,66.53,1
12.029,-7.51,-4.87,3.4492,0.6569,-1.7617,13.9453,7.04,64.93,66.70,1
12.039,-7.69,-4.83,3.4492,1.0858,-1.7617,13.9453,7.04,64.34,67.25,1
12.057,-8.03,-4.75,0.0000,0.9927,-2.0703,7.9297,7.04,66.26,67.47,1
12.077,-8.34,-4.73,-0.6133,0.3851,-2.0703,7.9727,7.04,65.36,67.59,1
12.090,-8.48,-4.70,-0.6133,0.2317,-2.0703,7.9727,7.04,65.69,67.65,1
12.109,-8.77,-4.63,1.8789,0.9125,-1.4570,12.4102,7.04,65.69,67.65,1
12.126,-9.05,-4.57,-1.6094,0.9075,-0.9180,6.1250,7.04,67.06,69.01,1
12.146,-9.31,-4.53,-0.3828,0.3209,-1.6836,8.4609,7.04,68.07,70.33,1
12.158,-9.45,-4.50,1.8789,0.3938,-0.9180,11.4531,7.04,67.63,70.29,1
12.177,-9.69,-4.49,0.6914,0.6373,-2.0312,8.5430,7.04,70.17,72.08,1
12.196,-9.93,-4.46,-0.8438,0.3129,-0.8438,7.0117,7.04,68.94,73.93,1
12.209,-10.04,-4.48,-0.2695,0.1840,-2.1055,6.6680,7.04,70.02,73.21,1
12.226,-10.25,-4.52,3.0664,0.7936,-1.4922,12.0664,7.04,71.46,75.19,1
12.248,-10.43,-4.57,-0.1914,0.5014,0.0781,6.6641,8.95,72.14,73.97,1
12.260,-10.52,-4.65,-0.1914,0.3950,0.0781,6.6641,8.95,73.32,75.99,1
12.280,-10.69,-4.79,3.0664,0.6975,-2.1836,11.4180,8.95,72.42,77.95,1
12.297,-10.84,-4.90,0.8047,1.1884,-1.5313,7.6289,8.95,73.57,76.70,1
12.316,-10.97,-5.04,0.2305,0.9305,-0.3437,6.6641,8.95,74.92,78.24,1
12.330,-11.03,-5.12,3.1016,1.0527,-1.6836,10.1094,8.95,75.47,79.66,1
12.345,-11.14,-5.23,4.1758,1.9889,-0.6523,12.9453,8.95,75.55,80.19,1
12.365,-11.23,-5.32,-0.5742,1.5579,-2.0312,5.3203,8.95,77.31,79.00,1
12.379,-11.25,-5.39,3.4492,1.9765,-1.4922,12.0664,8.95,75.22,81.62,1
12.396,-11.32,-5.45,1.4922,2.0454,-0.5352,9.0781,8.95,77.98,165.51,1
12.419,-11.36,-5.54,1.4570,1.6051,-0.1133,11.0742,8.95,77.66,81.93,1
12.430,-11.37,-5.56,1.4570,1.5823,-0.1133,11.0742,8.95,75.98,82.18,1
12.449,-11.38,-5.60,1.5313,1.5917,0.4219,11.4531,8.95,78.08,82.75,1
12.467,-11.38,-5.64,0.6133,1.5011,-1.5313,7.2773,8.95,79.43,81.77,1
12.485,-11.36,-5.71,2.5664,1.6307,-0.3437,12.1016,8.95,77.91,83.84,1
12.498,-11.34,-5.68,-0.3437,1.5416,-1.4922,10.0352,8.95,78.44,83.95,1
12.517,-11.31,-5.68,1.6094,1.3311,-0.0391,11.7617,8.95,78.44,82.26,1
12.536,-11.27,-5.67,0.3828,1.1386,-0.0391,9.4648,8.95,79.52,82.16,1
12.549,-11.25,-5.69,1.6094,1.1206,0.2305,10.9922,8.95,77.54,83.63,1
12.566,-11.20,-5.65,1.2266,1.2025,0.4219,12.1055,8.95,79.14,84.61,1
12.589,-11.16,-5.57,0.3047,1.3008,0.7266,10.1523,8.95,78.32,81.63,1
12.600,-11.13,-5.53,0.3047,1.1478,0.7266,10.1523,8.95,79.67,82.97,1
12.619,-11.08,-5.44,1.4180,1.0353,-0.3047,10.0703,8.95,80.51,85.08,1
12.637,-11.01,-5.44,0.9961,1.1101,-0.9570,11.7578,8.95,78.19,83.82,1
12.657,-10.95,-5.34,-0.0391,0.8421,1.2656,8.0391,8.95,79.43,82.60,1
12.668,-10.90,-5.31,1.5703,0.8355,-1.2266,8.8867,8.95,82.76,84.98,1
12.687,-10.83,-5.28,0.8047,0.9827,1.0742,9.9648,8.95,79.94,85.30,1
12.706,-10.74,-5.26,0.9180,0.9471,-1.7617,10.4531,8.95,80.24,85.06,1
12.719,-10.69,-5.23,1.7227,1.0070,-1.4570,9.8867,8.95,81.08,83.08,1
12.736,-10.59,-5.10,0.5352,0.9882,0.2305,8.2344,8.95,82.67,85.48,1
12.760,-10.48,-5.04,2.6797,0.9512,0.0781,11.5742,8.95,81.79,88.12,1
12.770,-10.43,-5.00,2.6797,1.2167,0.0781,11.5742,8.95,82.43,86.44,1
12.798,-10.23,-4.88,0.8047,1.4621,2.0703,9.3437,8.95,82.82,87.37,1
12.809,-10.16,-4.85,-0.2305,1.2338,-0.6523,4.6367,8.95,84.18,87.34,1
12.827,-10.02,-4.80,2.5664,1.0422,0.8828,10.6914,8.95,81.87,90.36,1
12.839,-9.94,-4.77,1.5313,1.2968,-1.9141,9.8867,8.95,85.29,87.20,1
12.858,-9.81,-4.71,-0.1914,1.2254,0.8828,8.7734,8.95,82.62,88.81,1
12.876,-9.66,-4.66,-1.1484,0.5306,-1.1094,3.8281,8.95,84.59,88.72,1
12.889,-9.58,-4.71,3.4102,0.6374,0.2695,13.9492,8.95,84.05,91.69,1
12.907,-9.42,-4.72,1.2266,1.0994,-0.7266,11.2187,8.95,86.96,89.88,1
12.925,-9.28,-4.70,0.7266,1.0248,0.9180,8.0430,8.95,87.13,90.98,1
12.940,-9.21,-4.75,0.8047,0.9761,-0.1914,6.0898,8.95,86.96,92.78,1
12.958,-9.05,-4.91,3.9844,1.6312,0.9961,12.4102,8.95,89.10,94.63,1
12.980,-8.90,-4.95,1.6484,1.8099,1.3789,9.8437,8.95,88.14,92.71,1
12.991,-8.83,-4.98,1.6484,1.7851,1.3789,9.8437,8.95,89.94,92.20,1
13.010,-8.71,-5.02,4.4062,1.8033,0.9180,12.5273,8.95,89.94,94.14,1
13.027,-8.60,-4.94,2.0703,2.3546,-0.5352,11.7187,8.95,90.94,94.21,1
13.046,-8.51,-4.93,0.4609,1.9015,-0.1914,7.8945,8.95,92.20,94.01,1
13.059,-8.45,-4.90,-0.0391,1.6402,0.2695,6.1289,8.95,92.14,95.11,1
13.077,-8.40,-4.88,2.5664,1.5642,-0.9961,10.3477,8.95,89.70,94.18,1
13.097,-8.26,-4.82,1.9141,1.7040,-1.3008,10.1484,8.95,91.15,94.55,1
13.110,-8.21,-4.86,0.3437,1.6107,0.7656,7.0859,8.95,96.31,97.49,1
13.127,-8.12,-4.91,-0.6914,0.9497,-0.7266,5.7031,8.95,93.60,98.29,1
13.149,-8.05,-4.88,3.6406,1.1193,-1.6836,11.6406,8.95,93.72,97.17,1
13.167,-7.96,-4.93,1.1484,1.6350,-0.5352,8.6992,8.95,95.72,96.33,1
13.180,-7.92,-5.00,2.4883,1.6345,-1.1484,9.0820,8.95,95.61,99.15,1
13.198,-7.83,-5.06,1.3008,1.7816,-1.6484,11.4531,8.95,93.75,100.96,1
13.215,-7.79,-5.02,2.6055,1.8457,0.4219,13.0234,8.95,94.71,99.45,1
13.229,-7.71,-4.84,2.5664,1.9592,-0.0391,7.3906,14.46,96.07,100.90,1
13.247,-7.66,-4.81,2.8359,2.1728,0.6133,12.2617,14.46,93.90,99.61,1
13.266,-7.48,-4.85,0.8047,1.9494,-3.3320,7.5469,14.46,94.63,100.00,1
13.280,-7.44,-4.83,-0.3047,1.6848,1.7617,10.0000,14.46,97.08,100.60,1
13.297,-7.36,-4.73,0.2695,1.1336,-1.2266,4.2109,14.46,99.29,102.97,1
13.319,-7.27,-4.66,2.9102,1.0113,0.0781,10.0352,14.46,100.99,102.19,1
13.338,-7.18,-4.68,1.8008,1.4611,-0.0391,8.0117,14.46,102.92,103.83,1
13.351,-7.13,-4.74,1.3008,1.4963,-0.6914,9.5039,14.46,98.83,105.46,1
13.367,-7.01,-4.88,0.3437,1.3643,-1.2656,8.6172,14.46,100.79,105.63,1
13.387,-6.96,-4.94,2.5273,1.4102,-0.1914,12.7578,14.46,103.30,106.38,1
13.399,-6.88,-4.91,0.4961,1.4193,0.1133,6.7852,14.46,101.93,106.99,1
13.417,-6.80,-4.93,0.3437,1.1453,-1.3398,8.8125,14.46,103.44,106.04,1
13.436,-6.70,-4.92,1.7617,1.1859,0.4219,9.1992,14.46,104.13,105.78,1
13.450,-6.66,-4.90,2.8359,1.3602,-0.1523,10.8789,14.46,103.40,107.24,1
13.467,-6.56,-4.91,1.6836,1.6083,-0.9961,9.7266,14.46,106.29,107.96,1
13.487,-6.46,-4.94,1.8008,1.6556,-0.9570,9.1992,14.46,103.77,107.12,1
13.507,-6.37,-5.01,2.4141,1.5044,0.4609,9.6523,14.46,104.40,108.79,1
13.518,-6.32,-5.03,2.4141,1.6442,0.4609,9.6523,14.46,104.66,109.28,1
13.538,-6.22,-5.11,2.4141,1.4489,0.6523,10.0000,14.46,107.03,110.96,1
13.557,-6.14,-5.15,2.1836,1.7042,-0.1133,8.3906,14.46,104.78,111.27,1
13.569,-6.10,-5.15,1.5703,1.7612,0.1133,10.4531,14.46,105.98,109.87,1
13.588,-6.02,-5.17,2.4531,1.7777,-0.3828,10.1875,14.46,106.54,111.07,1
13.606,-5.97,-5.18,0.4961,1.5749,0.3047,7.9336,14.46,106.51,112.75,1
13.620,-5.92,-5.20,2.7969,1.5932,0.1523,11.5312,14.46,108.70,114.59,1
13.637,-5.85,-5.25,0.8438,1.5713,-0.4961,11.3359,14.46,106.52,110.95,1
13.656,-5.79,-5.20,1.6094,1.5344,-1.6484,9.5820,14.46,108.64,115.10,1
13.671,-5.79,-5.20,0.3828,1.3575,0.0000,8.8867,14.46,111.01,115.39,1
13.688,-5.68,-5.26,-0.1133,0.9713,-1.6094,8.0391,14.46,107.79,114.60,1
13.709,-5.64,-5.30,2.7578,1.2050,0.1914,12.1836,14.46,107.79,113.75,1
13.728,-5.58,-5.28,0.6133,1.4739,-1.6836,8.8828,14.46,110.71,117.41,1
13.739,-5.55,-5.28,2.2969,1.4181,1.3008,11.0352,14.46,111.11,114.97,1
13.758,-5.51,-5.21,-0.3047,1.4592,-0.4609,6.4687,14.46,113.52,115.50,1
13.776,-5.46,-5.21,-1.5703,0.5778,-0.6914,6.0859,14.46,113.70,117.99,1
13.790,-5.43,-5.26,-0.8047,0.3091,0.8047,5.2852,14.46,115.78,118.99,1
13.808,-5.43,-5.31,0.9570,0.2638,-0.6914,8.0391,14.46,114.69,121.33,1
13.826,-5.39,-5.48,-0.8047,0.0705,0.8047,4.6328,14.46,116.67,119.15,1
13.849,-5.38,-5.60,2.8359,0.7267,-1.6094,8.8125,14.46,115.11,122.13,1
13.858,-5.38,-5.66,2.8359,1.0507,-1.6094,8.8125,14.46,115.51,122.40,1
13.880,-5.40,-5.63,3.1016,1.4149,-0.1523,10.6133,14.46,117.62,121.55,1
13.898,-5.38,-5.67,1.6836,1.7798,-0.2305,8.3945,14.46,115.29,122.50,1
13.910,-5.36,-5.71,-0.5742,1.5779,-0.7266,7.9687,14.46,117.38,123.89,1
13.927,-5.31,-5.87,1.4180,1.1269,-0.1133,10.8008,14.46,117.16,124.04,1
13.946,-5.30,-6.00,0.8047,1.0904,-0.4219,10.0312,14.46,118.20,124.81,1
13.960,-5.29,-6.00,-0.0391,0.9790,-0.9180,8.8477,14.46,118.53,126.55,1
13.977,-5.26,-6.04,2.0703,0.8590,0.7656,9.6133,14.46,119.83,126.14,1
13.996,-5.25,-6.10,-0.0391,0.8052,-0.7266,6.7852,14.46,119.65,126.26,1
14.020,-5.24,-6.19,2.4531,0.6777,-0.3828,12.0664,14.46,117.72,124.67,1
14.028,-5.24,-6.21,2.4531,0.9504,-0.3828,12.0664,14.46,118.34,125.42,1
14.047,-5.24,-6.24,4.4805,1.8253,-0.7656,13.9805,14.46,119.82,127.84,1
14.067,-5.23,-6.25,2.2969,1.1473,0.5352,9.9648,14.46,121.39,125.14,1
14.086,-5.25,-6.15,2.9102,1.6749,-0.4961,12.1055,14.46,120.82,126.42,1
14.097,-5.24,-6.11,-1.4922,1.5125,-1.8008,3.0664,14.46,122.96,127.91,1
14.118,-5.22,-6.10,-1.2656,0.5383,0.3047,4.9023,14.46,125.05,126.39,1
14.130,-5.21,-6.17,3.1797,0.4947,-1.4570,13.6367,14.46,124.81,131.03,1
14.148,-5.16,-6.18,1.3008,1.1058,-0.2305,11.0312,14.46,122.07,128.63,1
14.166,-5.13,-6.18,0.7266,1.0452,0.2695,13.4102,14.46,121.61,129.67,1
14.186,-5.13,-6.01,2.2617,1.2946,-1.4180,14.5547,14.46,123.03,126.06,1
14.198,-5.13,-5.93,0.3828,1.0928,0.6914,9.9609,14.46,123.52,124.77,1
14.218,-5.13,-5.76,-3.5625,0.0183,-0.4219,3.7109,14.46,122.80,127.49,1
14.238,-5.10,-5.66,-0.4961,-0.0878,-0.0391,9.5430,20.30,125.05,125.05,1
14.249,-5.08,-5.63,-0.4961,-0.1505,-0.0391,9.5430,20.30,123.08,127.47,1
14.268,-5.06,-5.62,0.4219,-0.5852,-1.1875,11.6406,20.30,122.70,128.45,1
14.288,-5.03,-5.57,1.0352,-0.2505,-0.5742,11.4180,20.30,123.08,127.36,1
14.300,-5.01,-5.54,1.3008,0.0552,-0.8438,9.7695,20.30,122.04,128.72,1
14.318,-4.99,-5.47,-1.3008,0.2004,-0.5742,5.4375,20.30,123.98,128.88,1
14.336,-4.94,-5.43,-0.2305,-0.0745,-0.8438,7.3516,20.30,124.44,131.82,1
14.351,-4.91,-5.45,1.1875,0.0150,-0.4961,10.4922,20.30,120.85,131.82,1
14.368,-4.86,-5.45,-1.8398,-0.2553,-1.8789,6.2070,20.30,121.15,126.92,1
14.386,-4.80,-5.47,1.1094,-0.0520,0.2305,13.0625,20.30,122.74,128.21,1
14.408,-4.72,-5.48,-1.2656,-0.1928,-0.9961,9.0781,20.30,121.37,127.73,1
14.419,-4.71,-5.43,-1.2656,-0.3576,-0.9961,9.0781,20.30,123.35,128.25,1
14.440,-4.65,-5.43,-2.9492,-1.0746,-1.1875,5.2500,20.30,123.69,128.45,1
14.458,-4.57,-5.57,-0.2305,-1.3888,-0.6133,10.1133,20.30,123.35,129.35,1
14.470,-4.53,-5.65,0.5742,-1.0681,-0.5352,12.3398,20.30,122.49,128.63,1
14.487,-4.46,-5.75,0.2305,-0.6298,0.0000,12.3789,20.30,122.58,128.29,1
14.507,-4.38,-5.80,-1.9141,-0.8111,-0.7656,8.1602,20.30,121.97,128.47,1
14.526,-4.17,-5.93,-0.6914,-0.8533,-0.8828,8.1992,20.30,125.28,129.55,1
14.538,-4.04,-5.98,0.3047,-0.5971,0.0000,10.1523,20.30,124.60,130.80,1
14.556,-3.82,-6.11,0.8828,-0.1617,-1.3008,9.1562,20.30,123.79,132.21,1
14.579,-3.62,-6.36,-1.0742,-0.7114,-0.0391,3.7539,20.30,127.62,263.02,1
14.589,-3.54,-6.49,-1.0742,-0.7671,-0.0391,3.7539,20.30,129.33,131.77,1
14.610,-3.40,-6.90,6.2422,0.3848,0.1523,17.3906,20.30,126.57,134.28,1
14.628,-3.27,-7.19,6.8203,2.0922,-1.7227,17.2383,20.30,125.87,135.61,1
14.640,-3.22,-7.27,4.2148,2.9302,1.0352,10.1523,20.30,129.42,133.33,1
14.657,-3.10,-7.29,1.7617,3.0983,-1.9922,7.7383,20.30,129.42,135.89,1
14.678,-3.04,-7.30,1.7227,2.7132,-0.4961,7.6992,20.30,126.34,134.34,1
14.696,-2.83,-7.29,1.5313,2.3332,-0.8047,10.7305,20.30,128.83,136.69,1
14.709,-2.75,-7.30,-0.3047,2.0631,-1.0352,6.8945,20.30,127.99,136.95,1
14.726,-2.61,-7.40,0.0391,1.3320,0.6523,11.3750,20.30,131.49,135.17,1
14.750,-2.47,-7.51,4.5977,1.5836,-0.1523,11.0703,20.30,134.54,138.27,1
14.759,-2.39,-7.60,4.5977,2.0465,-0.1523,11.0703,20.30,132.26,138.10,1
14.777,-2.23,-7.63,3.5234,2.5323,0.1914,14.2891,20.30,135.19,139.43,1
14.798,-2.08,-7.55,0.3047,1.9737,0.5352,7.1641,20.30,133.55,135.15,1
14.817,-1.93,-7.42,-0.1914,1.2949,-0.6523,7.0508,20.30,132.26,137.27,1
14.829,-1.84,-7.40,-0.9570,0.9047,0.6914,5.7422,20.30,133.71,137.57,1
14.847,-1.65,-7.44,1.4922,0.5726,0.1914,9.0039,20.30,132.86,139.39,1
14.867,-1.48,-7.57,2.0312,1.0054,-0.6523,7.0078,20.30,135.83,138.77,1
14.878,-1.36,-7.65,5.6680,1.4539,-0.2305,13.7891,20.30,132.45,143.06,1
14.897,-1.17,-7.67,4.8281,2.7047,-2.6445,14.0937,20.30,132.78,138.93,1
14.917,-0.98,-7.52,3.2578,2.9594,-0.3437,9.9609,20.30,132.12,140.92,1
14.929,-0.88,-7.40,2.9102,2.9485,0.1523,11.2617,20.30,131.13,142.17,1
14.947,-0.69,-7.06,1.4922,2.6238,-0.3047,9.5430,20.30,131.75,139.06,1
14.968,-0.50,-6.70,0.3047,1.6436,-0.2305,4.4766,20.30,268.74,138.08,1
14.988,-0.28,-6.57,0.7656,1.2892,0.6914,10.3477,20.30,136.44,141.76,1
15.000,-0.18,-6.53,0.9570,1.1886,-0.8828,9.3047,20.30,135.67,141.26,1
15.018,0.00,-6.47,-0.7656,0.9851,-0.6523,4.7539,20.30,143.06,143.43,1
15.031,0.10,-6.48,-1.6094,0.5302,0.6523,5.2148,20.30,138.01,140.86,1
15.048,0.29,-6.67,-0.8438,-0.0154,-0.6523,12.4453,20.30,139.88,146.37,1
15.067,0.43,-6.67,0.6914,0.0420,1.8789,10.7266,20.30,141.68,146.61,1
15.086,0.55,-6.62,1.1875,0.3359,1.2266,7.5117,20.30,142.37,150.13,1
15.099,0.60,-6.62,0.5742,0.3887,0.9961,7.3516,20.30,146.26,149.81,1
15.118,0.70,-6.67,0.7656,0.4837,0.5352,5.3594,20.30,145.69,149.66,1
15.139,0.79,-6.75,2.4883,0.7692,0.0391,9.3437,20.30,143.10,150.11,1
15.150,0.82,-6.84,2.4883,1.0333,0.0391,9.3437,20.30,144.86,152.39,1
15.170,0.89,-6.94,3.7930,1.8214,-0.5352,12.6797,20.30,148.30,153.92,1
15.187,0.93,-6.94,2.3359,2.2640,0.4609,11.0352,20.30,144.68,151.01,1
15.207,0.96,-6.95,1.1484,2.0257,-2.3750,8.3516,20.30,144.65,153.70,1
15.218,0.97,-6.99,1.5313,1.9216,0.3437,11.3789,20.30,145.35,153.82,1
15.237,0.99,-7.00,2.7578,2.0600,0.1523,12.4062,21.63,142.80,152.39,1
15.257,0.99,-6.85,0.9180,1.8507,-1.2656,11.0703,21.63,140.86,152.63,1
15.269,1.00,-6.76,2.4883,1.8331,0.1133,12.9492,21.63,145.14,152.70,1
15.286,0.99,-6.58,-1.1094,1.2602,-0.8828,4.2539,21.63,144.82,153.96,1
15.310,0.99,-6.47,1.0742,0.2366,0.8438,9.6523,21.63,149.01,151.35,1
15.320,0.99,-6.45,1.0742,0.3652,0.8438,9.6523,21.63,147.56,154.56,1
15.340,0.99,-6.36,1.8789,0.8662,0.4961,12.8320,21.63,148.50,156.23,1
15.358,0.95,-6.24,1.8398,1.1503,-0.8438,8.7383,21.63,147.56,151.19,1
15.371,0.94,-6.19,2.4883,1.3548,-0.3437,12.1406,21.63,150.92,155.64,1
15.388,0.87,-6.10,3.7148,1.7744,-1.5313,13.3320,21.63,149.12,158.03,1
15.407,0.79,-5.90,1.1094,1.8593,-0.6914,9.0430,21.63,149.72,155.81,1
15.426,0.72,-5.69,1.5703,1.7056,-1.0742,8.1992,21.63,149.41,158.30,1
15.439,0.71,-5.61,1.5703,1.6848,-0.6133,8.6953,21.63,149.57,155.71,1
15.457,0.63,-5.45,0.7266,1.4591,-1.1875,6.7461,21.63,149.70,154.63,1
15.480,0.55,-5.30,0.4961,0.8712,0.6914,6.8242,21.63,148.37,157.23,1
15.490,0.52,-5.29,0.4961,0.8136,0.6914,6.8242,21.63,152.86,156.05,1
15.507,0.44,-5.30,0.3047,0.6812,-1.1094,10.6094,21.63,150.74,156.99,1
15.528,0.32,-5.23,-1.8398,0.5912,0.3828,5.5586,21.63,148.06,160.28,1
15.547,0.26,-5.21,-1.7227,-0.0803,-0.6523,5.5937,21.63,153.70,160.90,1
15.559,0.12,-5.28,1.3789,-0.1956,0.3437,12.1016,21.63,150.04,159.44,1
15.577,-0.04,-5.33,1.6094,0.2694,-0.6914,9.5039,21.63,153.59,158.76,1
15.597,-0.16,-5.33,-0.4961,0.2602,-0.3437,7.6992,21.63,153.42,160.03,1
15.609,-0.23,-5.35,0.6133,0.2328,-0.7656,6.0508,21.63,157.85,158.60,1
15.626,-0.37,-5.42,-1.2266,-0.0447,-1.1484,4.7930,21.63,155.55,158.45,1
15.646,-0.53,-5.50,-1.4180,-0.4222,-0.0781,7.1289,21.63,153.92,160.49,1
15.660,-0.60,-5.54,3.1406,0.3663,-1.1875,11.9883,21.63,154.99,165.67,1
15.677,-0.77,-5.54,4.4805,1.4496,-1.5313,15.2812,21.63,153.30,164.64,1
15.700,-0.93,-5.44,2.4883,1.1647,-1.0352,13.4492,21.63,151.56,158.13,1
15.711,-0.99,-5.39,2.4883,1.3680,-1.0352,13.4492,21.63,153.23,160.41,1
15.730,-1.14,-5.27,-1.7617,0.9423,-0.4219,9.0391,21.63,152.28,161.81,1
15.748,-1.27,-5.21,0.1914,0.3316,-0.7266,11.1875,21.63,153.16,162.23,1
15.767,-1.41,-5.14,-3.5664,-0.5478,-1.7227,1.3789,21.63,156.69,162.52,1
15.779,-1.45,-5.17,-4.6367,-1.0971,-0.3437,2.4531,21.63,158.50,162.52,1
15.797,-1.54,-5.40,0.4609,-1.1756,-0.9570,10.6914,21.63,157.21,163.11,1
15.818,-1.67,-5.57,1.5703,-0.4660,-0.0391,13.6719,21.63,157.51,165.10,1
15.830,-1.67,-5.57,2.6445,0.0118,-1.8008,13.3711,21.63,158.48,161.92,1
15.847,-1.87,-5.52,1.6094,0.5294,-0.8828,10.0352,21.63,160.59,162.84,1
15.870,-1.96,-5.67,0.0000,0.1914,-0.5352,9.0820,21.63,156.47,166.78,1
15.881,-2.00,-5.74,0.0000,0.1620,-0.5352,9.0820,21.63,158.23,166.03,1
15.900,-2.09,-5.81,4.0234,1.1230,-1.3398,13.4883,21.63,160.03,162.52,1
15.918,-2.17,-5.84,0.7656,1.6849,-1.6836,10.8008,21.63,154.77,163.32,1
15.937,-2.22,-5.77,2.9492,1.8548,-0.0781,14.0156,21.63,157.16,165.51,1
15.949,-2.26,-5.66,1.8008,1.9310,-0.4961,11.2617,21.63,153.30,162.28,1
15.967,-2.28,-5.57,-1.6836,1.3589,-1.2656,6.5469,21.63,154.11,162.60,1
15.987,-2.34,-5.21,1.0742,1.1063,-0.1133,11.0352,21.63,156.74,161.34,1
16.000,-2.36,-5.15,-1.9531,0.8592,-1.8008,7.7344,21.63,153.68,160.88,1
16.017,-2.38,-4.96,-2.6055,-0.2439,-0.0781,6.0898,21.63,154.01,161.47,1
16.036,-2.38,-4.85,-1.7617,-0.7269,-0.4219,6.3242,21.63,157.63,163.91,1
16.051,-2.39,-4.84,-3.4102,-1.3208,-1.2656,6.4727,21.63,153.42,161.39,1
16.071,-2.38,-4.90,1.6094,-1.4597,-0.6914,14.8594,21.63,156.72,166.81,1
16.087,-2.36,-4.96,-0.5742,-0.7640,-0.9570,10.0352,21.63,157.46,165.95,1
16.106,-2.35,-4.94,-1.1484,-0.8264,-0.0781,7.4687,21.63,157.28,161.45,1
16.119,-2.34,-4.93,-0.9570,-0.8605,-0.0781,7.6289,21.63,156.25,165.76,1
16.138,-2.31,-5.05,-3.1445,-1.0629,-0.7656,2.2227,21.63,158.91,163.37,1
16.156,-2.27,-5.29,1.8789,-0.6608,0.8828,11.9531,21.63,155.69,168.95,1
16.170,-2.26,-5.34,3.6758,-0.1270,-0.9961,15.6250,21.63,156.62,164.88,1
16.187,-2.24,-5.32,1.1094,0.6015,-0.2305,9.3047,21.63,158.33,165.86,1
16.206,-2.20,-5.33,0.7266,0.6608,-0.7266,10.7656,21.63,156.81,165.89,1
16.221,-2.19,-5.33,-1.7617,0.1247,-0.3828,7.2344,21.63,152.00,161.63,1
16.238,-2.15,-5.34,0.9961,0.2000,-0.3437,13.8320,25.45,150.24,161.42,1
16.258,-2.12,-5.22,-3.9844,-0.1596,-0.8438,9.2656,25.45,149.23,163.91,1
16.278,-2.07,-4.96,-4.1367,-1.2565,0.4219,4.9023,25.45,150.42,160.00,1
16.289,-2.05,-4.88,-4.9805,-1.9614,-1.0352,4.4453,25.45,150.60,158.23,1
16.308,-1.96,-4.92,-4.4805,-2.7776,1.1094,4.9766,25.45,154.13,158.43,1
16.327,-1.90,-5.02,2.0312,-1.9170,-0.6523,16.2070,25.45,150.06,158.83,1
16.340,-1.89,-5.00,-0.6133,-1.5221,-0.9180,11.5742,25.45,150.65,163.48,1
16.357,-1.85,-4.98,-3.0273,-1.7466,0.1914,4.2500,25.45,153.56,161.00,1
16.377,-1.82,-5.13,-1.6094,-1.7960,-0.1133,7.2031,25.45,155.98,162.97,1
16.391,-1.82,-5.13,-1.0352,-1.6791,-1.0742,7.8516,25.45,150.99,159.74,1
16.408,-1.75,-5.44,0.4961,-1.1576,0.5352,13.6367,25.45,153.16,160.54,1
16.430,-1.70,-5.42,0.2305,0.0872,-0.9180,10.0000,25.45,151.98,160.67,1
16.448,-1.66,-5.31,-2.9883,-0.1297,-0.1133,5.4414,25.45,149.84,157.08,1
16.460,-1.66,-5.31,-0.1914,-0.5386,-0.6523,8.3906,25.45,153.47,159.62,1
16.478,-1.62,-5.35,-1.9141,-0.5779,0.0391,9.0391,25.45,150.13,160.36,1
16.497,-1.60,-5.31,1.8398,-0.2026,-0.6914,13.5937,25.45,149.54,157.33,1
16.510,-1.59,-5.19,0.4219,-0.0024,-0.6133,10.1875,25.45,147.82,156.32,1
16.527,-1.56,-5.02,-1.1484,-0.2053,-0.9180,6.7422,25.45,149.48,156.99,1
16.547,-1.50,-4.93,-0.9180,-0.4217,-0.1133,8.2383,25.45,148.59,157.01,1
16.561,-1.48,-4.91,-0.3047,-0.3958,-0.6133,10.8398,25.45,144.09,157.26,1
16.579,-1.44,-4.77,-0.3828,-0.3821,-0.3828,11.1094,25.45,144.18,157.26,1
16.600,-1.39,-4.55,-3.0664,-0.2773,-0.7656,6.2422,25.45,144.09,154.04,1
16.619,-1.33,-4.31,-2.6797,-1.0374,-0.0781,4.9023,25.45,147.80,150.63,1
16.630,-1.30,-4.21,-2.7578,-1.4071,-0.3437,6.2031,25.45,146.18,152.04,1
16.648,-1.22,-4.24,-2.2227,-1.7473,-0.4219,9.2266,25.45,148.15,152.74,1
16.667,-1.14,-4.17,1.1875,-1.1547,0.0391,13.9453,25.45,145.16,153.28,1
16.680,-1.13,-4.07,-4.2148,-1.2271,-1.0352,2.5273,25.45,148.68,154.70,1
16.698,-1.07,-4.11,-3.4102,-2.0676,-0.6133,3.7148,25.45,147.69,152.88,1
16.717,-1.01,-4.19,-1.3008,-2.0585,0.6133,7.8516,25.45,145.29,151.81,1
16.731,-1.01,-4.24,0.0781,-1.8318,0.1914,11.0352,25.45,145.90,157.55,1
16.748,-0.98,-4.33,1.6484,-0.8331,-0.0781,14.8203,25.45,146.43,156.54,1
16.766,-0.96,-4.33,-0.6133,-0.6299,0.0391,8.4219,25.45,145.65,153.28,1
16.788,-0.95,-4.38,0.8047,-0.9205,0.2305,11.3008,25.45,143.08,153.89,1
16.800,-0.96,-4.42,-1.8789,-0.7534,-0.3047,6.8242,25.45,143.04,154.01,1
16.819,-0.94,-4.46,-1.8398,-1.0695,0.2305,8.6562,25.45,143.47,154.66,1
16.839,-0.94,-4.51,1.6094,-0.5688,-0.6914,13.7539,25.45,145.16,151.06,1
16.850,-0.96,-4.53,-1.4180,-0.3289,-0.8047,10.4961,25.45,140.75,149.57,1
16.868,-0.98,-4.50,0.3437,-0.4968,-0.5352,11.4922,25.45,144.51,153.12,1
16.887,-1.00,-4.43,-2.6445,-0.8716,-1.0352,5.9805,25.45,142.13,148.48,1
16.901,-1.02,-4.48,-1.2266,-1.0305,-0.8438,10.8008,25.45,143.45,152.72,1
16.918,-1.02,-4.45,-0.1523,-0.8596,-0.4219,11.0703,25.45,144.15,148.74,1
16.937,-1.04,-4.41,-1.6836,-0.9979,-1.1094,9.1602,25.45,142.61,151.75,1
16.959,-1.07,-4.36,-1.8398,-1.1147,-0.3047,7.4687,25.45,140.83,148.37,1
16.969,-1.07,-4.36,-1.8398,-1.2261,-0.3047,7.4687,25.45,142.80,150.40,1
16.989,-1.11,-4.37,0.2305,-1.0252,0.0000,10.7695,25.45,140.02,151.88,1
17.009,-1.18,-4.28,-3.4844,-0.9663,-0.6133,5.6680,25.45,141.76,147.60,1
17.020,-1.17,-4.28,0.1914,-1.2295,-0.3047,11.3008,25.45,138.64,147.28,1
17.038,-1.22,-4.28,-0.9570,-0.9184,-0.4609,10.6914,25.45,139.94,145.92,1
17.058,-1.28,-4.24,-2.5664,-1.2877,-0.2305,7.6602,25.45,139.86,148.10,1
17.071,-1.28,-4.27,-0.3437,-1.3063,-0.9570,9.2656,25.45,140.75,146.31,1
17.088,-1.34,-4.29,-1.5313,-1.2410,-0.9570,7.4687,25.45,136.86,149.50,1
17.107,-1.41,-4.30,-1.0352,-1.2135,0.0000,8.8125,25.45,139.86,145.26,1
17.129,-1.48,-4.38,-1.1484,-1.0678,-0.8828,9.2695,25.45,135.98,148.10,1
17.139,-1.53,-4.39,-1.1484,-1.0802,-0.8828,9.2695,25.45,136.24,143.68,1
17.160,-1.61,-4.41,-0.8047,-0.6783,-0.3047,11.8359,25.45,135.61,143.31,1
17.178,-1.69,-4.30,0.0000,-0.6498,-1.1094,9.4609,25.45,138.66,145.29,1
17.190,-1.75,-4.20,-3.0664,-0.7513,-0.2305,4.8984,25.45,137.32,143.12,1
17.208,-1.83,-4.20,-1.2656,-1.2638,-1.2656,8.5430,25.45,138.97,146.71,1
17.228,-1.93,-4.20,1.3398,-0.6878,0.3047,12.6055,25.45,136.07,144.09,1
17.241,-1.99,-4.15,0.0391,-0.4804,-0.8438,9.6094,26.11,134.70,145.31,1
17.258,-2.12,-4.04,2.1836,0.1713,-1.3008,13.9805,26.11,133.58,144.91,1
17.277,-2.22,-3.88,-2.9492,-0.3940,-1.3398,5.3633,26.11,133.53,141.86,1
17.292,-2.28,-3.84,-1.4570,-0.6671,-0.4609,8.3516,26.11,134.70,139.66,1
17.309,-2.39,-3.80,-3.2187,-1.3263,-0.7266,9.0781,26.11,134.30,139.39,1
17.330,-2.49,-3.73,1.0352,-1.3424,-0.4219,13.6758,26.11,134.77,140.49,1
17.348,-2.62,-3.56,-3.7930,-1.0544,-0.6523,3.3711,26.11,132.77,142.57,1
17.360,-2.68,-3.55,-0.9180,-1.4305,0.1133,8.3125,26.11,134.72,139.10,1
17.378,-2.80,-3.57,-2.8711,-1.4414,-1.6836,6.3633,26.11,132.82,142.17,1
17.396,-2.85,-3.60,0.3047,-1.3590,0.4961,12.2617,26.11,132.42,140.83,1
17.411,-2.97,-3.66,0.4609,-1.0910,-0.7656,12.6797,26.11,133.94,141.42,1
17.429,-3.10,-3.62,-1.9531,-0.8440,-1.4180,6.5078,26.11,134.79,140.61,1
17.446,-3.22,-3.60,0.8047,-0.6118,-0.2305,10.9922,26.11,134.16,140.59,1
17.470,-3.35,-3.53,-1.8008,-0.7978,0.2305,4.0937,26.11,132.29,139.63,1
17.479,-3.42,-3.55,-1.8008,-0.9519,0.2305,4.0937,26.11,132.86,139.00,1
17.500,-3.53,-3.70,4.0977,-0.7694,-0.2305,18.9648,26.11,130.70,138.66,1
17.519,-3.65,-3.64,1.3789,0.3934,-1.9531,14.1758,26.11,127.98,140.31,1
17.531,-3.72,-3.56,-1.9531,0.3450,-1.9922,7.0898,26.11,129.27,137.32,1
17.548,-3.82,-3.39,-2.1055,-0.3190,-0.4609,7.8555,26.11,130.86,137.02,1
17.568,-3.93,-3.29,-1.7227,-0.8433,-0.6523,6.5117,26.11,131.11,138.73,1
17.581,-3.98,-3.28,2.1836,-0.7254,-0.6523,13.5664,26.11,129.79,137.04,1
17.599,-4.09,-3.11,0.3047,-0.0507,-1.0352,11.6055,26.11,129.79,135.65,1
17.617,-4.17,-2.83,1.6094,0.3592,-1.5313,10.8750,26.11,129.45,134.35,1
17.640,-4.22,-2.54,-1.2656,-0.4976,-0.3047,8.3516,26.11,126.39,133.24,1
17.649,-4.25,-2.42,-1.2656,-0.6156,-0.3047,8.3516,26.11,126.92,132.71,1
17.666,-4.30,-2.14,-2.2227,-1.0117,-0.6914,9.2266,26.11,125.71,134.55,1
17.689,-4.35,-1.93,-2.8359,-1.6336,0.0000,5.8594,26.11,125.23,132.84,1
17.700,-4.35,-1.89,-2.8359,-1.8183,0.0000,5.8594,26.11,125.63,131.29,1
17.718,-4.37,-1.85,1.3398,-1.7293,-0.4961,13.8320,26.11,124.77,130.70,1
17.738,-4.41,-1.65,-2.7969,-1.1898,-1.2656,6.9687,26.11,125.63,133.39,1
17.751,-4.42,-1.58,0.0000,-1.3217,0.4961,11.1484,26.11,126.50,134.46,1
17.769,-4.45,-1.42,-2.5273,-1.1490,-0.1523,8.5391,26.11,124.21,131.34,1
17.787,-4.47,-1.28,-0.4961,-1.1694,-0.6523,9.2656,26.11,129.05,133.42,1
17.808,-4.49,-1.20,-3.7148,-1.6908,0.0000,4.9805,26.11,128.45,136.00,1
17.819,-4.50,-1.17,-1.6836,-1.6892,-1.5703,5.7812,26.11,128.16,135.04,1
17.837,-4.52,-1.24,-3.4102,-2.0697,0.4961,3.3711,26.11,130.53,135.10,1
17.860,-4.55,-1.42,0.5742,-1.7616,-0.9180,11.6055,26.11,126.94,137.55,1
17.870,-4.55,-1.52,0.5742,-1.4028,-0.9180,11.6055,26.11,127.06,136.13,1
17.890,-4.58,-1.58,1.2266,-0.4897,-1.3008,12.7891,26.11,125.94,136.11,1
17.909,-4.61,-1.54,-2.2617,-0.2820,-0.6914,4.5547,26.11,127.71,134.97,1
17.921,-4.61,-1.61,1.7227,-0.4014,0.0000,14.0977,26.11,126.23,135.57,1
17.938,-4.64,-1.71,-2.6445,-0.1484,-0.4961,8.3906,26.11,124.60,134.99,1
17.958,-4.66,-1.83,0.8438,-0.2274,-0.1133,12.9883,26.11,126.53,132.61,1
17.972,-4.67,-1.82,-4.4453,-0.4860,-0.9570,4.2148,26.11,125.50,133.87,1
17.989,-4.68,-1.94,0.9961,-0.6315,0.3828,13.3711,26.11,124.69,133.40,1
18.008,-4.70,-1.95,-0.6133,-0.5261,-0.5352,12.2578,26.11,124.13,133.00,1
18.031,-4.71,-1.90,-2.9102,-0.9185,-0.8828,7.8945,26.11,124.52,131.34,1
18.040,-4.71,-1.93,-2.9102,-1.2244,-0.8828,7.8945,26.11,125.42,128.73,1
18.060,-4.74,-1.97,0.8438,-1.2491,0.0781,13.9102,26.11,125.55,131.84,1
18.078,-4.77,-1.99,-0.4961,-0.7627,-0.1914,10.0352,26.11,124.92,130.29,1
18.091,-4.79,-1.95,-0.6914,-0.7193,0.0000,8.1992,26.11,124.63,128.30,1
18.109,-4.81,-1.96,-2.3359,-0.8430,-0.8828,7.6250,26.11,124.52,130.63,1
18.127,-4.83,-1.96,-0.9570,-1.0546,-1.4180,8.8867,26.11,124.27,129.77,1
18.147,-4.85,-2.04,-0.1523,-0.8488,0.0391,11.0312,26.11,121.24,130.55,1
18.159,-4.85,-2.06,2.6797,-0.5153,-0.7656,15.9375,26.11,123.55,129.15,1
18.177,-4.87,-1.94,-1.0742,-0.2569,-0.8438,10.4570,26.11,121.51,128.70,1
18.200,-4.89,-1.84,-2.1836,-0.7881,-0.8047,8.4219,26.11,121.64,125.45,1
18.210,-4.90,-1.86,-2.1836,-1.0024,-0.8047,8.4219,26.11,120.28,128.77,1
18.227,-4.91,-1.79,1.5703,-0.5066,-0.3437,14.5547,26.11,119.63,130.29,1
18.248,-4.91,-1.70,-1.9531,-0.9896,-0.1133,6.4687,23.89,119.26,126.73,1
18.267,-4.93,-1.66,-1.5703,-1.2041,-1.7227,7.2070,23.89,118.39,124.10,1
18.279,-4.92,-1.68,1.1875,-1.0397,-0.1523,15.5508,23.89,118.68,124.83,1
18.298,-4.93,-1.62,-0.0781,-0.5093,-0.3437,12.3008,23.89,118.78,125.30,1
18.317,-4.94,-1.50,-2.2969,-0.8533,-0.4219,6.7812,23.89,118.51,123.14,1
18.329,-4.94,-1.50,-3.0664,-1.1366,-0.7656,4.5156,23.89,118.01,127.21,1
18.347,-4.94,-1.50,-0.9180,-1.3190,-0.4609,7.8906,23.89,116.97,125.85,1
18.368,-4.94,-1.48,-1.1094,-1.2477,-0.5742,8.1953,23.89,116.82,127.18,1
18.380,-4.95,-1.44,1.7227,-0.5903,-0.8438,13.9102,23.89,118.32,127.68,1
18.397,-4.95,-1.27,-1.1875,-0.5784,-1.2656,8.1172,23.89,116.41,125.93,1
18.418,-4.94,-1.15,0.3437,-0.7145,-0.9570,12.3359,23.89,116.21,125.64,1
18.431,-4.92,-1.12,0.3437,-0.5520,-0.9570,12.3359,23.89,115.04,124.67,1
18.450,-4.90,-0.92,-2.1836,-0.3160,-0.4219,7.0898,23.89,116.06,123.89,1
18.469,-4.89,-0.74,-2.6055,-0.8794,-1.0352,5.4766,23.89,117.54,124.27,1
18.487,-4.86,-0.72,-1.9531,-1.3235,-0.4961,5.0547,23.89,118.22,123.79,1
18.499,-4.84,-0.75,-0.9570,-1.3405,-0.8438,9.5039,23.89,117.79,124.75,1
18.517,-4.80,-0.74,-0.6914,-1.1510,-0.7266,10.3828,23.89,114.80,124.61,1
18.537,-4.76,-0.66,1.4922,-0.5374,-0.3828,14.4023,23.89,114.34,120.88,1
18.550,-4.73,-0.62,-0.3828,-0.5032,-1.5313,10.6133,23.89,114.44,120.18,1
18.568,-4.69,-0.51,-0.8828,-0.5797,0.3047,10.4180,23.89,115.35,121.57,1
18.590,-4.65,-0.43,-1.4180,-0.9438,-0.6133,8.6211,23.89,114.16,120.53,1
18.601,-4.64,-0.37,-1.4180,-1.0166,-0.6133,8.6211,23.89,113.93,118.99,1
18.621,-4.58,-0.33,0.3437,-1.0045,-0.6133,11.0742,23.89,113.75,121.34,1
18.639,-4.51,-0.24,-2.2969,-0.8334,-0.3437,5.9375,23.89,113.07,119.53,1
18.652,-4.47,-0.22,0.0391,-0.9704,0.0000,10.8750,23.89,112.57,118.34,1
18.669,-4.41,-0.16,-0.2305,-0.7057,-0.3437,10.7266,23.89,113.03,119.85,1
18.687,-4.34,-0.11,-1.9141,-0.9163,-1.2266,7.4336,23.89,113.66,119.33,1
18.707,-4.27,-0.10,-1.9141,-1.1993,-0.2695,7.4687,23.89,111.38,118.72,1
18.720,-4.23,-0.09,1.0742,-0.6961,-0.4219,13.0625,23.89,110.85,118.39,1
18.738,-4.16,-0.05,-1.0742,-0.5680,-0.6523,10.4180,23.89,113.68,117.79,1
18.759,-4.09,0.03,-3.4492,-0.9926,-0.3437,4.3672,23.89,114.48,117.80,1
18.771,-4.05,0.04,-3.4492,-1.3700,-0.3437,4.3672,23.89,111.74,116.41,1
18.791,-3.95,0.01,0.0000,-0.7650,0.0391,11.1914,23.89,112.36,119.69,1
18.807,-3.88,0.06,-0.3437,-0.5755,-0.9180,9.7656,23.89,112.42,117.79,1
18.827,-3.82,0.11,-2.6445,-1.0057,0.0391,7.0859,23.89,113.33,116.97,1
18.839,-3.77,0.09,-1.8008,-1.1899,-1.1875,8.1562,23.89,113.37,118.58,1
18.859,-3.70,0.03,-0.6133,-1.2682,-0.2695,10.9141,23.89,113.21,116.35,1
18.877,-3.62,0.04,-1.1094,-1.1547,-0.4219,8.8125,23.89,112.79,117.12,1
18.890,-3.59,0.05,-1.0742,-1.1449,0.1523,6.0859,23.89,112.94,119.08,1
18.907,-3.52,-0.02,-0.9961,-1.1035,-0.4961,7.8164,23.89,111.25,117.58,1
18.927,-3.45,-0.08,0.0391,-0.8440,-0.2695,9.0820,23.89,111.04,115.15,1
18.941,-3.41,-0.13,0.1523,-0.6235,-0.7656,10.7266,23.89,112.46,118.27,1
18.958,-3.34,-0.19,0.2305,-0.3862,-0.2305,11.7578,23.89,109.73,117.72,1
18.978,-3.27,-0.19,0.9570,-0.2621,-0.8828,11.3359,23.89,108.61,115.49,1
18.999,-3.19,-0.09,0.6914,0.0947,-0.8047,9.3867,23.89,108.68,114.65,1
19.010,-3.15,-0.06,-0.8828,0.1008,-0.0781,10.6914,23.89,108.26,113.57,1
19.029,-3.05,0.14,-1.8789,-0.2578,-0.5352,6.9297,23.89,109.49,111.93,1
19.047,-2.95,0.31,-0.2305,-0.4457,-0.3047,11.5312,23.89,107.14,225.43,1
19.060,-2.91,0.40,-1.6484,-0.5260,0.1133,8.2344,23.89,108.96,112.68,1
19.077,-2.82,0.54,-0.1523,-0.5776,-0.3047,10.9570,23.89,109.06,113.25,1
19.098,-2.75,0.69,-0.5742,-0.5503,-0.3437,8.2734,23.89,108.51,114.55,1
19.111,-2.75,0.69,-0.1914,-0.4952,-0.9180,10.5352,23.89,107.22,112.20,1
19.128,-2.63,0.94,-0.4961,-0.4765,-0.1133,10.6094,23.89,108.74,112.49,1
19.150,-2.53,1.11,-2.0703,-0.5746,-1.1875,6.5117,23.89,106.30,112.40,1
19.168,-2.43,1.20,-2.6445,-1.0447,0.1133,6.0156,23.89,107.75,112.73,1
19.181,-2.38,1.21,0.1523,-1.1750,-0.6133,10.8750,23.89,106.91,114.78,1
19.199,-2.29,1.26,1.1875,-0.7158,-1.1484,12.4844,23.89,106.29,113.57,1
19.218,-2.20,1.36,0.4219,-0.2364,-0.2305,12.6836,23.89,107.00,111.50,1
19.230,-2.16,1.45,-2.6055,-0.3774,-0.8438,5.3633,20.89,107.24,112.97,1
19.247,-2.08,1.51,-1.3008,-0.8483,0.1914,7.1289,20.89,109.30,113.39,1
19.267,-1.99,1.53,-1.3398,-0.9853,-0.7656,6.8945,20.89,109.40,114.68,1
19.281,-1.95,1.53,-0.8438,-0.9539,0.6523,8.3945,20.89,108.30,114.01,1
19.298,-1.87,1.53,0.4219,-0.6363,0.0781,9.3437,20.89,107.63,113.39,1
19.321,-1.81,1.55,0.1133,-0.2453,-0.4609,11.4141,20.89,106.20,112.91,1
19.332,-1.79,1.60,0.1133,-0.1903,-0.4609,11.4141,20.89,106.60,111.35,1
19.351,-1.73,1.66,-2.8359,-0.5565,0.8047,6.3633,20.89,105.88,112.17,1
19.369,-1.70,1.66,-3.3320,-1.2427,-1.1094,3.0664,20.89,106.78,110.66,1
19.387,-1.67,1.56,0.7266,-1.0568,0.2695,11.3008,20.89,106.96,112.96,1
19.400,-1.66,1.50,-0.2305,-0.8594,0.6914,9.5430,20.89,105.36,116.18,1
19.418,-1.65,1.42,-0.1523,-0.6277,0.4609,9.3477,20.89,107.30,112.23,1
19.437,-1.65,1.35,1.5703,-0.0844,-0.5742,12.8281,20.89,105.71,111.99,1
19.451,-1.65,1.36,1.8008,0.1882,-0.3828,13.0234,20.89,106.53,111.30,1
19.468,-1.66,1.40,0.2695,0.3991,-1.1875,11.0742,20.89,106.68,111.09,1
19.491,-1.66,1.49,1.7617,0.0917,-0.9570,11.8008,20.89,105.95,111.11,1
19.502,-1.66,1.53,1.7617,0.3482,-0.9570,11.8008,20.89,106.66,110.69,1
19.521,-1.67,1.63,-2.6055,0.1220,-0.0391,5.3633,20.89,104.23,110.11,1
19.538,-1.67,1.71,-1.8398,-0.5902,-1.1875,6.5117,20.89,105.13,111.58,1
19.558,-1.67,1.70,0.8047,-0.4310,-0.0781,12.6406,20.89,104.43,111.68,1
19.570,-1.68,1.73,-1.6836,-0.4403,-0.7266,7.8945,20.89,104.18,108.32,1
19.589,-1.70,1.74,0.0000,-0.6582,-1.1094,10.5352,20.89,106.33,111.40,1
19.607,-1.72,1.76,-1.2266,-0.7053,-1.0352,8.1211,20.89,105.33,111.33,1
19.621,-1.74,1.76,0.5352,-0.6444,0.1133,11.9883,20.89,105.62,110.36,1
19.638,-1.78,1.80,-0.2695,-0.4203,-1.2266,9.8047,20.89,103.28,108.96,1
19.658,-1.80,2.01,0.9180,-0.1148,0.4219,13.0664,20.89,102.79,108.86,1
19.672,-1.81,2.10,-1.6094,-0.4455,-0.7656,7.5117,20.89,105.17,109.77,1
19.689,-1.85,2.26,0.4609,-0.3174,-0.3047,10.6523,20.89,103.94,109.23,1
19.709,-1.89,2.35,-0.8438,-0.8067,-0.3047,8.6172,20.89,103.37,107.98,1
19.729,-1.95,2.40,-0.3828,-0.7803,-0.2695,8.5430,20.89,103.55,109.72,1
19.741,-1.99,2.41,0.3047,-0.6374,-1.0742,9.9219,20.89,104.66,110.13,1
19.759,-2.06,2.40,-0.6523,-0.4467,-0.5352,7.3555,20.89,105.35,109.57,1
19.777,-2.13,2.40,-1.3008,-0.6603,-0.7656,7.5469,20.89,105.12,107.91,1
19.791,-2.17,2.37,1.7227,-0.5168,-0.1133,10.5312,20.89,104.56,109.15,1
19.808,-2.24,2.36,-0.5352,-0.2530,-0.7656,9.5000,20.89,103.37,111.48,1
19.827,-2.34,2.35,-0.6914,-0.3676,-0.1133,7.7773,20.89,102.17,111.27,1
19.842,-2.38,2.37,1.0352,-0.0572,-1.4180,10.5312,20.89,102.98,110.69,1
19.859,-2.47,2.39,-0.3828,-0.0612,-0.6523,10.0039,20.89,101.81,109.53,1
19.879,-2.54,2.44,-0.5742,-0.1082,-0.2695,10.9180,20.89,104.09,110.01,1
19.899,-2.62,2.48,-0.1914,-0.2097,-0.7266,8.6172,20.89,104.21,109.23,1
19.911,-2.66,2.52,-1.7227,-0.3282,-1.6484,7.6602,20.89,102.33,107.46,1
19.928,-2.74,2.54,-0.0781,-0.5921,0.1914,10.3828,20.89,103.50,107.18,1
19.948,-2.81,2.59,0.4961,-0.2898,-1.6836,10.0000,20.89,103.80,107.25,1
19.961,-2.84,2.63,0.3437,-0.1813,0.2305,12.2227,20.89,100.65,106.52,1
19.978,-2.93,2.76,-0.6133,-0.2141,-1.1875,8.3516,20.89,101.62,105.39,1
19.997,-2.99,2.80,-1.1875,-0.4773,-0.8828,9.3047,20.89,102.72,104.66,1
20.021,-3.04,2.81,-0.6133,-1.1127,-1.0742,9.3086,20.89,102.98,105.23,1
20.029,-3.07,2.78,-0.6133,-1.0360,-1.0742,9.3086,20.89,104.50,109.84,1
20.051,-3.14,2.75,-0.3047,-0.7503,-0.7656,6.9297,20.89,104.67,110.47,1
20.070,-3.20,2.64,1.2266,-0.5014,-0.4609,11.4922,20.89,105.19,111.01,1
20.081,-3.23,2.62,0.8828,-0.1465,-1.6094,9.9258,20.89,102.57,109.90,1
20.099,-3.29,2.57,0.1523,0.0870,0.3047,9.8437,20.89,103.59,110.24,1
20.118,-3.32,2.53,0.1133,0.1006,-1.6484,10.3086,20.89,102.98,110.79,1
20.131,-3.35,2.51,0.9961,0.1732,0.0391,9.9219,20.89,103.09,111.11,1
20.149,-3.39,2.49,-1.0742,0.2409,-0.8828,9.0391,20.89,103.66,108.31,1
20.168,-3.42,2.47,-0.8047,-0.1478,-0.2305,7.8906,20.89,104.09,107.68,1
20.191,-3.44,2.41,-1.5703,-0.4409,-1.3398,7.5117,20.89,104.53,108.71,1
20.199,-3.45,2.39,-1.5703,-0.6144,-1.3398,7.5117,20.89,103.67,109.04,1
20.221,-3.47,2.33,-1.0352,-0.6008,-1.8398,6.5469,20.89,105.08,108.23,1
20.239,-3.49,2.24,-0.5352,-0.6840,0.5352,9.7656,20.89,104.22,109.41,1
20.250,-3.50,2.18,-0.5352,-0.6611,0.5352,9.7656,17.48,101.98,108.31,1
20.269,-3.51,2.05,1.3789,-0.3356,0.0000,14.5547,17.48,100.93,109.39,1
20.289,-3.52,2.04,0.2305,-0.0258,-0.8828,10.7266,17.48,99.98,108.60,1
20.301,-3.54,2.07,1.0742,0.0811,-1.3398,13.0664,17.48,100.77,107.98,1
20.318,-3.54,2.11,-1.3008,0.1727,-0.4609,9.0781,17.48,103.82,107.02,1
20.338,-3.56,2.12,-2.3359,-0.5587,-1.3789,4.3320,17.48,104.14,107.82,1
20.352,-3.56,2.11,1.0742,-0.5589,-0.8828,10.7266,17.48,103.89,109.37,1
20.369,-3.56,2.07,-0.1523,-0.2736,-0.5352,7.8164,17.48,103.59,106.45,1
20.388,-3.57,2.04,1.0352,0.0236,0.1914,10.4180,17.48,103.51,107.43,1
20.409,-3.57,2.02,2.1836,0.3798,-0.4961,12.0234,17.48,102.25,106.81,1
20.420,-3.57,2.03,2.1836,0.6569,-0.4961,12.0234,17.48,101.28,106.47,1
20.441,-3.56,2.09,-0.9180,0.2301,0.0781,8.3125,17.48,102.99,108.26,1
20.459,-3.56,2.12,-0.9570,-0.0987,-0.8047,8.5000,17.48,102.97,105.92,1
20.471,-3.56,2.15,-2.0312,-0.3746,-1.4570,7.8125,17.48,102.67,105.83,1
20.490,-3.53,2.15,1.0352,-0.5991,-0.3828,11.7187,17.48,100.86,107.08,1
20.508,-3.52,2.23,0.5352,-0.1526,-0.8438,11.5742,17.48,99.65,108.64,1
20.528,-3.51,2.39,1.4922,0.2543,-0.1523,11.2969,17.48,99.26,107.31,1
20.539,-3.49,2.45,-0.7266,0.0372,-0.9570,8.8125,17.48,99.34,105.53,1
20.558,-3.46,2.60,-2.2617,-0.5192,-0.3437,6.7461,17.48,100.98,104.46,1
20.581,-3.41,2.68,-0.9961,-0.3322,-0.6523,8.9648,17.48,100.42,104.40,1
20.590,-3.38,2.71,-0.9961,-0.4341,-0.6523,8.9648,17.48,99.63,104.69,1
20.609,-3.33,2.80,-1.0742,-0.4602,-1.2656,8.5820,17.48,98.85,105.04,1
20.629,-3.28,2.87,0.6133,-0.4993,-0.3828,12.0625,17.48,98.57,104.37,1
20.642,-3.26,2.92,-2.9102,-0.5350,-0.6133,5.5547,17.48,101.45,106.67,1
20.659,-3.21,3.01,-1.2656,-1.0770,-1.1484,5.9766,17.48,102.24,106.26,1
20.678,-3.14,2.93,-0.4961,-0.9710,-0.0781,8.1602,17.48,103.55,107.70,1
20.692,-3.11,2.86,0.2695,-0.8368,-0.6914,8.3555,17.48,102.82,109.10,1
20.709,-3.06,2.78,1.3398,-0.3586,0.5742,12.7227,17.48,102.83,109.12,1
20.727,-2.96,2.66,1.1875,0.1867,-1.1484,9.3828,17.48,101.38,107.26,1
20.750,-2.88,2.65,-0.6133,0.3918,-1.5313,7.5078,17.48,101.43,106.32,1
20.760,-2.84,2.64,-0.6133,0.2374,-1.5313,7.5078,17.48,100.50,105.31,1
20.781,-2.75,2.60,-0.8438,0.1477,-0.8438,8.1953,17.48,101.68,106.46,1
20.800,-2.66,2.61,-2.1836,-0.2407,-0.3047,5.3203,17.48,102.20,105.69,1
20.812,-2.61,2.57,-1.3789,-0.6063,0.5742,6.5078,17.48,103.56,107.78,1
20.829,-2.52,2.46,1.0352,-0.6323,-0.4609,10.2305,17.48,103.24,108.26,1
20.848,-2.47,2.40,0.4961,-0.2422,0.2695,10.8750,17.48,102.08,108.21,1
20.867,-2.30,2.26,-1.4570,-0.4227,-0.9961,6.7070,17.48,102.48,108.38,1
20.879,-2.24,2.19,1.4180,-0.3516,0.4609,12.0273,17.48,99.93,106.52,1
20.897,-2.13,2.16,1.9922,0.3788,-1.0352,12.7891,17.48,99.86,105.67,1
20.921,-2.01,2.15,-0.2695,0.2174,0.3828,8.3516,17.48,99.72,104.38,1
20.930,-1.95,2.19,-0.2695,0.1426,0.3828,8.3516,17.48,100.35,104.83,1
20.948,-1.83,2.20,0.9570,0.2972,-1.2266,10.6914,17.48,99.86,105.23,1
20.968,-1.69,2.25,-0.1914,0.2203,-0.5742,8.6953,17.48,101.25,104.71,1
20.987,-1.63,2.24,0.0781,0.1449,0.4219,11.7227,17.48,100.47,105.98,1
20.999,-1.49,2.25,-0.0391,0.1253,-0.4609,10.1094,17.48,98.41,106.19,1
21.019,-1.36,2.27,-0.9180,0.0084,0.0000,9.4648,17.48,99.15,105.31,1
21.032,-1.29,2.29,-1.8008,-0.2673,0.3047,6.9297,17.48,99.00,106.25,1
21.049,-1.18,2.27,-0.6133,-0.6072,-0.6523,9.7305,17.48,100.09,105.90,1
21.068,-1.06,2.24,2.2227,0.0184,-0.1523,14.5977,17.48,99.90,104.05,1
21.088,-0.93,2.33,-0.9180,-0.0515,-0.8047,9.6133,17.48,101.00,103.38,1
21.100,-0.86,2.36,0.6133,0.0956,0.5352,10.1484,17.48,98.34,104.04,1
21.117,-0.73,2.47,0.3437,0.1828,0.1133,10.3047,17.48,98.60,105.19,1
21.138,-0.59,2.56,1.0352,-0.1963,0.0391,10.1094,17.48,98.80,103.18,1
21.151,-0.53,2.66,1.0352,-0.0071,0.0391,10.1094,17.48,99.52,104.54,1
21.171,-0.41,2.75,-0.5742,-0.2172,1.2656,8.2383,17.48,100.42,104.19,1
21.188,-0.31,2.83,-1.1875,-0.3675,-0.6133,5.4023,17.48,101.26,105.56,1
21.202,-0.25,2.82,0.6133,-0.4049,0.7656,11.1875,17.48,101.76,105.67,1
21.219,-0.16,2.86,-0.0781,-0.1715,-0.6914,8.3906,17.48,98.71,103.86,1
21.238,-0.06,2.90,-0.1914,-0.1647,-0.3047,8.0820,16.93,99.91,104.59,1
21.258,0.04,2.90,-1.3789,-0.4351,-0.2305,7.2773,16.93,99.32,103.89,1
21.270,0.08,2.88,-0.4219,-0.4322,0.4961,8.8164,16.93,101.00,103.46,1
21.288,0.16,2.87,0.9180,-0.1327,0.4609,11.7578,16.93,99.97,106.22,1
21.310,0.21,2.83,-0.6133,-0.5375,0.4961,9.8477,16.93,100.48,104.53,1
21.321,0.24,2.80,-0.6133,-0.5492,0.4961,9.8477,16.93,100.85,107.01,1
21.341,0.29,2.75,-0.1133,-0.7179,0.9180,9.8047,16.93,98.28,106.37,1
21.360,0.31,2.71,1.1875,-0.4424,-0.3047,11.6406,16.93,97.71,106.36,1
21.372,0.32,2.73,-1.7617,-0.3176,0.1523,7.6289,16.93,99.73,106.20,1
21.391,0.31,2.75,-0.7656,-0.6475,0.4961,7.4687,16.93,99.73,106.20,1
21.408,0.28,2.61,0.1133,-0.4932,-0.8828,10.1914,16.93,99.31,105.69,1
21.428,0.24,2.56,-0.8828,-0.5417,0.8438,8.2383,16.93,101.94,104.94,1
21.440,0.20,2.56,0.6523,-0.4713,-0.7266,10.3047,16.93,98.70,105.46,1
21.458,0.13,2.50,0.4961,-0.1228,-0.1523,9.1602,16.93,98.95,107.26,1
21.481,0.05,2.47,0.5742,0.0014,-0.1133,10.9570,16.93,98.87,106.15,1
21.491,0.01,2.46,0.5742,0.0894,-0.1133,10.9570,16.93,99.71,105.82,1
21.508,-0.09,2.43,-0.1914,0.0574,-0.4219,8.5820,16.93,100.53,105.43,1
21.529,-0.19,2.33,-1.1484,-0.5239,0.1133,8.1172,16.93,100.98,106.25,1
21.547,-0.33,2.26,-0.9180,-0.6858,-0.5742,9.0000,16.93,98.63,105.67,1
21.559,-0.40,2.23,0.0391,-0.6449,0.4609,10.5312,16.93,97.47,103.11,1
21.578,-0.56,2.16,2.0703,-0.2884,-0.4961,14.2539,16.93,97.73,102.46,1
21.598,-0.72,2.16,-1.3398,-0.2390,-1.0742,8.7734,16.93,97.75,101.82,1
21.610,-0.81,2.15,0.4219,-0.2671,-0.0781,11.0703,16.93,98.29,103.54,1
21.628,-1.01,2.19,-0.6523,-0.2700,-0.9961,10.0742,16.93,97.60,104.21,1
21.651,-1.22,2.19,-0.5742,-0.4641,-1.4570,9.5000,16.93,97.33,104.92,1
21.661,-1.33,2.21,-0.5742,-0.4810,-1.4570,9.5000,16.93,97.00,104.59,1
21.678,-1.55,2.15,-0.8438,-0.5671,-0.8828,9.4648,16.93,100.08,102.72,1
21.699,-1.78,2.17,0.2305,0.1043,-2.1055,6.9687,16.93,100.52,103.51,1
21.720,-2.03,2.11,0.5352,0.2148,-0.0781,10.0039,16.93,99.74,103.34,1
21.731,-2.15,2.10,0.1523,0.2551,-2.7187,8.5781,16.93,97.93,106.84,1
21.749,-2.39,2.05,-0.0391,0.2106,-0.2695,8.6953,16.93,98.79,104.32,1
21.768,-2.62,1.96,-1.9531,-0.2981,-1.0352,6.8516,16.93,98.42,104.64,1
21.780,-2.74,1.91,-0.9180,-0.4695,-1.3398,7.3555,16.93,100.47,106.16,1
21.798,-2.96,1.78,2.4141,0.1150,-0.3437,14.1328,16.93,99.91,104.21,1
21.818,-3.20,1.78,-0.0781,0.2155,-3.5625,9.5000,16.93,99.16,105.45,1
21.831,-3.20,1.78,-1.3789,-0.0294,-0.2305,8.1562,16.93,98.60,103.16,1
21.848,-3.52,1.69,-1.6094,-0.4631,-1.6484,7.8906,16.93,98.06,101.44,1
21.870,-3.72,1.64,2.2227,0.2449,0.0781,13.9805,16.93,96.92,103.18,1
21.882,-3.82,1.67,2.2227,0.5487,0.0781,13.9805,16.93,96.63,101.11,1
21.900,-4.02,1.71,-0.0781,0.2100,0.4961,9.0820,16.93,98.66,103.27,1
21.919,-4.22,1.69,-1.1875,0.0395,-2.2969,8.3516,16.93,98.79,100.87,1
21.939,-4.39,1.63,0.5352,0.0025,-1.1094,13.6328,16.93,98.13,104.09,1
21.950,-4.48,1.64,0.8438,0.1090,-1.2266,10.7305,16.93,97.13,103.02,1
21.967,-4.65,1.74,-0.3828,0.0880,-1.4922,8.8164,16.93,96.44,99.77,1
21.988,-4.82,1.85,-0.8438,-0.1475,-0.5352,7.5469,16.93,96.95,101.18,1
22.001,-4.82,1.85,-1.3008,-0.3247,-1.3008,5.7461,16.93,97.14,99.87,1
22.018,-5.05,1.83,-1.0742,-0.5514,0.3047,8.8125,16.93,98.59,102.71,1
22.041,-5.23,1.79,-0.1133,-0.8086,-1.0742,8.5000,16.93,97.75,104.08,1
22.052,-5.30,1.75,-0.1133,-0.7018,-1.0742,8.5000,16.93,97.38,208.33,1
22.071,-5.47,1.69,1.4922,-0.0610,-0.4219,11.2578,16.93,95.79,102.54,1
22.089,-5.64,1.72,1.1094,0.3489,0.0781,12.2969,16.93,96.11,100.92,1
22.109,-5.83,1.75,-1.7617,-0.0273,0.0391,5.9375,16.93,96.71,100.85,1
22.120,-5.92,1.74,1.1875,-0.0577,0.1914,10.4180,16.93,97.30,100.62,1
22.139,-6.11,1.75,1.4180,0.4178,-0.7266,11.3750,16.93,95.78,102.36,1
22.158,-6.31,1.83,-0.3047,0.3775,-0.4961,8.0117,16.93,95.13,101.10,1
22.171,-6.40,1.84,-0.9570,0.2206,-0.6914,7.8945,16.93,96.00,102.06,1
22.188,-6.60,1.87,-1.5703,-0.3166,-1.3008,6.5859,16.93,95.96,102.17,1
22.211,-6.79,1.84,0.4219,0.1876,-0.9180,11.5352,16.93,96.64,101.97,1
22.222,-6.90,1.87,0.4219,0.2236,-0.9180,11.5352,16.93,95.77,101.27,1
22.248,-7.22,2.06,-1.8008,-0.4775,-1.4570,6.4414,15.11,97.14,98.76,1
22.259,-7.32,2.12,-2.7187,-0.7542,-1.4570,4.3320,15.11,94.64,98.87,1
22.279,-7.49,2.07,-1.7227,-1.2035,-0.4961,6.3633,15.11,95.77,101.02,1
22.290,-7.57,2.01,-0.0391,-1.1486,-1.6836,10.2695,15.11,97.68,102.42,1
22.309,-7.74,1.93,0.1523,-0.8186,-1.3789,10.9141,15.11,96.40,102.08,1
22.328,-7.89,1.87,0.4609,-0.4193,-1.3398,11.6445,15.11,95.90,101.28,1
22.341,-7.96,1.89,2.3750,-0.1310,-2.2617,13.3281,15.11,93.84,99.70,1
22.358,-8.10,2.05,1.6836,0.5704,-0.6914,11.8008,15.11,96.04,98.63,1
22.378,-8.23,2.21,-1.2656,0.2334,-0.9180,6.1250,15.11,96.02,98.09,1
22.392,-8.30,2.27,-1.3789,-0.1234,-0.3047,6.9336,15.11,95.21,98.63,1
22.409,-8.42,2.35,0.0000,-0.1743,-0.5352,10.4922,15.11,96.11,100.35,1
22.429,-8.54,2.45,-0.0391,-0.4477,-0.9570,9.3477,15.11,94.44,101.00,1
22.450,-8.64,2.47,-1.9922,-0.4881,-0.9961,6.9687,15.11,94.71,101.68,1
22.461,-8.69,2.46,-0.7266,-0.7197,-0.4219,9.4258,15.11,95.68,99.41,1
22.480,-8.80,2.45,0.8047,-0.5992,-0.8047,11.0312,15.11,95.51,100.20,1
22.498,-8.90,2.51,-1.6094,-0.6548,-1.7227,8.4258,15.11,97.59,95.96,1
22.511,-8.95,2.50,-3.5234,-0.9546,-0.1523,4.7891,15.11,98.12,97.34,1
22.528,-9.03,2.32,-5.1367,-2.1874,-0.7656,5.0937,15.11,96.92,95.77,1
22.548,-9.12,1.89,-4.9414,-2.9806,-0.2305,8.9219,15.11,95.31,108.07,1
22.562,-9.17,1.74,-1.8398,-2.7281,-1.7227,10.8750,15.11,96.46,107.37,1
22.580,-9.22,1.26,-3.7148,-2.8912,-3.1797,4.6719,15.11,97.71,103.26,1
22.601,-9.22,0.64,4.2148,-1.6094,-0.4961,17.4297,15.11,96.90,106.08,1
22.619,-9.24,0.17,6.2812,0.2077,-0.3047,18.8047,15.11,96.34,105.42,1
22.632,-9.23,0.03,7.5078,1.6500,-0.6133,18.0000,15.11,97.27,104.87,1
22.649,-9.27,0.08,2.7578,2.9313,-1.1484,7.5117,15.11,97.26,103.94,1
22.668,-9.25,0.27,3.6406,3.0675,-1.1094,8.0391,15.11,95.61,102.48,1
22.681,-9.23,0.39,4.9414,3.2596,-0.9180,10.1523,15.11,93.62,99.32,1
22.699,-9.20,0.81,5.7070,4.0024,0.1914,12.2969,15.11,90.60,97.13,1
22.718,-9.18,1.54,2.9492,3.8755,0.0391,6.4727,15.11,87.99,96.62,1
22.732,-9.16,1.95,-5.3633,3.0682,-3.4844,-7.1289,15.11,90.91,77.32,1
22.750,-9.02,2.24,-6.7461,-0.1123,-3.4492,-3.4844,15.11,94.84,76.21,1
22.770,-8.91,2.51,-4.7109,0.0286,3.2578,6.8516,15.11,90.54,92.58,1
22.789,-8.86,2.88,-3.6406,-1.2299,-5.2539,2.3359,15.11,90.15,97.68,1
22.801,-8.81,2.95,-7.5078,-2.0728,-3.1406,-1.0742,15.11,92.38,99.81,1
22.819,-8.61,2.86,-4.1758,-3.3477,-2.5664,8.4219,15.11,88.25,99.02,1
22.838,-8.35,2.50,7.0117,-1.1540,1.8398,33.5156,15.11,85.74,101.62,1
22.851,-8.27,2.55,4.0977,-0.1329,0.8438,24.7422,15.11,86.27,102.08,1
22.869,-8.12,2.78,2.1445,0.9107,-0.6914,20.6484,15.11,89.13,95.27,1
22.888,-7.96,3.21,-2.8711,0.1506,2.2969,13.5664,15.11,90.62,93.19,1
22.902,-7.86,3.37,-0.4609,-0.1207,0.4961,15.1641,15.11,89.99,88.77,1
22.920,-7.72,3.85,-1.5703,-0.4822,2.7187,13.3672,15.11,91.24,92.83,1
22.938,-7.60,4.34,-4.9766,-1.5447,-0.6914,0.2305,15.11,91.52,92.57,1
22.959,-7.42,4.42,-5.7422,-2.7178,-0.0391,-2.7578,15.11,92.92,97.31,1
22.972,-7.35,4.46,-6.1680,-3.4212,-0.2305,-7.3945,15.11,95.85,96.98,1
22.989,-7.20,4.19,-0.8828,-3.7774,1.5703,1.9961,15.11,95.68,101.08,1
23.009,-7.13,3.99,0.1914,-2.7915,0.7305,-0.0391,15.11,98.09,103.68,1
23.021,-7.02,3.52,-2.1836,-2.3213,1.8008,-3.6406,15.11,100.70,103.10,1
23.039,-6.93,2.92,-2.8711,-2.3373,0.3437,-4.5977,15.11,102.57,105.92,1
23.058,-6.82,2.06,8.0820,-0.0952,-1.4922,19.5703,15.11,93.93,104.46,1
23.072,-6.78,1.80,8.7344,1.2130,0.9961,27.0430,15.11,84.13,97.53,1
23.090,-6.74,1.69,11.3398,3.7463,-1.4922,33.5977,15.11,84.13,94.20,1
23.108,-6.63,2.06,4.7500,4.4415,-1.6094,20.1875,15.11,92.82,91.50,1
23.130,-6.55,2.50,-7.5859,2.7801,1.1094,1.7617,15.11,90.26,88.07,1
23.140,-6.49,2.57,-7.5859,1.1879,1.1094,1.7617,15.11,90.16,90.50,1
23.159,-6.48,2.95,-1.9922,-0.2835,-0.3828,5.2812,15.11,90.20,88.56,1
23.179,-6.42,3.03,-2.7617,-0.8296,-1.3398,1.0352,15.11,92.60,96.28,1
23.191,-6.37,2.90,-6.3633,-1.5454,-0.4961,-2.2227,15.11,92.21,97.96,1
23.210,-6.28,2.43,-3.7539,-2.7030,0.8438,5.2812,15.11,92.85,101.52,1
23.228,-6.24,2.01,1.8789,-1.8147,0.1914,11.3789,15.11,90.60,101.65,1
23.242,-6.23,1.83,4.2539,-1.0573,0.0781,16.4297,15.46,91.22,102.01,1
23.259,-6.21,1.46,4.0234,0.7024,1.5313,16.8164,15.46,91.59,99.28,1
23.278,-6.22,1.30,2.5664,1.3218,-0.2695,14.8242,15.46,92.42,96.67,1
23.293,-6.22,1.26,2.5273,1.5886,0.6523,15.3203,15.46,90.45,95.76,1
23.310,-6.24,1.34,0.0781,1.3128,-2.2969,11.7578,15.46,90.83,95.09,1
23.331,-6.24,1.48,0.4609,0.9845,-1.3789,10.5742,15.46,91.47,95.31,1
23.349,-6.23,1.62,0.6523,0.8513,-2.5273,11.4180,15.46,90.41,93.97,1
23.362,-6.21,1.66,0.4961,0.7948,-0.8438,11.9883,15.46,88.81,94.37,1
23.379,-6.19,1.81,-1.1094,0.5817,-2.2617,9.0000,15.46,88.35,94.93,1
23.399,-6.14,1.95,0.4609,0.3527,-1.1875,9.1953,15.46,89.69,93.93,1
23.412,-6.11,2.00,0.0781,0.3387,-0.5742,8.1992,15.46,91.79,95.78,1
23.429,-6.07,2.03,-0.4961,0.1766,-1.1094,8.5391,15.46,89.77,94.89,1
23.448,-5.95,2.12,0.3437,0.1717,-0.9570,8.4219,15.46,90.99,95.04,1
23.470,-5.86,2.18,2.1836,0.3855,-1.9922,10.3047,15.46,90.43,94.09,1
23.480,-5.81,2.20,2.1836,0.6617,-1.9922,10.3047,15.46,90.35,94.91,1
23.501,-5.70,2.25,0.8828,0.6549,-1.3789,11.8750,15.46,90.90,96.44,1
23.519,-5.61,2.36,-1.0742,0.5630,-1.1875,7.5078,15.46,93.03,95.21,1
23.532,-5.56,2.38,0.3437,0.3141,0.8438,10.4531,15.46,90.03,92.82,1
23.549,-5.46,2.44,0.9961,0.3747,-1.6094,8.8437,15.46,92.44,95.73,1
23.569,-5.42,2.47,-0.8047,0.2743,1.1484,8.1211,15.46,92.55,95.63,1
23.582,-5.33,2.48,0.3047,0.1973,-0.4219,8.9648,15.46,92.01,96.77,1
23.599,-5.25,2.51,-2.6797,-0.0110,-0.4961,5.2109,15.46,93.57,95.77,1
23.619,-5.18,2.42,0.4219,-0.2344,1.1094,7.8164,15.46,93.25,96.15,1
23.640,-5.14,2.27,-0.1914,-0.1066,1.2266,5.4414,15.46,94.70,98.62,1
23.650,-5.13,2.18,-0.1914,-0.1197,1.2266,5.4414,15.46,96.53,98.78,1
23.668,-5.11,1.99,3.9844,0.7841,-0.9180,14.2930,15.46,95.88,102.49,1
23.689,-5.12,1.98,2.8359,1.1137,1.4922,10.4531,15.46,95.37,100.69,1
23.701,-5.13,2.00,2.8359,1.3782,1.4922,10.4531,15.46,97.56,101.57,1
23.721,-5.16,1.98,0.8438,1.5751,1.2266,5.9375,15.46,97.30,100.32,1
23.739,-5.17,1.90,1.0742,1.3862,-2.0703,10.3828,15.46,96.58,101.10,1
23.752,-5.19,1.85,0.2305,1.2496,-1.3789,7.8945,15.46,98.38,99.91,1
23.770,-5.21,1.75,0.5742,0.9881,0.1914,10.0742,15.46,95.81,100.37,1
23.787,-5.23,1.66,1.2266,0.9914,-1.6484,7.4336,15.46,97.68,102.47,1
23.808,-5.25,1.51,2.0703,1.2448,0.5742,9.3828,15.46,95.61,103.51,1
23.820,-5.27,1.50,1.8789,1.3851,-2.6055,13.4883,15.46,96.02,102.62,1
23.838,-5.31,1.52,1.4922,1.4396,-1.7227,9.8828,15.46,96.40,100.07,1
23.860,-5.34,1.57,1.9141,1.1296,-1.5703,7.0859,15.46,100.05,101.07,1
23.871,-5.35,1.57,1.9141,1.2501,-1.5703,7.0859,15.46,96.05,100.60,1
23.891,-5.36,1.52,-0.6523,1.3491,-1.8008,10.7969,15.46,92.55,102.95,1
23.910,-5.37,1.50,0.8828,0.9043,-0.8438,11.7187,15.46,95.49,99.10,1
23.922,-5.38,1.53,-0.8438,0.7614,-1.8398,10.0039,15.46,97.90,99.10,1
23.940,-5.38,1.60,-0.0781,0.3674,-0.3437,5.7070,15.46,98.43,101.81,1
23.959,-5.37,1.58,5.5937,1.4708,0.6523,19.6484,15.46,96.61,105.37,1
23.973,-5.39,1.70,-1.9531,1.5003,-2.8359,6.2852,15.46,101.06,101.19,1
23.990,-5.40,1.91,-0.3437,0.6791,1.6484,7.0508,15.46,97.97,101.09,1
24.008,-5.41,1.98,-1.3398,0.1686,-1.5313,5.1367,15.46,100.72,103.87,1
24.030,-5.40,1.84,2.6797,0.0769,-0.6523,12.2187,15.46,99.65,105.15,1
24.041,-5.40,1.84,2.6797,0.4767,-0.6523,12.2187,15.46,101.09,105.76,1
24.061,-5.39,1.82,3.3711,1.1661,1.0352,13.7500,15.46,100.99,105.00,1
24.079,-5.38,1.93,1.5703,1.6474,-1.8789,8.5430,15.46,103.99,106.71,1
24.092,-5.38,1.98,-0.4609,1.4679,1.1484,5.3242,15.46,100.78,106.46,1
24.109,-5.34,2.01,1.4180,1.0711,-1.8008,10.0000,15.46,99.93,106.75,1
24.128,-5.32,2.04,0.3828,0.9603,-1.0742,9.0781,15.46,101.37,105.95,1
24.148,-5.25,2.06,-1.0352,0.4827,0.4961,5.4023,15.46,104.24,107.34,1
24.160,-5.22,2.04,1.1094,0.4211,-1.4570,7.9336,15.46,102.39,107.14,1
24.178,-5.16,1.98,2.8359,1.0379,0.9180,11.7227,15.46,101.93,107.30,1
24.202,-5.12,2.03,2.1836,1.3020,0.6523,11.2227,15.46,103.53,105.71,1
24.211,-5.09,2.12,2.1836,1.4374,0.6523,11.2227,15.46,100.22,107.60,1
24.228,-5.04,2.27,0.6914,1.3188,-1.7617,6.9687,15.46,102.83,106.88,1
24.250,-4.98,2.25,-0.9570,0.2728,-0.7266,8.9219,17.52,102.43,109.99,1
24.269,-4.92,2.20,2.2227,0.5573,-2.1445,11.2969,17.52,104.00,109.94,1
24.280,-4.88,2.24,-0.8438,0.5677,0.4609,8.7773,17.52,103.61,110.25,1
24.299,-4.81,2.26,-0.9570,0.1584,-1.1484,3.8320,17.52,104.50,110.47,1
24.319,-4.72,2.13,2.3359,0.5069,0.1914,10.7305,17.52,102.61,112.42,1
24.330,-4.67,2.09,0.9180,0.6744,-1.3008,12.1797,17.52,108.07,110.99,1
24.348,-4.60,2.05,1.3398,0.8508,-0.1523,10.5742,17.52,108.00,108.79,1
24.368,-4.51,2.08,1.1484,0.9471,-1.2656,8.7773,17.52,107.74,113.28,1
24.381,-4.46,2.04,0.0781,0.7548,-0.6523,7.3906,17.52,107.03,113.96,1
24.399,-4.32,1.93,-0.1914,0.5032,-1.2656,9.2305,17.52,107.32,111.96,1
24.420,-4.20,1.85,-1.2656,0.6901,-0.5742,8.4219,17.52,106.73,112.28,1
24.440,-4.13,1.85,-0.5352,0.2476,-0.4609,5.0937,17.52,108.54,111.94,1
24.451,-3.98,1.75,1.9922,0.2766,0.0781,12.4492,17.52,107.92,113.71,1
24.470,-3.83,1.67,-0.1523,0.5916,-2.5273,7.6602,17.52,110.46,114.60,1
24.489,-3.66,1.51,0.6133,0.5074,0.2695,9.2305,17.52,111.64,115.01,1
24.500,-3.58,1.44,1.2266,0.5727,-1.7617,8.0820,17.52,112.33,117.00,1
24.519,-3.39,1.29,4.3281,1.4820,-0.1133,13.8320,17.52,110.90,115.53,1
24.539,-3.17,1.24,0.3047,1.3988,-1.8789,10.6523,17.52,108.55,115.09,1
24.552,-3.17,1.24,1.0742,1.3489,1.4922,10.4531,17.52,112.51,115.97,1
24.568,-2.87,1.29,-0.1133,1.0082,-0.4961,5.1328,17.52,111.76,115.34,1
24.591,-2.66,1.19,-0.0781,1.2054,-0.9961,8.9219,17.52,109.73,116.90,1
24.602,-2.54,1.14,-0.0781,1.0083,-0.9961,8.9219,17.52,111.81,114.71,1
24.622,-2.33,1.06,0.6914,0.8713,-1.4922,7.8906,17.52,114.50,117.12,1
24.639,-2.10,1.01,0.4219,0.7987,0.7656,9.7656,17.52,112.15,115.67,1
24.658,-1.88,0.94,0.0000,0.5769,1.1875,9.8047,17.52,111.74,115.51,1
24.670,-1.78,0.91,1.3008,0.5923,0.2695,12.5664,17.52,111.67,117.33,1
24.688,-1.60,0.89,-1.1484,0.2918,0.2305,8.0430,17.52,113.13,118.41,1
24.708,-1.42,0.77,-0.8828,-0.0579,-0.5742,7.7383,17.52,113.61,117.38,1
24.721,-1.34,0.73,0.5352,0.0734,0.4961,10.9922,17.52,115.66,117.77,1
24.738,-1.17,0.59,2.0312,0.5619,-1.1484,10.6914,17.52,111.89,118.99,1
24.762,-1.01,0.41,-0.4961,0.3691,-0.0391,7.2344,17.52,114.50,119.32,1
24.772,-0.92,0.30,-0.4961,0.2362,-0.0391,7.2344,17.52,114.50,119.83,1
24.792,-0.75,0.12,3.1016,0.8979,-1.4570,13.6328,17.52,114.92,123.33,1
24.810,-0.60,0.07,0.0391,1.2779,0.5352,7.8906,17.52,114.06,119.90,1
24.828,-0.44,0.05,-0.4961,0.7371,-1.1094,5.4805,17.52,114.64,119.40,1
24.841,-0.37,-0.02,0.3828,0.6180,0.0391,8.6953,17.52,113.99,120.96,1
24.859,-0.22,-0.15,0.6914,0.6061,-1.3789,10.1875,17.52,115.65,120.61,1
24.879,-0.09,-0.26,0.4219,0.5755,0.7266,9.6523,17.52,116.60,120.08,1
24.891,-0.00,-0.33,0.9570,0.5948,-0.7656,8.7344,17.52,114.80,121.83,1
24.908,0.15,-0.46,3.3320,1.2439,0.6133,14.2500,17.52,111.92,119.75,1
24.932,0.31,-0.50,1.0742,1.5572,0.7656,10.3477,17.52,112.64,119.57,1
24.942,0.38,-0.46,1.0742,1.4830,0.7656,10.3477,17.52,114.03,119.83,1
24.962,0.51,-0.41,3.0273,1.0315,0.5742,13.0625,17.52,114.73,118.79,1
24.979,0.63,-0.32,1.3008,1.4594,-1.1484,12.0273,17.52,114.44,118.69,1
24.998,0.69,-0.27,0.5352,1.2968,1.1875,10.8008,17.52,113.53,120.29,1
25.010,0.79,-0.07,-0.7656,1.0757,-0.6133,5.6367,17.52,117.11,118.85,1
25.030,0.87,0.07,0.5352,0.6576,0.6133,9.0430,17.52,116.59,118.62,1
25.049,0.95,0.17,-1.3008,0.2095,-1.1484,7.2734,17.52,114.57,121.73,1
25.061,0.97,0.21,-0.2305,0.0632,1.1484,8.8867,17.52,116.67,122.03,1
25.078,1.02,0.25,0.3437,0.0901,-0.9570,6.8555,17.52,116.58,120.53,1
25.102,1.07,0.24,0.6914,0.5090,-1.0352,10.9180,17.52,116.33,124.30,1
25.112,1.09,0.27,0.6914,0.5370,-1.0352,10.9180,17.52,114.69,123.15,1
25.130,1.12,0.35,1.9531,0.8601,0.0000,11.8789,17.52,116.48,123.38,1
25.149,1.15,0.43,1.3008,0.6913,0.0391,9.1562,17.52,118.47,122.90,1
25.163,1.16,0.44,1.3008,0.7849,0.0391,9.1562,17.52,118.27,124.12,1
25.182,1.18,0.44,-0.4609,-0.0145,-0.0781,8.0820,17.52,118.61,124.75,1
25.200,1.18,0.46,0.4219,-0.0705,-1.1875,8.0781,17.52,121.27,125.80,1
25.219,1.18,0.50,0.4219,0.0974,-0.4219,9.1953,17.52,117.05,123.38,1
25.231,1.18,0.48,-2.3750,-0.0765,-0.7656,6.1289,17.52,119.35,122.31,1
25.249,1.17,0.39,-0.0781,-0.3518,0.4219,9.2266,20.08,119.13,124.70,1
25.269,1.16,0.34,0.2695,-0.1972,0.1914,9.3437,20.08,117.88,123.81,1
25.282,1.16,0.34,2.9883,0.2921,0.2305,12.4453,20.08,118.44,124.70,1
25.299,1.10,0.26,-0.0781,0.3781,-1.6836,8.8828,20.08,120.22,124.88,1
25.322,1.06,0.22,-1.4180,-0.2740,-0.2695,5.7852,20.08,119.39,122.59,1
25.333,1.04,0.11,-1.4180,-0.4497,-0.2695,5.7852,20.08,118.79,127.62,1
25.352,1.00,-0.05,-1.0352,0.2339,-1.7227,8.4219,20.08,119.22,126.20,1
25.370,0.93,-0.14,-2.8359,-0.2701,0.4961,5.4414,20.08,118.55,128.22,1
25.389,0.86,-0.32,0.2695,-0.4576,-0.3437,8.3516,20.08,118.71,128.16,1
25.401,0.82,-0.44,4.0977,-0.0396,-1.1875,16.6289,20.08,117.84,128.14,1
25.419,0.75,-0.61,1.1484,0.7182,-1.9531,12.4102,20.08,118.40,129.92,1
25.439,0.67,-0.70,0.5352,0.7045,-0.1523,9.2305,20.08,120.73,128.57,1
25.452,0.63,-0.78,-2.4141,0.4425,-0.2305,4.3672,20.08,120.83,127.39,1
25.470,0.57,-0.97,1.6484,0.3677,-1.0352,11.2227,20.08,119.65,126.26,1
25.492,0.48,-1.08,0.6523,0.4280,-0.7266,12.0625,20.08,119.03,125.19,1
25.510,0.38,-1.14,-0.5742,0.3935,-2.2617,8.5000,20.08,119.45,126.55,1
25.522,0.34,-1.17,-0.1523,0.2131,-0.3828,9.7305,20.08,119.50,125.98,1
25.540,0.24,-1.22,0.1133,0.1307,-0.9570,8.5820,20.08,119.60,125.39,1
25.559,0.14,-1.28,1.0352,0.3288,-1.0742,13.3672,20.08,118.69,125.42,1
25.571,0.10,-1.29,1.1875,0.4495,-0.3828,12.7578,20.08,119.73,125.08,1
25.590,0.00,-1.16,1.5703,0.7858,-1.4922,12.2227,20.08,116.17,121.52,1
25.608,-0.10,-0.99,-1.1094,0.4602,-0.6523,8.4609,20.08,116.99,124.30,1
25.622,-0.15,-0.93,-0.3437,0.2804,-1.3398,9.0039,20.08,118.91,124.18,1
25.639,-0.25,-0.84,-2.4141,-0.3906,0.1523,5.2539,20.08,118.53,121.24,1
25.662,-0.36,-0.75,0.0391,-0.5334,-1.1875,9.2656,20.08,117.81,126.44,1
25.673,-0.40,-0.75,0.0391,-0.4455,-1.1875,9.2656,20.08,120.83,125.17,1
25.690,-0.49,-0.72,0.8438,-0.1300,-0.8828,8.3125,20.08,120.29,124.18,1
25.709,-0.57,-0.70,-1.7227,-0.8534,-0.5742,6.1250,20.08,117.43,124.80,1
25.729,-0.62,-0.72,1.8398,-0.5527,-0.3437,15.0977,20.08,118.99,124.77,1
25.742,-0.71,-0.75,0.1914,-0.1551,-1.4570,9.9609,20.08,116.96,127.76,1
25.760,-0.80,-0.72,-1.2656,-0.1734,-0.5352,7.8945,20.08,117.67,123.66,1
25.778,-0.89,-0.69,-0.1914,-0.3080,-0.9570,10.0703,20.08,121.05,126.47,1
25.792,-0.92,-0.67,0.3828,-0.2442,-0.8047,8.0781,20.08,121.49,124.39,1
25.809,-1.00,-0.65,-1.3789,-0.4203,-0.5352,6.2070,20.08,121.26,125.30,1
25.829,-1.06,-0.72,-1.6484,-0.7518,-1.4180,5.7031,20.08,121.85,126.12,1
25.849,-1.12,-0.86,1.4570,-0.8692,-1.0742,11.1133,20.08,122.16,129.58,1
25.860,-1.15,-0.92,1.4570,-0.5119,-1.0742,11.1133,20.08,123.53,128.34,1
25.880,-1.22,-1.03,1.4570,0.1492,-0.1523,12.0625,20.08,122.22,127.76,1
25.900,-1.27,-1.09,-2.7578,0.1829,-2.0312,5.0586,20.08,122.20,128.29,1
25.912,-1.28,-1.17,-0.8828,-0.3179,0.4609,8.7383,20.08,121.04,125.50,1
25.930,-1.32,-1.31,-0.1133,-0.4166,-0.5742,9.1992,20.08,121.79,128.72,1
25.949,-1.35,-1.43,2.1836,0.1952,-0.6914,14.5977,20.08,120.58,124.72,1
25.962,-1.36,-1.46,-0.3047,0.3015,-0.5352,10.2266,20.08,118.96,125.17,1
25.979,-1.37,-1.48,1.6484,0.5271,-0.2305,14.0977,20.08,118.81,127.53,1
25.998,-1.39,-1.38,0.0391,0.4889,-0.5352,9.6914,20.08,120.32,122.80,1
26.013,-1.40,-1.35,1.1094,0.6263,-0.0781,10.8398,20.08,119.75,124.53,1
26.031,-1.42,-1.28,-2.6797,-0.0476,-0.3437,4.7109,20.08,120.09,124.98,1
26.052,-1.44,-1.31,1.4922,-0.1594,-0.1133,12.2227,20.08,121.20,124.89,1
26.069,-1.44,-1.24,3.1016,0.4377,-0.6133,14.6758,20.08,119.33,126.42,1
26.081,-1.46,-1.17,-1.6484,0.6473,-0.9961,7.4336,20.08,119.46,122.68,1
26.100,-1.46,-1.09,-1.6836,-0.0066,0.1133,8.3906,20.08,121.17,123.90,1
26.119,-1.47,-1.07,-3.4102,-0.9604,-0.3047,5.3633,20.08,120.44,124.53,1
26.132,-1.48,-1.12,0.6133,-1.0148,-0.2305,12.2617,20.08,117.08,128.30,1
26.150,-1.48,-1.14,0.4609,-0.5765,-0.1914,12.3398,20.08,120.34,127.08,1
26.169,-1.51,-1.14,0.0000,-0.3843,-0.6133,10.1484,20.08,120.02,125.64,1
26.183,-1.51,-1.14,0.0000,-0.3253,-0.6133,10.1484,20.08,119.25,123.17,1
26.201,-1.50,-1.20,0.9961,0.0061,-0.0391,12.3750,20.08,118.43,125.16,1
26.221,-1.50,-1.21,-0.4961,0.2083,-0.3828,8.0820,20.08,120.51,128.12,1
26.240,-1.51,-1.16,-0.2695,0.0267,-0.4961,6.4375,20.46,118.62,124.10,1
26.253,-1.51,-1.15,0.8438,0.0502,-0.7656,8.6172,20.46,118.55,123.58,1
26.270,-1.51,-1.12,-0.8828,0.1371,-0.3437,7.4727,20.46,120.29,121.98,1
26.288,-1.50,-1.16,-0.8047,-0.1933,-0.6914,8.4219,20.46,119.63,123.87,1
26.302,-1.50,-1.13,-1.9141,-0.4174,-0.8047,5.5195,20.46,117.32,123.95,1
26.320,-1.49,-1.17,-0.0781,-0.6950,-0.3828,8.8477,20.46,120.00,122.14,1
26.339,-1.48,-1.28,0.2305,-0.4164,-1.0742,11.5742,20.46,116.08,122.62,1
26.353,-1.48,-1.29,0.5352,-0.2926,-0.3828,13.2539,20.46,114.38,124.89,1
26.370,-1.45,-1.24,0.1523,-0.0952,-0.9961,12.8711,20.46,115.67,126.17,1
26.388,-1.43,-1.12,0.6914,0.0943,-1.6484,10.5312,20.46,117.87,245.82,1
26.410,-1.37,-1.20,-0.7266,-1.2149,-0.1914,11.1133,20.46,115.43,123.53,1
26.421,-1.36,-1.22,-0.7266,-1.1399,-0.1914,11.1133,20.46,115.54,125.58,1
26.440,-1.31,-1.22,1.9531,-0.6214,-0.6914,12.5273,20.46,117.94,126.18,1
26.460,-1.26,-1.15,1.9531,0.1088,-0.6914,12.5273,20.46,118.01,124.52,1
26.472,-1.21,-1.17,-3.4102,0.0879,-0.8047,3.8672,20.46,120.00,123.58,1
26.490,-1.14,-1.35,0.3437,-0.6039,0.5352,8.6211,20.46,120.54,126.26,1
26.508,-1.07,-1.53,2.1445,0.1177,0.1914,13.6367,20.46,116.85,126.77,1
26.523,-1.04,-1.58,1.0742,0.3434,-1.3789,11.2969,20.46,115.22,124.36,1
26.540,-0.97,-1.59,-0.2695,0.2952,-0.3047,11.7617,20.46,113.91,120.38,1
26.559,-0.90,-1.52,-1.6484,-0.1702,0.0391,9.6523,20.46,116.85,118.20,1
26.579,-0.81,-1.42,-1.0742,-0.5196,-0.8828,9.5391,20.46,113.70,116.10,1
26.591,-0.75,-1.36,-1.0742,-0.6048,-0.8828,9.5391,20.46,112.84,116.85,1
26.611,-0.68,-1.27,-2.2969,-0.8626,-0.1523,6.4727,20.46,115.14,120.32,1
26.630,-0.59,-1.24,-2.8359,-1.3125,-0.7266,6.0859,20.46,114.08,116.59,1
26.642,-0.54,-1.30,-0.0781,-1.4291,-0.8828,12.5273,20.46,113.19,120.08,1
26.660,-0.45,-1.28,-0.1133,-1.0487,-0.9180,10.5312,20.46,114.29,119.77,1
26.679,-0.34,-1.25,0.1523,-0.6710,-0.9180,10.2656,20.46,114.42,118.57,1
26.693,-0.27,-1.24,-0.1914,-0.5721,-0.5352,9.8086,20.46,113.68,119.57,1
26.710,-0.17,-1.18,1.5703,-0.0524,0.1523,12.5625,20.46,112.98,119.57,1
26.728,-0.08,-1.08,-0.7656,-0.1092,0.3047,8.2383,20.46,113.10,117.74,1
26.751,-0.02,-1.00,-2.4883,-0.8611,0.9570,6.8242,20.46,113.88,116.71,1
26.761,0.00,-0.99,-2.4883,-1.1111,0.9570,6.8242,20.46,114.21,117.36,1
26.782,0.04,-0.98,-2.4531,-1.3288,0.6523,7.3125,20.46,111.62,118.82,1
26.800,0.06,-1.04,-2.4883,-1.6505,0.3828,5.5156,20.46,115.02,119.15,1
26.812,0.07,-1.09,-3.2930,-1.9003,-0.0781,5.8984,20.46,113.15,120.60,1
26.830,0.06,-1.32,1.5703,-1.9062,1.7617,14.0547,20.46,112.79,117.62,1
26.849,0.02,-1.49,-2.3750,-1.5941,-0.6133,10.0703,20.46,114.09,117.27,1
26.869,-0.04,-1.73,-2.8711,-1.9254,-0.9180,8.6992,20.46,111.97,122.96,1
26.881,-0.05,-1.86,-0.7266,-1.6601,0.6133,9.0820,20.46,114.73,119.52,1
26.899,-0.13,-2.09,2.8711,-0.5456,-0.0781,15.9375,20.46,112.15,120.09,1
26.922,-0.22,-2.23,1.2656,-0.1407,-1.6094,10.7656,20.46,111.84,120.96,1
26.931,-0.26,-2.29,1.2656,0.0753,-1.6094,10.7656,20.46,113.58,118.08,1
26.948,-0.34,-2.37,1.1875,0.3956,-0.3047,10.0703,20.46,113.28,118.20,1
26.970,-0.44,-2.42,-1.7227,0.2126,-0.6523,4.9375,20.46,110.50,118.93,1
26.983,-0.49,-2.47,1.5703,0.0477,-0.6523,11.0312,20.46,109.33,117.67,1
27.000,-0.58,-2.54,2.6445,0.5655,-1.3008,13.1016,20.46,111.20,116.33,1
27.019,-0.67,-2.51,0.5742,0.8161,-1.1484,10.9141,20.46,109.59,114.47,1
27.033,-0.72,-2.47,-0.5742,0.6707,-1.3789,9.1992,20.46,109.43,116.71,1
27.050,-0.79,-2.35,-0.2305,0.3451,-0.1133,9.6133,20.46,107.70,112.46,1
27.069,-0.89,-2.22,-0.0781,0.1826,-1.5703,10.9922,20.46,107.00,112.93,1
27.092,-0.96,-2.09,-0.3828,-0.1724,-0.4219,12.9844,20.46,105.32,112.52,1
27.101,-1.00,-2.00,-0.3828,-0.2048,-0.4219,12.9844,20.46,101.66,109.97,1
27.119,-1.08,-1.78,0.0000,-0.1705,-1.0352,14.3984,20.46,102.50,108.74,1
27.140,-1.16,-1.44,-1.3789,-0.2329,-0.4961,9.8047,20.46,104.71,109.81,1
27.152,-1.20,-1.29,-1.3789,-0.4089,-0.4961,9.8047,20.46,104.40,108.37,1
27.172,-1.28,-1.02,-1.3789,-1.1510,-0.6523,6.3203,20.46,107.04,109.35,1
27.190,-1.37,-0.85,-3.2930,-1.3687,-0.5352,5.4805,20.46,107.76,110.84,1
27.203,-1.41,-0.85,-1.0352,-1.6140,-0.4219,7.8945,20.46,108.42,112.84,1
27.221,-1.49,-0.78,-0.9961,-1.4467,-0.8047,6.3984,20.46,108.15,113.97,1
27.239,-1.58,-0.77,0.9180,-0.8695,-0.4961,9.6914,20.33,108.53,113.92,1
27.263,-1.67,-0.81,2.4141,-0.2184,-0.7266,13.1055,20.33,108.53,113.69,1
27.272,-1.71,-0.81,2.4141,0.1860,-0.7266,13.1055,20.33,106.92,114.23,1
27.289,-1.80,-0.66,1.2266,0.5551,-1.0742,9.5781,20.33,105.73,113.25,1
27.310,-1.88,-0.47,-2.8359,0.3989,-0.4609,2.8359,20.33,106.32,111.30,1
27.322,-1.90,-0.44,-2.8359,-0.0980,-0.4609,2.8359,20.33,106.59,110.45,1
27.341,-1.98,-0.42,0.5352,-0.3012,-0.8047,10.3086,20.33,107.76,109.54,1
27.360,-2.05,-0.33,-0.0391,-0.1100,-0.8047,10.1523,20.33,104.66,111.36,1
27.373,-2.09,-0.29,-1.9922,-0.2505,-0.9180,6.8945,20.33,105.88,111.20,1
27.390,-2.14,-0.23,-0.9570,-0.6617,-1.1094,8.5391,20.33,106.46,110.67,1
27.408,-2.19,-0.19,-2.1055,-1.0165,-0.3047,7.8125,20.33,106.96,109.71,1
27.428,-2.23,-0.21,-1.2266,-1.1308,-0.7266,7.9727,20.33,105.67,110.83,1
27.441,-2.25,-0.20,0.9961,-0.6601,-0.6523,12.2578,20.33,105.47,112.66,1
27.459,-2.29,-0.21,-1.2266,-0.6823,-1.1094,8.0781,20.33,103.68,110.36,1
27.482,-2.31,-0.21,-0.5742,-0.6208,-1.3398,10.7266,20.33,104.09,111.36,1
27.492,-2.32,-0.20,-0.5742,-0.6137,-1.3398,10.7266,20.33,103.32,110.94,1
27.512,-2.31,-0.17,-2.0312,-0.3111,-0.4961,8.5000,20.33,105.99,111.97,1
27.530,-2.30,-0.15,-0.0781,-0.6427,-0.3828,9.3867,20.33,106.63,112.22,1
27.543,-2.29,-0.12,-0.7266,-0.5697,-0.8047,7.5078,20.33,108.11,109.95,1
27.560,-2.28,-0.13,-2.4883,-0.7551,-0.3047,5.0586,20.33,107.32,112.64,1
27.578,-2.26,-0.23,-1.9141,-1.2189,-0.4609,6.5078,20.33,106.18,113.92,1
27.599,-2.22,-0.34,2.9492,-0.3397,-0.7266,14.5547,20.33,107.48,112.52,1
27.611,-2.22,-0.34,1.4180,-0.0698,-0.4961,12.4102,20.33,105.35,112.08,1
27.628,-2.17,-0.33,0.0000,0.1236,-0.7656,12.1055,20.33,104.89,109.35,1
27.652,-2.13,-0.22,0.4609,-0.0924,-1.0742,10.6523,20.33,103.82,110.38,1
27.662,-2.11,-0.21,0.4609,-0.0074,-1.0742,10.6523,20.33,103.89,110.88,1
27.679,-2.07,-0.18,-0.9570,-0.1884,-0.6914,8.3164,20.33,105.04,108.07,1
27.700,-2.01,-0.16,-0.0391,-0.6175,-0.2695,9.1602,20.33,106.50,108.26,1
27.714,-1.98,-0.13,-0.0391,-0.4895,-0.0391,10.8008,20.33,106.38,108.83,1
27.730,-1.91,-0.13,-0.3437,-0.3861,-0.1133,7.7734,20.33,104.69,110.60,1
27.750,-1.89,-0.13,-0.3828,-0.3801,-0.5352,8.0078,20.33,104.61,110.11,1
27.769,-1.80,-0.16,0.7266,-0.1355,0.1133,9.7656,20.33,105.03,109.34,1
27.781,-1.76,-0.17,0.7656,0.0000,-1.3008,11.0742,20.33,104.60,109.94,1
27.799,-1.69,-0.13,0.2305,0.1426,0.1523,10.4961,20.33,103.51,112.37,1
27.823,-1.61,-0.12,-0.3828,-0.1883,-0.5352,9.3867,20.33,103.71,109.85,1
27.832,-1.56,-0.14,-0.3828,-0.2182,-0.5352,9.3867,20.33,104.00,111.61,1
27.849,-1.47,-0.17,-0.4219,-0.2735,0.0781,10.4180,20.33,105.63,111.17,1
27.871,-1.38,-0.18,-0.3828,-0.4310,0.4609,11.1484,20.33,105.95,111.23,1
27.891,-1.28,-0.20,0.1523,-0.2962,-1.6484,8.8437,20.33,105.94,111.20,1
27.902,-1.23,-0.22,-0.1523,-0.2213,0.2695,9.8477,20.33,104.08,109.64,1
27.921,-1.12,-0.29,-1.9922,-0.3489,-0.8047,7.1680,20.33,104.00,111.43,1
27.939,-1.02,-0.32,0.5742,-0.3412,0.7266,9.9609,20.33,105.86,111.25,1
27.951,-0.96,-0.33,1.3398,-0.1393,0.5352,11.3008,20.33,105.05,108.78,1
27.969,-0.88,-0.34,0.1523,0.1022,-0.1133,9.3867,20.33,104.14,109.90,1
27.989,-0.83,-0.23,0.5352,0.2011,0.3437,10.5312,20.33,104.04,107.68,1
28.002,-0.82,-0.16,0.6523,0.3010,-0.6133,10.0742,20.33,105.26,108.51,1
28.019,-0.77,-0.08,-1.6836,-0.1163,-0.0391,5.2148,20.33,107.27,109.49,1
28.043,-0.72,-0.11,1.9922,-0.1636,0.0391,11.4570,20.33,107.15,109.54,1
28.053,-0.70,-0.12,1.9922,0.1676,0.0391,11.4570,20.33,106.03,109.17,1
28.072,-0.68,-0.09,-0.6914,0.3172,1.3789,9.8437,20.33,104.36,110.95,1
28.090,-0.66,-0.07,0.1523,0.0987,-0.9570,7.8164,20.33,104.89,111.20,1
28.104,-0.64,-0.06,-0.0781,0.0921,1.2656,11.9844,20.33,102.95,111.12,1
28.121,-0.62,-0.04,0.2695,0.0716,-0.9961,9.0430,20.33,103.53,112.18,1
28.140,-0.62,-0.01,-0.3828,-0.0053,-0.4961,9.9648,20.33,103.58,111.04,1
28.160,-0.64,0.02,-1.8008,-0.4262,-0.0781,7.2773,20.33,103.47,110.75,1
28.172,-0.64,0.02,0.6914,-0.2545,-1.4570,10.4961,20.33,103.51,111.96,1
28.189,-0.64,0.07,1.1094,0.1605,0.3828,12.8672,20.33,103.36,109.45,1
28.211,-0.65,0.12,-2.1445,-0.0802,0.4219,8.7383,20.33,104.77,109.11,1
28.223,-0.66,0.17,-2.1445,-0.3972,0.4219,8.7383,20.33,106.29,110.19,1
28.240,-0.67,0.18,0.3437,-0.3421,-1.6094,7.0859,18.39,105.99,109.08,1
28.261,-0.70,0.17,0.0000,-0.0112,-1.1484,9.3086,18.39,101.81,110.25,1
28.274,-0.71,0.19,-0.7266,-0.0669,-0.6914,8.0781,18.39,103.82,108.89,1
28.291,-0.74,0.22,0.4609,-0.1590,-0.1914,10.5352,18.39,105.22,109.36,1
28.310,-0.75,0.26,-0.0781,-0.0660,-1.1875,6.5469,18.39,106.03,111.14,1
28.329,-0.82,0.34,0.2695,0.0075,-0.4961,10.9141,18.39,104.98,109.77,1
28.342,-0.84,0.37,-1.0352,-0.0566,-0.7656,8.0781,18.39,105.94,107.76,1
28.360,-0.89,0.41,0.6523,-0.0167,-0.0781,10.3867,18.39,106.44,107.78,1
28.381,-0.94,0.49,-1.4570,0.0267,-0.3437,7.4727,18.39,104.91,110.60,1
28.393,-0.97,0.51,-1.4570,-0.2012,-0.3437,7.4727,18.39,105.76,110.66,1
28.410,-1.02,0.55,-1.6094,-0.5911,-0.7656,7.3164,18.39,104.05,110.13,1
28.430,-1.07,0.53,-0.2305,-0.2877,0.0391,11.1875,18.39,103.66,110.55,1
28.450,-1.11,0.55,-0.4961,-0.3123,-1.3398,8.3516,18.39,103.33,110.41,1
28.461,-1.17,0.58,0.8828,-0.2302,-0.6133,11.0742,18.39,102.67,110.28,1
28.480,-1.23,0.66,0.8828,0.0854,-0.6133,11.0742,18.39,105.04,108.35,1
28.499,-1.27,0.69,-1.3398,-0.1346,-0.4609,8.2383,18.39,104.41,107.79,1
28.512,-1.30,0.71,0.5352,-0.1697,-1.3008,9.1172,18.39,104.66,108.08,1
28.529,-1.34,0.70,-0.3047,-0.1153,-0.9570,9.7266,18.39,104.12,109.31,1
28.549,-1.38,0.66,-1.0352,-0.3307,-0.3828,9.0430,18.39,103.68,109.65,1
28.563,-1.39,0.64,0.3828,-0.1728,-1.2656,9.7266,18.39,103.10,110.57,1
28.580,-1.40,0.65,0.3437,-0.0238,-0.2695,10.9531,18.39,102.89,110.36,1
28.601,-1.40,0.61,0.5352,-0.0830,-0.2695,10.0742,18.39,103.25,110.13,1
28.619,-1.40,0.63,-0.6914,-0.0058,-1.6484,9.2305,18.39,103.58,110.41,1
28.631,-1.39,0.65,-0.4961,-0.1419,-0.3047,8.1172,18.39,104.70,110.40,1
28.651,-1.39,0.68,1.1094,-0.1139,-0.8438,10.4961,18.39,106.25,110.10,1
28.669,-1.35,0.69,1.0742,0.2953,-1.0742,9.4219,18.39,105.14,111.61,1
28.682,-1.33,0.72,-0.6523,0.2769,-0.0391,9.2656,18.39,107.01,110.33,1
28.699,-1.28,0.75,0.9570,0.3162,0.1133,9.6914,18.39,104.12,109.03,1
28.721,-1.27,0.78,-0.1133,0.2937,-0.7266,7.7734,18.39,106.59,111.77,1
28.733,-1.24,0.78,-0.4961,0.1189,-0.4961,8.5039,18.39,104.65,111.83,1
28.751,-1.20,0.79,1.3398,0.3508,-0.2695,11.3359,18.39,105.08,110.91,1
28.772,-1.15,0.82,-2.2227,0.4030,1.4570,8.8477,18.39,106.10,108.57,1
28.790,-1.13,0.80,-1.4570,-0.2804,-0.9570,6.2852,18.39,104.01,108.90,1
28.802,-1.10,0.75,2.2617,-0.2433,0.7266,17.5078,18.39,106.17,109.36,1
28.820,-1.07,0.80,0.9180,0.3596,-0.6133,11.6445,18.39,104.82,111.43,1
28.839,-1.05,0.96,-1.5313,0.0079,0.3047,6.9727,18.39,106.13,108.87,1
28.852,-1.05,0.99,-3.1445,-0.3575,-0.8828,1.8008,18.39,107.99,108.42,1
28.870,-1.02,0.96,-0.1133,-0.6824,0.3437,11.3359,18.39,105.13,112.50,1
28.889,-0.99,0.80,-0.4219,-0.5893,0.1914,9.5820,18.39,105.11,112.69,1
28.903,-0.98,0.78,-0.1133,-0.4839,-1.2656,9.4609,18.39,104.76,113.95,1
28.920,-0.96,0.70,1.3789,-0.0273,0.3828,12.1445,18.39,105.34,113.82,1
28.943,-0.93,0.66,2.6445,0.5223,-0.4219,13.4102,18.39,105.69,111.89,1
28.954,-0.91,0.66,2.6445,0.8483,-0.4219,13.4102,18.39,105.57,112.23,1
28.972,-0.87,0.69,0.9570,0.4444,0.5352,8.8125,18.39,106.16,112.17,1
28.990,-0.81,0.74,1.0352,0.5961,-0.3437,10.6094,18.39,108.58,111.51,1
29.009,-0.77,0.79,0.5742,0.6437,-0.4609,8.8828,18.39,106.33,111.46,1
29.022,-0.75,0.82,-0.0781,0.5809,-1.2266,8.2773,18.39,105.85,111.74,1
29.040,-0.69,0.92,-0.6523,0.2291,-0.6133,9.9648,18.39,103.77,108.62,1
29.059,-0.61,1.01,0.5352,0.2419,-0.6133,9.6484,18.39,104.32,109.19,1
29.073,-0.58,1.07,0.2305,0.2626,-1.0352,11.2617,18.39,104.04,107.81,1
29.091,-0.50,1.20,-0.1133,0.1756,0.2695,10.1484,18.39,104.08,107.43,1
29.113,-0.40,1.28,-1.0352,-0.3633,0.9180,10.1484,18.39,106.07,109.97,1
29.124,-0.35,1.34,-1.0352,-0.4665,0.9180,10.1484,18.39,105.86,107.38,1
29.150,-0.18,1.40,-0.0391,-0.4908,-0.4219,12.6797,18.39,103.75,108.20,1
29.160,-0.11,1.44,0.0391,-0.4151,-1.0352,10.4531,18.39,103.95,110.55,1
29.180,0.02,1.55,-1.4180,-0.5827,-1.5313,8.8437,18.39,103.44,109.23,1
29.192,0.08,1.60,-3.4102,-0.8704,-0.6914,5.0195,18.39,104.31,108.45,1
29.211,0.22,1.57,-2.3750,-1.5079,-0.5352,6.7812,18.39,105.85,111.83,1
29.229,0.38,1.47,-0.2305,-1.3289,-0.1523,9.4258,18.00,105.20,114.12,1
29.243,0.46,1.40,-2.3359,-1.3286,-0.8047,6.1289,18.00,106.33,114.63,1
29.260,0.64,1.21,-1.0742,-1.3928,-0.6523,6.3594,18.00,106.51,113.93,1
29.280,0.82,1.00,1.6094,-0.7085,-0.0781,13.0234,18.00,107.43,114.85,1
29.303,1.00,0.83,-0.1523,-0.2139,-0.3437,7.3555,18.00,107.61,114.13,1
29.311,1.11,0.75,-0.1523,-0.2045,-0.3437,7.3555,18.00,108.38,114.71,1
29.331,1.31,0.57,3.1797,-0.0903,0.3047,13.9062,18.00,106.53,113.22,1
29.350,1.51,0.49,2.2969,0.7664,-0.4219,12.0234,18.00,106.13,112.69,1
29.362,1.62,0.47,0.1133,0.9305,0.0781,9.9219,18.00,103.89,109.87,1
29.381,1.82,0.47,-1.0742,0.6037,0.0781,8.1562,18.00,102.69,109.78,1
29.400,2.02,0.51,-0.2695,0.2098,0.0391,10.6484,18.00,102.27,108.61,1
29.413,2.12,0.56,-1.3008,0.0536,0.1523,10.0703,18.00,102.28,217.91,1
29.430,2.31,0.65,-2.1836,-0.6035,-0.1133,8.0117,18.00,102.72,104.72,1
29.449,2.51,0.70,-2.1055,-1.0343,1.3789,10.2656,18.00,102.57,107.22,1
29.471,2.72,0.75,-0.2695,-1.3459,1.0742,11.6406,18.00,101.48,107.31,1
29.481,2.82,0.78,-0.2695,-1.1805,1.0742,11.6406,18.00,101.72,106.99,1
29.502,3.01,0.87,-1.9922,-0.9998,1.3398,8.4609,18.00,98.89,105.71,1
29.521,3.15,0.94,-0.2695,-1.1434,1.2266,11.5742,18.00,100.64,107.11,1
29.532,3.20,0.99,-2.2227,-1.1063,-0.0391,6.8555,18.00,102.75,106.52,1
29.551,3.30,1.00,-0.0781,-1.2513,1.8789,11.0742,18.00,102.90,106.64,1
29.569,3.37,1.01,-0.6133,-0.9698,0.0391,8.8477,18.00,103.38,108.10,1
29.583,3.40,1.00,-0.1133,-0.8750,1.4180,10.6484,18.00,103.75,106.77,1
29.602,3.42,0.95,-0.6914,-0.7433,0.1523,7.9687,18.00,102.99,109.88,1
29.620,3.41,0.90,-0.8047,-0.7507,0.1523,8.6172,18.00,102.32,110.46,1
29.643,3.40,0.82,-1.4922,-0.8551,-1.0742,8.3516,18.00,102.65,109.09,1
29.651,3.38,0.75,-1.4922,-0.9530,-1.0742,8.3516,18.00,101.62,111.67,1
29.673,3.32,0.63,-1.9141,-1.1244,-1.0352,9.7266,18.00,101.48,109.21,1
29.693,3.29,0.58,-1.3008,-1.2993,0.3828,11.1133,18.00,102.43,109.47,1
29.703,3.23,0.46,-0.6523,-1.2478,0.8438,8.2773,18.00,103.62,109.11,1
29.720,3.16,0.34,-1.2656,-1.1280,-0.7266,8.7734,18.00,102.48,108.98,1
29.740,3.07,0.18,-1.3008,-1.1827,0.3047,7.9297,18.00,101.63,109.76,1
29.753,3.01,0.07,0.8047,-1.0324,0.2305,11.4141,18.00,100.53,109.76,1
29.770,2.86,-0.10,0.7266,-0.4234,-0.7656,10.5703,18.00,102.48,107.27,1
29.789,2.71,-0.22,0.0000,-0.1921,-0.4219,10.7266,18.00,99.14,106.85,1
29.812,2.54,-0.31,-0.6133,-0.2536,-0.1523,9.5430,18.00,99.08,105.44,1
29.822,2.44,-0.34,-0.6133,-0.3089,-0.1523,9.5430,18.00,101.66,106.01,1
29.839,2.25,-0.47,0.1523,-0.2258,-0.6523,10.1914,18.00,101.50,105.88,1
29.860,2.03,-0.58,-1.6836,-0.6035,0.3437,7.6250,18.00,101.24,106.13,1
29.872,1.91,-0.68,-1.6836,-0.7694,0.3437,7.6250,18.00,100.18,105.52,1
29.891,1.69,-0.81,1.1875,-0.4722,-1.9141,11.1133,18.00,99.87,108.26,1
29.910,1.58,-0.87,0.0781,-0.1719,-0.1523,10.5742,18.00,99.92,107.93,1
29.923,1.35,-0.94,-0.3437,-0.1503,-0.8047,7.8125,18.00,100.21,104.72,1
29.940,1.13,-1.03,-0.0391,-0.1808,-2.1055,10.0312,18.00,99.48,104.56,1
29.959,0.92,-1.11,2.2969,0.3845,-0.6914,14.7852,18.00,97.49,102.54,1
29.979,0.72,-1.05,1.8008,0.8171,-1.9922,14.3320,18.00,95.58,101.21,1
29.991,0.62,-0.95,-1.5313,0.2973,-1.6836,9.6484,18.00,95.49,100.83,1
30.009,0.44,-0.83,-1.3008,-0.1702,-1.1875,7.6953,18.00,96.99,100.99,1
30.030,0.27,-0.70,-1.1875,-0.0472,-0.4219,8.6992,18.00,95.90,102.11,1
30.042,0.18,-0.62,-1.1875,-0.2223,-0.4219,8.6992,18.00,95.85,99.92,1
30.063,0.02,-0.45,-2.1445,-0.4742,-1.8398,7.4336,18.00,93.82,99.19,1
30.080,-0.12,-0.34,-2.7969,-1.0001,-1.0742,5.8594,18.00,93.86,98.94,1
30.093,-0.18,-0.31,1.6836,-1.0393,-0.6914,13.9102,18.00,93.77,100.42,1
30.111,-0.31,-0.19,-0.1914,-0.4171,-1.3008,11.3750,18.00,93.50,98.74,1
30.130,-0.43,-0.03,-1.5313,-0.6367,-0.5742,8.4219,18.00,93.22,98.38,1
30.149,-0.56,0.10,-2.8359,-1.1791,-0.6914,6.7070,18.00,92.06,98.65,1
30.161,-0.62,0.16,-0.6133,-1.0539,-0.8438,10.0742,18.00,90.85,98.15,1
30.179,-0.74,0.33,-0.7656,-0.9627,-0.1133,9.3086,18.00,92.32,95.63,1
30.201,-0.85,0.47,-1.4180,-1.2865,-0.4219,8.3164,18.00,93.01,95.13,1
30.212,-0.91,0.50,-1.4180,-1.3067,-0.4219,8.3164,18.00,92.71,94.04,1
30.233,-1.01,0.56,-2.2227,-1.5490,0.0000,8.3945,18.00,90.69,97.33,1
30.252,-1.13,0.61,-2.0312,-1.7247,0.7266,7.0078,17.87,90.43,97.46,1
30.263,-1.20,0.64,-1.4570,-1.7466,0.1914,8.1562,17.87,92.46,94.52,1
30.282,-1.35,0.63,-0.4609,-1.5848,-0.2305,10.4180,17.87,90.82,96.00,1
30.299,-1.49,0.62,-1.6836,-1.4722,-0.3828,7.6602,17.87,90.53,94.92,1
30.314,-1.56,0.61,-0.5742,-1.4160,-0.9961,10.7266,17.87,89.98,96.23,1
30.332,-1.63,0.63,-2.1836,-1.4244,-0.1133,7.4336,17.87,90.93,95.50,1
30.349,-1.85,0.62,-0.1914,-1.2424,-0.8438,9.1992,17.87,90.07,94.46,1
30.371,-2.00,0.59,-2.0312,-1.2261,-0.7266,7.5508,17.87,89.02,94.28,1
30.382,-2.07,0.58,-2.0312,-1.3498,-0.7266,7.5508,17.87,87.66,92.85,1
30.403,-2.20,0.56,-0.5352,-1.1968,-0.6133,10.5312,17.87,88.53,94.67,1
30.420,-2.33,0.59,-1.2266,-1.0644,-1.3008,9.9258,17.87,87.14,93.22,1
30.433,-2.39,0.59,-2.1445,-1.1738,-0.0781,9.7695,17.87,85.38,91.50,1
30.451,-2.50,0.60,-2.4531,-1.4738,-0.2695,9.0781,17.87,86.01,91.14,1
30.470,-2.56,0.63,-0.9180,-1.5157,-1.1484,11.2617,17.87,85.06,90.42,1
30.490,-2.76,0.71,-3.0664,-1.8217,-0.8047,7.9336,17.87,84.40,90.16,1
30.501,-2.81,0.74,-1.1484,-1.8594,-0.4219,9.9219,17.87,83.06,89.52,1
30.519,-2.93,0.73,-2.9492,-2.0156,-0.9180,6.9297,17.87,83.04,88.06,1
30.543,-3.05,0.78,-0.5742,-1.8711,-0.6914,11.3008,17.87,82.18,87.31,1
30.552,-3.12,0.81,-0.5742,-1.6719,-0.6914,11.3008,17.87,80.19,87.55,1
30.570,-3.25,0.87,-2.4141,-1.7677,-0.3047,10.3867,17.87,81.40,85.07,1
30.591,-3.39,0.96,-3.6406,-1.7957,-0.4609,7.4297,17.87,80.87,83.92,1
30.611,-3.52,0.99,-1.8398,-2.0262,-0.1133,7.7734,17.87,81.01,84.90,1
30.622,-3.60,0.98,-1.0742,-1.9363,-0.8047,9.8477,17.87,81.35,86.99,1
30.641,-3.75,0.94,-1.0742,-1.6918,-0.2695,7.8125,17.87,81.97,84.35,1
30.654,-3.82,0.87,0.7266,-1.4111,-0.1523,13.3711,17.87,80.28,86.72,1
30.671,-3.96,0.82,-0.0391,-0.8661,-0.6133,12.3359,17.87,80.28,86.42,1
30.690,-4.08,0.85,-0.8438,-0.7622,-0.1914,11.4961,17.87,80.03,85.90,1
30.710,-4.23,0.91,-1.6484,-0.9634,-0.9180,7.7383,17.87,79.19,82.65,1
30.722,-4.30,0.91,-2.8711,-1.3856,-0.1914,8.0078,17.87,77.89,83.20,1
30.741,-4.45,1.00,-0.4961,-1.2813,-1.1875,8.7773,17.87,77.78,84.22,1
30.761,-4.58,1.06,0.6914,-1.2054,-0.6914,11.3008,17.87,77.35,80.60,1
30.773,-4.66,1.12,0.6914,-0.9140,-0.6914,11.3008,17.87,75.61,81.14,1
30.793,-4.81,1.21,-0.6133,-1.2903,0.1914,10.7695,17.87,76.83,79.87,1
30.811,-4.96,1.35,-2.3359,-1.2361,-1.2656,8.0820,17.87,74.61,78.41,1
30.830,-5.12,1.46,-1.7617,-1.4840,-0.9570,6.8555,17.87,74.99,75.83,1
30.841,-5.20,1.47,-1.1094,-1.4744,-0.1914,10.2656,17.87,76.22,78.93,1
30.860,-5.37,1.54,-1.5313,-1.4434,-0.9961,7.4687,17.87,73.50,79.96,1
30.880,-5.52,1.52,-2.9102,-1.7734,0.0781,6.7422,17.87,75.89,78.19,1
30.892,-5.61,1.50,-1.4570,-1.7034,-1.6094,8.8828,17.87,75.20,80.62,1
30.910,-5.78,1.46,-2.1445,-1.7857,0.6133,7.1641,17.87,75.32,78.76,1
30.932,-5.98,1.40,-0.4219,-0.9359,-0.6133,10.4961,17.87,74.90,79.43,1
30.943,-6.06,1.38,-0.4219,-0.8570,-0.6133,10.4961,17.87,73.28,80.88,1
30.963,-6.25,1.36,-1.6094,-0.8187,-0.6133,10.9570,17.87,73.28,78.13,1
30.981,-6.44,1.42,-1.6094,-1.0430,-1.0352,9.9609,17.87,73.09,77.32,1
30.994,-6.55,1.48,-1.4922,-1.1589,-0.1914,9.7305,17.87,71.75,154.13,1
31.013,-6.63,1.47,-1.1094,-1.1795,-2.1445,11.2578,17.87,72.73,74.27,1
31.030,-6.83,1.49,-3.6406,-1.5484,-0.1523,5.7070,17.87,72.54,76.46,1
31.050,-7.10,1.41,-1.0352,-1.5652,-1.0352,9.9648,17.87,71.12,77.60,1
31.062,-7.19,1.38,-1.0352,-1.4838,-1.0352,9.9648,17.87,70.70,76.09,1
31.080,-7.38,1.37,0.0781,-1.0844,-1.4180,12.1445,17.87,70.86,76.79,1
31.103,-7.58,1.41,-4.8320,-1.5645,-0.1523,3.2187,17.87,72.00,75.86,1
31.113,-7.68,1.40,-4.8320,-2.0664,-0.1523,3.2187,17.87,72.16,74.66,1
31.133,-7.88,1.33,-0.9570,-1.8403,-0.5352,8.7383,17.87,69.84,75.59,1
31.151,-8.07,1.20,-0.6523,-1.5654,-1.0742,8.7344,17.87,71.26,75.36,1
31.170,-8.30,1.16,-2.1836,-1.5930,-1.4180,6.5859,17.87,69.51,73.80,1
31.181,-8.40,1.12,-1.2266,-1.6072,-1.0352,7.5469,17.87,70.72,74.45,1
31.201,-8.51,1.09,-0.7266,-1.4224,-0.8438,9.1953,17.87,68.54,72.82,1
31.220,-8.83,1.07,1.8398,-0.6172,-1.7617,13.9805,17.87,65.88,71.34,1
31.232,-8.94,1.11,0.1133,-0.3779,-0.4609,12.1836,17.87,66.56,70.67,1
31.249,-9.15,1.25,-0.5352,-0.3540,-0.9961,10.9922,14.98,64.91,68.98,1
31.274,-9.36,1.39,-2.0312,-0.9411,-0.4961,8.1562,14.98,65.66,69.09,1
31.283,-9.47,1.47,-2.0312,-1.1085,-0.4961,8.1562,14.98,64.65,67.13,1
31.301,-9.67,1.56,-2.1055,-1.3866,-1.0352,8.3945,14.98,65.37,68.02,1
31.321,-9.89,1.65,-1.6836,-1.6479,-0.5742,9.2656,14.98,63.24,68.54,1
31.343,-10.12,1.75,-2.4883,-1.8381,-1.5313,8.2773,14.98,64.16,66.53,1
31.353,-10.23,1.78,-0.9570,-1.8155,-0.4961,10.2305,14.98,62.92,68.20,1
31.371,-10.47,1.86,-2.2617,-1.6764,-0.3828,9.2656,14.98,63.89,65.66,1
31.390,-10.71,1.93,-0.9961,-1.5959,-0.9180,10.7656,14.98,62.94,67.44,1
31.402,-10.83,1.97,-1.3789,-1.5344,-0.5352,9.8867,14.98,61.16,66.21,1
31.419,-11.08,2.05,-0.8828,-1.3716,-1.9141,11.9570,14.98,61.16,65.93,1
31.439,-11.29,2.11,-2.2617,-1.5381,-1.2266,9.3477,14.98,60.99,64.84,1
31.453,-11.41,2.14,-1.0352,-1.4268,-1.1094,11.3789,14.98,61.10,63.90,1
31.470,-11.64,2.26,-1.2266,-1.3581,-1.8008,11.5703,14.98,59.60,63.90,1
31.493,-11.85,2.34,-1.4180,-1.5740,-1.4922,11.4180,14.98,59.98,62.34,1
31.504,-11.95,2.41,-1.4180,-1.5500,-1.4922,11.4180,14.98,59.20,62.86,1
31.522,-12.15,2.52,-1.0742,-2.0390,-1.0352,9.9258,14.98,59.70,61.87,1
31.542,-12.37,2.64,-2.0312,-1.8420,-1.2266,9.0391,14.98,58.47,63.09,1
31.559,-12.55,2.74,-1.7227,-1.8382,-1.4570,8.3945,14.98,59.03,61.29,1
31.572,-12.64,2.78,-1.4570,-1.7992,-0.9570,9.1953,14.98,57.68,62.49,1
31.590,-12.80,2.85,-1.4570,-1.6826,-1.4570,8.6602,14.98,58.47,60.92,1
31.610,-12.95,2.89,-1.1875,-1.5589,-1.0352,9.5430,14.98,57.25,60.81,1
31.623,-13.04,2.93,-1.1875,-1.4767,-1.5313,9.1172,14.98,57.87,61.19,1
31.640,-13.19,2.99,-0.7266,-1.2761,-2.5664,8.8125,14.98,57.87,60.71,1
31.663,-13.32,3.10,-1.3789,-1.2189,-1.3398,6.2852,14.98,58.03,60.34,1
31.674,-13.38,3.12,-1.3789,-1.2435,-1.3398,6.2852,14.98,57.46,62.37,1
31.692,-13.49,3.15,0.1914,-0.9533,-1.3398,9.4258,14.98,57.46,59.93,1
31.710,-13.59,3.14,-0.3047,-0.6683,-1.1484,8.8477,14.98,58.25,62.72,1
31.730,-13.69,3.15,-0.1133,-0.5020,-3.1016,9.5000,14.98,58.09,62.13,1
31.742,-13.74,3.16,-0.8438,-0.5007,-0.8047,9.0000,14.98,56.93,61.18,1
31.760,-13.79,3.18,-1.3789,-0.6802,-1.1484,7.3516,14.98,56.93,61.18,1
31.780,-13.90,3.21,-1.2266,-0.8446,-1.7617,8.5039,14.98,56.90,61.52,1
31.793,-13.93,3.20,0.0781,-0.7989,-1.2266,10.6484,14.98,57.49,63.02,1
31.810,-13.99,3.20,-1.2266,-0.7887,-1.5703,8.3945,14.98,57.49,63.02,1
31.833,-13.99,3.25,-0.1523,-0.7033,-1.3398,9.5430,14.98,56.97,62.59,1
31.844,-14.00,3.27,-0.1523,-0.6187,-1.3398,9.5430,14.98,56.71,62.45,1
31.863,-14.00,3.33,0.0000,-0.4634,-1.6836,10.0703,14.98,56.71,62.82,1
31.881,-13.98,3.39,-0.3047,-0.3564,-1.0352,10.1523,14.98,57.67,61.82,1
31.900,-13.96,3.49,-0.0781,-0.2886,-1.9922,10.1133,14.98,56.23,62.98,1
31.912,-13.93,3.53,-0.3047,-0.2601,-0.6523,10.0352,14.98,57.12,126.12,1
31.931,-13.87,3.62,-0.8047,-0.3128,-0.9570,9.1992,14.98,56.14,62.36,1
31.951,-13.85,3.65,-0.5352,-0.4109,-1.3398,9.3477,14.98,57.55,61.88,1
31.963,-13.76,3.69,0.1523,-0.3750,-1.0352,10.2305,14.98,56.22,63.06,1
31.981,-13.67,3.75,-1.0352,-0.4580,-1.0352,7.8555,14.98,57.61,61.91,1
32.003,-13.56,3.83,0.7656,-0.1281,-1.0352,11.0703,14.98,55.81,63.25,1
32.014,-13.50,3.89,0.7656,0.0091,-1.0352,11.0703,14.98,56.54,63.01,1
32.031,-13.37,4.04,0.6914,0.2073,-1.3789,11.2227,14.98,55.59,61.43,1
32.051,-13.22,4.15,-0.8047,-0.5035,-0.3828,8.8437,14.98,56.74,61.43,1
32.070,-13.06,4.23,-0.8438,-0.5921,-1.4180,7.6289,14.98,55.93,62.17,1
32.083,-12.96,4.26,-0.2695,-0.6018,-0.7656,9.5781,14.98,56.56,62.17,1
32.102,-12.78,4.33,1.5313,-0.3635,-1.2266,12.6055,14.98,55.15,61.88,1
32.120,-12.58,4.49,-1.0742,-0.2942,-1.0352,8.6992,14.98,56.15,62.70,1
32.133,-12.48,4.54,-0.0391,-0.3312,-0.9570,9.7305,14.98,55.41,61.52,1
32.150,-12.25,4.66,0.0781,-0.2057,-0.5352,10.0742,14.98,55.77,63.50,1
32.170,-12.01,4.73,-2.5664,-0.7104,-0.8047,4.8984,14.98,55.79,61.61,1
32.184,-11.89,4.71,-0.9180,-0.7564,0.4961,8.8125,14.98,56.54,61.56,1
32.201,-11.67,4.76,0.6914,-0.4460,1.8789,10.8789,14.98,54.94,63.31,1
32.223,-11.45,4.80,0.1523,-0.2732,-2.1836,10.5352,14.98,54.94,61.88,1
32.240,-11.18,4.79,0.1523,-0.1525,-2.1836,10.5352,10.83,56.27,60.76,1
32.252,-11.18,4.79,-1.0742,-0.2373,-1.0352,8.6172,10.83,54.73,62.43,1
32.271,-10.80,4.77,-0.9570,-0.4652,-0.8438,10.0039,10.83,55.67,60.75,1
32.291,-10.52,4.76,1.3008,-0.1332,1.1875,11.4180,10.83,54.16,62.67,1
32.303,-10.40,4.80,0.1523,-0.0048,-0.2305,9.6875,10.83,55.11,60.60,1
32.321,-10.16,4.83,-0.1133,-0.0100,1.1875,8.8477,10.83,54.00,60.92,1
32.340,-9.92,4.84,-0.4219,-0.1076,-0.6523,9.0000,10.83,54.37,59.50,1
32.354,-9.92,4.84,0.6133,0.0031,-0.6133,10.8359,10.83,53.28,59.92,1
32.371,-9.67,4.88,-0.1914,0.0146,-0.5742,10.4141,10.83,53.28,59.24,1
32.393,-9.31,4.95,-1.4922,0.0121,1.4180,8.5391,10.83,52.66,58.99,1
32.411,-9.08,5.01,-0.9180,-0.3686,1.1484,9.1172,10.83,53.47,57.33,1
32.423,-8.97,5.06,-0.7656,-0.4780,-0.4609,7.6953,10.83,53.47,58.81,1
32.440,-8.75,5.08,-0.4961,-0.5380,0.2695,10.2656,10.83,52.27,56.46,1
32.461,-8.48,5.10,-0.4961,-0.5237,-1.1484,9.0781,10.83,52.63,58.35,1
32.473,-8.35,5.12,-0.3047,-0.5042,-1.4180,10.3828,10.83,51.35,56.34,1
32.491,-8.23,5.14,-0.6914,-0.5070,1.0742,10.3047,10.83,51.75,56.83,1
32.510,-7.88,5.25,-1.7617,-0.7962,-0.2305,7.3516,10.83,50.91,55.69,1
32.532,-7.66,5.26,-0.9570,-0.8430,0.3047,8.8828,10.83,51.66,55.15,1
32.541,-7.56,5.27,-0.9570,-0.8606,0.3047,8.8828,10.83,50.45,55.09,1
32.564,-7.34,5.25,-0.2305,-0.7343,-0.0781,10.1875,10.83,50.45,55.08,1
32.575,-7.24,5.27,-0.2305,-0.6569,-0.0781,10.1875,10.83,50.97,54.50,1
32.600,-6.98,5.26,0.5352,-0.4643,0.2305,10.6875,10.83,49.93,54.50,1
32.611,-6.91,5.25,-0.4219,-0.3874,0.7656,11.0742,10.83,50.43,52.98,1
32.630,-6.84,5.27,-1.7227,-0.5970,0.3047,7.3945,10.83,48.98,54.27,1
32.643,-6.71,5.30,-0.5352,-0.7511,0.8828,9.1953,10.83,48.98,54.27,1
32.661,-6.61,5.32,-0.5742,-0.6930,0.1523,9.5391,10.83,50.12,51.96,1
32.680,-6.52,5.32,-0.0781,-0.5427,0.6914,9.6875,10.83,48.77,53.68,1
32.694,-6.49,5.33,-1.3008,-0.5692,-0.3828,8.7344,10.83,49.59,51.84,1
32.712,-6.44,5.29,0.4961,-0.3790,-0.3437,11.2187,10.83,48.22,52.87,1
32.729,-6.41,5.31,-1.3398,-0.5371,0.7656,9.2695,10.83,48.92,51.27,1
32.751,-6.39,5.34,-1.4180,-0.5378,0.2695,8.5820,10.83,47.84,51.70,1
32.762,-6.38,5.35,-1.4180,-0.6730,0.2695,8.5820,10.83,48.20,50.64,1
32.782,-6.38,5.36,-0.9570,-0.4497,-0.6133,8.9219,10.83,48.20,50.64,1
32.801,-6.39,5.35,0.2695,-0.4955,-0.6133,11.0312,10.83,47.25,50.88,1
32.813,-6.40,5.37,-0.9570,-0.4243,-1.4570,9.0820,10.83,47.95,49.61,1
32.831,-6.42,5.42,-0.7656,-0.5601,-0.6914,9.4648,10.83,46.68,50.57,1
32.850,-6.43,5.47,-0.4609,-0.5627,-1.0352,9.6914,10.83,46.68,49.01,1
32.864,-6.45,5.50,-1.1094,-0.5990,0.1133,8.3555,10.83,47.87,50.09,1
32.881,-6.49,5.50,-1.0352,-0.7565,0.0781,7.5469,10.83,46.98,49.17,1
32.901,-6.54,5.48,0.5742,-0.4794,-0.2695,10.6523,10.83,47.70,49.17,1
32.915,-6.57,5.49,-0.3047,-0.4407,-0.3437,9.1562,10.83,47.15,50.58,1
32.932,-6.65,5.51,-0.9961,-0.5552,-0.6133,7.0469,10.83,47.98,49.51,1
32.953,-6.73,5.47,0.4609,-0.3702,-0.3047,10.5352,10.83,47.98,50.35,1
32.970,-6.84,5.50,-0.3828,-0.2020,-0.3437,8.9648,10.83,46.70,50.02,1
32.983,-6.89,5.48,0.4219,-0.1776,-0.8828,9.8437,10.83,47.55,50.02,1
33.001,-7.01,5.48,-0.7266,-0.0995,-0.5352,9.2305,10.83,46.43,49.84,1
33.021,-7.14,5.50,-1.0352,-0.3816,-1.0352,8.1211,10.83,47.11,48.69,1
33.034,-7.19,5.51,-0.1523,-0.4113,-0.8047,8.7344,10.83,47.11,49.84,1
33.051,-7.25,5.51,-0.2305,-0.3499,-1.1875,8.5000,10.83,46.73,49.84,1
33.070,-7.45,5.54,0.9961,-0.0446,-0.9180,11.3008,10.83,47.32,49.98,1
33.093,-7.58,5.55,0.3437,-0.0696,-1.0352,10.9922,10.83,45.99,48.58,1
33.102,-7.63,5.55,0.3437,-0.0062,-1.0352,10.9922,10.83,46.67,49.38,1
33.123,-7.71,5.59,-0.9570,-0.1699,-0.9961,8.5039,10.83,46.67,49.38,1
33.142,-7.79,5.62,-1.3789,-0.4269,-1.2266,8.1602,10.83,45.89,48.68,1
33.154,-7.83,5.62,0.6133,-0.4782,-1.5313,10.1133,10.83,46.83,49.43,1
33.171,-7.91,5.62,-0.4961,-0.2574,-1.0352,9.3867,10.83,46.83,48.44,1
33.190,-7.95,5.61,0.0391,-0.2429,-1.1094,9.9609,10.83,46.07,49.64,1
33.204,-8.03,5.60,-0.6914,-0.2580,-2.0312,8.3516,10.83,46.76,48.88,1
33.221,-8.10,5.59,-0.6523,-0.3778,-1.2656,9.4258,10.83,45.99,48.88,1
33.240,-8.16,5.61,-0.4609,-0.4290,-1.9531,8.6172,10.76,46.45,49.95,1
33.264,-8.20,5.61,-0.3437,-0.2667,-1.5313,9.2695,10.76,45.92,49.08,1
33.272,-8.22,5.61,-0.3437,-0.2785,-1.5313,9.2695,10.76,45.92,50.01,1
33.289,-8.27,5.64,-0.0781,-0.2382,-0.8828,10.3477,10.76,46.13,48.94,1
33.311,-8.32,5.65,-0.4961,-0.6064,-1.1094,9.0781,10.76,45.85,49.55,1
33.324,-8.36,5.67,-0.9180,-0.6158,-1.1875,9.5039,10.76,46.27,49.55,1
33.340,-8.39,5.65,-0.9180,-0.7015,-1.1875,9.5039,10.76,46.27,49.17,1
33.361,-8.39,5.65,-1.3398,-0.5788,-1.2266,8.3516,10.76,45.48,49.99,1
33.374,-8.42,5.70,0.1523,-0.6279,-1.1484,9.8828,10.76,46.10,49.62,1
33.391,-8.45,5.73,-1.6094,-0.5475,-0.9180,8.0117,10.76,45.51,49.39,1
33.409,-8.49,5.73,-0.6914,-0.7064,-0.9180,9.4258,10.76,46.44,50.09,1
33.433,-8.51,5.70,-0.6523,-0.9161,-2.2227,9.6484,10.76,46.44,101.88,1
33.442,-8.51,5.68,-0.6523,-0.8756,-2.2227,9.6484,10.76,45.66,101.88,1
33.461,-8.50,5.66,0.0000,-0.6679,-1.3789,10.0312,10.76,46.18,50.65,1
33.482,-8.50,5.65,-0.4609,-0.6666,0.3828,9.3047,10.76,45.75,50.99,1
33.493,-8.49,5.61,-0.4609,-0.6350,0.3828,9.3047,10.76,46.48,51.00,1
33.513,-8.51,5.54,1.0742,-0.3122,-1.5313,11.7578,10.76,46.48,52.10,1
33.532,-8.51,5.49,-0.4961,-0.0446,-0.2695,8.9648,10.76,45.75,51.31,1
33.544,-8.51,5.48,0.2305,-0.0864,-1.2656,9.6914,10.76,46.33,51.76,1
33.562,-8.51,5.48,-1.4922,-0.1344,-0.1133,8.1172,10.76,46.33,51.76,1
33.581,-8.54,5.46,-0.3047,-0.3345,0.9961,8.6562,10.76,45.74,50.37,1
33.601,-8.59,5.41,-0.6133,-0.3943,-0.9180,8.1602,10.76,47.07,52.06,1
33.612,-8.61,5.37,0.9570,-0.0952,-1.7617,10.5742,10.76,46.01,51.04,1
33.630,-8.64,5.29,-0.6133,-0.1443,-1.3398,9.1953,10.76,46.77,52.61,1
33.652,-8.65,5.22,-0.8047,-0.1493,-0.8438,8.2734,10.76,46.01,51.15,1
33.663,-8.66,5.19,-0.8047,-0.2500,-0.8438,8.2734,10.76,46.01,52.55,1
33.683,-8.69,5.15,0.1523,-0.2687,-1.6094,9.9258,10.76,46.85,51.75,1
33.701,-8.71,5.11,-0.6133,-0.2105,-0.6523,8.8867,10.76,45.88,52.08,1
33.714,-8.73,5.10,0.5742,-0.2047,-0.9570,10.6133,10.76,46.62,51.47,1
33.731,-8.64,4.95,-1.8008,-0.1738,-1.3789,5.3594,10.76,46.62,51.47,1
33.750,-8.48,4.67,1.2266,-0.0585,-0.6914,12.1055,10.76,46.06,52.08,1
33.770,-8.40,4.47,-0.7656,-0.1349,-1.7617,7.5508,10.76,46.73,52.35,1
33.782,-8.37,4.39,1.0352,0.1240,-1.6484,11.0703,10.76,46.49,52.37,1
33.800,-8.32,4.25,1.2656,0.4334,-0.9570,11.1523,10.76,46.80,52.45,1
33.822,-8.29,4.20,-0.9961,0.5283,-0.9570,7.8555,10.76,46.16,52.74,1
33.833,-8.27,4.15,-0.9961,0.2941,-0.9570,7.8555,10.76,46.16,52.35,1
33.853,-8.25,4.13,-0.4609,0.2717,-0.9961,8.2773,10.76,46.61,52.35,1
33.872,-8.26,4.09,-1.3398,-0.0064,-0.9570,7.3555,10.76,46.77,53.57,1
33.884,-8.26,4.05,0.6133,-0.1453,-0.3828,10.4531,10.76,47.29,51.92,1
33.901,-8.27,3.97,-1.0352,-0.0620,-1.8789,7.9297,10.76,47.29,54.10,1
33.921,-8.26,3.87,0.4609,-0.0627,-1.1875,9.6094,10.76,47.41,53.13,1
33.940,-8.24,3.74,-0.5352,-0.1346,-1.3789,8.8867,10.76,48.26,54.34,1
33.952,-8.24,3.67,-0.2695,-0.1749,-1.2266,9.2656,10.76,47.45,53.54,1
33.970,-8.22,3.54,1.6836,0.2251,-0.9961,12.0664,10.76,48.52,55.64,1
33.993,-8.23,3.46,2.1445,0.4864,-1.0352,11.2227,10.76,47.77,54.67,1
34.003,-8.23,3.42,2.1445,0.7411,-1.0352,11.2227,10.76,47.77,55.70,1
34.020,-8.23,3.34,-0.6914,0.5115,-0.6523,8.0117,10.76,48.60,54.81,1
34.042,-8.22,3.29,1.4180,1.0183,0.2305,11.3789,10.76,48.51,56.28,1
34.063,-8.21,3.27,1.9922,1.2816,-1.3008,11.6016,10.76,48.43,55.96,1
34.071,-8.19,3.27,-0.9180,1.1580,-1.7617,9.1211,10.76,48.43,55.96,1
34.091,-8.18,3.26,-0.3437,0.6152,0.2305,7.5859,10.76,48.54,55.44,1
34.109,-8.18,3.22,0.5742,0.4914,-1.4180,9.4258,10.76,49.99,57.16,1
34.122,-8.18,3.20,-1.1484,0.3663,-0.6523,5.5156,10.76,49.90,57.16,1
34.141,-8.16,3.12,0.3047,0.1715,-0.8828,9.9609,10.76,50.85,56.92,1
34.164,-8.11,3.04,2.4531,0.1470,-0.8438,12.3789,10.76,50.18,58.34,1
34.173,-8.07,2.96,2.4531,0.5012,-0.8438,12.3789,10.76,51.51,59.33,1
34.190,-8.04,2.84,0.9570,0.7237,-0.6914,8.7344,10.76,51.15,59.33,1
34.212,-8.02,2.71,1.0352,1.0500,0.5352,10.6094,10.76,51.62,59.97,1
34.224,-8.01,2.66,1.0352,1.0477,0.5352,10.6094,10.76,51.08,58.84,1
34.244,-7.99,2.64,-1.2266,0.8705,-0.3047,7.3945,8.74,51.08,58.84,1
34.262,-7.93,2.56,1.6094,0.5026,-1.0742,11.0312,8.74,52.60,59.79,1
34.281,-7.89,2.50,-0.3047,0.4563,-1.0742,8.5820,8.74,51.08,60.81,1
34.292,-7.86,2.46,0.8438,0.4313,-1.0742,9.1992,8.74,53.10,59.02,1
34.312,-7.84,2.41,1.3398,0.5988,0.1523,12.2187,8.74,52.06,59.02,1
34.330,-7.79,2.34,1.6484,0.8772,-0.0781,9.8086,8.74,53.04,60.57,1
34.343,-7.76,2.32,1.0742,0.9208,-0.9570,8.9258,8.74,53.63,60.40,1
34.361,-7.72,2.30,0.0781,0.7439,0.1914,8.5781,8.74,53.63,61.08,1
34.382,-7.68,2.23,-0.4961,0.7360,-0.6133,6.6289,8.74,53.66,61.98,1
34.394,-7.66,2.15,-0.4961,0.5468,-0.6133,6.6289,8.74,54.79,61.00,1
34.414,-7.62,2.05,-0.9570,0.7230,0.3828,6.7852,8.74,54.79,62.57,1
34.431,-7.58,1.98,1.6484,0.4550,0.1523,9.6875,8.74,54.13,60.58,1
34.450,-7.55,1.90,0.5352,0.6155,-0.2305,10.3086,8.74,55.64,62.13,1
34.462,-7.53,1.90,1.2266,0.6585,-0.6523,8.6602,8.74,54.97,62.16,1
34.480,-7.50,1.82,0.1523,0.6144,-1.2266,9.6914,8.74,56.33,61.88,1
34.501,-7.44,1.75,1.9531,0.8819,-2.4883,11.7578,8.74,55.35,62.60,1
34.513,-7.44,1.75,-1.4922,0.5172,-0.5352,6.0508,8.74,56.91,63.30,1
34.530,-7.35,1.58,0.8438,0.3492,-0.9570,10.1914,8.74,55.91,61.68,1
34.554,-7.32,1.49,-0.1523,0.3132,-0.3828,6.6680,8.74,57.53,64.55,1
34.564,-7.31,1.45,-0.1523,0.2417,-0.3828,6.6680,8.74,57.47,64.22,1
34.581,-7.27,1.34,1.5703,0.5112,-0.0781,10.4922,8.74,58.27,64.33,1
34.602,-7.24,1.28,0.8438,0.7534,-1.0352,9.1211,8.74,57.28,64.09,1
34.615,-7.22,1.22,1.3008,0.8100,-0.0391,10.9570,8.74,58.57,63.55,1
34.632,-7.21,1.15,0.8438,0.9126,0.2305,10.0703,8.74,57.26,64.84,1
34.651,-7.22,1.12,-0.3437,0.7107,0.4609,8.7773,8.74,58.28,62.07,1
34.669,-7.25,1.05,0.0391,0.4964,-0.1523,10.4922,8.74,57.37,64.48,1
34.683,-7.27,1.05,-1.7227,0.2852,-0.4219,6.5859,8.74,58.10,62.72,1
34.701,-7.29,0.99,0.9570,0.1937,-0.9961,11.6836,8.74,57.31,63.31,1
34.724,-7.33,0.97,2.0312,0.0253,-3.2578,12.8320,8.74,57.94,62.55,1
34.734,-7.34,0.93,2.0312,0.3334,-3.2578,12.8320,8.74,56.33,62.94,1
34.751,-7.38,0.91,-0.1133,0.3403,0.6133,10.7656,8.74,57.49,124.16,1
34.772,-7.40,0.89,-1.3789,-0.0063,0.0391,8.6211,8.74,56.59,126.71,1
34.791,-7.41,0.86,-0.1523,-0.2072,1.1875,10.4141,8.74,57.25,61.17,1
34.802,-7.47,0.84,0.7266,-0.1284,-2.1836,9.6523,8.74,57.25,63.66,1
34.821,-7.52,0.85,-1.0742,-0.0300,-0.8828,8.3164,8.74,57.47,61.72,1
34.840,-7.57,0.86,-0.1523,-0.1820,-1.1875,9.5039,8.74,56.71,62.48,1
34.853,-7.60,0.87,-1.6836,-0.2999,-2.1836,6.4727,8.74,57.70,63.44,1
34.870,-7.63,0.81,0.0781,-0.3818,-0.2305,10.0000,8.74,57.70,61.89,1
34.890,-7.69,0.77,-0.1914,-0.3110,-1.0352,9.2266,8.74,57.85,63.79,1
34.904,-7.71,0.75,-0.2305,-0.2932,-0.8438,9.7695,8.74,56.88,63.22,1
34.921,-7.76,0.68,-0.1133,-0.2494,-0.6133,9.4648,8.74,56.88,63.46,1
34.942,-7.81,0.61,-0.3437,-0.3311,0.8438,9.3477,8.74,57.93,62.65,1
34.961,-7.88,0.53,0.0781,-0.3009,-0.7656,10.1523,8.74,57.79,64.44,1
34.974,-7.92,0.49,0.8828,-0.1527,-0.6523,10.3477,8.74,57.79,62.94,1
34.992,-8.01,0.44,-0.2305,0.0519,-0.1133,9.5000,8.74,57.18,63.79,1
35.011,-8.09,0.36,-0.5352,-0.1118,-0.8828,9.0039,8.74,57.82,63.36,1
35.023,-8.13,0.34,-0.6133,-0.1830,-1.6484,9.2695,8.74,56.46,63.09,1
35.040,-8.22,0.30,-1.1094,-0.4395,-0.3047,8.4648,8.74,58.09,63.09,1
35.061,-8.31,0.20,-0.9961,-0.6044,-1.4922,8.6172,8.74,57.00,62.12,1
35.074,-8.36,0.16,0.0000,-0.4707,-1.4922,10.3086,8.74,58.49,64.05,1
35.091,-8.45,0.03,-1.8008,-0.7357,-0.4961,7.2031,8.74,57.03,64.05,1
35.112,-8.52,-0.10,-1.3789,-0.5656,-1.7617,8.4648,8.74,58.34,63.13,1
35.132,-8.60,-0.23,-0.4219,-0.7197,-0.3828,9.6523,8.74,57.30,63.63,1
35.144,-8.65,-0.27,-1.3789,-0.7303,-1.5703,8.2383,8.74,58.22,64.19,1
35.161,-8.72,-0.41,1.7617,-0.6630,-0.6133,12.4102,8.74,57.21,62.54,1
35.181,-8.81,-0.47,0.3047,-0.1588,-0.4609,10.8398,8.74,58.04,64.56,1
35.193,-8.86,-0.50,-0.3828,-0.1426,-1.5703,8.2773,8.74,57.27,62.14,1
35.211,-8.95,-0.58,-0.2695,-0.1995,-1.6836,9.3437,8.74,58.06,63.42,1
35.231,-9.04,-0.61,-1.3398,-0.4562,-1.1484,8.5391,8.74,57.23,62.87,1
35.244,-9.08,-0.65,0.2695,-0.4632,-1.8398,10.1914,8.74,57.87,62.66,1
35.261,-9.16,-0.69,-1.1875,-0.5358,-1.3008,8.8437,8.15,57.15,64.03,1
35.284,-9.23,-0.76,-0.2695,-0.6146,-0.8438,9.5430,8.15,58.23,62.42,1
35.295,-9.28,-0.78,-0.2695,-0.5616,-0.8438,9.5430,8.15,57.12,64.09,1
35.314,-9.35,-0.85,-0.6914,-0.4568,-1.2656,8.3125,8.15,58.14,64.09,1
35.332,-9.43,-0.91,-0.9180,-0.5415,-1.3789,9.1211,8.15,57.38,64.16,1
35.350,-9.49,-1.02,-0.3437,-0.5427,-0.3828,9.1602,8.15,58.12,63.42,1
35.363,-9.53,-1.08,0.1914,-0.4694,-1.0352,10.3437,8.15,57.41,64.50,1
35.382,-9.62,-1.13,-0.6133,-0.3463,-1.9531,8.9258,8.15,58.16,63.28,1
35.401,-9.69,-1.18,0.4961,-0.1918,0.0781,10.2656,8.15,56.88,65.02,1
35.414,-9.73,-1.19,0.3047,-0.1015,-0.8438,10.1523,8.15,58.00,63.53,1
35.431,-9.82,-1.24,1.0742,0.2073,-0.6523,11.1523,8.15,56.79,64.26,1
35.450,-9.92,-1.27,-1.6836,-0.1572,0.4609,8.0117,8.15,57.47,63.65,1
35.472,-10.01,-1.28,-1.0742,-0.3597,-0.5352,8.2734,8.15,56.95,63.72,1
35.484,-10.06,-1.31,0.3437,-0.4044,-0.4219,9.9258,8.15,57.70,63.72,1
35.501,-10.15,-1.37,0.0000,-0.2197,-0.6523,9.8867,8.15,57.02,63.22,1
35.522,-10.20,-1.41,0.6914,-0.0512,-0.9961,11.5703,8.15,57.58,64.89,1
35.534,-10.30,-1.44,-0.6133,0.0088,-1.3789,8.3945,8.15,57.58,64.89,1
35.552,-10.40,-1.46,-1.0352,-0.2014,0.0000,9.1953,8.15,57.35,64.84,1
35.571,-10.51,-1.48,-1.1094,-0.5021,-1.6484,8.2773,8.15,56.76,63.59,1
35.584,-10.56,-1.51,-1.1094,-0.5954,-1.6484,8.2773,8.15,57.76,65.11,1
35.601,-10.68,-1.58,-0.1133,-0.5184,-1.1094,10.4180,8.15,57.76,63.71,1
35.621,-10.78,-1.64,0.0781,-0.3611,-2.1836,10.8789,8.15,57.20,64.40,1
35.635,-10.83,-1.66,0.2305,-0.2302,-1.0352,10.7266,8.15,56.34,63.84,1
35.652,-10.93,-1.65,-0.3437,-0.2266,-1.7227,10.2656,8.15,57.41,63.14,1
35.674,-11.03,-1.66,-0.9180,-0.5233,-0.4219,8.9609,8.15,57.41,63.14,1
35.692,-11.16,-1.69,-0.8828,-0.6324,-2.4531,9.1562,8.15,56.36,63.35,1
35.704,-11.21,-1.71,-0.8047,-0.6816,-0.8438,8.6992,8.15,57.96,63.35,1
35.722,-11.31,-1.77,-0.7266,-0.7102,-1.1094,8.3906,8.15,57.00,64.37,1
35.741,-11.39,-1.82,0.1914,-0.5126,-1.8789,10.0352,8.15,58.08,65.74,1
35.754,-11.43,-1.84,-0.3828,-0.4504,-0.6914,8.3555,8.15,57.13,64.65,1
35.771,-11.48,-1.86,0.5352,-0.2903,-1.1094,10.6523,8.15,58.66,64.65,1
35.791,-11.60,-1.94,0.1914,-0.1322,-0.7656,9.8047,8.15,56.93,65.24,1
35.805,-11.65,-1.96,-0.5742,-0.2301,-1.4922,8.5039,8.15,58.26,63.98,1
35.822,-11.73,-1.98,-0.9570,-0.4321,-1.1094,9.2695,8.15,57.06,65.65,1
35.844,-11.82,-1.97,-0.3437,-0.3831,-1.5313,10.0703,8.15,57.75,63.97,1
35.860,-11.90,-2.00,-0.3437,-0.3719,-1.5313,10.0703,8.15,57.23,65.91,1
35.874,-11.95,-2.00,-0.1133,-0.1896,-2.1445,9.6133,8.15,57.72,65.91,1
35.892,-12.01,-1.99,-1.4180,-0.2723,-1.8398,7.9727,8.15,57.43,64.79,1
35.911,-12.05,-2.00,-0.5742,-0.4762,0.4609,8.7344,8.15,57.81,65.14,1
35.924,-12.08,-2.00,-2.1836,-0.6200,-3.3320,6.2852,8.15,57.48,65.59,1
35.941,-12.11,-2.09,1.8398,-0.2626,-1.1094,12.4062,8.15,58.53,65.51,1
35.961,-12.14,-2.15,-0.9570,-0.1648,-1.3398,8.0430,8.15,57.43,67.05,1
35.975,-12.15,-2.17,1.0742,-0.1240,-3.4492,11.3789,8.15,58.58,66.94,1
35.992,-12.14,-2.20,-1.4570,-0.2757,0.5352,7.4727,8.15,57.65,65.92,1
36.014,-12.13,-2.25,-1.9922,-0.2838,-0.3047,6.8555,8.15,58.53,66.73,1
36.032,-12.11,-2.33,0.3047,-0.5846,-0.6133,10.6523,8.15,57.93,66.38,1
36.044,-12.11,-2.35,-0.0781,-0.4184,-1.5703,9.8477,8.15,58.48,68.14,1
36.062,-12.09,-2.43,0.0391,-0.3125,-1.2656,9.6875,8.15,57.96,66.36,1
36.082,-12.06,-2.52,0.0781,-0.1840,0.0391,10.0312,8.15,58.58,68.18,1
36.094,-12.04,-2.55,0.3437,-0.1225,-2.0312,10.0703,8.15,57.58,67.62,1
36.111,-12.00,-2.61,-0.8828,-0.0884,0.4609,8.6953,8.15,58.99,67.62,1
36.133,-11.97,-2.69,0.3047,-0.0964,-0.5352,9.8828,8.15,57.56,68.62,1
36.154,-11.93,-2.78,-0.7266,-0.0963,-0.3047,9.5781,8.15,58.82,65.92,1
36.162,-11.90,-2.82,-0.7266,-0.1931,-0.3047,9.5781,8.15,57.69,67.84,1
36.180,-11.84,-2.89,0.0000,-0.1836,-1.9531,9.8437,8.15,58.22,67.56,1
36.202,-11.77,-3.02,1.7617,-0.4601,0.8828,13.0625,8.15,57.80,67.16,1
36.215,-11.75,-3.07,-0.3828,-0.1399,0.1133,10.2656,8.15,58.04,67.86,1
36.233,-11.73,-3.14,1.2656,-0.0770,-1.1094,11.2187,8.72,57.61,65.80,1
36.252,-11.69,-3.18,-0.3437,0.1751,1.0742,9.9258,8.72,58.24,66.85,1
36.264,-11.67,-3.21,0.6133,0.1368,-1.1094,10.8398,8.72,57.21,66.47,1
36.282,-11.64,-3.24,-1.1484,0.1310,-1.0352,8.1562,8.72,58.20,66.49,1
36.301,-11.59,-3.31,-0.2305,-0.1020,0.0391,9.5391,8.72,57.73,65.79,1
36.315,-11.56,-3.36,0.0391,-0.1002,-1.4570,9.8477,8.72,58.42,66.90,1
36.332,-11.53,-3.40,-0.4961,-0.1712,0.4609,8.5039,8.72,57.28,66.34,1
36.351,-11.49,-3.46,0.1133,-0.1284,-0.5742,9.3437,8.72,58.85,66.34,1
36.372,-11.45,-3.49,0.4609,0.0817,0.1133,9.3047,8.72,57.91,66.70,1
36.383,-11.43,-3.51,0.4609,0.1399,0.1133,9.3047,8.72,58.92,65.35,1
36.404,-11.41,-3.58,0.1914,0.2588,0.3437,9.6875,8.72,57.39,66.40,1
36.422,-11.40,-3.64,-0.4219,0.1906,-0.6914,8.1602,8.72,59.26,64.16,1
36.434,-11.40,-3.67,0.8047,0.1532,-0.1914,10.7305,8.72,59.26,66.43,1
36.452,-11.40,-3.67,-0.4609,0.2367,-2.2227,7.7344,8.72,59.30,65.18,1
36.471,-11.36,-3.71,0.6523,0.2453,-0.4609,8.6602,8.72,58.81,66.16,1
36.485,-11.36,-3.74,-0.2695,0.2340,0.4609,7.3906,8.72,60.01,66.41,1
36.503,-11.34,-3.85,1.5313,0.4609,-1.2266,10.8398,8.72,59.27,65.28,1
36.520,-11.34,-3.94,0.7656,0.5950,0.9180,9.1562,8.72,59.56,66.82,1
36.543,-11.36,-3.95,-0.7266,0.6143,-0.1133,7.3555,8.72,58.17,66.53,1
36.553,-11.37,-3.97,-0.7266,0.4084,-0.1133,7.3555,8.72,60.54,65.38,1
36.574,-11.41,-3.97,0.9180,0.6596,-0.2305,10.0352,8.72,59.40,64.66,1
36.592,-11.46,-3.96,-0.0391,0.6563,0.4609,6.4375,8.72,60.26,67.82,1
36.604,-11.48,-3.98,0.8828,0.5762,-1.7617,11.0742,8.72,60.26,64.95,1
36.622,-11.52,-4.04,0.5742,0.6385,-1.1484,9.3477,8.72,60.35,66.51,1
36.641,-11.55,-4.04,2.4531,1.0324,0.8828,11.6797,8.72,59.82,68.32,1
36.655,-11.59,-4.03,3.0664,1.2997,-0.3047,12.5664,8.72,60.72,67.67,1
36.672,-11.68,-3.88,-0.6523,1.0790,0.2305,6.3242,8.72,59.36,67.67,1
36.694,-11.75,-3.77,1.3008,0.9210,-3.2187,10.8750,8.72,60.42,64.50,1
36.714,-11.83,-3.69,-0.1523,0.4355,1.3398,8.9219,8.72,60.99,65.48,1
36.723,-11.88,-3.63,-0.1523,0.3452,1.3398,8.9219,8.72,61.18,64.76,1
36.744,-11.99,-3.57,-0.4219,0.5986,-2.1445,8.4219,8.72,61.11,67.86,1
36.763,-12.07,-3.52,-0.3047,0.3186,-2.1445,9.0820,8.72,61.86,67.05,1
36.775,-12.11,-3.53,0.5742,0.2510,0.1133,10.9570,8.72,61.46,66.59,1
36.792,-12.19,-3.50,-0.6523,0.2445,0.2695,9.3477,8.72,62.78,68.98,1
36.811,-12.25,-3.51,1.1094,0.2608,-1.4922,10.9922,8.72,62.15,66.95,1
36.831,-12.40,-3.50,1.6094,0.6607,-1.4922,13.1445,8.72,62.20,69.26,1
36.842,-12.46,-3.46,-1.6094,0.5489,-1.4180,6.7812,8.72,62.20,68.59,1
36.862,-12.54,-3.46,0.4609,0.2713,-0.6914,9.5391,8.72,63.16,68.39,1
36.884,-12.64,-3.45,-0.8047,0.1250,-1.6836,7.4727,8.72,64.86,71.24,1
36.893,-12.70,-3.45,-0.8047,-0.0178,-1.6836,7.4727,8.72,64.06,69.56,1
36.911,-12.79,-3.44,2.2617,0.4376,-0.8047,12.9844,8.72,65.47,70.36,1
36.932,-12.89,-3.47,0.6133,0.0878,0.1523,9.0430,8.72,65.14,71.25,1
36.951,-12.93,-3.48,1.1875,0.3250,-2.4531,10.9961,8.72,66.28,70.97,1
36.963,-13.00,-3.53,-0.1133,0.3534,-0.1523,8.9648,8.72,65.93,73.09,1
36.982,-13.07,-3.53,0.2305,0.2486,-0.9180,9.2695,8.72,66.56,71.40,1
36.995,-13.11,-3.55,-1.0742,0.1402,-1.7227,6.0156,8.72,68.87,71.89,1
37.012,-13.19,-3.65,0.1914,-0.1030,1.2266,10.0000,8.72,68.87,72.47,1
37.034,-13.28,-3.78,1.3398,0.2515,-2.7578,9.4609,8.72,68.96,73.00,1
37.051,-13.37,-3.92,1.2656,0.5438,-0.6133,10.9180,8.72,67.75,75.04,1
37.063,-13.41,-3.96,-0.4961,0.3136,-1.0352,8.3125,8.72,69.32,73.87,1
37.081,-13.51,-4.03,2.2969,0.7021,-1.2656,10.0703,8.72,69.16,75.83,1
37.102,-13.62,-4.12,1.2656,0.3836,-0.1133,7.7383,8.72,69.99,75.51,1
37.114,-13.68,-4.20,1.2656,0.5191,-0.1133,7.7383,8.72,71.40,74.88,1
37.133,-13.79,-4.28,1.6094,1.1303,-2.9492,9.2695,8.72,69.93,77.15,1
37.151,-13.90,-4.32,1.2266,1.2355,-0.9570,7.2070,8.72,71.81,76.81,1
37.171,-13.98,-4.33,1.5313,1.2999,-2.5664,8.6172,8.72,72.69,74.90,1
37.183,-14.02,-4.34,-0.4219,1.1792,-0.4609,6.8242,8.72,72.69,76.28,1
37.201,-14.11,-4.36,1.2656,1.0068,-1.0742,9.1953,8.72,73.08,75.51,1
37.221,-14.19,-4.41,-1.9141,0.3765,-1.6094,4.6758,8.72,73.58,74.87,1
37.233,-14.19,-4.41,-1.0352,0.1597,0.1523,5.4766,10.72,73.95,77.26,1
37.251,-14.29,-4.65,1.4180,0.3637,-3.9453,10.6875,10.72,73.71,77.02,1
37.274,-14.36,-4.81,-1.0742,0.1730,-1.6484,8.8125,10.72,72.11,77.92,1
37.284,-14.39,-4.89,-1.0742,-0.0186,-1.6484,8.8125,10.72,72.84,80.45,1
37.304,-14.43,-5.13,-0.0781,-0.2518,1.7617,10.2305,10.72,72.67,78.55,1
37.321,-14.50,-5.41,-0.0781,-0.2026,1.7617,10.2305,10.72,74.43,80.92,1
37.335,-14.55,-5.57,0.8047,0.2042,-0.2305,10.9141,10.72,75.74,83.06,1
37.352,-14.59,-5.87,-0.0391,0.3070,-3.9453,9.5000,10.72,73.07,83.44,1
37.371,-14.65,-6.21,2.3359,0.7146,-0.3437,13.4062,10.72,75.40,82.27,1
37.391,-14.72,-6.45,2.4531,1.2004,0.9961,13.5937,10.72,76.52,83.99,1
37.403,-14.77,-6.55,1.8008,1.3406,-0.3437,9.7266,10.72,74.95,83.65,1
37.421,-14.87,-6.77,5.0547,2.2176,0.2305,17.9648,10.72,75.13,82.26,1
37.445,-14.99,-6.81,1.4180,2.3483,-0.1914,10.3437,10.72,76.55,80.92,1
37.454,-15.02,-6.86,1.4180,2.2054,-0.1914,10.3437,10.72,75.16,80.89,1
37.474,-15.14,-6.92,2.0703,1.6225,-1.0352,10.9531,10.72,75.87,81.52,1
37.492,-15.30,-6.94,0.7266,1.6420,-0.6133,9.7656,10.72,74.37,80.34,1
37.505,-15.36,-6.98,0.2695,1.4028,-1.7227,10.0039,10.72,74.95,81.86,1
37.523,-15.50,-6.95,0.6523,1.1120,0.6523,7.4297,10.72,77.59,81.02,1
37.542,-15.63,-7.00,0.2695,0.8706,-1.7227,8.2383,10.72,75.36,80.01,1
37.561,-15.78,-7.00,0.5352,0.7245,0.3828,6.5117,10.72,76.20,81.08,1
37.573,-15.82,-7.05,2.1055,0.8210,-0.3828,9.0039,10.72,78.39,83.12,1
37.591,-15.90,-7.12,1.1484,1.0471,-2.9102,9.5430,10.72,75.56,81.77,1
37.614,-15.98,-7.15,0.7656,1.3708,-2.5664,9.5781,10.72,75.39,79.47,1
37.624,-16.01,-7.17,0.7656,1.2778,-2.5664,9.5781,10.72,77.75,80.42,1
37.641,-16.13,-7.07,1.3398,1.2596,0.5742,10.8398,10.72,74.33,79.29,1
37.662,-16.26,-6.96,0.2695,1.2516,-2.6797,11.4922,10.72,75.67,78.60,1
37.683,-16.33,-6.89,1.8008,1.2083,-0.4961,11.9844,10.72,75.55,79.55,1
37.693,-16.45,-6.73,-2.6445,0.9838,-2.1836,6.1680,10.72,74.64,77.78,1
37.712,-16.56,-6.63,0.4219,0.2001,-1.0742,10.0742,10.72,77.29,79.28,1
37.731,-16.67,-6.53,0.0000,0.1823,-1.0742,10.3086,10.72,76.15,82.45,1
37.743,-16.74,-6.46,-0.2695,0.1328,-4.7891,10.1094,10.72,76.15,81.45,1
37.761,-16.83,-6.38,1.3008,0.3431,-1.1484,9.8047,10.72,78.36,81.71,1
37.781,-16.91,-6.31,-0.9180,0.1237,-0.9180,7.8164,10.72,79.25,84.50,1
37.794,-16.96,-6.29,1.1484,0.3505,-2.0312,9.6484,10.72,78.10,84.94,1
37.811,-17.02,-6.29,0.3828,0.4073,-0.9570,7.8555,10.72,79.61,85.25,1
37.833,-17.08,-6.22,1.2656,0.8285,-1.6094,7.9727,10.72,78.20,84.88,1
37.845,-17.09,-6.22,1.2656,0.8957,-1.6094,7.9727,10.72,79.20,86.75,1
37.864,-17.10,-6.20,2.0312,1.0123,-2.6445,9.1211,10.72,80.97,87.05,1
37.883,-17.09,-6.19,1.5703,1.2644,-1.1875,11.3008,10.72,81.10,85.90,1
37.901,-17.07,-6.13,1.5313,1.3600,-0.8047,10.2305,10.72,79.02,86.80,1
37.913,-17.07,-6.08,0.4609,1.3007,-0.9961,7.1289,10.72,82.26,87.48,1
37.931,-17.03,-6.05,-0.4609,0.8104,-1.3008,6.8242,10.72,81.80,86.87,1
37.951,-16.98,-6.06,2.3750,1.0775,-1.1094,9.0430,10.72,81.67,88.37,1
37.964,-16.98,-6.06,1.7617,1.1826,-1.4922,10.6133,10.72,80.35,88.21,1
37.981,-16.83,-6.04,2.2969,1.4653,-1.9141,10.6875,10.72,81.63,89.84,1
38.004,-16.70,-5.97,-0.2305,1.4376,0.6914,7.0117,10.72,80.25,88.74,1
38.015,-16.65,-5.93,-0.2305,1.1814,0.6914,7.0117,10.72,80.87,87.32,1
38.034,-16.54,-5.84,0.3437,1.7290,0.5742,8.1992,10.72,80.80,89.81,1
38.052,-16.41,-5.76,1.1094,1.3974,-1.9922,11.2578,10.72,79.46,88.43,1
38.072,-16.24,-5.66,-0.4961,0.9439,-0.5742,8.1172,10.72,80.98,87.60,1
38.083,-16.16,-5.62,1.2656,0.8637,-0.6914,10.9922,10.72,81.19,87.17,1
38.102,-15.96,-5.50,2.2617,1.2211,-3.7539,11.6055,10.72,80.60,88.73,1
38.121,-15.73,-5.40,-1.0352,0.8463,0.5742,7.8125,10.72,81.80,88.58,1
38.134,-15.61,-5.36,-0.6523,0.5879,-1.4570,9.5430,10.72,82.67,90.65,1
38.151,-15.34,-5.32,-1.2266,0.0380,-1.3789,7.1289,10.72,83.00,89.02,1
38.174,-15.02,-5.39,0.6523,-0.0631,-1.9141,8.9258,10.72,83.35,92.00,1
38.185,-14.86,-5.41,0.6523,0.0468,-1.9141,8.9258,10.72,83.77,93.95,1
38.202,-14.69,-5.48,0.1914,0.1030,0.5742,9.0039,10.72,86.15,95.85,1
38.223,-14.10,-5.62,-1.2266,0.0146,0.1523,6.8203,10.72,88.15,92.57,1
38.243,-13.66,-5.77,0.6523,0.0073,1.8008,7.3516,12.24,86.64,91.01,1
38.253,-13.43,-5.90,1.4180,0.2113,1.3398,9.7656,12.24,87.37,95.53,1
38.272,-13.00,-6.11,0.6133,0.4891,0.3047,6.9687,12.24,87.77,96.61,1
38.290,-12.57,-6.30,4.2891,1.3450,0.0000,13.6367,12.24,86.27,97.02,1
38.304,-12.35,-6.36,0.3437,1.4815,-0.7656,7.7773,12.24,88.10,94.53,1
38.322,-11.91,-6.47,2.2617,1.5181,1.2656,7.5078,12.24,89.08,92.52,1
38.345,-11.50,-6.58,1.0352,1.4707,1.3008,5.3594,12.24,89.96,95.16,1
38.355,-11.30,-6.63,1.0352,1.4038,1.3008,5.3594,12.24,88.16,92.51,1
38.372,-10.87,-6.82,4.0977,1.9770,-0.0781,13.7500,12.24,84.40,93.76,1
38.392,-10.44,-6.84,2.4141,1.9354,0.8047,9.5039,12.24,87.86,91.73,1
38.412,-10.01,-6.81,-1.0742,1.7921,0.8438,6.0156,12.24,86.97,89.73,1
38.424,-9.81,-6.82,1.6484,1.3756,-0.8047,9.0430,12.24,87.28,93.48,1
38.442,-9.38,-6.86,2.7969,1.5448,-0.6914,12.0234,12.24,85.49,91.83,1
38.461,-8.92,-6.84,1.5703,1.7002,-1.2266,13.1445,12.24,84.44,92.52,1
38.475,-8.67,-6.79,0.8047,1.6190,-0.5352,9.5000,12.24,85.02,88.32,1
38.491,-8.42,-6.73,0.7266,1.3761,0.5742,9.6875,12.24,86.63,89.45,1
38.511,-7.65,-6.57,4.0234,1.9215,-1.3008,14.8633,12.24,83.34,90.65,1
38.525,-7.41,-6.51,1.0352,1.7253,0.7656,11.2227,12.24,85.70,89.39,1
38.542,-6.87,-6.32,1.4180,1.6143,-1.6836,11.9570,12.24,82.56,88.32,1
38.563,-6.34,-6.10,0.0781,0.5281,1.0352,6.8203,12.24,85.28,85.84,1
38.576,-6.07,-6.04,0.0781,0.4590,1.0352,6.8203,12.24,87.40,90.41,1
38.594,-5.53,-5.93,-1.1875,0.1110,0.0000,4.5937,12.24,87.40,90.60,1
38.612,-4.95,-5.92,2.3750,0.0277,-0.3437,12.4844,12.24,86.66,91.02,1
38.630,-4.43,-5.78,-1.4570,-0.0201,0.4219,7.3945,12.24,87.54,91.52,1
38.644,-4.14,-5.75,-0.2305,-0.1427,1.7227,6.4687,12.24,88.43,90.03,1
38.663,-3.61,-5.73,-1.9141,-0.5452,2.2969,4.8594,12.24,93.84,94.88,1
38.682,-3.10,-5.78,-0.4609,-0.6118,1.5313,3.0625,12.24,92.43,95.80,1
38.695,-2.85,-5.87,3.2930,0.2523,3.1797,12.9844,12.24,89.48,98.89,1
38.712,-2.40,-5.96,0.6133,0.6959,-0.1914,9.2266,12.24,92.38,93.94,1
38.734,-1.95,-6.01,-1.4180,0.9578,2.3750,6.6641,12.24,91.97,94.65,1
38.752,-1.56,-6.06,1.5703,0.5231,1.0352,6.8906,12.24,93.86,96.93,1
38.764,-1.37,-6.10,4.0625,0.9542,1.9141,13.5625,12.24,91.79,96.45,1
38.782,-1.01,-6.14,-0.7656,1.4495,-0.1523,7.8945,12.24,90.22,97.68,1
38.801,-0.63,-6.21,0.6914,1.0168,1.2266,8.0117,12.24,93.93,94.70,1
38.814,-0.46,-6.23,-1.5313,0.7890,1.2266,7.7383,12.24,93.18,96.14,1
38.832,-0.28,-6.27,1.1094,0.5366,-0.4609,7.2031,12.24,93.86,97.74,1
38.851,0.21,-6.41,2.1445,0.9609,0.8828,10.4961,12.24,92.07,201.65,1
38.865,0.39,-6.43,0.1133,0.9802,-2.1445,10.1133,12.24,93.11,98.79,1
38.882,0.77,-6.55,-0.1133,0.6345,1.4570,7.6562,12.24,93.04,98.24,1
38.901,1.13,-6.66,0.8047,0.6256,1.0742,11.0312,12.24,95.35,97.03,1
38.923,1.45,-6.71,1.3008,1.1766,1.5313,10.9141,12.24,93.89,96.33,1
38.935,1.61,-6.76,1.6836,1.2347,-2.2969,11.8789,12.24,90.30,98.87,1
38.952,1.91,-6.72,0.0781,1.2336,-0.1914,9.4609,12.24,92.76,98.17,1
38.972,2.06,-6.73,-0.1523,0.8705,-0.1523,9.3047,12.24,93.01,97.26,1
38.984,2.34,-6.69,2.1055,0.8940,-0.8828,11.0312,12.24,94.65,97.60,1
39.003,2.60,-6.68,1.2656,1.1704,1.3008,10.2305,12.24,92.13,96.78,1
39.022,2.83,-6.62,0.4961,1.0326,-0.7656,12.1406,12.24,91.57,98.61,1
39.035,2.94,-6.57,-0.2305,0.8920,1.2266,7.2773,12.24,92.54,96.16,1
39.052,3.14,-6.51,0.0391,0.5690,0.8438,10.0742,12.24,96.70,100.39,1
39.072,3.32,-6.47,0.7656,0.5795,-1.9141,8.0430,12.24,95.90,100.02,1
39.092,3.49,-6.49,0.3047,0.5954,-1.3789,10.7695,12.24,94.67,102.80,1
39.103,3.56,-6.49,0.3047,0.5508,-1.3789,10.7695,12.24,95.54,100.67,1
39.122,3.68,-6.49,0.4609,0.2195,0.5742,11.6797,12.24,96.15,98.62,1
39.143,3.76,-6.44,0.6523,0.3033,-0.9961,8.4648,12.24,98.20,100.94,1
39.154,3.80,-6.43,-0.2305,0.3099,1.2656,7.8164,12.24,96.69,101.17,1
39.173,3.86,-6.48,-0.1133,0.1660,-2.2227,9.3047,12.24,95.29,103.87,1
39.190,3.89,-6.54,1.0352,0.3250,1.5703,10.7305,12.24,96.97,103.26,1
39.205,3.88,-6.55,-1.4180,0.2378,0.0781,7.0117,12.24,99.57,103.42,1
39.222,3.88,-6.65,1.1875,0.2499,-1.3398,7.2070,14.91,98.20,105.71,1
39.242,3.86,-6.83,-0.1133,0.2280,1.3789,7.8555,14.91,99.22,104.01,1
39.256,3.84,-6.92,1.3398,0.4740,-1.9141,11.7617,14.91,100.46,103.08,1
39.273,3.78,-6.94,1.6484,0.7879,0.1523,9.8086,14.91,100.69,103.68,1
39.294,3.70,-7.00,-1.3398,0.3586,-0.9180,3.7109,14.91,99.70,104.60,1
39.312,3.66,-7.17,3.0664,0.2294,-0.8828,14.6367,14.91,98.48,106.38,1
39.324,3.63,-7.21,1.4922,0.7313,-2.9883,10.1484,14.91,98.40,104.58,1
39.342,3.56,-7.24,1.3789,0.9381,0.4219,11.6055,14.91,99.03,105.76,1
39.362,3.47,-7.23,-0.6133,0.6475,-3.1797,5.5195,14.91,101.14,103.81,1
39.375,3.45,-7.27,0.3437,0.5304,-0.1523,9.5820,14.91,100.10,106.38,1
39.392,3.41,-7.33,2.3750,0.7894,-1.9141,12.5625,14.91,96.31,106.38,1
39.411,3.31,-7.40,0.8047,0.8916,-1.6484,11.1484,14.91,97.43,101.99,1
39.433,3.22,-7.33,1.1094,0.9802,-2.0703,8.7734,14.91,99.65,103.68,1
39.443,3.19,-7.32,1.1094,1.0000,-2.0703,8.7734,14.91,98.63,102.51,1
39.465,3.12,-7.31,0.8438,1.0479,-1.6836,12.9492,14.91,98.78,106.12,1
39.483,3.04,-7.21,1.0352,1.0053,-1.1875,9.6484,14.91,100.00,104.57,1
39.495,3.01,-7.14,-0.9570,0.8525,-1.4180,8.0078,14.91,102.10,104.25,1
39.512,3.10,-7.02,-0.0781,0.4096,-1.4570,6.8906,14.91,98.79,102.59,1
39.531,3.14,-6.95,2.1445,0.7353,-0.2305,11.7578,14.91,97.26,103.81,1
39.545,3.14,-6.87,-0.7656,0.7189,-2.2617,9.2695,14.91,99.64,103.64,1
39.563,3.13,-6.71,0.9570,0.4357,0.1523,10.6914,14.91,99.41,103.89,1
39.582,3.10,-6.55,-0.3047,0.3342,-1.4180,8.9258,14.91,101.30,104.74,1
39.604,3.07,-6.47,1.1875,0.0640,-1.1484,11.9844,14.91,99.76,103.34,1
39.613,3.05,-6.39,1.1875,0.2365,-1.1484,11.9844,14.91,101.85,105.35,1
39.631,3.01,-6.31,-0.4609,0.1414,-2.0703,8.5430,14.91,98.99,103.67,1
39.653,2.97,-6.24,-1.6484,-0.0387,-1.8008,4.9766,14.91,101.66,105.99,1
39.664,2.96,-6.25,-1.6484,-0.2859,-1.8008,4.9766,14.91,101.04,106.48,1
39.683,2.91,-6.29,0.1914,-0.0416,-2.0312,9.3047,14.91,100.48,105.63,1
39.702,2.86,-6.33,-0.1914,-0.0469,-0.6914,10.7656,14.91,101.81,105.46,1
39.715,2.84,-6.34,0.4961,-0.0239,0.0000,9.6094,14.91,100.32,106.54,1
39.733,2.81,-6.32,1.5703,0.2095,-1.9531,8.6562,14.91,101.02,108.47,1
39.751,2.78,-6.36,1.4570,0.6484,0.1133,8.7383,14.91,101.30,108.60,1
39.771,2.76,-6.37,-0.7656,0.3858,-1.9141,6.8906,14.91,103.64,107.90,1
39.783,2.75,-6.35,-0.3437,0.2244,0.1914,6.4687,14.91,104.45,108.65,1
39.802,2.73,-6.41,1.5313,0.4782,-1.4922,8.3125,14.91,106.15,109.81,1
39.822,2.73,-6.56,1.4570,0.2422,-1.3789,11.0312,14.91,104.82,111.46,1
39.834,2.73,-6.58,1.4570,0.4288,-1.3789,11.0312,14.91,106.28,110.62,1
39.854,2.73,-6.56,0.0000,0.7524,0.0391,8.0078,14.91,105.70,108.25,1
39.873,2.74,-6.57,-1.0742,0.4531,-0.8438,5.1367,14.91,105.23,109.64,1
39.885,2.75,-6.63,2.1445,0.3726,-0.1133,11.9180,14.91,104.30,111.66,1
39.903,2.78,-6.70,-0.3437,0.6761,-0.9570,11.0312,14.91,103.10,110.12,1
39.922,2.79,-6.69,1.6836,0.7771,0.5352,11.4180,14.91,102.30,108.26,1
39.936,2.81,-6.68,0.5742,0.8276,-0.8438,11.2227,14.91,102.91,108.61,1
39.953,2.82,-6.64,0.1523,0.6478,0.2695,8.5430,14.91,101.99,107.31,1
39.971,2.87,-6.65,0.6133,0.6093,0.1523,12.4102,14.91,104.45,108.99,1
39.994,2.90,-6.54,-0.7656,0.7407,-0.0781,8.1172,14.91,104.16,107.68,1
40.004,2.92,-6.49,-0.7656,0.5093,-0.0781,8.1172,14.91,106.72,108.23,1
40.025,2.97,-6.44,0.6914,0.1443,0.6523,9.1562,14.91,104.25,111.04,1
40.042,3.04,-6.51,-1.8398,0.0970,-0.4219,7.4687,14.91,104.50,111.12,1
40.055,3.07,-6.55,1.3789,-0.0742,0.1914,10.1523,14.91,106.93,108.62,1
40.072,3.12,-6.58,1.1484,0.3195,-0.4961,12.3398,14.91,106.51,109.43,1
40.092,3.17,-6.61,0.3437,0.4240,-0.2695,8.7773,14.91,105.54,109.41,1
40.106,3.21,-6.62,0.6523,0.4364,-1.0352,11.2187,14.91,105.57,111.77,1
40.123,3.29,-6.61,0.5352,0.4841,-0.0781,8.8125,14.91,106.41,108.78,1
40.141,3.38,-6.62,-0.5352,0.2646,-0.2695,8.0430,14.91,108.75,110.89,1
40.165,3.46,-6.71,0.7656,-0.2006,0.8828,11.0703,14.91,108.37,110.99,1
40.174,3.50,-6.78,0.7656,-0.0522,0.8828,11.0703,14.91,108.37,111.83,1
40.195,3.59,-6.92,1.7227,0.3191,0.7656,11.9180,14.91,105.20,111.72,1
40.213,3.68,-6.95,-0.6914,0.5240,-0.9570,7.5508,14.91,107.20,111.28,1
40.225,3.73,-6.98,1.0742,0.3963,-0.0781,10.0352,14.91,106.39,112.99,1
40.243,3.83,-7.03,-0.2695,0.4810,-0.2305,10.4570,14.91,106.25,111.35,1
40.263,3.93,-7.06,1.0352,0.5139,-0.9180,9.5039,14.91,106.03,112.76,1
40.276,3.98,-7.05,-0.7266,0.4883,-1.1875,6.4023,14.91,108.37,112.41,1
40.293,4.09,-7.10,-0.9180,0.1285,0.5352,6.7852,14.91,109.34,113.66,1
40.311,4.20,-7.14,1.3398,0.2714,-0.6133,11.1094,17.02,107.14,115.25,1
40.331,4.30,-7.15,2.4531,0.8208,-1.1484,11.9883,17.02,108.61,111.45,1
40.344,4.35,-7.14,0.0000,0.6391,-0.4961,10.3477,17.02,110.72,111.94,1
40.362,4.47,-7.14,-0.6523,0.3135,-0.8047,6.3242,17.02,109.10,113.97,1
40.383,4.60,-7.16,0.1523,0.5684,-1.0742,9.3437,17.02,108.81,114.01,1
40.404,4.73,-7.15,-0.3047,0.3254,1.9922,10.6914,17.02,108.14,113.28,1
40.415,4.80,-7.15,0.4219,0.2441,-1.7617,7.4687,17.02,107.75,113.48,1
40.433,4.93,-7.16,1.6484,0.3926,0.8047,14.3594,17.02,105.95,112.51,1
40.451,5.06,-7.14,-0.1914,0.4136,-1.3398,11.4180,17.02,105.82,112.78,1
40.463,5.13,-7.12,0.2305,0.3544,-1.6836,9.7305,17.02,108.04,111.01,1
40.481,5.27,-7.07,-1.3789,-0.0440,0.7266,6.8906,17.02,106.81,113.80,1
40.505,5.40,-7.11,1.5313,-0.3132,0.1133,11.4180,17.02,106.54,114.76,1
40.514,5.47,-7.12,1.5313,-0.0299,0.1133,11.4180,17.02,107.52,114.12,1
40.531,5.59,-7.13,-0.0391,0.0653,-1.0742,9.6133,17.02,108.98,112.11,1
40.553,5.71,-7.12,0.3828,0.0237,-0.8047,7.2031,17.02,110.83,115.58,1
40.565,5.76,-7.11,0.3828,0.0789,-0.8047,7.2031,17.02,109.90,115.25,1
40.583,5.86,-7.12,-1.3398,0.2555,-0.7656,7.9336,17.02,106.83,114.73,1
40.602,5.96,-7.14,0.0000,-0.0898,1.6094,9.2695,17.02,110.77,113.16,1
40.621,6.05,-7.16,1.3008,0.2287,-0.6523,8.9609,17.02,109.67,113.92,1
40.634,6.10,-7.18,1.4922,0.4087,0.4961,11.6797,17.02,108.94,115.70,1
40.652,6.19,-7.19,-1.0352,0.2187,-0.6133,7.9297,17.02,108.79,114.68,1
40.671,6.26,-7.23,0.3828,0.1769,-0.3437,9.3867,17.02,108.12,114.44,1
40.684,6.30,-7.23,-0.3437,0.0617,-0.4961,9.1602,17.02,108.62,113.97,1
40.701,6.38,-7.28,0.8828,0.1949,-0.8828,10.6484,17.02,107.93,113.40,1
40.725,6.45,-7.24,0.7266,0.7534,-1.3398,10.3477,17.02,108.53,112.83,1
40.735,6.47,-7.22,0.7266,0.7493,-1.3398,10.3477,17.02,108.12,113.12,1
40.755,6.53,-7.14,0.0000,0.3486,-0.5352,8.6602,17.02,110.28,114.67,1
40.772,6.60,-7.09,1.9141,0.4028,-0.8828,11.5703,17.02,109.58,112.18,1
40.792,6.62,-6.91,-0.9180,0.2913,-0.8828,7.8164,17.02,109.19,112.91,1
40.803,6.62,-6.86,-0.6523,0.1268,0.3828,8.6211,17.02,107.05,114.98,1
40.822,6.63,-6.76,-0.3437,-0.0705,-1.2266,6.2070,17.02,108.66,113.62,1
40.842,6.66,-6.73,2.3750,0.4537,0.6133,14.0586,17.02,107.16,113.33,1
40.854,6.66,-6.73,-0.2695,0.3426,-0.8047,9.7695,17.02,107.31,111.52,1
40.871,6.66,-6.44,1.0742,0.4313,-0.6133,11.1523,17.02,105.93,113.84,1
40.895,6.67,-6.25,-1.6836,0.0473,-1.0352,7.2383,17.02,105.24,113.97,1
40.905,6.67,-6.19,-1.6836,-0.2186,-1.0352,7.2383,17.02,105.16,113.05,1
40.925,6.67,-6.08,0.0391,-0.3543,-0.9180,10.9141,17.02,107.67,113.31,1
40.942,6.65,-5.93,-0.4609,-0.2828,0.7266,10.8008,17.02,106.78,113.71,1
40.961,6.65,-5.85,-0.8438,-0.3921,-0.1523,7.7344,17.02,107.83,113.12,1
40.973,6.61,-5.72,-0.9180,-0.4674,0.2305,10.4180,17.02,105.27,111.74,1
40.992,6.59,-5.66,-2.7578,-0.8778,-0.9180,4.1719,17.02,108.67,111.47,1
41.012,6.52,-5.58,-0.2305,-0.9594,0.8438,10.3828,17.02,108.59,115.53,1
41.024,6.48,-5.56,-0.9570,-0.9056,-0.5352,7.5117,17.02,109.19,114.14,1
41.042,6.39,-5.53,-1.1484,-0.9655,-0.4961,7.2031,17.02,107.40,112.60,1
41.061,6.29,-5.53,-0.3437,-0.8393,-0.6914,8.8828,17.02,107.96,113.29,1
41.075,6.23,-5.55,0.2695,-0.5939,-0.7656,7.9687,17.02,107.79,115.38,1
41.092,6.13,-5.59,0.4961,-0.2989,-0.1523,10.9922,17.02,106.80,113.70,1
41.115,6.01,-5.59,0.8047,-0.0623,0.0000,10.5352,17.02,107.53,111.91,1
41.134,5.89,-5.55,-1.7227,-0.3260,-1.3008,5.0547,17.02,107.31,112.11,1
41.143,5.84,-5.57,0.4219,-0.4636,0.0391,10.3086,17.02,108.59,112.71,1
41.162,5.71,-5.62,-0.8438,-0.3137,-1.2656,8.9609,17.02,107.62,111.71,1
41.182,5.59,-5.63,-0.2695,-0.3673,-0.7266,10.6484,17.02,106.15,111.71,1
41.194,5.51,-5.62,0.2695,-0.3092,-0.4961,11.2578,17.02,103.93,110.99,1
41.212,5.37,-5.54,-0.9570,-0.3833,-1.5313,11.6055,17.02,102.35,112.94,1
41.232,5.25,-5.45,-1.3398,-0.6308,0.7266,10.6914,17.02,101.71,108.75,1
41.245,5.17,-5.37,-2.5664,-1.0591,-1.4180,6.5469,17.02,102.79,107.76,1
41.262,5.05,-5.33,-1.3008,-1.2065,-0.6133,9.1562,17.02,104.25,110.61,1
41.283,4.89,-5.24,-1.5313,-1.0878,-0.2305,8.7773,17.02,102.95,110.16,1
41.296,4.82,-5.23,-1.5313,-1.1560,-0.2305,8.7773,17.02,102.03,111.21,1
41.315,4.64,-5.15,-1.2656,-1.0209,-0.5742,8.3516,18.50,105.10,219.01,1
41.333,4.47,-5.17,-0.4609,-1.0259,-0.9570,9.7656,18.50,105.39,110.51,1
41.352,4.30,-5.18,-1.8008,-1.1298,-1.1094,8.0430,18.50,105.88,111.10,1
41.364,4.21,-5.22,-0.5352,-1.1316,-0.6523,10.1484,18.50,103.55,110.01,1
41.382,4.04,-5.25,0.8047,-0.6318,-0.9180,10.0352,18.50,103.86,109.97,1
41.403,3.87,-5.29,-0.4219,-0.4958,-0.4961,9.8437,18.50,103.93,109.25,1
41.415,3.87,-5.29,-0.5742,-0.5079,-1.7617,7.8945,18.50,103.00,109.69,1
41.432,3.55,-5.29,0.0000,-0.4034,-1.0742,11.1133,18.50,104.25,108.27,1
41.455,3.34,-5.21,-0.6133,-0.0962,-1.8398,9.5430,18.50,104.77,107.96,1
41.466,3.25,-5.18,-0.6133,-0.1756,-1.8398,9.5430,18.50,103.57,106.94,1
41.484,3.06,-5.05,-1.9922,-0.2634,-0.8438,8.2344,18.50,100.66,108.20,1
41.502,2.88,-4.96,-1.2656,-0.6955,-0.6914,7.0469,18.50,102.57,106.93,1
41.522,2.70,-4.89,-1.3008,-0.8977,-0.8438,7.5859,18.50,101.47,108.03,1
41.534,2.62,-4.89,-1.5703,-0.9812,-0.8438,7.5898,18.50,102.67,105.79,1
41.552,2.55,-4.89,0.1914,-0.8776,-0.8438,10.6133,18.50,102.04,106.20,1
41.572,2.30,-4.90,-1.7617,-1.0067,-2.1445,8.1562,18.50,101.82,107.07,1
41.585,2.22,-4.89,-0.7656,-1.0430,-1.4570,10.8398,18.50,101.50,108.44,1
41.602,2.09,-4.87,0.0781,-0.7617,-0.9961,10.5312,18.50,99.86,106.27,1
41.624,1.96,-4.86,-1.1875,-0.6084,-1.0742,10.5352,18.50,98.72,104.80,1
41.636,1.90,-4.86,-1.1875,-0.6974,-1.0742,10.5352,18.50,99.21,104.95,1
41.656,1.80,-4.84,-1.1875,-0.8255,-1.6484,9.2266,18.50,100.11,106.02,1
41.674,1.69,-4.81,-1.5703,-0.9588,-2.0312,8.4258,18.50,101.19,105.91,1
41.691,1.61,-4.79,1.1875,-0.5569,-0.9961,11.9141,18.50,100.57,106.96,1
41.704,1.57,-4.75,-0.8438,-0.4515,-1.2656,9.0000,18.50,100.62,105.52,1
41.723,1.49,-4.72,-1.2656,-0.5965,-0.1914,8.5820,18.50,98.81,105.89,1
41.742,1.44,-4.74,-1.7227,-0.9258,-0.7656,6.3242,18.50,99.81,105.02,1
41.755,1.42,-4.77,-1.6094,-1.0391,-0.4609,8.5000,18.50,99.68,105.86,1
41.772,1.38,-4.82,-0.9180,-1.0805,-0.9961,7.9727,18.50,99.00,104.34,1
41.795,1.35,-4.87,0.4219,-0.9028,-0.6914,11.1484,18.50,100.97,103.52,1
41.806,1.33,-4.87,0.4219,-0.6993,-0.6914,11.1484,18.50,100.51,102.46,1
41.823,1.32,-4.90,0.6133,-0.3390,-1.1094,9.6523,18.50,99.55,103.06,1
41.842,1.33,-4.94,-0.1133,-0.2223,-0.1523,11.1914,18.50,97.24,105.14,1
41.863,1.33,-4.90,1.4180,-0.0689,-1.3398,10.9922,18.50,97.06,103.28,1
41.875,1.33,-4.85,-0.8438,0.0792,0.0391,10.5312,18.50,97.75,101.46,1
41.893,1.34,-4.76,-0.5742,-0.1610,-0.9570,8.0391,18.50,98.00,101.32,1
41.912,1.37,-4.67,0.9570,0.0370,-0.1133,11.7578,18.50,97.68,100.46,1
41.925,1.39,-4.62,-1.9922,-0.0576,-0.8438,7.7773,18.50,97.25,100.41,1
41.942,1.42,-4.51,-0.2305,-0.3272,-0.2305,9.7656,18.50,95.29,101.60,1
41.961,1.47,-4.39,-1.8008,-0.6473,-1.4180,7.7773,18.50,95.44,101.75,1
41.976,1.50,-4.35,-2.4141,-1.0383,-0.1133,6.4414,18.50,95.91,102.43,1
41.993,1.56,-4.34,-1.0742,-1.1320,-0.2305,8.3945,18.50,95.29,102.15,1
42.015,1.64,-4.33,-0.8438,-0.9690,-0.1523,10.4141,18.50,95.76,99.78,1
42.032,1.70,-4.28,-1.1484,-0.9578,0.0000,9.8828,18.50,96.60,99.27,1
42.045,1.74,-4.24,-2.9492,-1.1441,-1.0742,5.7422,18.50,94.08,100.18,1
42.064,1.79,-4.21,-0.7656,-1.4813,0.1914,9.6094,18.50,95.51,101.21,1
42.083,1.80,-4.15,0.4609,-0.9659,-0.4609,10.8750,18.50,96.18,100.66,1
42.095,1.82,-4.11,1.9531,-0.6274,-0.4609,13.6328,18.50,94.85,101.56,1
42.112,1.83,-3.94,-1.0352,-0.4090,-1.8398,6.8906,18.50,93.69,99.90,1
42.132,1.86,-3.84,-2.6797,-0.9505,0.4219,6.5859,18.50,94.32,98.62,1
42.146,1.88,-3.81,-2.6797,-1.2161,0.4219,6.5859,18.50,94.52,98.97,1
42.163,1.92,-3.82,-1.1875,-1.3848,0.0391,8.4648,18.50,94.60,99.81,1
42.185,1.95,-3.80,0.2305,-0.7754,-0.3437,8.6172,18.50,95.90,102.36,1
42.204,1.98,-3.74,-0.3047,-0.5330,-0.5742,8.7383,18.50,96.71,101.32,1
42.215,2.00,-3.72,-0.8828,-0.5287,0.0781,7.5898,18.50,94.80,101.47,1
42.232,2.04,-3.69,-0.8047,-0.6229,-0.5742,7.6562,18.50,94.79,99.41,1
42.251,2.09,-3.70,-0.8438,-0.6935,0.1914,7.8945,18.50,96.48,98.98,1
42.265,2.11,-3.72,0.3828,-0.6185,-0.1133,10.0742,18.50,96.29,98.79,1
42.283,2.14,-3.73,1.3398,-0.0653,-0.8438,11.9531,18.50,93.76,100.74,1
42.302,2.17,-3.65,-0.0781,0.0999,-0.8828,9.9219,18.50,93.14,99.94,1
42.316,2.20,-3.62,-1.1094,-0.0099,-0.8438,8.3906,16.91,93.50,98.88,1
42.333,2.25,-3.58,-1.1094,-0.3847,-0.6133,8.8437,16.91,92.34,99.45,1
42.351,2.30,-3.53,0.1914,-0.3024,-0.2305,11.1094,16.91,93.69,97.67,1
42.373,2.35,-3.47,0.0781,-0.2328,0.3828,11.3750,16.91,93.95,97.35,1
42.386,2.36,-3.43,-1.5313,-0.2927,-0.0391,7.3125,16.91,92.15,97.34,1
42.403,2.39,-3.38,-0.8438,-0.5890,-0.2695,8.6953,16.91,92.70,100.03,1
42.423,2.41,-3.28,1.4570,-0.1666,-0.2695,10.4922,16.91,93.44,100.50,1
42.435,2.42,-3.23,-1.1094,-0.0126,-0.0781,8.6172,16.91,91.93,97.51,1
42.454,2.42,-3.19,-0.1523,-0.2471,0.1133,10.6094,16.91,91.67,97.68,1
42.471,2.42,-3.14,-0.5742,-0.3082,-0.9570,10.6523,16.91,92.22,97.17,1
42.486,2.41,-3.09,0.3047,-0.2787,0.0000,10.9961,16.91,91.40,98.20,1
42.503,2.39,-2.96,-1.3789,-0.4524,-0.6133,6.9297,16.91,93.62,96.29,1
42.522,2.39,-2.99,-2.6445,-0.9953,0.4219,5.9023,16.91,94.22,97.53,1
42.543,2.34,-3.01,0.3047,-0.9710,-0.4219,10.1914,16.91,93.37,100.76,1
42.554,2.31,-3.04,0.3047,-0.7750,-0.4219,10.1914,16.91,91.68,99.94,1
42.574,2.25,-2.99,-0.2695,-0.1930,-0.3437,8.8477,16.91,93.88,96.78,1
42.594,2.19,-3.04,-2.0703,-0.3588,-0.3828,7.2070,16.91,94.45,97.15,1
42.605,2.17,-3.08,-2.5664,-0.7772,-0.3828,6.2461,16.91,93.53,99.42,1
42.623,2.09,-3.22,2.2227,-0.9015,0.5352,13.7539,16.91,92.58,99.97,1
42.641,1.99,-3.24,2.0312,0.1212,0.1523,13.7500,16.91,92.70,100.30,1
42.656,1.94,-3.22,-0.1523,0.2399,-1.2266,8.2773,16.91,91.69,98.83,1
42.675,1.89,-3.24,0.5742,0.2403,-0.6133,11.4570,16.91,93.12,96.98,1
42.692,1.63,-3.08,0.6914,0.3609,-0.9180,10.7695,16.91,91.16,95.43,1
42.713,1.35,-2.85,-2.7187,0.0601,-1.1875,5.0156,16.91,92.16,95.86,1
42.724,1.22,-2.77,-2.7187,-0.3667,-1.1875,5.0156,16.91,92.16,97.52,1
42.744,0.96,-2.70,0.5742,-0.6554,0.3828,10.5352,16.91,93.42,96.20,1
42.764,0.72,-2.68,1.6484,-0.2207,-1.4180,13.0664,16.91,92.16,96.55,1
42.775,0.60,-2.63,0.3437,0.0886,-0.7656,11.7227,16.91,90.16,97.86,1
42.793,0.37,-2.48,-0.9961,0.0537,-1.0352,8.8867,16.91,90.55,96.95,1
42.811,0.16,-2.36,-1.6094,-0.4399,-1.0742,6.8203,16.91,91.06,96.55,1
42.826,0.06,-2.34,0.9570,-0.4142,-0.7266,11.7578,16.91,90.43,97.61,1
42.844,-0.15,-2.26,-1.0742,-0.3963,-0.4961,9.4609,16.91,91.51,94.46,1
42.863,-0.35,-2.17,0.4219,-0.2574,-1.1094,9.7656,16.91,91.65,95.25,1
42.884,-0.56,-2.15,0.6523,-0.4759,0.4961,6.3633,16.91,92.13,95.78,1
42.894,-0.66,-2.19,0.6523,-0.3026,0.4961,6.3633,16.91,93.11,99.49,1
42.911,-0.88,-2.19,4.6719,0.8578,0.2305,16.9336,16.91,90.82,100.40,1
42.932,-1.09,-2.07,2.7578,1.3354,0.2305,13.5273,16.91,90.26,96.95,1
42.952,-1.30,-1.86,-2.7969,0.5910,-1.8789,5.5586,16.91,91.26,96.58,1
42.964,-1.40,-1.80,-2.5273,0.0922,-0.2305,5.3633,16.91,93.34,94.68,1
42.984,-1.58,-1.74,0.3047,-0.1741,-0.8438,11.4180,16.91,93.48,95.46,1
42.996,-1.69,-1.67,-2.6055,-0.3010,-2.4883,6.3242,16.91,93.35,96.68,1
43.013,-1.87,-1.63,-0.3047,-0.7705,-0.0391,8.5391,16.91,92.26,97.93,1
43.032,-2.06,-1.59,-0.6914,-0.6973,-0.5352,9.5000,16.91,93.04,96.20,1
43.051,-2.25,-1.58,-0.8047,-0.7207,-1.3008,6.3203,16.91,92.85,95.65,1
43.064,-2.33,-1.59,1.8008,-0.1626,-0.6523,12.6055,16.91,93.33,96.66,1
43.082,-2.52,-1.50,-0.0391,-0.0130,-1.5703,8.1602,16.91,92.37,98.76,1
43.103,-2.69,-1.50,-0.8047,0.0871,-1.0742,7.2070,16.91,92.36,97.85,1
43.115,-2.77,-1.49,-0.8047,-0.0499,-1.0742,7.2070,16.91,93.49,98.59,1
43.133,-2.93,-1.53,1.9531,0.2936,0.1523,12.0664,16.91,94.70,96.74,1
43.154,-3.08,-1.53,1.1094,0.6726,-2.3750,11.3750,16.91,92.77,98.67,1
43.166,-3.15,-1.48,1.2656,0.7818,-0.7266,11.4961,16.91,92.70,95.04,1
43.184,-3.29,-1.40,-0.7266,0.7596,-1.8398,9.1953,16.91,93.62,97.86,1
43.202,-3.42,-1.30,-1.4922,0.0835,-0.1523,5.4805,16.91,92.82,97.90,1
43.225,-3.53,-1.28,-0.7656,0.2049,-1.2266,9.3086,16.91,94.71,100.29,1
43.234,-3.59,-1.25,-0.7656,0.0559,-1.2266,9.3086,16.91,94.78,99.24,1
43.252,-3.69,-1.23,0.1523,0.0260,-0.2695,7.7734,16.91,92.98,96.66,1
43.273,-3.80,-1.22,-1.1875,-0.7077,-1.1094,6.2422,16.91,94.25,98.88,1
43.293,-3.89,-1.29,2.7578,0.0019,0.3047,15.0977,16.91,92.69,97.22,1
43.305,-3.93,-1.29,-0.6523,0.3390,-1.8008,10.4180,16.91,93.00,100.70,1
43.324,-4.00,-1.28,0.3437,0.1375,-0.3828,10.1914,15.82,94.34,98.90,1
43.336,-4.04,-1.27,-1.1484,0.0638,-0.9180,8.1562,15.82,97.05,100.38,1
43.353,-4.33,-1.08,-1.0742,-0.2741,-0.3828,5.4805,15.82,94.04,98.64,1
43.372,-4.54,-1.09,2.2227,0.1828,0.0000,12.6445,15.82,93.15,100.69,1
43.391,-4.70,-0.99,1.4180,0.5832,-2.6797,11.2578,15.82,95.90,99.55,1
43.404,-4.77,-0.96,1.1875,0.7170,0.3437,11.2187,15.82,95.44,99.56,1
43.422,-4.89,-0.82,-0.8047,0.4095,-1.1875,8.5391,15.82,95.90,101.18,1
43.445,-4.97,-0.77,2.3359,0.3947,-0.2305,13.1016,15.82,95.28,100.18,1
43.455,-4.99,-0.78,2.3359,0.6929,-0.2305,13.1016,15.82,94.63,102.32,1
43.474,-5.05,-0.71,1.1875,0.5527,0.6133,10.4922,15.82,97.18,98.34,1
43.493,-5.09,-0.63,-2.3359,0.4509,-1.1875,6.2031,15.82,97.43,99.60,1
43.506,-5.10,-0.59,-1.3398,-0.0862,0.3047,5.4414,15.82,97.80,98.98,1
43.523,-5.11,-0.60,1.1094,-0.2458,-0.6914,11.7187,15.82,95.90,101.18,1
43.542,-5.13,-0.56,-0.3047,-0.0967,-1.0352,8.6172,15.82,96.60,102.20,1
43.563,-5.13,-0.54,1.4570,0.2342,0.6523,11.1094,15.82,95.38,101.58,1
43.574,-5.13,-0.54,0.2305,0.2336,-2.1445,7.9727,15.82,99.31,101.30,1
43.591,-5.11,-0.53,0.5352,0.3000,0.0000,9.3867,15.82,97.09,100.46,1
43.615,-5.08,-0.53,0.5352,0.6219,-1.4570,10.9922,15.82,95.85,99.89,1
43.625,-5.06,-0.47,0.5352,0.6086,-1.4570,10.9922,15.82,94.59,98.86,1
43.645,-5.01,-0.31,0.6914,0.6740,-1.4180,9.0781,15.82,97.23,101.27,1
43.663,-4.95,-0.20,-1.0742,0.5377,-0.3047,7.4727,15.82,96.35,100.02,1
43.676,-4.91,-0.20,-0.3047,0.2425,-1.6094,11.3008,15.82,96.46,101.93,1
43.694,-4.83,-0.13,-0.9961,0.0320,-0.5352,8.7773,15.82,94.95,101.03,1
43.714,-4.75,-0.05,0.1914,-0.0557,0.9180,9.7266,15.82,94.90,101.13,1
43.731,-4.67,-0.05,0.0781,0.0035,-1.3398,7.2734,15.82,96.36,101.57,1
43.744,-4.62,-0.07,-0.9570,-0.0679,0.6523,7.9727,15.82,96.81,102.15,1
43.762,-4.53,-0.13,0.7656,0.0102,-0.4609,10.4570,15.82,97.13,103.82,1
43.785,-4.45,-0.12,-0.3828,0.2069,0.6523,8.8477,15.82,98.10,103.01,1
43.795,-4.42,-0.14,-0.3828,0.1163,0.6523,8.8477,15.82,100.48,103.82,1
43.812,-4.34,-0.14,1.8789,0.4753,-0.9180,9.5820,15.82,96.26,102.00,1
43.833,-4.26,-0.14,0.1133,0.9216,-0.7656,10.5703,15.82,95.76,102.19,1
43.853,-4.17,-0.10,-0.2695,0.5613,-0.2695,8.2773,15.82,97.68,101.83,1
43.863,-4.14,-0.07,-1.2656,0.3540,-0.0391,6.9336,15.82,99.41,100.46,1
43.883,-4.05,-0.05,-0.0781,-0.0103,-0.3047,8.0781,15.82,99.61,101.88,1
43.902,-3.97,-0.06,0.1523,0.0176,0.4609,8.5820,15.82,98.90,103.14,1
43.914,-3.94,-0.07,-0.9961,-0.0536,-1.4180,7.9727,15.82,101.06,104.41,1
43.932,-3.86,-0.12,-0.3437,-0.2305,0.4961,7.7734,15.82,97.59,103.87,1
43.952,-3.80,-0.19,0.3047,-0.1191,-0.8438,9.9258,15.82,98.74,104.52,1
43.965,-3.77,-0.21,0.2305,-0.0418,0.3828,9.0781,15.82,97.09,104.79,1
43.983,-3.70,-0.21,3.3711,0.7305,-0.5742,14.1719,15.82,98.62,103.03,1
44.004,-3.64,-0.15,-0.1523,0.5732,1.2266,9.1953,15.82,98.56,102.16,1
44.016,-3.62,-0.11,-0.1523,0.4617,1.2266,9.1953,15.82,100.97,102.53,1
44.034,-3.56,-0.06,-0.8438,0.3450,0.3828,9.1953,15.82,98.03,105.50,1
44.053,-3.50,-0.06,0.2305,0.0938,-1.3008,9.8477,15.82,97.03,105.25,1
44.071,-3.45,-0.10,1.2266,0.3608,-1.1875,12.1016,15.82,97.68,104.23,1
44.084,-3.43,-0.07,0.0391,0.3988,0.5742,10.3828,15.82,99.05,103.24,1
44.102,-3.36,-0.01,0.5742,0.3946,-0.8047,7.5898,15.82,99.43,103.97,1
44.122,-3.30,0.02,0.5742,0.4455,0.4609,9.1172,15.82,98.76,105.37,1
44.135,-3.30,0.02,-1.6094,0.1299,-0.7266,8.1992,15.82,98.25,103.81,1
44.152,-3.19,0.05,0.0000,-0.0072,-0.0781,8.9648,15.82,97.68,103.62,1
44.174,-3.13,0.06,-0.4961,-0.1303,-0.1523,6.5898,15.82,98.99,103.36,1
44.186,-3.11,0.05,-0.4961,-0.1865,-0.1523,6.5898,15.82,97.79,105.08,1
44.205,-3.04,0.04,0.1523,0.2195,-1.5703,9.7305,15.82,100.30,106.33,1
44.224,-2.98,0.08,2.9102,0.4211,1.4180,13.4844,15.82,100.01,105.24,1
44.237,-2.96,0.15,-1.9141,0.5860,-1.5703,5.2148,15.82,100.94,105.59,1
44.254,-2.89,0.19,-1.3008,-0.0740,0.6523,6.3984,15.82,100.11,103.36,1
44.272,-2.82,0.19,0.4961,-0.0945,-0.3828,10.3867,15.82,101.50,104.87,1
44.292,-2.77,0.16,1.9531,0.3954,-1.4180,12.1797,15.82,99.40,104.33,1
44.305,-2.75,0.21,-0.0391,0.4753,0.5352,9.6914,17.06,101.46,103.66,1
44.322,-2.71,0.28,0.5352,0.4270,-1.5703,6.5469,17.06,101.87,105.13,1
44.346,-2.67,0.30,-1.2266,0.3937,-1.0742,8.1172,17.06,100.65,105.75,1
44.356,-2.65,0.31,-1.2266,0.1449,-1.0742,8.1172,17.06,102.76,103.54,1
44.376,-2.62,0.38,-1.4180,0.0915,-1.0352,7.4297,17.06,100.76,106.59,1
44.393,-2.59,0.41,-1.6094,-0.3519,-0.1133,3.9102,17.06,100.95,108.65,1
44.413,-2.57,0.39,0.6523,-0.3611,0.2305,10.8789,17.06,101.07,109.05,1
44.424,-2.54,0.32,-0.9570,-0.3342,-1.4180,8.5039,17.06,102.62,106.72,1
44.443,-2.53,0.27,1.8789,-0.2840,0.7266,13.7539,17.06,102.11,106.59,1
44.463,-2.51,0.26,-0.2305,-0.0134,-1.1484,9.8477,17.06,101.79,105.37,1
44.475,-2.51,0.25,-0.1914,-0.0437,0.6914,9.8477,17.06,102.22,107.11,1
44.492,-2.50,0.26,-0.8047,-0.2297,-0.3047,8.8477,17.06,100.02,107.01,1
44.512,-2.50,0.22,0.6133,-0.0790,-0.4219,9.8828,17.06,100.56,106.51,1
44.526,-2.52,0.21,-0.4609,-0.1635,0.0000,9.5430,17.06,101.97,106.94,1
44.543,-2.54,0.22,0.0000,-0.1459,-0.6133,6.9727,17.06,101.70,106.73,1
44.564,-2.56,0.20,-1.1094,0.2744,-0.6914,8.9219,17.06,102.34,109.13,1
44.583,-2.59,0.17,0.8047,0.0351,0.0391,8.0391,17.06,103.80,108.93,1
44.594,-2.61,0.14,-0.5742,0.0951,-1.0352,9.1992,17.06,102.28,106.79,1
44.613,-2.66,0.07,-0.4609,-0.0857,-0.4219,7.3516,17.06,101.65,111.04,1
44.632,-2.70,-0.01,-0.5352,-0.2300,-0.8438,10.6094,17.06,102.17,109.94,1
44.645,-2.73,-0.05,0.6523,-0.1819,-1.4180,9.8867,17.06,103.01,109.22,1
44.662,-2.77,-0.14,-0.4219,-0.1352,-0.4219,10.0742,17.06,104.73,108.58,1
44.682,-2.81,-0.24,-0.6523,-0.2675,-0.9961,6.3203,17.06,103.46,106.95,1
44.696,-2.82,-0.29,1.8789,0.2075,0.1523,12.6836,17.06,102.17,109.10,1
44.714,-2.87,-0.34,0.6523,0.4101,-1.6094,9.7695,17.06,104.24,107.07,1
44.734,-2.91,-0.34,-0.3437,0.6627,-1.9922,8.9258,17.06,104.72,107.74,1
44.753,-2.95,-0.32,-0.6523,0.3526,-0.6523,8.4648,17.06,103.48,107.47,1
44.766,-2.97,-0.33,0.9961,0.2621,-0.4961,11.8750,17.06,102.56,109.97,1
44.783,-3.00,-0.31,-0.2305,0.3721,-1.4922,9.2656,17.06,103.33,110.95,1
44.803,-3.03,-0.32,-1.9141,-0.2059,1.1484,6.5469,17.06,103.91,109.16,1
44.815,-3.06,-0.33,-1.0352,-0.3980,-1.4180,6.7852,17.06,102.60,110.30,1
44.832,-3.08,-0.41,1.2656,-0.1060,0.1914,12.0625,17.06,104.70,108.75,1
44.852,-3.13,-0.38,0.9961,0.2233,-1.0742,11.4961,17.06,104.04,109.64,1
44.866,-3.14,-0.37,0.2305,0.2249,-0.7266,9.2695,17.06,102.86,109.43,1
44.883,-3.19,-0.31,-0.9570,-0.0360,-0.8047,7.7773,17.06,103.30,108.35,1
44.906,-3.23,-0.34,0.9961,-0.0689,-0.9961,11.8008,17.06,101.97,107.90,1
44.917,-3.24,-0.29,0.9961,0.0947,-0.9961,11.8008,17.06,101.01,106.07,1
44.935,-3.27,-0.29,-0.5352,-0.2041,0.2305,8.3555,17.06,104.28,107.20,1
44.953,-3.29,-0.27,0.0391,-0.2520,-1.3789,8.4648,17.06,105.46,109.12,1
44.972,-3.32,-0.30,1.4922,0.1688,-0.0781,9.9258,17.06,104.72,109.18,1
44.985,-3.33,-0.30,-0.3437,0.2252,-0.5352,9.3867,17.06,103.85,108.17,1
45.004,-3.36,-0.33,-0.6133,-0.0284,0.3828,8.1602,17.06,104.60,109.90,1
45.022,-3.40,-0.37,-0.4961,-0.2019,-0.0781,9.0430,17.06,105.60,109.71,1
45.036,-3.42,-0.42,-0.5742,-0.2533,-0.6914,8.1211,17.06,105.22,110.72,1
45.053,-3.46,-0.49,2.7578,0.3747,0.0781,13.9766,17.06,102.62,109.91,1
45.072,-3.50,-0.52,0.6133,0.5760,-1.1875,11.1094,17.06,102.75,109.90,1
45.087,-3.52,-0.49,-0.3828,0.3638,-0.1133,9.7656,17.06,103.59,109.47,1
45.104,-3.56,-0.47,-0.1133,0.2117,-0.6523,7.8555,17.06,103.52,109.52,1
45.124,-3.60,-0.41,-1.1875,0.4940,-0.2305,8.0781,17.06,104.49,108.30,1
45.144,-3.64,-0.39,-0.0391,0.1749,-0.2695,6.4375,17.06,105.76,107.27,1
45.155,-3.67,-0.39,-0.2305,0.1122,-0.7656,9.2656,17.06,107.03,108.00,1
45.174,-3.73,-0.38,-0.6133,-0.0156,-1.0352,6.3203,17.06,103.76,109.46,1
45.192,-3.77,-0.39,1.2266,0.1878,-1.1094,11.1523,17.06,104.61,108.73,1
45.206,-3.79,-0.39,0.7266,0.3074,-0.4961,11.2578,17.06,102.69,108.04,1
45.223,-3.83,-0.36,1.9531,0.7217,0.0000,12.7891,17.06,103.01,109.55,1
45.243,-3.87,-0.26,-1.3398,0.3422,-1.1094,7.4687,17.06,102.47,108.57,1
45.257,-3.89,-0.26,-0.6133,0.1307,0.4219,7.7773,17.06,101.13,109.29,1
45.274,-3.94,-0.23,-0.4219,-0.0379,-0.8047,10.8008,17.06,103.02,109.03,1
45.294,-4.00,-0.15,-0.3437,0.2574,-0.2305,10.6875,17.06,102.03,109.02,1
45.314,-4.07,-0.03,-1.8789,-0.0359,-0.7656,6.5508,17.59,102.52,108.19,1
45.325,-4.10,0.00,1.2266,-0.1954,0.1133,12.5273,17.59,101.65,105.41,1
45.344,-4.17,0.08,-1.0742,0.0238,-0.4609,8.3555,17.59,101.49,106.36,1
45.363,-4.26,0.16,-1.7617,-0.5027,0.2695,7.3555,17.59,101.26,106.43,1
45.376,-4.32,0.16,-0.8438,-0.6226,-0.8828,7.9727,17.59,101.92,106.78,1
45.393,-4.43,0.17,-0.7266,-0.6721,-0.3828,8.6602,17.59,102.82,108.52,1
45.413,-4.54,0.14,-1.0352,-0.7558,-0.5352,7.5898,17.59,105.06,106.47,1
45.434,-4.65,0.10,-0.1914,-0.8335,-0.8438,9.3437,17.59,105.19,108.71,1
45.444,-4.71,0.07,-0.1914,-0.7349,-0.8438,9.3437,17.59,104.26,110.62,1
45.465,-4.84,0.03,0.8438,-0.2091,-0.8828,10.4922,17.59,103.24,109.70,1
45.484,-4.97,-0.01,-1.3789,-0.0883,-1.5703,7.5898,17.59,103.03,109.30,1
45.495,-5.04,-0.02,0.1523,-0.2514,-0.8828,9.6484,17.59,102.68,110.07,1
45.514,-5.15,-0.06,0.2305,-0.1307,-1.1875,10.4180,17.59,103.82,107.23,1
45.533,-5.27,-0.05,-0.5742,-0.1856,-0.6133,8.7734,17.59,102.01,109.12,1
45.546,-5.33,-0.05,-0.1914,-0.2147,-0.8828,10.2266,17.59,102.12,109.05,1
45.563,-5.45,-0.01,-1.1094,-0.4099,-1.9531,6.7852,17.59,103.71,107.40,1
45.583,-5.57,-0.00,0.0781,-0.3856,0.3437,10.1094,17.59,103.99,107.35,1
45.597,-5.62,0.02,1.4180,-0.2072,-2.0703,10.5742,17.59,103.51,108.14,1
45.614,-5.74,0.04,0.5352,0.1515,-0.8047,10.9961,17.59,100.44,106.88,1
45.635,-5.85,0.14,-1.4180,-0.2088,-1.4922,7.9687,17.59,100.95,107.97,1
45.653,-5.97,0.20,-0.6914,-0.4936,-0.6133,9.5391,17.59,101.20,105.60,1
45.666,-6.03,0.25,-0.7656,-0.5433,-0.7656,8.5820,17.59,101.84,107.52,1
45.683,-6.12,0.28,0.1523,-0.5329,-0.8438,10.9141,17.59,101.82,108.71,1
45.702,-6.21,0.37,-0.8828,-0.5284,-0.8438,8.6953,17.59,101.51,106.58,1
45.716,-6.26,0.40,0.6523,-0.4600,-0.9961,10.7656,17.59,101.55,107.79,1
45.734,-6.36,0.49,-2.2227,-0.3745,-1.6836,7.2773,17.59,100.06,105.39,1
45.752,-6.44,0.51,-2.7187,-1.1144,-0.3828,6.2422,17.59,100.22,104.42,1
45.767,-6.49,0.50,1.4180,-1.0299,-0.7266,12.6836,17.59,99.42,106.25,1
45.784,-6.59,0.57,-0.2695,-0.5688,-1.6484,9.8437,17.59,99.70,104.10,1
45.803,-6.67,0.61,-0.8047,-0.6024,-0.1523,8.9609,17.59,101.85,106.34,1
45.823,-6.75,0.67,-0.7266,-0.8853,-1.3789,10.4141,17.59,99.79,104.72,1
45.843,-6.84,0.74,-1.5703,-1.0179,-0.4609,10.9531,17.59,99.13,105.94,1
45.853,-6.89,0.80,-3.7930,-1.2805,-1.4570,6.8945,17.59,97.49,104.52,1
45.874,-6.93,0.85,-1.7617,-1.6811,-1.1484,7.0508,17.59,98.73,103.49,1
45.886,-6.96,0.87,-1.1484,-1.6499,-1.3398,7.5078,17.59,102.52,103.03,1
45.903,-7.00,0.83,-2.7578,-1.6364,-1.1484,4.8281,17.59,101.25,104.26,1
45.922,-7.03,0.75,-0.3828,-1.4931,-0.5742,8.9609,17.59,101.18,106.62,1
45.937,-7.06,0.72,0.5742,-1.2460,-1.8398,10.9180,17.59,101.79,105.55,1
45.954,-7.10,0.67,2.2969,-0.2442,0.0000,12.3750,17.59,100.92,105.90,1
45.972,-7.13,0.68,0.5352,0.0866,-0.8438,9.6914,17.59,99.57,107.33,1
45.994,-7.16,0.69,-2.0703,-0.0087,-0.1523,6.4023,17.59,99.45,105.81,1
46.005,-7.17,0.67,-2.0703,-0.3254,-0.1523,6.4023,17.59,99.36,106.63,1
46.026,-7.19,0.65,0.1523,-0.0820,-0.3437,10.3047,17.59,99.85,106.00,1
46.044,-7.21,0.63,-0.5352,-0.0705,-1.0742,9.1992,17.59,100.51,105.74,1
46.056,-7.23,0.60,0.0391,-0.1274,0.3437,10.6484,17.59,99.02,104.50,1
46.074,-7.24,0.63,-0.1914,-0.0986,-1.3789,8.3906,17.59,98.96,103.65,1
46.092,-7.26,0.63,0.0781,-0.0706,0.0781,11.9141,17.59,97.85,104.03,1
46.113,-7.28,0.67,-1.1094,-0.2912,-0.9961,7.6953,17.59,97.80,102.45,1
46.125,-7.28,0.67,0.0391,-0.2405,-0.4219,11.1523,17.59,96.96,102.97,1
46.143,-7.30,0.75,0.1523,-0.1361,-0.8047,10.6133,17.59,99.43,104.76,1
46.166,-7.29,0.80,-1.1094,-0.5087,-1.0742,9.7305,17.59,98.93,104.17,1
46.175,-7.29,0.82,-1.1094,-0.6010,-1.0742,9.7305,17.59,99.16,104.24,1
46.194,-7.28,0.86,1.5703,-0.7238,-0.1133,13.4102,17.59,97.16,101.83,1
46.213,-7.26,0.93,-1.3789,-0.3091,-0.2305,9.0391,17.59,96.88,102.74,1
46.226,-7.26,0.96,0.5742,-0.3896,0.0000,10.2695,17.59,99.51,102.20,1
46.243,-7.24,1.06,-0.7266,-0.2203,-1.1094,8.1992,17.59,99.45,102.59,1
46.262,-7.21,1.16,-2.4531,-0.7750,-0.9180,4.9805,17.59,98.68,105.72,1
46.277,-7.19,1.17,-0.4961,-0.8762,-0.6523,8.2383,17.59,99.92,101.71,1
46.294,-7.14,1.21,-0.6523,-0.7812,-2.0312,9.3086,17.59,99.92,104.77,1
46.313,-7.09,1.25,-0.5352,-0.7113,-0.7266,9.3867,17.72,97.68,104.67,1
46.336,-7.04,1.25,0.6523,-0.2835,-0.6133,11.3008,17.72,98.13,103.78,1
46.345,-7.02,1.29,0.6523,-0.1397,-0.6133,11.3008,17.72,98.49,104.56,1
46.366,-6.96,1.38,-2.0312,-0.5600,-0.7266,6.0156,17.72,98.98,102.70,1
46.384,-6.89,1.38,0.4219,-0.7810,0.6523,11.7617,17.72,99.51,103.15,1
46.402,-6.84,1.40,0.1133,-0.4392,0.1914,8.5391,17.72,97.68,102.30,1
46.414,-6.82,1.40,-0.2695,-0.3850,0.2695,10.5312,17.72,99.04,103.39,1
46.433,-6.80,1.39,-1.4180,-0.5286,0.0391,7.0898,17.72,99.23,104.52,1
46.452,-6.77,1.38,0.3047,-0.4506,0.0000,9.9609,17.72,98.32,105.24,1
46.465,-6.78,1.41,0.0781,-0.3527,0.0781,9.9219,17.72,98.11,104.54,1
46.483,-6.79,1.49,1.1875,0.0397,-0.3828,10.5742,17.72,96.83,102.33,1
46.506,-6.81,1.58,-3.1016,-0.0839,-1.3398,3.9453,17.72,97.00,101.26,1
46.515,-6.83,1.61,-3.1016,-0.5474,-1.3398,3.9453,17.72,97.39,100.66,1
46.532,-6.84,1.58,-0.2305,-0.6364,0.2305,10.4141,17.72,99.06,102.42,1
46.554,-6.88,1.60,-3.1797,-1.1834,-0.6133,5.3203,17.72,99.25,101.39,1
46.573,-6.93,1.48,1.7617,-0.7704,0.3437,12.9883,17.72,98.88,102.94,1
46.584,-6.96,1.44,-0.7266,-0.5805,-1.2656,9.7695,17.72,96.47,106.10,1
46.603,-7.00,1.35,0.5742,-0.5179,0.4219,11.0312,17.72,96.97,102.94,1
46.622,-7.07,1.32,0.4219,-0.1793,-0.9570,11.6406,17.72,96.74,104.87,1
46.634,-7.10,1.32,0.7266,-0.0626,-1.1094,10.3437,17.72,99.37,102.75,1
46.653,-7.16,1.31,-1.2656,-0.2344,0.1523,8.8828,17.72,98.54,101.84,1
46.673,-7.22,1.32,0.4609,-0.1448,-2.3359,9.4258,17.72,98.61,101.55,1
46.685,-7.24,1.32,-0.0391,-0.1214,-0.9180,11.1484,17.72,99.61,103.23,1
46.702,-7.29,1.33,-2.2617,-0.5899,-3.0664,5.1328,17.72,98.07,104.30,1
46.723,-7.32,1.31,0.3828,-0.3220,-1.0352,9.8477,17.72,98.40,104.34,1
46.736,-7.34,1.32,0.3828,-0.2137,-1.0352,9.8477,17.72,98.25,104.95,1
46.755,-7.36,1.32,-0.8047,-0.0115,0.0391,6.6641,17.72,101.93,103.96,1
46.773,-7.39,1.28,-0.7266,-0.2302,-0.6523,8.0078,17.72,100.51,105.26,1
46.793,-7.40,1.22,-0.3437,-0.3147,-1.2266,9.3867,17.72,100.46,104.11,1
46.804,-7.40,1.21,0.6914,-0.2364,-0.5742,10.6484,17.72,97.90,103.56,1
46.823,-7.42,1.22,1.3789,0.2321,-0.1133,12.7187,17.72,96.81,103.08,1
46.843,-7.44,1.26,1.8789,0.6680,-0.9570,12.4102,17.72,96.54,101.11,1
46.855,-7.44,1.26,0.6523,0.6656,0.4961,11.9883,17.72,96.86,102.86,1
46.872,-7.52,1.47,-1.0742,0.2797,-0.9570,8.8164,17.72,97.53,101.75,1
46.896,-7.54,1.56,-0.5742,-0.3447,-0.0391,10.1523,17.72,96.83,101.74,1
46.906,-7.56,1.60,-0.5742,-0.3799,-0.0391,10.1523,17.72,96.39,102.53,1
46.926,-7.60,1.77,0.8047,-0.0471,0.1523,10.1523,17.72,97.21,101.11,1
46.944,-7.65,1.94,-2.1055,-0.0384,-1.6484,4.7148,17.72,97.85,100.57,1
46.962,-7.69,2.00,0.5352,-0.1587,0.3828,8.3945,17.72,99.14,101.65,1
46.974,-7.72,2.02,1.6836,0.0398,-0.6523,11.3398,17.72,97.12,104.06,1
46.992,-7.75,2.07,0.5742,0.3356,-1.1484,8.0078,17.72,96.76,104.70,1
47.013,-7.83,2.22,0.1133,0.3012,-0.3047,10.2266,17.72,96.44,103.84,1
47.025,-7.85,2.23,-3.2930,-0.0001,-1.1094,5.4766,17.72,98.35,102.53,1
47.043,-7.88,2.21,1.2656,-0.1138,-0.9180,15.2070,17.72,100.15,103.67,1
47.065,-7.92,2.24,-0.8047,-0.4956,-0.0391,8.4609,17.72,100.40,103.96,1
47.076,-7.95,2.22,-0.8047,-0.5430,-0.0391,8.4609,17.72,100.33,107.00,1
47.093,-7.98,2.24,1.7227,-0.0579,0.6914,12.9062,17.72,101.42,105.15,1
47.113,-8.04,2.31,-1.9922,-0.3270,-1.0352,5.4805,17.72,98.91,104.33,1
47.133,-8.09,2.25,-1.1875,-0.7166,-1.1484,6.8945,17.72,102.33,102.16,1
47.144,-8.11,2.18,1.8008,-0.5499,-0.9180,13.2500,17.72,102.40,107.70,1
47.163,-8.17,2.15,-1.3789,-0.1376,-0.1523,6.8203,17.72,100.68,108.51,1
47.183,-8.21,2.05,-0.1523,-0.2893,-1.4570,8.1953,17.72,102.88,104.42,1
47.195,-8.23,2.00,-1.5313,-0.3786,-0.5352,9.3828,17.72,104.54,106.64,1
47.212,-8.27,1.85,-2.8359,-1.0603,-0.0391,3.3711,17.72,102.22,104.49,1
47.232,-8.30,1.60,1.0742,-0.6985,-0.8828,12.7617,17.72,101.03,109.23,1
47.246,-8.33,1.54,-0.9961,-0.7644,-1.0352,8.3516,17.72,102.54,107.15,1
47.264,-8.38,1.24,-1.6484,-0.9745,-0.5352,5.8242,17.72,104.71,106.22,1
47.284,-8.43,0.88,-1.2266,-1.0105,1.3008,8.6562,17.72,102.82,109.08,1
47.297,-8.45,0.64,-1.2266,-1.0437,1.3008,8.6562,17.09,97.87,109.15,1
47.315,-8.51,0.33,2.7578,0.0240,-1.4180,17.5391,17.09,102.04,109.99,1
47.334,-8.57,0.17,1.9531,0.7349,-0.2695,12.4844,17.09,102.75,107.75,1
47.352,-8.63,0.08,-1.0742,0.4803,-1.8008,9.0430,17.09,104.99,106.97,1
47.365,-8.65,0.01,-0.8047,0.2631,-1.6484,6.9297,17.09,105.85,107.56,1
47.383,-8.68,-0.17,-1.8008,-0.3214,-2.2617,5.6367,17.09,104.68,110.82,1
47.403,-8.65,-0.55,-1.6484,-0.7073,-0.4609,6.2031,17.09,104.18,112.37,1
47.416,-8.64,-0.72,-0.3437,-0.6268,-0.4219,6.7422,17.09,102.38,111.52,1
47.433,-8.61,-1.05,4.7109,0.5721,-1.2656,19.1523,17.09,102.15,110.07,1
47.455,-8.61,-1.15,1.3398,1.4637,-1.7227,11.4531,17.09,104.41,107.34,1
47.467,-8.61,-1.23,1.3398,1.4447,-1.7227,11.4531,17.09,102.92,107.27,1
47.484,-8.62,-1.35,-0.4219,1.0251,0.0000,8.5000,17.09,101.95,105.80,1
47.505,-8.61,-1.39,4.9023,1.4542,-0.9961,16.7422,17.09,100.95,106.54,1
47.523,-8.59,-1.24,-0.2305,1.4938,-1.9141,9.3867,17.09,101.19,104.31,1
47.535,-8.57,-1.20,-0.1914,1.2321,1.0742,9.7656,17.09,99.81,105.01,1
47.553,-8.55,-1.11,0.8047,0.9672,-1.3789,10.1875,17.09,103.05,104.99,1
47.572,-8.55,-1.04,0.5352,0.8615,-0.4961,11.9531,17.09,100.84,105.05,1
47.586,-8.54,-0.95,0.6914,0.8238,-0.9961,13.4492,17.09,98.61,103.30,1
47.603,-8.53,-0.79,-0.1133,0.6006,-0.7266,8.9648,17.09,99.50,102.10,1
47.626,-8.53,-0.62,-1.1484,-0.0851,-2.4141,5.0586,17.09,100.59,102.97,1
47.637,-8.52,-0.60,-1.1484,-0.2484,-2.4141,5.0586,17.09,100.63,101.86,1
47.656,-8.50,-0.63,0.3828,-0.2848,-0.9180,12.7187,17.09,101.01,105.89,1
47.673,-8.49,-0.59,0.7266,-0.0680,-0.0781,10.0039,17.09,101.40,106.95,1
47.693,-8.49,-0.54,-0.6133,-0.0936,-0.8047,9.0391,17.09,101.77,104.71,1
47.705,-8.49,-0.53,-0.1523,-0.1366,-0.0781,7.0469,17.09,101.52,106.44,1
47.723,-8.49,-0.55,1.9141,0.3154,0.8438,11.8789,17.09,101.13,105.17,1
47.743,-8.53,-0.49,1.4922,0.7670,-2.1055,9.3828,17.09,102.85,107.93,1
47.756,-8.56,-0.43,-0.4609,0.7222,1.9141,7.0078,17.09,100.50,107.35,1
47.773,-8.60,-0.44,-1.1094,0.1753,-1.7617,3.1836,17.09,101.27,104.08,1
47.792,-8.65,-0.57,-0.4219,-0.0369,0.0781,8.0117,17.09,101.36,105.83,1
47.807,-8.68,-0.61,0.2305,0.0223,-1.1875,9.6875,17.09,103.44,106.85,1
47.824,-8.71,-0.70,0.0000,0.0303,-1.2266,7.6992,17.09,104.45,108.70,1
47.844,-8.78,-0.82,0.8438,0.2169,-0.5742,8.5781,17.09,104.07,110.38,1
47.864,-8.86,-0.99,2.4883,0.7946,0.4609,10.2695,17.09,104.29,107.89,1
47.875,-8.90,-1.03,0.1133,0.8647,-2.4883,9.8437,17.09,105.52,110.12,1
47.894,-9.00,-1.07,0.1133,0.6516,0.6133,7.2070,17.09,102.24,109.63,1
47.913,-9.10,-1.18,2.0703,0.9012,-2.2617,10.0742,17.09,104.29,109.71,1
47.926,-9.16,-1.24,0.7266,0.9733,-0.2695,9.3047,17.09,101.58,109.75,1
47.944,-9.28,-1.30,1.8398,1.1355,-0.9570,12.5625,17.09,102.60,108.54,1
47.963,-9.41,-1.26,2.4531,1.4710,-1.1094,13.6719,17.09,102.52,109.18,1
47.977,-9.47,-1.22,-0.3047,1.0780,-0.5352,8.8437,17.09,105.08,107.50,1
47.994,-9.59,-1.18,0.0781,0.7706,-0.7656,8.2734,17.09,104.40,106.04,1
48.014,-9.71,-1.11,-1.8398,0.8415,-2.2617,7.9727,17.09,100.88,106.79,1
48.033,-9.84,-1.03,-0.2695,0.2067,-0.0391,6.6289,17.09,102.68,104.95,1
48.046,-9.90,-1.03,-0.6914,0.0675,-1.9141,7.8164,17.09,104.25,108.18,1
48.065,-10.01,-1.05,0.1133,-0.0833,-0.9570,9.3477,17.09,101.65,108.81,1
48.083,-10.11,-1.02,1.9531,0.3909,-1.9922,15.3242,17.09,100.60,108.35,1
48.096,-10.18,-0.96,2.2969,0.6583,-2.3750,12.3398,17.09,102.29,107.31,1
48.113,-10.26,-0.80,0.3828,0.7933,0.4219,10.8398,17.09,101.12,106.02,1
48.132,-10.36,-0.66,0.0000,0.5922,-1.4570,5.6680,17.09,103.89,108.70,1
48.155,-10.44,-0.57,-0.4609,0.4901,-2.9492,9.1953,17.09,102.86,110.99,1
48.164,-10.48,-0.50,-0.4609,0.3440,-2.9492,9.1953,17.09,102.22,108.42,1
48.185,-10.55,-0.40,-0.7656,0.1257,-1.7227,7.2031,17.09,103.02,106.21,1
48.204,-10.61,-0.32,-1.0352,-0.1486,-0.6914,8.3164,17.09,102.40,106.68,1
48.216,-10.65,-0.31,1.1484,-0.1701,-0.3828,10.5703,17.09,105.64,108.78,1
48.233,-10.71,-0.19,-0.6133,0.0629,-1.9531,7.2773,17.09,106.19,108.35,1
48.252,-10.75,-0.21,-1.7617,-0.4218,-0.3437,6.4023,17.09,106.32,109.10,1
48.266,-10.77,-0.23,0.2305,-0.4682,-2.2969,6.1250,17.09,106.50,109.79,1
48.284,-10.81,-0.30,0.1914,-0.2387,0.4609,9.2695,17.09,105.45,110.17,1
48.304,-10.83,-0.38,-0.7656,-0.3285,-3.1406,9.2266,17.46,107.83,112.10,1
48.317,-10.83,-0.46,0.6523,-0.2822,0.0391,11.2578,17.46,109.72,112.74,1
48.334,-10.84,-0.58,-0.1133,-0.1330,-0.8047,8.6172,17.46,105.80,113.92,1
48.356,-10.84,-0.74,1.9531,0.0851,-0.5742,12.4102,17.46,105.66,113.08,1
48.374,-10.83,-0.82,1.9922,0.6180,-2.4141,10.1484,17.46,106.92,113.16,1
48.386,-10.82,-0.85,0.2695,0.7843,0.1133,8.3125,17.46,107.37,111.05,1
48.405,-10.81,-0.96,0.9961,0.6965,-1.0352,7.6992,17.46,108.79,113.25,1
48.426,-10.80,-1.07,2.2969,1.0865,-0.6523,11.0742,17.46,107.03,114.36,1
48.436,-10.78,-1.10,1.0352,1.2534,-2.5664,9.0820,17.46,108.26,112.25,1
48.454,-10.76,-1.12,0.0781,1.0445,0.8828,10.1914,17.46,105.89,110.20,1
48.472,-10.64,-1.17,0.6133,0.8335,-2.0312,6.6250,17.46,107.14,111.69,1
48.487,-10.58,-1.25,0.4219,0.7844,-0.5352,9.4258,17.46,106.06,114.13,1
48.504,-10.47,-1.40,0.3047,0.6348,-0.5352,12.0234,17.46,108.21,114.44,1
48.527,-10.38,-1.46,0.9180,0.6732,-1.3398,10.9141,17.46,104.83,110.77,1
48.544,-10.28,-1.51,0.7266,0.7273,-1.1875,10.2656,17.46,103.93,111.10,1
48.557,-10.22,-1.55,1.6836,0.8037,-1.5313,14.3320,17.46,101.77,112.59,1
48.573,-10.10,-1.52,3.1797,1.1729,-1.9922,15.2852,17.46,105.63,110.73,1
48.594,-9.98,-1.38,0.6133,1.5367,1.8398,12.3008,17.46,106.21,109.77,1
48.606,-9.92,-1.27,-0.8047,1.2189,-1.1875,3.6016,17.46,107.33,110.27,1
48.625,-9.79,-1.13,5.4414,1.1447,0.6914,16.9688,17.46,106.22,112.10,1
48.643,-9.67,-0.89,1.5313,1.7442,-1.9531,11.6016,17.46,107.41,111.79,1
48.657,-9.61,-0.75,0.1523,1.6011,0.5352,6.0469,17.46,107.99,108.78,1
48.675,-9.46,-0.49,-1.0742,0.8358,-1.2266,3.3320,17.46,107.84,109.97,1
48.692,-9.31,-0.37,0.0000,0.5318,-1.6094,6.0508,17.46,106.55,112.93,1
48.714,-9.15,-0.20,0.3828,0.3108,-1.6836,8.6562,17.46,106.95,111.25,1
48.725,-9.07,-0.14,0.3828,0.3219,-1.6836,8.6562,17.46,106.21,112.08,1
48.746,-8.91,-0.03,0.1133,0.3243,-1.3008,7.4336,17.46,105.11,111.69,1
48.764,-8.73,0.06,2.5664,0.4607,0.0000,13.2539,17.46,103.97,110.96,1
48.776,-8.64,0.16,0.0391,0.7245,-1.4180,9.9219,17.46,105.90,113.49,1
48.794,-8.46,0.38,-1.0352,0.4442,0.3047,6.5859,17.46,106.88,110.28,1
48.813,-8.25,0.48,0.5352,0.2874,-1.1875,8.4219,17.46,107.61,109.94,1
48.827,-8.16,0.48,1.3008,0.3867,-0.5352,10.0352,17.46,106.50,113.16,1
48.844,-7.93,0.57,-1.2656,0.1303,-1.8398,9.7266,17.46,109.61,111.19,1
48.863,-7.70,0.71,1.0742,0.2523,0.0000,9.7266,17.46,105.75,113.01,1
48.885,-7.47,0.81,-0.8047,0.4515,-0.1523,6.5078,17.46,109.53,111.62,1
48.895,-7.36,0.83,-0.8047,0.2585,-0.1523,6.5078,17.46,108.59,114.05,1
48.915,-7.13,0.89,-0.3828,0.0467,-1.7617,4.5195,17.46,110.12,113.97,1
48.934,-6.87,0.86,1.3008,0.0596,0.9570,7.2383,17.46,110.61,114.88,1
48.946,-6.75,0.86,-0.3047,0.2058,0.2305,5.3203,17.46,114.25,118.74,1
48.965,-6.52,0.82,3.7148,0.3826,-0.6914,12.4102,17.46,112.35,116.04,1
48.984,-6.25,0.86,2.4141,1.2308,-1.9141,14.3320,17.46,109.04,114.84,1
48.997,-6.14,0.93,0.6523,1.2716,1.1875,9.0430,17.46,112.12,112.75,1
49.014,-6.01,0.99,0.6523,1.0960,0.0781,8.4219,17.46,109.91,113.91,1
49.033,-5.64,1.11,1.6836,1.1729,1.6094,10.6094,17.46,108.90,114.22,1
49.055,-5.40,1.22,0.7656,0.8139,0.3047,9.0430,17.46,111.06,113.42,1
49.065,-5.29,1.34,0.7656,0.8065,0.3047,9.0430,17.46,112.93,113.33,1
49.087,-5.03,1.54,-0.5742,0.5374,0.0000,7.7773,17.46,110.38,115.79,1
49.105,-4.75,1.64,-1.4180,0.1547,-0.8438,7.8164,17.46,109.53,112.27,1
49.117,-4.61,1.68,1.2656,0.0213,-0.9961,12.6055,17.46,110.18,113.44,1
49.134,-4.32,1.77,0.4609,0.3098,-0.2305,10.9961,17.46,109.22,114.73,1
49.150,-4.20,1.89,-4.5586,-0.0583,-0.0391,0.7266,17.46,110.13,114.94,1
49.167,-3.94,1.95,-0.4961,-1.0096,-0.3047,8.9258,17.46,109.46,117.86,1
49.184,-3.68,1.97,-0.1133,-0.8333,-1.1875,8.0820,17.46,110.64,117.43,1
49.203,-3.42,1.93,-0.8438,-0.7495,0.6523,8.7383,17.46,113.43,118.81,1
49.218,-3.30,1.88,-2.4141,-0.8896,-0.0781,4.8320,17.46,112.46,120.70,1
49.235,-3.05,1.67,1.7617,-0.4852,0.9570,10.4531,17.46,111.76,120.53,1
49.253,-2.85,1.51,1.1094,0.0077,0.7656,12.8711,17.46,115.49,121.80,1
49.274,-2.69,1.48,0.7656,0.5657,-0.1523,8.0117,17.46,112.17,117.77,1
49.292,-2.61,1.48,2.1836,0.8402,-0.0781,11.2617,17.46,112.87,119.32,1
49.304,-2.45,1.44,0.1133,0.8809,-0.7656,8.0117,17.46,114.56,120.85,1
49.325,-2.32,1.43,-1.2266,0.5560,0.7656,6.3594,18.45,115.51,119.82,1
49.337,-2.27,1.43,-0.6914,0.2043,-1.1094,4.7500,18.45,115.01,120.54,1
49.354,-2.14,1.32,1.3398,0.1128,0.1133,9.9648,18.45,116.48,122.20,1
49.372,-2.03,1.17,0.0781,0.2519,-0.8047,10.7266,18.45,116.90,120.80,1
49.393,-1.91,1.05,-0.3828,0.1006,0.3437,10.0312,18.45,116.78,118.05,1
49.405,-1.86,0.98,0.0000,0.0783,-1.0742,8.1562,18.45,115.38,119.75,1
49.424,-1.76,0.88,0.7266,0.2169,-0.8828,11.6016,18.45,115.74,119.05,1
49.446,-1.64,0.72,1.4180,-0.4277,0.0781,13.5273,18.45,115.63,119.29,1
49.456,-1.60,0.65,1.4180,-0.1442,0.0781,13.5273,18.45,118.15,121.45,1
49.475,-1.49,0.57,2.7187,0.3366,-0.3437,13.6758,18.45,116.50,120.02,1
49.494,-1.39,0.52,-1.9141,0.6415,-0.6523,8.9258,18.45,115.51,246.73,1
49.507,-1.35,0.50,-0.8047,0.1647,-0.7656,8.2383,18.45,116.01,120.15,1
49.524,-1.26,0.47,-0.7266,-0.1040,-0.6914,7.4687,18.45,117.55,120.47,1
49.543,-1.16,0.36,1.9922,0.2855,0.1523,13.5937,18.45,116.84,122.84,1
49.563,-1.07,0.27,-1.6836,-0.0440,-0.5742,6.2461,18.45,118.44,124.13,1
49.575,-1.07,0.27,0.0391,-0.0312,-0.2305,9.3828,18.45,117.58,124.19,1
49.593,-0.96,0.13,0.3437,0.0561,-0.9570,8.9219,18.45,118.39,242.07,1
49.615,-0.87,-0.01,-0.1133,0.4063,-0.3437,10.0742,18.45,117.83,125.11,1
49.626,-0.84,-0.05,-0.1133,0.3265,-0.3437,10.0742,18.45,118.60,123.62,1
49.646,-0.75,-0.15,2.6797,0.7269,-0.3828,12.1016,18.45,120.03,123.66,1
49.664,-0.66,-0.24,1.6836,1.2010,0.3437,12.2227,18.45,118.25,124.64,1
49.677,-0.61,-0.26,-0.4609,1.1363,-1.0352,10.0742,18.45,117.90,123.44,1
49.694,-0.52,-0.26,1.4570,0.8367,0.2305,11.7227,18.45,117.84,122.82,1
49.712,-0.45,-0.17,0.3828,0.8105,-1.8789,8.0820,18.45,118.11,124.02,1
49.733,-0.35,-0.15,-1.1484,0.3503,0.2305,6.2461,18.45,117.83,120.99,1
49.745,-0.26,-0.21,-2.2969,-0.2356,-1.1484,7.2383,18.45,119.25,121.05,1
49.763,-0.11,-0.28,0.5352,-0.3115,-0.1133,12.1836,18.45,118.81,122.96,1
49.786,0.01,-0.23,1.0352,0.2509,-0.5742,11.2617,18.45,117.16,121.58,1
49.796,0.08,-0.20,1.0352,0.3714,-0.5742,11.2617,18.45,116.74,120.77,1
49.814,0.22,-0.18,-1.8398,-0.0766,-0.5352,6.6289,18.45,117.69,120.26,1
49.834,0.33,-0.14,-0.0391,-0.1739,-0.7656,8.6992,18.45,119.75,121.34,1
49.853,0.44,-0.19,0.0391,-0.1106,-0.3437,9.0039,18.45,117.92,121.40,1
49.865,0.49,-0.21,-1.9141,-0.2439,-0.1523,7.5078,18.45,117.55,123.96,1
49.884,0.59,-0.25,0.9180,-0.4910,0.9961,11.4531,18.45,116.93,121.76,1
49.903,0.65,-0.30,1.6836,0.1588,0.4219,10.2656,18.45,118.20,121.29,1
49.915,0.69,-0.35,2.0703,0.4239,-0.6133,12.7578,18.45,116.55,124.94,1
49.933,0.74,-0.36,-2.3359,0.0101,0.1523,5.5977,18.45,119.86,122.43,1
49.953,0.78,-0.43,0.4609,-0.0363,0.7656,9.0000,18.45,120.77,126.18,1
49.966,0.80,-0.46,0.8047,0.1498,-0.1133,7.8516,18.45,119.46,125.31,1
49.983,0.82,-0.51,2.2617,0.6580,-0.1133,10.4141,18.45,119.20,124.12,1
50.004,0.84,-0.50,1.0352,0.4214,-0.0391,10.5742,18.45,119.08,124.52,1
50.017,0.83,-0.49,1.0352,0.5157,-0.0391,10.5742,18.45,120.54,124.86,1
50.035,0.84,-0.48,0.8047,0.6743,-0.1523,10.7969,18.45,120.12,126.73,1
50.054,0.84,-0.52,-2.1445,0.4754,-1.2656,6.4023,18.45,121.05,124.97,1
50.073,0.84,-0.60,-0.7266,-0.1040,0.3828,9.4648,18.45,118.92,123.64,1
50.086,0.82,-0.59,-0.3047,-0.1659,-1.1875,7.6953,18.45,119.33,125.77,1
50.104,0.81,-0.61,2.6445,0.4395,-0.3828,14.7109,18.45,119.88,125.20,1
50.123,0.79,-0.67,-2.0703,0.0214,-1.0742,8.0117,18.45,120.26,123.11,1
50.136,0.79,-0.67,-0.8828,-0.1175,-0.0391,9.8867,18.45,121.12,123.50,1
50.153,0.75,-0.68,0.5352,-0.0207,-0.8047,10.2695,18.45,120.00,126.60,1
50.175,0.73,-0.73,-3.1797,-0.1825,-1.8398,5.0937,18.45,120.50,122.59,1
50.187,0.73,-0.82,-3.1797,-0.6429,-1.8398,5.0937,18.45,120.26,123.12,1
50.207,0.70,-0.99,1.9141,-0.7805,-0.0391,12.1406,18.45,120.83,126.97,1
50.225,0.66,-1.10,3.1406,0.0818,0.4609,11.0742,18.45,119.88,128.57,1
50.238,0.63,-1.13,2.1836,0.6822,-0.7656,10.2305,18.45,118.61,127.34,1
50.255,0.58,-1.14,0.8438,1.0008,-1.1484,8.5391,18.45,120.32,127.55,1
50.273,0.53,-1.12,-1.3398,0.4640,-0.8438,4.9375,18.45,120.82,126.76,1
50.293,0.50,-1.20,1.5313,0.5878,-1.4180,10.6875,18.45,118.82,127.00,1
50.306,0.48,-1.21,2.1445,0.9324,-0.8828,12.0234,20.58,118.46,124.72,1
50.324,0.44,-1.17,-0.2695,0.7419,-0.2305,9.2695,20.58,122.35,126.15,1
50.347,0.40,-1.21,1.2656,0.3020,0.0000,12.6797,20.58,118.48,124.02,1
50.357,0.39,-1.20,1.2656,0.4500,0.0000,12.6797,20.58,119.36,123.32,1
50.377,0.36,-1.12,-0.1133,0.8905,-1.1094,10.0352,20.58,119.15,124.94,1
50.393,0.35,-0.92,-3.1406,0.3637,-1.5313,3.3711,20.58,117.59,121.08,1
50.413,0.35,-0.91,-0.4609,-0.2186,-1.4180,10.6094,20.58,116.54,120.96,1
50.425,0.38,-0.89,1.7617,-0.0780,-1.4180,15.7031,20.58,119.57,123.09,1
50.444,0.40,-0.84,1.3398,0.3790,-0.9570,13.2930,20.58,119.47,121.65,1
50.463,0.40,-0.59,-4.3281,-0.5478,-0.2305,1.1094,20.58,119.60,124.16,1
50.476,0.42,-0.61,-3.7891,-1.0854,-0.3437,0.4961,20.58,120.64,125.49,1
50.493,0.47,-0.82,-1.6094,-1.5247,-1.3008,7.3164,20.58,120.35,125.58,1
50.516,0.52,-1.04,0.0781,-1.2937,-0.6914,9.5391,20.58,119.85,130.87,1
50.527,0.54,-1.16,0.0781,-1.0830,-0.6914,9.5391,20.58,120.16,128.65,1
50.544,0.55,-1.31,1.6836,-0.3984,-0.2305,11.8359,20.58,120.16,128.72,1
50.564,0.56,-1.40,2.7578,0.4381,-1.5313,11.1094,20.58,119.83,127.23,1
50.584,0.58,-1.47,3.2930,1.3474,0.9180,15.1328,20.58,118.76,126.55,1
50.596,0.57,-1.42,-1.0352,1.4317,-0.8047,5.1719,20.58,118.61,129.13,1
50.614,0.57,-1.34,-0.9570,0.7383,0.4609,3.7891,20.58,119.37,127.24,1
50.633,0.58,-1.45,-0.9570,0.1604,-0.6523,5.4375,20.58,121.55,127.23,1
50.646,0.59,-1.54,1.4922,0.1847,-0.5742,12.3008,20.58,120.90,126.29,1
50.663,0.59,-1.60,0.3828,0.3849,0.3047,12.7617,20.58,120.06,125.53,1
50.683,0.58,-1.57,2.7187,0.9013,-0.1133,14.5937,20.58,119.40,126.39,1
50.697,0.58,-1.55,-1.0742,0.4641,-1.1484,4.5195,20.58,122.61,125.87,1
50.714,0.59,-1.56,1.3789,0.5707,0.2695,12.4102,20.58,120.99,128.17,1
50.736,0.59,-1.50,-1.8398,-0.0780,0.0781,7.8555,20.58,119.08,125.02,1
50.748,0.58,-1.50,-1.8398,-0.3486,0.0781,7.8555,20.58,119.98,126.55,1
50.767,0.59,-1.48,1.8008,-0.3940,-1.2266,13.7109,20.58,118.40,125.08,1
50.785,0.59,-1.43,-1.5313,-0.0381,-0.4961,8.3164,20.58,120.45,124.66,1
50.804,0.60,-1.39,-0.7656,-0.3777,0.7656,10.4141,20.58,121.91,126.20,1
50.816,0.59,-1.35,-1.4570,-0.4926,-1.2656,5.0547,20.58,121.89,123.62,1
50.833,0.59,-1.29,1.3008,-0.2111,0.5352,8.9258,20.58,121.26,128.11,1
50.853,0.58,-1.37,-2.1055,-0.5361,-0.6914,5.2812,20.58,120.19,126.12,1
50.867,0.57,-1.43,0.7656,-0.2480,0.4961,10.6875,20.58,121.14,127.26,1
50.885,0.55,-1.44,-0.1523,-0.1056,-0.9570,9.3867,20.58,120.18,124.86,1
50.906,0.51,-1.39,-0.1914,0.2730,-1.2266,8.0391,20.58,121.88,124.47,1
50.918,0.51,-1.40,-0.1914,0.2017,-1.2266,8.0391,20.58,121.18,126.42,1
50.937,0.46,-1.40,1.1484,-0.0439,-0.2695,8.4609,20.58,121.49,125.91,1
50.954,0.41,-1.40,1.1094,0.2912,-0.1914,11.5312,20.58,121.30,125.68,1
50.973,0.34,-1.40,0.1914,0.3669,-0.4609,9.3086,20.58,121.45,125.83,1
50.986,0.31,-1.41,-1.2266,0.2265,-1.6484,8.6992,20.58,122.44,126.92,1
51.005,0.24,-1.38,-1.4180,-0.3112,-0.3437,7.8555,20.58,122.43,127.15,1
51.024,0.17,-1.36,0.9180,-0.1716,-0.3828,10.7305,20.58,120.98,128.12,1
51.037,0.14,-1.36,0.6133,-0.0286,-1.1484,10.5703,20.58,121.54,125.19,1
51.055,0.07,-1.30,0.7656,0.2240,-0.4609,7.8945,20.58,119.27,126.65,1
51.076,-0.01,-1.23,-2.0312,0.2398,-0.9180,6.2031,20.58,122.25,129.38,1
51.088,-0.04,-1.20,-2.0312,-0.1091,-0.9180,6.2031,20.58,119.93,122.90,1
51.107,-0.10,-1.27,-0.3437,-0.0599,-0.9961,11.2187,20.58,121.91,126.55,1
51.124,-0.15,-1.27,1.3789,-0.0026,-0.3437,11.9883,20.58,120.29,125.22,1
51.144,-0.21,-1.20,-0.8828,-0.0322,-0.8438,9.5039,20.58,118.72,124.97,1
51.156,-0.24,-1.18,-1.6484,-0.2241,0.2305,7.2070,20.58,119.13,127.03,1
51.174,-0.30,-1.13,-0.5742,-0.5421,-1.3398,7.6250,20.58,119.69,122.84,1
51.193,-0.36,-1.17,1.3008,-0.1381,-0.1523,13.4492,20.58,118.64,129.12,1
51.207,-0.38,-1.14,-1.2266,-0.1193,-1.1094,7.6250,20.58,119.45,128.55,1
51.225,-0.43,-1.11,1.5703,0.1222,0.1133,11.2578,20.58,119.12,127.26,1
51.243,-0.46,-1.00,1.0742,0.4231,-0.8828,9.8828,20.58,118.92,126.07,1
51.258,-0.48,-0.97,1.9922,0.7704,-0.9961,11.2227,20.58,117.87,126.98,1
51.275,-0.50,-0.95,-3.3320,-0.0614,-1.1484,6.7461,20.58,119.32,124.44,1
51.294,-0.54,-0.90,-0.8047,-0.6043,-0.4609,6.4414,20.58,121.14,126.44,1
51.314,-0.57,-1.01,2.0312,-0.4342,-1.4570,12.5234,19.28,119.83,128.55,1
51.327,-0.58,-1.03,-0.9180,-0.1245,-0.6523,7.2344,19.28,119.98,129.68,1
51.345,-0.58,-1.11,1.3398,-0.1689,-0.1133,13.7930,19.28,119.66,124.75,1
51.363,-0.59,-1.03,0.7266,0.2097,-1.5703,10.2656,19.28,119.05,124.61,1
51.377,-0.59,-0.98,0.9180,0.3044,-0.1914,10.7266,19.28,121.64,123.92,1
51.394,-0.60,-0.92,-0.9180,0.1073,-1.3008,9.4609,19.28,119.86,127.45,1
51.413,-0.61,-0.79,-0.8828,-0.1757,-1.2266,8.6211,19.28,120.74,124.60,1
51.434,-0.59,-0.75,0.1914,-0.3054,-1.7227,8.5000,19.28,121.88,126.79,1
51.445,-0.59,-0.72,0.1914,-0.2291,-1.7227,8.5000,19.28,122.28,127.89,1
51.466,-0.54,-0.76,-0.6133,-0.6568,0.1523,7.0469,19.28,120.29,128.34,1
51.484,-0.52,-0.83,0.1914,-0.5801,-0.7266,10.0703,19.28,121.49,128.93,1
51.496,-0.51,-0.85,0.6133,-0.3756,-0.2695,11.7187,19.28,120.00,127.49,1
51.515,-0.48,-0.89,1.8398,0.0030,-2.2617,11.9141,19.28,120.41,126.98,1
51.533,-0.45,-0.85,-0.4961,0.1122,-0.1133,9.5820,19.28,120.80,125.96,1
51.547,-0.43,-0.83,-0.7656,-0.0028,-0.2305,8.9219,19.28,120.66,126.12,1
51.564,-0.39,-0.83,-2.6055,-0.6700,-0.3828,4.4492,19.28,122.14,124.44,1
51.584,-0.33,-0.88,2.2227,-0.1504,-0.0781,15.0156,19.28,120.16,127.58,1
51.598,-0.33,-0.83,-0.7656,-0.0250,-0.9570,6.6250,19.28,121.48,124.67,1
51.615,-0.28,-0.96,-0.7656,-0.2775,-0.2305,8.5430,19.28,121.48,262.74,1
51.635,-0.24,-1.04,1.7617,-0.3196,-0.3437,10.6914,19.28,122.70,125.47,1
51.654,-0.22,-1.07,1.1484,0.2216,-0.3437,11.0703,19.28,123.18,128.50,1
51.667,-0.23,-1.09,-0.7656,0.2736,-0.3437,6.5859,19.28,122.35,129.18,1
51.684,-0.22,-1.16,-0.7656,-0.0211,-0.3437,6.5859,19.28,122.28,127.10,1
51.704,-0.21,-1.19,1.1875,0.1573,0.2305,11.9180,19.28,122.00,129.20,1
51.717,-0.21,-1.20,1.0352,0.3033,-1.6094,8.9609,19.28,120.25,124.92,1
51.735,-0.17,-1.27,1.5703,0.6713,-0.1523,12.0625,19.28,121.82,127.93,1
51.754,-0.13,-1.26,-0.3047,0.5628,-1.6484,10.2305,19.28,122.73,128.42,1
51.777,-0.10,-1.24,-1.9531,0.1113,-0.0391,7.2031,19.28,120.96,124.72,1
51.785,-0.08,-1.26,-1.9531,-0.2058,-0.0391,7.2031,19.28,119.53,126.10,1
51.807,-0.04,-1.32,0.9180,0.0518,-1.2656,12.1406,19.28,120.61,124.24,1
51.824,-0.01,-1.29,-0.3437,0.1965,-0.2305,9.6523,19.28,118.95,126.57,1
51.837,0.00,-1.25,-0.1914,0.0891,-0.3828,7.6953,19.28,119.20,125.60,1
51.854,0.05,-1.25,1.4180,0.1383,0.0000,12.0273,19.28,118.54,125.13,1
51.875,0.08,-1.20,-0.8828,0.0654,-1.1094,9.0781,19.28,120.32,127.00,1
51.887,0.10,-1.17,-1.3008,-0.1779,0.4609,7.8125,19.28,120.70,126.42,1
51.905,0.14,-1.17,-0.9961,-0.4720,-0.8828,7.2344,19.28,118.75,127.96,1
51.923,0.18,-1.20,1.7617,-0.0403,-0.8438,10.6094,19.28,118.18,128.21,1
51.938,0.19,-1.20,-0.4609,0.0587,-0.9961,9.5430,19.28,119.13,125.03,1
51.955,0.21,-1.22,-1.3008,-0.3044,-0.6133,7.8516,19.28,120.51,126.45,1
51.974,0.24,-1.30,-1.4180,-0.6129,0.3047,6.1250,19.28,119.46,127.37,1
51.995,0.26,-1.32,0.7656,0.1669,-0.3828,10.0703,19.28,121.29,125.75,1
52.006,0.27,-1.33,0.7656,0.2589,-0.3828,10.0703,19.28,123.70,126.06,1
52.027,0.28,-1.37,-0.1133,0.3919,0.1523,9.8047,19.28,119.86,125.23,1
52.045,0.28,-1.39,0.8828,0.3283,-0.6914,9.9258,19.28,123.02,125.80,1
52.057,0.29,-1.34,0.9570,0.4570,-1.0742,9.7266,19.28,120.25,125.91,1
52.075,0.27,-1.28,0.4219,0.5560,-0.3437,8.4609,19.28,122.59,125.98,1
52.093,0.27,-1.28,-0.4609,0.3149,-0.8047,7.2383,19.28,119.69,129.40,1
52.113,0.27,-1.20,-0.0781,0.1796,-0.4609,9.8047,19.28,122.19,128.24,1
52.125,0.26,-1.15,1.1094,0.3854,-0.8438,10.0000,19.28,123.09,127.55,1
52.144,0.25,-1.10,-0.3047,0.2777,-0.5352,7.4336,19.28,121.70,127.29,1
52.165,0.24,-1.07,-0.7656,0.4026,-1.3398,8.3555,19.28,120.09,126.55,1
52.176,0.22,-1.00,-0.7656,0.2231,-1.3398,8.3555,19.28,119.76,126.25,1
52.197,0.20,-0.83,-0.2695,0.3234,-0.6914,7.3516,19.28,121.52,127.24,1
52.215,0.22,-0.73,2.4141,0.3699,-0.8828,12.5234,19.28,120.16,125.30,1
52.227,0.21,-0.65,-4.3281,0.2829,-0.8047,4.2148,19.28,118.06,125.82,1
52.244,0.23,-0.56,-0.4609,-0.7154,0.4609,9.6484,19.28,121.18,123.81,1
52.265,0.24,-0.51,-0.2305,-0.5777,-0.9570,9.6875,19.28,121.29,124.07,1
52.278,0.23,-0.52,0.1914,-0.4906,-0.1914,11.2187,19.28,121.49,128.98,1
52.295,0.22,-0.48,-3.6016,-0.8798,-0.9961,4.7148,19.28,119.02,126.10,1
52.313,0.14,-0.51,-1.4922,-1.1849,0.4961,6.5508,21.32,124.39,125.50,1
52.337,0.09,-0.60,3.1797,-0.6980,0.3047,13.5937,21.32,121.45,130.94,1
52.346,0.06,-0.62,3.1797,-0.1023,0.3047,13.5937,21.32,122.28,130.40,1
52.367,0.02,-0.65,-0.9961,0.3238,-0.3828,8.0820,21.32,123.33,129.25,1
52.385,-0.01,-0.71,-1.3789,-0.0812,0.0000,6.5898,21.32,121.52,128.34,1
52.398,-0.03,-0.77,2.0312,-0.0956,-0.8828,12.1055,21.32,122.12,128.25,1
52.415,-0.08,-0.76,0.4961,0.3848,-0.9180,8.4648,21.32,124.83,131.30,1
52.434,-0.10,-0.78,-0.1523,0.3168,-0.7656,7.7383,21.32,122.52,128.01,1
52.449,-0.16,-0.82,-0.1523,0.2447,-0.7656,7.7383,21.32,122.44,128.93,1
52.466,-0.19,-0.87,-1.0352,-0.1413,-1.0742,8.3164,21.32,119.79,129.38,1
52.483,-0.22,-0.94,2.1055,0.2490,-0.8828,14.7539,21.32,117.95,128.19,1
52.507,-0.27,-0.85,-0.4961,0.4400,-0.2695,9.3867,21.32,119.06,126.36,1
52.516,-0.29,-0.82,-0.4961,0.2962,-0.2695,9.3867,21.32,119.63,126.86,1
52.533,-0.35,-0.71,-2.1055,-0.2847,-0.3047,8.6562,21.32,119.26,126.47,1
52.555,-0.38,-0.66,-0.2695,-0.2194,-0.5352,9.8477,21.32,120.48,127.45,1
52.573,-0.44,-0.64,-1.6484,-0.5417,-1.4570,6.5078,21.32,119.37,129.27,1
52.584,-0.47,-0.63,-2.9102,-0.8126,0.0000,5.2812,21.32,118.75,127.93,1
52.605,-0.52,-0.67,1.3789,-1.0644,-0.1914,13.5664,21.32,119.70,125.80,1
52.618,-0.56,-0.68,1.7227,-0.4961,-0.6914,12.0664,21.32,121.76,125.14,1
52.635,-0.65,-0.68,1.0742,0.0813,0.1914,12.5625,21.32,120.22,127.52,1
52.653,-0.72,-0.64,-3.4102,-0.5727,-1.5703,3.9453,21.32,120.66,125.63,1
52.674,-0.79,-0.70,-0.8438,-0.8094,0.4961,8.8867,21.32,122.99,126.49,1
52.686,-0.83,-0.75,-0.0391,-0.6389,-0.8047,8.8828,21.32,123.02,129.35,1
52.704,-0.91,-0.83,0.9180,-0.2570,-0.6133,11.3750,21.32,120.90,126.61,1
52.725,-1.00,-0.89,0.1914,-0.6134,-0.3437,9.9609,21.32,122.09,130.51,1
52.737,-1.07,-0.91,0.1914,-0.4898,-0.3437,9.9609,21.32,122.56,129.72,1
52.757,-1.17,-0.94,2.0703,-0.1072,0.0000,12.9102,21.32,121.48,128.58,1
52.774,-1.30,-0.88,-1.8398,0.1975,-0.8828,7.0469,21.32,121.43,127.70,1
52.794,-1.43,-0.93,-1.6484,-0.4547,0.4961,7.9687,21.32,122.04,126.15,1
52.805,-1.50,-0.93,-0.0391,-0.5093,-1.1094,9.0000,21.32,121.01,127.83,1
52.823,-1.65,-0.89,2.1055,0.1256,-0.3437,12.1836,21.32,120.70,125.69,1
52.844,-1.80,-0.87,-1.1875,-0.0417,-1.1484,7.3125,21.32,120.80,125.91,1
52.856,-1.80,-0.87,-1.5313,-0.2705,-0.7266,7.3945,21.32,119.52,124.66,1
52.873,-2.03,-0.88,-1.4922,-0.6194,-0.6133,8.4258,21.32,120.89,125.09,1
52.895,-2.20,-0.80,-0.7656,-0.0635,-1.5313,10.0742,21.32,119.70,124.08,1
52.907,-2.28,-0.81,-0.7656,-0.1713,-1.5313,10.0742,21.32,118.09,125.94,1
52.927,-2.46,-0.79,-1.3008,-0.6355,-1.0352,8.8164,21.32,121.01,122.84,1
52.944,-2.68,-0.78,0.9961,-0.6404,-0.6523,12.3750,21.32,120.25,126.37,1
52.963,-2.89,-0.70,2.0703,0.1552,-0.9961,11.8008,21.32,117.83,126.17,1
52.975,-3.00,-0.67,-0.8828,0.2132,-1.6094,7.8125,21.32,121.60,122.67,1
52.994,-3.10,-0.64,-2.1445,-0.2915,-0.4961,6.8242,21.32,120.89,127.96,1
53.013,-3.39,-0.60,-2.4883,-0.8931,-1.3398,4.4453,21.32,120.26,126.33,1
53.026,-3.48,-0.67,1.1484,-0.4413,0.3437,13.5664,21.32,120.15,126.36,1
53.043,-3.70,-0.69,1.9922,0.2874,-1.3398,12.6406,21.32,122.59,129.77,1
53.067,-3.90,-0.70,-0.9180,-0.1675,0.0781,9.1211,21.32,120.00,125.57,1
53.077,-4.02,-0.72,-0.9180,-0.2828,0.0781,9.1211,21.32,119.96,128.53,1
53.098,-4.23,-0.79,1.1094,-0.0492,-1.0352,9.8437,21.32,121.74,126.23,1
53.114,-4.45,-0.86,0.8047,0.2550,-0.3437,10.4180,21.32,120.99,127.05,1
53.133,-4.66,-0.90,-2.1836,-0.2190,-1.4570,5.3984,21.32,119.75,127.84,1
53.145,-4.76,-0.96,1.8398,-0.1988,-0.2305,13.6328,21.32,122.53,126.50,1
53.164,-4.87,-1.01,2.0312,0.4087,-1.8008,12.0273,21.32,120.15,126.21,1
53.183,-5.20,-0.99,0.8438,0.6991,-0.7656,10.2266,21.32,119.50,127.18,1
53.196,-5.30,-0.98,-1.1875,0.5588,-1.9141,8.6172,21.32,120.90,129.05,1
53.214,-5.50,-0.97,-0.3437,0.1502,0.2305,7.7383,21.32,120.76,127.32,1
53.237,-5.70,-0.95,1.3398,0.2485,-1.7617,12.1445,21.32,119.35,127.83,1
53.247,-5.79,-0.97,1.3398,0.4161,-1.7617,12.1445,21.32,122.20,125.22,1
53.264,-5.96,-1.01,0.8438,0.5683,-1.3398,10.8008,21.32,117.33,126.65,1
53.285,-6.16,-0.89,0.1133,0.8229,-1.6484,9.1562,21.32,118.89,125.50,1
53.305,-6.34,-0.70,2.0703,1.0141,-0.7656,11.0352,20.59,120.88,124.32,1
53.316,-6.42,-0.61,-2.4141,0.8891,-1.7227,6.2031,20.59,119.70,125.71,1
53.335,-6.57,-0.51,-1.8789,-0.0049,-1.3789,6.0898,20.59,120.37,124.77,1
53.354,-6.70,-0.45,-0.8828,-0.4233,-1.1875,8.5820,20.59,122.74,124.86,1
53.366,-6.77,-0.40,2.4141,-0.2302,-0.4961,13.9492,20.59,122.28,129.25,1
53.385,-6.91,-0.29,1.7617,0.5269,-2.3750,11.1523,20.59,120.41,124.92,1
53.404,-7.04,-0.15,-0.9570,0.2754,-0.7656,8.8164,20.59,122.91,127.45,1
53.417,-7.10,-0.09,-1.6836,-0.1581,-1.7617,5.6641,20.59,122.87,127.32,1
53.434,-7.20,-0.01,-0.5352,-0.3366,-0.6523,8.4648,20.59,124.10,128.06,1
53.455,-7.29,0.04,-0.4609,0.0237,-0.4609,7.5117,20.59,123.89,129.77,1
53.468,-7.34,0.09,-0.4609,-0.0508,-0.4609,7.5117,20.59,121.79,127.84,1
53.487,-7.42,0.13,-0.0391,-0.1640,-1.8008,9.4609,20.59,121.52,128.21,1
53.505,-7.50,0.22,1.7617,0.0155,-0.3437,11.8750,20.59,122.53,125.94,1
53.523,-7.60,0.38,-2.4141,-0.3133,-0.9961,4.1719,20.59,123.29,126.20,1
53.536,-7.64,0.37,-2.3359,-0.6298,-0.9180,3.6445,20.59,123.64,125.66,1
53.554,-7.70,0.29,-1.4922,-1.0247,-0.9961,8.3906,20.59,123.40,126.81,1
53.574,-7.76,0.19,2.0312,-0.3775,0.3047,13.1719,20.59,121.39,129.42,1
53.587,-7.80,0.21,1.5313,0.0449,-0.6133,10.4570,20.59,121.21,130.23,1
53.604,-7.86,0.22,2.6445,0.7980,-1.2656,12.9883,20.59,123.29,128.01,1
53.625,-7.93,0.26,0.4961,0.3816,0.1133,8.6953,20.59,121.49,129.23,1
53.638,-7.96,0.27,0.4961,0.3992,0.1133,8.6953,20.59,122.16,130.45,1
53.656,-8.01,0.22,2.0703,0.2313,-0.0391,13.9102,20.59,123.98,130.94,1
53.676,-8.05,0.20,-0.3437,0.5597,-1.7227,10.8750,20.59,123.15,126.79,1
53.693,-8.09,0.22,-2.1445,-0.1468,0.1133,8.7734,20.59,122.10,128.06,1
53.706,-8.11,0.25,-1.5313,-0.4046,-1.2266,4.2930,20.59,121.24,127.68,1
53.724,-8.14,0.24,1.9531,-0.0176,-0.8047,13.6719,20.59,122.67,128.95,1
53.745,-8.18,0.27,-2.2969,-0.2863,-0.9180,5.0586,20.59,124.61,129.33,1
53.757,-8.19,0.21,-2.6797,-0.6258,-1.8789,5.3203,20.59,124.15,128.44,1
53.774,-8.19,0.07,1.2266,-0.4615,-0.1523,13.9102,20.59,121.64,127.88,1
53.793,-8.20,0.06,1.6836,0.1184,-0.9961,14.1328,20.59,124.24,130.21,1
53.808,-8.19,0.06,1.1875,0.3550,-0.4219,11.0703,20.59,125.49,128.07,1
53.828,-8.20,0.04,-0.9180,0.3376,-1.1094,7.1641,20.59,123.62,129.52,1
53.845,-8.20,0.02,-3.5234,-0.2270,-0.6133,3.9844,20.59,123.43,131.49,1
53.864,-8.18,-0.08,0.3828,-0.4863,-0.4219,9.9609,20.59,124.52,128.39,1
53.876,-8.17,-0.16,1.4922,-0.2052,-0.6523,11.3398,20.59,123.37,131.98,1
53.895,-8.14,-0.38,3.2930,0.4203,0.1523,15.8633,20.59,124.42,129.79,1
53.914,-8.14,-0.38,-0.0391,0.6622,-1.3398,10.5742,20.59,124.49,128.27,1
53.927,-8.13,-0.35,0.0000,0.5576,0.3047,9.0391,20.59,122.06,129.38,1
53.945,-8.11,-0.35,-1.5703,0.0200,-1.2656,6.0859,20.59,122.59,129.30,1
53.964,-8.08,-0.41,0.1133,-0.0584,-1.2656,9.0000,20.59,122.14,130.58,1
53.978,-8.05,-0.45,-1.9922,-0.4864,-1.6484,6.4023,20.59,124.33,132.54,1
53.995,-8.00,-0.48,2.1445,0.0021,0.4961,15.0586,20.59,121.77,126.49,1
54.016,-7.96,-0.43,0.8047,0.7027,-1.4922,10.4531,20.59,120.99,128.97,1
54.035,-7.94,-0.38,-0.8828,0.4724,-0.3828,8.0078,20.59,122.68,126.65,1
54.047,-7.87,-0.34,0.6523,0.2953,-1.3398,10.1484,20.59,122.44,128.68,1
54.065,-7.81,-0.22,-1.6836,0.2097,-1.8398,5.6367,20.59,120.60,128.62,1
54.084,-7.72,-0.18,0.4961,0.0466,-0.9570,9.9648,20.59,120.08,127.91,1
54.097,-7.67,-0.16,1.4922,0.1954,-1.3008,13.9102,20.59,122.29,127.83,1
54.114,-7.59,-0.02,0.9570,0.5190,-0.6133,11.2578,20.59,120.85,125.71,1
54.134,-7.48,0.10,-2.7578,-0.1789,-0.7266,6.4687,20.59,120.28,126.65,1
54.148,-7.48,0.10,-2.1445,-0.4808,-1.8398,7.0508,20.59,121.89,127.65,1
54.165,-7.31,0.17,-0.4961,-0.5878,0.0391,9.6094,20.59,122.96,130.29,1
54.187,-7.19,0.17,1.4570,-0.3772,-0.6133,12.4453,20.59,120.39,128.57,1
54.205,-7.06,0.18,-1.9531,-0.1298,-0.0781,7.0508,20.59,121.48,126.45,1
54.216,-6.97,0.18,0.0391,-0.3740,-0.1523,9.0820,20.59,120.89,128.92,1
54.234,-6.84,0.22,-0.6523,-0.3122,-0.2305,8.2344,20.59,120.42,127.60,1
54.254,-6.70,0.16,0.3828,-0.1990,0.1133,11.0312,20.59,123.26,127.89,1
54.267,-6.64,0.13,-1.7227,-0.2781,-0.9180,6.4023,20.59,123.41,127.03,1
54.284,-6.52,0.09,0.8438,-0.2026,0.4961,11.4922,20.59,124.27,127.08,1
54.305,-6.39,0.10,-0.0391,-0.1012,-0.3437,7.6289,21.13,123.44,130.14,1
54.318,-6.39,0.10,2.1836,0.2497,0.2305,11.0312,21.13,122.38,129.90,1
54.335,-6.21,-0.02,0.3047,0.4932,-0.4219,10.1484,21.13,123.30,130.19,1
54.357,-6.09,0.06,0.3828,0.3811,-0.4219,9.1562,21.13,124.16,128.78,1
54.369,-6.03,0.07,0.3828,0.3814,-0.4219,9.1562,21.13,120.28,129.79,1
54.387,-5.91,0.19,-0.6523,0.7747,-0.8438,8.6211,21.13,122.85,258.40,1
54.405,-5.78,0.27,-2.1055,0.2537,-0.5352,6.0898,21.13,123.09,127.42,1
54.424,-5.63,0.36,-3.3320,-0.8220,-0.6914,5.0937,21.13,121.79,125.23,1
54.437,-5.57,0.33,0.8047,-0.8766,-0.5742,12.3750,21.13,119.33,125.20,1
54.455,-5.49,0.31,-0.4961,-0.5996,-1.7617,10.1914,21.13,122.35,129.23,1
54.473,-5.27,0.32,-2.3359,-0.9715,0.1914,8.8125,21.13,119.20,124.92,1
54.488,-5.18,0.28,-0.7266,-1.0523,-1.9922,10.4180,21.13,120.13,129.33,1
54.505,-5.03,0.31,-0.6133,-0.9162,-0.4961,10.1094,21.13,119.35,126.12,1
54.524,-4.86,0.28,1.4922,-0.3643,-0.2695,11.9570,21.13,118.41,124.98,1
54.545,-4.68,0.34,-2.1836,-0.4444,-0.3047,6.1289,21.13,119.50,126.71,1
54.559,-4.59,0.32,0.3047,-0.6302,-0.1914,9.6914,21.13,119.45,126.90,1
54.575,-4.41,0.33,-0.7656,-0.4507,-0.1914,7.5469,21.13,118.91,129.18,1
54.595,-4.24,0.28,1.0742,-0.3928,-0.1523,9.1172,21.13,119.75,127.45,1
54.607,-4.16,0.28,-1.1094,-0.3422,-1.1484,7.9297,21.13,119.69,126.60,1
54.625,-4.01,0.26,0.8828,-0.4004,0.0000,8.5820,21.13,119.03,128.73,1
54.643,-3.84,0.22,-0.0781,-0.1756,-0.3828,10.5312,21.13,120.15,126.66,1
54.658,-3.76,0.20,-0.4219,-0.1881,-0.1523,10.5703,21.13,118.67,125.52,1
54.675,-3.60,0.22,-1.1875,-0.4372,0.5352,9.0820,21.13,117.23,123.76,1
54.693,-3.45,0.31,1.9922,0.0537,-1.3398,15.2070,21.13,112.89,124.78,1
54.715,-3.30,0.49,-3.0273,-0.6563,-0.0781,9.2266,21.13,113.71,119.70,1
54.726,-3.22,0.58,-3.0273,-1.0205,-0.0781,9.2266,21.13,116.08,117.66,1
54.746,-3.04,0.72,-2.4883,-2.0407,0.4219,7.1289,21.13,115.34,119.22,1
54.765,-2.86,0.78,-2.9102,-2.2014,0.8828,5.8594,21.13,115.26,119.50,1
54.777,-2.78,0.74,0.1523,-2.1132,-0.3047,10.3828,21.13,118.05,122.37,1
54.795,-2.62,0.75,0.9961,-1.4032,-0.3828,9.8047,21.13,115.65,122.10,1
54.813,-2.48,0.73,3.4102,-0.0510,0.3437,15.6680,21.13,114.64,121.46,1
54.828,-2.42,0.78,-2.0312,0.0453,-1.5313,5.4023,21.13,115.38,122.61,1
54.845,-2.26,0.82,-0.9180,-0.4162,0.4961,6.9727,21.13,116.75,121.08,1
54.864,-2.10,0.85,-0.3828,-0.4401,-0.6914,7.6602,21.13,113.95,123.33,1
54.886,-1.95,0.84,-1.7227,-0.3982,-0.2695,10.3047,21.13,112.25,120.88,1
54.896,-1.89,0.86,-1.7227,-0.6016,-0.2695,10.3047,21.13,112.31,120.86,1
54.917,-1.76,0.90,-0.1133,-1.0658,0.1914,10.9570,21.13,115.39,120.08,1
54.934,-1.63,0.95,0.3047,-0.7622,-1.1484,11.3008,21.13,112.36,123.18,1
54.947,-1.57,0.99,-2.0703,-0.7161,-0.0781,5.9375,21.13,113.77,119.66,1
54.966,-1.45,1.02,0.0781,-0.9283,0.1914,10.9180,21.13,114.85,120.39,1
54.985,-1.34,1.09,-0.7266,-0.7633,-0.4609,8.9648,21.13,114.05,120.35,1
54.998,-1.28,1.11,-0.5352,-0.7423,0.6914,10.7266,21.13,113.25,120.25,1
55.015,-1.24,1.13,-0.7656,-0.7190,-0.1133,10.2695,21.13,111.02,118.46,1
55.034,-1.11,1.32,-0.1914,-0.6051,-0.4219,10.7656,21.13,113.10,118.60,1
55.057,-1.03,1.45,-4.5547,-1.1718,-1.2266,3.7148,21.13,112.82,118.55,1
55.066,-0.99,1.45,-4.5547,-1.6914,-1.2266,3.7148,21.13,113.55,118.96,1
55.087,-0.91,1.42,-0.7266,-1.8475,-0.7656,8.4609,21.13,115.31,119.39,1
55.106,-0.85,1.35,-0.8828,-1.5421,-0.0781,8.4219,21.13,114.25,229.52,1
55.118,-0.82,1.32,-1.3789,-1.4359,-0.3047,7.7773,21.13,112.20,119.56,1
55.135,-0.78,1.23,1.3398,-1.2022,-0.3047,12.7617,21.13,111.30,119.66,1
55.154,-0.74,1.20,1.1094,-0.3866,-0.2305,14.0977,21.13,109.25,118.15,1
55.168,-0.71,1.21,1.0742,-0.0583,-0.3047,13.4883,21.13,111.74,117.16,1
55.185,-0.71,1.32,-2.5664,-0.0284,-0.4961,5.2500,21.13,109.89,117.77,1
55.203,-0.69,1.35,-0.7656,-0.4951,0.5742,8.9219,21.13,108.57,117.27,1
55.227,-0.69,1.36,-1.4180,-0.8503,0.0391,9.8047,21.13,108.27,117.62,1
55.236,-0.71,1.37,-1.4180,-0.9375,0.0391,9.8047,21.13,110.05,117.22,1
55.253,-0.73,1.34,-2.3750,-1.2856,-0.9180,5.5977,21.13,110.35,117.22,1
55.275,-0.77,1.31,-0.7656,-0.7485,-0.6523,9.5000,21.13,108.17,118.58,1
55.287,-0.80,1.30,-0.7656,-0.7511,-0.6523,9.5000,21.13,107.68,117.29,1
55.305,-0.86,1.29,0.0391,-0.4260,-0.5742,9.4609,21.13,111.33,117.11,1
55.326,-0.93,1.31,-0.9570,-0.3738,-0.9180,8.9648,22.08,110.28,116.74,1
55.338,-0.96,1.32,-0.2695,-0.4479,-0.7266,9.0820,22.08,110.25,116.92,1
55.355,-1.03,1.36,-0.7656,-0.4370,-0.8047,10.6094,22.08,108.00,115.41,1
55.373,-1.11,1.41,-1.4922,-0.7098,-0.5742,7.3164,22.08,108.83,114.84,1
55.393,-1.19,1.41,-1.1094,-0.8470,-1.1484,10.6484,22.08,109.39,115.54,1
55.406,-1.24,1.41,-1.1484,-0.9137,-0.6523,10.1133,22.08,108.46,113.73,1
55.424,-1.34,1.47,-0.1523,-0.7598,-0.7656,12.7227,22.08,106.56,112.13,1
55.445,-1.43,1.59,-1.8008,-0.8363,-0.6523,6.0859,22.08,107.19,113.30,1
55.457,-1.49,1.62,-1.8008,-0.9845,-0.6523,6.0859,22.08,107.16,113.79,1
55.477,-1.60,1.63,-3.1797,-1.2713,-0.6914,4.7930,22.08,107.20,112.64,1
55.495,-1.72,1.61,-0.8047,-1.6225,0.3828,9.4258,22.08,108.65,110.61,1
55.508,-1.78,1.57,0.1914,-1.3618,-0.8438,11.2617,22.08,107.94,111.09,1
55.525,-1.91,1.51,-0.7266,-0.9948,-0.7656,11.4961,22.08,106.91,112.55,1
55.544,-2.06,1.53,-0.6914,-0.8955,-0.4961,9.6133,22.08,106.15,109.47,1
55.564,-2.21,1.56,-0.1523,-0.7183,-1.0352,10.4141,22.08,105.31,110.60,1
55.576,-2.21,1.56,0.1914,-0.5786,-1.2266,9.9609,22.08,106.94,110.49,1
55.594,-2.42,1.62,-2.4883,-0.9533,-0.9180,4.2930,22.08,104.14,112.13,1
55.616,-2.57,1.65,-2.4141,-0.9091,-0.8828,5.4805,22.08,104.30,110.68,1
55.627,-2.64,1.63,-2.4141,-1.1403,-0.8828,5.4805,22.08,103.66,110.01,1
55.644,-2.79,1.57,-0.2305,-1.0183,-1.0352,11.8789,22.08,106.67,113.10,1
55.666,-2.94,1.51,-0.2695,-1.0922,-0.4219,13.2500,22.08,104.29,111.66,1
55.679,-3.01,1.52,-1.2656,-0.9898,-1.4570,8.6992,22.08,104.42,111.40,1
55.695,-3.15,1.55,-1.7617,-1.1077,-1.3398,7.5469,22.08,104.19,110.89,1
55.715,-3.22,1.54,-1.7617,-1.2932,-1.3398,7.5469,22.08,104.29,111.21,1
55.733,-3.39,1.41,-1.4922,-1.3664,-1.4180,7.0078,22.08,105.73,111.69,1
55.746,-3.45,1.37,0.9961,-1.1867,-0.4609,11.7187,22.08,104.14,111.42,1
55.764,-3.56,1.27,0.1523,-0.6293,-1.9141,11.1523,22.08,103.91,109.84,1
55.787,-3.68,1.21,-0.7266,-0.5111,-1.9141,9.3086,22.08,103.39,111.31,1
55.797,-3.73,1.19,-0.7266,-0.5442,-1.9141,9.3086,22.08,104.31,111.09,1
55.814,-3.84,1.14,-0.3828,-0.5198,-1.0352,10.4922,22.08,105.14,108.35,1
55.835,-3.93,1.05,-0.0781,-0.7612,-0.8828,10.3047,22.08,105.57,108.64,1
55.848,-3.97,1.02,-1.3398,-0.7110,-1.2266,9.0820,22.08,105.03,108.23,1
55.865,-4.04,0.97,-3.1797,-1.0365,-0.9961,4.3672,22.08,103.71,109.67,1
55.886,-4.11,0.81,-3.1797,-1.6443,-0.9961,4.3672,22.08,102.60,109.78,1
55.899,-4.13,0.75,-0.0391,-1.7329,-1.6094,10.9180,22.08,102.04,106.91,1
55.916,-4.17,0.67,1.2656,-1.1481,-0.9180,13.0664,22.08,101.93,108.38,1
55.934,-4.20,0.67,-0.3047,-0.6728,-0.9180,9.0000,22.08,102.30,107.75,1
55.954,-4.21,0.64,0.3437,-0.4249,-1.1875,10.2305,22.08,102.72,108.05,1
55.967,-4.22,0.64,-0.8438,-0.5176,-0.7266,9.3867,22.08,102.20,108.57,1
55.984,-4.21,0.65,0.1914,-0.3810,-1.3789,9.2266,22.08,100.39,106.34,1
56.005,-4.19,0.63,0.2695,-0.4099,-1.1875,10.1484,22.08,101.58,105.00,1
56.018,-4.17,0.64,0.2695,-0.3056,-1.1875,10.1484,22.08,99.14,105.84,1
56.037,-4.14,0.67,-1.3789,-0.3663,-1.2656,8.6992,22.08,101.37,106.15,1
56.056,-4.08,0.68,0.1523,-0.5309,-0.2695,12.5273,22.08,97.02,104.47,1
56.074,-4.03,0.74,-0.5352,-0.4502,-0.3828,11.1094,22.08,100.58,103.93,1
56.086,-3.99,0.77,-1.0742,-0.5063,-1.4180,12.1406,22.08,98.91,103.28,1
56.104,-3.91,0.91,-1.4180,-0.7760,-0.3437,8.3945,22.08,96.99,103.21,1
56.124,-3.81,1.05,-1.1875,-0.9071,-0.7266,9.6484,22.08,98.13,103.70,1
56.137,-3.77,1.12,-1.1094,-0.9518,0.3047,7.3555,22.08,97.77,102.45,1
56.154,-3.67,1.16,-0.4219,-0.8444,-0.9570,8.8164,22.08,99.10,101.39,1
56.176,-3.60,1.21,-1.2266,-1.1749,-0.1133,8.9219,22.08,99.45,101.86,1
56.188,-3.56,1.23,-1.2266,-1.1829,-0.1133,8.9219,22.08,99.03,102.43,1
56.207,-3.48,1.26,0.3828,-0.8272,0.1914,9.7266,22.08,97.97,105.00,1
56.226,-3.40,1.30,0.4219,-0.4809,-0.5352,9.7266,22.08,97.46,103.96,1
56.244,-3.32,1.34,0.1133,-0.2414,0.8828,9.8477,22.08,98.12,104.50,1
56.256,-3.29,1.36,-0.5742,-0.2420,-0.5742,7.2070,22.08,97.68,103.95,1
56.274,-3.22,1.44,1.4922,0.1021,1.6484,11.2578,22.08,99.10,102.50,1
56.293,-3.17,1.54,-0.6133,0.0304,-1.1875,7.6992,22.08,98.41,101.29,1
56.307,-3.17,1.54,-1.4922,-0.2035,0.2695,6.1250,18.52,97.23,100.38,1
56.324,-3.08,1.65,0.3828,-0.2279,0.0000,10.9141,18.52,95.48,102.72,1
56.346,-3.04,1.78,-0.2695,-0.2198,0.8047,11.0352,18.52,94.42,101.75,1
56.358,-3.01,1.84,-0.2695,-0.2274,0.8047,11.0352,18.52,94.64,101.10,1
56.377,-2.96,2.03,-2.1055,-0.5525,0.0000,6.9297,18.52,94.66,100.37,1
56.395,-2.91,2.18,-1.8398,-0.9717,0.1133,7.9297,18.52,95.44,97.16,1
56.414,-2.88,2.31,-2.9492,-1.5132,-0.9180,6.2852,18.52,92.11,98.09,1
56.426,-2.84,2.33,-0.7656,-1.5591,-0.4961,9.4609,18.52,92.02,97.90,1
56.445,-2.81,2.40,-1.8789,-1.5349,-0.8047,8.9609,18.52,95.14,99.52,1
56.464,-2.75,2.44,-1.5703,-1.5839,-1.0352,8.0078,18.52,93.62,99.49,1
56.477,-2.72,2.44,0.9961,-1.3765,-0.2305,14.2109,18.52,93.49,99.78,1
56.495,-2.68,2.53,-1.6094,-1.1443,-1.6484,7.5469,18.52,92.35,98.51,1
56.514,-2.64,2.57,0.8828,-0.7246,0.1914,12.7617,18.52,93.87,98.74,1
56.528,-2.63,2.58,-2.8711,-1.1997,-0.4219,5.7461,18.52,94.30,98.37,1
56.545,-2.59,2.53,0.1133,-1.0132,-1.4180,10.3477,18.52,96.22,99.91,1
56.565,-2.54,2.51,-1.4922,-1.2264,-0.7266,6.9336,18.52,97.14,100.96,1
56.586,-2.50,2.39,0.7266,-0.8260,0.1133,10.0039,18.52,95.17,103.27,1
56.597,-2.48,2.33,1.9531,-0.3843,-0.1133,11.7969,18.52,96.94,100.09,1
56.615,-2.44,2.22,-0.8828,0.0517,-1.0352,8.4648,18.52,96.56,100.49,1
56.633,-2.40,2.10,-0.4219,-0.1648,-0.1133,7.9336,18.52,97.55,98.54,1
56.647,-2.39,2.04,-1.1484,-0.2625,-1.7227,8.5391,18.52,96.50,100.09,1
56.665,-2.35,1.93,0.8828,-0.1150,-0.3828,11.6445,18.52,93.23,101.87,1
56.688,-2.29,1.90,-1.3789,-0.0186,-0.8828,9.0820,18.52,93.21,99.71,1
56.698,-2.26,1.90,-1.3789,-0.2275,-0.8828,9.0820,18.52,92.62,99.23,1
56.715,-2.20,1.86,-1.9922,-0.6898,-0.1523,6.5078,18.52,92.61,97.88,1
56.736,-2.12,1.85,-0.1914,-0.7196,-0.9180,9.0391,18.52,92.60,96.35,1
56.749,-2.09,1.85,-0.1914,-0.6385,-0.9180,9.0391,18.52,91.01,96.14,1
56.767,-2.01,1.84,-0.3828,-0.2906,0.1914,8.8828,18.52,91.97,97.97,1
56.785,-1.93,1.89,1.6094,-0.1574,-0.5742,12.9883,18.52,91.06,97.85,1
56.804,-1.86,1.99,-1.8398,-0.3184,-0.4609,6.8555,18.52,90.66,96.92,1
56.817,-1.81,2.02,0.8438,-0.3374,-0.3828,10.9531,18.52,90.59,96.57,1
56.835,-1.72,2.12,0.7656,0.0480,-1.1094,11.4922,18.52,88.64,94.89,1
56.854,-1.64,2.26,-0.1914,0.0397,-0.7656,10.4141,18.52,90.16,93.88,1
56.868,-1.64,2.26,-0.1914,0.0042,-0.8828,9.3437,18.52,90.09,92.76,1
56.885,-1.50,2.49,-2.5664,-0.5881,-0.4609,7.4297,18.52,89.92,93.73,1
56.908,-1.40,2.54,1.0352,-0.8106,0.5742,13.8281,18.52,88.54,96.02,1
56.919,-1.36,2.59,1.0352,-0.5271,0.5742,13.8281,18.52,89.69,95.27,1
56.938,-1.27,2.62,0.8828,-0.8418,0.1914,13.4062,18.52,90.42,95.08,1
56.956,-1.22,2.69,-2.6055,-0.6317,-0.1914,6.4414,18.52,89.16,95.62,1
56.974,-1.16,2.68,1.3789,-0.4228,-0.2305,12.6055,18.52,89.55,96.12,1
56.987,-1.13,2.70,-0.1523,-0.2686,-0.0781,8.8867,18.52,90.36,95.97,1
57.004,-1.09,2.75,-1.9141,-0.6188,-0.4219,6.4023,18.52,91.80,93.13,1
57.024,-1.06,2.76,-0.8438,-0.8235,0.4609,8.6953,18.52,92.06,94.98,1
57.038,-1.06,2.76,-1.2266,-0.8854,-0.3047,7.3125,18.52,91.88,93.69,1
57.055,-1.02,2.64,1.0352,-0.5012,-0.1914,11.2617,18.52,90.24,96.86,1
57.078,-1.01,2.61,-0.4961,-0.4515,-0.1523,8.2383,18.52,92.11,96.07,1
57.094,-1.00,2.59,0.4609,-0.3876,-0.1133,10.0742,18.52,91.60,95.83,1
57.108,-1.01,2.59,-0.6914,-0.2920,-0.5742,7.0898,18.52,91.64,94.41,1
57.125,-1.02,2.57,-0.1133,-0.3590,-0.0391,8.3125,18.52,90.67,95.82,1
57.144,-1.03,2.54,-0.6914,-0.4032,-0.4219,8.0820,18.52,91.59,96.72,1
57.157,-1.04,2.54,-0.6914,-0.4474,-0.8438,6.2031,18.52,91.20,95.91,1
57.176,-1.06,2.47,0.0391,-0.3690,0.1133,9.1953,18.52,89.69,93.84,1
57.194,-1.09,2.41,-0.1914,-0.2809,-0.7656,8.5430,18.52,88.75,94.28,1
57.208,-1.10,2.36,1.5313,-0.1293,-0.7266,12.4492,18.52,88.07,93.57,1
57.225,-1.14,2.36,-0.3828,0.0132,-0.0391,10.5312,18.52,87.77,95.35,1
57.248,-1.19,2.41,0.5352,0.3183,-0.3828,10.9531,18.52,87.91,94.25,1
57.265,-1.23,2.52,0.0000,0.3370,-0.9570,10.2656,18.52,85.79,93.02,1
57.276,-1.26,2.58,0.0000,0.2852,-0.9570,10.2656,18.52,86.67,91.12,1
57.297,-1.31,2.68,-0.4609,-0.0191,0.1133,9.8477,18.52,86.99,93.29,1
57.315,-1.40,2.85,0.8828,-0.0369,-0.3047,10.6523,16.61,87.90,91.90,1
57.327,-1.45,2.92,-1.4570,-0.0206,-0.4609,8.0820,16.61,85.28,91.53,1
57.345,-1.54,3.04,0.0781,-0.3051,-0.0781,11.3359,16.61,87.10,91.22,1
57.364,-1.65,3.19,-0.1914,-0.2341,-0.4961,9.2266,16.61,86.51,89.94,1
57.378,-1.71,3.27,-0.3437,-0.2398,-0.3828,11.3750,16.61,87.02,90.50,1
57.395,-1.85,3.45,-0.8828,-0.3945,0.0000,9.5820,16.61,85.42,91.51,1
57.414,-1.99,3.63,-2.1055,-0.8036,-0.7656,7.1641,16.61,87.05,90.20,1
57.435,-2.15,3.73,-3.0273,-1.2111,-0.5742,5.0937,16.61,87.73,88.76,1
57.446,-2.23,3.74,-3.0273,-1.4901,-0.5742,5.0937,16.61,88.59,90.45,1
57.467,-2.41,3.74,-1.7227,-0.9568,-0.6133,6.8555,16.61,87.04,93.50,1
57.486,-2.61,3.70,-0.5742,-1.0821,-0.6914,8.5039,16.61,87.34,92.45,1
57.497,-2.71,3.66,-0.2305,-0.9422,0.0391,9.7695,16.61,88.34,91.46,1
57.515,-2.92,3.61,0.1914,-0.7066,-0.7656,9.6484,16.61,87.18,91.60,1
57.534,-3.14,3.57,1.6094,-0.0866,-0.4219,11.6016,16.61,86.48,92.61,1
57.548,-3.26,3.59,-0.5352,0.0023,-0.9961,8.3945,16.61,88.02,93.15,1
57.565,-3.49,3.61,0.6523,0.0819,-0.8047,9.8437,16.61,86.99,90.20,1
57.584,-3.74,3.67,0.9570,0.3111,-0.7266,11.0312,16.61,87.32,92.16,1
57.606,-4.01,3.75,-1.0352,-0.0582,-0.1133,7.1680,16.61,86.87,90.84,1
57.616,-4.12,3.73,-1.0352,-0.2082,-0.1133,7.1680,16.61,88.97,93.09,1
57.638,-4.40,3.73,1.1094,-0.2327,-1.0352,8.6172,16.61,89.32,92.94,1
57.656,-4.67,3.71,-1.8789,-0.0911,-1.1094,6.6641,16.61,87.58,90.74,1
57.668,-4.80,3.68,-0.0781,-0.3427,-1.8398,8.0430,16.61,87.25,92.96,1
57.686,-5.07,3.62,-0.7656,-0.3227,-1.0742,8.3945,16.61,87.86,93.31,1
57.705,-5.20,3.59,-0.4609,-0.4015,-2.4531,10.2266,16.61,87.80,93.63,1
57.718,-5.45,3.55,0.8047,-0.3094,-1.1094,10.1094,16.61,86.14,92.95,1
57.736,-5.57,3.55,-1.4570,-0.3408,-2.1836,7.5859,16.61,87.75,91.55,1
57.754,-5.92,3.52,-0.8828,-0.5943,-1.6836,9.1562,16.61,86.88,91.45,1
57.777,-6.13,3.49,1.1875,-0.2773,-1.2656,12.4062,16.61,87.00,91.69,1
57.787,-6.23,3.49,1.1875,-0.0523,-1.2656,12.4062,16.61,84.47,91.44,1
57.808,-6.43,3.51,-0.6523,-0.1355,-1.7617,9.3867,16.61,86.65,90.15,1
57.825,-6.59,3.50,0.2695,-0.2083,-1.3008,11.4961,16.61,86.52,89.30,1
57.837,-6.67,3.49,0.2695,-0.1349,-1.3008,11.4961,16.61,86.63,89.75,1
57.856,-6.83,3.53,-2.2227,-0.3870,-1.5703,7.6992,16.61,86.51,90.67,1
57.875,-6.89,3.51,-0.1133,-0.5836,-1.5313,10.7695,16.61,87.94,89.97,1
57.888,-7.02,3.51,-0.8828,-0.5411,-1.6484,7.7773,16.61,89.24,90.70,1
57.906,-7.13,3.45,-0.6133,-0.6164,-2.2969,9.5039,16.61,86.61,92.07,1
57.924,-7.22,3.44,-0.4219,-0.5730,-0.8828,9.0391,16.61,87.06,93.15,1
57.939,-7.26,3.41,-0.7266,-0.5742,-1.4570,8.6953,16.61,87.11,93.71,1
57.956,-7.32,3.37,1.0352,-0.2362,-0.3047,10.6523,16.61,88.57,93.49,1
57.975,-7.37,3.36,0.0781,-0.0875,-1.1484,7.9687,16.61,87.18,90.44,1
57.996,-7.40,3.35,0.0781,-0.0514,-0.6523,8.9219,16.61,87.09,90.78,1
58.007,-7.41,3.33,0.0781,-0.0315,-0.6523,8.9219,16.61,86.12,91.27,1
58.028,-7.41,3.34,-0.6914,0.1736,-1.0742,8.5039,16.61,87.68,90.22,1
58.045,-7.40,3.37,-1.5703,-0.1420,-0.5352,7.5469,16.61,85.95,90.33,1
58.058,-7.39,3.34,0.0391,-0.3294,-0.7266,9.0430,16.61,87.53,91.18,1
58.075,-7.37,3.31,-0.7656,-0.2892,-0.4961,9.0000,16.61,87.53,92.48,1
58.094,-7.34,3.28,0.6133,-0.1465,0.0781,10.9922,16.61,86.39,92.90,1
58.114,-7.31,3.26,-0.5742,-0.1938,-0.7266,8.4609,16.61,85.47,92.82,1
58.126,-7.29,3.27,-0.1133,-0.1760,-0.2695,10.6094,16.61,85.43,90.95,1
58.145,-7.26,3.25,-0.2305,-0.1841,-1.1484,8.1602,16.61,87.85,91.03,1
58.168,-7.21,3.22,0.2695,-0.1396,-0.1523,9.4648,16.61,86.59,93.53,1
58.177,-7.20,3.22,0.2695,-0.0767,-0.1523,9.4648,16.61,83.43,91.14,1
58.198,-7.13,3.22,1.2266,-0.0308,-0.5352,12.9453,16.61,85.93,90.64,1
58.215,-7.08,3.29,-0.9180,0.1542,-0.3047,9.5781,16.61,86.36,88.98,1
58.228,-7.05,3.32,-2.6797,-0.2240,-1.2266,5.5195,16.61,85.16,89.81,1
58.246,-6.97,3.26,-1.6836,-0.8408,-0.0781,9.6133,16.61,85.44,89.57,1
58.265,-6.90,3.16,1.4180,-0.4417,-0.9570,12.9453,16.61,86.13,90.02,1
58.279,-6.85,3.13,-0.9180,-0.3429,-0.4219,8.9609,16.61,87.85,90.93,1
58.296,-6.80,3.11,-2.7578,-0.7886,0.1523,4.1367,15.08,85.79,91.42,1
58.317,-6.70,2.98,0.2695,-0.8821,-0.4961,9.4219,15.08,88.07,89.17,1
58.337,-6.56,2.79,1.5703,-0.6431,-0.7656,11.6055,15.08,87.79,92.29,1
58.347,-6.52,2.75,1.5703,-0.3031,-0.7656,11.6055,15.08,87.84,89.57,1
58.368,-6.44,2.69,-0.9180,-0.2222,0.4219,8.0781,15.08,85.60,92.64,1
58.386,-6.36,2.56,-0.3047,-0.3705,0.6133,10.4961,15.08,85.76,90.60,1
58.399,-6.33,2.47,0.9961,-0.2518,-0.4961,12.7578,15.08,86.73,91.36,1
58.415,-6.26,2.39,1.0352,0.1052,0.4609,11.8359,15.08,84.53,88.92,1
58.435,-6.23,2.36,0.3047,0.2567,-0.0391,9.2695,15.08,84.90,89.77,1
58.454,-6.15,2.27,-2.2227,-0.2890,-0.4219,5.6367,15.08,85.43,91.15,1
58.466,-6.11,2.21,-0.7266,-0.4663,0.1133,7.6992,15.08,86.10,89.13,1
58.484,-6.07,2.08,1.0352,-0.1651,-0.3828,11.1484,15.08,85.43,89.16,1
58.508,-6.04,2.00,0.4609,0.0494,-0.7266,9.8047,15.08,84.36,89.68,1
58.517,-6.02,1.96,0.4609,0.1126,-0.7266,9.8047,15.08,85.23,90.43,1
58.535,-5.97,1.89,-1.6484,-0.2554,-1.2656,8.3945,15.08,83.54,90.32,1
58.556,-5.93,1.86,-0.1914,-0.0424,-0.7656,10.6094,15.08,82.45,87.83,1
58.574,-5.87,1.89,1.3008,0.2370,-1.5703,13.2891,15.08,80.90,87.24,1
58.585,-5.85,1.95,-1.1094,0.2076,-0.0781,9.4609,15.08,81.34,88.57,1
58.607,-5.79,2.06,-0.2695,-0.0555,-1.8008,10.8789,15.08,80.21,86.07,1
58.619,-5.76,2.11,-1.2656,-0.1826,-0.1523,9.3086,15.08,80.01,85.47,1
58.636,-5.68,2.20,-2.7969,-0.6122,-0.4219,6.5508,15.08,80.78,83.53,1
58.654,-5.60,2.23,0.7266,-0.5772,-0.9570,12.6836,15.08,78.62,85.65,1
58.674,-5.51,2.35,-2.6445,-0.9535,-0.2305,7.0117,15.08,77.91,82.75,1
58.687,-5.47,2.38,-1.2266,-1.0140,-1.5313,10.0352,15.08,79.15,81.59,1
58.705,-5.39,2.52,-2.9102,-1.4469,-0.6914,8.3945,15.08,76.38,83.78,1
58.725,-5.30,2.59,-1.0352,-1.4939,-0.4219,11.5352,15.08,75.59,82.20,1
58.738,-5.26,2.63,-1.0352,-1.4235,-0.4219,11.5352,15.08,76.10,80.57,1
58.757,-5.15,2.77,-2.0703,-1.1162,0.6133,9.8867,15.08,73.07,81.41,1
58.775,-5.05,2.94,-1.8008,-1.3652,-0.5352,9.6133,15.08,75.13,77.80,1
58.794,-4.94,3.13,-4.0234,-2.0056,0.4219,6.4687,15.08,73.53,77.65,1
58.806,-4.89,3.20,-3.2930,-2.2571,-0.3437,7.3125,15.08,72.54,78.46,1
58.824,-4.80,3.27,-1.3789,-2.1867,-0.7266,11.0742,15.08,72.67,78.12,1
58.845,-4.71,3.39,-3.6016,-2.4495,0.3437,7.0078,15.08,71.35,75.17,1
58.857,-4.66,3.41,-1.5703,-2.2549,-0.3047,10.2266,15.08,70.40,75.91,1
58.874,-4.58,3.51,-2.8359,-2.3408,0.2305,8.1211,15.08,70.40,75.98,1
58.897,-4.50,3.52,-1.9141,-2.4669,0.3437,10.3086,15.08,69.60,73.36,1
58.908,-4.48,3.58,-1.9141,-2.3820,0.3437,10.3086,15.08,69.54,75.55,1
58.928,-4.42,3.62,-1.9531,-2.4833,-1.0742,8.8477,15.08,68.47,71.45,1
58.946,-4.37,3.67,-2.6055,-2.3851,0.1914,8.8164,15.08,68.69,72.86,1
58.959,-4.34,3.69,-3.9453,-2.5411,-0.1523,4.9414,15.08,69.14,71.91,1
58.976,-4.29,3.64,-0.5352,-2.6665,0.4219,11.2969,15.08,66.26,70.64,1
58.994,-4.26,3.64,-2.1836,-2.3047,-0.3828,8.3164,15.08,66.92,73.94,1
59.015,-4.22,3.58,-2.0312,-2.2366,-1.0352,9.2266,15.08,65.76,69.27,1
59.027,-4.20,3.57,-2.4531,-2.2388,-0.5742,8.8867,15.08,65.83,69.07,1
59.044,-4.18,3.54,-2.7578,-2.3793,-1.0352,7.6602,15.08,64.75,69.57,1
59.068,-4.16,3.55,-1.4180,-1.9876,-0.3437,9.5039,15.08,64.87,68.76,1
59.078,-4.14,3.52,-1.4180,-1.9001,-0.3437,9.5039,15.08,63.67,69.08,1
59.095,-4.10,3.47,-1.2656,-1.7296,-0.4609,9.8437,15.08,63.68,66.46,1
59.115,-4.05,3.51,-2.4531,-1.4463,-0.4219,7.9727,15.08,62.09,67.94,1
59.135,-4.03,3.52,-1.0742,-1.5200,-0.8828,9.9609,15.08,62.63,65.49,1
59.146,-4.00,3.55,-2.7187,-1.5831,-1.2656,7.5898,15.08,61.56,66.12,1
59.165,-3.96,3.54,-0.3047,-1.7121,-0.7266,10.2695,15.08,61.26,65.13,1
59.185,-3.90,3.52,-1.9922,-1.6057,-0.1914,8.7773,15.08,60.78,64.26,1
59.197,-3.88,3.53,-0.6133,-1.5548,0.4609,10.8750,15.08,59.46,65.23,1
59.214,-3.84,3.53,-2.2969,-1.6064,0.1523,7.2070,15.08,59.46,62.99,1
59.234,-3.81,3.57,-0.1914,-1.3363,-0.8438,12.3789,15.08,57.98,63.69,1
59.248,-3.79,3.58,-3.6016,-1.8376,-1.2266,5.7812,15.08,58.70,62.71,1
59.265,-3.74,3.55,-0.3437,-1.6169,-0.7266,11.9531,15.08,58.70,61.43,1
59.286,-3.71,3.53,-1.3398,-1.8822,0.0781,10.0742,15.08,57.44,61.33,1
59.299,-3.69,3.54,-1.3398,-1.7989,0.0781,10.0742,15.08,56.10,61.90,1
59.316,-3.67,3.58,-1.2656,-1.4726,-0.6523,10.0352,14.41,56.10,58.99,1
59.337,-3.66,3.65,-1.6094,-1.4414,-0.0391,9.1562,14.41,57.01,60.71,1
59.354,-3.65,3.72,-1.6484,-1.5073,-0.0391,9.2695,14.41,54.73,58.73,1
59.367,-3.65,3.72,-1.6094,-1.5259,-0.3047,9.1211,14.41,55.66,58.48,1
59.384,-3.64,3.77,-0.6523,-1.3425,-0.6523,10.8359,14.41,53.87,57.64,1
59.404,-3.64,3.81,-3.2187,-1.7148,-0.7656,6.6680,14.41,54.47,58.00,1
59.418,-3.64,3.83,-1.9922,-1.7762,-1.2266,9.5781,14.41,53.14,56.18,1
59.435,-3.63,3.88,-0.3437,-1.4726,-0.6523,10.7305,14.41,53.99,57.30,1
59.456,-3.63,3.90,-1.4180,-1.5539,-0.4961,9.3047,14.41,52.22,55.17,1
59.469,-3.62,3.92,-1.4180,-1.5330,-0.4961,9.3047,14.41,52.63,55.89,1
59.488,-3.62,3.94,-1.2656,-1.6844,-0.0391,9.7695,14.41,52.63,54.71,1
59.506,-3.61,3.96,-2.1836,-1.6391,-1.6484,8.6602,14.41,51.21,54.39,1
59.525,-3.60,3.99,-0.8047,-1.5195,-0.5742,10.8750,14.41,51.32,53.01,1
59.537,-3.60,4.03,-0.8438,-1.4129,-0.9180,10.8750,14.41,49.73,53.01,1
59.554,-3.59,4.12,-0.8828,-1.2275,-0.6133,10.5742,14.41,50.01,53.46,1
59.574,-3.58,4.19,-3.1016,-1.6208,-1.2266,6.8516,14.41,48.95,51.12,1
59.588,-3.57,4.20,-1.5703,-1.6096,-1.0742,9.4609,14.41,48.93,52.13,1
59.605,-3.53,4.25,-2.3359,-1.7657,-0.9180,8.1172,14.41,47.83,50.73,1
59.627,-3.49,4.27,-2.1055,-2.0355,-1.1875,8.3125,14.41,47.83,51.28,1
59.639,-3.45,4.25,-2.1055,-2.0462,-1.1875,8.3125,14.41,47.84,49.91,1
59.658,-3.40,4.25,-1.2656,-1.6254,-0.9570,10.1875,14.41,46.33,49.91,1
59.675,-3.34,4.31,-2.1836,-1.5968,-1.2266,8.3555,14.41,46.24,49.97,1
59.694,-3.26,4.33,-3.2578,-2.0346,-0.1523,7.0508,14.41,46.24,48.21,1
59.707,-3.22,4.32,-2.1445,-2.1334,-0.8047,8.8867,14.41,45.12,48.73,1
59.725,-3.16,4.33,-1.9531,-2.0949,0.0000,8.8828,14.41,44.88,47.10,1
59.745,-3.09,4.34,-0.5742,-1.7414,-0.0781,11.5352,14.41,43.36,47.50,1
59.758,-3.06,4.35,-2.2969,-1.6999,0.1133,8.1211,14.41,43.36,45.09,1
59.775,-3.01,4.36,-2.1445,-1.8697,-0.5352,8.7734,14.41,43.12,45.09,1
59.798,-2.97,4.36,-2.9102,-1.9547,0.1133,7.8125,14.41,41.92,45.53,1
59.815,-2.94,4.36,-0.9180,-2.0663,-0.3437,10.6094,14.41,41.45,43.90,1
59.828,-2.93,4.35,-1.8398,-1.8859,0.4219,10.5703,14.41,41.45,44.11,1
59.846,-2.94,4.36,-1.4180,-1.8391,0.3437,10.0742,14.41,39.45,44.11,1
59.866,-2.96,4.39,-3.1016,-2.0681,-0.3437,8.0117,14.41,39.45,41.43,1
59.877,-2.96,4.39,-2.2969,-2.2325,0.0000,9.3477,14.41,39.19,41.43,1
59.895,-2.98,4.37,-1.5703,-2.1926,-0.3047,10.9570,14.41,37.61,40.80,1
59.914,-3.01,4.46,-2.1445,-2.1075,-0.7656,9.1211,14.41,37.61,40.22,1
59.928,-3.03,4.47,-2.7187,-2.1592,0.8047,7.2070,14.41,36.97,38.95,1
59.945,-3.07,4.47,-0.7656,-1.9177,-0.5742,11.4141,14.41,35.70,38.95,1
59.965,-3.11,4.45,-3.1016,-2.1079,-0.0391,7.5078,14.41,35.70,38.27,1
59.979,-3.14,4.45,-1.7617,-2.0313,-0.6914,10.4180,14.41,35.44,37.46,1
59.996,-3.18,4.44,-2.4141,-2.0992,-1.6094,8.1211,14.41,35.44,37.46,1
60.016,-3.22,4.49,-1.9141,-1.8261,-0.9961,9.7266,14.41,33.67,36.09,1
60.035,-3.26,4.58,-3.5234,-1.9798,-0.1133,6.5469,14.41,32.64,36.09,1
60.048,-3.28,4.59,-2.2969,-2.2233,-0.1914,9.2266,14.41,32.64,34.88,1
60.066,-3.32,4.57,-1.7227,-2.1982,-0.9961,10.4922,14.41,32.64,34.88,1
60.084,-3.35,4.57,-0.7266,-1.8157,-0.6914,11.7227,14.41,31.41,33.90,1
60.098,-3.37,4.61,-2.2227,-1.7681,-1.2656,10.1875,14.41,29.96,32.48,1
60.115,-3.40,4.69,-2.5273,-1.9905,-0.8047,8.3516,14.41,29.96,32.48,1
60.134,-3.43,4.72,-3.8320,-2.4315,-0.8828,6.9687,14.41,28.23,29.87,1
60.149,-3.44,4.72,-2.5273,-2.4527,-0.2305,9.5430,14.41,28.23,29.87,1
60.166,-3.47,4.73,-2.1836,-2.4021,-0.9180,8.8828,14.41,28.23,29.99,1
60.188,-3.49,4.76,-2.3750,-2.0542,-0.5742,9.4648,14.41,26.97,29.99,1
60.206,-3.51,4.80,-2.8359,-2.1820,-1.1875,8.1172,14.41,26.97,27.12,1
60.217,-3.52,4.83,-3.2578,-2.3605,-0.5742,8.0820,14.41,24.70,27.12,1
60.235,-3.53,4.82,-2.2969,-2.5381,-0.5742,9.7266,14.41,24.70,27.12,1
60.254,-3.55,4.85,-1.9141,-2.3712,-0.3437,10.3437,14.41,24.70,26.05,1
60.268,-3.57,4.87,-2.6797,-2.3622,-0.0781,9.4219,14.41,23.15,26.05,1
60.286,-3.60,4.91,-2.8711,-2.5128,0.1133,8.3164,14.41,23.15,26.05,1
60.305,-3.64,4.92,-2.4883,-2.5297,-0.4219,8.9219,14.41,20.88,23.10,1
60.319,-3.65,4.91,-1.7227,-2.4621,-0.4219,10.2266,7.22,20.88,23.10,1
60.336,-3.69,4.93,-1.6484,-2.1936,-0.6523,10.8789,7.22,20.88,21.46,1
60.358,-3.73,4.99,-3.2187,-2.3043,-0.9180,8.5781,7.22,20.88,21.46,1
60.375,-3.76,5.03,-2.6797,-2.5206,-0.5742,9.5781,7.22,18.81,21.46,1
60.388,-3.79,5.04,-4.0234,-2.6633,-1.1484,7.3516,7.22,18.81,18.30,1
60.405,-3.81,5.04,-2.3750,-2.9171,-0.1133,9.9609,7.22,18.81,18.30,1
60.424,-3.84,5.03,-2.7578,-2.8170,-0.9961,8.8828,7.22,15.66,18.30,1
60.438,-3.85,5.03,-2.6055,-2.7917,-1.1484,10.4961,7.22,15.66,18.30,1
60.456,-3.86,5.06,-2.7187,-2.7480,-1.0742,9.2656,7.22,15.66,15.67,1
60.474,-3.86,5.11,-2.3750,-2.6619,-1.1094,9.8047,7.22,15.66,15.67,1
60.489,-3.86,5.12,-3.1016,-2.6760,-0.6523,9.1172,7.22,15.66,15.67,1
60.506,-3.85,5.16,-2.6797,-2.7277,-0.6523,9.0820,7.22,12.08,15.67,1
60.525,-3.84,5.18,-2.1836,-2.6043,-0.7656,10.6484,7.22,12.08,15.67,1
60.546,-3.84,5.21,-2.8711,-2.7462,-0.6523,9.4258,7.22,12.08,10.70,1
60.559,-3.84,5.22,-4.0977,-2.8720,-0.7656,7.7344,7.22,12.08,10.70,1
60.576,-3.82,5.23,-2.5664,-3.0971,-0.6523,9.9648,7.22,12.08,10.70,1
60.596,-3.81,5.24,-2.7969,-2.9650,-0.6133,10.2305,7.22,12.08,10.70,1
60.608,-3.80,5.25,-2.1445,-2.8756,-1.1875,11.7969,7.22,12.08,10.70,1
60.626,-3.79,5.41,-2.9883,-2.7358,-0.9570,10.4570,7.22,12.08,10.70,1
60.644,-3.77,5.61,-2.9492,-2.8132,-0.7266,10.6914,7.22,12.08,10.70,1
60.659,-3.75,5.71,-4.9023,-2.9904,-0.6523,6.6680,7.22,12.08,10.70,1
60.677,-3.72,5.87,-4.6367,-3.5834,-0.1133,6.3984,7.22,12.08,10.70,1
60.695,-3.69,5.89,-3.7930,-3.6954,-0.4961,5.6367,7.22,12.08,10.70,1
60.716,-3.68,5.82,-0.3437,-3.2632,-0.3047,11.4180,7.22,12.08,10.70,1
60.727,-3.67,5.77,-0.3437,-2.8147,-0.3047,11.4180,7.22,12.08,10.70,1
60.748,-3.65,5.73,0.4219,-1.9660,-0.9961,11.6055,7.22,12.08,10.70,1
60.766,-3.63,5.70,-0.1523,-1.3347,-1.3008,10.3086,7.22,12.08,10.70,1
60.778,-3.62,5.68,0.2305,-1.0424,-1.4570,9.5000,7.22,12.08,10.70,1
60.795,-3.57,5.64,-0.4219,-0.7336,-0.9180,9.1992,7.22,12.08,10.70,1
60.814,-3.52,5.58,0.3437,-0.4579,-1.1484,9.9609,7.22,12.08,10.70,1
60.829,-3.49,5.55,-1.1875,-0.4572,-0.8047,7.5859,7.22,12.08,10.70,1
60.846,-3.42,5.48,0.0391,-0.4348,-0.6914,9.4258,7.22,12.08,10.70,1
60.865,-3.35,5.44,-0.2695,-0.3687,-0.9570,8.6211,7.22,12.08,10.70,1
60.888,-3.27,5.40,0.3437,-0.1258,-1.0352,9.7656,7.22,12.08,10.70,1
60.897,-3.23,5.37,0.3437,-0.0537,-1.0352,9.7656,7.22,12.08,10.70,1
60.918,-3.14,5.32,-0.4609,0.0413,-0.5352,9.8477,7.22,12.08,10.70,1
60.935,-3.04,5.29,-0.8438,-0.1318,-0.7266,9.0430,7.22,12.08,10.70,1
60.948,-2.99,5.29,-1.0352,-0.3046,-0.4609,8.0078,7.22,12.08,10.70,1
60.965,-2.89,5.31,-0.9180,-0.5024,-0.2305,7.1641,7.22,12.08,10.70,1
60.986,-2.79,5.27,0.2695,-0.3813,0.0391,11.3359,7.22,12.08,10.70,1
60.999,-2.74,5.29,0.0000,-0.3029,-0.8828,8.9219,7.22,0.00,10.70,1
61.017,-2.65,5.31,1.0742,0.0381,0.1523,10.8398,7.22,0.00,10.70,1
61.035,-2.57,5.34,-0.2695,0.0939,0.1914,8.9609,7.22,1.96,10.70,1
61.057,-2.48,5.38,0.1914,0.1946,0.1133,9.1992,7.22,1.96,0.00,1
61.067,-2.45,5.40,0.1914,0.1941,0.1133,9.1992,7.22,1.96,0.00,1
61.084,-2.38,5.46,1.1484,0.4051,-0.5352,9.7695,7.22,1.96,0.00,1
61.106,-2.31,5.54,0.6133,0.2661,-0.6133,9.3477,7.22,1.96,0.00,1
61.119,-2.28,5.60,-0.1133,0.2848,-0.2305,8.2344,7.22,1.96,0.00,1
61.135,-2.21,5.66,0.3828,0.2116,-0.2695,8.5430,7.22,1.96,0.00,1
61.156,-2.18,5.68,0.0781,0.2134,-0.2305,8.1562,7.22,1.96,0.00,1
61.169,-2.11,5.70,0.6133,0.2263,-0.1914,8.8164,7.22,1.96,0.00,1
61.186,-2.05,5.70,0.9570,0.3635,-0.3047,9.0391,7.22,1.96,0.00,1
61.204,-1.99,5.68,0.7266,0.5149,-0.0391,9.9219,7.22,1.96,0.00,1
61.227,-1.94,5.68,0.9570,0.7852,-0.2695,10.3477,7.22,1.96,0.00,1
61.237,-1.91,5.69,0.9570,0.8116,-0.2695,10.3477,7.22,1.96,0.00,1
61.255,-1.86,5.71,1.0352,0.8701,-0.0781,10.9531,7.22,1.96,0.00,1
61.276,-1.80,5.95,0.0391,0.4626,0.1523,10.3047,7.22,1.96,0.00,1
61.297,-1.75,6.13,-0.3047,0.2422,-0.5352,9.0781,7.22,1.96,0.00,1
61.307,-1.73,6.21,-0.3828,0.1149,-0.2695,10.4531,7.22,1.96,0.00,1
61.326,-1.68,6.39,-0.1914,-0.0110,-0.3047,10.3047,0.17,1.96,0.00,1
61.339,-1.66,6.46,-0.1914,-0.0509,-0.4609,10.4961,0.17,1.96,0.00,1
61.356,-1.61,6.61,-0.4219,-0.1092,-0.1523,9.8086,0.17,1.96,0.00,1
61.374,-1.56,6.71,-0.0391,-0.1311,-0.4609,10.4141,0.17,1.96,0.00,1
61.395,-1.50,6.78,-0.6914,-0.2493,-0.8828,9.4258,0.17,1.96,0.00,1
61.407,-1.47,6.82,-0.6133,-0.3299,-0.8828,9.1211,0.17,1.96,0.00,1
61.426,-1.38,6.89,-0.4609,-0.3765,-0.9570,9.7305,0.17,1.96,0.00,1
61.446,-1.30,6.97,0.4219,-0.3347,-0.2695,10.1133,0.17,1.96,0.00,1
61.458,-1.25,7.00,0.4219,-0.2185,-0.2695,10.1133,0.17,1.96,0.00,1
61.478,-1.15,7.09,0.6133,-0.0238,-0.4961,10.1484,0.17,1.96,0.00,1
61.496,-1.05,7.12,0.0781,0.1140,0.0391,8.9219,0.17,1.96,0.00,1
61.509,-1.00,7.13,0.7656,0.1611,-0.4219,9.9219,0.17,1.96,0.00,1
61.526,-0.88,7.16,-0.6914,0.2160,-0.2305,7.6562,0.17,0.00,0.00,1
61.544,-0.77,7.16,0.5742,0.1867,-0.2305,9.4219,0.17,0.00,0.00,1
61.565,-0.65,7.20,-0.2695,0.1099,-0.1523,9.3867,0.17,0.00,0.00,1
