t_s,lin_ax_raw_mps2,lin_ax_filt_mps2,lin_ay_raw_mps2,lin_ay_filt_mps2,lin_az_raw_mps2,lin_az_filt_mps2,roll_deg,pitch_deg,raw_ax_mps2,raw_ay_mps2,raw_az_mps2,bike_long_acc_raw_mps2,bike_long_acc_filt_mps2,speed_kmh,hall_f_hz,hall_r_hz,gps_fix
0.006,0.2422,0.2422,0.0664,0.0664,0.6719,0.6719,-1.91,1.10,-0.1133,-0.4219,9.1562,-0.1133,0.0628,0.00,0.00,0.00,1
0.024,0.0508,0.1998,-0.1250,0.0240,-0.1719,0.4851,-1.91,1.10,-0.9180,-0.0781,8.2773,-0.9180,-0.0515,0.00,0.00,0.00,1
0.043,-0.1055,-0.0273,0.2187,0.0707,0.0937,0.1027,-1.90,1.10,-0.2695,-0.0781,9.4219,-0.2695,-0.2034,0.00,0.00,0.00,1
0.057,-0.1055,-0.0393,0.2187,0.0935,0.0937,0.1013,-1.91,1.10,-0.0391,-0.5742,9.1172,-0.0391,-0.1951,0.00,0.00,0.00,1
0.074,0.5078,0.0341,0.2969,0.0414,0.8633,0.0982,-1.90,1.10,0.3437,0.0000,10.1914,0.3437,-0.0572,0.00,0.00,0.00,1
0.096,0.2031,0.1488,-0.0078,0.0817,0.5078,0.3045,-1.91,1.08,0.2695,-0.3828,9.5430,0.2695,0.0115,0.00,0.00,0.00,1
0.108,0.4336,0.1756,-0.0859,0.0617,0.2031,0.3113,-1.90,1.09,0.2695,-0.3828,9.5430,0.2695,0.0512,0.00,0.00,0.00,1
0.125,-0.2969,0.1903,0.2578,0.0473,-0.5625,0.2194,-1.91,1.08,-0.4609,-0.0391,8.7773,-0.4609,-0.0486,0.00,0.00,0.00,1
0.145,0.0508,0.0971,0.1133,0.0892,-0.0664,0.0523,-1.91,1.09,-0.9180,-0.4961,8.0820,-0.9180,-0.1384,0.00,0.00,0.00,1
0.164,-0.7539,-0.0941,-0.1914,0.0286,-1.2539,-0.2442,-1.92,1.08,0.1133,-0.1133,10.1914,0.1133,-0.2770,0.00,0.00,0.00,1
0.176,0.2773,-0.0817,0.1914,0.0387,0.8555,-0.1436,-1.93,1.10,0.0391,-0.4219,9.8437,0.0391,-0.1966,0.00,0.00,0.00,1
0.195,0.2031,0.0037,-0.1172,0.0137,0.5078,0.0628,-1.93,1.09,-0.1523,-0.3437,9.0820,-0.1523,-0.1451,0.00,0.00,0.00,1
0.214,-0.0352,0.0136,-0.1172,-0.0150,-0.1406,0.0067,-1.94,1.08,-0.1914,-0.4219,9.1953,-0.1914,-0.1562,0.00,0.00,0.00,1
0.227,-0.0352,0.0061,-0.1172,-0.0307,-0.1406,-0.0159,-1.94,1.07,0.4609,-0.2695,10.2305,0.4609,-0.1094,0.00,0.00,0.00,1
0.244,-0.4961,0.0880,-0.1172,-0.0292,-1.1016,0.0747,-1.94,1.08,-0.6523,-0.4219,8.2344,-0.6523,-0.1613,0.00,0.00,0.00,1
0.264,0.0430,-0.0345,0.0430,-0.0413,0.3945,-0.1392,-1.94,1.10,-0.1133,-0.2695,9.7305,-0.1133,-0.1813,0.00,0.00,0.00,1
0.284,-0.1484,-0.0505,-0.0703,-0.0377,-0.0273,-0.0506,-1.94,1.10,-0.9570,-0.3047,8.2344,-0.9570,-0.2756,0.00,0.00,0.00,1
0.295,-0.8008,-0.1177,0.0078,-0.0364,-1.1016,-0.1330,-1.94,1.10,-0.9570,-0.3047,8.2344,-0.9570,-0.3802,0.00,0.00,0.00,1
0.315,-0.8008,-0.3114,0.0078,-0.0239,-1.1016,-0.4077,-1.94,1.09,-0.1133,-0.5352,9.1211,-0.1133,-0.3571,0.00,0.00,0.00,1
0.335,0.0430,-0.2635,-0.2227,-0.0659,-0.2187,-0.4091,-1.94,1.08,0.3047,-0.2305,9.8477,0.3047,-0.2545,0.00,0.00,0.00,1
0.346,0.4609,-0.1315,0.0820,-0.0538,0.5078,-0.2554,-1.94,1.07,0.0391,-0.3437,9.3477,0.0391,-0.1520,0.00,0.00,0.00,1
0.364,0.1953,-0.0222,-0.0312,-0.0403,0.0117,-0.1487,-1.94,1.09,0.1523,-0.3828,9.9648,0.1523,-0.0887,0.00,0.00,0.00,1
0.382,0.1172,0.0687,0.0820,-0.0361,-0.1797,0.0155,-1.94,1.09,-0.0391,-0.2305,9.1562,-0.0391,-0.0489,0.00,0.00,0.00,1
0.397,0.1172,0.0762,0.0820,-0.0180,-0.1797,-0.0145,-1.93,1.09,0.2305,-0.3828,10.1523,0.2305,-0.0258,0.00,0.00,0.00,1
0.414,-0.6797,0.0829,-0.0781,-0.0277,-1.3281,0.0402,-1.93,1.10,-0.8438,-0.3828,8.0078,-0.8438,-0.1762,0.00,0.00,0.00,1
0.433,0.0508,-0.0749,0.0352,-0.0329,0.4023,-0.2095,-1.92,1.10,-0.1133,-0.2695,9.7305,-0.1133,-0.2039,0.00,0.00,0.00,1
0.448,0.3945,-0.0281,-0.1172,-0.0347,0.4414,-0.1124,-1.92,1.10,0.2305,-0.4219,9.7656,0.2305,-0.1371,0.00,0.00,0.00,1
0.465,-0.6797,0.0058,0.0352,-0.0459,-1.0156,-0.0719,-1.92,1.09,-0.8438,-0.2695,8.3125,-0.8438,-0.2706,0.00,0.00,0.00,1
0.487,-0.0742,-0.1349,0.1914,0.0057,0.0937,-0.2232,-1.92,1.07,-0.6523,-0.4961,8.6602,-0.6523,-0.3258,0.00,0.00,0.00,1
0.505,-0.4961,-0.2111,-0.1914,-0.0263,-0.6719,-0.3028,-1.91,1.05,0.6133,-0.1523,10.2305,0.6133,-0.3172,0.00,0.00,0.00,1
0.516,0.7695,-0.0797,0.1523,-0.0101,0.8984,-0.1433,-1.90,1.04,-0.1133,-0.3047,9.8086,-0.1133,-0.1694,0.00,0.00,0.00,1
0.534,0.0430,0.0003,0.0000,0.0023,0.4805,0.0597,-1.91,1.06,0.0391,-0.5352,8.8477,0.0391,-0.1413,0.00,0.00,0.00,1
0.553,0.0508,0.0481,0.2656,-0.0242,0.4805,0.0075,-1.90,1.06,-0.1133,-0.0391,9.8047,-0.1133,-0.1135,0.00,0.00,0.00,1
0.567,0.0508,0.0485,0.2656,0.0203,0.4805,0.0801,-1.91,1.07,0.2695,-0.4609,9.6094,0.2695,-0.0829,0.00,0.00,0.00,1
0.584,-0.3711,0.0935,0.1523,0.0090,-0.5937,0.0909,-1.90,1.08,-0.5352,-0.1523,8.7383,-0.5352,-0.1408,0.00,0.00,0.00,1
0.604,0.0508,-0.0045,0.0742,0.0434,0.4414,-0.0205,-1.89,1.08,-0.1133,-0.2305,9.7695,-0.1133,-0.1593,0.00,0.00,0.00,1
0.618,0.0508,0.0040,0.0742,0.0481,0.4414,0.0505,-1.89,1.07,0.1133,-0.4961,9.4648,0.1133,-0.1341,0.00,0.00,0.00,1
0.635,-0.5273,0.0198,0.0000,-0.0030,-0.7109,0.0287,-1.89,1.08,-0.6914,-0.3047,8.6211,-0.6914,-0.2278,0.00,0.00,0.00,1
0.656,0.0117,-0.0839,-0.0078,-0.0032,-0.0195,-0.1172,-1.87,1.06,-0.7656,-0.4961,8.4258,-0.7656,-0.2821,0.00,0.00,0.00,1
0.674,-0.6094,-0.1943,-0.1992,-0.0468,-0.9023,-0.2849,-1.86,1.04,0.3047,-0.1133,10.1133,0.3047,-0.3336,0.00,0.00,0.00,1
0.687,0.4687,-0.1205,0.1836,-0.0218,0.7852,-0.1623,-1.85,1.03,0.1523,-0.1523,10.0742,0.1523,-0.2045,0.00,0.00,0.00,1
0.704,0.3164,0.0129,0.1445,0.0278,0.7461,0.0977,-1.85,1.04,-0.5742,-0.2695,8.5781,-0.5742,-0.1614,0.00,0.00,0.00,1
0.723,0.0859,-0.0500,0.0664,0.0375,0.0664,-0.0378,-1.85,1.04,-0.0781,-0.2305,9.3828,-0.0781,-0.1924,0.00,0.00,0.00,1
0.737,0.0859,-0.0291,0.0664,0.0419,0.0664,-0.0218,-1.85,1.05,0.3047,-0.3437,9.9609,0.3047,-0.1442,0.00,0.00,0.00,1
0.755,-0.1328,0.0721,0.0664,0.0272,-0.3945,0.0883,-1.84,1.06,-0.3047,-0.2305,8.9219,-0.3047,-0.1260,0.00,0.00,0.00,1
0.774,0.0586,0.0176,0.1445,0.0468,0.5234,-0.0029,-1.84,1.08,-0.1133,-0.1523,9.8477,-0.1133,-0.1446,0.00,0.00,0.00,1
0.788,0.0586,0.0239,0.1445,0.0618,0.5234,0.0780,-1.84,1.08,-0.0391,-0.4609,9.1953,-0.0391,-0.1338,0.00,0.00,0.00,1
0.805,-0.5547,0.0018,0.1836,0.0303,-0.7383,-0.0031,-1.84,1.09,-0.7266,-0.1133,8.5820,-0.7266,-0.2537,0.00,0.00,0.00,1
0.827,-0.2500,-0.1411,0.0664,0.0646,0.0273,-0.1362,-1.84,1.08,-0.1914,-0.5352,8.9609,-0.1914,-0.3100,0.00,0.00,0.00,1
0.844,-0.0195,-0.1210,-0.2383,-0.0023,-0.3555,-0.1745,-1.83,1.07,0.3437,0.0781,10.1914,0.3437,-0.2336,0.00,0.00,0.00,1
0.858,0.5156,-0.0164,0.3672,0.0384,0.8711,-0.0262,-1.83,1.06,0.3047,-0.2695,9.8828,0.3047,-0.1089,0.00,0.00,0.00,1
0.875,0.4766,0.1259,0.0273,0.0565,0.5625,0.1600,-1.84,1.09,0.3828,-0.3437,9.9648,0.3828,0.0146,0.00,0.00,0.00,1
0.894,-0.0977,0.2154,0.0664,0.0346,-0.4336,0.2334,-1.84,1.09,-0.2695,-0.2305,8.8828,-0.2695,-0.0042,0.00,0.00,0.00,1
0.907,-0.0977,0.1461,0.0664,0.0416,-0.4336,0.0858,-1.84,1.09,-0.1133,-0.1133,9.6914,-0.1133,-0.0504,0.00,0.00,0.00,1
0.925,0.0586,0.1116,0.1836,0.0746,0.3711,0.1166,-1.84,1.08,-1.0742,-0.3828,7.8516,-1.0742,-0.1451,0.00,0.00,0.00,1
0.943,0.3242,-0.0809,0.3359,0.0690,0.7539,-0.1406,-1.85,1.06,0.1523,0.0391,10.0742,0.1523,-0.1904,0.00,0.00,0.00,1
0.963,0.1328,0.0187,-0.1641,0.1047,-0.1250,0.0428,-1.86,1.07,-0.0391,-0.4609,9.1953,-0.0391,-0.1356,0.00,0.00,0.00,1
0.986,-0.4023,-0.0608,-0.0078,0.0477,-0.7031,-0.1424,-1.86,1.07,-0.0781,-0.1133,9.5820,-0.0781,-0.2454,0.00,0.00,0.00,1
0.994,0.0937,-0.0736,0.1836,0.0545,0.2578,-0.1516,-1.87,1.08,-0.0781,-0.1133,9.5820,-0.0781,-0.2197,0.00,0.00,0.00,1
1.014,0.4414,0.0604,-0.2695,-0.0018,0.3711,0.0130,-1.88,1.08,-0.0391,-0.0391,9.5430,-0.0391,-0.0776,0.00,0.00,0.00,1
1.028,0.1328,0.0973,0.2656,0.0212,0.2187,0.0689,-1.88,1.07,-0.0391,-0.4219,9.4258,-0.0391,-0.0691,0.00,0.00,0.00,1
1.044,0.1328,0.1074,-0.1172,0.0058,0.1016,0.0854,-1.88,1.05,0.0781,-0.3437,9.8867,0.0781,-0.0512,0.00,0.00,0.00,1
1.065,-0.5547,0.0762,0.0352,-0.0059,-1.0469,0.0633,-1.89,1.07,-0.7266,-0.2695,8.2773,-0.7266,-0.1381,0.00,0.00,0.00,1
1.077,-0.5547,-0.0635,0.0352,0.0032,-1.0469,-0.1824,-1.89,1.06,-0.2695,-0.1914,9.4258,-0.2695,-0.2318,0.00,0.00,0.00,1
1.095,-0.0977,-0.1016,0.1133,0.0296,0.1016,-0.1734,-1.90,1.07,-0.4609,-0.5352,8.7773,-0.4609,-0.2578,0.00,0.00,0.00,1
1.114,0.4766,-0.0933,0.0742,-0.0150,0.7148,-0.1626,-1.90,1.07,0.3047,-0.2305,10.0312,0.3047,-0.1576,0.00,0.00,0.00,1
1.128,0.4766,-0.0058,0.0742,-0.0013,0.7148,-0.0279,-1.90,1.09,0.1523,-0.3047,9.6133,0.1523,-0.0988,0.00,0.00,0.00,1
1.145,0.3633,0.1186,-0.1836,-0.0097,0.5625,0.1273,-1.91,1.09,0.1914,-0.4961,9.8828,0.1914,-0.0045,0.00,0.00,0.00,1
1.164,0.0586,0.1636,0.0078,-0.0437,-0.3555,0.1773,-1.91,1.09,-0.1133,-0.3047,8.9609,-0.1133,-0.0164,0.00,0.00,0.00,1
1.185,0.2852,0.1779,0.1602,0.0076,0.7930,0.2498,-1.91,1.09,-1.0742,-0.4961,7.8125,-1.0742,-0.0672,0.00,0.00,0.00,1
1.196,-0.9023,0.0994,-0.1836,0.0035,-1.5039,0.1495,-1.91,1.09,-1.0742,-0.4961,7.8125,-1.0742,-0.2219,0.00,0.00,0.00,1
1.217,0.2187,0.0748,0.0430,0.0040,0.5234,0.1608,-1.91,1.10,-0.1914,-0.4609,9.2695,-0.1914,-0.1513,0.00,0.00,0.00,1
1.235,-0.0117,0.0646,-0.1484,-0.0273,-0.0508,0.1366,-1.91,1.12,-0.4219,-0.4609,8.8828,-0.4219,-0.1811,0.00,0.00,0.00,1
1.247,-0.2422,0.0123,-0.1484,-0.0541,-0.4336,0.0363,-1.91,1.12,-0.2305,-0.1914,9.3477,-0.2305,-0.2191,0.00,0.00,0.00,1
1.264,-0.0508,-0.0175,0.1133,-0.0230,0.0273,0.0050,-1.90,1.11,0.5742,-0.3047,10.0742,0.5742,-0.1580,0.00,0.00,0.00,1
1.283,-0.2422,0.1197,0.0742,-0.0027,-0.3164,0.1331,-1.90,1.10,-0.4219,-0.2305,9.0039,-0.4219,-0.1288,0.00,0.00,0.00,1
1.303,0.1016,0.0446,0.0742,0.0191,0.4102,0.0637,-1.88,1.11,-0.0781,-0.2305,9.7266,-0.0781,-0.1358,0.00,0.00,0.00,1
1.315,-0.1250,0.0391,-0.3477,-0.0024,-0.2422,0.0882,-1.88,1.12,-0.3047,-0.6523,9.0781,-0.3047,-0.1732,0.00,0.00,0.00,1
1.334,-0.5859,-0.0444,0.0742,-0.0666,-0.7773,-0.0483,-1.88,1.13,-0.7656,-0.2305,8.5430,-0.7656,-0.3125,0.00,0.00,0.00,1
1.355,-0.0508,-0.0795,0.0742,-0.0267,-0.1250,-0.1107,-1.86,1.12,0.0391,-0.4609,9.5820,0.0391,-0.2677,0.00,0.00,0.00,1
1.366,0.2187,-0.0535,-0.1641,-0.0302,0.2578,-0.0823,-1.86,1.11,0.0391,-0.4609,9.5820,0.0391,-0.2206,0.00,0.00,0.00,1
1.387,0.4492,0.0747,0.2187,-0.0171,0.4492,0.0631,-1.85,1.09,0.1523,-0.2695,9.8867,0.1523,-0.0761,0.00,0.00,0.00,1
1.405,0.3320,0.1550,0.0273,0.0075,0.5625,0.1977,-1.84,1.11,0.3437,-0.5352,9.7656,0.3437,0.0040,0.00,0.00,0.00,1
1.417,0.5234,0.2236,-0.2383,-0.0289,0.4492,0.2610,-1.84,1.11,-0.6133,-0.1133,8.8477,-0.6133,0.0026,0.00,0.00,0.00,1
1.435,-0.4336,0.0968,0.1836,0.0051,-0.4727,0.1104,-1.83,1.11,-0.3047,-0.2305,9.1211,-0.3047,-0.1473,0.00,0.00,0.00,1
1.453,-0.6641,-0.0396,-0.1719,0.0136,-0.9688,-0.0732,-1.82,1.11,-0.8438,-0.4609,8.3516,-0.8438,-0.3203,0.00,0.00,0.00,1
1.468,-0.6641,-0.1355,-0.1719,-0.0149,-0.9688,-0.2108,-1.82,1.09,0.3047,-0.0391,10.0703,0.3047,-0.3088,0.00,0.00,0.00,1
1.486,0.2109,-0.0542,-0.0156,0.0127,0.7539,-0.0445,-1.81,1.07,0.0391,-0.3047,10.0703,0.0391,-0.1756,0.00,0.00,0.00,1
1.504,0.1016,0.0122,-0.0156,0.0047,-0.3555,0.0932,-1.80,1.09,-0.0781,-0.3047,8.9609,-0.0781,-0.1407,0.00,0.00,0.00,1
1.526,-0.0586,0.0181,0.1367,0.0212,-0.0117,-0.0070,-1.79,1.09,0.3047,-0.1523,10.0703,0.3047,-0.1197,0.00,0.00,0.00,1
1.536,0.4844,0.0497,0.1367,0.0389,0.7539,0.0536,-1.79,1.09,0.3047,-0.1523,10.0703,0.3047,-0.0545,0.00,0.00,0.00,1
1.557,-0.6797,0.0191,-0.0937,0.0369,-1.1992,-0.0077,-1.77,1.07,-0.1133,0.0391,9.9219,-0.1133,-0.1993,0.00,0.00,0.00,1
1.576,0.0508,-0.0174,0.3281,0.0932,0.6016,0.0529,-1.77,1.05,-0.4219,-0.5352,8.6172,-0.4219,-0.1996,0.00,0.00,0.00,1
1.587,-0.2578,-0.0497,-0.2461,0.0570,-0.7031,-0.0261,-1.77,1.06,-0.3828,-0.1133,8.9648,-0.3828,-0.2457,0.00,0.00,0.00,1
1.604,-0.2187,-0.1001,0.1758,0.0644,-0.3555,-0.1411,-1.77,1.06,-0.0391,-0.1523,9.4648,-0.0391,-0.2571,0.00,0.00,0.00,1
1.623,0.5859,-0.0062,-0.0625,0.0738,0.7148,-0.0276,-1.76,1.06,0.4219,-0.3437,10.0352,0.4219,-0.0807,0.00,0.00,0.00,1
1.638,0.5859,0.0848,-0.0625,0.0528,0.7148,0.0865,-1.76,1.05,-0.2695,-0.0391,9.1953,-0.2695,-0.0589,0.00,0.00,0.00,1
1.657,0.1250,0.0780,0.0508,0.0846,0.4102,0.1053,-1.75,1.03,-0.0391,-0.2305,9.7266,-0.0391,-0.0797,0.00,0.00,0.00,1
1.674,0.0039,0.0827,-0.1016,0.0609,0.0664,0.1817,-1.75,1.03,-0.1523,-0.3828,9.3867,-0.1523,-0.0909,0.00,0.00,0.00,1
1.697,-0.5273,-0.0257,0.2031,0.0523,-1.0859,-0.0346,-1.74,1.03,-0.4219,-0.2695,9.1562,-0.4219,-0.2432,0.00,0.00,0.00,1
1.706,-0.2656,-0.0819,0.0039,0.0595,-0.1641,-0.1223,-1.75,1.02,-0.4219,-0.2695,9.1562,-0.4219,-0.2706,0.00,0.00,0.00,1
1.723,0.3086,-0.0880,0.0039,0.0438,0.3242,-0.0951,-1.75,1.02,0.1523,-0.2695,9.6484,0.1523,-0.1864,0.00,0.00,0.00,1
1.744,0.5391,0.0982,0.1211,0.0561,0.5156,0.0902,-1.75,1.00,0.3437,-0.4609,9.9648,0.3437,0.0045,0.00,0.00,0.00,1
1.763,-0.1484,0.1855,-0.0312,0.0032,-0.0977,0.2100,-1.75,1.01,-0.3047,-0.3047,9.2305,-0.3047,-0.0233,0.00,0.00,0.00,1
1.775,-0.1484,0.1342,-0.0312,-0.0021,-0.0977,0.1628,-1.75,1.01,-0.9570,-0.1914,7.9687,-0.9570,-0.1187,0.00,0.00,0.00,1
1.795,-0.1484,-0.0950,0.0039,0.0139,0.3242,-0.1492,-1.75,1.00,-0.3047,-0.2695,9.6523,-0.3047,-0.2602,0.00,0.00,0.00,1
1.808,-0.1484,-0.1032,0.0039,0.0123,0.3242,-0.0764,-1.75,1.00,-0.1914,-0.4609,9.0391,-0.1914,-0.2579,0.00,0.00,0.00,1
1.826,-0.0352,-0.0909,-0.1875,-0.0324,-0.2891,-0.0985,-1.75,0.98,0.3828,0.0781,10.0312,0.3828,-0.1931,0.00,0.00,0.00,1
1.843,0.3008,0.0703,0.2031,0.0557,0.8242,0.1284,-1.75,0.95,0.1523,-0.0781,10.1484,0.1523,-0.0478,0.00,0.00,0.00,1
1.867,0.4180,0.1669,-0.1797,0.0472,0.0937,0.2534,-1.76,0.96,-0.4609,-0.0391,9.0039,-0.4609,-0.0048,0.00,0.00,0.00,1
1.876,-0.3125,0.1470,0.2422,0.0461,-0.3242,0.1954,-1.76,0.96,-0.4609,-0.0391,9.0039,-0.4609,-0.0748,0.00,0.00,0.00,1
1.898,-0.0430,0.0317,0.0508,0.0835,-0.1328,0.0477,-1.77,0.95,-0.8438,-0.4609,8.3125,-0.8438,-0.1822,0.00,0.00,0.00,1
1.915,-0.6953,-0.1338,-0.1797,0.0232,-1.0156,-0.1989,-1.77,0.93,0.2695,-0.0391,10.0039,0.2695,-0.2808,0.00,0.00,0.00,1
1.933,0.6016,0.0036,0.0117,0.0553,0.5547,-0.0081,-1.79,0.91,0.4609,-0.2695,9.8867,0.4609,-0.0508,0.00,0.00,0.00,1
1.945,0.6016,0.0954,0.0117,0.0486,0.5547,0.0783,-1.79,0.93,0.1914,-0.2305,9.7305,0.1914,0.0062,0.00,0.00,0.00,1
1.965,-0.3125,0.1278,0.1758,0.0568,-0.6328,0.0969,-1.79,0.93,-0.4609,-0.1133,8.6953,-0.4609,-0.0414,0.00,0.00,0.00,1
1.978,-0.3203,0.0291,0.1758,0.0831,-0.6328,-0.0646,-1.80,0.92,0.0391,-0.2305,9.8828,0.0391,-0.0943,0.00,0.00,0.00,1
1.996,0.1797,0.0407,0.0586,0.0835,0.5547,0.0371,-1.82,0.91,-0.9961,-0.4961,8.1953,-0.9961,-0.1393,0.00,0.00,0.00,1
2.014,0.0273,-0.1349,0.0195,0.0178,0.4023,-0.1414,-1.82,0.88,-0.1133,-0.2695,9.7305,-0.1133,-0.2360,0.00,0.00,0.00,1
2.034,-0.0117,-0.0920,0.0586,0.0214,0.2500,0.0006,-1.84,0.90,-0.1523,-0.2305,9.5781,-0.1523,-0.2098,0.00,0.00,0.00,1
2.046,0.0273,-0.0711,0.0273,0.0271,-0.0195,0.0342,-1.84,0.90,-0.1133,-0.2695,9.3047,-0.1133,-0.1885,0.00,0.00,0.00,1
2.065,0.1406,-0.0341,-0.2773,0.0028,0.0586,0.0252,-1.84,0.89,0.0000,-0.5742,9.3828,0.0000,-0.1421,0.00,0.00,0.00,1
2.085,0.6016,0.1275,-0.2383,-0.0841,0.8633,0.2147,-1.84,0.88,-0.8047,-0.3047,8.2383,-0.8047,-0.0377,0.00,0.00,0.00,1
2.097,-0.6641,0.0990,-0.0078,-0.0893,-1.0938,0.1578,-1.84,0.87,-0.8047,-0.3047,8.2383,-0.8047,-0.1556,0.00,0.00,0.00,1
2.116,-0.2109,-0.0728,-0.0859,-0.0794,0.1250,0.0108,-1.84,0.85,-0.0391,-0.3828,9.6914,-0.0391,-0.2053,0.00,0.00,0.00,1
2.135,0.1016,-0.0428,-0.0859,-0.0812,0.3555,0.0942,-1.84,0.87,-0.6914,-0.1914,8.5430,-0.6914,-0.2103,0.00,0.00,0.00,1
2.148,-0.5508,-0.1111,0.1055,-0.0529,-0.7930,-0.0244,-1.84,0.87,-0.1914,-0.2695,9.0391,-0.1914,-0.2768,0.00,0.00,0.00,1
2.165,-0.0508,-0.1251,0.0273,-0.0253,-0.2969,-0.1326,-1.84,0.87,0.3437,-0.2695,9.8477,0.3437,-0.2098,0.00,0.00,0.00,1
2.183,0.2461,0.0313,-0.0469,-0.0133,0.0859,0.0059,-1.83,0.84,0.1133,-0.3437,9.4219,0.1133,-0.0721,0.00,0.00,0.00,1
2.204,0.2852,0.0954,0.0664,-0.0137,0.8164,0.0870,-1.84,0.83,0.1523,-0.2305,10.1523,0.1523,-0.0109,0.00,0.00,0.00,1
2.216,-0.1367,0.1036,-0.1641,-0.0144,-0.3320,0.1566,-1.83,0.83,-0.2695,-0.4609,9.0039,-0.2695,-0.0681,0.00,0.00,0.00,1
2.234,-0.6719,-0.0074,-0.0469,-0.0475,-0.8711,-0.0251,-1.83,0.84,-0.8047,-0.3437,8.4609,-0.8047,-0.2437,0.00,0.00,0.00,1
2.257,-0.1719,-0.0921,0.0195,-0.0285,0.1641,-0.0200,-1.83,0.83,-0.2305,-0.5352,8.8828,-0.2305,-0.2585,0.00,0.00,0.00,1
2.267,-0.0977,-0.0984,-0.2461,-0.0423,-0.4492,-0.0408,-1.82,0.82,-0.2305,-0.5352,8.8828,-0.2305,-0.2542,0.00,0.00,0.00,1
2.287,0.4297,-0.0172,0.3281,-0.0236,0.5469,-0.0270,-1.82,0.79,0.2695,-0.1914,9.9609,0.2695,-0.0972,0.00,0.00,0.00,1
2.306,0.3945,0.1018,0.0977,0.0251,0.6250,0.1530,-1.82,0.80,0.2695,-0.3047,9.8086,0.2695,0.0068,0.00,0.00,0.00,1
2.318,0.3945,0.1666,-0.0156,0.0238,0.4727,0.2341,-1.82,0.80,-0.3828,-0.3437,8.7773,-0.3828,0.0128,0.00,0.00,0.00,1
2.336,-0.2578,0.0869,-0.0547,0.0040,-0.5625,0.0727,-1.81,0.80,-0.0391,-0.2695,9.8867,-0.0391,-0.0719,0.00,0.00,0.00,1
2.355,-0.9102,-0.0128,-0.2461,-0.0162,-1.5977,-0.0008,-1.81,0.80,-1.0352,-0.5352,7.7344,-1.0352,-0.2812,0.00,0.00,0.00,1
2.369,-0.9102,-0.1507,-0.2461,-0.0515,-1.5977,-0.2461,-1.81,0.79,0.0781,-0.0781,9.9219,0.0781,-0.3079,0.00,0.00,0.00,1
2.386,0.0117,-0.1350,0.2109,-0.0056,0.4727,-0.1552,-1.81,0.78,-0.1133,-0.0781,9.8047,-0.1133,-0.2278,0.00,0.00,0.00,1
2.404,0.0859,-0.0875,0.0977,0.0468,-0.2187,-0.0325,-1.80,0.78,-0.0391,-0.1914,9.1172,-0.0391,-0.1789,0.00,0.00,0.00,1
2.427,0.0859,-0.0192,0.0977,0.0668,0.2031,0.0139,-1.79,0.77,0.3047,-0.3828,9.9609,0.3047,-0.0964,0.00,0.00,0.00,1
2.437,0.4297,0.0245,-0.0937,0.0562,0.6250,0.0767,-1.80,0.78,0.3047,-0.3828,9.9609,0.3047,-0.0348,0.00,0.00,0.00,1
2.457,-0.4883,0.0216,-0.0547,0.0111,-0.8711,0.0338,-1.79,0.77,-0.1914,-0.0391,9.9609,-0.1914,-0.1456,0.00,0.00,0.00,1
2.476,-0.0664,-0.0296,0.2500,0.0599,0.6250,0.1083,-1.79,0.76,0.0391,-0.5352,9.5039,0.0391,-0.1402,0.00,0.00,0.00,1
2.488,0.1641,-0.0024,-0.2461,0.0257,0.1641,0.1518,-1.79,0.77,-0.7656,-0.1523,8.3555,-0.7656,-0.1649,0.00,0.00,0.00,1
2.505,-0.6406,-0.1333,0.1367,0.0334,-0.9844,-0.0989,-1.79,0.75,-0.3828,-0.2695,9.1602,-0.3828,-0.3046,0.00,0.00,0.00,1
2.524,0.1641,-0.1655,-0.2461,0.0141,0.0859,-0.1513,-1.79,0.76,0.0391,-0.5352,9.4219,0.0391,-0.2379,0.00,0.00,0.00,1
2.545,0.4687,-0.0477,0.1758,-0.0259,0.6641,-0.0378,-1.79,0.76,0.3437,-0.1133,10.0039,0.3437,-0.0919,0.00,0.00,0.00,1
2.556,0.3945,0.0607,0.0195,0.0062,0.5469,0.1082,-1.80,0.77,0.2695,-0.2695,9.8867,0.2695,-0.0119,0.00,0.00,0.00,1
2.574,0.3164,0.1683,-0.0937,0.0017,0.3945,0.2456,-1.80,0.78,0.1914,-0.3828,9.7266,0.1914,0.0667,0.00,0.00,0.00,1
2.597,-0.7578,0.0538,0.0195,-0.0134,-1.0234,0.0785,-1.79,0.78,-0.3047,-0.3828,9.3086,-0.3047,-0.1492,0.00,0.00,0.00,1
2.607,-0.1797,-0.0246,-0.0937,-0.0174,-0.0273,-0.0110,-1.79,0.78,-0.3047,-0.3828,9.3086,-0.3047,-0.1731,0.00,0.00,0.00,1
2.628,-0.4883,-0.1249,-0.1328,-0.0495,-0.7930,-0.1342,-1.79,0.80,0.3437,0.0000,10.1914,0.3437,-0.2289,0.00,0.00,0.00,1
2.645,0.4687,-0.0162,0.2891,0.0203,0.8555,0.0438,-1.80,0.81,0.1523,-0.2695,9.8477,0.1523,-0.0818,0.00,0.00,0.00,1
2.658,0.2852,0.0630,0.0195,0.0384,0.5078,0.1700,-1.80,0.81,0.1914,-0.4609,9.2695,0.1914,-0.0269,0.00,0.00,0.00,1
2.675,0.3242,0.1346,-0.1719,-0.0093,-0.0742,0.1370,-1.79,0.82,-0.2305,-0.1133,9.3437,-0.2305,0.0013,0.00,0.00,0.00,1
2.695,0.3164,0.1127,-0.0547,0.0154,0.4648,0.1240,-1.80,0.81,0.1914,-0.3437,9.8086,0.1914,0.0156,0.00,0.00,0.00,1
2.714,-0.9414,0.0699,0.0195,0.0015,-1.2617,0.0826,-1.79,0.82,-1.0742,-0.2695,8.0781,-1.0742,-0.2146,0.00,0.00,0.00,1
2.726,-0.9414,-0.0855,0.0195,0.0042,-1.2617,-0.1239,-1.79,0.82,-0.2695,-0.0781,9.6914,-0.2695,-0.2823,0.00,0.00,0.00,1
2.744,0.0547,-0.1337,-0.0547,0.0425,-0.1484,-0.0951,-1.80,0.84,-0.0781,-0.3437,9.1953,-0.0781,-0.2356,0.00,0.00,0.00,1
2.768,-0.0977,-0.0929,0.1367,0.0388,-0.0352,-0.0959,-1.80,0.85,0.0391,-0.2305,9.3086,0.0391,-0.2035,0.00,0.00,0.00,1
2.777,0.1719,-0.0721,0.0586,0.0476,-0.0352,-0.0865,-1.80,0.84,0.0391,-0.2305,9.3086,0.0391,-0.1663,0.00,0.00,0.00,1
2.797,0.4375,0.0519,-0.0547,0.0339,0.6562,0.0372,-1.80,0.84,-0.3047,-0.1133,8.9609,-0.3047,-0.0697,0.00,0.00,0.00,1
2.815,-0.1719,0.0264,0.1758,0.0598,-0.3789,-0.0163,-1.80,0.83,-0.1523,-0.4219,9.2266,-0.1523,-0.1241,0.00,0.00,0.00,1
2.834,0.3711,0.0333,0.1055,0.0325,0.9219,0.0182,-1.82,0.87,0.2305,-0.1914,10.2656,0.2305,-0.0490,0.00,0.00,0.00,1
2.845,0.3711,0.0851,0.1055,0.0437,0.9219,0.1570,-1.82,0.87,-0.7266,-0.4219,8.1992,-0.7266,-0.0827,0.00,0.00,0.00,1
2.865,-0.5859,-0.0456,-0.1250,0.0102,-1.1445,-0.0834,-1.82,0.86,-0.2305,-0.2305,9.6914,-0.2305,-0.2256,0.00,0.00,0.00,1
2.884,-0.7773,-0.1441,-0.1641,-0.0000,-1.2227,-0.1476,-1.83,0.86,-0.9180,-0.4609,8.1211,-0.9180,-0.3794,0.00,0.00,0.00,1
2.896,-0.7773,-0.2414,-0.1641,-0.0252,-1.2227,-0.3127,-1.83,0.85,0.2695,-0.2305,10.1875,0.2695,-0.3671,0.00,0.00,0.00,1
2.914,0.3242,-0.0958,0.1445,-0.0010,0.5391,-0.0605,-1.83,0.83,0.1914,-0.1523,9.8828,0.1914,-0.1674,0.00,0.00,0.00,1
2.937,-0.5195,-0.0822,-0.0078,0.0252,-0.8398,-0.0679,-1.83,0.84,-0.1133,-0.1523,9.3047,-0.1133,-0.2412,0.00,0.00,0.00,1
2.947,0.0195,-0.1062,0.1445,0.0324,-0.0352,-0.1221,-1.83,0.83,-0.1133,-0.1523,9.3047,-0.1133,-0.2216,0.00,0.00,0.00,1
2.965,0.3633,-0.0431,-0.1641,0.0395,0.5000,-0.0546,-1.84,0.84,0.2305,-0.4609,9.8437,0.2305,-0.1148,0.00,0.00,0.00,1
2.985,0.2852,0.0782,0.2187,0.0548,0.1172,0.0497,-1.84,0.83,-0.1914,-0.0781,9.9258,-0.1914,-0.0512,0.00,0.00,0.00,1
3.006,0.3711,0.0856,-0.2305,0.0748,0.0430,0.1607,-1.85,0.86,0.2305,-0.5352,9.3828,0.2305,-0.0056,0.00,0.00,0.00,1
3.016,0.3711,0.1488,-0.2305,0.0072,0.0430,0.1346,-1.86,0.86,-0.2695,-0.1523,9.1602,-0.2695,0.0066,0.00,0.00,0.00,1
3.036,-0.1289,0.1012,0.1523,0.0245,-0.1875,0.0576,-1.87,0.87,-0.1133,-0.1914,9.5391,-0.1133,-0.0592,0.00,0.00,0.00,1
3.054,-0.6641,0.0117,-0.1250,0.0364,-1.3359,-0.0399,-1.87,0.86,-0.8047,-0.4219,8.0078,-0.8047,-0.2307,0.00,0.00,0.00,1
3.066,-0.6641,-0.0921,-0.1250,0.0116,-1.3359,-0.2390,-1.87,0.85,0.0781,-0.1914,9.9609,0.0781,-0.2482,0.00,0.00,0.00,1
3.084,0.4453,-0.0186,0.0273,0.0241,0.8828,-0.0378,-1.88,0.85,0.3047,-0.2695,10.2266,0.3047,-0.0868,0.00,0.00,0.00,1
3.104,-0.9336,0.0027,-0.1641,0.0097,-1.5273,0.0305,-1.89,0.85,-1.0742,-0.4609,7.8125,-1.0742,-0.2809,0.00,0.00,0.00,1
3.117,-0.0586,-0.1345,0.2187,0.0019,0.1562,-0.1796,-1.89,0.84,-0.1914,-0.0781,9.5000,-0.1914,-0.2611,0.00,0.00,0.00,1
3.134,-0.4805,-0.1467,-0.3164,0.0206,-0.8320,-0.1634,-1.89,0.83,-0.6133,-0.6133,8.5039,-0.6133,-0.3347,0.00,0.00,0.00,1
3.155,0.6680,-0.0064,0.2578,0.0328,1.1211,0.0409,-1.89,0.82,-0.0781,-0.3828,9.3867,-0.0781,-0.0872,0.00,0.00,0.00,1
3.168,0.0547,0.0482,-0.0781,0.0405,0.0508,0.1212,-1.90,0.81,-0.0781,-0.3828,9.3867,-0.0781,-0.0858,0.00,0.00,0.00,1
3.188,-0.7852,-0.0786,0.0742,0.0234,-0.7930,-0.0324,-1.91,0.82,0.2305,-0.1914,9.6484,0.2305,-0.2295,0.00,0.00,0.00,1
3.206,0.3633,-0.0248,0.1133,0.0465,0.3164,-0.0026,-1.92,0.83,-0.1523,-0.5742,9.3086,-0.1523,-0.1297,0.00,0.00,0.00,1
3.224,0.3633,0.0295,0.3437,0.0098,0.2773,0.0330,-1.92,0.82,0.2305,0.0391,9.6133,0.2305,-0.0527,0.00,0.00,0.00,1
3.236,0.3633,0.0808,0.3437,0.0611,0.2773,0.0706,-1.93,0.83,-0.5742,-0.2695,9.3437,-0.5742,-0.0736,0.00,0.00,0.00,1
3.254,-0.0586,-0.0205,-0.1094,0.0599,-0.4883,0.0257,-1.95,0.83,-0.1914,-0.4219,8.8477,-0.1914,-0.1595,0.00,0.00,0.00,1
3.275,0.5547,0.0178,0.1602,0.0335,0.8555,-0.0125,-1.95,0.83,0.4219,-0.1523,10.1875,0.4219,-0.0328,0.00,0.00,0.00,1
3.287,0.1328,0.1028,-0.3008,0.0246,-0.0664,0.1058,-1.96,0.84,0.0000,-0.6133,9.2656,0.0000,-0.0256,0.00,0.00,0.00,1
3.305,0.0195,0.1023,0.2344,-0.0248,-0.1133,0.0532,-1.97,0.84,-0.1133,-0.0781,9.2305,-0.1133,-0.0434,0.00,0.00,0.00,1
3.328,-0.3633,0.0153,0.0898,0.0413,0.1953,0.0439,-1.98,0.84,0.6914,-0.3047,9.9219,0.6914,-0.0808,0.00,0.00,0.00,1
3.338,0.8242,0.0521,0.0156,0.0428,0.5781,0.0977,-1.99,0.85,0.6914,-0.3047,9.9219,0.6914,0.0378,0.00,0.00,0.00,1
3.358,0.1719,0.2151,0.0156,0.0336,0.1172,0.1907,-1.99,0.84,-0.1914,-0.3437,9.5391,-0.1914,0.0572,0.00,0.00,0.00,1
3.375,-0.0508,0.1536,-0.0234,0.0198,0.1953,0.1872,-2.01,0.86,-0.6133,-0.4961,8.1602,-0.6133,-0.0471,0.00,0.00,0.00,1
3.394,0.1406,0.0133,0.2070,-0.0075,0.5000,-0.0664,-2.01,0.86,0.0000,-0.1133,9.8477,0.0000,-0.1044,0.00,0.00,0.00,1
3.406,0.1406,0.0329,0.2070,0.0255,0.5000,0.0206,-2.01,0.85,0.8438,-0.4219,10.6133,0.8438,-0.0208,0.00,0.00,0.00,1
3.425,-0.6250,0.1802,-0.1328,-0.0027,-1.1445,0.2083,-2.02,0.88,-0.7656,-0.4609,8.1992,-0.7656,-0.0823,0.00,0.00,0.00,1
3.445,-0.2031,-0.0144,0.1758,-0.0149,0.3086,-0.0591,-2.03,0.89,-0.3437,-0.1523,9.6484,-0.3437,-0.1827,0.00,0.00,0.00,1
3.457,-0.8555,-0.1084,-0.3242,-0.0127,-1.6445,-0.1340,-2.03,0.90,-0.9961,-0.6523,7.6992,-0.9961,-0.3627,0.00,0.00,0.00,1
3.475,0.5234,-0.2528,0.1758,-0.0789,1.1523,-0.4252,-2.04,0.90,0.3828,-0.1523,10.4922,0.3828,-0.2735,0.00,0.00,0.00,1
3.498,0.6445,0.0305,-0.0937,-0.0335,0.8477,0.0658,-2.05,0.91,-1.3398,-0.3047,7.7773,-1.3398,-0.1645,0.00,0.00,0.00,1
3.508,-1.1914,-0.0221,0.0234,-0.0334,-1.5664,-0.0072,-2.06,0.92,-1.3398,-0.3047,7.7773,-1.3398,-0.3450,0.00,0.00,0.00,1
3.528,0.1484,-0.2149,0.0664,-0.0074,-0.0742,-0.3096,-2.07,0.93,-0.8047,-0.6523,8.5781,-0.8047,-0.3686,0.00,0.00,0.00,1
3.545,-0.6562,-0.2900,-0.3164,-0.0712,-0.7617,-0.3950,-2.07,0.92,1.0352,0.0391,10.5312,1.0352,-0.3451,0.00,0.00,0.00,1
3.559,1.1836,-0.0884,0.3750,-0.0193,1.1992,-0.1749,-2.07,0.94,-0.3828,-0.6523,9.6484,-0.3828,-0.1530,0.00,0.00,0.00,1
3.576,-0.2344,-0.0415,-0.3164,-0.0605,0.3164,0.0194,-2.08,0.94,-0.9180,-0.4219,7.5508,-0.9180,-0.2610,0.00,0.00,0.00,1
3.596,0.4258,-0.1618,0.3750,-0.0455,1.1211,-0.2437,-2.08,0.95,0.2695,0.0391,10.4531,0.2695,-0.2222,0.00,0.00,0.00,1
3.616,-0.5352,-0.0720,-0.5078,0.0031,-1.4063,-0.0588,-2.08,0.97,-0.6914,-0.8438,7.9336,-0.6914,-0.2954,0.00,0.00,0.00,1
3.627,-0.5352,-0.1432,-0.5078,-0.0753,-1.4063,-0.2658,-2.08,0.96,0.8828,0.1523,10.7656,0.8828,-0.2303,0.00,0.00,0.00,1
3.644,-0.2266,0.0684,-0.2383,0.0016,0.1641,0.0485,-2.08,0.97,-0.3828,-0.5742,9.5000,-0.3828,-0.1309,0.00,0.00,0.00,1
3.668,-0.9180,-0.1384,-0.1602,-0.0682,-1.8672,-0.2241,-2.09,0.99,0.4609,-0.1133,10.4531,0.4609,-0.2901,0.00,0.00,0.00,1
3.678,0.6172,-0.1353,0.2227,-0.0517,1.1211,-0.2374,-2.09,0.99,0.4609,-0.1133,10.4531,0.4609,-0.1747,0.00,0.00,0.00,1
3.695,-0.8398,-0.0384,-0.2773,-0.0139,-1.3281,-0.0481,-2.09,0.98,-0.9961,-0.6133,8.0078,-0.9961,-0.3169,0.00,0.00,0.00,1
3.716,1.1914,0.1379,0.6055,0.0917,1.5820,0.1596,-2.09,0.97,0.2305,-0.7656,9.3867,0.2305,0.0797,0.00,0.00,0.00,1
3.736,-1.0313,0.1554,0.1836,0.0223,-1.0625,0.1212,-2.09,0.98,-1.1875,-0.1523,8.2773,-1.1875,-0.1827,0.00,0.00,0.00,1
3.748,-1.0313,-0.1072,0.1836,0.0580,-1.0625,-0.1408,-2.09,0.97,-0.3437,-0.3437,9.1602,-0.3437,-0.3376,0.00,0.00,0.00,1
3.766,0.4258,-0.1339,-0.5078,0.0065,-0.2969,-0.2140,-2.09,0.96,0.2695,-0.8438,9.0430,0.2695,-0.2040,0.00,0.00,0.00,1
3.784,0.3008,0.0469,0.1445,-0.1166,1.3906,-0.1073,-2.08,0.93,0.1523,-0.1914,10.7266,0.1523,-0.0685,0.00,0.00,0.00,1
3.797,0.3008,0.0859,0.1445,-0.0765,1.3906,0.1228,-2.08,0.94,0.0391,-0.5352,8.3516,0.0391,-0.0436,0.00,0.00,0.00,1
3.815,0.8398,0.1792,0.4883,-0.0436,1.8516,0.1083,-2.09,0.93,0.6914,0.1523,11.1875,0.6914,0.1289,0.00,0.00,0.00,1
3.834,-0.6172,0.2500,-0.4687,0.0307,-1.9414,0.2993,-2.08,0.92,-0.7656,-0.8047,7.3906,-0.7656,-0.0340,0.00,0.00,0.00,1
3.848,-0.2734,0.0856,0.6055,0.0061,0.0859,-0.0344,-2.08,0.91,-0.4219,0.2695,9.4258,-0.4219,-0.1198,0.00,0.00,0.00,1
3.866,0.2617,0.0266,-0.3555,0.0992,-0.1406,-0.0184,-2.08,0.93,0.1133,-0.6914,9.1992,0.1133,-0.0871,0.00,0.00,0.00,1
3.886,1.4219,0.3635,0.5664,0.1482,2.1172,0.4396,-2.08,0.95,-0.5742,-0.4961,8.0117,-0.5742,0.2269,0.00,0.00,0.00,1
3.906,0.2617,0.2553,0.1836,0.1122,0.0117,0.1416,-2.08,0.94,0.1133,-0.1523,9.3477,0.1133,0.1059,0.00,0.00,0.00,1
3.916,0.2617,0.2563,0.1836,0.1232,0.0117,0.1216,-2.07,0.95,-0.4609,-0.5742,8.6172,-0.4609,0.0611,0.00,0.00,0.00,1
3.936,-0.3047,0.1325,-0.2383,0.0470,-0.7187,-0.0712,-2.07,0.95,1.6484,-0.2695,10.5703,1.6484,0.0818,0.00,0.00,0.00,1
3.954,0.5391,0.4804,-0.0078,0.0302,-0.2969,0.1403,-2.05,0.95,0.3828,-0.3437,9.0430,0.3828,0.3358,0.00,0.00,0.00,1
3.967,0.5391,0.4894,-0.0078,0.0243,-0.2969,0.0731,-2.05,0.95,0.1914,-0.3047,9.4219,0.1914,0.3277,0.00,0.00,0.00,1
3.985,-0.2266,0.4061,-0.1680,0.0069,-1.3359,-0.0598,-2.04,0.97,-0.3828,-0.4961,8.0078,-0.3828,0.1542,0.00,0.00,0.00,1
4.005,1.2227,0.3426,-0.1328,-0.0399,0.3086,-0.2902,-2.03,0.98,1.0742,-0.4609,9.6523,1.0742,0.3243,0.00,0.00,0.00,1
4.018,1.3750,0.5496,-0.2461,-0.0695,0.6172,-0.1330,-2.03,0.96,1.2266,-0.5742,9.9609,1.2266,0.5240,0.00,0.00,0.00,1
4.036,0.8008,0.7377,0.0977,-0.0921,-0.7266,-0.0277,-2.03,0.96,0.6523,-0.2305,8.6172,0.6523,0.5962,0.00,0.00,0.00,1
4.056,0.4922,0.6909,-0.2070,-0.0948,-0.6484,-0.2487,-2.01,0.95,1.6094,-0.6133,9.6523,1.6094,0.6114,0.00,0.00,0.00,1
4.069,1.7578,0.7617,-0.2930,-0.1189,0.3086,-0.2335,-2.01,0.94,1.6094,-0.6133,9.6523,1.6094,0.7647,0.00,0.00,0.00,1
4.086,1.9727,1.1343,0.0508,-0.1255,1.1523,0.0809,-1.99,0.92,0.6133,-0.4219,9.4258,0.6133,1.0199,0.00,0.00,0.00,1
4.106,0.7461,1.1006,-0.1016,-0.1092,0.0781,0.1470,-1.97,0.91,0.2695,-0.2695,8.1602,0.2695,0.8771,0.00,0.00,0.00,1
4.124,1.7734,0.9919,0.2070,-0.0509,0.8477,-0.0718,-1.96,0.87,1.6484,-0.1133,10.1875,1.6484,0.9751,0.00,0.00,0.00,1
4.137,1.7734,1.1120,0.2070,-0.0113,0.8477,0.0694,-1.95,0.84,0.5742,-0.2695,8.2734,0.5742,0.9926,0.00,0.00,0.00,1
4.154,1.3359,1.0806,0.4648,0.0504,1.4961,-0.0039,-1.94,0.79,1.2266,0.1523,10.8359,1.2266,0.9943,0.00,0.00,0.00,1
4.176,1.8164,1.1914,-0.3398,0.1035,0.1953,0.3175,-1.92,0.75,1.7227,-0.6523,9.5430,1.7227,1.1700,0.00,0.00,0.00,1
4.188,0.8984,1.2563,0.1992,0.0485,0.6914,0.3301,-1.91,0.74,0.8047,-0.1133,10.0352,0.8047,1.0891,0.00,0.00,0.00,1
4.206,0.8047,1.1473,-0.1250,0.0653,-1.4141,0.2641,-1.89,0.71,0.7266,-0.4219,7.9336,0.7266,0.9912,0.00,0.00,0.00,1
4.228,1.7617,1.2839,-0.3164,-0.0639,1.3438,0.3857,-1.88,0.69,0.4961,-0.0391,9.2305,0.4961,1.1687,0.00,0.00,0.00,1
4.239,0.5742,1.2623,0.2578,-0.0567,-0.1133,0.4163,-1.87,0.67,0.4961,-0.0391,9.2305,0.4961,1.0654,0.00,0.00,0.00,1
4.258,1.9102,1.2329,-0.1641,-0.0143,0.7305,0.3653,-1.87,0.69,1.4922,0.3047,10.4922,1.4922,1.2246,0.00,0.00,0.00,1
4.277,1.5547,1.3463,0.6016,0.1127,1.1445,0.5605,-1.85,0.72,0.4609,-0.5352,7.9727,0.4609,1.2180,0.00,0.00,0.00,1
4.295,1.1367,1.1755,0.3281,0.0865,0.4180,0.1869,-1.84,0.70,1.0742,0.0391,9.7695,1.0742,1.0956,0.00,0.00,0.00,1
4.307,1.1367,1.1696,0.3281,0.1236,0.4180,0.2224,-1.84,0.71,-0.2305,-0.3437,7.7773,-0.2305,0.9880,0.00,0.00,0.00,1
4.325,1.8867,1.0359,-0.0156,0.1000,1.2578,0.0635,-1.84,0.70,1.8398,-0.3047,10.6133,1.8398,0.9604,0.00,0.00,0.00,1
4.344,2.2695,1.3078,0.1367,0.0794,2.2187,0.4791,-1.83,0.69,2.2227,-0.1523,11.5742,2.2227,1.2945,0.00,0.00,0.00,1
4.358,0.6211,1.3888,-0.1328,0.0705,-1.0000,0.6066,-1.83,0.71,0.5742,-0.4219,8.3516,0.5742,1.1351,0.00,0.00,0.00,1
4.375,1.0742,1.2073,0.3281,0.0497,-0.3945,0.1994,-1.81,0.69,1.0352,0.0391,8.9648,1.0352,1.0781,0.00,0.00,0.00,1
4.398,-0.0742,0.9855,-0.0547,0.0858,-0.9688,-0.0913,-1.81,0.69,2.4883,-0.2305,9.9648,2.4883,0.9459,0.00,0.00,0.00,1
4.409,2.5195,1.0303,0.0586,0.0733,0.6016,-0.1004,-1.81,0.67,2.4883,-0.2305,9.9648,2.4883,1.1828,0.00,0.00,10.46,1
4.428,2.2461,1.4960,0.0195,0.0623,2.4766,0.4269,-1.80,0.65,1.4180,-0.3437,8.6953,1.4180,1.4881,0.00,0.00,10.46,1
4.446,1.4414,1.5306,-0.0547,0.0337,-0.6641,0.3131,-1.80,0.66,1.1484,0.0391,9.2695,1.1484,1.4467,0.00,0.00,10.46,1
4.465,0.5508,1.3709,0.0195,0.0875,-1.6602,0.0172,-1.81,0.66,0.5352,-0.2695,7.6992,0.5352,1.2093,0.00,11.70,10.46,1
4.477,0.5508,1.2449,0.0195,0.0770,-1.6602,-0.2404,-1.80,0.63,3.2578,-0.3047,11.8008,3.2578,1.3235,0.00,11.70,13.26,1
4.496,1.4102,1.6282,0.0977,0.0565,-0.0586,0.2364,-1.81,0.60,1.4180,-0.1914,9.3086,1.4180,1.5758,0.00,11.70,13.26,1
4.514,1.7148,1.5907,0.1367,0.0713,1.1680,0.2509,-1.83,0.61,1.7227,-0.1523,10.5312,1.7227,1.5985,0.00,11.70,13.26,1
4.528,1.7148,1.6098,0.1367,0.0814,1.1680,0.3917,-1.83,0.60,-0.5352,-0.2305,6.6641,-0.5352,1.4369,0.00,13.68,13.26,1
4.545,1.0508,1.1296,0.5273,0.1172,-0.2812,-0.2462,-1.85,0.60,1.0742,0.2305,9.0820,1.0742,1.1208,0.00,13.68,15.07,1
4.568,1.3398,1.1471,0.0664,0.1862,0.3711,-0.1579,-1.87,0.55,0.5352,-0.3047,6.6250,0.5352,1.1238,0.00,13.68,15.07,1
4.579,0.4961,1.1092,0.0000,0.1625,-2.7305,-0.3248,-1.88,0.54,0.5352,-0.3047,6.6250,0.5352,1.0334,0.00,16.28,15.07,1
4.598,2.2578,1.1708,0.3750,0.1647,2.6289,-0.3217,-1.91,0.54,-0.2305,-0.6133,6.8516,-0.2305,1.1610,0.00,16.28,15.07,1
4.616,-0.2773,0.9180,-0.3086,0.0731,-2.5039,-0.6209,-1.94,0.50,1.8008,0.3828,10.1523,1.8008,0.9289,0.00,16.28,17.65,1
4.634,0.9961,1.0228,-0.5312,0.1279,-1.0469,-0.4750,-1.97,0.44,1.0742,-0.8438,8.3164,1.0742,1.0653,0.00,16.28,17.65,1
4.647,0.9961,1.0169,-0.5312,-0.0179,-1.0469,-0.6016,-1.99,0.42,0.3828,0.1914,8.2344,0.3828,1.0120,0.00,17.95,17.65,1
4.666,0.3047,0.8580,0.5039,0.0656,-1.1250,-0.7451,-2.03,0.40,3.2930,0.3437,11.1523,3.2930,1.0664,0.00,17.95,19.30,1
4.684,-0.4219,1.2022,-0.3984,0.1770,-2.5781,-0.3976,-2.10,0.44,-0.3437,-0.7266,6.7852,-0.3437,1.0206,0.00,17.95,19.30,1
4.698,-0.4219,0.9527,-0.3984,0.0886,-2.5781,-0.7325,-2.12,0.39,2.1445,0.8438,9.5000,2.1445,1.0101,0.00,20.13,21.61,1
4.715,0.6953,1.0769,-1.0742,0.1898,-1.3828,-0.7125,-2.17,0.36,0.8047,-1.4180,7.9687,0.8047,1.1003,0.00,20.13,21.61,1
4.734,0.3359,0.9399,0.0469,-0.0790,-1.6523,-0.9242,-2.22,0.28,0.4609,-0.3047,7.6953,0.4609,0.9404,0.00,21.43,21.61,1
4.749,2.8945,1.0110,0.0078,-0.0542,2.3320,-0.7666,-2.24,0.26,3.0273,-0.3437,11.6797,3.0273,1.4023,0.00,21.43,23.15,1
4.766,0.2734,1.3355,-0.9805,-0.1157,-2.4570,-0.2709,-2.29,0.19,0.4219,-1.3398,6.8945,0.4219,1.2865,0.00,21.43,23.15,1
4.786,2.4180,1.4480,0.3281,-0.1209,0.3398,-0.3972,-2.33,0.13,2.7969,-1.9922,10.1523,2.7969,1.7413,0.00,23.49,24.86,1
4.806,0.9766,1.7055,0.8711,-0.3221,-1.5273,-0.1999,-2.37,0.09,1.1484,0.4961,7.8125,1.1484,1.7363,0.00,23.49,24.86,1
4.817,0.9609,1.5418,0.8711,-0.0580,-1.5273,-0.4937,-2.37,0.04,2.7578,-1.1484,11.0312,2.7578,1.7350,0.00,23.49,24.86,1
4.836,2.5703,1.7332,-0.7656,-0.1567,1.6875,-0.0753,-2.41,0.09,1.8398,-0.7656,9.1992,1.8398,1.9516,0.00,24.53,26.39,1
4.854,1.6367,1.7554,0.0391,-0.2220,-1.5273,-0.1054,-2.44,0.05,1.8398,-0.3437,7.8164,1.8398,1.9135,0.00,27.04,27.96,1
4.868,1.6367,1.7372,0.0391,-0.1819,-1.5273,-0.3238,-2.44,0.03,3.7148,-1.2266,10.6133,3.7148,2.0522,0.00,27.04,27.96,1
4.885,2.7930,2.1740,0.5820,-0.2413,1.4961,0.0765,-2.45,-0.06,3.0273,0.1914,10.8359,3.0273,2.4669,0.00,27.90,29.85,1
4.908,2.2305,2.2986,-1.1016,-0.2192,1.4219,0.5490,-2.46,-0.11,2.9492,-0.3828,9.5039,2.9492,2.5419,0.00,27.90,29.85,1
4.919,2.6914,2.3250,0.0078,-0.2660,0.1641,0.5825,-2.44,-0.15,2.9492,-0.3828,9.5039,2.9492,2.6045,0.00,30.17,31.43,1
4.936,0.6094,2.2624,0.4687,-0.1515,-0.2891,0.4276,-2.45,-0.18,0.8828,0.0781,9.0430,0.8828,2.2449,0.00,30.17,31.43,1
4.958,4.7305,2.7815,-1.3320,-0.4180,1.2070,0.5698,-2.47,-0.19,2.6797,0.3047,11.7617,2.6797,3.1500,0.00,31.45,32.64,1
4.976,2.3828,2.8147,0.6953,-0.2286,2.4336,1.0220,-2.46,-0.18,2.7969,-1.2266,9.3867,2.7969,3.0260,0.00,31.45,32.64,1
4.987,2.5000,2.7371,-0.8359,-0.2593,0.0508,0.9684,-2.47,-0.18,2.4141,0.5352,9.5781,2.4141,2.9446,0.00,33.57,34.60,1
5.006,2.1094,2.5834,0.9258,-0.0330,0.2422,0.7505,-2.47,-0.21,1.8789,-0.7266,7.5469,1.8789,2.7513,0.00,33.57,34.60,1
5.024,3.7266,2.4374,-0.3359,-0.0639,1.6602,0.2771,-2.45,-0.26,4.0625,-0.7266,10.9961,4.0625,2.9372,0.00,34.80,35.28,1
5.038,3.7266,2.6354,-0.3359,-0.1057,1.6602,0.4895,-2.45,-0.25,2.2969,0.3828,8.0078,2.2969,2.9688,0.00,36.59,38.03,1
5.055,2.8281,2.5729,-1.2188,-0.0290,2.1953,0.3230,-2.46,-0.22,3.1797,-1.6094,11.5352,3.1797,2.9351,0.00,36.59,38.03,1
5.075,0.0547,2.4234,0.2773,-0.2467,-2.7852,0.4555,-2.45,-0.24,0.4219,-0.1133,6.5508,0.4219,2.3941,0.00,37.54,39.11,1
5.089,1.5781,2.1814,0.3125,-0.1634,-1.9063,0.0281,-2.45,-0.24,1.9531,-0.0781,7.4336,1.9531,2.3264,0.00,39.55,40.17,1
5.106,1.9766,2.0422,-0.9414,-0.1287,0.7305,-0.3096,-2.45,-0.28,2.3750,-1.3398,10.0703,2.3750,2.3139,0.00,39.55,41.87,1
5.127,1.4258,1.9352,1.0898,-0.0938,-0.9922,-0.2196,-2.44,-0.32,3.4844,-0.6914,12.1055,3.4844,2.3145,0.00,40.00,41.87,1
5.146,3.0547,2.1512,-0.2930,-0.0641,2.7617,0.3921,-2.44,-0.32,0.9961,-0.5352,8.2773,0.9961,2.4472,0.00,41.28,43.27,1
5.158,0.5508,1.9666,-0.1445,-0.0920,-1.0703,0.3279,-2.43,-0.34,4.2148,-0.5742,9.3867,4.2148,2.3836,0.00,41.28,42.54,1
5.176,3.7617,2.2757,-0.1836,-0.1155,0.0430,0.1777,-2.43,-0.35,1.5313,-0.1133,8.6172,1.5313,2.6882,0.00,43.09,42.54,1
5.195,4.6875,2.3052,-1.1797,-0.1246,1.3438,0.0792,-2.42,-0.44,5.1719,-1.5703,10.6875,5.1719,3.0995,0.00,45.01,45.99,1
5.208,4.6875,2.6711,-1.1797,-0.2866,1.3438,0.2734,-2.43,-0.45,3.3711,0.6914,10.9922,3.3711,3.2738,0.00,44.82,46.13,1
5.226,2.2891,2.7968,-1.1016,-0.1243,2.2539,0.7724,-2.43,-0.41,2.7969,-1.4922,11.6055,2.7969,3.1799,0.00,44.82,48.50,1
5.245,-0.5078,2.4291,0.6953,-0.2577,-3.2227,0.7544,-2.43,-0.33,0.0000,0.3047,6.1250,0.0000,2.4523,0.00,46.36,47.54,1
5.259,1.5898,2.1458,-0.3359,-0.1939,-1.5000,0.2814,-2.43,-0.33,2.1055,-0.7266,7.8555,2.1055,2.3990,0.00,47.60,50.26,1
5.276,0.4414,1.8644,-0.4141,-0.2485,-0.3477,-0.2338,-2.44,-0.30,0.9570,-0.8047,9.0000,0.9570,2.0448,0.00,49.92,50.46,1
5.297,0.9766,1.4615,1.2031,-0.0566,-3.4219,-0.7448,-2.44,-0.38,4.3672,0.0000,14.9805,4.3672,2.0637,0.00,49.25,50.46,1
5.310,3.7969,1.6126,0.3984,0.0725,5.6172,-0.4329,-2.45,-0.43,4.3672,0.0000,14.9805,4.3672,2.4175,0.00,50.37,52.49,1
5.329,0.8008,1.8971,-0.5898,0.0318,-1.0078,0.6121,-2.48,-0.40,2.8711,0.8047,9.0039,2.8711,2.3541,0.00,50.37,52.59,1
5.347,2.2852,1.9147,1.2109,0.2541,-0.3477,0.2988,-2.52,-0.41,0.6523,-0.2695,6.6289,0.6523,2.3232,0.00,52.68,52.93,1
5.366,3.8555,1.7085,-1.0039,0.1860,0.9453,-0.3017,-2.55,-0.49,4.4805,-1.4180,10.3086,4.4805,2.6008,0.00,53.70,56.00,1
5.378,3.8555,2.0383,-1.0039,0.0032,0.9453,-0.1102,-2.56,-0.52,3.8672,0.9180,10.1914,3.8672,2.8404,0.00,53.74,55.66,1
5.397,2.5703,2.4237,-0.7266,0.1577,3.9336,0.4657,-2.60,-0.53,3.2187,-1.1484,13.2930,3.2187,3.0470,0.00,54.61,57.72,1
5.415,1.2422,2.3643,0.5430,-0.0406,-2.7773,1.1111,-2.67,-0.51,1.9141,0.1133,6.5859,1.9141,2.8168,0.00,55.37,57.45,1
5.429,1.2422,2.1919,0.5430,0.0490,-2.7773,0.5138,-2.71,-0.52,0.9180,0.0391,8.2773,0.9180,2.5984,0.00,56.58,57.49,1
5.446,3.1367,1.8121,-1.5469,0.0383,1.0156,0.0380,-2.77,-0.53,3.8320,-1.9922,10.3867,3.8320,2.6705,0.00,57.70,61.78,1
5.469,0.0078,1.7831,1.7930,0.0109,-3.1992,-0.2761,-2.83,-0.53,3.8320,-1.8008,14.5156,3.8320,2.4342,0.00,58.16,58.86,1
5.480,3.1133,1.7589,-1.3398,0.0340,5.1523,-0.0570,-2.87,-0.51,3.8320,-1.8008,14.5156,3.8320,2.6489,0.00,57.43,62.78,1
5.499,-0.1211,1.7238,0.3242,-0.1788,-2.3281,0.5700,-2.93,-0.50,1.5703,0.1914,6.4687,1.5703,2.2159,0.00,61.04,60.55,1
5.516,0.8203,1.4089,0.6758,0.0417,-2.8945,-0.3773,-3.01,-0.59,2.9883,-1.4180,12.6406,2.9883,2.1463,0.00,59.55,62.57,1
5.535,-0.5820,1.3816,0.6602,-0.0679,-5.0469,-0.1534,-3.10,-0.58,0.1914,0.1523,4.3320,0.1914,1.8143,0.00,61.92,64.42,1
5.548,-0.5820,1.0800,0.6602,0.0439,-5.0469,-0.9050,-3.14,-0.61,4.1758,-0.3437,14.7812,4.1758,1.8838,0.00,61.16,64.95,1
5.567,-0.4062,1.3371,-1.0859,0.0149,-1.7148,0.0786,-3.24,-0.56,0.3828,-1.6094,7.6602,0.3828,1.8258,0.00,62.17,64.95,1
5.585,2.1758,0.9461,1.5352,-0.1491,-0.4102,-0.4284,-3.33,-0.58,2.9883,0.9961,8.9609,2.9883,1.9105,0.00,63.34,65.10,1
5.599,2.1758,1.1350,1.5352,0.1096,-0.4102,-0.4256,-3.37,-0.64,1.6836,-3.0664,9.8437,1.6836,1.9716,0.00,64.67,68.65,1
5.616,-0.2539,1.0266,0.8672,-0.2818,-4.8164,-0.5939,-3.48,-0.62,0.5742,0.3047,4.5586,0.5742,1.6279,0.00,65.86,67.58,1
5.639,3.2617,1.1301,-0.0742,-0.0347,4.4922,-0.6036,-3.58,-0.58,0.2695,-2.2969,8.7773,0.2695,1.9617,0.00,63.96,68.95,1
5.650,-0.5664,1.1512,-1.7109,-0.1717,-0.6016,-0.2284,-3.63,-0.55,0.2695,-2.2969,8.7773,0.2695,1.7018,0.00,68.62,69.31,1
5.670,0.2969,0.6983,1.9023,-0.1415,-2.2109,-0.6028,-3.73,-0.55,0.2695,-2.2969,5.2109,0.2695,1.3925,0.00,67.12,70.33,1
5.686,-0.5977,0.3865,-1.6875,-0.3563,-4.1562,-1.4894,-3.83,-0.69,0.6914,-0.0391,7.4336,0.6914,1.1077,0.00,70.02,72.29,1
5.708,3.9219,0.4936,0.1719,-0.1985,3.7031,-1.3165,-3.91,-0.76,4.8281,-0.4609,13.0625,4.8281,1.8813,0.00,68.54,71.56,1
5.719,3.9219,1.2524,0.1797,-0.1153,3.7031,-0.2056,-3.98,-0.72,1.7617,-2.2227,12.5273,1.7617,2.2882,0.00,68.27,73.95,1
5.736,0.8633,1.3325,-1.5742,-0.4198,3.1680,0.7845,-4.09,-0.62,1.8789,1.2656,6.8516,1.8789,2.1482,0.00,71.02,72.08,1
5.755,-0.2539,1.1070,-2.6602,-0.1868,-2.3867,-0.0021,-4.18,-0.59,0.6523,-3.3320,6.9687,0.6523,1.7850,0.00,72.37,73.96,1
5.769,-0.2539,0.8980,-2.6602,-0.5667,-2.3867,-0.3684,-4.24,-0.63,-0.4219,0.1914,3.1406,-0.4219,1.5251,0.00,72.46,76.33,1
5.787,3.1523,0.5543,-0.8359,-0.4123,4.1328,-1.3136,-4.30,-0.77,4.0977,-1.5313,13.4883,4.0977,1.8615,0.00,73.22,75.51,1
5.806,1.3203,1.1446,-2.1250,-0.6356,2.8320,0.1270,-4.37,-0.86,2.2969,-2.8359,12.1797,2.2969,2.0972,0.00,72.95,74.81,1
5.820,1.7813,1.2203,2.0586,-0.6305,-0.2344,0.4803,-4.42,-0.83,2.7578,1.3398,9.1172,2.7578,2.2434,0.00,76.14,77.13,1
5.837,1.0391,1.3200,-2.4062,-0.2251,-1.4609,0.1795,-4.47,-0.85,2.0312,-3.1406,7.8945,2.0312,2.2285,0.00,75.47,77.43,1
5.857,0.3789,1.0943,1.6250,0.0485,-3.4531,-0.7266,-4.52,-0.96,2.3750,-2.3750,12.4883,2.3750,2.0672,0.00,76.40,79.87,1
5.877,1.3516,1.1066,-1.6250,-0.2237,3.1367,-0.0415,-4.56,-0.94,3.4844,-2.8359,10.9961,3.4844,2.2433,0.00,78.44,80.03,1
5.888,2.4687,1.3324,-2.0781,-0.6034,1.6445,0.4327,-4.58,-0.89,0.4219,1.2656,8.2383,0.4219,2.2729,0.00,76.56,78.27,1
5.906,-0.6016,0.9752,2.0312,-0.1122,-1.1172,0.1652,-4.61,-0.91,2.3750,-1.1094,6.1289,2.3750,1.9042,0.00,81.53,81.56,1
5.925,2.9531,1.1149,2.4219,0.1678,3.0742,-0.3622,-4.63,-1.03,4.0234,1.6484,12.4062,4.0234,2.4295,0.00,78.46,83.96,1
5.939,2.9531,1.3973,2.4219,0.5141,3.0742,0.1656,-4.65,-1.04,2.2227,-3.4102,11.5352,2.2227,2.5303,0.00,79.64,82.94,1
5.956,-1.1094,1.2360,2.7344,0.1611,-1.1367,0.6414,-4.69,-1.00,-0.0391,1.9531,8.1992,-0.0391,1.9249,0.00,81.90,82.18,1
5.976,1.4883,0.7787,-1.9297,0.5178,-1.6367,0.0971,-4.73,-0.96,2.5664,-2.7187,7.6953,2.5664,1.9445,0.00,83.43,85.16,1
5.990,0.1328,0.8273,1.0938,0.2180,-2.3242,-0.3416,-4.73,-1.03,1.2266,0.3047,7.0078,1.2266,1.7856,0.00,81.96,87.72,1
6.007,-1.3164,0.5144,-0.0156,0.3776,-1.2539,-0.8183,-4.74,-1.16,-0.1914,-0.8047,8.0820,-0.1914,1.3133,0.00,83.90,85.88,1
6.028,1.6875,0.7432,-0.2383,0.1804,1.8203,-0.0959,-4.76,-1.24,3.5234,-0.4609,10.6094,3.5234,1.0975,0.00,84.11,85.60,1
6.046,2.3672,1.1614,0.3359,0.1887,1.2734,0.3265,-4.79,-1.22,1.3398,-0.6133,7.0898,1.3398,1.6108,0.00,85.57,88.43,1
6.059,0.1836,1.0929,0.1914,0.1991,-2.2422,-0.0039,-4.80,-1.22,1.8398,-1.0742,10.5352,1.8398,1.5908,0.00,83.06,88.66,1
6.077,0.6758,0.9439,-0.2695,0.0949,1.2070,0.1246,-4.82,-1.24,3.5625,-1.5703,12.3398,3.5625,1.7993,0.00,86.24,88.27,1
6.095,-0.1680,1.1358,0.3164,-0.0819,-1.1680,0.6703,-4.82,-1.16,0.9961,-0.4961,8.1602,0.9961,1.8324,0.00,88.78,89.66,1
6.109,-0.1680,0.9355,0.3164,-0.0207,-1.1680,0.3879,-4.82,-1.17,-1.4180,-0.8438,3.9492,-1.4180,1.5108,0.00,87.99,91.20,1
6.126,1.7930,0.2199,0.5742,0.0425,2.5859,-0.7004,-4.79,-1.32,2.9883,-0.2305,11.9141,2.9883,1.4875,0.00,85.46,92.30,1
6.146,2.3516,0.7107,-1.4570,0.0308,4.3477,0.3726,-4.77,-1.32,3.5625,-2.2617,13.6758,3.5625,2.0402,0.00,87.04,92.44,1
6.160,-0.4531,0.8495,0.5352,-0.1391,-1.1289,0.8142,-4.76,-1.40,0.7656,-0.2695,8.1992,0.7656,1.7581,0.00,90.82,91.06,1
6.177,-1.8242,0.3704,0.9570,0.0859,-3.2773,0.0912,-4.75,-1.59,-0.5742,0.1523,6.0508,-0.5742,1.1801,0.00,88.41,93.29,1
6.199,1.0469,0.0632,0.7187,0.3463,1.4805,-0.3264,-4.73,-1.64,4.3672,-1.1875,12.2187,4.3672,1.5619,0.00,90.48,95.33,1
6.217,3.1016,0.7969,-0.3906,0.2064,2.8984,0.4999,-4.71,-1.81,1.4570,-1.3789,8.3125,1.4570,2.1247,0.00,92.35,94.35,1
6.229,0.1680,0.8563,-0.5820,0.0449,-1.0078,0.4307,-4.69,-1.88,0.7656,0.2305,6.7070,0.7656,1.9216,0.00,91.99,93.14,1
6.247,-0.5312,0.5064,1.0273,0.2232,-2.6172,-0.3334,-4.68,-1.95,1.6484,-0.9961,10.3437,1.6484,1.6644,0.00,91.52,96.05,1
6.265,2.5703,0.5805,1.0195,0.2454,2.5937,0.0461,-4.65,-1.98,3.8672,0.2305,11.9180,3.8672,2.1500,0.00,91.69,94.30,1
6.279,2.5703,0.8861,1.0195,0.3643,2.5937,0.4374,-4.63,-2.06,1.9531,-1.9922,7.3906,1.9531,2.2606,0.00,93.45,96.57,1
6.296,0.3203,0.8842,1.4727,0.1714,-0.3086,0.0218,-4.60,-2.19,1.6484,0.6914,9.0039,1.6484,2.0884,0.00,91.13,98.56,1
6.316,-0.9063,0.6262,-0.5586,0.3779,0.3320,-0.0207,-4.56,-2.15,0.4219,-1.3398,9.6523,0.4219,1.6921,0.00,96.17,98.56,1
6.330,0.3711,0.4930,1.7383,0.4178,0.2930,0.0304,-4.56,-2.15,1.6836,0.9570,9.6133,1.6836,1.6908,0.00,98.33,99.38,1
6.347,0.7773,0.4823,0.1211,0.7370,0.0273,0.0986,-4.50,-2.19,2.1055,-0.6523,9.3477,2.1055,1.7817,0.00,96.54,98.33,1
6.369,1.7578,0.7335,0.8359,0.6369,1.7500,0.3389,-4.45,-2.32,0.0781,-2.4531,8.5781,0.0781,1.9327,0.00,94.99,99.57,1
6.386,-1.2734,0.3532,-1.7031,0.1314,-0.7383,0.1884,-4.40,-2.28,-0.3437,0.0781,7.5117,-0.3437,1.3730,0.00,96.92,99.67,1
6.399,-1.6797,-0.0692,0.8281,0.1142,-1.8125,-0.1817,-4.39,-2.23,0.6523,-0.6133,6.3633,0.6523,1.0727,0.00,97.00,102.47,1
6.416,-0.6914,-0.3072,0.1289,0.1619,-2.9609,-0.8983,-4.34,-2.32,2.2617,0.1523,12.1016,2.2617,1.0823,0.00,97.97,104.50,1
6.435,3.1836,0.1947,-0.9961,0.2150,3.5898,0.0925,-4.26,-2.49,4.5586,-1.7227,12.9102,4.5586,1.9927,0.00,98.07,103.80,1
6.449,3.1836,0.6538,-0.9961,0.0289,3.5898,0.6297,-4.23,-2.53,2.0312,-0.4219,9.9648,2.0312,2.1846,0.00,99.72,104.10,1
6.467,0.6484,0.8102,0.2969,0.0244,0.6406,0.8165,-4.16,-2.60,1.1094,-0.7266,8.0117,1.1094,2.0674,0.00,98.91,104.52,1
6.486,-1.8203,0.3667,-1.1445,-0.0617,-2.4258,0.1136,-4.09,-2.62,-0.4219,-1.8398,6.8945,-0.4219,1.4019,0.00,100.00,103.32,1
6.500,-1.8203,0.0307,-1.1445,-0.2280,-2.4258,-0.2765,-4.06,-2.62,1.9922,0.9961,11.1875,1.9922,1.3149,0.00,101.93,105.04,1
6.517,0.1797,0.0512,0.0664,0.1322,-0.2109,0.0405,-3.99,-2.61,1.5703,-0.6133,9.1211,1.5703,1.4524,0.00,102.00,106.63,1
6.539,1.2813,0.2642,0.7109,0.2088,1.2813,0.1840,-3.91,-2.63,3.6016,-0.4219,12.4102,3.6016,1.8810,0.00,103.83,106.75,1
6.557,2.2031,0.7567,0.2422,0.2475,3.0820,0.8937,-3.83,-2.66,1.8008,-1.1094,7.8164,1.8008,2.2249,0.00,105.37,107.49,1
6.570,0.3945,0.7990,-0.4531,0.1395,-1.5117,0.6724,-3.80,-2.70,0.0781,0.4609,8.0078,0.0781,1.9932,0.00,103.15,107.99,1
6.587,-1.3438,0.2996,1.1094,0.3172,-1.3203,0.0953,-3.71,-2.80,-0.3437,-1.3398,8.1602,-0.3437,1.4163,0.00,102.68,108.65,1
6.608,-1.0938,-0.3281,0.9297,0.2031,-1.8203,-0.3963,-3.64,-2.87,0.3437,0.3047,7.5078,0.3437,0.9684,0.00,104.31,108.62,1
6.619,-1.0938,-0.4976,0.9297,0.3639,-1.8203,-0.7114,-3.61,-2.89,0.8438,0.4609,8.4648,0.8438,0.8702,0.00,105.94,107.33,1
6.638,-0.6016,-0.5577,1.0781,0.5572,-0.8633,-0.8141,-3.55,-2.95,0.6133,-0.2305,9.0391,0.6133,0.8443,0.00,104.71,109.19,1
6.656,1.3203,-0.4659,1.6758,0.6387,3.2383,-0.3858,-3.50,-2.95,2.7578,1.0742,12.5625,2.7578,1.2401,0.00,106.92,107.10,1
6.670,1.3203,-0.1915,1.6758,0.7980,3.2383,0.1708,-3.48,-2.91,1.9141,-0.8047,7.3164,1.9141,1.4057,0.00,106.47,109.24,1
6.687,0.4414,0.0818,1.0078,0.6580,2.1172,0.0564,-3.43,-2.95,1.8789,0.4219,11.4570,1.8789,1.5713,0.00,108.34,111.04,1
6.705,0.4414,0.1827,0.9922,0.7560,2.1172,0.6408,-3.40,-2.92,1.8789,0.4219,11.4570,1.8789,1.6585,0.00,110.52,109.04,1
6.726,0.8398,0.3591,-0.1953,0.5737,0.5078,0.7880,-3.36,-2.89,2.3750,-0.0781,11.3789,2.3750,1.8732,0.00,108.39,112.06,1
6.745,0.8398,0.5444,-1.7813,0.3230,-0.2969,0.9407,-3.29,-2.87,2.2617,-2.3359,9.0391,2.2617,2.0192,0.00,110.29,112.40,1
6.757,0.8398,0.5898,-1.7813,-0.0002,-0.2969,0.7506,-3.26,-2.84,0.9180,0.5352,10.7305,0.9180,1.9490,0.00,107.34,111.84,1
6.777,-0.4961,0.3651,1.0820,0.1284,1.3750,0.8235,-3.21,-2.81,1.3008,-0.3828,8.6562,1.3008,1.6872,0.00,107.28,114.18,1
6.789,-0.1055,0.2345,0.1484,0.1960,-0.6953,0.6276,-3.19,-2.91,-0.5742,-0.6133,7.8125,-0.5742,1.4517,0.00,109.46,116.82,1
6.807,-1.9727,-0.2752,-0.0820,0.1315,-1.5352,0.0665,-3.15,-3.11,0.0391,0.5352,8.2383,0.0391,0.9262,0.00,111.48,114.68,1
6.826,-1.6680,-0.7030,0.1797,0.3119,-2.7227,-0.4894,-3.13,-3.30,-0.2695,-0.3437,6.6289,-0.2695,0.5554,0.00,110.38,116.33,1
6.840,-1.6680,-0.8512,0.1797,0.2916,-2.7227,-0.8324,-3.11,-3.40,0.7656,-0.4961,8.6172,0.7656,0.5115,0.00,111.92,114.43,1
6.857,1.2969,-0.6801,1.5039,0.3252,2.7852,-0.6330,-3.08,-3.53,2.6797,0.9961,12.1445,2.6797,1.0218,0.00,113.17,116.71,1
6.876,-0.0820,-0.2298,0.2305,0.5576,-1.7344,-0.0251,-3.06,-3.66,1.3008,-0.2695,7.6250,1.3008,1.1868,0.00,111.26,118.60,1
6.897,-0.1953,-0.2129,0.7305,0.5755,-0.0898,-0.1459,-3.06,-3.77,2.6797,0.0391,11.6836,2.6797,1.3064,0.00,111.15,115.96,1
6.908,1.3047,-0.0902,0.5312,0.5833,2.3242,0.0558,-3.05,-3.83,2.6797,0.0391,11.6836,2.6797,1.5173,0.00,111.59,117.32,1
6.929,-0.1484,0.1621,-0.7031,0.3760,-0.9688,0.3233,-3.04,-3.92,0.8438,-0.1523,9.9219,0.8438,1.4708,0.00,113.74,120.19,1
6.948,-0.5391,-0.0124,0.3320,0.2990,0.5625,0.2958,-3.04,-4.05,1.4180,-1.1484,7.9336,1.4180,1.3389,0.00,113.11,117.43,1
6.959,0.0430,-0.0396,-0.6719,0.1521,-1.4297,0.0488,-3.03,-4.10,0.4961,-0.4609,9.2656,0.4961,1.2827,0.00,116.51,120.15,1
6.977,-0.8867,-0.2219,0.0156,0.0706,-0.0898,-0.0740,-3.01,-4.24,1.8008,-0.8047,9.2305,1.8008,1.1640,0.00,114.94,121.51,1
6.996,1.0547,-0.0276,-0.1055,-0.0278,2.1250,0.0883,-2.98,-4.41,2.4531,-0.5742,11.4922,2.4531,1.5254,0.00,116.04,118.34,1
7.010,1.0547,0.1386,-0.1055,-0.0397,2.1250,0.4011,-2.98,-4.47,0.7266,-1.0742,6.6250,0.7266,1.5298,0.00,116.24,121.23,1
7.027,-0.8320,-0.0531,0.0000,-0.1571,0.1328,-0.1608,-2.95,-4.60,0.5742,-0.4609,9.5000,0.5742,1.2223,0.00,118.18,121.52,1
7.046,1.0742,-0.1215,-0.8047,-0.1769,1.4336,0.0266,-2.95,-4.71,2.4883,-1.2656,10.8008,2.4883,1.4621,0.00,119.32,120.53,1
7.069,-0.1562,-0.0618,0.2305,-0.0974,-0.1719,0.0509,-2.95,-4.81,1.1094,-1.4180,10.4180,1.1094,1.3826,0.00,118.43,122.50,1
7.078,-0.3125,-0.0888,-0.9648,-0.1426,1.0508,0.1145,-2.94,-4.89,1.1094,-1.4180,10.4180,1.1094,1.3406,0.00,120.70,122.49,1
7.099,2.1719,0.2165,0.1914,-0.2453,2.0859,0.5927,-2.94,-4.98,0.9961,-0.5352,8.4648,0.9961,1.7602,0.00,123.00,122.43,1
7.117,-0.4414,0.1927,-0.0820,-0.1820,-0.9023,0.3549,-2.93,-5.10,0.4961,-0.9180,8.5039,0.4961,1.5035,0.00,119.72,127.68,1
7.129,-0.9414,-0.0244,-0.4727,-0.2199,-0.8711,0.0814,-2.91,-5.16,4.3281,-0.1523,12.4883,4.3281,1.5871,0.00,121.17,123.30,1
7.146,2.8906,0.5636,0.2930,-0.1221,3.1133,0.6931,-2.91,-5.18,0.9961,-1.4922,8.9258,0.9961,2.0979,0.00,122.71,123.85,1
7.166,-1.2461,0.3476,-0.1680,-0.2903,-2.6719,0.3300,-2.91,-5.24,0.1914,-0.6133,6.7031,0.1914,1.5442,0.00,121.52,128.53,1
7.180,-1.2461,0.1028,-0.1680,-0.2715,-2.6719,-0.1311,-2.90,-5.25,1.3789,-0.2305,11.1875,1.3789,1.4314,0.00,123.41,127.40,1
7.197,-0.2969,-0.0378,-1.1641,-0.2379,-2.7461,-0.0902,-2.88,-5.41,1.1484,-1.6094,6.6289,1.1484,1.3625,0.00,120.86,129.20,1
7.216,-3.1367,-0.3384,-0.4453,-0.4431,-0.8633,-0.6928,-2.85,-5.52,-1.6836,-0.8828,8.5000,-1.6836,0.6750,0.00,121.74,129.50,1
7.238,1.9492,0.1490,0.8594,-0.0738,1.0508,-0.2081,-2.83,-5.59,2.1836,-0.9961,13.9492,2.1836,1.5094,0.00,122.07,126.53,1
7.248,0.7227,0.3274,-0.5586,-0.0439,4.5703,0.2669,-2.82,-5.62,2.1836,-0.9961,13.9492,2.1836,1.6129,0.00,122.16,128.97,1
7.269,-1.1094,0.1807,-0.4531,-0.2032,-3.8203,0.4452,-2.80,-5.64,1.1484,1.1094,10.7656,1.1484,1.3501,0.00,122.41,126.89,1
7.287,-0.3047,-0.0071,1.5391,0.1668,1.3906,0.3887,-2.79,-5.73,3.7148,-1.8008,10.9531,3.7148,1.4982,0.00,122.01,128.17,1
7.300,2.2617,0.3213,-1.3789,0.0223,1.5742,0.6386,-2.78,-5.72,-0.6523,0.6133,8.7383,-0.6523,1.6394,0.00,123.96,129.62,1
7.317,-2.1055,-0.0949,1.0352,0.1592,-0.6484,0.4121,-2.75,-5.76,-0.5742,-1.0352,5.0977,-0.5742,0.9957,0.00,124.52,127.10,1
7.336,1.2656,-0.4964,0.4922,0.0772,5.3945,-0.2089,-2.73,-5.77,2.7187,0.0781,14.7852,2.7187,1.1892,0.00,123.40,129.07,1
7.350,1.2656,-0.2257,0.4922,0.1409,5.3945,0.6518,-2.71,-5.80,1.3398,-1.0352,7.7344,1.3398,1.3139,0.00,126.84,130.82,1
7.367,-0.1133,-0.1079,-0.6289,-0.0076,-1.6523,0.4373,-2.68,-5.82,-2.0703,-0.9961,6.3203,-2.0703,1.0484,0.00,125.85,131.94,1
7.386,-0.0742,-0.8025,-0.1289,-0.1714,0.7227,-0.3738,-2.67,-5.90,1.3789,-0.5352,10.1094,1.3789,0.7485,0.00,128.62,133.87,1
7.409,2.6445,-0.1366,-0.1680,-0.1629,3.4727,0.4224,-2.64,-5.93,-0.4609,0.1914,6.4687,-0.4609,1.3698,0.00,130.65,131.03,1
7.418,-1.9219,-0.0748,0.5898,-0.1031,-2.9258,0.3790,-2.63,-6.02,-0.4609,0.1914,6.4687,-0.4609,1.0886,0.00,128.06,132.86,1
7.439,-3.2305,-0.9055,-0.4062,-0.0199,-4.1484,-0.9354,-2.59,-6.32,3.9453,0.0000,13.8672,3.9453,0.6480,0.00,129.32,131.49,1
7.458,2.4687,-0.3036,0.3906,0.0469,4.4687,0.0604,-2.53,-6.72,5.0195,0.3047,14.5937,5.0195,1.6691,0.00,127.89,136.63,1
7.470,3.5352,0.4738,0.6875,0.1686,5.1953,1.1476,-2.53,-6.85,-2.3359,-1.7617,3.6016,-2.3359,1.8221,0.00,129.40,138.03,1
7.486,-3.8203,-0.2858,-1.3789,-0.1416,-5.7969,-0.1371,-2.49,-7.05,-1.1094,-0.5352,5.3242,-1.1094,0.7410,0.00,132.28,136.17,1
7.507,2.7227,-0.7176,0.3750,-0.1749,3.7773,-0.9515,-2.45,-7.24,4.2148,0.0000,13.1758,4.2148,1.2885,0.00,129.30,137.74,1
7.520,2.7227,-0.1892,0.3750,-0.0905,3.7773,-0.2252,-2.43,-7.35,1.3789,-1.3008,9.2695,1.3789,1.5111,0.00,132.89,135.61,1
7.537,-0.1289,0.0055,-0.9336,-0.2481,-0.1289,0.0455,-2.40,-7.55,-1.5313,-0.1133,4.9805,-1.5313,1.2408,0.00,132.61,136.76,1
7.556,-0.8711,-0.6938,-0.8203,-0.2309,1.0586,-0.7923,-2.36,-7.76,0.6523,-1.1875,10.4531,0.6523,0.7790,0.00,133.60,137.82,1
7.579,3.1719,-0.1332,0.3984,-0.2447,5.7344,0.5569,-2.33,-7.95,3.0664,-1.0352,11.5312,3.0664,1.7553,0.00,130.80,137.63,1
7.588,1.5273,0.2429,-0.6758,-0.2318,2.1328,1.0641,-2.32,-8.01,3.0664,-1.0352,11.5312,3.0664,1.9567,0.00,132.03,139.86,1
7.610,-3.1406,-0.0362,-0.6367,-0.3772,-4.3516,0.4324,-2.29,-8.04,0.2695,-0.1133,6.8906,0.2695,1.1592,0.00,132.82,140.27,1
7.627,-1.2617,-0.5008,0.2461,-0.2554,-2.5117,-0.5172,-2.26,-8.10,5.1328,0.0000,14.8242,5.1328,1.2960,0.00,130.75,136.52,1
7.646,1.2266,0.1697,-0.8672,-0.1873,2.3555,0.4271,-2.25,-8.13,2.7578,-1.2266,11.7617,2.7578,2.0193,0.00,133.85,139.06,1
7.657,1.2266,0.3320,-0.8672,-0.2918,2.3555,0.7233,-2.23,-8.17,-1.5313,-0.6133,6.2031,-1.5313,1.7896,0.00,133.10,136.61,1
7.678,-2.7109,-0.5497,-1.2188,-0.3928,-1.4375,-0.1547,-2.20,-8.18,-1.1875,-1.5703,7.9727,-1.1875,0.7336,0.00,136.11,142.29,1
7.690,-2.7031,-1.0268,-1.2188,-0.5756,-1.4375,-0.4386,-2.19,-8.18,2.4531,-0.5352,11.4961,2.4531,0.5997,0.00,137.61,138.77,1
7.707,0.9453,-0.6948,-0.1836,-0.5289,2.0781,0.0562,-2.17,-8.17,2.9492,0.7656,11.8789,2.9492,1.1650,0.00,135.52,141.12,1
7.725,-2.6094,-0.3190,-0.6523,-0.1854,-2.7109,0.4403,-2.15,-8.19,-1.1094,-0.9961,6.7031,-1.1094,0.8751,0.00,134.93,139.59,1
7.746,-3.2930,-1.0233,0.0312,-0.2632,-5.2773,-0.6587,-2.11,-8.17,-1.8008,-0.3047,4.1328,-1.8008,0.1592,0.00,133.69,143.35,1
7.758,3.3711,-0.9925,-0.5078,-0.2411,6.3984,-0.7468,-2.10,-8.15,4.8633,-0.8438,15.8242,4.8633,1.2003,0.00,136.67,144.13,1
7.776,3.5937,0.2629,-0.7383,-0.3352,4.0547,1.0921,-2.08,-8.00,5.0547,-1.0742,13.4883,5.0547,2.2815,0.00,138.01,141.92,1
7.798,-0.9180,0.2091,1.2539,-0.0086,-2.0742,0.5759,-2.06,-7.94,-4.2539,-1.8789,2.9102,-4.2539,1.4031,0.00,140.31,144.26,1
7.809,-5.6914,-0.3459,-1.5352,-0.0378,-6.5195,-0.1868,-2.06,-7.89,-4.2539,-1.8789,2.9102,-4.2539,0.5342,0.00,139.02,142.80,1
7.830,-1.9258,-1.5899,0.2578,-0.2729,-4.9922,-2.1111,-2.04,-7.85,5.1328,0.3828,15.5508,5.1328,0.4179,0.00,138.79,142.07,1
7.847,3.6953,-0.4411,0.7187,-0.0204,6.1133,-0.4704,-2.03,-7.88,4.3672,-1.2656,12.6055,4.3672,1.6938,0.00,136.46,146.35,1
7.860,2.9531,0.3603,-0.9297,-0.1100,3.1641,0.5336,-2.03,-7.85,-1.2656,1.0742,6.8555,-1.2656,1.8348,0.00,137.80,142.65,1
7.878,-2.6719,-0.1492,1.4102,0.1754,-2.5820,0.0080,-2.02,-7.76,-1.8008,-1.8789,5.0977,-1.8008,0.9127,0.00,138.01,143.99,1
7.897,0.0039,-0.9010,0.8320,-0.0512,-0.9414,-1.1025,-2.04,-7.64,1.3789,0.4961,8.5039,1.3789,0.6913,0.00,140.94,141.84,1
7.917,4.6406,-0.2734,0.4883,0.1718,7.3711,-0.3918,-2.04,-7.64,6.0156,0.1523,16.8164,6.0156,1.9125,0.00,139.02,146.03,1
7.928,1.0859,0.5298,-0.9648,0.1256,0.6289,0.7869,-2.05,-7.63,2.4531,-1.3008,10.0742,2.4531,2.0321,0.00,140.65,144.03,1
7.946,-5.8789,0.1303,1.0352,-0.0237,-7.6133,0.0827,-2.07,-7.62,-4.5156,0.6914,1.8398,-4.5156,0.6093,0.00,138.29,146.05,1
7.968,-3.6211,-1.4187,-0.5391,-0.0111,-5.3477,-2.0396,-2.08,-7.68,3.8320,-0.5742,12.3359,3.8320,0.1180,0.00,143.64,148.74,1
7.979,2.4570,-1.2707,-0.2305,-0.0675,2.8984,-1.8880,-2.08,-7.73,3.8320,-0.5742,12.3359,3.8320,0.6885,0.00,142.33,149.23,1
7.999,4.2930,0.2821,0.1992,-0.0571,6.1523,0.2436,-2.10,-7.76,1.1484,-1.0352,8.2734,1.1484,1.9193,0.00,144.57,151.15,1
8.018,-0.2266,0.4194,-0.6758,-0.1780,-1.1641,0.3001,-2.12,-7.85,-3.5273,0.5742,2.5664,-3.5273,1.3266,0.00,141.66,147.71,1
8.030,-4.9062,-0.4423,0.9336,-0.0410,-6.8711,-0.9005,-2.13,-7.88,-2.3359,-1.0742,7.2734,-2.3359,0.3477,0.00,144.36,149.81,1
8.048,-3.7187,-1.4455,-0.7070,-0.1277,-2.1602,-1.5512,-2.19,-7.88,2.3750,-0.7266,10.9570,2.3750,-0.0365,0.00,147.06,151.79,1
8.067,2.8555,-0.7370,-1.3477,-0.3041,3.7773,-0.5346,-2.24,-7.97,4.2539,-1.7227,13.2109,4.2539,1.2014,0.00,146.91,151.56,1
8.081,2.8555,-0.1852,-1.3477,-0.4644,3.7773,0.1277,-2.28,-7.99,0.9570,-0.6914,7.1641,0.9570,1.4065,0.00,146.05,153.40,1
8.098,-2.2734,-0.2286,0.0469,-0.4408,-1.9219,-0.3144,-2.36,-8.02,-0.8828,-0.3437,7.5117,-0.8828,0.8461,0.00,147.75,153.59,1
8.116,-2.4570,-0.9452,-1.9297,-0.4311,-1.9141,-0.8602,-2.44,-8.18,-1.0352,-2.3359,7.5078,-1.0352,0.2230,0.00,147.73,153.87,1
8.138,-1.1367,-1.2578,1.0820,-0.4794,-1.1484,-1.1019,-2.52,-8.18,2.6797,-2.3750,13.7109,2.6797,0.3569,0.00,145.14,150.49,1
8.149,1.2656,-1.0470,-1.9453,-0.4817,4.2930,-0.6737,-2.53,-8.23,2.6797,-2.3750,13.7109,2.6797,0.7137,0.00,144.40,154.11,1
8.170,2.9687,0.0030,-0.4805,-0.7557,2.8828,0.8029,-2.58,-8.37,1.5703,-0.1914,10.1523,1.5703,1.6467,0.00,144.53,154.20,1
8.187,0.1406,0.2182,0.2539,-0.5151,0.7383,0.9182,-2.64,-8.36,0.0391,-0.6133,9.6484,0.0391,1.5025,0.00,146.39,152.16,1
8.200,-1.3828,-0.0330,-0.1523,-0.4073,0.2383,0.8016,-2.68,-8.32,-0.6523,-0.0391,6.0469,-0.6523,1.1233,0.00,147.71,151.01,1
8.217,-2.0820,-0.5705,0.4297,-0.2062,-3.3633,-0.1553,-2.74,-8.42,-0.4609,-1.1875,9.8047,-0.4609,0.6351,0.00,148.74,155.09,1
8.238,0.7305,-0.8203,-0.2070,-0.2726,1.5430,-0.0913,-2.81,-8.33,2.1445,-0.6914,10.9531,2.1445,0.8380,0.00,145.90,155.64,1
8.251,0.7305,-0.5821,-0.2070,-0.2625,1.5430,0.1597,-2.84,-8.26,2.7578,-0.8047,11.8359,2.7578,1.0878,0.00,149.99,156.79,1
8.269,0.9531,0.0081,1.1523,-0.1547,3.9180,1.0002,-2.90,-8.39,2.3750,0.6523,13.3281,2.3750,1.5724,0.00,150.92,151.61,1
8.287,1.1836,0.3455,0.6992,0.2562,2.1172,1.8509,-2.95,-8.43,2.6055,0.1914,11.5352,2.6055,1.8970,0.00,149.21,157.13,1
8.310,-1.7422,0.1818,-0.2031,0.2686,-0.0273,1.6123,-3.02,-8.30,-2.4531,0.0781,3.6445,-2.4531,1.1334,0.00,151.45,155.47,1
8.319,-3.8516,-0.2824,0.6016,0.2606,-5.7734,0.9007,-3.05,-8.30,-2.4531,0.0781,3.6445,-2.4531,0.5825,0.00,151.56,156.42,1
8.340,-0.9922,-1.0600,-1.0313,0.1260,-0.9492,-0.6336,-3.11,-8.23,1.5313,-0.9180,10.9180,1.5313,0.4438,0.00,150.44,157.21,1
8.358,0.1641,-0.7849,-0.3789,-0.0578,1.5039,-0.1802,-3.18,-8.11,2.4141,-1.0352,11.5703,2.4141,0.8228,0.00,148.57,154.34,1
8.371,1.0469,-0.4393,-0.4805,-0.1445,2.1562,0.2927,-3.20,-8.18,1.9141,-1.1094,9.6484,1.9141,1.1350,0.00,152.42,158.38,1
8.387,0.5391,-0.1302,-0.5469,-0.2545,0.2383,0.3967,-3.24,-8.27,0.4609,0.8047,9.3086,0.4609,1.2397,0.00,151.49,158.53,1
8.409,-0.8984,-0.3113,-0.8867,0.0100,-2.6328,0.0430,-3.30,-8.17,0.4609,-1.4570,6.7852,0.4609,0.9742,0.00,308.74,156.18,1
8.426,-3.4805,-0.7164,0.6992,-0.1673,-1.7539,-0.7989,-3.37,-8.10,-2.1445,0.1133,7.6602,-2.1445,0.2226,0.00,150.56,159.26,1
8.438,-3.4805,-1.1410,0.6992,-0.0342,-1.7539,-0.9456,-3.38,-8.17,0.1914,-1.8008,7.3164,0.1914,0.0459,0.00,150.74,158.88,1
8.457,-0.2422,-1.2071,-0.0586,-0.2345,3.5352,-0.8680,-3.43,-8.18,1.1094,-0.6523,12.9492,1.1094,0.2986,0.00,152.02,156.49,1
8.480,1.6680,-0.5847,-1.5742,-0.4073,2.2305,0.4327,-3.47,-8.03,1.3398,0.1914,10.6523,1.3398,0.9760,0.00,151.24,159.26,1
8.489,0.0195,-0.3706,0.8008,-0.3966,1.2344,0.6292,-3.50,-8.01,1.3398,0.1914,10.6523,1.3398,1.0319,0.00,153.94,159.06,1
8.510,0.2031,-0.2094,-0.0352,-0.1168,-2.2500,0.3003,-3.53,-8.13,-0.3437,0.6133,8.4219,-0.3437,1.0412,0.00,155.55,159.16,1
8.527,-1.6719,-0.5074,1.2305,0.1865,-0.9883,-0.1438,-3.58,-8.07,0.3047,-0.5742,7.2070,0.3047,0.7003,0.00,152.46,162.89,1
8.547,-2.7617,-0.8299,0.0508,0.2215,0.3945,-0.4454,-3.61,-8.00,-1.4570,-0.5742,9.8086,-1.4570,0.3175,0.00,155.47,161.71,1
8.558,-2.7617,-1.1266,0.0508,0.1953,0.3945,-0.3164,-3.62,-8.06,1.1875,-1.4570,7.0898,1.1875,0.2565,0.00,156.99,159.67,1
8.577,-0.1328,-1.0085,-0.8320,-0.0411,-2.3281,-0.7173,-3.64,-8.15,0.1133,-0.3047,10.0352,0.1133,0.4346,0.00,155.62,162.89,1
8.591,-1.1992,-0.9785,0.3281,-0.0379,0.6211,-0.6208,-3.67,-8.09,3.4492,-1.5703,8.8867,3.4492,0.6304,0.00,157.60,161.71,1
8.608,2.1523,-0.2994,-0.9297,-0.2125,-0.5273,-0.5228,-3.71,-7.97,2.6797,1.5313,12.1406,2.6797,1.3682,0.00,159.11,164.15,1
8.626,1.4063,0.3201,-0.8164,0.1836,-0.4492,0.1452,-3.71,-8.15,2.7187,-1.4570,8.9609,2.7187,1.8240,0.00,156.25,165.43,1
8.646,-0.4844,0.4769,1.9141,0.1184,1.5898,0.1398,-3.72,-8.27,0.8438,1.2656,10.9961,0.8438,1.6628,0.00,159.13,164.55,1
8.659,-1.1289,0.2126,-1.0352,0.2799,-0.3281,0.3072,-3.74,-8.23,0.1914,-1.6836,9.0820,0.1914,1.3372,0.00,159.01,165.26,1
8.677,-1.2969,-0.1813,0.6172,0.0391,1.0039,0.2336,-3.77,-8.06,0.0000,-0.0391,10.4141,0.0000,0.9698,0.00,156.86,161.79,1
8.698,-3.2422,-0.9282,-0.0703,0.0509,-2.9766,-0.4288,-3.78,-8.10,-0.5742,-1.7617,4.8594,-0.5742,0.2512,0.00,159.11,165.21,1
8.710,-1.8867,-1.1752,-1.1055,-0.0505,-4.5430,-0.9455,-3.80,-8.18,-0.5742,-1.7617,4.8594,-0.5742,0.1244,0.00,156.52,163.08,1
8.730,-0.9609,-1.2756,0.1680,-0.2146,1.3281,-1.2701,-3.81,-8.20,2.9883,-1.1094,10.4531,2.9883,0.3581,0.00,159.31,163.48,1
8.748,1.6836,-0.6011,-0.4453,-0.2418,1.0586,-0.5929,-3.83,-8.09,2.9883,-0.4609,13.7109,2.9883,1.1041,0.00,161.19,167.28,1
8.767,1.1328,0.1401,0.7773,-0.0813,1.5117,0.6681,-3.83,-8.08,2.4141,0.1133,10.9180,2.4141,1.6193,0.00,156.76,164.15,1
8.778,1.1328,0.2926,0.7773,0.0505,1.5117,0.7977,-3.84,-8.10,2.4141,0.1914,10.8008,2.4141,1.7414,0.00,159.44,164.12,1
8.796,0.8945,0.5584,0.5937,0.2995,1.0586,0.9826,-3.83,-8.17,2.1836,-0.0781,10.4570,2.1836,1.9197,0.00,158.43,168.83,1
8.817,-2.3984,0.3903,0.2031,0.3517,-2.4258,0.7254,-3.83,-8.16,-1.1094,-0.4609,6.9687,-1.1094,1.2658,0.00,159.97,167.56,1
8.829,-0.8203,-0.1006,-0.2187,0.2851,0.9844,0.3008,-3.83,-8.10,0.4609,-0.8828,10.3867,0.4609,1.0877,0.00,159.49,165.51,1
8.847,-1.7461,-0.3788,-0.0937,0.1522,-0.9414,0.3406,-3.85,-7.95,-0.4961,-0.7656,8.4609,-0.4961,0.6981,0.00,158.28,166.17,1
8.870,-3.7109,-1.4022,-0.8672,-0.1500,-3.9961,-0.9638,-3.83,-8.02,-1.1094,-0.5742,4.8281,-1.1094,-0.2687,0.00,160.51,168.66,1
8.880,-2.3750,-1.6499,0.0898,-0.1836,-4.5625,-1.4749,-3.82,-8.10,-1.1094,-0.5742,4.8281,-1.1094,-0.3978,0.00,163.53,167.08,1
8.900,-1.3281,-1.7363,-0.4453,-0.1726,0.1406,-1.8051,-3.84,-8.04,1.1875,-0.3828,9.2305,1.1875,-0.2467,0.00,164.20,167.11,1
8.918,-0.0703,-1.3422,0.2812,-0.0891,-0.1602,-1.3198,-3.84,-8.01,2.2969,-0.9180,12.5273,2.2969,0.2488,0.00,161.86,167.14,1
8.936,2.7422,-0.4545,0.4336,-0.0596,3.6016,0.0477,-3.84,-8.03,3.9844,-0.2305,12.9844,3.9844,1.3205,0.00,162.84,170.71,1
8.948,2.7422,0.0365,0.4336,0.0161,3.6016,0.5936,-3.83,-8.03,4.2539,0.3828,13.0234,4.2539,1.7512,0.00,162.87,170.30,1
8.967,1.8438,0.9371,0.8086,0.3117,1.8789,1.4892,-3.81,-8.14,3.1016,0.1523,11.2617,3.1016,2.3494,0.00,161.42,167.67,1
8.986,-0.3008,1.0227,0.1953,0.4036,-1.3398,1.3422,-3.80,-8.11,0.9570,-0.4609,8.0430,0.9570,2.0881,0.00,165.37,171.82,1
8.999,-0.0937,0.7464,-0.3008,0.3178,-1.0703,0.7702,-3.80,-8.02,1.1484,-0.9570,8.3164,1.1484,1.8802,0.00,161.39,168.52,1
9.016,-1.0430,0.4322,1.0391,0.2496,-0.0430,0.3304,-3.80,-7.96,0.1914,0.3828,9.3437,0.1914,1.4608,0.00,162.50,172.68,1
9.039,-0.3164,0.0409,-0.8359,0.2307,0.1875,0.2385,-3.80,-7.99,-0.3828,-0.1133,6.6680,-0.3828,1.1301,0.00,166.03,171.00,1
9.050,-1.6094,-0.1175,0.5352,0.1766,-2.7266,-0.0024,-3.79,-7.96,-0.3828,-0.1133,6.6680,-0.3828,0.8977,0.00,164.55,172.89,1
9.070,-3.5859,-0.9297,-0.3086,0.1692,-2.9453,-0.9647,-3.76,-8.05,-2.7187,-0.1133,7.2773,-2.7187,-0.1234,0.00,164.28,172.98,1
9.087,-3.9609,-1.7660,0.5273,0.2187,-2.0977,-1.3389,-3.74,-8.07,-0.4219,-1.7227,8.8437,-0.4219,-0.6757,0.00,164.66,172.74,1
9.101,-1.6563,-1.8978,-1.0820,0.0398,-0.5352,-1.2668,-3.75,-7.98,-0.1523,-0.9961,7.8906,-0.1523,-0.5980,0.00,167.39,170.94,1
9.118,-1.3789,-1.7679,-0.3555,-0.1176,-1.4922,-1.2711,-3.73,-7.93,-0.3437,-0.7656,9.4609,-0.3437,-0.4869,0.00,168.83,171.64,1
9.139,0.1289,-1.5607,0.3359,-0.0971,-1.1758,-1.0855,-3.73,-7.91,1.3398,-0.3047,8.1992,1.3398,-0.1877,0.00,166.11,174.52,1
9.157,1.3945,-0.9803,0.2500,0.0188,2.8437,-0.7895,-3.71,-7.98,2.6055,-0.3828,12.2187,2.6055,0.5256,0.00,167.79,174.55,1
9.170,2.1992,-0.3903,0.5195,0.0915,2.6133,-0.0039,-3.71,-7.97,3.4102,-0.1133,11.9844,3.4102,1.1640,0.00,167.79,172.95,1
9.186,0.6289,0.2185,0.8242,0.2373,2.3477,0.7171,-3.71,-8.00,1.8398,0.1914,11.7227,1.8398,1.4535,0.00,166.69,171.09,1
9.210,1.5391,0.4982,-0.0195,0.3078,1.2500,1.1044,-3.69,-7.99,2.7969,0.2305,10.0000,2.7969,1.8487,0.00,164.85,173.76,1
9.220,1.5859,0.6618,0.8555,0.3275,0.6328,1.0774,-3.69,-7.97,2.7969,0.2305,10.0000,2.7969,1.9943,0.00,169.26,176.96,1
9.237,2.2812,0.9795,1.3984,0.5207,2.4297,1.0951,-3.70,-7.93,3.4844,0.7656,11.7969,3.4844,2.3741,0.00,168.58,178.06,1
9.258,1.9531,1.3507,-0.4023,0.4214,1.8945,1.4316,-3.71,-7.78,3.4844,-0.2305,12.8672,3.4844,2.6629,0.00,165.10,175.13,1
9.276,0.6445,1.5230,0.5469,0.3788,0.7383,1.8230,-3.74,-7.66,1.8008,-0.0781,10.1133,1.8008,2.5704,0.00,169.35,177.56,1
9.288,0.6445,1.3880,0.5469,0.4046,0.7383,1.6564,-3.72,-7.71,1.5313,-0.9180,9.8828,1.5313,2.4306,0.00,170.59,177.27,1
9.309,-1.1719,0.9312,0.2031,0.2546,-0.8711,1.1677,-3.72,-7.68,0.0000,-0.4219,8.5000,0.0000,1.7851,0.00,167.95,178.32,1
9.326,0.4687,0.3423,-0.6094,0.1720,1.6953,0.6780,-3.70,-7.71,1.6484,-1.2266,11.0703,1.6484,1.5413,0.00,169.15,178.19,1
9.339,0.4687,0.3617,-0.6094,0.0520,1.6953,0.8342,-3.69,-7.70,-0.4609,-0.9180,6.8906,-0.4609,1.3890,0.00,168.80,178.99,1
9.357,-2.0664,-0.2325,-0.3008,-0.0859,-2.4570,-0.0546,-3.69,-7.53,-0.9180,-0.9180,6.9297,-0.9180,0.6572,0.00,172.92,174.64,1
9.380,-1.8516,-0.8247,0.3867,-0.0536,-4.8711,-1.2444,-3.69,-7.41,-1.3789,-0.4219,7.0859,-1.3789,0.1223,0.00,170.47,175.32,1
9.390,-2.4883,-1.0334,0.1953,-0.0013,-2.2969,-1.5956,-3.70,-7.32,-1.3789,-0.4219,7.0859,-1.3789,-0.1083,0.00,172.89,179.15,1
9.407,-2.3281,-1.4332,0.0820,0.0454,-3.6758,-1.9048,-3.72,-7.26,-1.2266,-0.5352,5.7070,-1.2266,-0.4349,0.00,171.38,178.92,1
9.427,-2.5664,-1.7910,0.5039,0.1513,-1.6055,-2.0504,-3.72,-7.29,-1.5313,-0.7656,6.6680,-1.5313,-0.7893,0.00,171.85,176.65,1
9.449,-2.5937,-2.0679,-0.2266,0.0802,-2.4883,-2.1960,-3.73,-7.28,-1.4922,-0.8438,6.8945,-1.4922,-1.0336,0.00,169.55,177.34,1
9.460,-2.5859,-2.1831,-0.2266,0.0123,-2.4805,-2.2595,-3.74,-7.27,-1.1094,-0.0391,8.1172,-1.1094,-1.1045,0.00,170.30,177.09,1
9.477,-2.1953,-2.2109,0.5781,0.1227,-1.2539,-2.0507,-3.73,-7.29,-0.9570,-1.3789,6.4023,-0.9570,-1.0937,0.00,170.53,365.36,1
9.497,-3.1484,-2.2508,0.4258,-0.0070,-3.8906,-2.3391,-3.77,-7.20,-2.0703,-0.1914,5.4805,-2.0703,-1.2935,0.00,174.70,182.32,1
9.509,-3.1484,-2.3887,0.4258,0.0594,-3.8906,-2.5775,-3.76,-7.28,-1.3008,-1.4570,6.1250,-1.3008,-1.3512,0.00,173.34,181.49,1
9.526,-1.5469,-2.4760,-0.0273,0.1271,-1.4688,-2.7561,-3.79,-7.31,-0.4609,-0.6523,7.8906,-0.4609,-1.1511,0.00,172.27,181.52,1
9.550,-1.2617,-2.1155,-0.6758,-0.0252,-1.1914,-2.2746,-3.81,-7.25,0.2695,-0.3828,9.5039,0.2695,-0.8025,0.00,173.40,180.08,1
9.560,-0.8086,-1.9481,0.2422,-0.0517,0.1562,-2.0004,-3.81,-7.28,0.2695,-0.3828,9.5039,0.2695,-0.6378,0.00,176.49,184.23,1
9.578,-1.7383,-1.6993,-0.5937,-0.0352,-2.1797,-1.5757,-3.82,-7.10,-0.6914,-1.2266,7.1641,-0.6914,-0.5931,0.00,177.53,180.18,1
9.598,-3.7266,-2.1526,0.5547,0.0285,-4.7773,-2.3565,-3.83,-7.06,-0.8438,-1.0352,7.9297,-0.8438,-1.1576,0.00,177.30,184.30,1
9.618,-2.9023,-2.2431,0.4727,0.0049,-1.6953,-2.2473,-3.83,-7.06,-1.8789,-0.1523,7.6289,-1.8789,-1.2797,0.00,173.34,182.85,1
9.629,-2.9023,-2.3444,0.4727,0.0768,-1.6953,-2.1625,-3.84,-7.00,0.3828,-1.3398,11.1484,0.3828,-1.1908,0.00,174.95,184.43,1
9.648,-0.6250,-1.9986,-0.7070,-0.0720,1.8359,-1.2485,-3.85,-7.06,-1.6836,-0.2305,9.3047,-1.6836,-0.9098,0.00,176.06,182.22,1
9.666,-1.3281,-2.0041,0.0195,-0.0045,-0.9141,-0.7900,-3.85,-6.96,-0.3437,-0.6133,8.3945,-0.3437,-0.8771,0.00,177.40,182.15,1
9.679,-1.3281,-1.9003,0.0195,-0.0008,-0.9141,-0.8090,-3.86,-6.96,-1.6836,-0.0781,7.2383,-1.6836,-0.9024,0.00,174.28,187.51,1
9.696,-1.8867,-2.0164,-0.3633,0.0844,-2.2031,-1.1826,-3.87,-6.89,-0.9180,-0.9961,7.0898,-0.9180,-0.9993,0.00,174.40,184.67,1
9.717,-2.7773,-2.0508,0.6719,0.0403,-2.4687,-1.4933,-3.88,-6.81,-1.8398,0.0391,6.8203,-1.8398,-1.1802,0.00,176.18,187.02,1
9.730,-1.4961,-2.1091,-1.2813,0.0238,-3.0742,-1.7576,-3.87,-6.91,-0.5352,-1.9141,6.2031,-0.5352,-1.0375,0.00,179.76,187.23,1
9.747,-2.2773,-1.9978,1.1289,-0.1535,-1.1055,-1.9735,-3.88,-6.87,-1.3398,0.4961,8.1602,-1.3398,-1.0731,0.00,180.41,187.86,1
9.769,0.0430,-1.4508,-0.7070,-0.1694,-0.7148,-1.5220,-3.87,-7.01,-0.1914,-0.3437,9.5000,-0.1914,-0.3536,0.00,179.66,188.11,1
9.781,-1.1367,-1.3157,0.2891,-0.1723,0.2500,-1.3209,-3.87,-6.99,-0.1914,-0.3437,9.5000,-0.1914,-0.3287,0.00,176.93,183.96,1
9.800,-1.0820,-1.2463,-0.1016,-0.0750,-1.9258,-1.1195,-3.87,-6.96,-1.1875,0.2305,7.3945,-1.1875,-0.3536,0.00,178.57,184.33,1
9.819,-2.1172,-1.4288,0.8555,0.1293,-1.8477,-1.3309,-3.85,-7.09,-0.8828,-1.7227,6.9297,-0.8828,-0.5657,0.00,182.05,185.39,1
9.837,-3.1523,-1.6843,0.8164,-0.0239,-2.9062,-1.6824,-3.85,-7.07,-2.2227,0.1914,6.3242,-2.2227,-0.9704,0.00,180.86,184.98,1
9.849,-3.1523,-1.9098,0.8164,0.1051,-2.9062,-1.8704,-3.84,-7.18,-0.6523,-1.3398,9.8477,-0.6523,-1.0371,0.00,177.05,189.68,1
9.866,-1.0820,-1.8480,0.1953,-0.0138,1.3984,-1.1586,-3.83,-7.14,-0.1523,-0.4219,10.6133,-0.1523,-0.7953,0.00,176.37,188.11,1
9.887,-2.9609,-1.7811,-0.1875,0.0148,-1.4570,-0.6618,-3.82,-6.99,-2.0703,-0.8047,7.7383,-2.0703,-1.0374,0.00,175.90,188.86,1
9.900,-6.0156,-2.2866,0.1211,-0.0052,-4.0625,-1.0463,-3.80,-7.00,-5.1328,-0.4961,5.1328,-5.1328,-1.9438,0.00,177.46,183.92,1
9.917,-4.2539,-3.4122,0.4180,0.0600,-3.4805,-2.0264,-3.78,-6.79,-3.4102,-0.1914,5.7070,-3.4102,-2.6497,0.00,175.19,187.06,1
9.939,-4.2891,-3.7045,-0.0039,0.1172,-1.8242,-2.2677,-3.76,-6.67,-2.9102,-0.6914,9.0820,-2.9102,-2.8841,0.00,173.67,183.12,1
9.951,-3.7070,-3.7478,-0.0898,0.0917,-0.0937,-2.0612,-3.73,-6.68,-2.9102,-0.6914,9.0820,-2.9102,-2.8881,0.00,167.95,181.65,1
9.970,-1.9922,-3.4705,1.6367,0.2950,4.1289,-0.7418,-3.72,-6.53,-0.2695,0.2695,12.4102,-0.2695,-2.3416,0.00,165.59,179.95,1
9.988,-1.0117,-2.8342,0.8711,0.5061,3.2539,0.4459,-3.74,-6.31,-0.5352,1.6836,12.6797,-0.5352,-1.7752,0.00,161.29,180.25,1
10.007,-3.3672,-2.4443,1.6055,0.9772,2.8789,1.4281,-3.77,-5.97,-2.7187,0.9961,12.0234,-2.7187,-1.8357,0.00,152.00,176.24,1
10.019,-3.3672,-2.5860,1.6055,1.0737,2.8789,1.6509,-3.79,-5.84,-5.2500,-0.3047,5.3984,-5.2500,-2.1738,0.00,148.96,172.50,1
10.038,-9.9102,-3.8800,-0.5000,0.8217,-7.8008,-0.1337,-3.84,-5.56,-9.3437,-1.1094,1.3398,-9.3437,-4.1285,0.00,143.35,172.06,1
10.057,-9.5859,-5.5643,-0.3398,0.4597,-6.1133,-2.1731,-3.86,-5.37,-9.0781,-0.9570,3.0273,-9.0781,-5.5488,0.00,138.03,172.86,1
10.070,-9.5859,-6.1820,-0.3398,0.3369,-6.1133,-2.7783,-3.87,-5.34,-6.1289,-0.8047,6.8516,-6.1289,-5.8550,0.00,130.72,174.64,1
10.087,-4.3828,-6.3194,-1.1445,0.0728,2.0000,-2.4820,-3.87,-5.30,-3.9062,-1.7617,11.1094,-3.9062,-5.4565,0.00,126.34,171.61,1
10.110,-1.9766,-5.2896,-0.6484,-0.2660,4.7656,-0.5292,-3.89,-5.30,-3.7148,-1.8398,9.3437,-3.7148,-4.4291,0.00,118.16,170.53,1
10.121,-4.1523,-4.9548,-1.2227,-0.3707,0.2461,-0.0775,-3.89,-5.30,-3.7148,-1.8398,9.3437,-3.7148,-4.3194,0.00,107.09,170.44,1
10.141,-7.6523,-5.2188,0.1211,-0.4547,-1.9219,-0.3002,-3.91,-5.32,-9.6484,-0.9570,1.4180,-9.6484,-5.3054,0.00,120.39,170.30,1
10.158,-10.0586,-6.4415,-0.3320,-0.3917,-7.6680,-2.0318,-3.91,-5.44,-2.2969,-0.0781,14.0547,-2.2969,-5.9490,0.00,125.88,171.20,1
10.177,0.5117,-5.3330,-1.4063,-0.2799,6.9023,-0.2107,-3.93,-5.56,0.9180,-2.0312,15.9727,0.9180,-3.9924,0.00,115.67,166.78,1
10.189,0.5117,-4.4352,-1.4063,-0.4529,6.9023,0.8818,-3.94,-5.57,-6.3203,0.7266,8.8477,-6.3203,-3.8172,0.00,103.96,167.67,1
10.209,-9.8672,-5.0480,-1.3594,-0.2127,-8.5508,0.2490,-3.96,-5.62,-9.5000,-1.9922,0.4961,-9.5000,-5.3743,0.00,106.18,166.53,1
10.226,-2.4375,-6.0982,0.7461,-0.4352,6.5508,-1.5429,-3.96,-5.77,-2.0703,0.1133,15.5859,-2.0703,-5.1365,0.00,99.86,161.34,1
10.240,-2.4375,-5.5359,0.7461,-0.2537,6.5508,-0.2997,-3.97,-5.81,-0.3437,-2.1055,13.9102,-0.3437,-4.5274,0.00,88.67,161.81,1
10.257,-8.5352,-4.6111,1.9727,-0.2665,-2.5586,0.9658,-4.00,-5.84,-8.1953,1.3398,6.4727,-8.1953,-4.8388,0.00,82.37,160.46,1
10.280,-4.1445,-5.2745,-0.2422,0.1567,1.2422,0.3481,-4.03,-5.91,-3.4844,0.3437,11.6445,-3.4844,-4.7178,0.00,73.99,155.26,1
10.291,-3.7812,-5.0719,0.9844,0.1935,2.6289,0.5963,-4.05,-5.93,-3.4844,0.3437,11.6445,-3.4844,-4.5284,0.00,59.61,157.46,1
10.311,-5.1445,-4.8413,-0.2695,0.2705,-2.3867,0.5189,-4.10,-5.99,-3.1016,-1.7227,9.8828,-3.1016,-4.4226,0.00,59.61,156.30,1
10.328,-3.3672,-4.5339,-1.0742,-0.0607,0.8750,0.4167,-4.11,-6.01,-3.8672,-0.3437,8.5039,-3.8672,-4.1092,0.00,59.61,152.56,1
10.347,-6.1562,-4.5088,-1.2969,-0.1417,-2.6016,0.0141,-4.12,-6.04,-5.9375,-1.9531,6.3984,-5.9375,-4.4849,0.00,59.61,153.35,1
10.359,-6.1562,-4.7619,-1.2969,-0.3191,-2.6016,-0.3877,-4.13,-6.00,-0.1133,-1.9922,15.0937,-0.1133,-4.2421,0.00,59.61,147.28,1
10.379,-3.8711,-3.8622,0.5508,-0.5126,2.4219,1.0299,-4.16,-5.99,-3.7148,-0.1133,11.4180,-3.7148,-3.6315,0.00,59.61,146.05,1
10.397,-4.4141,-3.9055,-1.2148,-0.2913,-1.3672,1.2013,-4.18,-5.93,-4.2891,-1.8789,7.6289,-4.2891,-3.7870,0.00,59.61,147.34,1
10.410,-4.4141,-3.9836,-1.2148,-0.4332,-1.3672,0.8068,-4.18,-5.87,-5.7070,0.9180,6.7852,-5.7070,-3.9776,0.00,59.61,146.20,1
10.427,-2.7422,-4.2758,0.0977,-0.0252,1.0156,0.0861,-4.21,-5.90,-2.6797,-0.5742,10.0000,-2.6797,-3.8972,0.00,59.61,145.94,1
10.450,-3.8242,-3.9191,-0.1328,-0.0187,0.6289,0.3436,-4.25,-5.87,-3.6406,-0.3437,11.0742,-3.6406,-3.7857,0.00,59.61,140.79,1
10.461,-3.6484,-3.8905,0.3359,0.0013,2.0937,0.5046,-4.28,-5.87,-3.6406,-0.3437,11.0742,-3.6406,-3.7634,0.00,59.61,140.25,1
10.478,-4.1367,-3.8609,-1.0742,-0.0166,1.3281,0.8940,-4.32,-5.74,-4.1758,-1.7617,10.3047,-4.1758,-3.8470,0.00,59.61,137.42,1
10.499,-3.7695,-3.8579,-0.1172,-0.1048,-0.3594,0.6437,-4.36,-5.65,-3.8672,-0.1914,10.3437,-3.8672,-3.8456,0.00,59.61,138.62,1
10.512,-3.7578,-3.8434,0.4961,-0.0576,1.3672,0.6277,-4.37,-5.59,-3.8672,-0.1914,10.3437,-3.8672,-3.8489,0.00,59.61,138.12,1
10.529,-5.2852,-4.0488,-0.3711,-0.0020,-4.2891,0.0110,-4.41,-5.53,-4.3281,-0.1914,8.3555,-4.3281,-4.2117,0.00,59.61,136.80,1
10.549,-4.1484,-4.1479,0.5117,0.0887,-0.6094,-0.3941,-4.44,-5.52,-4.7109,-1.1875,7.5469,-4.7109,-4.2754,0.00,59.61,133.23,1
10.567,-2.9609,-4.1246,0.0117,-0.0099,0.4609,-0.5457,-4.45,-5.57,-3.1797,-0.6914,9.4258,-3.1797,-4.0850,0.00,59.61,132.64,1
10.580,-2.9609,-3.9459,0.0117,-0.0066,0.4609,-0.3911,-4.46,-5.57,-2.8711,-0.6914,10.7305,-2.8711,-3.9212,0.00,59.61,133.00,1
10.597,-2.9453,-3.5397,-0.2930,-0.0247,0.1250,0.1397,-4.47,-5.57,-3.2187,-0.9961,9.0781,-3.2187,-3.6402,0.00,59.61,130.07,1
10.618,-4.2930,-3.4789,0.1367,-0.0664,0.2031,0.1418,-4.50,-5.57,-4.5977,-0.5742,9.1602,-4.5977,-3.8258,0.00,59.61,130.72,1
10.631,-4.0859,-3.6425,-0.2461,-0.0521,-0.5625,0.0941,-4.52,-5.57,-4.4062,-0.9570,8.3945,-4.4062,-3.9543,0.00,59.61,129.62,1
10.648,-4.2852,-3.7842,1.1719,0.0063,-0.8711,-0.1168,-4.54,-5.60,-4.6367,0.4609,8.0781,-4.6367,-4.1335,0.00,59.61,129.84,1
10.669,-3.1562,-3.7051,0.5195,0.2593,1.0078,0.0419,-4.56,-5.66,-3.3320,0.1914,10.4141,-3.3320,-3.9102,0.00,59.61,127.44,1
10.682,-2.9492,-3.6043,0.9102,0.3305,1.4727,0.2274,-4.57,-5.68,-3.3320,0.1914,10.4141,-3.3320,-3.8214,0.00,59.61,124.52,1
10.700,-3.2539,-3.4278,1.5625,0.6283,1.9727,0.7288,-4.60,-5.68,-4.6367,-1.2266,7.8945,-4.6367,-3.8289,0.00,59.61,124.69,1
10.719,-4.1992,-3.5877,-0.5078,0.4351,-1.0547,0.4115,-4.63,-5.70,-3.3711,-0.1523,11.2617,-3.3711,-3.9568,0.00,59.61,122.94,1
10.737,-4.2969,-3.5383,-0.3086,0.3499,-2.2422,0.5031,-4.65,-5.66,-4.7891,-1.0352,6.7070,-4.7891,-4.0709,0.00,59.61,119.95,1
10.750,-4.2969,-3.6548,-0.3086,0.2487,-2.2422,0.0814,-4.67,-5.68,-3.9844,-0.7266,9.4648,-3.9844,-4.1168,0.00,59.61,118.16,1
10.767,-3.1367,-3.6123,0.6133,0.1953,0.7070,0.0867,-4.68,-5.68,-3.6758,-0.1133,9.6484,-3.6758,-4.0034,0.00,59.61,119.10,1
10.787,-3.4531,-3.5027,0.0000,0.2648,0.0195,0.2076,-4.70,-5.63,-4.0234,-0.7266,8.9648,-4.0234,-3.9874,0.00,0.00,113.97,1
10.801,-3.3516,-3.4836,0.4961,0.2459,1.5898,0.2916,-4.71,-5.63,-3.9453,-0.2305,10.5312,-3.9453,-3.9781,0.00,0.00,113.30,1
10.818,-2.5859,-3.3849,-0.2695,0.2556,1.6367,0.6636,-4.73,-5.59,-3.2187,-0.9961,10.5703,-3.2187,-3.8080,0.00,0.00,114.48,1
10.841,-3.8477,-3.3063,0.8789,0.2530,0.2852,0.7877,-4.73,-5.54,-3.3711,-0.2695,9.0000,-3.3711,-3.8842,0.00,0.00,111.61,1
10.852,-2.6758,-3.2957,0.4570,0.3154,0.0586,0.6924,-4.73,-5.52,-3.3711,-0.2695,9.0000,-3.3711,-3.8053,0.00,0.00,112.07,1
10.871,-3.6875,-3.2398,0.7656,0.4111,-0.4023,0.4055,-4.73,-5.53,-2.8359,-0.4609,10.3828,-2.8359,-3.8253,0.00,0.00,109.63,1
10.889,-2.0937,-3.0140,0.2656,0.4010,1.4375,0.5836,-4.74,-5.49,-4.2148,-1.1484,8.8477,-4.2148,-3.6550,0.00,0.00,108.21,1
10.908,-2.8437,-3.0331,0.1523,0.2058,1.2070,0.5437,-4.75,-5.46,-3.6406,-0.5742,10.1523,-3.6406,-3.7188,0.00,0.00,106.84,1
10.920,-2.8437,-3.0040,0.1523,0.1976,1.2070,0.6456,-4.75,-5.45,-3.1797,-0.4961,10.6484,-3.1797,-3.6699,0.00,0.00,104.55,1
10.939,-2.5195,-2.8216,0.0000,0.1859,1.7813,0.9839,-4.74,-5.42,-3.3711,-0.7266,10.7266,-3.3711,-3.5451,0.00,0.00,102.27,1
10.959,-3.8203,-2.8400,0.5742,0.1791,-0.2891,1.0444,-4.74,-5.35,-4.7109,-0.1523,8.6602,-4.7109,-3.7923,0.00,0.00,100.25,1
10.971,-3.1836,-2.9397,-0.2305,0.1754,-0.0586,0.8580,-4.74,-5.35,-4.0977,-0.9570,8.8828,-4.0977,-3.8392,0.00,0.00,98.73,1
10.988,-2.2187,-2.9409,0.0000,0.0555,0.9688,0.6261,-4.77,-5.25,-3.1797,-0.7266,9.9219,-3.1797,-3.7242,0.00,0.00,100.21,1
11.011,-3.4531,-2.8843,0.2656,0.0774,-0.7930,0.4723,-4.79,-5.23,-3.9062,-1.2656,8.6172,-3.9062,-3.8544,0.00,0.00,99.28,1
11.022,-2.8984,-2.9273,-0.5391,0.0419,-0.3359,0.3146,-4.80,-5.22,-3.9062,-1.2656,8.6172,-3.9062,-3.8623,0.00,0.00,97.61,1
11.041,-3.3594,-2.9882,0.4297,-0.0074,0.1641,0.1696,-4.83,-5.22,-4.5195,-0.7266,7.5898,-4.5195,-4.0282,0.00,0.00,95.16,1
11.059,-3.4570,-3.1151,0.0078,0.0232,-1.3594,-0.1691,-4.84,-5.24,-3.7930,-1.0352,9.1172,-3.7930,-4.1094,0.00,0.00,93.15,1
11.078,-1.9102,-2.9520,-0.3672,-0.0733,1.2734,-0.0557,-4.86,-5.20,-3.0273,-1.1094,10.2305,-3.0273,-3.8321,0.00,0.00,93.68,1
11.090,-1.9102,-2.7920,-0.3672,-0.1184,1.2734,0.1485,-4.86,-5.19,-3.4492,-0.9570,9.1211,-3.4492,-3.7422,0.00,0.00,92.79,1
11.108,-2.1211,-2.6129,-0.6367,-0.1890,-0.0273,0.2067,-4.87,-5.17,-3.2930,-1.3789,8.9258,-3.2930,-3.6351,0.00,0.00,90.22,1
11.128,-3.5859,-2.5906,-0.7148,-0.3222,-0.8711,0.0728,-4.88,-5.14,-4.7891,-1.4570,8.0820,-4.7891,-3.8692,0.00,0.00,88.82,1
11.141,-3.5859,-2.7435,-0.7148,-0.3825,-0.8711,-0.0722,-4.88,-5.14,-4.5586,-1.2656,8.2344,-4.5586,-3.9920,0.00,0.00,86.57,1
11.158,-2.5039,-2.8908,-0.0625,-0.4047,1.3906,-0.1326,-4.88,-5.14,-3.7539,-0.8047,10.3477,-3.7539,-4.0071,0.00,0.00,86.80,1
11.181,-3.1172,-2.8531,-0.3398,-0.3306,-0.4961,0.0969,-4.87,-5.11,-3.7539,-0.8828,9.5000,-3.7539,-4.0536,0.00,0.00,84.78,1
11.192,-2.4492,-2.8402,-0.1484,-0.3167,0.5391,0.0886,-4.87,-5.12,-3.7539,-0.8828,9.5000,-3.7539,-4.0076,0.00,0.00,82.88,1
11.212,-2.1211,-2.6565,-0.3750,-0.2941,0.6523,0.2596,-4.86,-5.13,-3.1797,-0.6523,10.5742,-3.1797,-3.8131,0.00,0.00,83.36,1
11.229,-1.8359,-2.4416,0.0742,-0.2177,1.6133,0.5836,-4.86,-5.14,-4.3672,-0.9180,9.0820,-4.3672,-3.7285,0.00,0.00,80.40,1
11.247,-2.0195,-2.4479,0.1445,-0.1668,2.2109,0.7110,-4.85,-5.16,-3.4102,-0.5742,11.1914,-3.4102,-3.7626,0.00,0.00,78.23,1
11.260,-2.0195,-2.3821,0.1445,-0.1190,2.2109,0.9413,-4.83,-5.14,-5.1719,-0.9180,7.6602,-5.1719,-3.8494,0.00,0.00,78.90,1
11.279,-1.9727,-2.6071,-0.3633,-0.1398,0.9531,0.5569,-4.81,-5.12,-3.4102,-1.0742,9.9219,-3.4102,-3.9104,0.00,0.00,76.80,1
11.297,-3.2422,-2.4892,-0.5234,-0.2288,-0.8555,0.5473,-4.79,-5.07,-4.7109,-1.2266,8.1211,-4.7109,-4.0277,0.00,0.00,74.26,1
11.311,-3.2422,-2.6048,-0.5234,-0.2740,-0.8555,0.3319,-4.77,-5.06,-4.1367,-0.6133,9.0000,-4.1367,-4.0867,0.00,0.00,75.33,1
11.328,-2.2070,-2.6160,0.3437,-0.1664,0.3242,0.1996,-4.73,-5.05,-3.7148,-0.3437,9.3086,-3.7148,-4.0104,0.00,0.00,72.19,1
11.351,-2.0391,-2.4508,0.5273,0.0357,0.5156,0.2715,-4.70,-5.04,-3.5625,-0.3828,9.7266,-3.5625,-3.8664,0.00,0.00,73.19,1
11.362,-2.0312,-2.3869,0.2891,0.0922,0.7461,0.3274,-4.68,-5.07,-3.5625,-0.3828,9.7266,-3.5625,-3.8198,0.00,0.00,70.93,1
11.379,-2.2695,-2.3051,0.5117,0.1658,1.0430,0.4699,-4.65,-5.05,-3.8320,-0.1523,10.0352,-3.8320,-3.8064,0.00,0.00,67.95,1
11.400,-0.7187,-1.9498,0.1289,0.1990,1.6563,0.8010,-4.61,-4.99,-4.3672,0.2305,8.5781,-4.3672,-3.4574,0.00,0.00,67.85,1
11.418,-2.7656,-2.0536,0.8789,0.3451,-0.4180,0.5845,-4.59,-4.96,-3.8320,-0.3828,8.9258,-3.8320,-3.6726,0.00,0.00,66.31,1
11.430,-2.1992,-2.1242,0.2578,0.3679,-0.0820,0.4142,-4.58,-4.94,-4.4805,-0.1523,8.2344,-4.4805,-3.7598,0.00,0.00,65.71,1
11.448,-2.8320,-2.2855,0.4805,0.3859,-0.7734,0.1205,-4.56,-4.91,-3.2930,0.1133,9.7695,-3.2930,-3.8692,0.00,0.00,63.76,1
11.467,-1.8438,-2.1462,0.4727,0.4700,-0.1289,0.1799,-4.55,-4.89,-3.5234,-0.1523,8.8867,-3.5234,-3.7237,0.00,0.00,63.51,1
11.481,-1.8438,-2.0998,0.4727,0.4704,-0.1289,0.1324,-4.55,-4.88,-4.6367,-0.1133,8.2344,-4.6367,-3.7820,0.00,0.00,60.96,1
11.498,-2.2656,-2.2665,0.3125,0.4663,-1.0859,-0.1660,-4.56,-4.87,-3.9844,-0.3047,7.9336,-3.9844,-3.9290,0.00,0.00,61.61,1
11.518,-2.0117,-2.2460,0.2734,0.4196,0.1016,-0.3319,-4.58,-4.87,-3.7539,-0.3437,9.1172,-3.7539,-3.8937,0.00,0.00,58.32,1
11.532,-1.1523,-2.1254,0.4648,0.4025,1.4414,-0.1288,-4.58,-4.87,-2.9102,-0.1523,10.4570,-2.9102,-3.6761,0.00,0.00,58.87,1
11.549,-2.6719,-1.9710,1.1523,0.4752,-0.3281,0.1750,-4.59,-4.87,-4.4453,0.5352,8.6992,-4.4453,-3.7986,0.00,0.00,56.10,1
11.569,-1.5820,-1.9687,0.1953,0.4943,1.5508,0.4193,-4.61,-4.83,-4.6367,-0.0781,8.8164,-4.6367,-3.7541,0.00,0.00,55.42,1
11.589,-2.8242,-2.1340,0.5391,0.4856,-0.2187,0.3486,-4.63,-4.82,-3.4102,-0.1523,10.6133,-3.4102,-3.9063,0.00,0.00,53.30,1
11.601,-1.5742,-2.0947,0.4648,0.4860,1.5859,0.5002,-4.64,-4.81,-4.9414,-0.6914,8.7773,-4.9414,-3.9190,0.00,0.00,52.13,1
11.619,-3.0977,-2.2843,-0.0742,0.3607,-0.2578,0.4001,-4.65,-4.80,-4.0234,-0.0391,10.0742,-4.0234,-4.1355,0.00,0.00,50.16,1
11.637,-2.5234,-2.3224,0.4648,0.3884,-0.4883,0.4222,-4.66,-4.75,-4.4062,-0.1523,8.5430,-4.4062,-4.1820,0.00,0.00,48.31,1
11.651,-2.5234,-2.3532,0.4648,0.4001,-0.4883,0.2824,-4.67,-4.76,-3.9062,-0.3437,9.6914,-3.9062,-4.1765,0.00,0.00,48.31,1
11.669,-2.0625,-2.2678,0.6562,0.4001,0.4609,0.3294,-4.69,-4.74,-3.9844,0.0391,9.5039,-3.9844,-4.1016,0.00,0.00,46.33,1
11.689,-2.6133,-2.2537,-0.6406,0.3690,-0.3047,0.3055,-4.71,-4.74,-4.5586,-1.2656,8.7344,-4.5586,-4.1955,0.00,0.00,44.74,1
11.709,-1.5859,-2.1059,-0.1016,0.1245,1.1133,0.4674,-4.74,-4.74,-4.5977,-0.9961,8.9258,-4.5977,-4.0291,0.00,0.00,42.49,1
11.719,-2.6133,-2.1082,-0.3633,0.0688,-0.1133,0.4685,-4.75,-4.76,-4.5977,-0.9961,8.9258,-4.5977,-4.1164,0.00,0.00,42.49,1
11.741,-1.0859,-2.0458,0.0195,-0.0197,2.2148,0.6278,-4.78,-4.73,-4.3281,-0.1914,9.1172,-4.3281,-3.9543,0.00,0.00,40.50,1
11.760,-2.3047,-2.0433,0.4492,0.0865,0.0703,0.6033,-4.80,-4.72,-3.2578,-0.6523,11.2227,-3.2578,-3.9747,0.00,0.00,37.90,1
11.770,-1.2031,-1.9319,-0.0117,0.0960,2.1758,0.8087,-4.82,-4.70,-4.7891,-0.6133,8.2383,-4.7891,-3.9385,0.00,0.00,37.90,1
11.789,-2.7187,-2.0607,0.0273,0.0741,-0.8125,0.5351,-4.85,-4.68,-4.5586,-0.8047,8.5391,-4.5586,-4.1613,0.00,0.00,36.10,1
11.807,-1.1758,-2.1083,-0.8086,-0.0461,0.6367,0.2528,-4.88,-4.66,-3.2930,-1.4570,9.6875,-3.2930,-4.0167,0.00,0.00,36.10,1
11.821,-1.1758,-1.9651,-0.8086,-0.1632,0.6367,0.3118,-4.89,-4.66,-3.9062,-1.3008,9.0781,-3.9062,-3.9546,0.00,0.00,33.29,1
11.838,-2.1406,-1.8933,0.0430,-0.2817,-0.9414,0.1715,-4.90,-4.66,-4.2891,-0.6133,8.1211,-4.2891,-4.0228,0.00,0.00,33.29,1
11.858,-2.4258,-1.9862,-0.1094,-0.2018,-0.4805,-0.1073,-4.92,-4.66,-4.5977,-0.7656,8.5820,-4.5977,-4.1666,0.00,0.00,31.22,1
11.872,-0.4180,-1.8931,0.0039,-0.1786,1.3203,-0.0205,-4.92,-4.66,-2.6055,-0.6523,10.3867,-2.6055,-3.9268,0.00,0.00,31.22,1
11.890,-1.4648,-1.4724,0.5508,-0.0710,0.4766,0.3691,-4.96,-4.68,-3.6758,-0.1133,9.5430,-3.6758,-3.7132,0.00,0.00,28.10,1
11.911,-2.2109,-1.5844,0.2891,0.1008,-0.3359,0.2809,-5.01,-4.59,-3.9062,-1.2266,8.8477,-3.9062,-3.8756,0.00,0.00,28.10,1
11.929,-1.6641,-1.6411,-0.5469,-0.0308,-0.2227,0.1310,-5.05,-4.45,-3.7148,-0.9570,10.1875,-3.7148,-3.8690,0.00,0.00,25.45,1
11.941,-1.4492,-1.6132,-0.2773,-0.1036,1.1211,0.2592,-5.08,-4.37,-4.6367,-0.7656,7.9727,-4.6367,-3.9086,0.00,0.00,25.45,1
11.959,-2.3555,-1.7672,-0.0859,-0.1105,-1.0938,0.0134,-5.12,-4.25,-4.2891,-0.7266,9.3867,-4.2891,-4.0873,0.00,0.00,25.45,1
11.977,-1.0195,-1.7853,-0.0703,-0.0914,1.4258,0.1247,-5.17,-4.11,-3.3320,-0.7656,10.4922,-3.3320,-3.9443,0.00,0.00,21.58,1
11.991,-1.0195,-1.6677,-0.0703,-0.0881,1.4258,0.3245,-5.19,-4.05,-4.5586,-1.3008,8.1562,-4.5586,-3.9484,0.00,0.00,21.58,1
12.010,-1.8711,-1.7598,-0.1016,-0.1935,-0.1055,0.1018,-5.23,-3.94,-4.2148,-0.8047,8.9648,-4.2148,-4.0803,0.00,0.00,21.58,1
12.028,-1.6172,-1.7743,-0.0937,-0.1615,0.1250,0.0496,-5.27,-3.85,-3.9844,-0.8047,9.1992,-3.9844,-4.0752,0.00,0.00,17.58,1
12.042,-1.6172,-1.7501,-0.0937,-0.1511,0.1250,0.0612,-5.29,-3.81,-3.7539,-0.5742,9.6914,-3.7539,-4.0428,0.00,0.00,17.58,1
12.059,-1.5469,-1.6475,0.4141,-0.0440,0.3828,0.2030,-5.33,-3.72,-3.9453,-0.3047,9.4648,-3.9453,-3.9867,0.00,0.00,17.58,1
12.081,-1.4102,-1.5922,-0.1641,0.0234,1.2266,0.3939,-5.36,-3.60,-4.0234,-0.8438,9.1602,-4.0234,-3.9558,0.00,0.00,17.58,1
12.099,-1.5938,-1.5812,-0.1172,-0.0194,0.0781,0.3759,-5.38,-3.50,-3.3711,-0.8047,10.5312,-3.3711,-3.9228,0.00,0.00,17.58,1
12.112,-0.9102,-1.4790,-0.0781,-0.0351,1.4492,0.5206,-5.40,-3.43,-4.7109,-0.8047,8.0781,-4.7109,-3.9079,0.00,0.00,11.12,1
12.129,-2.2422,-1.6124,-0.0703,-0.0455,-1.0039,0.2410,-5.41,-3.35,-3.9062,-0.2695,9.8047,-3.9062,-4.0712,0.00,0.00,11.12,1
12.149,-1.2148,-1.5918,-0.3008,0.0046,-0.1602,0.1995,-5.43,-3.28,-3.7148,-1.0352,8.9258,-3.7148,-3.9950,0.00,0.00,11.12,1
12.161,-1.2148,-1.5339,-0.3008,-0.0423,-0.1602,0.1442,-5.46,-3.21,-4.3281,-0.3828,8.8867,-4.3281,-4.0011,0.00,0.00,11.12,1
12.178,-1.7969,-1.5722,0.3594,0.0305,-0.1914,0.0510,-5.50,-3.12,-3.7539,-0.7266,8.7734,-3.7539,-4.0479,0.00,0.00,11.12,1
12.198,-1.6914,-1.5203,-0.4297,0.0111,-1.1953,-0.1366,-5.55,-3.04,-4.2539,-1.1875,7.8945,-4.2539,-4.0583,0.00,0.00,11.12,1
12.212,-1.6914,-1.5466,-0.4297,-0.0566,-1.1953,-0.2992,-5.56,-3.01,-3.2578,-0.5352,9.2695,-3.2578,-4.0087,0.00,0.00,11.12,1
12.230,-1.5195,-1.3778,0.4219,0.0171,-0.5039,-0.2687,-5.60,-2.96,-4.0977,-0.3437,8.5781,-4.0977,-3.9386,0.00,0.00,11.12,1
12.251,-0.4336,-1.2593,0.2695,0.1317,-0.7344,-0.3843,-5.65,-2.91,-2.6797,-0.3437,8.5039,-2.6797,-3.6614,0.00,0.00,11.12,1
12.263,-0.0781,-1.1040,0.4297,0.1657,-0.5820,-0.4258,-5.67,-2.91,-2.6797,-0.3437,8.5039,-2.6797,-3.5106,0.00,0.00,11.12,1
12.282,1.5352,-0.5065,0.0156,0.1921,0.8281,-0.2625,-5.73,-2.92,-1.4180,-0.4961,8.5430,-1.4180,-2.7995,0.00,0.00,11.12,1
12.299,1.1992,-0.0018,0.2930,0.2034,-0.5508,-0.2584,-5.80,-2.98,-0.1523,-0.5352,9.8477,-0.1523,-2.3065,0.00,0.00,11.12,1
12.319,2.4570,0.6172,0.2617,0.2219,0.7422,-0.0551,-5.88,-3.02,0.6133,-0.6914,10.6133,0.6133,-1.6343,0.00,0.00,11.12,1
12.331,3.2148,1.1408,0.1211,0.2091,1.5000,0.2377,-5.92,-3.07,0.1133,-0.2695,9.6484,0.1133,-1.1769,0.00,0.00,11.12,1
12.349,2.7070,1.6166,0.5508,0.2792,0.5352,0.3822,-6.01,-3.14,0.6523,-0.3047,10.4961,0.6523,-0.7679,0.00,0.00,11.12,1
12.367,2.1641,2.0531,-0.4219,0.2900,-0.2383,0.5442,-6.12,-3.21,-0.4219,-1.2656,8.8867,-0.4219,-0.5214,0.00,0.00,11.12,1
12.382,2.1641,2.0701,-0.4219,0.1807,-0.2383,0.4241,-6.17,-3.26,0.9961,-1.1875,11.6445,0.9961,-0.3927,0.00,0.00,11.12,1
12.399,2.8750,2.4446,-0.5977,-0.0197,1.5547,0.9032,-6.28,-3.31,0.3047,-1.4570,10.6875,0.3047,-0.0722,0.00,0.00,11.12,1
12.419,2.8398,2.5638,-1.0781,-0.2221,1.3633,1.0727,-6.36,-3.31,0.2695,-1.9531,10.4961,0.2695,0.0269,0.00,0.00,11.12,1
12.433,2.7539,2.6180,-0.8008,-0.3893,1.0859,1.1148,-6.39,-3.31,0.1914,-1.6836,10.2305,0.1914,0.0633,0.00,0.00,11.12,1
12.450,3.1836,2.6909,-0.4883,-0.4810,1.5078,1.1404,-6.45,-3.24,0.6133,-1.3789,10.6484,0.6133,0.1930,0.00,0.00,11.12,1
12.470,2.4922,2.7059,-0.0273,-0.3815,-0.5508,0.8100,-6.50,-3.20,0.4961,-0.4219,10.2695,0.4961,0.1465,0.00,0.00,11.12,1
12.489,3.0664,2.7724,0.4844,-0.1678,1.1250,0.7950,-6.56,-3.13,0.6133,-1.0742,8.8437,0.6133,0.2550,0.00,0.00,11.12,1
12.501,3.1914,2.8566,-0.1602,-0.1225,-0.2930,0.6502,-6.59,-3.11,-0.0391,-0.8047,8.3555,-0.0391,0.2821,0.00,0.00,11.12,1
12.520,2.5391,2.8072,0.1172,-0.0718,-0.7891,0.2729,-6.65,-3.06,0.4609,-0.9961,8.6211,0.4609,0.2310,0.00,0.00,11.12,1
12.539,2.7695,2.8360,-0.5937,-0.1016,-1.3320,-0.0801,-6.72,-2.99,0.1914,-1.5313,7.8164,0.1914,0.2498,0.00,0.00,11.12,1
12.552,2.7695,2.8258,-0.5937,-0.1772,-1.3320,-0.2724,-6.74,-2.97,1.0352,-1.1094,9.1172,1.0352,0.3083,0.00,0.00,11.12,1
12.569,3.4609,3.0337,-0.5859,-0.2311,-0.6836,-0.3169,-6.79,-2.51,0.8828,-1.5313,8.4609,0.8828,0.5224,0.00,0.00,11.12,1
12.588,3.9961,3.1977,-0.9531,-0.3611,0.3594,-0.3375,-6.82,-2.07,1.4180,-1.9141,9.5000,1.4180,0.7430,0.00,0.00,11.12,1
12.609,2.9297,3.2339,-0.3398,-0.4272,-0.9063,-0.3800,-6.84,-1.66,0.5352,-1.3008,8.6172,0.5352,0.6222,0.00,0.00,11.12,1
12.620,3.1133,3.2018,-0.3320,-0.4132,-0.5312,-0.4308,-6.85,-1.47,0.5352,-1.3008,8.6172,0.5352,0.6089,0.00,0.00,0.00,1
12.641,2.0820,2.8745,-0.1406,-0.3269,-1.8711,-0.8503,-6.86,-1.14,0.7266,-1.0352,9.8047,0.7266,0.2717,0.00,0.00,0.00,1
12.659,3.2969,2.9186,-0.0586,-0.2559,0.6602,-0.5796,-6.86,-0.82,0.4219,-1.5313,9.6914,0.4219,0.3763,0.00,0.00,0.00,1
12.671,2.9844,2.9543,-0.5547,-0.2885,0.5430,-0.3233,-6.86,-0.64,0.3047,-1.5313,9.2656,0.3047,0.3770,0.00,0.00,0.00,1
12.689,2.8750,2.9386,-0.5547,-0.3640,0.1211,-0.1710,-6.86,-0.27,0.1914,-1.5313,9.2305,0.1914,0.3475,0.00,0.00,0.00,1
12.709,3.2227,2.9217,-0.3164,-0.4099,0.7812,-0.0249,-6.86,0.10,0.6523,-1.3008,9.9258,0.6523,0.3963,0.00,0.00,0.00,1
12.722,3.2227,2.9679,-0.3164,-0.3956,0.7812,0.0989,-6.85,0.28,-0.0391,-0.5352,9.0039,-0.0391,0.3803,0.00,0.00,0.00,1
12.739,2.5391,2.8593,0.5703,-0.1418,0.0234,0.0840,-6.85,0.59,-0.0391,-0.4219,9.1562,-0.0391,0.2373,0.00,0.00,0.00,1
12.758,2.1797,2.7397,0.2656,0.0358,0.0234,0.0668,-6.86,0.87,-0.3828,-0.7266,9.1602,-0.3828,0.0829,0.00,0.00,0.00,1
12.773,2.1797,2.6537,0.2656,0.0711,0.0234,0.0602,-6.87,1.02,-1.1875,-0.9180,7.8555,-1.1875,-0.0530,0.00,0.00,0.00,1
12.790,1.9414,2.3076,-0.2656,0.0575,0.1289,-0.2112,-6.88,1.27,-0.6133,-1.2656,9.2695,-0.6133,-0.3127,0.00,0.00,0.00,1
12.812,1.5977,2.1300,-0.7148,-0.1216,-1.0195,-0.2716,-6.90,1.55,0.0391,-1.0352,10.2305,0.0391,-0.4330,0.00,0.00,0.00,1
12.829,2.5859,2.1977,-0.0273,-0.1377,1.0859,-0.0178,-6.92,1.81,-0.3437,-1.1484,9.4609,-0.3437,-0.3297,0.00,0.00,0.00,1
12.841,2.1875,2.2224,-0.1406,-0.1307,0.3281,0.1101,-6.93,1.91,0.2695,-1.3008,10.4180,0.2695,-0.2838,0.00,0.00,0.00,1
12.860,2.8008,2.3483,-0.2852,-0.1655,1.2852,0.3837,-6.95,2.12,-0.5742,-0.9570,9.5391,-0.5742,-0.1944,0.00,0.00,0.00,1
12.879,2.2773,2.2857,-0.2852,-0.1363,1.2852,0.5121,-6.96,2.32,-0.2305,-1.3008,10.4141,-0.2305,-0.2478,0.00,0.00,0.00,1
12.892,2.2773,2.2844,-0.2852,-0.1592,1.2852,0.6308,-6.97,2.43,-1.8789,-1.2656,7.6602,-1.8789,-0.3770,0.00,0.00,0.00,1
12.910,2.2227,1.9404,-0.0859,-0.1774,1.1641,0.2811,-6.97,2.61,-0.2695,-1.1094,10.3086,-0.2695,-0.5329,0.00,0.00,0.00,1
12.928,1.9023,2.0094,-0.5859,-0.1862,0.1289,0.4993,-6.98,2.81,-0.5742,-1.6094,9.2656,-0.5742,-0.5105,0.00,0.00,0.00,1
12.943,1.9023,1.9930,-0.5859,-0.2476,0.1289,0.4424,-6.99,2.90,-0.4961,-1.3008,9.5000,-0.4961,-0.5140,0.00,0.00,0.00,1
12.960,2.1094,1.9914,-0.5000,-0.2917,0.3984,0.4040,-6.99,3.06,-0.3437,-1.5313,9.5391,-0.3437,-0.4742,0.00,0.00,0.00,1
12.981,2.7812,2.1348,-0.6172,-0.3807,1.0781,0.5065,-6.98,3.22,-0.4219,-1.1875,8.8164,-0.4219,-0.2960,0.00,0.00,0.00,1
13.000,2.0078,2.1470,-0.1562,-0.3458,-0.3359,0.3557,-6.95,3.34,-0.1914,-1.2266,9.5391,-0.1914,-0.3133,0.00,0.00,0.00,1
13.013,2.2227,2.1492,-0.1875,-0.3086,0.3906,0.3142,-6.95,3.42,-0.1914,-1.5313,9.2305,-0.1914,-0.2863,0.00,0.00,0.00,1
13.029,2.2148,2.1683,-0.5000,-0.3434,0.0820,0.2676,-6.93,3.59,-0.5352,-1.3398,8.4648,-0.5352,-0.2869,0.00,0.00,0.00,1
13.050,2.3828,2.1244,-0.2695,-0.3378,0.4961,0.0800,-6.91,3.74,0.0000,-1.3008,9.6523,0.0000,-0.2531,0.00,0.00,0.00,1
13.062,2.3828,2.1641,-0.2695,-0.3273,0.4961,0.1439,-6.89,3.81,-0.3437,-1.5313,8.4609,-0.3437,-0.2417,0.00,0.00,0.00,1
13.080,2.9648,2.2121,0.0352,-0.3302,0.5664,0.0278,-6.85,3.91,0.6133,-0.9961,9.7305,0.6133,-0.0647,0.00,0.00,0.00,1
13.098,2.5664,2.4352,-0.1641,-0.2232,0.7187,0.2236,-6.81,4.03,0.2305,-1.1875,9.8828,0.2305,0.0817,0.00,0.00,0.00,1
13.113,2.5664,2.4554,-0.1641,-0.2141,0.7187,0.2997,-6.80,4.10,0.4961,-1.4570,9.8047,0.4961,0.1258,0.00,0.00,0.00,1
13.130,2.0430,2.5023,-0.2773,-0.2610,-0.7070,0.3118,-6.77,4.25,-0.2695,-1.3008,8.4609,-0.2695,0.0826,0.00,0.00,0.00,1
13.148,2.4492,2.4045,-0.0859,-0.2503,0.3750,0.1094,-6.72,4.38,0.1523,-1.1094,9.5391,0.1523,0.0761,0.00,0.00,0.00,1
13.169,1.6367,2.2399,-0.3164,-0.2453,-1.3203,-0.1752,-6.67,4.48,0.0000,-0.7266,9.8867,0.0000,-0.1200,0.00,0.00,0.00,1
13.188,2.5937,2.2343,-0.0586,-0.1593,0.3594,-0.0786,-6.66,4.52,0.3437,-1.0742,9.5391,0.3437,-0.0332,0.00,0.00,0.00,1
13.200,2.5937,2.2895,-0.0586,-0.1438,0.3594,-0.0113,-6.61,4.73,0.4219,-1.3789,10.1523,0.4219,0.0309,0.00,0.00,0.00,1
13.219,1.7734,2.3419,0.0820,-0.1671,-0.3672,0.1818,-6.57,4.93,-0.4609,-0.9180,8.8125,-0.4609,-0.0312,0.00,0.00,0.00,1
13.232,1.7656,2.2149,0.0820,-0.1120,-0.3672,0.0603,-6.55,5.01,-0.0391,-1.2266,9.4648,-0.0391,-0.0925,0.00,0.00,0.00,1
13.249,2.1797,2.1791,-0.2266,-0.1253,0.2812,0.0826,-6.51,5.15,-1.1484,-1.1875,8.0391,-1.1484,-0.1661,0.00,0.00,0.00,1
13.268,2.5234,1.9762,0.1875,-0.1203,0.8945,-0.0893,-6.46,5.25,0.3437,-0.8047,10.0703,0.3437,-0.1708,0.00,0.00,0.00,1
13.283,2.5234,2.0602,0.1875,-0.0730,0.8945,0.0618,-6.45,5.32,0.1133,-1.2656,9.2695,0.1133,-0.1102,0.00,0.00,0.00,1
13.300,2.7305,2.1846,-0.1953,-0.1103,1.4219,0.2224,-6.40,5.43,0.5742,-1.1875,10.6133,0.5742,0.0680,0.00,0.00,0.00,1
13.318,1.5664,2.2463,-0.0117,-0.1197,-0.6055,0.4004,-6.36,5.51,-0.5742,-0.9961,8.5781,-0.5742,-0.0426,0.00,0.00,0.00,1
13.340,2.2852,2.2125,-0.1250,-0.1141,0.5820,0.3780,-6.33,5.60,-1.1094,-1.1484,7.9727,-1.1094,-0.0882,0.00,0.00,0.00,1
13.351,1.0000,2.1209,-0.1719,-0.1196,-1.2266,0.2646,-6.31,5.65,-1.1094,-1.1484,7.9727,-1.1094,-0.2451,0.00,0.00,0.00,1
13.370,2.2930,2.0463,0.1719,-0.0427,0.8047,0.2537,-6.28,5.73,-0.1133,-0.7656,9.8086,-0.1133,-0.0976,0.00,0.00,0.00,1
13.390,1.9727,2.0454,0.2031,0.0251,0.6133,0.3676,-6.24,5.80,0.1523,-1.1484,9.3437,0.1523,-0.0808,0.00,0.00,0.00,1
13.402,2.2148,2.0665,-0.1797,0.0057,0.1523,0.3512,-6.22,5.83,-0.2695,-0.9570,9.1953,-0.2695,-0.0630,0.00,0.00,0.00,1
13.420,1.7852,2.0135,0.0039,-0.0062,0.0000,0.2611,-6.18,5.88,0.3437,-1.0352,10.1094,0.3437,-0.0725,0.00,0.00,0.00,1
13.439,0.8516,1.9842,-0.0820,-0.0256,-1.3867,0.2464,-6.15,5.96,-1.1875,-1.0352,7.8164,-1.1875,-0.2695,0.00,0.00,0.00,1
13.453,0.8516,1.8103,-0.0820,-0.0342,-1.3867,-0.0044,-6.13,5.98,-0.1133,-0.9180,9.4648,-0.1133,-0.3245,0.00,0.00,0.00,1
13.470,1.6953,1.7633,0.1094,-0.0114,0.4492,0.0060,-6.10,6.01,-0.3047,-0.8438,9.6523,-0.3047,-0.2949,0.00,0.00,0.00,1
13.489,2.4453,1.8040,-0.1289,0.0038,0.5195,0.1374,-6.07,6.05,0.4609,-1.0742,9.7266,0.4609,-0.1282,0.00,0.00,0.00,1
13.510,1.8242,1.8852,-0.0898,-0.0328,0.0586,0.1656,-6.05,6.10,0.1523,-0.7266,10.0312,0.1523,-0.1121,0.00,0.00,0.00,1
13.521,2.1055,1.8983,0.2187,-0.0169,0.8242,0.2104,-6.03,6.11,0.1523,-0.7266,10.0312,0.1523,-0.0715,0.00,0.00,0.00,1
13.542,0.7109,1.7547,-0.2109,-0.0025,-1.5859,0.0495,-6.01,6.13,0.0781,-0.8438,9.8477,0.0781,-0.2819,0.00,0.00,0.00,1
13.560,2.0000,1.7440,0.0937,0.0058,0.6250,0.0750,-5.99,6.15,-0.0781,-0.8047,9.8437,-0.0781,-0.1923,0.00,0.00,0.00,1
13.572,1.8203,1.7731,0.1328,0.0313,0.6172,0.1955,-5.98,6.17,0.2305,-0.9961,9.6875,0.2305,-0.1423,0.00,0.00,0.00,1
13.589,2.1289,1.8548,-0.0586,0.0177,0.4648,0.2814,-5.96,6.21,-0.1914,-1.1094,9.1211,-0.1914,-0.0703,0.00,0.00,0.00,1
13.608,2.1055,1.8573,0.1250,-0.0183,1.0000,0.2698,-5.94,6.23,0.2305,-0.8047,10.2305,0.2305,-0.0182,0.00,0.00,0.00,1
13.623,2.1055,1.8954,0.1250,0.0037,1.0000,0.3820,-5.93,6.24,-0.8438,-0.9961,7.9297,-0.8438,-0.0660,0.00,0.00,0.00,1
13.640,1.7227,1.7681,0.2031,0.0173,0.7656,0.2139,-5.92,6.24,-0.1133,-0.7266,10.0039,-0.1133,-0.1744,0.00,0.00,0.00,1
13.658,1.6680,1.7509,-0.1523,0.0416,-0.3867,0.2782,-5.89,6.28,-0.1523,-1.0742,8.8437,-0.1523,-0.1657,0.00,0.00,0.00,1
13.682,1.4609,1.6605,-0.1133,-0.0237,-0.2305,0.0608,-5.88,6.32,-0.1133,-0.8828,9.3047,-0.1133,-0.2173,0.00,0.00,0.00,1
13.691,1.6758,1.6471,0.0391,-0.0253,0.0742,0.0404,-5.87,6.32,-0.1133,-0.8828,9.3047,-0.1133,-0.2014,0.00,0.00,0.00,1
13.710,2.3477,1.7601,-0.1523,-0.0327,1.1406,0.2157,-5.86,6.34,-0.5742,-0.9180,8.6172,-0.5742,-0.0682,0.00,0.00,0.00,1
13.729,1.1914,1.6708,0.0039,-0.0321,-0.6250,0.0873,-5.84,6.35,-0.1523,-0.8438,9.6484,-0.1523,-0.1780,0.00,0.00,0.00,1
13.742,1.5977,1.6271,0.0781,-0.0127,0.4102,0.0887,-5.84,6.36,-0.7266,-0.9570,8.5430,-0.7266,-0.2182,0.00,0.00,0.00,1
13.760,1.0156,1.4899,-0.0352,-0.0120,-0.6992,-0.0657,-5.83,6.40,-0.2695,-0.9961,8.6211,-0.2695,-0.3258,0.00,0.00,0.00,1
13.778,1.6328,1.4672,0.1094,-0.0136,0.4102,-0.1461,-5.82,6.40,-0.0781,-0.8047,9.6523,-0.0781,-0.2805,0.00,0.00,0.00,1
13.793,1.6328,1.4926,0.1094,0.0053,0.4102,-0.0607,-5.81,6.40,0.5742,-0.9961,10.0703,0.5742,-0.1972,0.00,0.00,0.00,1
13.810,1.0352,1.6222,0.1484,0.0049,-0.6328,0.1007,-5.80,6.44,-0.6523,-0.7656,8.6172,-0.6523,-0.2057,0.00,0.00,0.00,1
13.828,1.6406,1.4689,-0.0039,0.0416,0.2187,-0.0812,-5.80,6.46,-0.0391,-0.9180,9.4648,-0.0391,-0.2222,0.00,0.00,0.00,1
13.851,1.0898,1.4429,0.0703,0.0375,-0.1328,-0.0330,-5.79,6.49,-0.3828,-0.9180,8.5430,-0.3828,-0.2962,0.00,0.00,0.00,1
13.861,1.2656,1.4027,-0.0039,0.0366,-0.7070,-0.0942,-5.78,6.51,-0.3828,-0.9180,8.5430,-0.3828,-0.3095,0.00,0.00,0.00,1
13.878,1.6250,1.3926,-0.0820,0.0189,0.3281,-0.1852,-5.78,6.52,0.0000,-0.9961,9.5820,0.0000,-0.2456,0.00,0.00,0.00,1
13.901,2.1914,1.5972,0.1484,0.0355,1.0938,0.1592,-5.77,6.57,-0.6133,-0.9180,8.3125,-0.6133,-0.0611,0.00,0.00,0.00,1
13.913,0.9883,1.5439,-0.0039,0.0371,-0.9453,0.0529,-5.77,6.57,-0.0391,-0.9570,9.7305,-0.0391,-0.1374,0.00,0.00,0.00,1
13.930,1.5547,1.5117,-0.0430,0.0168,0.4727,0.0836,-5.77,6.58,-0.3437,-0.9180,9.2656,-0.3437,-0.1339,0.00,0.00,0.00,1
13.949,0.9961,1.4339,-0.0039,0.0085,-0.4375,0.0560,-5.77,6.59,-0.5742,-0.9180,8.8164,-0.5742,-0.2288,0.00,0.00,0.00,1
13.968,1.4766,1.3482,-0.2344,-0.0135,-0.0937,-0.0565,-5.76,6.63,-0.0781,-1.1484,9.1562,-0.0781,-0.2170,0.00,0.00,0.00,1
13.981,1.4766,1.3679,-0.2344,-0.0474,-0.0937,-0.0622,-5.76,6.64,0.3047,-0.7656,10.3477,0.3047,-0.1650,0.00,0.00,0.00,1
13.999,1.1016,1.4481,0.0703,-0.0088,-0.6680,0.1229,-5.75,6.65,-0.4219,-0.8438,8.5781,-0.4219,-0.1657,0.00,0.00,0.00,1
14.022,1.4688,1.3864,-0.0820,-0.0052,0.5195,0.0357,-5.75,6.65,-0.4219,-0.9961,9.1172,-0.4219,-0.1751,0.00,0.00,0.00,1
14.031,1.0781,1.3678,-0.0820,-0.0170,-0.1406,0.0572,-5.75,6.66,-0.4219,-0.9961,9.1172,-0.4219,-0.2130,0.00,0.00,0.00,1
14.052,0.8320,1.2312,0.1484,-0.0038,-0.5625,-0.0751,-5.76,6.69,0.0781,-0.9570,9.2656,0.0781,-0.2911,0.00,0.00,0.00,1
14.070,1.5547,1.2779,-0.0430,-0.0030,0.0117,-0.0862,-5.75,6.70,0.1914,-0.8438,9.9609,0.1914,-0.1773,0.00,0.00,0.00,1
14.091,1.4141,1.3809,-0.0039,0.0096,-0.1406,0.0758,-5.76,6.69,-0.0391,-0.9180,9.1211,-0.0391,-0.1026,0.00,0.00,0.00,1
14.100,1.4141,1.3860,-0.0039,0.0075,-0.1406,0.0425,-5.76,6.68,0.2305,-1.1094,10.0039,0.2305,-0.0713,0.00,0.00,0.00,1
14.119,1.6602,1.4484,-0.1875,-0.0364,0.7422,0.1860,-5.76,6.71,0.0000,-1.1094,9.6133,0.0000,-0.0042,0.00,0.00,0.00,1
14.133,1.4219,1.4587,-0.1875,-0.0698,0.3555,0.2497,-5.77,6.72,-0.6914,-0.9570,8.3555,-0.6914,-0.0586,0.00,0.00,0.00,1
14.151,0.7227,1.2935,-0.0352,-0.0695,-0.9063,0.0004,-5.78,6.73,-0.4219,-0.9570,9.2266,-0.4219,-0.2165,0.00,0.00,0.00,1
14.168,1.1133,1.1818,0.0039,-0.0546,0.0508,-0.0532,-5.78,6.73,-0.2695,-0.9180,9.3047,-0.2695,-0.2528,0.00,0.00,0.00,1
14.192,1.5195,1.2209,0.3086,0.0121,0.4336,0.0411,-5.79,6.72,0.5742,-0.9961,10.3437,0.5742,-0.1051,0.00,0.00,0.00,1
14.201,1.9336,1.2999,-0.0664,0.0277,1.0781,0.1529,-5.79,6.73,0.5742,-0.9961,10.3437,0.5742,-0.0008,0.00,0.00,0.00,1
14.219,1.4648,1.4421,-0.5273,-0.0359,0.0039,0.3294,-5.81,6.76,0.1133,-1.4570,9.2656,0.1133,0.0603,0.00,0.00,0.00,1
14.240,0.6523,1.2700,0.1250,-0.0591,-0.4531,0.1173,-5.81,6.75,-0.3437,-1.2266,9.0039,-0.3437,-0.1682,0.00,0.00,0.00,1
14.252,0.9766,1.2011,-0.2969,-0.0645,-0.2617,0.0450,-5.82,6.75,-0.3437,-1.2266,9.0039,-0.3437,-0.1951,0.00,0.00,0.00,1
14.272,0.8516,1.0891,-0.1055,-0.0895,-0.1484,-0.0275,-5.82,6.76,0.1523,-0.8047,9.5391,0.1523,-0.2367,0.00,0.00,0.00,1
14.290,1.4570,1.1557,0.1250,-0.0430,0.2734,0.0316,-5.83,6.79,0.3437,-0.9570,10.5742,0.3437,-0.1110,0.00,0.00,0.00,1
14.303,1.6406,1.2506,-0.0195,-0.0280,1.3086,0.2441,-5.83,6.80,0.1523,-1.2656,9.4258,0.1523,-0.0257,0.00,0.00,0.00,1
14.320,1.4414,1.3171,-0.3281,-0.0939,0.1562,0.2910,-5.83,6.81,-0.4219,-0.8828,8.6992,-0.4219,-0.0211,0.00,0.00,0.00,1
14.338,1.2266,1.2222,-0.0195,-0.0711,0.3125,0.1096,-5.83,6.79,-0.0391,-0.9570,9.5820,-0.0391,-0.0730,0.00,0.00,0.00,1
14.359,0.4844,1.1641,-0.2891,-0.0781,-1.0391,0.0590,-5.84,6.82,-0.7656,-1.2266,8.2344,-0.7656,-0.2242,0.00,0.00,0.00,1
14.371,1.2422,1.0743,0.2461,-0.0819,0.6484,-0.0490,-5.84,6.82,0.0000,-0.6914,9.9258,0.0000,-0.1746,0.00,0.00,0.00,1
14.390,1.5313,1.1450,-0.4023,-0.0408,0.3789,0.1272,-5.85,6.83,0.3047,-1.3398,9.6523,0.3047,-0.0576,0.00,0.00,0.00,1
14.410,1.5703,1.2632,-0.3633,-0.1347,0.6094,0.2496,-5.86,6.82,-0.1914,-0.9570,8.9258,-0.1914,0.0134,0.00,0.00,0.00,1
14.422,1.0195,1.2663,-0.0195,-0.1423,-0.3477,0.2283,-5.86,6.81,-0.1914,-0.9570,8.9258,-0.1914,-0.0181,0.00,0.00,0.00,1
14.442,1.3086,1.2266,-0.0898,-0.1112,0.6484,0.1850,-5.85,6.83,-0.9570,-1.0742,8.0781,-0.9570,-0.0764,0.00,0.00,0.00,1
14.460,0.2383,1.0130,-0.1289,-0.1138,-1.1914,-0.0908,-5.84,6.84,-0.1523,-0.9180,9.5820,-0.1523,-0.2618,0.00,0.00,0.00,1
14.473,1.0273,0.9627,0.0195,-0.0944,0.3125,-0.1034,-5.84,6.84,-0.1914,-0.9180,9.7266,-0.1914,-0.2407,0.00,0.00,0.00,1
14.491,0.9727,0.9689,0.0195,-0.0621,0.4492,0.0448,-5.83,6.84,0.1133,-1.1875,9.2305,0.1133,-0.2023,0.00,0.00,0.00,1
14.509,1.1484,1.0447,-0.1367,-0.1000,0.1797,0.0593,-5.83,6.84,0.0000,-1.0742,9.4609,0.0000,-0.1198,0.00,0.00,0.00,1
14.524,1.1484,1.0606,-0.1367,-0.1057,0.1797,0.0778,-5.83,6.83,0.3437,-1.0352,10.1914,0.3437,-0.0739,0.00,0.00,0.00,1
14.541,0.2148,1.0843,-0.1719,-0.1111,-1.2734,0.1450,-5.81,6.86,-0.9180,-1.1094,8.0117,-0.9180,-0.2107,0.00,0.00,0.00,1
14.558,0.8125,0.8325,0.0547,-0.1137,0.6016,-0.1886,-5.79,6.84,-0.3047,-0.8828,9.8828,-0.3047,-0.3161,0.00,0.00,0.00,1
14.582,0.7969,0.8233,-0.3711,-0.1217,-0.5859,-0.1016,-5.78,6.83,-0.3828,-0.8828,9.0039,-0.3828,-0.3185,0.00,0.00,0.00,1
14.592,0.7109,0.8124,0.0469,-0.1266,-0.2773,-0.1513,-5.77,6.83,-0.3828,-0.8828,9.0039,-0.3828,-0.3284,0.00,0.00,0.00,1
14.612,1.0469,0.8294,0.0117,-0.0728,0.0664,-0.1415,-5.76,6.83,0.6523,-0.9961,10.3867,0.6523,-0.1941,0.00,0.00,0.00,1
14.630,1.7305,1.0424,-0.0664,-0.0661,1.1016,0.1466,-5.74,6.84,-0.6133,-0.9570,8.7383,-0.6133,-0.0553,0.00,0.00,0.00,1
14.643,0.4492,0.9978,-0.0352,-0.0614,-0.5469,0.1047,-5.73,6.83,-0.1133,-1.1875,9.3477,-0.1133,-0.1388,0.00,0.00,0.00,1
14.660,0.9414,0.9512,-0.2656,-0.1050,0.0664,0.0557,-5.71,6.79,-0.8438,-0.9961,8.8867,-0.8438,-0.1900,0.00,0.00,0.00,1
14.680,0.3867,0.7531,-0.1133,-0.1086,-1.0547,-0.1258,-5.68,6.80,-0.6523,-1.0352,8.2383,-0.6523,-0.3705,0.00,0.00,0.00,1
14.694,0.3867,0.6969,-0.1133,-0.1093,-1.0547,-0.2685,-5.68,6.80,0.0391,-1.0352,9.7305,0.0391,-0.3585,0.00,0.00,0.00,1
14.712,1.6367,0.8303,0.0312,-0.1007,0.9766,-0.0694,-5.66,6.81,0.6133,-0.8828,10.2656,0.6133,-0.0959,0.00,0.00,0.00,1
14.729,0.9688,1.0502,0.1172,-0.0472,-0.1719,0.1953,-5.63,6.79,-0.0391,-0.8047,9.1172,-0.0391,0.0015,0.00,0.00,0.00,1
14.751,1.0703,1.0380,-0.0430,-0.0158,0.9375,0.2405,-5.61,6.75,-0.1914,-1.2266,9.1172,-0.1914,-0.0006,0.00,0.00,0.00,1
14.762,0.7930,1.0208,-0.3125,-0.0415,-0.1719,0.2588,-5.59,6.76,-0.1914,-1.2266,9.1172,-0.1914,-0.0299,0.00,0.00,0.00,1
14.782,0.2852,0.8651,-0.0430,-0.0925,-1.0547,-0.0236,-5.57,6.76,-0.5352,-0.8828,9.0820,-0.5352,-0.2143,0.00,0.00,0.00,1
14.801,0.4336,0.7335,0.0234,-0.0638,-0.2109,-0.1293,-5.55,6.75,0.1523,-1.0742,9.4609,0.1523,-0.2503,0.00,0.00,0.00,1
14.813,1.1055,0.7703,-0.1680,-0.0739,0.1719,-0.0886,-5.54,6.75,0.1133,-0.7266,9.8477,0.1133,-0.1643,0.00,0.00,0.00,1
14.830,1.0664,0.8567,0.1719,-0.0253,0.5547,0.0700,-5.50,6.71,0.6133,-1.0742,10.0352,0.6133,-0.0456,0.00,0.00,0.00,1
14.851,0.9297,1.0159,-0.2500,-0.0626,0.2891,0.2530,-5.49,6.71,0.0000,-1.1484,9.5781,0.0000,0.0433,0.00,0.00,0.00,1
14.869,0.1953,0.9327,0.1719,-0.0820,-0.7930,0.1766,-5.46,6.71,-0.7266,-0.7266,8.5039,-0.7266,-0.1298,0.00,0.00,0.00,1
14.881,0.1953,0.8194,0.1719,-0.0430,-0.7930,0.0277,-5.45,6.70,-0.4219,-0.8828,9.3086,-0.4219,-0.1971,0.00,0.00,0.00,1
14.899,0.6016,0.6996,-0.1055,-0.0254,-0.3711,-0.0545,-5.42,6.70,-0.3047,-0.9961,8.9258,-0.3047,-0.2478,0.00,0.00,0.00,1
14.922,0.9297,0.7166,0.0000,-0.0365,0.0898,-0.0916,-5.39,6.65,0.3437,-0.8438,10.3477,0.3437,-0.1453,0.00,0.00,0.00,1
14.932,1.2266,0.7731,0.0391,-0.0277,1.0469,0.0128,-5.38,6.65,0.3437,-0.8438,10.3477,0.3437,-0.0702,0.00,0.00,0.00,1
14.953,1.1133,0.9103,-0.2344,-0.0470,0.3945,0.2651,-5.35,6.66,-0.3437,-0.9180,8.8477,-0.3437,-0.0071,0.00,0.00,0.00,1
14.971,0.5312,0.8390,-0.0430,-0.0578,-0.4492,0.1151,-5.33,6.65,-0.0391,-0.6914,9.6523,-0.0391,-0.0782,0.00,0.00,0.00,1
14.983,0.8281,0.8165,0.1836,-0.0197,0.3555,0.1138,-5.32,6.65,-0.8828,-1.0742,8.0117,-0.8828,-0.1371,0.00,0.00,0.00,1
15.001,-0.0234,0.6313,-0.2070,-0.0485,-1.2891,-0.1816,-5.30,6.62,0.0391,-0.4609,9.9219,0.0391,-0.2748,0.00,0.00,0.00,1
15.020,0.8828,0.6462,0.4062,0.0423,0.6250,-0.0721,-5.28,6.60,0.1523,-0.9570,9.5039,0.1523,-0.1767,0.00,0.00,0.00,1
15.040,1.2891,0.7793,-0.2891,0.0097,0.7773,0.0919,-5.25,6.60,0.4609,-1.1484,10.0703,0.4609,0.0038,0.00,0.00,0.00,1
15.051,1.2891,0.8576,-0.2891,-0.0362,0.7773,0.1971,-5.25,6.61,-0.0391,-0.7656,9.0781,-0.0391,0.0340,0.00,0.00,0.00,1
15.068,0.8125,0.8631,0.0156,-0.0201,0.4727,0.1678,-5.22,6.58,0.0000,-0.8438,9.7656,0.0000,0.0177,0.00,0.00,0.00,1
15.088,-0.1133,0.7747,0.0156,-0.0099,-1.1367,0.1255,-5.20,6.57,-0.9180,-0.8438,8.1602,-0.9180,-0.1905,0.00,0.00,0.00,1
15.102,0.6367,0.6382,0.0469,-0.0018,0.1562,-0.0504,-5.19,6.55,-0.1523,-0.8047,9.4609,-0.1523,-0.1820,0.00,0.00,0.00,1
15.120,0.6367,0.6378,0.1602,0.0211,0.5391,0.0388,-5.18,6.55,-0.1523,-0.6914,9.8437,-0.1523,-0.1736,0.00,0.00,0.00,1
15.140,0.7422,0.6608,-0.1836,-0.0076,-0.0742,0.0736,-5.16,6.52,0.0391,-0.8047,9.4258,0.0391,-0.1215,0.00,0.00,0.00,1
15.160,1.1875,0.7385,0.1172,0.0034,0.8867,0.1391,-5.14,6.47,0.4219,-0.7266,10.1875,0.4219,0.0180,0.00,0.00,0.00,1
15.171,1.1875,0.8378,0.1172,0.0286,0.8789,0.3033,-5.14,6.44,-0.7656,-0.8438,8.0117,-0.7656,0.0124,0.00,0.00,0.00,1
15.190,-0.0078,0.6725,0.0000,0.0278,-1.3047,-0.0167,-5.11,6.39,-0.0781,-0.7656,9.8086,-0.0781,-0.1533,0.00,0.00,0.00,1
15.209,0.0508,0.5836,-0.2305,0.0158,-0.7227,-0.0410,-5.10,6.39,-0.6914,-1.0742,8.5820,-0.6914,-0.2634,0.00,0.00,0.00,1
15.221,0.0508,0.5018,-0.2305,-0.0220,-0.7227,-0.1457,-5.09,6.37,-0.2305,-0.9180,8.9258,-0.2305,-0.2923,0.00,0.00,0.00,1
15.240,0.6211,0.4875,0.1094,-0.0357,0.4180,-0.1811,-5.08,6.34,-0.1133,-0.7266,9.7305,-0.1133,-0.2453,0.00,0.00,0.00,1
15.259,1.3789,0.5860,-0.1211,-0.0130,0.7617,0.0163,-5.06,6.30,0.6523,-0.9570,10.0742,0.6523,-0.0384,0.00,0.00,0.00,1
15.272,0.1445,0.6627,0.2539,-0.0069,-0.3867,0.0894,-5.04,6.28,-0.5742,-0.5742,8.9219,-0.5742,-0.1570,0.00,0.00,0.00,1
15.290,0.7109,0.5611,0.0234,0.0486,0.3398,0.0125,-5.04,6.26,0.0000,-0.8047,9.6523,0.0000,-0.1482,0.00,0.00,0.00,1
15.310,0.2969,0.5205,-0.2812,-0.0274,-0.2344,-0.0030,-5.01,6.25,-0.7656,-0.7656,8.5820,-0.7656,-0.2690,0.00,0.00,0.00,1
15.323,-0.0547,0.4581,0.0625,-0.0389,-0.7305,-0.0782,-5.01,6.24,-0.7656,-0.7656,8.5820,-0.7656,-0.3453,0.00,0.00,0.00,1
15.342,0.4258,0.3571,-0.1758,-0.0409,-0.2344,-0.2244,-4.99,6.19,0.1523,-0.7656,9.8086,0.1523,-0.3141,0.00,0.00,0.00,1
15.360,0.8398,0.4682,0.0547,-0.0282,0.4961,-0.0656,-4.97,6.16,0.1523,-0.6523,9.5820,0.1523,-0.1818,0.00,0.00,0.00,1
15.379,0.9922,0.6055,0.0547,0.0231,0.6875,0.0943,-4.96,6.15,0.3047,-0.7656,10.0039,0.3047,-0.0342,0.00,0.00,0.00,1
15.391,0.9922,0.6649,0.0547,0.0280,0.6875,0.1854,-4.95,6.16,0.0781,-1.1484,9.3828,0.0781,-0.0003,0.00,0.00,0.00,1
15.409,0.0195,0.6509,0.1992,-0.0293,-0.6172,0.1273,-4.94,6.14,-0.6523,-0.6133,8.6953,-0.6523,-0.1352,0.00,0.00,0.00,1
15.429,0.3203,0.4959,-0.1055,0.0111,-0.0430,-0.0379,-4.92,6.10,-0.3437,-0.9180,9.2656,-0.3437,-0.2136,0.00,0.00,0.00,1
15.442,0.0898,0.4505,-0.0703,-0.0040,-0.6562,-0.0877,-4.92,6.10,-0.5742,-0.8828,8.6562,-0.5742,-0.2690,0.00,0.00,0.00,1
15.459,0.7617,0.4020,0.1914,-0.0018,0.3398,-0.1693,-4.90,6.04,0.1133,-0.6133,9.6484,0.1133,-0.2034,0.00,0.00,0.00,1
15.481,1.0313,0.6200,0.0000,0.0199,0.7617,0.1508,-4.89,6.05,0.3047,-0.9961,9.9258,0.3047,0.0211,0.00,0.00,0.00,1
15.493,0.9453,0.6763,-0.1914,0.0016,0.6094,0.2324,-4.88,6.04,0.3047,-0.9961,9.9258,0.3047,0.0647,0.00,0.00,0.00,1
15.513,0.4023,0.6846,0.1133,-0.0174,-0.3164,0.2187,-4.86,6.01,0.0781,-0.7656,9.5391,0.0781,0.0194,0.00,0.00,0.00,1
15.530,0.7031,0.6711,0.0391,0.0032,0.2187,0.1854,-4.85,5.99,-1.1484,-0.8438,7.9687,-1.1484,-0.0621,0.00,0.00,0.00,1
15.549,0.6953,0.4301,0.1836,0.0095,0.4883,-0.1014,-4.84,5.95,0.0781,-0.6133,9.8047,0.0781,-0.1610,0.00,0.00,0.00,1
15.561,0.6953,0.4708,0.1836,0.0362,0.4883,-0.0108,-4.84,5.96,-0.1133,-0.8047,9.8437,-0.1133,-0.1396,0.00,0.00,0.00,1
15.579,0.9141,0.5259,-0.1211,0.0231,0.1406,0.1387,-4.82,5.95,0.3047,-0.9180,9.4609,0.3047,-0.0381,0.00,0.00,0.00,1
15.599,0.4492,0.5988,-0.0859,-0.0150,0.0273,0.1302,-4.81,5.93,-0.1523,-0.8828,9.3477,-0.1523,-0.0420,0.00,0.00,0.00,1
15.612,0.8984,0.6118,0.1445,-0.0074,0.8711,0.1819,-4.81,5.93,0.3047,-0.6523,10.1875,0.3047,0.0112,0.00,0.00,0.00,1
15.629,-0.5156,0.5799,-0.0547,0.0197,-1.4297,0.1933,-4.79,5.90,-1.1094,-0.8438,7.8945,-1.1094,-0.2185,0.00,0.00,0.00,1
15.652,0.3164,0.3342,0.2148,0.0358,0.2930,-0.0954,-4.79,5.89,-0.1914,-0.6914,9.1602,-0.1914,-0.2778,0.00,0.00,0.00,1
15.663,0.3945,0.3377,0.0977,0.0539,-0.1641,-0.0723,-4.78,5.88,-0.1914,-0.6914,9.1602,-0.1914,-0.2645,0.00,0.00,0.00,1
15.683,0.4648,0.3679,-0.0547,0.0454,0.2578,-0.0388,-4.77,5.86,0.1133,-0.8047,9.3828,0.1133,-0.1993,0.00,0.00,0.00,1
15.701,0.6836,0.4438,-0.0156,0.0257,0.0664,0.0030,-4.77,5.83,0.4961,-0.6914,10.3828,0.4961,-0.0800,0.00,0.00,0.00,1
15.714,1.0664,0.5557,0.0977,0.0339,1.0625,0.1700,-4.77,5.83,-0.9180,-0.8438,7.9727,-0.9180,-0.0657,0.00,0.00,0.00,1
15.731,-0.3555,0.3858,-0.0547,0.0183,-1.3516,-0.1111,-4.75,5.82,-0.0781,-0.6914,9.8828,-0.0781,-0.2402,0.00,0.00,0.00,1
15.750,0.2500,0.3416,-0.0156,0.0222,-0.5469,-0.1281,-4.76,5.82,-0.3047,-0.8047,8.7773,-0.3047,-0.2290,0.00,0.00,0.00,1
15.770,0.4687,0.3331,-0.0156,0.0115,0.2930,-0.1797,-4.76,5.66,-0.0781,-0.8047,9.6133,-0.0781,-0.2003,0.00,0.00,0.00,1
15.782,0.4687,0.3540,-0.0156,0.0073,0.2930,-0.1071,-4.75,5.61,0.0391,-0.5352,9.5430,0.0391,-0.1722,0.00,0.00,0.00,1
15.799,1.0352,0.4607,-0.0156,0.0544,0.7148,0.0480,-4.75,5.53,0.4961,-0.8047,10.0352,0.4961,0.0010,0.00,0.00,0.00,1
15.823,-0.4258,0.4321,0.0898,0.0467,-1.2383,-0.0247,-4.75,5.45,-0.1133,-0.7656,9.8086,-0.1133,-0.1748,0.00,0.00,0.00,1
15.833,0.4180,0.3679,0.0156,0.0474,0.4883,-0.0730,-4.75,5.41,-0.1133,-0.7656,9.8086,-0.1133,-0.1654,0.00,0.00,0.00,1
15.853,-0.0898,0.3069,-0.0234,0.0306,-0.7383,-0.0700,-4.76,5.34,0.0391,-0.9180,9.4219,0.0391,-0.2372,0.00,0.00,0.00,1
