t_s,lin_ax_raw_mps2,lin_ax_filt_mps2,lin_ay_raw_mps2,lin_ay_filt_mps2,lin_az_raw_mps2,lin_az_filt_mps2,roll_deg,pitch_deg,raw_ax_mps2,raw_ay_mps2,raw_az_mps2,bike_long_acc_raw_mps2,bike_long_acc_filt_mps2,speed_kmh,hall_f_hz,hall_r_hz,gps_fix
0.003,0.0820,-0.2702,-0.1797,-0.0036,-0.1719,-0.1395,-3.58,1.17,-0.1133,-0.7656,9.1992,0.0763,0.0763,40.74,0.00,0.00,1
0.026,0.6172,0.0203,0.3164,0.0668,0.8984,0.1513,-3.57,1.15,0.2695,-0.5742,10.1875,0.4554,0.2737,40.74,0.00,0.00,1
0.037,0.4648,0.0998,0.0117,0.0807,0.8242,0.2601,-3.57,1.15,0.2695,-0.5742,10.1875,0.4559,0.3017,40.74,0.00,0.00,1
0.056,0.4648,0.2242,-0.3711,-0.0016,0.2852,0.3696,-3.57,1.17,-0.6523,-0.4219,8.7344,-0.4633,0.2814,40.74,0.00,0.00,1
0.075,-0.4570,0.0884,0.1641,0.0121,-0.6328,0.1425,-3.57,1.16,-0.2695,-0.4961,9.4648,-0.0810,0.1009,40.74,0.00,0.00,1
0.093,-0.8398,-0.0502,-0.1875,0.0190,-1.4766,-0.0414,-3.56,1.15,-1.0352,-0.7656,7.8945,-0.8487,-0.1307,40.74,0.00,0.00,1
0.105,-0.8398,-0.1715,-0.1875,-0.0127,-1.4766,-0.2618,-3.55,1.13,0.0000,-0.2305,10.2266,0.1832,-0.1586,40.74,0.00,0.00,1
0.124,-0.0430,-0.1264,-0.1484,0.0398,0.0195,-0.0806,-3.55,1.12,-0.2305,-0.7266,9.3828,-0.0489,-0.0931,40.74,0.00,0.00,1
0.142,-0.2266,-0.1174,0.0039,-0.0014,-0.5547,-0.0982,-3.54,1.15,-0.4219,-0.5742,8.8125,-0.2365,-0.1220,40.74,0.00,0.00,1
0.156,0.2344,-0.1047,0.2344,0.0182,0.4023,-0.1226,-3.54,1.15,0.0391,-0.3437,9.7656,0.2244,-0.0453,40.74,0.00,0.00,1
0.174,0.3867,0.0231,-0.1133,0.0641,0.4023,0.0563,-3.54,1.17,0.1914,-0.6914,9.7656,0.3805,0.0811,40.74,0.00,0.00,1
0.196,-0.1094,0.0708,0.3086,0.0684,-0.1719,0.0861,-3.53,1.16,0.0781,-0.5352,9.6484,0.2662,0.0730,40.74,0.00,0.00,1
0.207,0.2734,0.0738,0.0430,0.0841,0.2852,0.0830,-3.53,1.17,0.0781,-0.5352,9.6484,0.2678,0.1029,40.74,0.00,0.00,1
0.226,0.3086,0.1473,-0.2656,0.0227,0.6680,0.2107,-3.54,1.18,-0.5352,-0.4609,8.4648,-0.3439,0.1177,40.74,0.00,0.00,1
0.244,-0.3398,0.0495,0.1172,0.0256,-0.9023,-0.0071,-3.53,1.17,-0.3047,-0.4219,9.4648,-0.1155,0.0049,40.74,0.00,0.00,1
0.263,-0.6562,-0.0616,-0.1484,0.0435,-0.9766,-0.1154,-3.53,1.15,-0.8438,-0.7266,8.3945,-0.6573,-0.1561,40.74,0.00,0.00,1
0.275,-0.6562,-0.1530,-0.1484,0.0141,-0.9766,-0.2477,-3.52,1.14,0.1914,-0.3828,9.9258,0.3763,-0.1505,40.74,0.00,0.00,1
0.294,-0.0430,-0.0647,0.1953,0.0561,0.5937,-0.0588,-3.53,1.13,-0.2305,-0.3828,9.9609,-0.0478,-0.0649,40.74,0.00,0.00,1
0.314,0.0352,-0.0523,-0.3398,0.0528,-0.4414,0.0435,-3.53,1.15,-0.1523,-0.9180,8.9219,0.0341,-0.0418,40.74,0.00,0.00,1
0.326,0.0352,-0.0389,-0.3398,-0.0075,-0.4414,-0.0310,-3.53,1.16,-0.0391,-0.3437,9.7656,0.1479,-0.0210,40.74,0.00,0.00,1
0.344,0.3867,0.0376,0.0820,0.0299,0.5937,0.0837,-3.53,1.16,0.1914,-0.4961,9.9609,0.3784,0.0875,40.74,0.00,0.00,1
0.367,-0.7305,-0.0150,-0.0352,0.0296,-1.2773,-0.0298,-3.53,1.13,0.0391,-0.4609,9.9648,0.2218,-0.0524,40.74,0.00,0.00,1
0.377,0.2266,-0.0483,0.1172,0.0319,0.6016,-0.0711,-3.53,1.12,0.0391,-0.4609,9.9648,0.2207,-0.0105,40.74,0.00,0.00,1
0.397,-0.3086,-0.0368,-0.1133,0.0256,-0.2031,0.0346,-3.53,1.13,-0.6133,-0.6133,8.3516,-0.4300,-0.0926,40.74,0.00,0.00,1
0.415,-0.4258,-0.1398,-0.0352,0.0035,-1.0078,-0.2109,-3.54,1.14,-0.3047,-0.6133,9.5000,-0.1198,-0.1634,40.74,0.00,0.00,1
0.428,-0.1172,-0.1557,-0.0352,-0.0051,0.1406,-0.2109,-3.53,1.14,0.6133,-0.3437,10.4531,0.7976,-0.0804,40.74,0.00,0.00,1
0.445,0.8008,0.0584,0.2344,0.0460,1.0977,0.1006,-3.53,1.14,-0.6133,-0.6523,8.5430,-0.4290,0.0705,40.74,0.00,0.00,1
0.465,0.3398,0.0249,0.0039,0.0290,0.5625,0.0080,-3.53,1.12,0.1523,-0.5742,9.9258,0.3329,0.0686,40.74,0.00,0.00,1
0.483,-0.5781,0.0588,-0.1133,0.0111,-0.3203,0.1264,-3.54,1.13,-0.7656,-0.6914,9.0430,-0.5835,-0.0442,40.74,0.00,0.00,1
0.496,-0.5781,-0.0390,-0.1133,-0.0080,-0.3203,0.0578,-3.53,1.13,-0.7266,-0.5742,8.2734,-0.5433,-0.1237,40.74,0.00,0.00,1
0.513,-0.1172,-0.1780,-0.0352,-0.0138,0.0273,-0.1992,-3.54,1.13,-0.3047,-0.6133,9.3828,-0.1220,-0.1734,40.74,0.00,0.00,1
0.537,0.7227,-0.0283,0.2734,0.0263,0.9063,0.0130,-3.54,1.12,-0.4219,-0.6914,8.7773,-0.2408,0.0052,40.74,0.00,0.00,1
0.547,-0.2422,0.0099,-0.1133,0.0333,-0.5859,0.0309,-3.54,1.11,-0.4219,-0.6914,8.7773,-0.2424,-0.0328,40.74,0.00,0.00,1
0.567,0.1875,-0.0100,-0.0742,-0.0106,0.6758,0.0144,-3.53,1.12,-0.4961,-0.7266,8.9648,-0.3155,-0.0243,40.74,0.00,0.00,1
0.584,-0.3008,-0.0621,-0.1484,-0.0451,-0.3945,-0.0349,-3.54,1.12,-0.8828,-0.4961,8.6602,-0.7017,-0.1377,40.74,0.00,0.00,1
0.604,-0.0039,-0.1607,-0.1484,-0.0418,-0.2812,-0.1714,-3.54,1.12,-0.1914,-0.7266,9.0781,-0.0103,-0.1914,40.74,0.00,0.00,1
0.615,-0.0039,-0.1366,-0.1484,-0.0582,-0.2812,-0.1883,-3.53,1.10,0.3828,-0.4219,10.3086,0.5607,-0.1182,40.74,0.00,0.00,1
0.634,0.5703,0.0281,0.1562,-0.0164,0.9453,0.0568,-3.54,1.11,-0.3047,-0.5742,8.8867,-0.1252,0.0198,40.74,0.00,0.00,1
0.653,0.2266,0.0455,-0.1484,-0.0129,0.7539,0.0557,-3.53,1.12,0.0391,-0.7266,10.1094,0.2197,0.0465,40.74,0.00,0.00,1
0.666,0.2266,0.0733,-0.1484,-0.0337,0.7539,0.1629,-3.53,1.12,-0.3828,-0.6914,9.0781,-0.2022,0.0394,40.74,0.00,0.00,1
0.684,-0.6562,-0.0310,0.0430,-0.0504,-0.8164,0.0280,-3.54,1.13,-0.8438,-0.5352,8.5430,-0.6615,-0.1446,40.74,0.00,0.00,1
0.704,-0.2344,-0.1746,-0.0742,-0.0333,-0.3555,-0.1746,-3.53,1.12,-0.4219,-0.6523,9.0000,-0.2413,-0.1983,40.74,0.00,0.00,1
0.717,0.8086,-0.1044,0.2344,-0.0176,1.1367,-0.0953,-3.54,1.13,0.6133,-0.3437,10.4922,0.7955,0.0215,40.74,0.00,0.00,1
0.734,-0.4961,0.0502,-0.0742,0.0291,-0.8164,0.0979,-3.53,1.12,-0.6914,-0.6523,8.5391,-0.5098,-0.0477,40.74,0.00,0.00,1
0.755,0.1875,0.0465,-0.1484,-0.0166,0.4102,0.1100,-3.53,1.12,-0.9961,-0.4609,8.4219,-0.8144,-0.0623,40.74,0.00,0.00,1
0.774,-0.8008,-0.1322,0.1172,0.0048,-0.9336,-0.1022,-3.53,1.13,-0.1914,-0.7266,9.1172,-0.0081,-0.2109,40.74,0.00,0.00,1
0.787,0.0039,-0.1566,-0.1484,-0.0111,-0.2422,-0.1800,-3.53,1.13,0.0781,-0.4609,9.8477,0.2614,-0.1445,40.74,0.00,0.00,1
0.805,0.2656,-0.0531,0.1172,0.0087,0.4844,-0.0369,-3.53,1.11,0.4609,-0.3828,10.1914,0.6410,0.0006,40.74,0.00,0.00,1
0.823,-0.7305,0.0538,-0.1484,0.0404,-1.2773,0.0707,-3.53,1.12,-0.9180,-0.7266,8.0820,-0.7368,-0.0858,40.74,0.00,0.00,1
0.836,-0.7305,-0.0667,-0.1484,0.0114,-1.2773,-0.1364,-3.53,1.11,-0.0781,-0.5742,9.7266,0.1020,-0.1188,40.74,0.00,0.00,1
0.854,-0.5312,-0.1044,0.0039,0.0001,-0.4727,-0.1253,-3.53,1.13,-0.7266,-0.5742,8.8828,-0.5438,-0.1861,40.74,0.00,0.00,1
0.874,-0.3398,-0.2102,-0.1133,-0.0082,-0.8164,-0.2513,-3.53,1.13,-0.5352,-0.6914,8.5391,-0.3524,-0.2451,40.74,0.00,0.00,1
0.887,0.1094,-0.2029,0.1172,-0.0130,0.2930,-0.2876,-3.53,1.12,-0.0781,-0.4609,9.6484,0.1036,-0.1679,40.74,0.00,0.00,1
0.904,0.5312,-0.0806,0.0820,0.0211,0.6016,-0.0983,-3.53,1.13,0.3437,-0.4961,9.9648,0.5265,0.0026,40.74,0.00,0.00,1
0.926,-0.2266,0.0116,0.0430,0.0359,-0.4336,-0.0187,-3.53,1.13,0.0391,-0.4219,10.1875,0.2218,0.0010,40.74,0.00,0.00,1
0.944,0.2344,0.0461,0.1562,0.0630,0.8398,0.1455,-3.54,1.14,-0.3828,-0.8828,9.0039,-0.1979,0.0307,40.74,0.00,0.00,1
0.957,-0.1875,0.0229,-0.3047,0.0128,-0.3477,0.1167,-3.54,1.14,-0.8047,-0.5352,8.4258,-0.6198,-0.0537,40.74,0.00,0.00,1
0.974,-0.6094,-0.1301,0.0430,-0.0003,-0.9258,-0.1429,-3.54,1.14,-0.4219,-0.4609,9.2266,-0.2381,-0.1838,40.74,0.00,0.00,1
0.994,0.2344,-0.1497,-0.0742,0.0202,-0.0039,-0.1722,-3.54,1.14,0.0391,-0.6523,9.3477,0.2239,-0.1002,40.74,0.00,0.00,1
1.006,0.2344,-0.0907,-0.0742,0.0057,-0.0039,-0.1464,-3.53,1.15,0.2305,-0.3437,10.0000,0.4164,-0.0349,40.74,0.00,0.00,1
1.025,0.4727,0.0782,0.0430,0.0507,0.6484,0.0872,-3.54,1.17,0.2695,-0.5352,10.0039,0.4587,0.1279,40.74,0.00,0.00,1
1.044,0.4336,0.1869,-0.3398,0.0178,0.4922,0.2339,-3.54,1.17,0.2305,-0.9180,9.8437,0.4196,0.2131,40.74,0.00,0.00,1
1.057,-0.4492,0.1709,0.2344,-0.0154,-0.6562,0.1992,-3.55,1.17,-0.6523,-0.3437,8.6953,-0.4627,0.0635,40.74,0.00,0.00,1
1.074,-0.1797,-0.0189,0.0430,0.0545,-0.1562,-0.0525,-3.54,1.15,-0.3828,-0.5352,9.1953,-0.1974,-0.0574,40.74,0.00,0.00,1
1.097,-0.5625,-0.1325,-0.1484,0.0211,-0.7695,-0.1820,-3.54,1.17,0.1523,-0.3047,9.9258,0.3415,-0.1391,40.74,0.00,0.00,1
1.108,0.3555,-0.1252,0.2734,0.0288,0.5703,-0.1651,-3.54,1.17,0.1523,-0.3047,9.9258,0.3415,-0.0653,40.74,0.00,0.00,1
1.127,0.3945,0.0447,-0.1133,0.0528,0.4570,0.0682,-3.55,1.18,0.3828,-0.6914,10.1133,0.5741,0.1007,40.74,0.00,0.00,1
1.144,0.5859,0.1863,-0.1133,0.0057,0.7617,0.2459,-3.55,1.18,-0.0781,-0.4961,9.1211,0.1132,0.1982,40.74,0.00,0.00,1
1.164,0.2031,0.1981,0.0820,0.0205,0.4180,0.1915,-3.56,1.17,0.0000,-0.4961,9.7656,0.1892,0.1860,40.74,0.00,0.00,1
1.176,0.2031,0.1988,0.0820,0.0300,0.4180,0.2262,-3.56,1.18,-1.2656,-0.6914,7.6992,-1.0738,0.0856,40.74,0.00,0.00,1
1.194,0.0508,-0.0696,0.0820,0.0080,0.6836,-0.1087,-3.56,1.18,-0.1523,-0.4961,10.0312,0.0395,-0.0632,40.74,0.00,0.00,1
1.214,0.0195,-0.0295,-0.2187,0.0107,-0.1211,0.0971,-3.57,1.21,-0.1914,-0.8047,9.2305,0.0053,-0.0355,40.74,0.00,0.00,1
1.227,-0.4023,-0.0524,0.0898,-0.0154,-0.6172,0.0091,-3.57,1.21,-0.6133,-0.4961,8.7383,-0.4166,-0.1199,40.74,0.00,0.00,1
1.244,0.0117,-0.1386,0.0508,0.0174,-0.0820,-0.1616,-3.57,1.20,-0.1914,-0.5352,9.2695,0.0031,-0.1280,40.74,0.00,0.00,1
1.266,0.7383,0.0243,0.0898,0.0348,0.9922,0.0305,-3.58,1.19,-0.4961,-0.4609,8.7773,-0.3037,0.0396,40.74,0.00,0.00,1
1.278,-0.2930,0.0514,0.1250,0.0460,-0.5781,0.0526,-3.58,1.19,-0.4961,-0.4609,8.7773,-0.3037,-0.0131,40.74,0.00,0.00,1
1.297,0.1641,0.0042,0.0508,0.0616,0.7617,0.0434,-3.58,1.20,-0.4219,-0.9570,8.8437,-0.2279,-0.0130,40.74,0.00,0.00,1
1.315,-0.2187,-0.0352,-0.3711,-0.0349,-0.5039,-0.0330,-3.58,1.20,-0.9570,-0.4219,8.4609,-0.7619,-0.1164,40.74,0.00,0.00,1
1.336,-0.1797,-0.2036,-0.0664,-0.0162,-0.2734,-0.2530,-3.59,1.19,-0.3828,-0.6523,9.0820,-0.1899,-0.2096,40.74,0.00,0.00,1
1.346,-0.1797,-0.1999,-0.0664,-0.0239,-0.2734,-0.2562,-3.59,1.18,0.1914,-0.6133,9.8828,0.3833,-0.1608,40.74,0.00,0.00,1
1.366,0.3164,-0.0364,0.2031,-0.0089,0.3398,-0.0492,-3.59,1.17,0.1133,-0.3828,9.6914,0.3035,0.0069,40.74,0.00,0.00,1
1.384,0.5078,0.0992,-0.0664,0.0418,0.6484,0.1081,-3.59,1.18,0.3047,-0.6523,10.0000,0.4955,0.1503,40.74,0.00,0.00,1
1.397,0.5078,0.1619,-0.0664,0.0252,0.6484,0.1911,-3.59,1.19,0.0781,-0.7656,9.7695,0.2716,0.1856,40.74,0.00,0.00,1
1.414,-0.4492,0.1572,0.2031,-0.0075,-0.8867,0.1773,-3.60,1.19,-0.6523,-0.3828,8.4648,-0.4594,0.0532,40.74,0.00,0.00,1
1.437,-0.3398,-0.0328,-0.0664,0.0229,-0.1562,-0.0732,-3.60,1.17,-0.4961,-0.6523,8.8477,-0.3069,-0.0862,40.74,0.00,0.00,1
1.448,-0.3008,-0.0768,-0.0664,0.0092,-0.5039,-0.1138,-3.60,1.17,-0.4961,-0.6523,8.8477,-0.3069,-0.1201,40.74,0.00,0.00,1
1.465,0.6172,-0.0669,0.2422,0.0124,0.7617,-0.1232,-3.61,1.16,0.4219,-0.3437,10.1133,0.6100,0.0299,40.74,0.00,0.00,1
1.485,0.5859,0.1594,0.1250,0.0648,1.2227,0.2805,-3.61,1.18,0.1523,-1.0742,9.3086,0.3436,0.1967,40.74,0.00,0.00,1
1.506,-0.4883,0.1720,0.3164,-0.0242,-0.3867,0.2153,-3.61,1.18,-0.6914,-0.2695,8.9609,-0.5001,0.0601,40.74,0.00,0.00,1
1.517,-0.4961,0.0246,0.3242,0.0524,-0.3867,0.0820,-3.61,1.16,-0.3828,-0.6523,9.1953,-0.1942,-0.0398,40.74,0.00,0.00,1
1.535,-0.1875,-0.0547,-0.0664,0.0430,-0.1562,0.0001,-3.62,1.17,-0.8438,-0.8047,8.4609,-0.6546,-0.1205,40.74,0.00,0.00,1
1.554,0.4648,-0.1417,0.2891,0.0047,0.7695,-0.1279,-3.62,1.17,0.2695,-0.3047,10.1133,0.4587,-0.0560,40.74,0.00,0.00,1
1.567,0.4648,-0.0485,0.2891,0.0484,0.7695,0.0100,-3.62,1.18,0.2305,-0.8047,9.6914,0.4223,0.0204,40.74,0.00,0.00,1
1.584,0.5000,0.1214,-0.0195,0.0040,0.6484,0.1717,-3.62,1.18,0.3047,-0.6133,10.0000,0.4966,0.1738,40.74,0.00,0.00,1
1.608,0.0039,0.1742,0.0117,0.0007,-0.3125,0.1867,-3.62,1.17,-0.0781,-0.4961,9.8867,0.1111,0.1516,40.74,0.00,0.00,1
1.618,0.1172,0.1571,0.0898,0.0087,0.5312,0.1775,-3.62,1.17,-0.0781,-0.4961,9.8867,0.1111,0.1454,40.74,0.00,0.00,1
1.635,-0.9453,0.0608,-0.2266,0.0064,-1.5742,0.1094,-3.62,1.19,-1.1484,-0.8047,7.7734,-0.9555,-0.1003,40.74,0.00,0.00,1
1.655,0.0898,0.0046,0.1953,0.0337,0.6484,0.1238,-3.61,1.20,-0.3437,-0.6914,9.3086,-0.1487,-0.0674,40.74,0.00,0.00,1
1.675,-0.1406,-0.0223,-0.1055,0.0130,-0.0430,0.1196,-3.61,1.20,-0.3828,-0.6133,9.0820,-0.1877,-0.0935,40.74,0.00,0.00,1
1.687,-0.1797,-0.0545,-0.0273,-0.0013,-0.2734,0.0482,-3.61,1.21,-0.0781,-0.4219,9.5391,0.1180,-0.0897,40.74,0.00,0.00,1
1.706,0.1250,-0.0225,0.1562,0.0320,0.1875,0.0590,-3.60,1.19,0.5352,-0.5742,10.2266,0.7281,0.0174,40.74,0.00,0.00,1
1.724,-0.4102,0.1098,0.0039,0.0311,-0.8945,0.1546,-3.59,1.20,-0.6133,-0.5742,8.4609,-0.4182,0.0062,40.74,0.00,0.00,1
1.737,-0.4102,0.0299,0.0039,0.0270,-0.8945,-0.0065,-3.59,1.19,-0.1523,-0.3437,10.1484,0.0412,-0.0224,40.74,0.00,0.00,1
1.754,0.0117,0.0075,-0.3398,0.0385,-0.2031,0.0896,-3.59,1.22,-0.1914,-0.9180,9.1562,0.0064,-0.0082,40.74,0.00,0.00,1
1.774,-0.7539,-0.0525,0.1562,-0.0291,-1.1250,-0.0671,-3.59,1.22,-0.9570,-0.4219,8.2344,-0.7592,-0.1735,40.74,0.00,0.00,1
1.788,-0.2187,-0.1650,-0.0352,-0.0034,-0.2422,-0.2306,-3.59,1.21,-0.4219,-0.6133,9.1172,-0.2257,-0.1849,40.74,0.00,0.00,1
1.806,0.0898,-0.1555,-0.1484,-0.0215,0.1406,-0.2033,-3.59,1.19,-0.1133,-0.7266,9.5039,0.0803,-0.1288,40.74,0.00,0.00,1
1.827,0.5000,-0.0089,0.0430,-0.0353,0.6016,-0.0152,-3.59,1.17,0.2305,-0.4961,10.4180,0.4197,0.0539,40.74,0.00,0.00,1
1.846,0.4258,0.1190,0.0820,-0.0045,1.0586,0.2608,-3.59,1.19,0.3437,-1.1484,9.3828,0.5373,0.1676,40.74,0.00,0.00,1
1.857,0.5469,0.2055,-0.5703,-0.0855,0.0273,0.2790,-3.59,1.19,-0.5742,-0.2305,9.1953,-0.3806,0.1760,40.74,0.00,0.00,1
1.875,-0.3711,0.0992,0.3477,-0.0199,-0.1641,0.1653,-3.59,1.19,-0.2695,-0.6914,9.0000,-0.0765,0.0425,40.74,0.00,0.00,1
1.895,-0.9531,-0.0457,-0.1484,-0.0281,-1.2773,-0.0750,-3.58,1.17,-1.1484,-0.7266,8.0781,-0.9581,-0.1930,40.74,0.00,0.00,1
1.907,-0.9531,-0.1851,-0.1484,-0.0466,-1.2773,-0.2597,-3.58,1.17,0.2305,-0.3437,10.1133,0.4192,-0.2004,40.74,0.00,0.00,1
1.924,0.1094,-0.0812,-0.0742,0.0026,0.5625,-0.0459,-3.58,1.15,-0.0781,-0.6523,9.9219,0.1080,-0.0582,40.74,0.00,0.00,1
1.944,-0.1875,-0.0509,-0.1484,-0.0251,-0.5859,0.0348,-3.58,1.17,-0.3828,-0.7266,8.7773,-0.1930,-0.0776,40.74,0.00,0.00,1
1.958,-0.1875,-0.0719,-0.1484,-0.0441,-0.5859,-0.0606,-3.58,1.17,-0.1914,-0.4609,9.4258,-0.0016,-0.0800,40.74,0.00,0.00,1
1.975,0.6172,-0.0079,0.0039,-0.0134,0.9063,0.0117,-3.58,1.19,0.4219,-0.5742,10.2656,0.6144,0.0829,40.74,0.00,0.00,1
1.997,-0.4570,0.0402,0.0039,-0.0075,-0.9336,0.0341,-3.56,1.17,-0.1133,-0.4219,9.9258,0.0766,0.0019,40.74,0.00,0.00,1
2.015,0.0820,0.0185,0.1562,0.0295,0.5625,0.0908,-3.57,1.17,-0.2305,-0.9180,9.2266,-0.0417,0.0136,40.74,0.00,0.00,1
2.027,-0.0352,0.0145,-0.3398,-0.0187,-0.1289,0.0890,-3.56,1.18,-0.8828,-0.3828,8.2773,-0.6919,-0.0503,40.74,0.00,0.00,1
2.045,-0.6875,-0.1439,0.1953,0.0087,-1.0859,-0.1846,-3.55,1.18,-0.3828,-0.6133,9.1211,-0.1914,-0.1921,40.74,0.00,0.00,1
2.065,0.2422,-0.1531,-0.1484,-0.0021,0.3711,-0.2035,-3.55,1.20,0.0391,-0.7266,9.7305,0.2332,-0.0981,40.74,0.00,0.00,1
2.077,0.2422,-0.0924,-0.1484,-0.0246,0.3711,-0.1153,-3.55,1.21,0.1914,-0.3437,9.6875,0.3871,-0.0347,40.74,0.00,0.00,1
2.096,0.4336,0.0680,0.0430,0.0264,0.7539,0.0732,-3.55,1.21,0.2305,-0.5352,10.1133,0.4273,0.1178,40.74,0.00,0.00,1
2.115,0.3945,0.1895,-0.3789,-0.0017,0.2539,0.2653,-3.55,1.22,0.1914,-0.9570,9.6133,0.3893,0.2148,40.74,0.00,0.00,1
2.128,0.3945,0.2210,-0.3789,-0.0596,0.2539,0.2635,-3.54,1.22,-0.6133,-0.3047,8.8164,-0.4159,0.1772,40.74,0.00,0.00,1
2.145,-0.2930,0.0613,0.0039,-0.0050,-0.2422,0.0575,-3.54,1.21,-0.4961,-0.5742,9.1172,-0.3003,0.0006,40.74,0.00,0.00,1
2.163,-0.5625,-0.0607,-0.1953,-0.0184,-0.8164,-0.0734,-3.53,1.23,-0.7656,-0.7656,8.5430,-0.5651,-0.1433,40.74,0.00,0.00,1
2.185,0.4727,-0.0027,0.2656,0.0233,0.6406,-0.0043,-3.54,1.24,0.2695,-0.6133,10.0312,0.4717,0.0658,40.74,0.00,0.00,1
2.204,0.4727,0.1594,-0.1133,0.0143,0.4844,0.2103,-3.54,1.24,0.2695,-0.6914,9.8437,0.4717,0.2040,40.74,0.00,0.00,1
2.216,0.4727,0.2075,-0.1133,-0.0053,0.4844,0.2524,-3.54,1.24,-0.2305,-0.5352,8.8828,-0.0283,0.2051,40.74,0.00,0.00,1
2.236,0.1641,0.1714,0.1094,0.0060,0.4102,0.1307,-3.53,1.24,-0.0391,-0.4609,9.7656,0.1626,0.1677,40.74,0.00,0.00,1
2.247,0.1719,0.1710,0.1172,0.0300,0.4102,0.1925,-3.53,1.26,-1.1484,-0.8047,7.8555,-0.9441,0.0784,40.74,0.00,0.00,1
2.265,-0.9453,-0.0760,-0.2344,-0.0230,-1.5078,-0.1702,-3.52,1.26,0.0391,-0.3828,9.8867,0.2439,-0.1164,40.74,0.00,0.00,1
2.283,-0.2109,-0.0703,0.0352,0.0124,0.2930,-0.0686,-3.52,1.26,-0.4219,-0.5352,9.6523,-0.2170,-0.0952,40.74,0.00,0.00,1
2.298,-0.2109,-0.0919,0.0352,0.0159,0.2930,-0.0131,-3.51,1.27,0.0391,-0.8047,9.2266,0.2460,-0.0768,40.74,0.00,0.00,1
2.316,0.1328,-0.0111,0.1484,-0.0234,0.3242,0.0063,-3.51,1.27,-0.0781,-0.4219,9.6875,0.1284,0.0073,40.74,0.00,0.00,1
2.334,0.6328,0.0697,0.0352,0.0163,0.8242,0.1365,-3.51,1.28,0.4219,-0.5352,10.1875,0.6310,0.1527,40.74,0.00,0.00,1
2.355,-0.6719,-0.0271,-0.1562,-0.0196,-1.3242,-0.1046,-3.50,1.29,-0.0391,-0.4219,9.7695,0.1706,-0.0612,40.74,0.00,0.00,1
2.366,0.1797,-0.0580,0.1484,-0.0162,0.4023,-0.1538,-3.50,1.30,-0.0391,-0.4219,9.7695,0.1733,-0.0252,40.74,0.00,0.00,1
2.386,-0.3164,-0.0867,-0.1562,-0.0275,-0.0586,-0.0662,-3.49,1.31,-0.7266,-0.4961,8.3516,-0.5137,-0.1419,40.74,0.00,0.00,1
2.405,-0.5078,-0.1942,0.0742,-0.0130,-1.0156,-0.2758,-3.49,1.31,-0.3047,-0.6133,9.2695,-0.0918,-0.2134,40.74,0.00,0.00,1
2.417,-0.0937,-0.2000,-0.0508,-0.0129,-0.0977,-0.2986,-3.48,1.30,0.3047,-0.5742,10.0312,0.5171,-0.1379,40.74,0.00,0.00,1
2.436,0.5234,-0.0333,-0.0039,-0.0133,0.6680,-0.0721,-3.48,1.33,-0.0391,-0.4609,9.3477,0.1771,0.0212,40.74,0.00,0.00,1
2.454,0.5312,0.0871,-0.0117,0.0124,0.6328,0.0374,-3.48,1.33,0.3047,-0.5742,10.0039,0.5224,0.1503,40.74,0.00,0.00,1
2.468,0.5312,0.1554,-0.0117,0.0087,0.6328,0.1288,-3.48,1.34,0.0391,-0.8047,9.7695,0.2579,0.1864,40.74,0.00,0.00,1
2.485,-0.5078,0.1447,0.1016,-0.0362,-1.0547,0.1187,-3.47,1.34,-0.7266,-0.4609,8.3125,-0.5083,0.0411,40.74,0.00,0.00,1
2.504,-0.3945,-0.0313,0.0273,-0.0030,-0.0977,-0.1375,-3.47,1.32,-0.6133,-0.5352,9.2656,-0.3982,-0.0904,40.74,0.00,0.00,1
2.526,-0.4336,-0.1638,-0.1641,-0.0350,-0.8242,-0.2847,-3.46,1.33,0.3047,-0.3437,10.0703,0.5219,-0.1316,40.74,0.00,0.00,1
2.536,0.5234,-0.1287,0.2187,-0.0242,0.7148,-0.2445,-3.46,1.32,0.3047,-0.3437,10.0703,0.5203,-0.0315,40.74,0.00,0.00,1
2.557,0.4883,0.1181,-0.0508,-0.0050,0.8320,0.1664,-3.46,1.35,0.1133,-0.7656,9.6875,0.3332,0.1606,40.74,0.00,0.00,1
2.575,0.3320,0.1885,-0.2031,-0.0517,0.3320,0.2445,-3.45,1.34,-0.2305,-0.5352,8.9258,-0.0111,0.1819,40.74,0.00,0.00,1
2.587,-0.0117,0.1675,0.0273,-0.0498,-0.4336,0.1463,-3.45,1.33,-0.0391,-0.4609,9.8867,0.1776,0.1539,40.74,0.00,0.00,1
2.606,0.1797,0.1590,0.1016,-0.0115,0.5234,0.1936,-3.45,1.32,-1.2266,-0.7656,7.6602,-1.0120,0.0651,40.74,0.00,0.00,1
2.623,0.1406,-0.0789,0.2187,-0.0256,0.5625,-0.1434,-3.44,1.31,-0.0781,-0.3437,9.9219,0.1359,-0.0480,40.74,0.00,0.00,1
2.638,0.1406,-0.0451,0.2187,0.0119,0.5625,-0.0349,-3.44,1.32,-0.3047,-0.5742,9.6914,-0.0891,-0.0376,40.74,0.00,0.00,1
2.655,0.0273,-0.0370,-0.0898,0.0108,-0.3555,0.0484,-3.44,1.33,-0.1914,-0.6523,9.0000,0.0264,-0.0293,40.74,0.00,0.00,1
2.674,0.0664,-0.0156,0.0664,-0.0052,-0.0586,-0.0424,-3.43,1.32,-0.1523,-0.4961,9.3047,0.0623,-0.0055,40.74,0.00,0.00,1
2.689,0.6328,0.0423,0.1797,0.0148,1.0156,0.0410,-3.43,1.32,0.4219,-0.3828,10.3828,0.6365,0.0931,40.74,0.00,0.00,1
2.706,-0.7852,0.0963,-0.1719,0.0335,-1.4375,0.1212,-3.41,1.30,-0.9961,-0.7266,7.9297,-0.7842,-0.0673,40.74,0.00,0.00,1
2.727,-0.0117,-0.0854,0.1719,0.0163,0.5937,-0.0982,-3.42,1.31,-0.5742,-0.6523,8.6562,-0.3607,-0.1217,40.74,0.00,0.00,1
2.745,-0.3555,-0.1406,-0.0977,0.0007,-0.7109,-0.1907,-3.41,1.32,-0.2695,-0.4961,9.3477,-0.0549,-0.1650,40.74,0.00,0.00,1
2.757,-0.0508,-0.1413,0.0586,0.0030,-0.0117,-0.1984,-3.41,1.32,-0.1133,-0.4961,9.3047,0.1013,-0.1281,40.74,0.00,0.00,1
2.776,0.0977,-0.0828,0.0586,0.0187,-0.0508,-0.1541,-3.41,1.30,0.6133,-0.3828,10.4141,0.8252,-0.0057,40.74,0.00,0.00,1
2.795,-0.4727,0.0810,0.0586,0.0554,-0.8555,0.0426,-3.41,1.31,-0.6914,-0.4961,8.5000,-0.4773,-0.0105,40.74,0.00,0.00,1
2.808,-0.4727,-0.0040,0.0586,0.0559,-0.8555,-0.0953,-3.41,1.31,-0.0391,-0.4961,9.7305,0.1739,-0.0302,40.74,0.00,0.00,1
2.825,-0.2773,-0.0291,0.0195,0.0535,0.0625,-0.0641,-3.42,1.33,-0.4961,-0.5352,9.4219,-0.2799,-0.0416,40.74,0.00,0.00,1
2.844,-0.6250,-0.1273,-0.0195,0.0408,-1.2383,-0.1323,-3.42,1.33,-0.8438,-0.5742,8.1172,-0.6270,-0.1860,40.74,0.00,0.00,1
2.867,-0.1641,-0.2262,0.0273,0.0274,-0.0117,-0.3209,-3.43,1.32,0.4219,-0.4219,10.1484,0.6364,-0.1418,40.74,0.00,0.00,1
2.877,0.6406,-0.1523,0.1406,0.0365,0.7930,-0.2091,-3.44,1.33,0.4219,-0.4219,10.1484,0.6386,-0.0220,40.74,0.00,0.00,1
2.897,-0.0508,0.0118,0.0664,0.0606,-0.2422,-0.0265,-3.44,1.33,0.0391,-0.4961,10.0742,0.2558,0.0320,40.74,0.00,0.00,1
2.915,0.2578,0.0624,0.0664,0.0622,0.7148,0.1242,-3.45,1.33,-0.5352,-0.8047,8.8164,-0.3179,0.0498,40.74,0.00,0.00,1
2.928,-0.3164,0.0174,-0.2422,0.0158,-0.5469,0.0611,-3.45,1.34,-0.9570,-0.3047,8.6172,-0.7382,-0.0650,40.74,0.00,0.00,1
2.945,-0.7305,-0.1689,0.2578,0.0533,-0.7422,-0.1546,-3.45,1.35,-0.3047,-0.7266,8.9258,-0.0843,-0.2033,40.74,0.00,0.00,1
2.964,0.5312,-0.1266,0.1016,0.0246,0.8320,-0.1661,-3.46,1.36,0.3047,-0.4609,10.1875,0.5273,-0.0275,40.74,0.00,0.00,1
2.978,0.5312,-0.0255,0.1016,0.0364,0.8320,-0.0128,-3.46,1.37,-0.1133,-0.4961,9.1602,0.1109,0.0246,40.74,0.00,0.00,1
2.996,0.3398,0.0580,0.0742,0.0488,0.9453,0.0896,-3.47,1.35,-0.1133,-0.4961,9.1602,0.1077,0.0482,40.74,0.00,0.00,1
3.015,-0.0430,0.1219,-0.2344,0.0328,-0.4336,0.2710,-3.49,1.36,-0.2695,-0.8047,8.9258,-0.0475,0.0339,40.74,0.00,0.00,1
3.029,-0.0430,0.0965,-0.2344,-0.0082,-0.4336,0.1628,-3.49,1.37,-0.8828,-0.4961,8.4648,-0.6592,-0.0275,40.74,0.00,0.00,1
3.046,-0.2266,-0.0890,-0.1211,-0.0134,-0.2422,-0.1191,-3.50,1.37,-0.4609,-0.6914,9.1172,-0.2368,-0.1493,40.74,0.00,0.00,1
3.067,0.4648,-0.0297,-0.0430,-0.0381,0.4102,-0.0608,-3.51,1.38,-0.0391,-0.4609,9.6914,0.1862,-0.0043,40.74,0.00,0.00,1
3.086,0.1953,0.0509,0.1094,-0.0058,0.3320,0.0554,-3.52,1.36,0.3437,-0.7266,10.2656,0.5657,0.0795,40.74,0.00,0.00,1
3.098,0.5781,0.1417,-0.1484,-0.0199,0.9063,0.2049,-3.52,1.36,-0.3437,-0.7656,9.1992,-0.1212,0.1322,40.74,0.00,0.00,1
3.116,-0.1094,0.1133,-0.1875,-0.0650,-0.1641,0.1669,-3.53,1.37,-0.8438,-0.5742,8.2344,-0.6207,0.0205,40.74,0.00,0.00,1
3.136,-0.1953,-0.0274,-0.0742,-0.0636,-0.1289,-0.0599,-3.53,1.38,-0.4219,-0.6523,9.2266,-0.1972,-0.0961,40.74,0.00,0.00,1
3.148,-0.1953,-0.0645,-0.0742,-0.0660,-0.1211,-0.0740,-3.54,1.36,-0.1133,-0.7266,9.2305,0.1092,-0.0943,40.74,0.00,0.00,1
3.166,0.1133,-0.0333,-0.1484,-0.0847,-0.1211,-0.0874,-3.54,1.35,0.3828,-0.3828,10.1094,0.6037,0.0027,40.74,0.00,0.00,1
3.185,0.5312,0.1511,0.0039,-0.0243,0.9141,0.1637,-3.55,1.35,0.3047,-0.5742,10.2656,0.5251,0.1899,40.74,0.00,0.00,1
3.199,0.5312,0.2095,0.0039,-0.0199,0.9141,0.2790,-3.55,1.37,0.1523,-0.9570,9.4648,0.3754,0.2296,40.74,0.00,0.00,1
3.217,-0.5312,0.2048,0.3086,-0.0654,-0.6562,0.2060,-3.55,1.37,-0.7656,-0.2695,8.6992,-0.5420,0.0763,40.74,0.00,0.00,1
3.235,-0.0039,0.0382,-0.0352,0.0132,0.0352,0.0168,-3.56,1.35,-0.2305,-0.6133,9.3828,-0.0101,0.0186,40.74,0.00,0.00,1
3.256,-0.7305,-0.1369,-0.4570,-0.0967,-1.0000,-0.2060,-3.56,1.34,0.1523,0.1133,9.9219,0.3711,-0.1504,40.74,0.00,0.00,1
3.267,0.3789,-0.1394,0.6914,-0.0601,0.5703,-0.2024,-3.55,1.33,0.1523,0.1133,9.9219,0.3695,-0.0705,40.74,0.00,0.00,1
3.286,0.5312,0.1079,0.3086,0.1271,0.8750,0.1882,-3.57,1.35,0.3437,-1.0742,9.9609,0.5635,0.1666,40.74,0.00,0.00,1
3.306,0.5703,0.2366,-0.4883,0.0022,0.6094,0.3242,-3.58,1.35,-0.3828,-0.7266,8.9219,-0.1620,0.2213,40.74,0.00,0.00,1
3.318,-0.1562,0.1988,-0.1406,-0.0529,-0.4258,0.2283,-3.58,1.34,-0.0391,-0.8047,9.6133,0.1791,0.1634,40.74,0.00,0.00,1
3.336,0.1875,0.1742,-0.2187,-0.0951,0.2617,0.1950,-3.59,1.33,-1.1484,-0.8828,7.8125,-0.9313,0.0789,40.74,0.00,0.00,1
3.354,0.2187,-0.0462,0.4336,-0.1010,0.5703,-0.1235,-3.58,1.32,0.0000,-0.1523,9.9219,0.2150,-0.0118,40.74,0.00,0.00,1
3.375,-0.1172,0.0020,0.2031,0.0322,0.3008,0.0517,-3.59,1.34,-0.3437,-0.3828,9.6484,-0.1250,-0.0227,40.74,0.00,0.00,1
3.386,0.2266,0.0032,-0.1406,0.0425,0.0703,0.0884,-3.59,1.34,0.0000,-0.7266,9.4219,0.2187,0.0307,40.74,0.00,0.00,1
3.404,0.1484,0.0603,-0.1797,-0.0125,0.2266,0.0958,-3.60,1.33,-0.0781,-0.7656,9.5781,0.1384,0.0664,40.74,0.00,0.00,1
3.427,0.5156,0.2001,0.0117,-0.0241,0.7617,0.2990,-3.59,1.32,-1.1875,-0.4961,7.9297,-0.9725,0.1257,40.74,0.00,0.00,1
3.437,-0.9766,0.1292,0.0898,-0.0123,-1.4219,0.1954,-3.59,1.32,-1.1875,-0.4961,7.9297,-0.9731,-0.0431,40.74,0.00,0.00,1
3.457,0.0977,-0.0828,0.2422,0.0459,0.5703,-0.0499,-3.60,1.32,-0.5742,-0.9570,8.7344,-0.3587,-0.0923,40.74,0.00,0.00,1
3.476,-0.3555,-0.1319,-0.3711,-0.0341,-0.6172,-0.1368,-3.59,1.33,-0.3828,-0.9961,9.0430,-0.1652,-0.1520,40.74,0.00,0.00,1
3.488,-0.1641,-0.1520,-0.4102,-0.1147,-0.3125,-0.1964,-3.59,1.34,-0.1133,-0.5742,9.4258,0.1054,-0.1331,40.74,0.00,0.00,1
3.506,0.1055,-0.0957,0.0117,-0.1051,0.0703,-0.1446,-3.58,1.32,0.6914,-0.0781,10.6133,0.9064,-0.0021,40.74,0.00,0.00,1
3.524,-0.4023,0.0945,0.2031,0.0510,-0.8086,0.1002,-3.58,1.32,-0.6133,-0.3828,8.5430,-0.3977,0.0191,40.74,0.00,0.00,1
3.544,0.1875,0.0008,0.0508,0.0820,0.3008,-0.0688,-3.59,1.34,-0.0391,-0.5352,9.6484,0.1797,0.0283,40.74,0.00,0.00,1
3.556,-0.4258,-0.0070,-0.1406,0.0598,-0.3867,-0.0420,-3.59,1.34,-0.6523,-0.7266,8.9648,-0.4336,-0.0739,40.74,0.00,0.00,1
3.575,-0.3477,-0.1195,-0.0273,0.0120,-0.8867,-0.1798,-3.58,1.35,-0.5742,-0.6133,8.4609,-0.3534,-0.1582,40.74,0.00,0.00,1
3.597,0.1055,-0.1277,-0.1055,-0.0134,0.0703,-0.2738,-3.58,1.34,0.5742,-0.4609,10.3086,0.7923,-0.0398,40.74,0.00,0.00,1
3.607,0.8008,-0.0362,0.1250,-0.0091,0.9531,-0.1503,-3.59,1.36,0.5742,-0.4609,10.3086,0.7956,0.0885,40.74,0.00,0.00,1
3.628,-0.0430,0.1195,-0.2187,-0.0162,-0.4258,0.0141,-3.59,1.36,0.1523,-0.9180,9.7656,0.3736,0.1242,40.74,0.00,0.00,1
3.646,0.3789,0.1668,-0.3320,-0.0987,0.4180,0.0761,-3.59,1.36,-0.7266,-0.3828,8.6953,-0.5042,0.1249,40.74,0.00,0.00,1
3.659,-0.5000,0.0787,0.2031,-0.0681,-0.6562,-0.0133,-3.59,1.37,-0.5352,-0.3828,8.6211,-0.3112,0.0014,40.74,0.00,0.00,1
3.676,-0.3086,-0.0430,0.2031,0.0088,-0.7344,-0.2129,-3.59,1.38,-0.3047,-0.6523,9.2266,-0.0797,-0.0685,40.74,0.00,0.00,1
3.695,0.6953,-0.0063,0.1641,0.0170,1.0313,-0.1246,-3.58,1.38,0.4609,-0.4219,10.3828,0.6870,0.0972,40.74,0.00,0.00,1
3.709,0.6953,0.1014,0.1641,0.0396,1.0313,0.0530,-3.59,1.39,-0.7656,-1.0352,8.4258,-0.5390,0.0897,40.74,0.00,0.00,1
3.726,0.1875,0.0120,-0.2969,-0.0797,0.1875,-0.0795,-3.58,1.37,-0.0391,-0.8828,9.5430,0.1844,0.0353,40.74,0.00,0.00,1
3.744,-0.5312,0.0143,0.3945,-0.0984,-0.2734,-0.0253,-3.58,1.38,-0.7656,-0.1914,9.0820,-0.5400,-0.0744,40.74,0.00,0.00,1
3.768,-0.5312,-0.1717,0.2812,0.0522,-1.0391,-0.2275,-3.57,1.39,-0.0391,-0.3828,9.7305,0.1877,-0.1748,40.74,0.00,0.00,1
3.777,0.1953,-0.1688,0.2031,0.0812,0.3789,-0.2387,-3.58,1.38,-0.0391,-0.3828,9.7305,0.1866,-0.1192,40.74,0.00,0.00,1
3.798,0.5312,0.0069,0.0508,0.0993,0.6094,0.0072,-3.57,1.37,-0.1523,-0.5352,9.3477,0.0717,0.0456,40.74,0.00,0.00,1
3.816,0.0742,0.0545,0.0508,0.0856,-0.0039,0.0423,-3.57,1.35,0.0781,-0.8828,9.9219,0.2979,0.0704,40.74,0.00,0.00,1
3.829,0.2969,0.0931,-0.2969,0.0245,0.5703,0.1203,-3.58,1.34,-0.0781,-0.8828,9.5430,0.1411,0.1082,40.74,0.00,0.00,1
3.846,0.1484,0.1180,-0.2969,-0.0667,0.1875,0.1632,-3.58,1.36,-0.8828,-0.6523,8.1211,-0.6609,0.0537,40.74,0.00,0.00,1
3.866,-0.3555,-0.0774,0.1641,-0.0613,-0.0039,-0.1326,-3.58,1.35,-0.5742,-0.4219,9.3477,-0.3534,-0.1217,40.74,0.00,0.00,1
3.879,-0.3555,-0.1201,0.1641,-0.0267,-0.0039,-0.1128,-3.58,1.36,-0.5742,-0.8828,8.3164,-0.3523,-0.1571,40.74,0.00,0.00,1
3.896,-0.3555,-0.1868,-0.2969,-0.0746,-1.0391,-0.3110,-3.57,1.33,0.4219,-0.3437,10.6133,0.6389,-0.1339,40.74,0.00,0.00,1
3.915,0.4102,0.0197,-0.1328,-0.0259,0.4180,0.0250,-3.57,1.31,0.1914,-0.7266,9.7695,0.4042,0.0776,40.74,0.00,0.00,1
3.938,0.6016,0.1822,-0.3320,-0.0930,0.4570,0.1650,-3.57,1.33,-0.1523,-0.3437,9.4648,0.0648,0.2018,40.74,0.00,0.00,1
3.947,0.0664,0.2038,0.2422,-0.0837,0.1094,0.1820,-3.57,1.34,-0.1523,-0.3437,9.4648,0.0658,0.1809,40.74,0.00,0.00,1
3.965,0.2187,0.1770,-0.0664,-0.0160,-0.0039,0.1524,-3.56,1.35,0.0000,-0.6523,9.3477,0.2203,0.1822,40.74,0.00,0.00,1
3.986,-1.0820,-0.0966,0.0508,-0.0072,-1.2617,-0.1793,-3.55,1.33,0.1133,-0.5742,9.7266,0.3309,-0.1356,40.74,0.00,0.00,1
3.999,0.3398,-0.0963,0.0117,-0.0004,0.3867,-0.1656,-3.55,1.34,-0.3437,-0.8438,9.7656,-0.1245,-0.0685,40.74,0.00,0.00,1
4.017,-0.1172,-0.0738,-0.2578,-0.0566,0.4258,-0.0003,-3.54,1.35,-0.6133,-0.6914,8.3164,-0.3935,-0.1061,40.74,0.00,0.00,1
4.035,-0.3867,-0.1457,-0.1055,-0.0800,-1.0313,-0.2019,-3.53,1.34,-0.0391,-0.5352,9.5039,0.1797,-0.1419,40.74,0.00,0.00,1
4.049,0.1875,-0.1109,0.0430,-0.0628,0.1562,-0.2031,-3.52,1.33,0.2305,-0.6523,9.9609,0.4476,-0.0495,40.74,0.00,0.00,1
4.066,0.4570,0.0334,-0.0742,-0.0587,0.6172,0.0008,-3.51,1.34,0.2695,-0.3437,9.5820,0.4883,0.0950,40.74,0.00,0.00,1
4.085,0.1875,0.1642,0.2344,0.0235,0.7305,0.1421,-3.50,1.35,-0.0391,-0.3437,10.0742,0.1818,0.1610,40.74,0.00,0.00,1
4.108,0.3789,0.2016,-0.4570,-0.0108,0.0039,0.2311,-3.50,1.37,-0.7266,-0.3437,8.8125,-0.5035,0.1527,40.74,0.00,0.00,1
4.117,-0.5000,0.1585,0.2344,-0.0240,-0.5312,0.1534,-3.49,1.36,-0.7266,-0.3437,8.8125,-0.5040,0.0518,40.74,0.00,0.00,1
4.135,-0.1172,0.0024,-0.0430,0.0271,-0.2266,-0.0164,-3.48,1.35,-0.3437,-0.6133,9.1211,-0.1233,-0.0216,40.74,0.00,0.00,1
4.156,-0.7305,-0.1741,-0.0352,0.0049,-1.1094,-0.2834,-3.47,1.34,0.2305,-0.1523,10.2266,0.4488,-0.1709,40.74,0.00,0.00,1
4.176,0.0664,-0.0598,-0.0039,0.0860,0.4648,-0.0335,-3.47,1.32,-0.1523,-0.5742,9.8086,0.0633,-0.0453,40.74,0.00,0.00,1
4.187,0.0664,-0.0405,-0.0039,0.0722,0.4648,0.0431,-3.47,1.33,-0.1133,-0.7656,9.1172,0.1045,-0.0252,40.74,0.00,0.00,1
4.206,0.1055,-0.0015,-0.1953,0.0083,-0.2266,0.0097,-3.46,1.34,-0.0781,-0.3828,9.6094,0.1407,0.0147,40.74,0.00,0.00,1
4.219,0.1484,0.0288,0.1875,0.0220,0.2695,0.0336,-3.46,1.34,0.3047,-0.6523,10.0000,0.5230,0.0731,40.74,0.00,0.00,1
4.236,0.5312,0.1474,-0.0820,0.0093,0.6562,0.1861,-3.45,1.33,-1.0742,-0.6523,7.9687,-0.8575,0.0902,40.74,0.00,0.00,1
4.255,0.0664,-0.0413,0.3008,0.0088,0.4648,-0.0825,-3.45,1.30,-0.1523,-0.2695,9.8047,0.0596,-0.0302,40.74,0.00,0.00,1
4.275,-0.5078,-0.0567,-0.1289,0.0572,-0.4961,-0.0042,-3.44,1.31,-0.7266,-0.6914,8.8437,-0.5136,-0.1319,40.74,0.00,0.00,1
4.287,-0.3555,-0.1443,0.1016,0.0345,-0.7617,-0.1343,-3.44,1.30,-0.5742,-0.4609,8.5781,-0.3618,-0.1827,40.74,0.00,0.00,1
4.305,0.1055,-0.1673,-0.1289,0.0351,0.2344,-0.2325,-3.43,1.31,-0.1133,-0.6914,9.5781,0.1003,-0.1311,40.74,0.00,0.00,1
4.328,0.4492,0.0375,-0.2031,-0.0505,0.4258,0.0055,-3.42,1.31,0.3047,-0.4609,9.8437,0.5188,0.1017,40.74,0.00,0.00,1
4.338,0.5234,0.1067,0.1016,-0.0496,0.5000,0.0760,-3.42,1.29,0.3047,-0.4609,9.8437,0.5156,0.1652,40.74,0.00,0.00,1
4.358,0.1719,0.1948,0.3320,0.0373,0.7695,0.2620,-3.42,1.29,0.3047,-0.8438,9.5391,0.5156,0.2150,40.74,0.00,0.00,1
4.377,0.5234,0.2661,-0.2812,-0.0148,0.1953,0.2788,-3.41,1.31,-0.4961,-0.3047,9.1172,-0.2830,0.2368,40.74,0.00,0.00,1
4.389,-0.2852,0.1988,0.2500,0.0078,-0.2266,0.1956,-3.41,1.30,-0.0781,-0.6523,9.1953,0.1333,0.1548,40.74,0.00,0.00,1
4.407,0.1406,0.1558,-0.0898,0.0013,-0.1484,0.0931,-3.39,1.31,-1.1484,-0.6133,8.1562,-0.9354,0.0636,40.74,0.00,0.00,1
4.425,0.1797,-0.0642,0.2852,0.0066,0.4648,-0.1509,-3.38,1.32,-0.0391,-0.2695,9.8047,0.1756,-0.0314,40.74,0.00,0.00,1
4.444,1.4453,0.1062,0.0195,0.0643,1.7656,0.1278,-3.38,1.32,1.2266,-0.5352,11.1094,1.4413,0.3071,40.74,0.00,0.00,1
4.457,-0.3164,0.2617,0.1328,0.0635,-0.4180,0.3156,-3.39,1.34,-0.5352,-0.4219,8.9258,-0.3172,0.1687,40.74,0.00,0.00,1
4.475,-0.7773,0.0277,-0.0195,0.0749,-1.7578,-0.0417,-3.39,1.34,-0.9961,-0.5742,7.5859,-0.7771,-0.0989,40.74,0.00,0.00,1
4.498,0.4492,-0.0583,0.0937,0.0601,0.9219,-0.2152,-3.39,1.34,-0.2305,-0.8438,9.2266,-0.0115,-0.0194,40.74,0.00,0.00,1
4.508,-0.0039,-0.0166,-0.2891,0.0347,-0.1133,-0.1233,-3.39,1.35,-0.2305,-0.8438,9.2266,-0.0099,-0.0179,40.74,0.00,0.00,1
4.528,-0.7695,-0.1299,-0.0195,-0.0343,-0.4570,-0.1727,-3.40,1.37,-0.3047,-0.6523,8.4609,-0.0804,-0.1761,40.74,0.00,0.00,1
4.546,-0.0781,-0.1583,-0.0977,-0.0474,-0.8789,-0.3467,-3.40,1.36,0.9570,-0.8828,10.9141,1.1797,-0.0481,40.74,0.00,0.00,1
4.559,1.1836,0.0533,-0.3203,-0.0927,1.5742,-0.0877,-3.40,1.37,-0.2305,-0.6133,9.1562,-0.0073,0.1287,40.74,0.00,0.00,1
4.577,-0.0039,0.1110,-0.0586,-0.0993,-0.1797,-0.0045,-3.40,1.35,-1.1484,-0.5742,8.7383,-0.9284,0.0164,40.74,0.00,0.00,1
4.595,-1.3828,-0.2254,-0.0117,-0.0738,-2.4023,-0.3279,-3.41,1.35,-1.6094,-0.5742,6.9297,-1.3883,-0.4073,40.74,0.00,0.00,1
4.615,1.1758,-0.3489,0.1406,-0.0440,1.8125,-0.5791,-3.41,1.34,0.9570,-0.4219,11.1523,1.1754,-0.1181,40.74,0.00,0.00,1
4.627,0.9180,-0.0321,0.2187,0.0031,1.0820,-0.1082,-3.42,1.38,0.6914,-0.3437,10.4180,0.9162,0.1103,40.74,0.00,0.00,1
4.645,1.7188,0.3558,0.1016,0.0673,1.8867,0.3619,-3.43,1.38,1.4922,-0.4609,11.2227,1.7175,0.5621,40.74,0.00,0.00,1
4.667,-1.5352,0.3207,-0.0117,0.0616,-1.8281,0.3112,-3.43,1.39,-0.3828,-0.3828,8.5820,-0.1559,0.1442,40.74,0.00,0.00,1
4.678,-0.1562,0.1459,0.1875,0.0662,-0.7539,0.0685,-3.45,1.39,-0.3828,-0.3828,8.5820,-0.1548,0.0983,40.74,0.00,0.00,1
4.698,-0.3164,0.0183,-0.2812,0.0356,0.0117,-0.0943,-3.45,1.38,-0.6523,-0.9570,8.0820,-0.4265,-0.0417,40.74,0.00,0.00,1
4.716,-0.4336,-0.1025,-0.3867,-0.0776,-1.2539,-0.3443,-3.45,1.37,1.0352,0.0000,11.6016,1.2594,-0.0159,40.74,0.00,0.00,1
4.729,1.2539,0.0834,0.5703,0.0010,2.2695,-0.0044,-3.45,1.36,-0.4219,-1.0352,7.7383,-0.1998,0.1493,40.74,0.00,0.00,1
4.746,-0.2031,0.0929,-0.4648,-0.0666,-1.5977,-0.2154,-3.45,1.34,1.0352,-0.2305,11.3789,1.2545,0.1663,40.74,0.00,0.00,1
4.766,0.0195,0.2327,-0.1562,-0.0412,-0.7539,-0.0254,-3.47,1.35,-0.1914,-0.7266,8.5781,0.0290,0.2868,40.74,0.00,0.00,1
4.785,0.4023,0.2028,-0.2344,-0.0801,-0.1328,-0.1823,-3.47,1.34,0.1914,-0.8047,9.1953,0.4097,0.2973,40.74,0.00,0.00,1
4.797,0.4023,0.2335,-0.2344,-0.1038,-0.1328,-0.1747,-3.46,1.33,0.9570,-0.3828,10.4141,1.1732,0.3755,40.74,0.00,0.00,1
4.816,-0.8984,0.3429,-0.4258,-0.0777,-2.0508,-0.0649,-3.47,1.32,-1.1094,-0.9961,7.2773,-0.8943,0.1898,40.74,0.00,0.00,1
4.838,0.7539,0.1735,0.5312,-0.0494,0.7461,-0.3123,-3.48,1.37,-0.4219,-0.8828,8.1172,-0.1988,0.2121,40.74,0.00,0.00,1
4.848,-0.2109,0.1855,-0.3125,-0.0277,-1.2070,-0.3060,-3.47,1.34,-0.4219,-0.8828,8.1172,-0.2036,0.1482,40.74,0.00,0.00,1
4.865,0.5625,0.1349,-0.1562,-0.0960,0.1328,-0.4544,-3.49,1.36,0.3437,-0.7266,9.4648,0.5658,0.2186,40.74,0.00,0.00,1
4.885,1.7109,0.5348,0.3398,-0.0067,1.7813,0.1106,-3.49,1.36,-0.1523,-0.4961,8.3945,0.0702,0.5969,40.74,0.00,0.00,1
4.907,2.0508,0.6266,0.3398,0.0573,1.8594,0.1329,-3.49,1.33,1.8398,-0.2305,11.1875,2.0571,0.8564,40.74,0.00,0.00,1
4.918,2.0586,0.9430,0.3398,0.1199,1.8594,0.5150,-3.50,1.34,-0.6133,-0.7266,7.6562,-0.3945,0.9262,40.74,0.00,0.00,1
4.936,-0.4102,0.7130,-0.1562,0.0725,-1.6680,0.1156,-3.50,1.30,0.5742,-0.4961,9.5391,0.7866,0.6453,40.74,0.00,0.00,1
4.954,0.0898,0.6119,-0.1133,0.0464,-0.8945,-0.0464,-3.50,1.31,-0.1133,-0.6914,8.4258,0.0996,0.5416,40.74,0.00,0.00,1
4.967,0.0898,0.5317,-0.1133,0.0219,-0.8945,-0.1767,-3.52,1.31,-0.0391,-0.5352,8.7773,0.1749,0.4798,40.74,0.00,0.00,1
4.985,2.1953,0.5646,0.0039,0.0170,2.0195,-0.1175,-3.53,1.31,1.9922,-0.5742,11.3359,2.2056,0.8253,40.74,0.00,0.00,1
5.004,0.4570,0.8880,0.1562,0.0255,-0.8164,0.2617,-3.54,1.29,0.2695,-0.4219,8.5000,0.4797,0.8353,40.74,0.00,0.00,1
5.018,1.9102,0.9089,0.2734,0.0638,1.4063,0.2009,-3.54,1.28,1.7227,-0.3047,10.7266,1.9307,1.0779,40.74,0.00,0.00,1
5.036,-0.7695,0.9785,-0.4180,0.0679,-2.3086,0.2456,-3.55,1.25,-0.9570,-0.9961,7.0117,-0.7538,0.7258,40.74,0.00,0.00,1
5.056,1.4531,0.9746,0.4336,0.1186,0.0664,0.0468,-3.57,1.27,1.1094,-0.8047,9.3047,1.3158,0.9245,40.74,0.00,0.00,1
5.069,1.2891,1.0350,-0.2187,0.1148,-0.0117,0.0436,-3.57,1.25,1.1094,-0.8047,9.3047,1.3131,0.9842,40.74,0.00,0.00,1
5.086,1.2891,1.1071,-0.2187,0.0202,-0.0117,0.0279,-3.58,1.26,0.0000,-0.7656,8.1992,0.2048,1.2705,40.74,0.00,0.00,1
5.107,0.1719,0.9114,-0.1797,-0.0389,-1.1133,-0.2271,-3.59,1.25,0.0391,-0.2305,7.0508,0.2428,0.9708,40.74,0.00,0.00,1
5.124,1.2383,0.7526,0.0117,0.0374,-0.8086,-0.7395,-3.59,1.22,1.0742,-0.5742,8.5039,1.2716,0.9508,40.74,0.00,0.00,1
5.137,1.2383,0.8272,0.0117,0.0334,-0.8086,-0.7501,-3.59,1.18,3.4102,-0.6523,12.9062,3.6021,1.1861,40.74,0.00,0.00,1
5.155,0.6172,1.3917,-0.1719,-0.0030,-1.1602,0.0990,-3.60,1.16,0.4609,-0.7656,8.1562,0.6487,1.3565,40.74,0.00,0.00,1
5.176,1.0977,1.2105,0.3242,-0.0112,-0.5859,-0.2122,-3.60,1.11,0.9570,-0.2695,8.7383,1.1368,1.2637,40.74,0.00,0.00,1
5.188,2.6523,1.3099,-0.0977,0.0293,0.3398,-0.2208,-3.60,1.09,2.5273,-0.6914,9.6484,2.7034,1.5825,40.74,0.00,0.00,1
5.205,2.3477,1.6662,0.0586,0.0058,2.0937,0.0785,-3.60,1.05,2.2227,-0.5352,11.4141,2.3918,1.8312,40.74,0.00,0.00,1
5.227,0.8828,1.5353,0.1328,0.0372,-1.8438,-0.2214,-3.60,1.04,2.2617,-0.3047,11.1523,2.4298,1.6965,40.74,0.00,0.00,1
5.239,2.3633,1.5535,0.2891,0.0644,1.8359,-0.1762,-3.60,1.01,2.2617,-0.3047,11.1523,2.4245,1.8083,40.74,0.00,0.00,1
5.258,0.8984,1.6046,-0.0586,0.0876,-1.8359,-0.0542,-3.62,0.99,2.1445,-0.1523,9.5391,2.3036,1.7114,40.74,0.00,0.07,1
5.277,2.2305,1.6991,0.4414,0.1568,0.2344,-0.1013,-3.63,0.94,2.5664,-1.0742,11.2617,2.7158,1.9106,40.74,0.00,0.07,1
5.295,0.8359,1.8530,0.0977,0.0386,-1.5664,0.2198,-3.65,0.93,0.7656,-0.4961,7.7383,0.9134,1.7866,40.74,0.00,0.07,1
5.307,0.8359,1.6968,0.0977,0.0477,-1.5664,-0.0546,-3.64,0.90,2.3750,-0.8828,10.6875,2.5185,1.7806,40.74,0.07,0.07,1
5.326,0.1680,1.6760,-0.3633,-0.0509,-1.8359,0.0089,-3.65,0.89,0.1133,-0.9570,7.4727,0.2551,1.5314,40.74,0.07,0.07,1
5.346,2.0469,1.3986,-0.2500,-0.1304,-0.6875,-0.4224,-3.66,0.88,1.9922,-0.8438,8.6172,2.1319,1.5850,40.74,0.07,13.86,1
5.358,2.2227,1.5561,0.1328,-0.1263,1.7266,-0.2880,-3.66,0.85,2.1836,-0.4609,11.0352,2.3191,1.7477,40.74,0.07,13.86,1
5.376,2.2227,1.7452,-0.5547,-0.1078,-0.0352,0.1424,-3.65,0.86,2.1836,-1.1484,9.2656,2.3202,1.9099,40.74,15.22,13.86,1
5.399,3.0117,2.0291,0.4805,-0.1011,2.1875,0.4233,-3.63,0.84,1.1094,-0.6914,8.3945,1.2418,2.1264,40.74,15.22,16.43,1
5.409,1.1406,2.0304,-0.0977,-0.0581,-0.9141,0.4462,-3.64,0.87,1.1094,-0.6914,8.3945,1.2471,1.9914,40.74,15.22,16.43,1
5.428,2.5039,1.9364,0.1719,-0.0302,0.3867,0.1822,-3.63,0.81,0.4609,0.3047,8.6172,0.5885,1.9638,40.74,15.22,16.43,1
5.446,0.4609,1.6452,0.8984,0.1879,-0.6875,0.0025,-3.62,0.75,1.7617,-1.2656,10.0352,1.8797,1.6757,40.74,16.98,18.44,1
5.466,-0.0937,1.4604,0.2891,0.0617,-2.6406,-0.1003,-3.62,0.72,-0.0781,-0.3047,6.6641,0.0345,1.3370,40.74,16.98,18.44,1
5.477,-0.0937,1.2217,0.2891,0.0966,-2.6406,-0.4905,-3.61,0.70,2.7578,-0.8828,10.6875,2.8672,1.3633,40.74,16.98,18.44,1
5.495,1.7695,1.4965,0.6328,0.0720,0.2734,-0.1712,-3.62,0.68,1.8008,0.0391,9.5781,1.9070,1.6633,40.74,19.34,20.49,1
5.515,4.0508,1.7705,-0.9063,0.1401,2.3789,0.1488,-3.62,0.65,4.0977,-1.4922,11.6836,4.1985,2.2533,40.74,19.34,20.49,1
5.528,1.4766,2.0692,1.5039,0.1013,0.5781,0.4983,-3.64,0.64,1.5313,0.9180,9.8828,1.6294,2.1154,40.74,19.34,20.49,1
5.545,1.8164,1.8944,-1.2070,0.3626,0.4648,0.5165,-3.64,0.60,1.8789,-1.8008,9.7695,1.9706,2.0246,40.74,20.79,22.02,1
5.568,-1.4570,1.3650,0.8984,0.1509,-3.5508,-0.1179,-3.65,0.61,2.7187,-0.5742,9.6094,2.8120,1.4106,40.74,20.79,22.02,1
5.579,2.6406,1.2593,0.0195,0.1954,0.3164,-0.3358,-3.65,0.59,2.7187,-0.5742,9.6094,2.8098,1.6255,40.74,22.89,23.79,1
5.598,0.7812,1.4446,1.3984,0.3472,-0.4492,-0.2311,-3.66,0.51,5.4766,-1.8398,11.4141,5.5525,1.8726,40.74,22.89,23.79,1
5.616,5.3594,2.2697,-1.2383,0.0618,2.1172,0.2750,-3.70,0.41,1.7617,1.0352,11.1484,1.8220,2.6155,40.74,22.89,23.79,1
5.636,2.6172,2.3441,-1.1914,0.2093,1.1211,0.7693,-3.73,0.38,2.7578,-1.8008,10.4141,2.8115,2.5628,40.74,24.72,25.58,1
5.647,2.6172,2.3860,-1.1914,-0.0058,1.1211,0.8233,-3.76,0.43,-0.6914,0.9180,6.9687,-0.6276,2.3266,40.74,24.72,25.58,1
5.666,1.6133,1.6822,-0.1562,0.2263,-0.9063,0.0612,-3.80,0.44,1.7617,-0.7656,8.3906,1.8268,1.8629,40.74,26.39,27.26,1
5.685,1.0547,1.6180,0.9219,0.2041,-0.6797,-0.1951,-3.83,0.37,1.2266,0.3047,8.6172,1.2786,1.7322,40.74,26.39,27.26,1
5.698,1.0547,1.5315,0.9219,0.3143,-0.6797,-0.2695,-3.85,0.31,4.6367,-1.4922,12.3008,4.6795,1.9339,40.74,27.63,29.20,1
5.716,1.9883,2.1348,0.7109,0.1419,1.6602,0.5255,-3.92,0.30,2.1836,0.0781,10.9570,2.2249,2.3266,40.74,27.63,29.20,1
5.739,2.2187,2.1202,-0.9219,0.0851,1.3125,0.8589,-3.97,0.41,-0.3828,-0.4609,6.2070,-0.3236,2.1384,40.74,28.90,30.90,1
5.749,-0.5781,1.9116,0.1875,0.0192,-3.0977,0.5758,-4.00,0.43,-0.3828,-0.4609,6.2070,-0.3201,1.7608,40.74,28.90,30.66,1
5.766,0.6797,1.3061,-0.3477,0.0241,-1.5586,-0.3429,-4.05,0.40,0.8828,-0.9961,7.7344,0.9399,1.4491,40.74,30.61,30.66,1
5.787,-0.3789,0.8583,0.2344,0.0262,-1.8672,-0.8257,-4.07,0.25,2.9102,-0.9180,9.5000,2.9422,1.1618,40.74,30.61,33.54,1
5.806,3.0820,1.2137,-0.5234,-0.0444,4.0352,-0.3563,-4.11,0.24,3.3320,-1.1875,13.3281,3.3628,1.7312,40.74,32.39,33.54,1
5.817,3.0820,1.5007,-0.5234,-0.1180,4.0352,0.3182,-4.15,0.27,2.1445,-1.4180,8.9609,2.1803,1.8876,40.74,32.39,34.50,1
5.837,1.8945,1.6864,-0.7461,-0.2822,-0.3320,0.4059,-4.18,0.33,2.8359,-0.4219,9.8867,2.8816,2.0281,40.74,32.36,34.50,1
5.856,0.9219,1.8187,0.2578,-0.1557,-1.2148,0.2706,-4.23,0.33,1.1875,-0.4219,8.0781,1.2328,1.9538,40.74,35.18,35.14,1
5.868,0.9219,1.6810,0.2578,-0.0922,-1.2148,0.0424,-4.24,0.29,2.7578,-1.8398,9.6133,2.7960,1.9676,40.74,35.18,37.11,1
5.885,0.0000,1.6634,2.1055,-0.1122,-1.9336,-0.1319,-4.27,0.20,0.3047,1.4180,7.3516,0.3281,1.7033,40.74,35.64,37.11,1
5.905,2.1758,1.3657,-1.7930,0.2049,2.2031,-0.3120,-4.33,0.20,2.4883,-2.4883,11.4922,2.5119,1.7959,40.74,36.43,38.50,1
5.919,-0.5820,1.3244,0.6562,-0.0413,-2.3633,-0.1207,-4.34,0.20,-0.2695,-0.0391,6.9297,-0.2460,1.3440,40.74,36.43,38.31,1
5.936,2.9297,1.0646,-0.3320,0.0775,0.2109,-0.5507,-4.40,0.22,3.2578,-1.0352,9.5000,3.2843,1.6746,40.74,38.17,38.31,1
5.957,0.6602,1.0913,1.1328,0.2855,-0.6719,-0.5301,-4.47,0.23,3.7539,-1.2656,9.1602,3.7822,1.7106,40.74,40.00,41.38,1
5.976,3.4180,1.5794,-0.5391,0.1558,-0.1328,-0.4510,-4.54,0.18,4.3281,1.1484,13.5664,4.3476,2.3425,40.74,40.00,40.67,1
5.988,3.9766,2.0721,1.8828,0.3740,4.2734,0.2962,-4.58,0.18,1.5703,-2.1445,10.2695,1.5906,2.5658,40.74,39.43,40.67,1
6.007,1.2188,2.0019,-1.4102,0.0732,0.9766,0.6945,-4.67,0.20,0.6133,-0.3828,5.5195,0.6370,2.2145,40.74,41.83,44.01,1
6.025,0.8828,1.5084,0.2617,0.0631,-0.2422,-0.2739,-4.75,0.16,1.2656,-0.4961,9.0391,1.2831,1.8188,40.74,41.83,41.81,1
6.038,0.8828,1.4123,0.2617,0.0936,-0.2422,-0.2691,-4.78,0.11,1.7227,-1.6484,9.5781,1.7309,1.7716,40.74,41.43,45.91,1
6.056,0.2461,1.2691,0.9336,-0.0268,-4.0312,-0.4533,-4.87,0.10,0.6523,0.1523,5.2500,0.6587,1.5203,40.74,44.19,45.91,1
6.076,2.5273,1.1615,-0.5117,0.1300,4.8164,-0.7602,-4.96,0.10,2.9492,-1.3008,14.0937,2.9553,1.7835,40.74,43.01,44.75,1
6.089,-0.4531,1.2253,-0.3828,-0.0017,-2.3086,-0.0960,-5.02,0.15,-0.0391,-1.1875,6.9727,-0.0246,1.3828,40.74,43.01,47.74,1
6.106,2.4414,0.9809,-0.6797,-0.1336,0.7539,-0.4785,-5.08,0.15,2.8711,-1.4922,10.0312,2.8854,1.6280,40.74,46.41,45.42,1
6.129,-0.0859,1.0906,-0.2617,-0.2555,-0.8477,-0.3044,-5.15,0.19,4.4453,-2.6055,11.4961,4.4670,1.6702,40.74,45.80,49.76,1
6.140,4.0078,1.2374,-1.7852,-0.3784,2.2187,-0.1425,-5.18,0.19,4.4453,-2.6055,11.4961,4.4666,2.0997,40.74,47.30,47.71,1
6.159,2.3047,1.9203,0.6758,-0.4800,1.8750,0.6097,-5.21,0.15,1.1484,-2.7187,9.3867,1.1635,2.2978,40.74,47.30,47.71,1
6.177,0.6875,1.6714,-1.8828,-0.7184,0.1133,0.5787,-5.26,0.16,2.1055,0.3047,9.6133,2.1226,2.0531,40.74,46.70,51.13,1
6.197,0.6719,1.5280,-0.8789,-0.4179,-2.3398,0.2699,-5.30,0.17,1.1484,-1.7227,6.9336,1.1666,1.8650,40.74,49.90,48.56,1
6.208,0.6719,1.3965,-0.8789,-0.4887,-2.3398,-0.1310,-5.30,0.14,3.2578,-1.2656,12.1445,3.2710,1.9257,40.74,49.55,52.87,1
6.225,1.0313,1.6045,0.6602,-0.4040,-2.8281,0.1395,-5.33,0.09,1.5313,-0.1914,6.4375,1.5355,2.0001,40.74,50.75,51.20,1
6.245,1.7813,1.5019,-1.6602,-0.2878,4.0273,-0.1537,-5.35,0.08,2.2969,-2.5273,13.2891,2.2999,2.0367,40.74,49.86,54.03,1
6.259,-0.4766,1.3831,0.1406,-0.4475,-3.3594,0.1807,-5.36,0.10,0.0391,-0.7266,5.9023,0.0463,1.5959,40.74,53.03,52.32,1
6.276,0.5039,0.8260,0.2617,-0.2373,-2.2461,-0.9387,-5.37,0.10,1.0352,-0.6133,7.0117,1.0413,1.2878,40.74,53.03,52.32,1
6.299,1.0938,0.8068,-0.5430,-0.1908,0.8945,-0.9020,-5.37,0.01,0.8828,-0.7266,5.4023,0.8730,1.3117,40.74,53.70,55.79,1
6.310,0.3203,0.7890,0.1484,-0.1895,-3.8555,-1.0061,-5.37,-0.02,0.8828,-0.7266,5.4023,0.8693,1.2437,40.74,52.87,56.28,1
6.329,2.6484,0.9868,-0.2344,-0.1331,5.2305,-0.5819,-5.37,0.02,-0.1914,-0.9961,7.6602,-0.1994,1.5064,40.74,52.87,56.28,1
6.346,-0.7617,0.7033,-0.1211,-0.1368,-1.5898,-0.4429,-5.35,0.05,2.6445,-0.7266,9.7695,2.6431,1.2512,40.74,55.01,56.59,1
6.366,0.6016,0.8904,0.4141,-0.0337,-1.1680,-0.3707,-5.32,0.02,1.1875,-0.4609,8.0820,1.1804,1.4028,40.74,54.42,57.34,1
6.378,0.6016,0.8460,0.4141,0.0350,-1.1680,-0.4931,-5.30,0.01,0.5742,-1.3008,7.4727,0.5651,1.3193,40.74,57.21,57.34,1
6.396,2.9141,0.8212,0.2148,-0.0243,2.9023,-0.5208,-5.25,-0.02,3.5234,-0.6523,12.1445,3.5097,1.7139,40.74,55.82,58.79,1
6.416,-0.7930,1.2397,-1.5156,-0.0812,0.2969,0.4377,-5.22,0.08,-0.1914,-2.3750,9.5430,-0.1877,1.5091,40.74,56.60,59.31,1
6.429,1.9648,1.1481,0.8594,-0.1115,-0.9688,0.3149,-5.22,0.08,2.5664,0.0000,8.2773,2.5701,1.6721,40.74,58.10,59.38,1
6.446,-0.4570,1.2328,0.7734,0.2110,0.4180,-0.0102,-5.11,0.04,0.1523,-0.0781,9.6484,0.1485,1.4427,40.74,59.33,59.38,1
6.470,0.4766,0.8001,-0.1523,0.2606,-2.6445,-0.3346,-5.03,-0.04,3.4102,0.6914,14.0156,3.3932,1.4532,40.74,58.43,61.07,1
6.487,2.7773,1.2175,1.5273,0.5152,4.7852,0.6545,-4.97,-0.02,0.4961,-2.3750,9.0781,0.4819,1.7700,40.74,59.43,63.09,1
6.500,-0.1289,1.1163,-1.5469,0.2670,-0.1641,0.8085,-4.94,0.04,1.6484,0.7266,8.6992,1.6439,1.5793,40.74,59.80,63.09,1
6.516,1.0234,1.0182,1.5547,0.4390,-0.5469,0.4479,-4.88,0.07,-0.6523,-0.0781,6.7070,-0.6513,1.4148,40.74,61.05,63.46,1
6.536,0.2422,0.4890,-0.3359,0.5027,-3.4102,-0.5259,-4.81,0.02,0.8828,-1.1484,5.8242,0.8754,1.0489,40.74,62.34,64.22,1
6.548,0.2266,0.4320,-0.3437,0.3159,-3.4102,-1.1642,-4.77,-0.05,3.7148,0.8828,13.5664,3.6951,1.2343,40.74,62.44,65.94,1
6.566,3.0586,1.0005,1.6797,0.5766,4.3281,-0.0886,-4.70,-0.11,-0.1133,-2.2227,7.5469,-0.1433,1.6235,40.74,61.59,65.83,1
6.586,2.2461,0.8545,1.9297,0.3388,0.7266,-0.0958,-4.62,-0.10,2.9102,1.1484,9.9648,2.8820,1.6904,40.74,63.29,66.62,1
6.599,2.2461,1.0683,1.9297,0.5831,0.7266,0.0305,-4.59,-0.11,-0.9961,0.3437,6.6289,-1.0255,1.5608,40.74,66.21,69.28,1
6.616,1.3047,0.5960,0.3516,0.7505,-1.8398,-0.6159,-4.54,-0.15,1.9922,-0.4219,7.3906,1.9566,1.3393,40.74,66.21,69.28,1
6.635,1.8242,0.8385,1.7930,0.7527,3.1016,-0.5677,-4.47,-0.22,2.5273,1.0352,12.3398,2.4783,1.6296,40.74,64.90,69.69,1
6.650,-0.3672,0.8814,-1.0508,0.7554,0.1953,0.0118,-4.45,-0.24,0.3437,-1.8008,9.4258,0.2928,1.3339,40.74,66.26,68.48,1
6.667,2.1914,0.7320,2.3984,0.5191,0.9258,0.1223,-4.39,-0.25,2.9102,1.6484,10.1484,2.8564,1.6058,40.74,66.68,68.90,1
6.687,-1.2617,0.4653,0.3984,0.7172,-1.8711,-0.2228,-4.35,-0.31,0.5352,-0.0781,6.0469,0.4720,0.9408,40.74,67.54,70.36,1
6.707,-0.2070,0.2089,0.6562,0.6838,-3.1758,-0.9790,-4.31,-0.38,2.7578,-0.1523,12.2617,2.6821,0.9835,40.74,68.12,71.06,1
6.719,2.0078,0.4571,0.5742,0.6651,3.0312,-0.5118,-4.30,-0.37,0.4609,-1.7617,10.2305,0.3875,1.1762,40.74,66.41,71.06,1
6.737,-0.2891,0.3885,-1.0352,0.2832,1.0000,0.0435,-4.26,-0.36,1.2266,0.9570,7.8555,1.1550,1.0147,40.74,68.05,71.05,1
6.756,0.4219,0.3687,0.1758,0.4810,-0.3320,-0.2189,-4.23,-0.39,1.1875,-0.5352,8.8867,1.1107,1.0527,40.74,71.76,72.94,1
6.769,0.4219,0.3769,0.1758,0.4341,-0.3320,-0.2363,-4.22,-0.43,0.4219,-0.4961,6.5078,0.3383,0.9993,40.74,69.37,74.80,1
6.786,2.3516,0.3859,0.6641,0.3915,3.8828,-0.4153,-4.18,-0.50,3.1406,-0.0391,13.1016,3.0437,1.3720,40.74,70.42,74.80,1
6.806,0.2773,0.7775,-1.3438,0.3081,1.3164,0.5983,-4.14,-0.53,1.0742,-2.0312,10.5312,0.9732,1.3880,40.74,72.68,74.01,1
6.826,0.1211,0.5724,2.0352,0.4928,-2.2461,0.0547,-4.13,-0.53,1.9922,-1.7227,8.1992,1.8914,1.2799,40.74,73.43,73.87,1
6.837,1.1797,0.5878,-1.0352,0.4841,-1.0117,-0.1999,-4.11,-0.58,1.9922,-1.7227,8.1992,1.8828,1.3725,40.74,73.50,76.05,1
6.857,2.2812,1.0333,0.6406,0.3370,1.2070,0.0144,-4.07,-0.66,0.2695,-1.2266,10.2305,0.1458,1.6949,40.74,72.65,77.86,1
6.877,-0.5664,0.7570,-0.5547,0.1586,1.0156,0.3102,-4.03,-0.69,3.0273,-1.6484,9.7656,2.8979,1.4747,40.74,74.76,75.87,1
6.889,2.1914,0.8877,-0.9766,-0.0641,0.5586,0.3962,-4.01,-0.66,-0.2695,0.4219,7.2773,-0.3935,1.5271,40.74,74.76,77.10,1
6.907,-1.1133,0.5261,1.0859,0.1336,-1.9336,-0.1093,-3.97,-0.72,1.8398,-1.9531,6.6641,1.7064,1.1494,40.74,75.72,80.25,1
6.926,2.2266,0.6591,1.1836,-0.0191,2.6250,-0.4914,-3.91,-0.82,3.1016,0.5352,11.8398,2.9501,1.6140,40.74,76.75,79.15,1
6.939,2.2266,0.8999,1.1836,0.1656,2.6250,-0.0128,-3.88,-0.86,1.4922,-2.1836,10.9922,1.3338,1.6894,40.74,79.91,78.97,1
6.956,-0.1641,0.8316,2.0117,0.0222,-1.8555,0.3571,-3.83,-0.88,0.7266,1.3789,7.3555,0.5658,1.3978,40.74,77.10,81.09,1
6.976,1.5156,0.6836,-0.4844,0.3868,-0.7070,-0.1785,-3.79,-0.92,2.4141,-1.1094,8.5039,2.2465,1.5338,40.74,81.39,81.38,1
6.990,2.5703,0.8958,0.8164,0.3570,1.5898,-0.0760,-3.79,-0.92,3.4844,0.1914,10.7969,3.3168,1.8077,40.74,78.34,82.90,1
7.007,-0.6992,1.1091,-0.8086,0.3573,1.0547,0.3537,-3.70,-1.07,0.2305,-1.4180,10.2695,0.0363,1.5087,40.74,80.72,83.75,1
7.029,1.9648,0.9018,0.6328,0.1812,1.2461,0.6220,-3.63,-1.12,1.5313,-0.7656,8.1953,1.3297,1.6541,40.74,80.29,81.83,1
7.047,0.5859,0.8981,-0.1797,0.1295,-1.0117,0.2994,-3.57,-1.18,0.4609,-0.7656,5.5547,0.2476,1.4748,40.74,82.66,84.75,1
7.059,-0.4922,0.6634,-0.1875,0.0599,-3.6484,-0.3958,-3.53,-1.28,0.9961,-0.4961,11.1094,0.7666,1.2424,40.74,80.68,87.25,1
7.077,0.0273,0.4507,0.0742,0.0476,1.9063,-0.0890,-3.45,-1.43,3.0273,-2.5273,12.5625,2.7721,1.2642,40.74,81.97,86.75,1
7.096,0.7461,0.7758,1.1602,-0.2732,1.3984,0.8457,-3.36,-1.53,1.7227,0.6133,10.6094,1.4496,1.4855,40.74,84.27,88.10,1
7.109,0.7461,0.7713,1.1602,-0.0530,1.3984,0.9306,-3.31,-1.57,0.1133,-0.6523,4.9766,-0.1669,1.3502,40.74,84.78,86.88,1
7.129,2.1328,0.5428,1.3672,0.1163,3.2773,0.0943,-3.20,-1.75,3.1406,0.8438,12.4883,2.8302,1.4950,40.74,82.20,90.33,1
7.146,1.4375,0.9381,-2.1055,0.1932,1.1328,0.8255,-3.10,-1.85,2.4531,-2.6055,10.3437,2.1253,1.7179,40.74,86.68,88.69,1
7.160,1.4375,1.0148,-2.1055,-0.1599,1.1328,0.8727,-3.04,-1.91,-0.5352,1.1484,7.6953,-0.8733,1.5398,40.74,89.10,90.65,1
7.177,0.3555,0.4623,-0.9414,0.0311,-3.5430,0.0489,-2.93,-1.98,1.3789,-1.4180,5.6680,1.0297,1.1382,40.74,86.24,90.18,1
7.199,4.2930,1.0307,1.4492,0.0668,5.9570,0.2835,-2.82,-2.06,2.4141,-2.1836,10.8008,2.0515,1.9836,40.74,86.14,92.87,1
7.217,1.3750,1.3101,-1.7383,-0.2466,1.5898,0.9261,-2.73,-2.04,-0.3828,1.1875,7.2070,-0.7430,1.7789,40.74,88.32,90.76,1
7.230,-1.3984,0.8985,1.6172,-0.0613,-2.0234,0.5180,-2.67,-1.98,0.5742,-0.1914,5.9766,0.2250,1.2998,40.74,89.65,91.17,1
7.248,-0.4414,0.4589,0.2305,0.1078,-3.2500,-0.4742,-2.56,-2.02,4.4805,0.0781,11.6055,4.1238,1.3068,40.74,87.62,92.52,1
7.267,0.3789,1.0081,-1.6016,0.0548,1.3086,0.0918,-2.43,-2.11,1.4180,-1.9922,10.5352,1.0458,1.5849,40.74,89.98,92.75,1
7.279,0.3789,0.9115,-1.6016,-0.1996,1.3086,0.2787,-2.38,-2.10,-0.3828,0.9570,7.5117,-0.7532,1.3583,40.74,92.01,93.00,1
7.298,-0.8164,0.2692,0.3594,0.0750,-3.3281,-0.3575,-2.25,-2.15,0.2305,0.0000,5.8984,-0.1481,0.7732,40.74,91.68,95.37,1
7.317,2.8047,0.1872,1.6094,0.2704,4.0273,-0.7818,-2.13,-2.30,3.8672,1.2656,13.2500,3.4634,1.2571,40.74,93.00,97.04,1
7.330,2.8047,0.5893,1.6094,0.4760,4.0273,-0.0431,-2.08,-2.32,3.4492,-1.5703,11.3008,3.0419,1.5620,40.74,90.41,95.96,1
7.347,-1.8984,0.8848,1.7305,0.2915,-1.7578,0.4841,-2.00,-2.27,-0.8438,1.4180,7.4727,-1.2436,1.1184,40.74,92.33,95.43,1
7.369,-2.0742,-0.0911,-0.5469,0.4323,-4.8203,-0.7506,-1.90,-2.41,1.9141,0.4961,12.5664,1.4916,0.4968,40.74,94.65,98.05,1
7.386,0.8281,-0.0112,0.7852,0.4494,3.3398,-0.0989,-1.81,-2.50,4.8633,-1.2266,12.9883,4.4252,1.0109,40.74,96.07,98.67,1
7.400,3.7773,0.6276,-0.9453,0.2579,3.7578,0.7264,-1.77,-2.46,0.5742,0.1523,9.1562,0.1423,1.4247,40.74,97.90,98.73,1
7.417,-0.5039,0.5734,0.4180,0.2184,-0.0781,0.7372,-1.71,-2.42,0.5742,-1.3789,5.7031,0.1497,1.0636,40.74,94.09,97.78,1
7.437,-0.9102,0.1720,-0.1328,-0.0726,2.0664,-0.0715,-1.63,-2.56,0.1914,-0.3828,11.2969,-0.2567,0.6617,40.74,95.91,99.09,1
7.449,-0.9102,0.0058,-0.1328,-0.0819,2.0664,0.2569,-1.58,-2.62,3.4844,0.6523,10.9141,3.0253,0.7824,40.74,97.99,98.11,1
7.467,2.3672,0.4713,0.8867,0.1293,1.6836,0.6854,-1.54,-2.59,2.5273,-0.0781,11.1875,2.0726,1.3420,40.74,97.48,100.11,1
7.485,2.0391,0.8997,0.2578,0.1853,0.1445,0.9574,-1.48,-2.52,3.1406,0.0391,9.3867,2.6983,1.7294,40.74,96.51,102.38,1
7.500,2.0391,1.0747,0.2578,0.1964,0.1445,0.8326,-1.46,-2.50,0.0781,-1.3398,8.6953,-0.3607,1.6338,40.74,97.60,102.02,1
7.517,-0.9492,0.5409,0.6641,-0.0325,-1.4258,0.3316,-1.41,-2.57,0.1523,0.4609,7.8164,-0.2981,0.9673,40.74,100.28,103.68,1
7.535,-1.5469,0.0705,-0.7695,0.0504,-3.6875,-0.3477,-1.36,-2.72,-0.4219,-0.9570,5.5547,-0.8985,0.4756,40.74,97.43,106.24,1
7.558,-0.2500,-0.1939,1.2227,0.2118,-0.0859,-0.6893,-1.34,-2.82,3.2930,-0.0391,10.0703,2.7995,0.6408,40.74,98.21,104.65,1
7.576,1.5039,0.2700,0.3711,0.2774,0.4805,-0.3431,-1.33,-2.84,2.6445,0.1914,9.7305,2.1487,1.1527,40.74,103.61,103.92,1
7.586,1.5039,0.4595,0.3711,0.2918,0.4805,-0.2166,-1.32,-2.81,3.4102,-0.1133,11.7617,2.9189,1.3677,40.74,102.17,105.34,1
7.607,2.2695,0.9252,0.0586,0.2451,2.5117,0.4306,-1.32,-2.81,1.9922,-2.2969,9.5391,1.5012,1.6941,40.74,103.30,106.12,1
7.619,0.8516,1.0049,-2.1250,-0.1315,0.2891,0.5498,-1.32,-2.80,1.5313,-0.3047,9.1211,1.0417,1.6148,40.74,101.48,106.77,1
7.638,0.3906,0.8594,-0.1328,-0.2560,-0.1328,0.3825,-1.33,-2.85,1.0352,-1.1875,5.9766,0.5368,1.4114,40.74,101.82,108.75,1
7.656,-0.2891,0.5410,-0.2578,-0.4038,1.3906,-0.3108,-1.34,-2.95,0.8828,-0.4219,10.6523,0.3666,1.0753,40.74,103.64,110.35,1
7.670,-0.2891,0.4135,-0.2578,-0.3813,1.3906,-0.0494,-1.33,-3.02,2.9102,-0.3047,10.6094,2.3836,1.1270,40.74,106.60,108.91,1
7.687,0.6445,0.6599,-0.2187,-0.3122,-0.0937,0.3148,-1.34,-3.10,1.8398,-0.3828,9.1602,1.2992,1.3151,40.74,103.93,111.19,1
7.706,1.4766,0.7221,-0.1797,-0.2826,1.7070,0.3430,-1.33,-3.30,2.6797,-0.3437,10.9531,2.1046,1.4890,40.74,106.42,111.74,1
7.727,1.0938,0.8946,-0.6797,-0.3582,2.1289,0.9014,-1.33,-3.46,2.1836,-1.7617,7.4336,1.5805,1.5532,40.74,108.44,110.86,1
7.738,0.9727,0.9155,-1.5898,-0.4804,-1.8281,0.7734,-1.34,-3.53,2.1836,-1.7617,7.4336,1.5691,1.5556,40.74,108.61,113.86,1
7.759,-0.1914,0.6099,0.3945,-0.3533,0.1289,0.3043,-1.36,-3.72,0.8828,-1.9922,7.0078,0.2350,1.0876,40.74,111.31,112.17,1
7.777,-0.3516,0.3472,-1.8203,-0.6314,-2.2461,-0.2710,-1.38,-3.89,2.1836,-0.3828,9.9258,1.5073,0.9437,40.74,113.66,113.64,1
7.789,0.9414,0.3911,-0.2109,-0.6473,0.6562,-0.2623,-1.40,-3.95,2.6445,0.6133,10.0703,1.9580,1.1030,40.74,108.67,113.49,1
7.807,1.4023,0.6492,0.7930,-0.3014,0.8086,0.0319,-1.44,-4.07,1.1484,-1.1875,7.5859,0.4415,1.2216,40.74,110.05,114.23,1
7.826,0.1211,0.4957,1.4609,-0.2399,1.5000,-0.1546,-1.50,-4.17,1.3789,1.2656,10.7695,0.6558,1.0023,40.74,111.81,116.10,1
7.840,0.1211,0.4381,1.4609,0.0213,1.5000,0.0995,-1.53,-4.21,1.1875,-0.5742,6.8242,0.4573,0.9327,40.74,112.59,118.85,1
7.857,-0.1328,0.2692,-0.0664,0.0169,1.6211,-0.2150,-1.57,-4.37,1.1484,-0.2695,10.8789,0.3913,0.7556,40.74,112.27,116.67,1
7.877,0.8555,0.2342,0.1055,0.0070,0.4648,0.2132,-1.64,-4.49,2.1445,-0.1133,9.7266,1.3664,0.8678,40.74,115.18,116.32,1
7.891,0.3516,0.3314,0.0664,0.0257,-0.6836,0.1770,-1.67,-4.54,1.6484,-0.1523,8.5781,0.8622,0.8671,40.74,111.87,121.54,1
7.908,-0.3008,0.2849,-0.6484,-0.0199,-1.2227,-0.1102,-1.73,-4.61,0.9961,-0.8828,8.0430,0.1968,0.7188,40.74,112.74,120.02,1
7.929,0.6875,0.2371,1.3984,0.0802,1.5352,-0.0658,-1.83,-4.66,1.6484,-1.4180,7.1641,0.8415,0.7934,40.74,114.61,118.82,1
7.947,0.3437,0.2887,-1.1680,-0.1139,-2.1016,-0.4166,-1.89,-4.70,0.3437,-0.1914,9.8437,-0.4698,0.7007,40.74,113.91,123.29,1
7.960,-0.9609,0.1005,0.0742,-0.1564,0.5781,-0.3779,-1.94,-4.70,1.5313,-0.3437,9.1992,0.7176,0.5366,40.74,117.63,120.66,1
7.977,0.2266,0.0623,-0.0703,-0.1230,-0.0703,-0.2503,-2.01,-4.73,0.9180,-2.1445,7.6953,0.0981,0.5373,40.74,114.80,120.74,1
7.997,-0.8164,-0.0916,0.3594,-0.4357,0.1133,-0.4805,-2.09,-4.79,0.4961,0.0781,9.3867,-0.3342,0.2916,40.74,117.29,124.44,1
8.010,-0.8164,-0.2029,0.3594,-0.3136,0.1133,-0.3893,-2.14,-4.80,2.5273,-1.6094,11.5312,1.6960,0.3578,40.74,119.66,122.90,1
8.028,0.3555,0.0952,-0.1562,-0.4658,-1.8438,0.0621,-2.21,-4.93,1.6836,-0.4609,7.4336,0.8307,0.6230,40.74,120.41,122.34,1
8.046,-1.0742,0.0696,-0.2930,-0.3680,-1.3828,-0.5507,-2.26,-5.05,0.2695,-0.6133,7.8906,-0.6044,0.3760,40.74,119.53,126.50,1
8.061,-1.0742,-0.1061,-0.2930,-0.3565,-1.3828,-0.6785,-2.29,-5.10,2.9102,-1.4570,9.7266,2.0276,0.4353,40.74,122.55,124.66,1
8.078,2.0195,0.3490,0.4141,-0.4485,2.3789,-0.2415,-2.36,-5.11,3.3711,0.0781,11.6406,2.4868,1.0803,40.74,119.83,126.04,1
8.098,-1.5742,0.3665,-1.8398,-0.5006,-3.1055,-0.1906,-2.39,-5.12,1.6836,0.1914,10.0039,0.7976,0.6910,40.74,120.26,127.96,1
8.117,0.3398,0.2397,0.5352,-0.3548,0.7344,-0.1674,-2.42,-5.22,2.1055,-0.5352,9.5430,1.2025,0.7515,40.74,123.21,127.06,1
8.129,0.7539,0.3255,-0.1836,-0.2683,0.2734,-0.0387,-2.43,-5.20,-1.4922,-1.5703,4.4102,-2.3915,0.5643,40.74,123.18,130.79,1
8.147,-2.8516,-0.3510,-1.2109,-0.4716,-4.8594,-1.0861,-2.44,-5.30,0.4219,0.9570,9.1172,-0.4945,-0.1247,40.74,123.64,126.57,1
8.166,1.7344,-0.4485,-0.7148,-0.1694,2.5703,-0.8189,-2.47,-5.33,3.1016,-1.0742,11.8359,2.1799,0.3421,40.74,122.53,129.47,1
8.180,1.7344,-0.1132,-0.7148,-0.2532,2.5703,-0.2983,-2.47,-5.38,0.9180,-1.3789,9.1211,-0.0127,0.4483,40.74,125.79,130.36,1
8.197,-0.4570,-0.0742,-1.0117,-0.4498,-0.1484,-0.0865,-2.48,-5.48,0.3828,0.4961,7.3164,-0.5644,0.2712,40.74,126.92,127.65,1
8.216,3.6719,0.0119,-1.2422,-0.2780,4.9922,-0.0614,-2.50,-5.49,5.0547,-1.6094,14.2539,4.1065,1.0183,40.74,127.00,135.28,1
8.239,2.6484,1.1024,-0.1289,-0.4357,2.7227,1.3129,-2.51,-5.49,-0.6133,-0.1523,3.3672,-1.5625,1.4077,40.74,127.31,130.72,1
8.248,-1.9961,0.9683,0.2227,-0.3605,-5.8945,0.8400,-2.50,-5.48,-0.6133,-0.1523,3.3672,-1.5604,0.9518,40.74,125.88,133.32,1
8.269,-0.4570,0.1941,-1.1172,-0.3675,2.5312,-0.1617,-2.50,-5.46,4.1758,0.4219,12.2227,3.2324,0.7915,40.74,128.60,132.49,1
8.287,2.8086,0.7322,0.7969,-0.1565,2.9531,0.6954,-2.49,-5.45,1.1484,-0.2695,7.2383,0.2072,1.2420,40.74,126.74,132.29,1
8.301,-0.2266,0.7255,0.1055,-0.0517,-2.0273,0.4301,-2.48,-5.47,-3.1016,-1.4570,4.4805,-4.0477,0.6719,40.74,128.77,137.67,1
8.318,-4.4766,-0.4851,-1.0820,-0.2699,-4.7852,-0.8772,-2.48,-5.51,3.0273,0.4609,11.5703,2.0754,-0.1774,40.74,130.12,134.17,1
8.338,3.3984,-0.1210,0.1055,-0.1342,3.5273,-0.3187,-2.46,-5.64,4.7891,-0.2695,12.7930,3.8146,0.7258,40.74,127.32,137.85,1
8.350,3.3984,0.6579,0.1055,-0.0812,3.5273,0.5325,-2.45,-5.86,0.5352,-1.3789,7.7344,-0.4767,1.0608,40.74,132.08,134.90,1
8.367,-0.8555,0.4937,-1.0039,-0.2738,-1.5273,0.2632,-2.45,-6.06,-1.7617,1.4922,6.5078,-2.8082,0.4335,40.74,131.54,137.34,1
8.387,3.3047,-0.1059,0.3437,0.1713,6.9375,0.0802,-2.45,-6.22,4.7109,-0.0391,16.2031,3.6372,0.7527,40.74,131.54,136.54,1
8.401,3.3047,0.4180,0.3437,0.1978,6.9375,1.1335,-2.47,-6.24,3.4844,1.1484,15.8633,2.4083,1.0973,40.74,129.90,135.26,1
8.418,-2.8750,0.6612,0.5117,0.5044,-2.1406,2.3160,-2.52,-6.18,-1.4922,0.1133,7.1250,-2.5589,0.4444,40.74,128.88,136.99,1
8.437,-3.7656,-0.4130,0.1016,0.4736,-3.0742,0.9773,-2.59,-6.09,-2.4141,-0.3047,6.2070,-3.4656,-0.6075,40.74,130.68,135.74,1
8.458,-0.7383,-0.6938,0.5664,0.4710,-2.5781,-0.0619,-2.67,-6.12,-2.4141,-3.3320,5.9023,-3.4708,-0.8025,40.74,130.43,136.35,1
8.469,-3.7578,-0.9422,-2.9102,0.2075,-3.3828,-0.5128,-2.69,-6.14,-2.4141,-3.3320,5.9023,-3.4742,-1.2129,40.74,131.54,135.30,1
8.489,-2.9453,-1.8201,-0.7187,-0.3993,-2.0781,-1.2725,-2.73,-6.17,-0.0391,0.1133,11.3750,-1.1036,-1.6616,40.74,130.74,137.04,1
8.508,-1.3828,-1.7934,0.5508,-0.2089,2.0977,-0.5769,-2.79,-6.30,0.9180,-0.7266,10.7656,-0.1682,-1.4321,40.74,132.43,134.79,1
8.520,-0.4180,-1.5544,-0.2812,-0.1686,1.4844,-0.0792,-2.84,-6.31,0.0391,1.3398,9.7656,-1.0488,-1.2231,40.74,131.96,138.56,1
8.538,-1.3047,-1.4283,1.7930,0.2585,0.4883,0.1438,-2.93,-6.39,-0.9961,-1.9141,7.7773,-2.0976,-1.2595,40.74,131.96,138.03,1
8.557,-0.3555,-1.5226,-0.2891,-0.0443,1.1758,-0.0894,-3.01,-6.52,0.9961,-0.7656,10.4570,-0.1276,-1.1099,40.74,131.61,141.20,1
8.576,-2.1172,-1.3325,-0.8164,-0.1559,-0.2344,0.1566,-3.06,-6.59,-0.7656,-1.3008,9.0430,-1.9024,-1.2239,40.74,129.02,138.29,1
8.588,-0.4258,-1.3709,-2.0664,-0.4021,2.2578,0.2695,-3.09,-6.59,0.9180,-2.5664,11.5312,-0.2188,-1.0015,40.74,129.20,137.04,1
8.606,-1.8398,-1.2160,-0.0352,-0.7116,1.4922,0.7721,-3.13,-6.65,-0.4961,-0.5352,10.7656,-1.6432,-1.0947,40.74,128.78,137.10,1
8.628,-1.9492,-1.4529,-1.0234,-0.6997,0.1484,0.7202,-3.18,-6.70,-1.4570,-0.9570,9.8047,-2.6122,-1.3903,40.74,128.85,137.82,1
8.639,-2.8008,-1.5972,-0.4414,-0.7029,0.5352,0.6633,-3.20,-6.75,-1.4570,-0.9570,9.8047,-2.6196,-1.5791,40.74,131.75,138.16,1
8.659,-4.6016,-2.2841,-0.2500,-0.5843,-3.1836,0.0484,-3.23,-6.82,0.3047,-1.2656,11.3750,-0.8713,-2.1635,40.74,129.67,138.16,1
8.678,-1.0313,-2.1512,-0.7344,-0.5967,2.1055,0.3023,-3.25,-6.81,1.7227,-0.8438,10.7656,0.5489,-1.6836,40.74,133.24,135.57,1
8.690,0.4023,-1.6832,-0.3125,-0.5624,1.4844,0.6060,-3.27,-6.77,1.9141,-0.7266,11.5352,0.7467,-1.1728,40.74,131.58,136.69,1
8.708,0.6016,-1.0476,-0.1953,-0.4656,2.2500,1.0246,-3.28,-6.74,2.7969,-0.9961,12.2578,1.6348,-0.5567,40.74,132.84,136.86,1
8.727,-0.9766,-0.4271,0.1953,-0.3955,-1.1680,1.3152,-3.32,-6.66,0.3047,-0.3437,8.1172,-0.8440,-0.3584,40.74,130.75,137.93,1
8.746,1.3086,-0.4001,0.4687,-0.2060,2.5000,0.9044,-3.33,-6.62,2.5664,-0.0781,11.8008,1.4258,0.0058,40.74,132.29,139.59,1
8.758,-2.0937,-0.2942,-0.1719,-0.1080,-5.2344,0.6388,-3.35,-6.56,-0.8438,-0.7266,4.0664,-1.9753,-0.4332,40.74,137.42,137.95,1
8.776,-2.8047,-0.8614,0.4492,-0.0764,-5.7734,-1.0700,-3.39,-6.58,-1.5703,-0.1133,3.5234,-2.7045,-1.0318,40.74,135.41,141.16,1
8.798,0.4727,-0.6969,0.6016,0.1737,-0.9063,-1.5411,-3.43,-6.70,1.1875,-1.0352,8.8477,0.0320,-0.4432,40.74,137.06,140.67,1
8.809,-0.0547,-0.5594,-0.4570,0.1547,-0.4492,-1.4070,-3.45,-6.71,1.1875,-1.0352,8.8477,0.0315,-0.3703,40.74,135.69,143.10,1
8.828,2.2891,-0.0274,1.4297,0.2360,3.4961,-0.4745,-3.50,-6.70,2.2969,-0.5742,8.8437,1.1425,0.3313,40.74,136.57,144.40,1
8.848,1.0547,0.3564,0.0117,0.2607,-0.4492,-0.2216,-3.54,-6.70,0.1523,-0.6914,10.8398,-1.0026,0.3892,40.74,132.45,275.33,1
8.860,-1.0742,0.1839,-0.0977,0.1888,1.5430,0.0341,-3.56,-6.69,2.1055,-1.3398,12.6836,0.9521,0.2378,40.74,132.56,139.98,1
8.878,0.8789,0.2594,-0.7461,-0.0359,3.3828,0.8692,-3.60,-6.71,-0.4219,-1.1875,8.8164,-1.5790,0.2372,40.74,135.23,139.72,1
8.897,-2.5117,-0.3121,-0.3164,-0.2111,-3.8555,0.3597,-3.62,-6.68,-1.3008,-0.9180,5.4414,-2.4520,-0.5752,40.74,135.26,141.78,1
8.911,-2.5117,-0.6499,-0.3164,-0.2272,-3.8555,-0.2878,-3.63,-6.66,-3.2187,-1.2266,5.9414,-4.3674,-1.0165,40.74,137.46,142.65,1
8.928,-1.9453,-1.4015,0.8867,-0.1988,-1.4805,-1.0395,-3.64,-6.62,-0.7656,0.2695,7.8125,-1.9068,-1.5879,40.74,139.26,139.39,1
8.947,-1.3242,-1.5356,-0.1875,0.0853,-0.3398,-1.1002,-3.68,-6.54,-0.1523,-0.8047,8.9609,-1.2802,-1.5565,40.74,136.69,141.06,1
8.969,0.1836,-1.2319,-0.2266,-0.0137,1.4219,-0.5704,-3.70,-6.50,1.9141,-0.1914,10.9922,0.7932,-0.9912,40.74,136.20,139.88,1
8.979,0.7578,-0.9686,0.4258,0.0058,1.6914,-0.2428,-3.70,-6.53,1.9141,-0.1914,10.9922,0.7878,-0.7179,40.74,139.10,143.06,1
9.000,0.2227,-0.4622,-0.3320,0.0326,-1.3672,-0.0532,-3.71,-6.59,0.7656,0.3437,9.0781,-0.3711,-0.4079,40.74,136.41,144.82,1
9.017,-0.3906,-0.4037,0.9688,0.2171,-0.2187,-0.1717,-3.74,-6.67,-1.4180,-1.6484,5.6367,-2.5686,-0.5749,40.74,141.84,142.71,1
9.031,-2.5898,-0.7386,-1.0156,0.0786,-3.6562,-0.7101,-3.75,-6.76,0.6133,0.0781,8.2773,-0.5522,-0.8569,40.74,141.40,144.63,1
9.048,-0.5742,-0.8176,0.7109,0.1504,-1.0156,-0.9612,-3.79,-6.93,-1.1094,-0.8047,5.5195,-2.3035,-0.9145,40.74,139.78,145.26,1
9.067,0.2383,-0.9303,-0.0508,0.1248,2.4023,-1.0929,-3.80,-7.03,1.4570,-0.6914,11.6797,0.2465,-0.9189,40.74,138.60,148.94,1
9.087,1.4258,-0.5039,0.5352,0.1219,4.3164,0.0515,-3.87,-7.14,2.6445,-0.1133,13.5937,1.4144,-0.3310,40.74,143.23,144.05,1
9.098,1.4258,-0.2075,0.5352,0.1853,4.3164,0.7066,-3.89,-7.12,1.2266,-0.6523,9.1602,-0.0004,-0.1759,40.74,140.69,146.28,1
9.116,0.5117,-0.0109,0.5781,0.1999,2.9375,0.9226,-3.92,-7.17,1.7227,-0.0781,12.2187,0.4878,-0.0082,40.74,140.29,145.69,1
9.139,0.5586,0.1745,-1.5195,0.0066,2.4805,1.5393,-3.95,-7.18,0.8828,-0.7266,10.2656,-0.3536,0.1011,40.74,141.12,147.25,1
9.149,-0.3047,0.1644,-0.0625,-0.1112,0.9844,1.5642,-3.98,-7.10,0.8828,-0.7266,10.2656,-0.3403,0.0333,40.74,138.26,146.78,1
9.167,-0.4609,0.0189,-0.3242,-0.1183,-1.1211,1.2313,-4.01,-7.08,0.7266,-0.9961,8.1602,-0.4927,-0.1065,40.74,138.16,146.56,1
9.187,-1.8633,-0.4551,-0.3242,-0.1885,-0.0859,0.6584,-4.03,-7.05,0.0000,-0.0781,9.0430,-1.2150,-0.6650,40.74,142.96,145.31,1
9.207,-0.2812,-0.6302,0.5273,-0.0281,0.8242,0.4970,-4.05,-7.04,0.8828,-0.1523,10.1094,-0.3294,-0.6846,40.74,140.90,148.68,1
9.217,-0.2812,-0.5766,0.5273,0.0572,0.8242,0.5472,-4.07,-7.05,0.1133,-1.1875,10.6484,-1.1014,-0.6920,40.74,140.88,304.69,1
9.238,-1.0508,-0.6631,-0.5078,-0.0385,1.3594,0.7442,-4.07,-7.07,1.6836,-0.0391,12.3398,0.4663,-0.6826,40.74,140.63,144.51,1
9.251,0.5273,-0.5065,0.6484,0.0352,3.0469,1.1396,-4.09,-7.07,0.7266,-1.4570,9.5820,-0.4916,-0.5051,40.74,139.96,149.95,1
9.269,-0.4375,-0.4268,-0.7773,-0.1064,0.2891,1.0701,-4.08,-7.04,1.1875,-0.6523,9.5039,-0.0257,-0.4638,40.74,143.35,150.20,1
9.286,-0.5742,-0.3444,-0.3164,-0.1344,-1.2539,0.6613,-4.07,-7.04,0.5742,-0.9961,8.0391,-0.6387,-0.4495,40.74,143.25,148.15,1
9.307,-0.2969,-0.3874,-0.5859,-0.2076,0.0898,0.2257,-4.07,-7.06,0.8438,-1.2656,9.3828,-0.3716,-0.4440,40.74,140.53,147.32,1
9.319,-0.2227,-0.3614,-0.0469,-0.2482,0.1641,0.2015,-4.06,-7.05,0.9180,-0.7266,9.4648,-0.2967,-0.4114,40.74,142.43,149.21,1
9.337,-2.6055,-0.5127,-0.1719,-0.2011,-1.7578,0.0372,-4.05,-7.08,-1.4570,-0.8438,7.5469,-2.6768,-0.9056,40.74,141.14,149.86,1
9.358,-0.0312,-0.6564,1.2148,0.1158,0.9219,0.0183,-4.06,-7.08,-0.1523,-0.0781,6.5117,-1.3713,-0.7353,40.74,143.84,149.30,1
9.370,-1.2930,-0.6614,0.6016,0.2355,-2.7930,-0.1401,-4.06,-7.08,-0.1523,-0.0781,6.5117,-1.3712,-0.8330,40.74,143.80,150.51,1
9.390,-1.8594,-1.0373,0.7578,0.4056,-2.0664,-0.8385,-4.06,-7.12,1.5313,0.0000,10.9961,0.3056,-0.8835,40.74,144.03,148.57,1
9.407,0.3984,-0.7708,0.6875,0.4900,1.6914,-0.3551,-4.07,-7.08,1.1094,-0.9570,9.0000,-0.1102,-0.5790,40.74,141.44,151.65,1
9.421,-0.0078,-0.5744,-0.2773,0.3855,-0.3086,-0.2094,-4.06,-7.07,0.4961,-0.4219,10.6875,-0.7213,-0.5238,40.74,144.89,149.95,1
9.438,-0.6289,-0.5512,0.2578,0.3159,1.3750,0.1351,-4.06,-7.06,2.9492,-0.8828,13.3320,1.7331,-0.3832,40.74,142.15,149.14,1
9.456,-1.8594,-0.1735,-1.0820,0.0951,-2.4648,0.7875,-4.06,-6.93,-0.7656,-1.7617,6.8516,-1.9592,-0.4789,40.74,145.16,151.03,1
9.481,-1.7461,-0.7308,0.5937,-0.0488,-2.4648,-0.3213,-4.03,-6.95,0.6914,-1.8789,8.3555,-0.5057,-0.8445,40.74,143.74,149.86,1
9.489,-0.4023,-0.7793,-1.2070,-0.0942,-0.9688,-0.5309,-4.02,-6.96,0.6914,-1.8789,8.3555,-0.5082,-0.7928,40.74,149.12,150.88,1
9.507,-0.6250,-0.6902,-0.0937,-0.3207,-0.6641,-0.6307,-4.01,-6.97,0.4609,-0.7656,8.6562,-0.7396,-0.7637,40.74,143.64,149.86,1
9.528,0.7539,-0.3628,-0.4102,-0.3134,1.0977,-0.2522,-3.98,-6.97,0.2695,-1.1875,10.8359,-0.9318,-0.4110,40.74,146.61,153.40,1
9.540,-0.8086,-0.3163,-0.5234,-0.3373,1.5195,-0.0111,-3.97,-6.96,0.2695,-1.1875,10.8359,-0.9301,-0.4907,40.74,147.60,149.16,1
9.560,-0.1523,-0.3833,0.8867,-0.1842,-0.1641,0.2521,-3.94,-6.90,-0.6523,-0.1914,7.6953,-1.8417,-0.5794,40.74,145.16,151.42,1
9.578,-1.7148,-0.6636,0.4570,0.0245,-1.6211,-0.1884,-3.89,-6.93,-1.0742,-0.8047,6.9727,-2.2688,-0.9722,40.74,149.70,154.85,1
9.591,-2.1445,-0.9623,-0.1562,0.0260,-2.3477,-0.6170,-3.87,-6.94,0.9180,0.9570,10.3477,-0.2781,-1.1001,40.74,149.14,151.79,1
9.608,-0.1445,-0.8549,1.5977,0.3625,1.0234,-0.3618,-3.84,-6.90,0.3437,-0.6914,8.5000,-0.8453,-0.9116,40.74,148.61,152.88,1
9.627,-1.4844,-0.8353,-0.3242,0.2926,-1.3125,-0.4510,-3.81,-6.95,-0.4219,-0.9570,8.0117,-1.6188,-1.0598,40.74,147.02,155.93,1
9.647,0.0469,-0.8969,0.8555,0.2120,2.5547,-0.3860,-3.77,-6.98,1.1094,0.2305,11.8750,-0.0938,-0.8810,40.74,151.01,152.72,1
9.659,0.5078,-0.7150,-0.7617,0.1815,1.3672,-0.0293,-3.77,-6.98,1.5703,-1.3789,10.6914,0.3671,-0.6893,40.74,145.67,154.25,1
9.677,0.0195,-0.3372,0.6953,-0.0235,2.2500,0.5174,-3.72,-6.96,1.0742,0.0781,11.5703,-0.1252,-0.4378,40.74,147.60,155.13,1
9.700,-0.2891,-0.2630,-0.1562,0.0908,-0.9688,0.6137,-3.68,-6.94,-0.1914,-0.9570,7.2031,-1.3875,-0.4941,40.74,150.04,154.20,1
9.710,-1.2383,-0.3429,-0.3477,0.0375,-2.1172,0.2788,-3.67,-6.96,-0.1914,-0.9570,7.2031,-1.3912,-0.6319,40.74,148.63,155.59,1
9.730,0.3945,-0.3974,-0.0586,-0.0494,0.9375,-0.0689,-3.62,-7.00,1.8789,-1.0352,11.8008,0.6723,-0.3913,40.74,146.07,156.57,1
9.748,0.8242,-0.0777,-0.4336,-0.1350,2.4687,0.5554,-3.57,-7.03,0.6523,-1.3398,9.2305,-0.5585,-0.1893,40.74,148.08,156.99,1
9.766,-0.5937,-0.1334,0.9688,-0.1882,0.1719,0.5014,-3.51,-7.00,0.4609,0.3828,9.5039,-0.7446,-0.3562,40.74,149.81,153.59,1
9.778,-0.5937,-0.2041,0.9688,-0.0105,0.1719,0.4508,-3.50,-7.02,0.0000,-1.6484,8.4258,-1.2092,-0.4533,40.74,148.37,153.82,1
9.797,-1.0625,-0.4699,0.4648,-0.1322,-0.1719,0.1095,-3.45,-7.10,0.0000,-0.1133,9.1602,-1.2230,-0.7148,40.74,152.86,157.98,1
9.817,-0.0664,-0.5583,-0.3203,-0.0257,0.5547,0.0878,-3.37,-7.11,0.9961,-0.8828,9.8867,-0.2291,-0.6396,40.74,148.43,155.74,1
9.829,-0.4883,-0.4832,-0.8164,-0.1306,0.9766,0.2249,-3.35,-7.12,0.5742,-1.3789,10.3086,-0.6515,-0.6422,40.74,150.65,157.26,1
9.846,-0.2109,-0.4611,1.0078,-0.2216,1.7266,0.5412,-3.28,-7.08,0.8438,0.4609,11.0742,-0.3750,-0.5846,40.74,152.39,157.83,1
9.869,-1.0000,-0.4970,-0.4258,-0.0227,-1.6055,0.4335,-3.20,-7.00,-1.9922,-0.1523,6.4687,-3.1987,-0.9008,40.74,150.15,155.79,1
9.880,-3.0234,-0.7362,0.3789,-0.0202,-2.8711,0.0190,-3.19,-6.96,-1.9922,-0.1523,6.4687,-3.1917,-1.2527,40.74,153.92,159.41,1
9.897,-0.4102,-1.1758,1.0508,0.1467,0.1172,-0.5616,-3.13,-6.96,0.6133,0.5352,9.4648,-0.5852,-1.2259,40.74,151.38,157.11,1
9.918,-1.4531,-1.1456,-0.4805,0.1160,-0.5312,-0.4737,-3.07,-6.96,-1.6094,0.1914,6.5898,-2.8089,-1.4560,40.74,151.08,157.93,1
9.931,-2.6250,-1.3937,0.6992,0.1652,-2.7539,-0.8278,-3.05,-6.94,0.6914,0.9961,10.7266,-0.5039,-1.5704,40.74,154.13,159.80,1
9.948,-0.3242,-1.2337,1.4961,0.4930,1.3828,-0.4586,-3.00,-6.95,2.2617,-1.1094,11.6406,1.0642,-1.1430,40.74,149.59,160.03,1
9.968,1.2461,-0.6282,-0.6172,0.3098,2.3008,0.2668,-2.94,-6.94,-0.6914,-0.1133,8.2734,-1.8869,-0.7531,40.74,152.93,157.43,1
9.987,-0.3008,-0.7111,0.9375,0.3194,0.8828,0.1588,-2.91,-6.87,0.6914,0.4609,10.2266,-0.4925,-0.8306,40.74,152.04,159.29,1
9.999,-0.3008,-0.6481,0.9375,0.4143,0.8828,0.2700,-2.90,-6.87,0.0781,-0.6914,7.2031,-1.1064,-0.8278,40.74,152.56,158.88,1
10.017,-1.3125,-0.7371,0.5078,0.3237,-1.3438,-0.3164,-2.84,-6.96,-0.3047,0.0391,8.0117,-1.5032,-1.0107,40.74,154.37,156.94,1
10.040,0.6094,-0.6380,0.5391,0.3913,2.2539,-0.1140,-2.82,-6.98,0.6133,-1.2266,8.8477,-0.5886,-0.7169,40.74,150.94,159.54,1
10.050,-0.3789,-0.5255,-0.7656,0.3096,-0.5039,0.0291,-2.82,-6.97,0.6133,-1.2266,8.8477,-0.5876,-0.6970,40.74,153.75,157.95,1
10.067,-2.2187,-0.6311,0.8047,0.1303,-1.2227,-0.1796,-2.79,-6.95,-1.2266,0.3437,8.1211,-2.4245,-1.0721,40.74,152.46,157.06,1
10.088,0.6562,-0.5361,-0.8789,-0.0124,0.6484,-0.1211,-2.77,-6.96,0.0781,-1.3008,10.2695,-1.1210,-0.6794,40.74,155.64,161.29,1
10.107,-0.7539,-0.5315,-0.2383,-0.2025,-0.0508,0.0787,-2.76,-6.96,0.2305,-0.6914,9.3047,-0.9693,-0.7814,40.74,152.00,158.43,1
10.119,-0.7539,-0.5808,-0.2383,-0.2104,-0.0508,0.0501,-2.74,-6.91,1.4922,-0.4961,12.7227,0.3013,-0.7201,40.74,152.04,157.68,1
10.138,0.5234,-0.3472,-0.0430,-0.1751,3.3594,0.7762,-2.73,-6.86,-0.4219,-1.3398,6.7422,-1.6044,-0.5818,40.74,155.42,162.55,1
10.156,-1.7969,-0.6241,0.1758,-0.2859,-1.8516,0.0231,-2.73,-6.84,-0.8438,-0.2695,7.5117,-2.0227,-1.0230,40.74,153.82,160.18,1
10.169,-1.7969,-0.8043,0.1758,-0.2150,-1.8516,-0.2649,-2.73,-6.83,2.2617,-0.6133,11.6836,1.0843,-0.9279,40.74,157.36,162.97,1
10.186,0.0430,-0.3648,-0.8555,-0.2343,-1.1992,0.0966,-2.73,-6.86,0.9961,-1.3008,8.1562,-0.1853,-0.5229,40.74,154.70,162.65,1
10.207,0.5781,-0.2063,0.4844,-0.3033,2.4766,0.0232,-2.72,-6.88,1.5313,0.0391,11.8398,0.3455,-0.3095,40.74,153.87,160.41,1
10.220,1.0000,0.0010,-0.8945,-0.2393,2.0547,0.5324,-2.73,-6.87,1.9531,-1.3398,11.4180,0.7694,-0.0708,40.74,156.47,162.81,1
10.237,-0.8398,0.1372,-0.5117,-0.3945,-2.7695,0.5782,-2.74,-6.85,0.1133,-0.9570,6.5898,-1.0669,-0.2386,40.74,155.01,163.59,1
10.258,-0.2187,-0.0585,0.7891,-0.1466,1.3672,0.3524,-2.75,-6.80,1.4922,-0.4609,10.1875,0.3209,-0.2487,40.74,152.67,163.29,1
10.271,0.5547,-0.0212,-0.0078,-0.0666,0.8242,0.4648,-2.76,-6.78,1.4922,-0.4609,10.1875,0.3245,-0.1607,40.74,155.74,160.41,1
10.290,-0.6523,-0.1682,-0.0820,-0.0676,-0.7852,0.1309,-2.80,-6.69,0.9961,-0.4609,12.6445,-0.1564,-0.0304,40.74,151.84,163.56,1
10.309,0.0742,-0.1447,0.0000,-0.0535,3.2734,0.7693,-2.83,-6.57,1.1875,-1.6836,10.9180,0.0551,-0.0466,40.74,155.74,162.68,1
10.327,-2.2695,-0.2138,-0.7969,-0.3480,-1.2539,0.9101,-2.85,-6.46,-1.3789,-1.2656,8.1172,-2.4935,-0.5758,40.74,154.42,160.44,1
10.339,-2.2695,-0.5296,-0.7969,-0.4169,-1.2539,0.5777,-2.86,-6.42,0.0000,-0.7266,9.1953,-1.1071,-0.7589,40.74,157.04,164.37,1
10.357,0.0742,-0.6529,-0.4414,-0.4067,-0.0664,0.2670,-2.88,-6.38,0.9570,-0.9180,9.3047,-0.1428,-0.6641,40.74,157.11,165.07,1
10.377,-0.6055,-0.5011,0.3320,-0.3547,-0.1445,0.1662,-2.92,-6.32,0.2695,-0.1523,9.2305,-0.8209,-0.6662,40.74,153.99,161.97,1
10.390,0.7500,-0.4157,-0.6641,-0.2824,-0.4492,0.0730,-2.93,-6.28,1.6094,-1.1484,8.9219,0.5252,-0.4029,40.74,158.53,164.42,1
10.408,0.1367,-0.1342,-0.6172,-0.3869,0.5391,0.0040,-2.95,-6.26,0.9961,-1.1094,9.9258,-0.0833,-0.2742,40.74,156.49,162.28,1
10.429,-1.3047,-0.2632,-0.0430,-0.3772,-1.3398,-0.1022,-2.99,-6.16,1.1094,-1.5703,9.6875,0.0463,-0.4919,40.74,155.23,164.02,1
10.441,0.2734,-0.2970,-1.0703,-0.4080,0.3086,-0.1604,-2.99,-6.10,1.1094,-1.5703,9.6875,0.0559,-0.4078,40.74,157.38,164.37,1
10.460,-0.9063,-0.2837,-0.3359,-0.5210,0.1094,-0.0311,-3.00,-6.02,-0.7656,-0.2305,7.7344,-1.8048,-0.6369,40.74,158.18,163.45,1
10.478,-1.5859,-0.6107,0.2773,-0.3328,-1.6523,-0.3812,-3.02,-5.98,0.9570,-1.1875,10.3477,-0.0757,-0.8287,40.74,154.18,162.76,1
10.497,0.3750,-0.4355,-0.2187,-0.3593,1.7500,-0.0134,-3.04,-5.95,1.1875,-0.7266,11.1484,0.1606,-0.5200,40.74,156.18,162.05,1
10.509,0.3750,-0.3110,-0.2187,-0.3377,1.7500,0.2574,-3.05,-5.90,-0.1914,-0.6133,10.0352,-1.2109,-0.5246,40.74,157.83,165.15,1
10.526,-0.2539,-0.4050,-0.1367,-0.2675,-0.2031,0.3833,-3.05,-5.82,0.5352,-0.6523,9.1953,-0.4704,-0.5945,40.74,157.06,162.42,1
10.548,0.1680,-0.3284,-0.5117,-0.2604,-0.9336,0.1586,-3.05,-5.85,0.9570,-1.0352,8.4648,-0.0539,-0.4670,40.74,159.67,162.50,1
10.560,-3.1250,-0.4820,0.2187,-0.2576,-4.1133,-0.3375,-3.08,-5.84,-2.3359,-0.3047,5.2852,-3.3437,-1.1039,40.74,156.05,166.92,1
10.577,0.7422,-1.0753,0.2187,-0.0952,1.5195,-1.1741,-3.09,-5.84,1.5313,-0.3047,10.9141,0.5224,-1.0126,40.74,157.60,167.73,1
10.601,0.9336,-0.4263,-0.4648,-0.0932,1.2109,-0.3032,-3.11,-5.85,0.0391,-0.2695,9.3047,-0.9709,-0.5696,40.74,160.67,163.64,1
10.611,-0.7578,-0.3527,0.2617,-0.0921,-0.0898,-0.1747,-3.13,-5.87,0.0391,-0.2695,9.3047,-0.9752,-0.6319,40.74,156.79,168.89,1
10.631,1.2500,-0.1824,0.0781,0.0003,1.8945,0.1590,-3.13,-5.83,1.4180,-0.9961,9.7305,0.4110,-0.2310,40.74,157.28,165.10,1
10.648,0.6367,0.0881,-0.4570,-0.0961,0.3242,0.3037,-3.17,-5.76,-1.4922,-0.4219,6.0898,-2.4865,-0.2790,40.74,160.80,164.15,1
10.662,-2.2656,-0.2363,0.1250,-0.0866,-3.3164,-0.2510,-3.19,-5.79,0.5352,-0.6523,10.9141,-0.4645,-0.6066,40.74,157.90,166.56,1
10.679,-0.2383,-0.3631,-0.1055,-0.0776,1.5117,-0.0518,-3.22,-5.78,0.9570,-0.7656,11.1133,-0.0411,-0.5321,40.74,161.47,167.03,1
10.698,-1.5313,-0.3397,0.1328,-0.0911,-1.7813,0.2568,-3.25,-5.76,-0.7656,-0.4219,7.6289,-1.7602,-0.7460,40.74,158.50,164.77,1
10.716,-0.5430,-0.5986,-0.1289,-0.0485,1.8555,-0.0303,-3.29,-5.76,0.2305,-0.6914,11.2578,-0.7637,-0.8129,40.74,158.53,164.99,1
10.730,-0.5430,-0.5900,-0.1289,-0.0609,1.8555,0.2594,-3.31,-5.75,1.7617,-1.2656,12.4492,0.7681,-0.6828,40.74,160.72,167.48,1
10.747,-1.3789,-0.3259,-0.1875,-0.2041,-1.2383,0.7994,-3.35,-5.75,-0.6133,-0.7656,8.1562,-1.6064,-0.7132,40.74,159.18,165.98,1
10.766,-1.3008,-0.6183,-0.4961,-0.2241,-0.5195,0.2790,-3.37,-5.73,-0.5352,-1.0742,8.8828,-1.5246,-0.9481,40.74,157.70,164.26,1
10.781,1.6953,-0.5297,0.6562,-0.1921,2.6211,0.3535,-3.39,-5.75,2.4531,0.0781,12.0234,1.4599,-0.4149,40.74,161.32,168.10,1
10.798,-1.7539,-0.1746,-0.3711,-0.0337,-2.5508,0.5829,-3.43,-5.72,-0.9961,-0.9570,6.8555,-1.9835,-0.6448,40.74,160.80,168.66,1
10.818,-2.2500,-0.8228,-0.4883,-0.1746,-2.9687,-0.5780,-3.45,-5.74,2.0703,-0.5742,11.6406,1.0782,-0.9864,40.74,158.45,168.75,1
10.838,-1.0352,-0.4868,0.3320,-0.1110,-0.6719,-0.1491,-3.46,-5.76,-0.2695,-0.2695,8.7383,-1.2648,-0.8006,40.74,161.19,165.95,1
10.849,-1.0352,-0.5710,0.3320,-0.0429,-0.6719,-0.2294,-3.47,-5.76,0.3437,-0.6523,9.0039,-0.6510,-0.8227,40.74,161.50,165.84,1
10.868,-0.4141,-0.5652,-0.0508,-0.0213,-0.4023,-0.2952,-3.48,-5.78,1.3789,0.1914,12.4062,0.3799,-0.6921,40.74,160.05,168.95,1
10.886,0.1602,-0.2570,-0.1562,0.1320,-0.6719,0.3402,-3.53,-5.73,0.9180,-0.7656,8.7344,-0.0721,-0.4262,40.74,161.24,166.92,1
10.900,0.1602,-0.1929,-0.1562,0.0877,-0.6719,0.1848,-3.55,-5.68,-2.4141,-1.0742,8.7383,-3.3956,-0.6371,40.74,159.11,167.59,1
10.918,0.3672,-0.7328,0.1133,-0.0351,0.8984,0.0183,-3.58,-5.58,1.1094,-0.4961,10.3086,0.1454,-0.7929,40.74,162.07,167.70,1
10.940,-1.9375,-0.7118,-0.7227,-0.1129,-2.0117,-0.1286,-3.61,-5.55,-2.6445,-1.0352,6.5508,-3.6038,-1.2395,40.74,162.87,170.21,1
10.951,-3.4023,-1.0173,-0.4102,-0.1816,-2.8555,-0.4854,-3.61,-5.59,-2.6445,-1.0352,6.5508,-3.6102,-1.6037,40.74,159.52,167.34,1
10.968,1.1211,-1.3318,0.5469,-0.1698,2.5820,-0.7225,-3.64,-5.60,1.8789,-0.0781,11.9883,0.9116,-1.1728,40.74,160.41,169.43,1
10.989,0.8125,-0.5639,-0.7148,-0.2047,3.0430,0.5061,-3.66,-5.54,-1.8008,-0.5742,6.3633,-2.7579,-0.8355,40.74,161.73,170.77,1
11.008,-2.5430,-0.9161,0.0586,-0.1782,-3.0469,-0.1222,-3.68,-5.47,-0.1523,0.2695,8.6602,-1.0983,-1.2461,40.74,160.33,168.80,1
11.020,-0.8867,-1.0218,0.9023,0.0038,-0.7500,-0.4167,-3.70,-5.45,0.1133,-0.7656,8.3906,-0.8290,-1.1913,40.74,159.34,166.72,1
11.038,-0.6211,-0.9247,-0.1328,0.0295,-1.0156,-0.5700,-3.69,-5.48,-1.8008,-0.8047,5.4766,-2.7473,-1.2421,40.74,163.99,167.48,1
11.058,-0.4375,-1.1978,0.8711,0.0481,0.7070,-1.1774,-3.73,-5.48,0.3047,0.2305,10.1094,-0.6418,-1.2899,40.74,160.23,170.04,1
11.070,-0.4375,-1.0810,0.8711,0.1745,0.7070,-0.8880,-3.74,-5.50,2.7969,-0.6914,14.3281,1.8461,-0.9916,40.74,162.47,168.44,1
11.088,0.0391,-0.3145,-0.0430,0.1528,0.9766,0.5355,-3.77,-5.41,0.7656,-0.6914,10.3867,-0.1702,-0.4701,40.74,160.33,171.47,1
11.106,-2.4023,-0.4095,0.9922,0.1801,-2.3594,0.3937,-3.79,-5.36,-1.6836,0.3437,7.0508,-2.6110,-0.9252,40.74,160.31,168.80,1
11.121,1.0508,-0.5743,0.0742,0.2864,3.6172,0.2626,-3.81,-5.31,1.7617,-0.5742,13.0234,0.8433,-0.5344,40.74,160.31,171.35,1
11.138,-1.4219,-0.3112,-0.7617,0.1593,-1.3633,0.8155,-3.83,-5.25,-0.7266,-1.4180,8.0430,-1.6349,-0.6922,40.74,162.92,169.29,1
11.160,-2.4023,-1.0265,0.7773,0.2332,-2.8945,-0.4764,-3.88,-5.17,1.0352,-1.2266,9.7305,0.1401,-1.2304,40.74,163.88,169.18,1
11.178,0.3555,-0.8064,-0.5625,0.0910,0.3242,-0.4499,-3.92,-5.13,1.2266,-0.6133,10.4531,0.3389,-0.8246,40.74,161.26,167.70,1
11.190,0.5469,-0.5198,0.0586,0.0418,1.0508,-0.1670,-3.93,-5.16,-1.1484,-0.3437,7.4687,-2.0420,-0.7584,40.74,162.31,170.74,1
11.209,-1.8281,-0.7429,0.3281,0.1062,-1.9375,-0.4829,-3.97,-5.13,0.8438,-1.1875,10.8008,-0.0440,-0.9624,40.74,163.05,172.59,1
11.227,2.0156,-0.3982,0.4570,0.0236,4.5742,0.2205,-4.00,-5.11,2.6797,-0.2305,13.9766,1.7962,-0.2421,40.74,161.42,166.86,1
11.240,2.0156,-0.0274,0.4570,0.0901,4.5742,0.8893,-4.03,-5.04,-0.5352,-0.6914,6.3984,-1.4070,-0.1844,40.74,162.68,171.17,1
11.258,-1.5742,-0.2711,-0.1484,0.0745,-0.2500,0.2158,-4.07,-5.03,-0.9180,-0.8438,9.1602,-1.7893,-0.6865,40.74,164.45,172.53,1
11.278,2.0703,-0.3491,-0.2930,-0.0003,1.3945,0.2153,-4.09,-5.04,2.7187,-0.9961,10.7969,1.8458,-0.1946,40.74,162.81,171.61,1
11.291,-1.0000,-0.0593,-0.4062,-0.0741,-1.5547,0.2403,-4.11,-5.07,-0.3437,-1.1094,7.8516,-1.2209,-0.4214,40.74,163.96,171.06,1
11.308,-2.2187,-0.4236,-0.5234,-0.1777,-1.8594,-0.2931,-4.13,-5.03,-1.5703,-1.2266,7.5469,-2.4415,-0.9180,40.74,160.98,173.04,1
11.330,1.8945,-0.4038,0.3281,-0.1648,2.9297,-0.0915,-4.16,-4.99,1.4570,-0.9961,10.6484,0.5939,-0.3591,40.74,162.71,337.95,1
11.348,0.8164,0.0094,-0.2852,-0.1607,1.2422,0.3919,-4.18,-4.97,-3.6406,-1.3789,5.2500,-4.5009,-0.4964,40.74,163.21,172.77,1
11.360,-4.2656,-0.5926,-0.6680,-0.2470,-4.1562,-0.2491,-4.18,-4.94,-0.4609,0.5352,9.4648,-1.3157,-1.1271,40.74,164.85,168.83,1
11.379,-1.0859,-0.9306,1.2461,0.0572,0.0547,-0.4253,-4.18,-4.97,0.9180,-1.8008,11.6797,0.0575,-1.0712,40.74,164.28,171.85,1
11.397,-3.4219,-0.8881,-0.2070,-0.1294,-4.4258,-0.1675,-4.17,-4.97,-2.7969,-0.9180,4.9766,-3.6566,-1.5074,40.74,162.28,172.95,1
11.410,-3.4219,-1.2773,-0.2070,-0.1413,-4.4258,-0.8216,-4.16,-4.99,0.9570,0.0781,11.8750,0.0926,-1.5380,40.74,165.07,348.19,1
11.427,1.3750,-0.8587,0.0195,0.0556,0.8984,-0.2206,-4.17,-4.93,1.9922,-0.6914,10.3047,1.1382,-0.7497,40.74,162.58,170.71,1
11.447,-1.4141,-0.4484,0.5195,0.0854,-0.8242,-0.0411,-4.17,-4.91,-0.8047,-0.1914,8.5820,-1.6547,-0.8325,40.74,162.34,169.35,1
11.461,-0.6406,-0.6002,0.7891,0.2030,-2.4727,-0.3463,-4.16,-4.87,-0.0391,0.0781,6.9297,-0.8831,-0.8441,40.74,163.29,173.79,1
11.478,1.2930,-0.4577,0.1367,0.3506,3.1289,-0.6215,-4.17,-4.82,1.8789,-0.5742,12.5234,1.0436,-0.4316,40.74,163.45,170.10,1
11.500,0.4961,0.0167,-0.4453,0.1883,-0.8555,0.0451,-4.14,-4.81,-2.5664,-0.1914,5.9414,-3.4000,-0.4475,40.74,163.35,169.52,1
11.512,-3.1445,-0.2009,0.5117,0.1675,-3.4609,-0.3017,-4.13,-4.77,-2.5664,-0.1914,5.9414,-3.3924,-0.8999,40.74,164.47,171.56,1
11.530,0.3867,-0.6620,0.1289,0.2261,1.0977,-0.6785,-4.12,-4.76,2.1836,-0.6523,12.6406,1.3588,-0.6517,40.74,161.39,171.47,1
11.548,1.6133,-0.0931,0.0508,0.1812,3.2422,0.2998,-4.13,-4.67,-0.5352,0.2305,8.9258,-1.3443,-0.2960,40.74,163.61,174.43,1
11.567,-0.4844,-0.2312,-0.0703,0.3068,2.3633,0.4763,-4.13,-4.64,0.0781,-0.7656,11.7617,-0.7257,-0.5174,40.74,166.20,170.53,1
11.580,-0.4844,-0.2701,-0.0703,0.2489,2.3633,0.7661,-4.13,-4.58,2.4531,-0.3047,12.0625,1.6589,-0.3579,40.74,168.41,173.94,1
11.598,1.9063,0.1982,0.3906,0.2604,2.6680,1.2865,-4.12,-4.51,-1.6836,-0.5352,5.1367,-2.4656,-0.1140,40.74,166.86,172.41,1
11.617,-2.8359,-0.4395,-0.5703,0.1810,-3.2305,-0.1277,-4.12,-4.45,-2.2969,-1.2656,6.1641,-3.0683,-1.0483,40.74,165.10,175.62,1
11.631,-2.8359,-0.8076,-0.5703,0.0656,-3.2305,-0.6043,-4.12,-4.44,1.6094,-0.3047,9.7656,0.8395,-1.0458,40.74,169.46,172.03,1
11.648,-0.5469,-0.5191,-0.3398,0.0629,-1.0469,-0.5916,-4.13,-4.47,0.0000,-1.0352,8.3516,-0.7746,-0.7592,40.74,167.50,172.68,1
11.667,-2.3086,-0.6679,0.1992,-0.0082,-1.2773,-0.7392,-4.15,-4.52,-1.7617,-0.4961,8.1211,-2.5454,-1.1555,40.74,165.23,171.26,1
11.682,0.2500,-0.8263,1.0000,0.1018,1.0977,-0.6683,-4.15,-4.53,0.8047,0.3047,10.4922,0.0189,-0.8954,40.74,163.77,174.76,1
11.707,-2.8086,-0.6261,-0.0625,0.1896,-2.7695,0.1929,-4.18,-4.53,-2.2617,-0.7656,6.6250,-3.0476,-1.1973,40.74,163.83,172.00,1
11.719,-2.8086,-0.9613,-0.0625,0.1509,-2.7695,-0.2621,-4.19,-4.53,0.3047,-1.3008,10.7305,-0.4806,-1.2761,40.74,165.37,170.10,1
11.739,-0.2344,-0.9155,-0.5977,-0.0281,1.3359,-0.0647,-4.20,-4.46,0.6133,-1.3008,12.4062,-0.1608,-1.0231,40.74,162.28,171.06,1
11.750,0.0898,-0.7150,-0.5977,-0.1541,3.0195,0.5039,-4.20,-4.41,-1.6094,-0.2305,7.3555,-2.3733,-1.0078,40.74,165.02,173.67,1
11.769,-2.1250,-0.9769,0.4727,-0.0430,-2.0352,0.0987,-4.21,-4.32,-0.8438,-1.1484,9.1562,-1.5927,-1.3301,40.74,162.28,174.09,1
11.787,-3.1445,-1.2908,-0.6758,-0.1460,1.8320,0.0457,-4.23,-4.25,-2.6445,-1.3789,11.2227,-3.3820,-1.8151,40.74,153.14,170.33,1
11.801,-3.1445,-1.5755,-0.6758,-0.2274,1.8320,0.3200,-4.23,-4.14,-2.1445,-0.5352,11.5703,-2.8632,-2.0129,40.74,155.93,165.26,1
11.818,-3.7305,-2.0460,0.0508,-0.1503,0.2148,0.7753,-4.20,-3.93,-3.2930,-0.6523,9.6133,-3.9752,-2.5473,40.74,154.32,164.66,1
11.838,-7.2617,-2.8062,1.3555,0.0111,-5.0312,0.1967,-4.19,-3.77,-6.8555,0.6523,4.3672,-7.5104,-3.7342,40.74,147.69,165.95,1
11.852,-3.6836,-3.2043,0.9258,0.1832,0.9453,-0.1282,-4.19,-3.77,-3.2930,0.2305,10.3477,-3.9479,-3.7671,40.74,143.95,162.81,1
11.869,-3.0625,-3.2906,0.0039,0.3201,3.0508,0.3447,-4.16,-3.48,-2.7187,-0.6914,12.4453,-3.3247,-3.6796,40.74,138.85,162.10,1
11.890,-5.3594,-3.8542,-0.0781,0.1734,-2.3594,-0.1234,-4.16,-3.28,-4.8281,-1.3398,8.5430,-5.4003,-4.4315,40.74,132.75,159.95,1
11.909,-5.1094,-4.2258,-0.6523,-0.0250,-0.8633,-0.4264,-4.13,-3.08,-5.0547,-1.3008,8.0430,-5.5922,-4.7172,40.74,115.07,157.78,1
11.921,-5.2891,-4.4489,-0.6211,-0.1591,-1.3633,-0.5999,-4.10,-2.99,-2.9102,1.3008,9.0820,-3.4327,-4.7360,40.74,98.78,157.18,1
11.939,-3.1289,-4.2091,1.9805,0.2856,-0.3281,-0.5873,-4.10,-2.83,-3.5234,1.2266,4.0234,-4.0182,-4.4091,40.74,74.33,157.90,1
11.958,-8.2227,-4.3669,3.7812,0.9924,-7.6367,-2.1112,-4.11,-2.77,-8.0391,3.1016,1.7617,-8.5232,-5.2720,40.74,59.77,156.96,1
11.971,-8.2227,-4.9591,3.7812,1.4208,-7.6367,-2.9599,-4.09,-2.80,-2.3359,-4.0625,15.1367,-2.8251,-5.3159,40.74,59.77,157.85,1
11.988,2.0273,-4.0881,0.0742,0.4703,5.6641,-0.7662,-4.17,-2.75,2.1836,-0.6133,15.0586,1.7028,-3.4655,40.74,59.77,158.65,1
12.007,-13.2656,-3.5772,0.4961,0.3917,-10.8828,-0.2663,-4.18,-2.71,-13.1445,-0.1914,-1.4922,-13.6192,-5.3911,40.74,59.77,154.82,1
12.022,-8.8594,-5.3688,0.7578,0.4357,-2.4102,-1.9381,-4.17,-2.74,-8.7383,0.0781,6.9727,-9.2185,-6.2378,40.74,59.77,156.37,1
12.040,-1.2227,-5.7478,-0.0469,0.4627,6.4766,-1.3610,-4.16,-3.01,-1.0742,-0.7266,15.8633,-1.5994,-5.3978,40.74,59.77,156.59,1
12.060,-6.1172,-4.9569,0.3359,0.3478,-1.1484,0.1398,-4.19,-3.11,-6.4727,-0.9961,7.4297,-7.0151,-5.5382,40.74,59.77,152.84,1
12.079,-6.6211,-5.3975,-0.3164,0.2001,-1.9453,-0.4019,-4.21,-3.25,-5.6328,-1.3398,8.9648,-6.1995,-5.8953,40.74,59.77,151.24,1
12.091,-5.7656,-5.5369,-0.6523,0.0342,-0.4102,-0.5077,-4.22,-3.28,-2.1836,-0.1133,12.7227,-2.7556,-5.6879,40.74,59.77,148.04,1
12.108,-2.3242,-4.8401,0.5742,0.1109,3.3437,0.3507,-4.21,-3.34,-6.3984,-1.4180,5.8242,-6.9797,-5.1959,40.74,59.77,149.43,1
12.127,-3.9180,-4.9665,0.1758,-0.0302,0.3633,-0.2711,-4.17,-3.47,-3.7930,-0.4961,9.7266,-4.3974,-5.2328,40.74,59.77,144.80,1
12.141,-3.9180,-4.8054,0.1758,0.0014,0.3633,-0.1737,-4.16,-3.55,-1.9531,-1.2656,12.9883,-2.5710,-4.9593,40.74,59.77,145.05,1
12.158,-3.4727,-4.0895,-0.8008,-0.1755,0.8984,0.7147,-4.11,-3.55,-3.3711,-1.4570,10.2695,-3.9885,-4.4592,40.74,59.77,141.98,1
12.177,-2.1836,-3.8114,-0.7305,-0.3472,1.9258,0.8490,-4.04,-3.57,-2.1055,-1.3789,11.3008,-2.7266,-4.0466,40.74,59.77,142.25,1
12.192,-4.5156,-3.6377,-0.6250,-0.4236,-2.2500,0.7533,-4.00,-3.54,-4.4453,-1.2656,7.1289,-5.0621,-4.2717,40.74,59.77,137.67,1
12.209,-4.0703,-3.8998,0.5547,-0.3979,-1.0625,-0.1756,-3.92,-3.58,-4.0234,-0.0781,8.3125,-4.6464,-4.4493,40.74,59.77,136.59,1
12.230,-3.5156,-3.8727,0.7695,-0.0401,0.5937,-0.2236,-3.86,-3.58,-3.6758,-0.0781,9.5430,-4.2987,-4.3790,40.74,59.77,135.48,1
12.250,-3.6914,-3.8104,0.5391,0.1385,0.1719,-0.0851,-3.81,-3.55,-1.9922,-0.4609,12.2969,-2.6102,-4.2209,40.74,59.77,134.97,1
12.261,-1.9688,-3.5194,0.1484,0.1671,2.9297,0.3953,-3.79,-3.52,-3.5625,-0.1523,9.3437,-4.1752,-3.9888,40.74,59.77,133.49,1
12.279,-3.5156,-3.4220,0.4492,0.2284,-0.0273,0.4597,-3.75,-3.44,-3.8320,-0.6914,9.4219,-4.4308,-4.0599,40.74,59.77,132.38,1
12.299,-3.2930,-3.4862,0.8906,0.2276,1.5430,0.4344,-3.70,-3.42,-3.3711,0.3047,10.9141,-3.9672,-4.0844,40.74,59.77,130.11,1
12.311,-3.2930,-3.4565,0.8906,0.3295,1.5430,0.6047,-3.69,-3.38,-5.0195,-0.7656,8.3906,-5.6076,-4.1970,40.74,59.77,128.02,1
12.329,-3.1172,-3.7128,-0.1133,0.2210,0.7773,0.3487,-3.66,-3.34,-3.2578,-0.6914,10.1484,-3.8400,-4.2866,40.74,59.77,129.37,1
12.347,-2.7773,-3.4794,0.6914,0.1714,1.0078,0.5133,-3.65,-3.26,-2.9492,0.1133,10.3867,-3.5180,-4.0626,40.74,59.77,125.42,1
12.362,-2.7773,-3.3715,0.6914,0.2513,1.0078,0.5892,-3.65,-3.22,-4.6367,-0.6914,7.8555,-5.1975,-4.1127,40.74,59.77,123.90,1
12.379,-4.4023,-3.6330,1.0000,0.2606,-2.0898,-0.0313,-3.66,-3.15,-4.6367,0.4219,7.2734,-5.1857,-4.4791,40.74,59.77,121.67,1
12.401,-3.3594,-3.7351,0.0820,0.3717,-0.2500,-0.4505,-3.69,-3.03,-5.4766,-0.8828,5.9023,-6.0059,-4.5793,40.74,59.77,122.37,1
12.419,-5.1797,-4.0314,-0.3047,0.2039,-3.4687,-1.1060,-3.70,-3.07,-2.0312,-0.3047,12.1836,-2.5666,-4.7093,40.74,59.77,120.57,1
12.432,-1.7109,-3.7527,0.2734,0.1802,2.8164,-0.6635,-3.70,-3.05,-3.9844,-1.4180,9.2305,-4.5171,-4.3908,40.74,59.77,118.50,1
12.449,-3.6406,-3.6007,-0.8398,-0.0398,-0.1367,-0.3301,-3.71,-2.96,-3.3320,-1.0352,9.7695,-3.8493,-4.3711,40.74,0.00,116.77,1
12.468,-3.0703,-3.4687,-0.3047,-0.1698,0.1797,-0.1738,-3.70,-2.91,-3.4844,-0.8828,9.5430,-3.9926,-4.2440,40.74,0.00,115.54,1
12.481,-3.0547,-3.3781,-0.3047,-0.1996,0.1797,-0.0956,-3.71,-2.81,-4.2148,-0.9961,8.2734,-4.7065,-4.2431,40.74,0.00,116.75,1
12.500,-3.7773,-3.4463,-0.4180,-0.2545,-1.0859,-0.2976,-3.69,-2.76,-5.2500,-0.2695,6.5117,-5.7337,-4.4556,40.74,0.00,113.46,1
12.518,-3.8828,-3.7704,-0.4648,-0.1676,-0.5195,-0.8813,-3.68,-2.77,-4.3672,-1.0352,8.8477,-4.8519,-4.6960,40.74,0.00,111.93,1
12.532,-3.8828,-3.7877,-0.4648,-0.2133,-0.5195,-0.8258,-3.67,-2.75,-3.7930,-0.1523,10.6133,-4.2734,-4.6734,40.74,0.00,109.19,1
12.549,-1.2539,-3.4834,-0.1641,-0.0952,3.8945,-0.0079,-3.63,-2.71,-1.8008,-0.7266,13.2500,-2.2748,-4.0948,40.74,0.00,219.25,1
12.567,-4.1250,-3.0808,-0.3555,-0.1301,-1.4297,0.6729,-3.61,-2.65,-4.7109,-0.9180,7.9297,-5.1747,-4.2202,40.74,0.00,109.17,1
12.589,-4.3477,-3.4860,-0.2891,-0.1922,-1.5820,-0.0776,-3.58,-2.62,-4.5977,-1.1484,7.8906,-5.0571,-4.5958,40.74,0.00,108.20,1
12.608,-2.7539,-3.5727,0.2422,-0.2464,-0.2344,-0.4596,-3.55,-2.58,-3.4102,-0.3047,9.1211,-3.8620,-4.4882,40.74,0.00,107.41,1
12.619,-2.7539,-3.4470,0.2422,-0.1713,-0.2344,-0.4250,-3.54,-2.55,-5.1328,-0.8828,7.4727,-5.5798,-4.5291,40.74,0.00,105.93,1
12.639,-4.4453,-3.6247,-0.3359,-0.1820,-1.8828,-0.7358,-3.51,-2.59,-3.7148,-0.0781,9.6875,-4.1686,-4.7151,40.74,0.00,105.32,1
12.651,-3.0039,-3.5849,0.4609,-0.0937,0.3398,-0.6482,-3.49,-2.61,-3.4492,-0.1523,10.6914,-3.9067,-4.5737,40.74,0.00,102.85,1
12.669,-2.7305,-3.3596,0.3789,0.0455,1.3281,-0.1493,-3.47,-2.63,-2.4141,-0.1133,11.3398,-2.8747,-4.3027,40.74,0.00,100.31,1
12.688,-4.0547,-3.0324,0.8438,0.2043,-1.4531,0.2663,-3.47,-2.58,-4.8281,0.3047,7.8945,-5.2798,-4.3477,40.74,0.00,99.19,1
12.702,-4.0547,-3.1894,0.8438,0.3025,-1.4531,0.0022,-3.47,-2.58,-3.8672,-0.1914,8.4609,-4.3189,-4.4140,40.74,0.00,98.58,1
12.719,-3.8164,-3.2633,-0.3867,0.2876,-1.5352,-0.3836,-3.47,-2.56,-4.6367,-0.9180,7.8125,-5.0860,-4.5509,40.74,0.00,98.81,1
12.739,-3.7227,-3.4127,-0.1211,0.1176,-2.0273,-0.7496,-3.44,-2.65,-4.5586,-0.6523,7.3164,-5.0235,-4.6887,40.74,0.00,98.67,1
12.759,-3.0625,-3.3723,-0.2031,0.0181,0.1953,-0.6933,-3.41,-2.72,-2.6055,-1.1094,10.8398,-3.0823,-4.4789,40.74,0.00,96.25,1
12.770,-1.7461,-3.2194,-0.5859,-0.0465,1.4961,-0.4527,-3.39,-2.76,-2.6055,-1.1094,10.8398,-3.0883,-4.2653,40.74,0.00,94.50,1
12.791,-2.4102,-2.8191,-0.2109,-0.1728,0.1875,0.0107,-3.33,-2.80,-3.5625,0.4609,9.9258,-4.0518,-4.0823,40.74,0.00,94.43,1
12.809,-2.6641,-2.7593,0.9688,0.0774,0.5781,0.1473,-3.28,-2.80,-2.9492,-1.4180,9.6484,-3.4386,-4.0248,40.74,0.00,92.71,1
12.822,-2.0195,-2.6392,-0.9180,-0.0151,0.3086,0.2012,-3.26,-2.78,-3.2578,0.1523,10.0703,-3.7435,-3.9189,40.74,0.00,90.57,1
12.839,-2.3125,-2.5283,0.6445,0.0746,0.7305,0.3250,-3.22,-2.74,-3.5625,-0.3437,9.7266,-4.0425,-3.8923,40.74,0.00,87.94,1
12.859,-4.9375,-2.7188,-0.0820,0.1098,-2.7148,0.1176,-3.19,-2.68,-5.9375,-0.5742,6.6250,-6.4069,-4.4660,40.74,0.00,85.97,1
12.872,-4.9375,-3.0596,-0.0820,0.0803,-2.7148,-0.3174,-3.17,-2.69,-3.6406,0.0000,10.5312,-4.1117,-4.5806,40.74,0.00,86.10,1
12.889,-2.9375,-3.0658,0.4453,0.1825,0.5859,-0.0738,-3.15,-2.67,-3.9844,-0.0391,9.9219,-4.4519,-4.4960,40.74,0.00,83.96,1
12.908,-2.5234,-2.9963,0.3711,0.2511,0.2695,0.0880,-3.13,-2.61,-3.6016,-0.1133,9.6133,-4.0581,-4.3964,40.74,0.00,82.59,1
12.930,-2.5586,-2.8222,-0.0195,0.1875,-0.5625,-0.0765,-3.11,-2.56,-3.9453,-0.4609,9.0781,-4.3935,-4.3116,40.74,0.00,82.59,1
12.940,-2.8125,-2.8020,0.0156,0.1586,-0.2578,-0.1268,-3.11,-2.53,-3.9453,-0.4609,9.0781,-4.3888,-4.3234,40.74,0.00,81.04,1
12.959,-3.3164,-2.8830,0.4062,0.1698,-0.7852,-0.2524,-3.09,-2.52,-3.4492,-0.1523,10.9922,-3.8919,-4.4148,40.74,0.00,78.52,1
12.979,-2.2695,-2.7742,0.3242,0.2187,1.6680,0.1394,-3.08,-2.49,-3.4102,-1.0742,10.7656,-3.8467,-4.2616,40.74,0.00,78.00,1
12.991,-2.1992,-2.6517,-0.5977,0.1005,1.4297,0.4411,-3.08,-2.47,-4.5195,-0.7656,9.1562,-4.9525,-4.2578,40.74,0.00,75.64,1
13.009,-3.2852,-2.7637,-0.2891,-0.0292,-0.1797,0.3653,-3.06,-2.42,-4.1367,-0.0781,9.5000,-4.5619,-4.4221,40.74,0.00,73.25,1
13.028,-4.1680,-2.9294,-0.0977,0.0375,-3.2070,0.0073,-3.05,-2.38,-5.4414,-0.5742,6.1289,-5.8599,-4.7569,40.74,0.00,74.02,1
13.042,-4.1680,-3.1196,-0.0977,0.0167,-3.2070,-0.4864,-3.04,-2.40,-3.7539,0.3047,9.6914,-4.1748,-4.7917,40.74,0.00,72.33,1
13.059,-2.5859,-3.0005,0.1250,0.1729,-0.9023,-0.5026,-3.03,-2.41,-3.9062,-0.3437,8.4219,-4.3285,-4.6157,40.74,0.00,69.92,1
13.078,-1.6836,-2.7854,-0.9414,0.0729,2.5469,-0.3630,-3.01,-2.39,-3.0273,-1.4180,11.8789,-3.4473,-4.3228,40.74,0.00,70.50,1
13.100,-2.5625,-2.5448,0.0547,-0.1199,0.7461,0.3525,-2.99,-2.36,-3.7539,-0.1914,10.6094,-4.1689,-4.2680,40.74,0.00,67.78,1
13.110,-2.3555,-2.5309,0.2852,-0.0747,1.2813,0.4557,-2.98,-2.34,-3.7539,-0.1914,10.6094,-4.1642,-4.2521,40.74,0.00,67.10,1
13.131,-3.5898,-2.6607,-0.0586,-0.0048,-1.6211,0.2914,-2.98,-2.33,-4.2891,0.1523,8.1953,-4.6987,-4.5226,40.74,0.00,66.09,1
13.149,-2.8437,-2.7591,0.6289,0.1321,-1.1211,-0.1404,-3.00,-2.36,-4.4805,0.0391,8.5781,-4.8943,-4.5884,40.74,0.00,65.75,1
13.162,-3.0195,-2.8048,0.5234,0.2258,-0.7383,-0.2986,-3.01,-2.35,-4.2891,-0.6133,8.6211,-4.7021,-4.6406,40.74,0.00,62.82,1
13.178,-2.8125,-2.8199,-0.1211,0.1676,-0.7031,-0.4155,-3.06,-2.35,-3.5234,-0.0781,10.0039,-3.9355,-4.5966,40.74,0.00,64.00,1
13.199,-2.4219,-2.6239,-0.4492,0.1535,-0.5469,-0.2195,-3.09,-2.31,-3.9453,-0.9570,8.7734,-4.3504,-4.4630,40.74,0.00,60.78,1
13.212,-2.4062,-2.5768,-0.4492,0.0201,-0.5391,-0.2908,-3.11,-2.31,-4.0234,-0.7266,8.4219,-4.4300,-4.4447,40.74,0.00,60.79,1
13.229,-2.4766,-2.5440,-0.2109,-0.0603,-0.8945,-0.4399,-3.16,-2.33,-4.0234,-0.9180,8.5820,-4.4333,-4.4414,40.74,0.00,58.35,1
13.248,-1.1094,-2.4084,-0.1211,-0.1418,0.7930,-0.4280,-3.18,-2.41,-2.6797,-0.6523,10.1094,-3.1034,-4.1446,40.74,0.00,58.51,1
13.270,-2.3125,-2.1504,-0.1133,-0.1336,-0.9297,-0.2764,-3.22,-2.48,-2.7578,-1.5703,10.5703,-3.1923,-4.0485,40.74,0.00,57.16,1
13.280,-1.1641,-2.0834,-1.0234,-0.2033,1.2539,-0.2020,-3.23,-2.51,-2.7578,-1.5703,10.5703,-3.1979,-3.9178,40.74,0.00,55.93,1
13.301,-3.1641,-2.0772,-1.0547,-0.4877,-1.5352,-0.1341,-3.25,-2.52,-3.4844,-0.9180,10.7656,-3.9270,-4.1447,40.74,0.00,53.43,1
13.320,-1.8516,-2.0950,-0.3633,-0.4955,1.4531,0.1299,-3.27,-2.52,-4.2891,-0.6523,8.8477,-4.7316,-4.1476,40.74,0.00,52.09,1
13.337,-2.2266,-2.1652,0.0664,-0.3850,0.6094,0.1655,-3.29,-2.51,-3.9062,-0.4961,9.9219,-4.3463,-4.2537,40.74,0.00,50.33,1
13.349,-2.2266,-2.1746,0.0664,-0.3156,0.6094,0.2337,-3.33,-2.49,-3.3711,-1.2266,9.6875,-3.8083,-4.2247,40.74,0.00,50.33,1
13.369,-1.6602,-2.0640,-0.6484,-0.3655,0.3789,0.2893,-3.37,-2.46,-5.0195,-1.2266,7.4727,-5.4517,-4.2375,40.74,0.00,48.39,1
13.382,-3.2773,-2.2230,-0.6406,-0.4269,-1.8516,-0.0335,-3.39,-2.49,-3.1016,-1.8398,10.0000,-3.5381,-4.3538,40.74,0.00,46.65,1
13.400,-1.3594,-2.0976,-1.2539,-0.6232,0.6797,0.0111,-3.41,-2.52,-4.5195,-0.9570,8.6211,-4.9609,-4.2372,40.74,0.00,45.49,1
13.419,-1.1758,-2.1152,-0.4805,-0.5966,1.5664,0.0284,-3.41,-2.59,-2.9492,-1.0742,10.8789,-3.4034,-4.1399,40.74,0.00,43.02,1
13.441,-2.1484,-1.9443,0.4805,-0.4094,0.3398,0.3643,-3.44,-2.61,-3.6016,-0.7266,10.4180,-4.0589,-4.1447,40.74,0.00,43.02,1
13.450,-1.7969,-1.9475,-0.1328,-0.3218,1.1055,0.4218,-3.45,-2.57,-3.6016,-0.7266,10.4180,-4.0525,-4.1305,40.74,0.00,41.29,1
13.467,-3.4062,-2.0336,-0.7695,-0.3191,-1.7656,0.3860,-3.48,-2.47,-5.2500,-1.3789,7.5469,-5.6828,-4.4693,40.74,0.00,38.42,1
13.489,-2.0156,-2.1938,-0.0898,-0.3223,0.6875,0.1954,-3.50,-2.39,-4.0234,-1.0352,9.2305,-4.4427,-4.4213,40.74,0.00,38.42,1
13.501,-2.1406,-2.1764,-0.4336,-0.3141,-0.0820,0.2094,-3.50,-2.35,-4.0234,-1.0352,9.2305,-4.4356,-4.4235,40.74,0.00,37.36,1
13.521,-2.6445,-2.3073,-0.6992,-0.4364,-0.5000,-0.0238,-3.50,-2.29,-3.7539,-0.2695,9.7695,-4.1567,-4.5717,40.74,0.00,37.36,1
13.539,-1.8398,-2.2248,0.3398,-0.2810,0.4570,0.0529,-3.50,-2.25,-3.6016,-0.7656,9.8047,-3.9971,-4.4405,40.74,0.00,34.30,1
13.552,-1.6641,-2.1126,-0.1562,-0.2198,0.4961,0.1484,-3.52,-2.24,-3.3711,-0.2305,10.5312,-3.7644,-4.3234,40.74,0.00,32.57,1
13.569,-1.4180,-1.9309,0.3711,-0.0851,1.2227,0.4078,-3.53,-2.21,-4.2539,-0.1523,8.8437,-4.6421,-4.2345,40.74,0.00,32.57,1
13.589,-2.5664,-2.0229,-0.1172,0.0473,-0.3086,0.2179,-3.54,-2.14,-4.5586,-0.7266,9.0039,-4.9359,-4.4384,40.74,0.00,28.96,1
13.609,-2.6211,-2.1814,-0.0820,0.0035,-1.3438,-0.0142,-3.56,-2.08,-4.6367,-0.6914,7.9727,-5.0041,-4.5946,40.74,0.00,28.96,1
13.620,-1.0117,-2.1500,0.3047,0.0155,1.6367,-0.0700,-3.57,-2.07,-3.0273,-0.3047,10.9531,-3.3930,-4.3288,40.74,0.00,26.59,1
13.638,-2.5898,-1.9534,0.1875,0.0881,-0.5078,0.2425,-3.59,-1.99,-4.6367,-0.4219,8.8125,-4.9882,-4.4166,40.74,0.00,26.59,1
13.660,-1.9609,-1.9947,-0.1875,0.0333,-0.1719,0.1040,-3.61,-1.94,-4.2148,-0.1523,9.2695,-4.5570,-4.4186,40.74,0.00,26.59,1
13.671,-2.1289,-2.0030,0.4648,0.0516,-0.0586,0.0707,-3.61,-1.92,-4.2148,-0.1523,9.2695,-4.5537,-4.4394,40.74,0.00,22.88,1
13.691,-1.4922,-1.9481,0.3125,0.1691,0.2500,0.0740,-3.63,-1.87,-4.2891,0.3047,9.1562,-4.6202,-4.3573,40.74,0.00,22.88,1
13.710,-2.1719,-1.9692,0.9219,0.3446,-0.1719,0.0306,-3.65,-1.85,-3.2930,-0.3047,10.3477,-3.6198,-4.3513,40.74,0.00,22.88,1
13.722,-1.1523,-1.8575,0.3125,0.3788,1.0156,0.1682,-3.66,-1.82,-4.7500,-0.2305,8.1172,-5.0714,-4.3047,40.74,0.00,22.88,1
13.739,-2.5937,-1.9765,0.3867,0.3764,-1.2070,-0.0834,-3.70,-1.77,-3.8320,-0.2695,9.5000,-4.1464,-4.4470,40.74,0.00,19.42,1
13.758,-1.4453,-1.9018,-0.0937,0.3367,-0.2891,-0.1123,-3.75,-1.70,-3.6406,-0.7266,9.0430,-3.9422,-4.2987,40.74,0.00,19.42,1
13.773,-1.4453,-1.8317,-0.0937,0.2706,-0.2891,-0.1394,-3.79,-1.67,-4.8633,-0.1914,8.1172,-5.1606,-4.3411,40.74,0.00,19.42,1
13.790,-2.0195,-1.9375,0.4180,0.2860,-0.5078,-0.3291,-3.83,-1.65,-4.2539,-0.2305,8.8125,-4.5464,-4.4785,40.74,0.00,13.97,1
13.809,-1.8047,-1.9436,0.5039,0.3303,0.1016,-0.3310,-3.94,-1.62,-4.0625,-0.1523,9.4258,-4.3502,-4.4544,40.74,0.00,13.97,1
13.831,-1.1367,-1.7936,0.9023,0.4507,1.1758,-0.0185,-4.01,-1.61,-3.8320,-0.0781,9.0781,-4.1178,-4.2670,40.74,0.00,13.97,1
13.841,-1.5508,-1.7259,0.5937,0.4954,-0.2422,0.0515,-4.05,-1.60,-3.8320,-0.0781,9.0781,-4.1168,-4.2439,40.74,0.00,13.97,1
13.861,-1.4492,-1.6506,-0.4609,0.3669,1.0625,0.1518,-4.13,-1.56,-3.9844,-1.5313,8.3906,-4.2613,-4.1946,40.74,0.00,13.97,1
13.880,-1.6719,-1.6427,-0.8359,0.0491,-0.9297,-0.0308,-4.20,-1.52,-3.4492,-0.8828,10.2305,-3.7193,-4.1692,40.74,0.00,13.97,1
13.899,-2.4766,-1.6033,-0.0234,-0.0540,-2.0430,-0.0525,-4.28,-1.46,-4.8281,-0.7266,7.2734,-5.0887,-4.3184,40.74,0.00,13.97,1
13.910,-2.4766,-1.7374,-0.0234,-0.0493,-2.0430,-0.3583,-4.33,-1.45,-3.7930,0.4609,9.6133,-4.0520,-4.3537,40.74,0.00,13.97,1
13.928,-2.3281,-1.7620,0.8555,0.2764,-0.8164,-0.3589,-4.45,-1.41,-4.7109,0.1133,8.5039,-4.9637,-4.4518,40.74,0.00,13.97,1
13.949,-2.0078,-1.8969,0.3359,0.3991,-1.0078,-0.5039,-4.57,-1.41,-4.4062,-0.4219,8.3164,-4.6577,-4.5292,40.74,0.00,13.97,1
13.960,-2.0078,-1.9140,0.3359,0.3894,-1.0078,-0.5813,-4.61,-1.42,-3.4102,-0.9180,9.5391,-3.6634,-4.4696,40.74,0.00,13.97,1
13.978,0.0000,-1.5793,-1.1055,0.1564,0.2266,-0.3767,-4.67,-1.44,-2.4141,-1.8789,9.5391,-2.6708,-3.9752,40.74,0.00,13.97,1
14.001,0.8906,-0.9041,-0.3672,-0.1604,1.0703,-0.0414,-4.71,-1.51,-0.8438,-1.3008,9.7695,-1.1125,-3.2284,40.74,0.00,13.97,1
14.011,1.5781,-0.5734,-0.5117,-0.2037,0.4492,0.0797,-4.75,-1.52,-0.8438,-1.3008,9.7695,-1.1148,-2.9037,40.74,0.00,13.97,1
14.031,2.8828,0.3605,-1.3477,-0.4371,2.0937,0.4583,-4.83,-1.61,-0.4609,-1.8398,9.1211,-0.7472,-2.0018,40.74,0.00,13.97,1
14.049,1.9609,0.8718,-1.0352,-0.6262,-0.2109,0.4120,-4.87,-1.72,0.6133,-1.8789,10.7656,0.3083,-1.5638,40.74,0.00,13.97,1
14.063,3.0195,1.2754,-1.0742,-0.7227,1.4375,0.5274,-4.88,-1.79,-0.6133,-1.3789,7.8906,-0.9295,-1.2501,40.74,0.00,13.97,1
14.079,1.7930,1.4986,-0.5742,-0.7117,-1.4453,0.1475,-4.87,-1.93,0.5742,-0.4961,9.6133,0.2324,-1.0697,40.74,0.00,13.97,1
14.100,2.7344,1.8241,0.5078,-0.4603,-0.4961,0.0140,-4.87,-2.01,0.3437,-0.3047,8.8437,-0.0103,-0.7393,40.74,0.00,13.97,1
14.118,3.0430,2.1607,0.4297,-0.1365,-0.1133,-0.1277,-4.89,-1.91,0.6523,-0.3828,9.2305,0.3142,-0.4184,40.74,0.00,13.97,1
14.130,3.0430,2.2962,0.4297,-0.0495,-0.1133,-0.1255,-4.90,-1.86,1.1094,-0.6914,9.8047,0.7802,-0.2680,40.74,0.00,13.97,1
14.148,3.7773,2.7042,-0.2539,-0.0037,0.8477,0.0733,-4.92,-1.73,1.3789,-1.0742,10.1875,1.0726,0.1544,40.74,0.00,13.97,1
14.168,3.0898,2.9536,-0.1367,-0.0653,-0.9531,0.1488,-4.92,-1.61,0.6914,-0.9570,8.3906,0.4048,0.2671,40.74,0.00,13.97,1
14.181,3.4727,3.0143,0.3242,-0.0442,-0.2266,-0.0369,-4.93,-1.55,1.0742,-0.4961,9.1172,0.7988,0.3840,40.74,0.00,13.97,1
14.198,3.6641,3.1596,0.5508,0.0784,0.1953,-0.0570,-4.95,-1.44,1.2656,-0.2695,9.5391,1.0083,0.5480,40.74,0.00,13.97,1
14.219,3.1250,3.2123,0.7891,0.2922,-0.6094,-0.1490,-5.00,-1.32,0.4961,-0.6523,9.4648,0.2595,0.5071,40.74,0.00,13.97,1
14.239,2.2148,3.0628,-0.0820,0.2686,-0.7617,-0.1702,-5.05,-1.15,-0.1914,-0.9180,8.5781,-0.3998,0.2773,40.74,0.00,13.97,1
14.249,2.2148,2.9326,-0.0820,0.2148,-0.7617,-0.2611,-5.07,-1.07,0.1914,-1.1094,9.7656,-0.0020,0.2062,40.74,0.00,13.97,1
14.269,2.6055,2.8155,-0.2656,0.0900,0.4258,-0.1403,-5.10,-0.92,0.4219,-0.8047,11.1094,0.2536,0.1708,40.74,0.00,13.97,1
14.289,2.9414,2.8177,-0.1836,0.0389,1.4961,0.4111,-5.14,-0.79,0.5352,-1.0352,10.8359,0.3899,0.2297,40.74,0.00,13.97,1
14.300,2.9414,2.8367,-0.1836,0.0047,1.4961,0.5778,-5.16,-0.71,-0.6914,-0.0391,9.3828,-0.8244,0.1580,40.74,0.00,0.00,1
14.318,1.9922,2.5483,0.7461,0.2193,0.4336,0.5100,-5.20,-0.56,-0.4219,-0.1133,9.7695,-0.5283,-0.1109,40.74,0.00,0.00,1
14.338,1.2422,2.3306,0.4922,0.3484,-1.2930,0.3502,-5.27,-0.37,-1.1875,-0.3828,8.0430,-1.2610,-0.3915,40.74,0.00,0.00,1
14.351,2.4687,2.1878,0.6836,0.3955,0.5859,0.1369,-5.29,-0.29,0.0391,-0.1914,9.9258,-0.0218,-0.3105,40.74,0.00,0.00,1
14.368,2.3164,2.2553,0.0859,0.4294,-0.1719,0.2036,-5.37,-0.11,-0.1133,-0.8047,9.1562,-0.1429,-0.2552,40.74,0.00,0.00,1
14.390,2.6992,2.3889,-0.2031,0.2112,0.1719,0.1533,-5.45,0.04,-0.3437,-0.8828,8.4648,-0.3469,-0.1020,40.74,0.00,0.00,1
14.402,2.0859,2.3875,0.0312,0.1663,-0.8633,0.0733,-5.49,0.11,-0.3437,-0.8828,8.4648,-0.3358,-0.1379,40.74,0.00,0.00,1
14.421,2.3906,2.3315,-0.0352,0.1101,-0.5469,-0.1974,-5.57,0.26,-1.4570,-1.1484,6.6250,-1.4236,-0.2254,40.74,0.00,0.00,1
14.439,0.9727,2.0345,-0.2187,0.0283,-2.6914,-0.7711,-5.65,0.39,-0.0391,-0.6914,9.0391,0.0166,-0.4467,40.74,0.00,0.00,1
14.458,2.1172,2.0512,-0.1641,0.0431,-0.7031,-0.7760,-5.73,0.50,-0.3047,-1.1094,8.6211,-0.2294,-0.3424,40.74,0.00,0.00,1
14.470,2.1172,2.0613,-0.1641,0.0113,-0.7031,-0.7648,-5.76,0.56,0.9961,-1.3398,10.3477,1.0809,-0.2195,40.74,0.00,0.00,1
14.488,2.9414,2.4095,-0.4961,-0.1204,0.1797,-0.3216,-5.83,0.68,0.5352,-1.4570,9.5039,0.6412,0.1271,40.74,0.00,0.00,1
14.508,3.2187,2.5826,-0.4883,-0.2263,1.6836,-0.0591,-5.88,0.84,0.8047,-1.4570,10.9961,0.9378,0.3382,40.74,0.00,0.00,1
14.521,1.1484,2.5577,-0.7148,-0.3024,-2.1875,0.0169,-5.91,0.92,-1.2656,-1.6836,7.1289,-1.1186,0.0149,40.74,0.00,0.00,1
14.539,1.9102,2.2190,-0.0195,-0.3638,0.2656,-0.4121,-5.94,1.04,-0.4961,-0.9961,9.5820,-0.3289,-0.1320,40.74,0.00,0.00,1
14.562,1.3555,2.0285,-0.2422,-0.2806,-1.2305,-0.4108,-5.97,1.13,-0.1914,-0.9180,9.8086,-0.0088,-0.2803,40.74,0.00,0.00,1
14.572,2.1992,1.9926,0.0664,-0.2500,0.5039,-0.3980,-5.99,1.19,-0.1914,-0.9180,9.8086,0.0019,-0.2370,40.74,0.00,0.00,1
14.590,2.1523,2.0559,0.2266,-0.1175,0.4648,-0.0965,-6.02,1.32,0.3437,-1.1484,10.0703,0.5583,-0.1147,40.74,0.00,0.00,1
14.609,2.7344,2.2120,-0.1484,-0.1029,0.7695,0.1301,-6.05,1.45,-1.1875,-1.0352,8.2383,-0.9496,-0.0410,40.74,0.00,0.00,1
14.628,1.8711,2.0045,-0.4570,-0.1201,-0.1094,-0.0968,-6.06,1.53,-0.4961,-1.4570,9.1953,-0.2449,-0.1946,40.74,0.00,0.00,1
14.640,1.8711,1.9840,-0.4570,-0.1718,-0.1094,-0.0987,-6.08,1.55,-0.8438,-1.5313,8.8828,-0.5889,-0.2296,40.74,0.00,0.00,1
14.659,1.4258,1.8343,-0.2578,-0.2666,-0.7148,-0.2120,-6.10,1.65,-0.9180,-1.2656,8.5781,-0.6455,-0.3642,40.74,0.00,0.00,1
14.679,2.4141,1.7975,-0.2930,-0.2670,0.5469,-0.2537,-6.11,1.75,0.0781,-1.3008,9.8437,0.3672,-0.2199,40.74,0.00,0.00,1
14.691,2.6719,1.9546,-0.2930,-0.2727,0.9297,-0.0459,-6.11,1.82,0.3437,-1.3008,10.2266,0.6441,-0.0294,40.74,0.00,0.00,1
14.708,2.8164,2.1696,0.2812,-0.2325,1.0469,0.2402,-6.11,1.90,0.4961,-0.7266,10.3477,0.8104,0.1985,40.74,0.00,0.00,1
14.732,2.4883,2.3397,0.0898,-0.0868,0.9688,0.5032,-6.11,2.78,0.4609,-1.4180,10.1484,0.9265,0.3767,40.74,0.00,0.00,1
14.742,2.7578,2.3841,-0.4102,-0.0996,0.8555,0.5656,-6.11,3.43,0.4609,-1.4180,10.1484,1.0375,0.4782,40.74,0.00,0.00,1
14.762,1.5156,2.3207,-0.1016,-0.1581,-0.6719,0.4298,-6.12,4.37,-0.3437,-1.3398,9.5430,0.3931,0.4009,40.74,0.00,0.00,1
14.779,1.9375,2.1857,-0.3320,-0.1931,0.2422,0.3197,-6.12,5.04,-1.3398,-1.4922,7.6602,-0.4894,0.3441,40.74,0.00,0.00,1
14.798,2.3437,1.9292,0.1250,-0.2349,0.8945,-0.0371,-6.10,5.51,0.0781,-0.8828,10.1914,1.0086,0.3943,40.74,0.00,0.00,1
14.810,2.3437,1.9929,0.1250,-0.1796,0.8945,0.1060,-6.09,5.72,-0.4609,-1.0352,9.1602,0.5058,0.4511,40.74,0.00,0.00,1
14.829,2.2812,1.9962,-0.1406,-0.1280,0.0117,0.0934,-6.08,6.02,0.0391,-1.1484,9.3086,1.0576,0.5935,40.74,0.00,0.00,1
14.848,1.8047,2.0389,0.0820,-0.1138,-0.5625,0.0243,-6.06,6.26,-0.4219,-0.9180,8.7344,0.6362,0.6320,40.74,0.00,0.00,1
14.861,1.8047,2.0029,0.0820,-0.0837,-0.5625,-0.0658,-6.06,6.35,0.3047,-0.9180,9.6875,1.3793,0.6933,40.74,0.00,0.00,1
14.879,1.5586,2.0588,0.2344,-0.0150,-1.1367,-0.0862,-6.03,6.53,-0.6523,-0.7656,8.1562,0.4516,0.7227,40.74,0.00,0.00,1
14.902,1.9180,1.9435,0.1562,0.0580,-0.0273,-0.2740,-6.02,6.69,-0.3437,-1.1484,9.2266,0.7884,0.7407,40.74,0.00,0.00,1
14.912,1.8438,1.9336,-0.1484,0.0487,-0.0664,-0.2392,-6.01,6.77,-0.3437,-1.1484,9.2266,0.8023,0.7501,40.74,0.00,0.00,1
14.932,1.5195,1.8532,0.1953,0.0343,-1.0977,-0.3387,-6.00,6.90,0.0000,-0.8438,9.7305,1.1674,0.7387,40.74,0.00,0.00,1
14.949,2.1562,1.8995,0.1484,0.0696,0.4336,-0.2151,-5.99,6.98,0.0000,-1.1484,9.2266,1.1813,0.8632,40.74,0.00,0.00,1
14.968,2.6602,2.0241,0.5312,0.0651,1.1211,-0.0407,-5.97,7.05,0.5352,-0.4609,10.4141,1.7282,1.0931,40.74,0.00,0.00,1
14.980,2.6602,2.1218,0.5312,0.1367,1.1211,0.1377,-5.97,7.09,0.1523,-0.8828,9.8477,1.3518,1.1610,40.74,0.00,0.00,1
14.999,2.2617,2.1863,0.1094,0.1552,0.5469,0.2895,-5.97,7.17,0.1523,-1.4570,9.8867,1.3651,1.2179,40.74,0.00,0.00,1
15.018,1.7500,2.1695,0.1484,0.0258,-0.2187,0.3240,-5.97,7.26,-0.3437,-0.8438,9.0820,0.8855,1.1624,40.74,0.00,0.00,1
15.031,1.7500,2.1051,0.1484,0.0446,-0.2187,0.2406,-5.97,7.30,0.1523,-0.8438,10.2305,1.3880,1.1606,40.74,0.00,0.00,1
15.048,0.5469,1.9872,-0.2734,0.0463,-2.0273,0.1716,-5.96,7.41,-1.5313,-1.2656,7.2734,-0.2775,0.8703,40.74,0.00,0.00,1
15.068,1.7500,1.6750,0.3789,0.0078,0.2031,-0.2736,-5.96,7.45,-0.3047,-0.6133,9.5000,0.9567,0.8178,40.74,0.00,0.00,1
15.082,1.5781,1.6778,0.0664,0.0649,0.2734,-0.1625,-5.95,7.46,-0.4609,-0.9180,9.5820,0.8015,0.8141,40.74,0.00,0.00,1
15.099,2.0625,1.6883,-0.3164,0.0347,0.3086,-0.0360,-5.94,7.49,0.0391,-1.3008,9.6133,1.3073,0.9224,40.74,0.00,0.00,1
15.120,1.7852,1.7330,-0.1250,-0.0225,0.2734,0.0539,-5.93,7.55,0.2695,-1.2266,10.4141,1.5473,0.9966,40.74,0.00,0.00,1
15.133,2.2773,1.7804,-0.2422,-0.0476,1.1211,0.1554,-5.93,7.59,0.2695,-1.2266,10.4141,1.5537,1.0821,40.74,0.00,0.00,1
15.151,1.2656,1.7944,-0.5547,-0.1620,-0.9844,0.1613,-5.91,7.63,-0.1914,-0.7266,9.7695,1.1003,1.0056,40.74,0.00,0.00,1
15.169,1.7930,1.7612,0.2500,-0.0952,0.4727,0.1588,-5.89,7.65,-1.0352,-1.0352,8.3516,0.2598,0.9658,40.74,0.00,0.00,1
15.188,1.5000,1.5736,-0.0977,-0.0682,-1.0234,-0.1426,-5.86,7.69,-0.4609,-1.0742,8.2734,0.8399,0.8537,40.74,0.00,0.00,1
15.201,1.5000,1.5623,-0.0977,-0.0727,-1.0234,-0.2779,-5.85,7.70,-0.1133,-0.8047,9.9258,1.1903,0.8798,40.74,0.00,0.00,1
15.219,2.6289,1.6990,-0.3320,-0.0467,0.5469,-0.0708,-5.82,7.75,0.6914,-1.3008,9.8477,2.0035,1.1657,40.74,0.00,0.00,1
15.239,1.6523,1.8846,0.0039,-0.1007,0.2031,0.0769,-5.79,7.77,-0.2695,-0.9570,9.5039,1.0453,1.1914,40.74,0.00,0.00,1
15.252,1.9531,1.8730,0.0781,-0.0787,0.7695,0.1416,-5.79,7.77,0.0391,-0.8828,10.0742,1.3539,1.2163,40.74,0.00,0.00,1
15.270,1.6602,1.8723,-0.4570,-0.0771,-0.5703,0.2125,-5.74,7.78,-0.2305,-1.4180,8.7344,1.0867,1.1960,40.74,0.00,0.00,1
15.291,0.9180,1.6357,0.3398,-0.0302,-0.9531,-0.1391,-5.71,7.81,-0.2695,-0.8438,9.1602,1.0519,0.9671,40.74,0.00,0.00,1
15.303,1.5977,1.5798,0.1094,0.0082,-0.1484,-0.1998,-5.70,7.82,-0.2695,-0.8438,9.1602,1.0546,0.9805,40.74,0.00,0.00,1
15.321,1.9297,1.6369,-0.0430,0.0193,0.1953,-0.1295,-5.68,7.86,0.3047,-0.3437,10.0352,1.6353,1.1245,40.74,0.00,0.00,1
15.340,2.1484,1.7684,0.6016,0.1443,0.7305,0.0811,-5.65,7.86,0.1523,-0.9961,9.7656,1.4836,1.2573,40.74,0.00,0.00,1
15.359,2.1172,1.8596,-0.2109,0.1008,0.5391,0.2331,-5.63,7.87,0.3047,-1.1484,9.8477,1.6366,1.3681,40.74,0.00,0.00,1
15.371,2.1172,1.8992,-0.2109,0.0529,0.5391,0.2801,-5.62,7.87,-0.8828,-0.7656,8.6172,0.4496,1.3144,40.74,0.00,0.00,1
15.390,1.4063,1.6733,-0.0273,0.0540,-0.0352,0.0727,-5.60,7.90,-0.3828,-0.9570,9.2656,0.9544,1.1316,40.74,0.00,0.00,1
15.410,0.7461,1.5447,-0.2578,0.0125,-1.2227,-0.0529,-5.58,7.94,-1.0352,-1.1875,8.0820,0.3095,0.9387,40.74,0.00,0.00,1
15.422,1.9648,1.4655,0.3164,-0.0014,0.6562,-0.1615,-5.56,7.95,0.1914,-0.6133,9.9609,1.5362,1.0709,40.74,0.00,0.00,1
15.440,1.7578,1.6176,-0.0352,0.0788,0.1484,0.0751,-5.54,7.96,0.0000,-0.9570,9.4648,1.3475,1.1883,40.74,0.00,0.00,1
15.462,2.1953,1.7326,-0.1133,0.0280,0.5703,0.1649,-5.51,7.98,-0.2695,-0.6914,9.0781,1.0808,1.3158,40.74,0.00,0.00,1
15.473,1.4492,1.7440,0.2305,0.0338,-0.2344,0.1628,-5.50,7.98,-0.2695,-0.6914,9.0781,1.0813,1.2798,40.74,0.00,0.00,1
15.491,1.8945,1.7119,0.1484,0.0882,0.8789,0.1984,-5.49,8.00,-1.2656,-1.0742,7.2070,0.0890,1.2271,40.74,0.00,0.00,1
15.510,0.4375,1.4412,-0.1602,0.0370,-2.1094,-0.2700,-5.45,8.00,-0.0391,-0.5352,10.0039,1.3156,1.0026,40.74,0.00,0.00,1
15.529,1.2969,1.4143,-0.2500,0.0708,-0.0820,-0.1654,-5.43,8.03,-0.3828,-1.1484,9.2266,0.9767,1.0348,40.74,0.00,0.00,1
15.541,1.2969,1.3963,-0.2500,0.0215,-0.0820,-0.1526,-5.42,8.04,-0.2305,-0.7656,9.0039,1.1296,1.0382,40.74,0.00,0.00,1
15.560,1.6484,1.4144,0.2852,0.0414,0.5312,-0.1155,-5.42,8.03,0.0000,-0.6133,9.8477,1.3596,1.0994,40.74,0.00,0.00,1
15.579,1.9297,1.5033,-0.1758,0.0737,0.3008,0.0495,-5.39,8.02,0.3047,-1.0742,9.6094,1.6617,1.2399,40.74,0.00,0.00,1
15.592,1.9297,1.5688,-0.1758,0.0353,0.3008,0.0881,-5.38,8.02,0.1523,-0.2305,10.1523,1.5099,1.2926,40.74,0.00,0.00,1
15.609,1.4961,1.6229,0.2461,0.1673,0.1094,0.2550,-5.37,8.04,-0.1133,-0.6523,9.4219,1.2480,1.3085,40.74,0.00,0.00,1
15.632,1.6328,1.6007,-0.3672,0.1000,0.1406,0.2102,-5.37,8.08,-0.5742,-0.4609,8.8828,0.7929,1.2837,40.74,0.00,0.00,1
15.643,1.0117,1.5559,0.4297,0.0920,-0.4258,0.1542,-5.36,8.08,-0.5742,-0.4609,8.8828,0.7940,1.2085,40.74,0.00,0.00,1
15.662,1.5781,1.4574,0.1250,0.1603,0.4883,0.0969,-5.36,8.09,-1.4922,-1.0352,7.4336,-0.1228,1.1109,40.74,0.00,0.00,1
15.680,0.0703,1.1579,-0.1445,0.0906,-1.8906,-0.3186,-5.35,8.07,0.1133,-0.3437,10.1094,1.4794,0.8889,40.74,0.00,0.00,1
15.699,1.4922,1.2246,0.1992,0.1787,0.7930,-0.0919,-5.35,8.05,-0.0391,-0.6914,10.1133,1.3234,1.0556,40.74,0.00,0.00,1
15.711,1.4922,1.2657,0.1992,0.1819,0.7930,0.0440,-5.36,8.06,-0.0781,-0.9570,9.4219,1.2870,1.0940,40.74,0.00,0.00,1
15.731,1.5156,1.3352,0.1992,0.1337,0.7227,0.1546,-5.36,8.09,0.0000,-0.6914,10.0352,1.3693,1.1781,40.74,0.00,0.00,1
15.749,2.1133,1.4430,-0.2969,0.1164,0.8789,0.3607,-5.37,8.12,0.6133,-1.1875,10.1914,1.9873,1.3800,40.74,0.00,0.00,1
15.762,2.1133,1.5459,-0.2969,0.0529,0.8789,0.4403,-5.37,8.13,-0.8828,-0.6523,8.5820,0.4929,1.3539,40.74,0.00,0.00,1
15.779,1.0938,1.3500,0.3164,0.0917,0.1094,0.2006,-5.38,8.14,-0.3828,-0.5742,9.4258,0.9945,1.1712,40.74,0.00,0.00,1
15.802,1.1563,1.2722,-0.3359,0.0681,-0.1562,0.1287,-5.38,8.13,-0.8828,-0.7266,8.4648,0.4939,1.0864,40.74,0.00,0.00,1
15.813,0.5703,1.2075,0.1641,0.0460,-0.8477,0.0296,-5.38,8.14,-0.8828,-0.7266,8.4648,0.4950,0.9956,40.74,0.00,0.00,1
15.830,1.2852,1.0840,-0.1445,0.0548,0.2656,-0.1301,-5.39,8.14,-0.1523,-1.0352,9.5820,1.2260,1.0154,40.74,0.00,0.00,1
15.850,1.0156,1.0929,-0.4102,-0.0719,-0.3477,-0.1309,-5.39,8.17,0.4219,-0.8047,9.9648,1.8040,1.0638,40.74,0.00,0.00,1
15.871,1.4922,1.2733,0.1992,-0.0375,0.6094,0.0730,-5.38,8.18,0.0781,-0.6914,9.9258,1.4624,1.2401,40.74,0.00,0.00,1
15.882,1.4922,1.3218,0.1992,0.0149,0.6094,0.1917,-5.38,8.19,0.1523,-1.3008,9.5391,1.5393,1.2958,40.74,0.00,0.00,1
15.900,1.5586,1.3848,-0.4102,-0.0677,0.2266,0.2254,-5.37,8.20,-0.3047,-0.6914,8.7773,1.0827,1.3284,40.74,0.00,0.00,1
15.920,1.5742,1.3491,-0.0273,-0.0297,0.6875,0.1052,-5.36,8.18,0.1914,-0.9180,10.0000,1.5757,1.3534,40.74,0.00,0.00,1
15.932,1.5742,1.3836,-0.0273,-0.0294,0.6875,0.1946,-5.35,8.17,-1.3398,-1.1484,7.4687,0.0423,1.2647,40.74,0.00,0.00,1
15.949,1.1992,1.1037,0.2305,-0.0566,0.6406,-0.1581,-5.34,8.14,-0.1523,-0.6523,9.9648,1.2262,1.1102,40.74,0.00,0.00,1
15.968,1.1133,1.1239,-0.1602,-0.0064,0.0742,0.0231,-5.34,8.17,-0.2305,-1.0352,9.3828,1.1533,1.1269,40.74,0.00,0.00,1
15.983,1.0313,1.1150,-0.0352,-0.0304,-0.2344,0.0098,-5.33,8.18,-0.3047,-0.9180,9.0781,1.0796,1.1164,40.74,0.00,0.00,1
16.000,1.1758,1.1028,0.0000,-0.0290,0.0352,-0.0379,-5.32,8.17,-0.1523,-0.8828,9.3477,1.2299,1.1395,40.74,0.00,0.00,1
16.021,1.8164,1.2695,0.0391,-0.0104,0.9141,0.1815,-5.31,8.15,-0.6523,-0.6914,8.5000,0.7278,1.2991,40.74,0.00,0.00,1
16.040,0.6445,1.1652,0.1836,0.0356,-0.8164,0.0063,-5.30,8.12,-0.1914,-0.7656,9.5820,1.1834,1.1728,40.74,0.00,0.00,1
16.052,1.0898,1.1184,0.1094,0.0569,0.2578,-0.0108,-5.29,8.13,-0.7266,-0.9570,9.1602,0.6488,1.1325,40.74,0.00,0.00,1
16.070,0.5469,0.9901,-0.0820,0.0294,-0.1641,-0.0280,-5.28,8.14,-0.7266,-0.9570,8.1211,0.6505,0.9957,40.74,0.00,0.00,1
16.088,1.2578,0.8943,0.0234,-0.0001,0.2930,-0.2486,-5.27,8.12,0.0000,-0.8438,9.6094,1.3739,1.0383,40.74,0.00,0.00,1
16.102,1.2578,0.9501,0.0234,0.0035,0.2930,-0.1654,-5.26,8.11,0.4609,-0.8047,10.3086,1.8343,1.1267,40.74,0.00,0.00,1
16.119,1.2656,1.1463,0.2070,0.0329,-0.1250,0.0982,-5.24,8.09,0.0391,-0.6523,9.1953,1.4092,1.2736,40.74,0.00,0.00,1
16.139,1.1719,1.1727,0.4766,0.1039,0.9844,0.1237,-5.24,8.09,-0.0391,-0.3828,10.3047,1.3295,1.2942,40.74,0.00,0.00,1
16.153,0.9492,1.1547,-0.2891,0.0999,-0.5078,0.1365,-5.24,8.09,-0.2695,-1.1484,8.8164,1.0990,1.2642,40.74,0.00,0.00,1
16.170,0.2461,1.0402,0.2070,0.0293,-0.8555,-0.0741,-5.23,8.10,-0.9570,-0.6523,8.4648,0.4137,1.0658,40.74,0.00,0.00,1
16.191,0.7187,0.8637,0.0156,0.0450,-0.1250,-0.1745,-5.22,8.07,0.0000,-0.9180,9.3047,1.3660,1.0399,40.74,0.00,0.00,1
16.210,1.1797,0.9246,-0.0586,0.0202,-0.0117,-0.1354,-5.21,8.05,0.0781,-0.3437,9.9648,1.4410,1.1378,40.74,0.00,0.00,1
16.221,1.2422,0.9906,0.5156,0.0910,0.6406,-0.0078,-5.21,8.04,0.6133,-1.0742,9.8828,1.9735,1.2471,40.74,0.00,0.00,1
16.240,1.7695,1.1787,-0.2148,0.0497,0.5625,0.1588,-5.22,8.05,0.0000,-0.8828,10.1914,1.3634,1.4047,40.74,0.00,0.00,1
16.260,0.3750,1.1405,-0.0234,0.0138,-1.3594,0.2039,-5.22,8.05,-0.7656,-0.8828,7.9687,0.5962,1.2207,40.74,0.00,0.00,1
16.272,0.3750,1.0229,-0.0234,0.0081,-1.3594,-0.0362,-5.21,8.03,-0.5352,-0.8438,9.3477,0.8234,1.1428,40.74,0.00,0.00,1
16.290,0.7344,0.8983,-0.1055,-0.0030,-0.4414,-0.1432,-5.21,8.01,-0.3828,-0.9570,8.8867,0.9731,1.0748,40.74,0.00,0.00,1
16.310,1.4141,0.9062,0.3555,0.0048,0.6719,-0.1387,-5.20,8.01,0.3047,-0.4961,10.0000,1.6612,1.1985,40.74,0.00,0.00,1
16.323,1.5703,1.0311,0.0078,0.0546,1.2070,0.0835,-5.20,8.02,0.4609,-0.8438,10.5312,1.8190,1.3357,40.74,0.00,0.00,1
16.340,1.4766,1.2058,-0.4062,0.0071,0.0937,0.3775,-5.20,8.02,0.3828,-1.2656,9.4258,1.7404,1.4831,40.74,0.00,0.00,1
16.363,0.0820,1.0839,0.2852,-0.0276,-0.6328,0.1691,-5.19,8.01,-0.4219,-1.0742,8.6953,0.9341,1.2253,40.74,0.00,0.00,1
16.374,0.6562,0.9760,-0.2227,-0.0202,-0.6328,0.0460,-5.19,8.01,-0.4219,-1.0742,8.6953,0.9336,1.1805,40.74,0.00,0.00,1
16.392,0.2266,0.8010,-0.1445,-0.0772,-0.5859,-0.1782,-5.18,8.02,0.1914,-0.5742,10.0039,1.5491,1.0601,40.74,0.00,0.00,1
16.410,1.2539,0.8654,0.2773,-0.0029,0.6797,-0.0138,-5.18,8.03,0.0391,-1.0352,9.8477,1.3978,1.1866,40.74,0.00,0.00,1
16.428,1.3516,0.9715,-0.1445,-0.0350,0.4883,0.1755,-5.17,8.02,0.3047,-0.9961,9.8086,1.6629,1.3171,40.74,0.00,0.00,1
16.442,1.3516,1.0299,-0.1445,-0.0518,0.4883,0.2236,-5.17,8.01,-0.0781,-0.8438,9.3477,1.2785,1.3393,40.74,0.00,0.00,1
16.460,1.1758,1.0443,0.0000,-0.0424,0.5625,0.2259,-5.16,7.99,0.1523,-0.8438,9.8867,1.5053,1.3686,40.74,0.00,0.00,1
16.478,-0.2109,0.9707,-0.0742,-0.0363,-1.5508,0.1523,-5.14,8.00,-1.2266,-0.9180,7.7734,0.1274,1.1025,40.74,0.00,0.00,1
16.493,-0.2109,0.7892,-0.0742,-0.0422,-1.5508,-0.1093,-5.13,7.99,-0.4961,-0.6523,9.5820,0.8563,1.0109,40.74,0.00,0.00,1
16.510,0.6641,0.6638,-0.2383,-0.0137,-0.5156,-0.1513,-5.13,8.00,-0.3437,-1.0742,8.8164,1.0108,0.9927,40.74,0.00,0.00,1
16.533,0.4961,0.6381,0.1094,-0.0369,-0.0195,-0.1993,-5.11,7.99,0.2305,-0.9961,9.5000,1.5835,1.0134,40.74,0.00,0.00,1
16.550,1.2148,0.7569,-0.1602,-0.0550,0.1719,-0.1059,-5.10,7.97,0.8438,-0.8438,10.9141,2.1931,1.2233,40.74,0.00,0.00,1
16.561,1.8203,0.8757,-0.0078,-0.0590,1.5898,0.0502,-5.09,7.97,0.8438,-0.8438,10.9141,2.1936,1.3724,40.74,0.00,0.00,1
16.581,0.1250,0.8225,0.0703,-0.0243,-0.9023,0.0235,-5.06,7.97,-0.1914,-0.7656,9.2305,1.1581,1.1292,40.74,0.00,0.00,1
16.601,-0.1953,0.6903,0.0625,0.0074,-0.5547,-0.1005,-5.06,7.98,-1.1484,-0.7656,8.7773,0.2015,0.9275,40.74,0.00,0.00,1
16.612,-0.1953,0.4943,0.0625,0.0196,-0.5547,-0.2010,-5.05,7.98,-0.5742,-0.8828,8.1562,0.7763,0.8129,40.74,0.00,0.00,1
16.630,0.3711,0.4241,-0.0547,0.0058,-1.1680,-0.4370,-5.02,7.96,-0.0391,-0.6523,9.8867,1.3083,0.8447,40.74,0.00,0.00,1
16.649,1.3516,0.5918,-0.0977,0.0287,0.7852,-0.1792,-5.01,7.96,0.4219,-0.9180,10.1133,1.7693,1.1047,40.74,0.00,0.00,1
16.663,1.3516,0.7085,-0.0977,0.0093,0.7852,-0.0311,-5.00,7.94,0.0391,-0.7266,9.3047,1.3833,1.1757,40.74,0.00,0.00,1
16.680,1.1445,0.8317,0.1680,0.0330,1.0156,0.1018,-4.98,7.89,0.2305,-0.6523,10.3437,1.5668,1.2864,40.74,0.00,0.00,1
16.699,0.6836,0.8835,-0.2891,0.0347,-0.2109,0.2628,-4.97,7.86,-0.2305,-1.1094,9.1211,1.0995,1.2625,40.74,0.00,0.00,1
16.714,-0.0508,0.7805,0.1680,-0.0004,-1.1289,0.0845,-4.96,7.84,-0.9570,-0.6523,8.1953,0.3692,1.0651,40.74,0.00,0.00,1
16.731,0.4375,0.5838,0.1211,0.0436,-0.1328,-0.1799,-4.94,7.78,-0.4609,-0.6914,9.1992,0.8558,0.9753,40.74,0.00,0.00,1
16.752,0.4687,0.5351,-0.2305,-0.0246,-0.2891,-0.2057,-4.92,7.76,0.3437,-0.4609,9.9648,1.6567,1.0039,40.74,0.00,0.00,1
16.770,1.2266,0.6840,0.3437,0.0441,0.6328,-0.0253,-4.91,7.73,0.2305,-0.6133,10.4961,1.5392,1.1787,40.74,0.00,0.00,1
16.782,1.1055,0.7855,0.1836,0.0858,1.1680,0.2025,-4.90,7.71,0.4219,-1.1875,9.6875,1.7264,1.2729,40.74,0.00,0.00,1
16.801,1.2969,0.9186,-0.3906,-0.0135,0.3633,0.2983,-4.89,7.68,-0.4219,-0.6914,8.9219,0.8779,1.3331,40.74,0.00,0.00,1
16.820,0.6289,0.8191,0.1836,0.0065,0.1328,0.1461,-4.87,7.65,-0.2305,-0.6133,9.4609,1.0636,1.2187,40.74,0.00,0.00,1
16.833,0.6289,0.7899,0.1836,0.0337,0.1328,0.1441,-4.86,7.63,-1.3789,-1.1875,7.5469,-0.0870,1.1027,40.74,0.00,0.00,1
16.850,0.9219,0.5230,0.4141,-0.0137,0.4414,-0.2248,-4.84,7.60,0.0781,-0.3828,9.7656,1.3648,1.0185,40.74,0.00,0.00,1
16.868,0.6914,0.6177,-0.0156,0.0732,0.6328,-0.0205,-4.83,7.60,-0.1523,-0.8047,9.9609,1.1333,1.0656,40.74,0.00,0.00,1
16.884,0.5312,0.6212,-0.2070,0.0383,-0.5937,0.0259,-4.82,7.58,-0.3047,-0.9961,8.7344,0.9789,1.0465,40.74,0.00,0.00,1
16.901,0.8594,0.6219,0.0977,-0.0069,0.5547,-0.0579,-4.80,7.53,0.0391,-0.6914,9.8828,1.3141,1.1017,40.74,0.00,0.00,1
16.922,1.2734,0.7665,-0.1680,-0.0121,0.8242,0.1923,-4.78,7.49,-0.4219,-0.6133,9.1562,0.8453,1.2210,40.74,0.00,0.00,1
16.941,0.3828,0.7132,0.1680,0.0181,-0.1719,0.1511,-4.75,7.45,-0.0391,-0.6914,9.9258,1.2218,1.1438,40.74,0.00,0.00,1
16.952,0.7500,0.6964,0.0898,0.0392,0.5937,0.1972,-4.74,7.44,-0.2305,-1.1875,9.0000,1.0283,1.1453,40.74,0.00,0.00,1
16.970,0.5664,0.6710,-0.4062,-0.0562,-0.3242,0.1065,-4.72,7.43,-0.9570,-0.6523,8.1211,0.3012,1.0538,40.74,0.00,0.00,1
16.989,0.5898,0.4877,-0.0703,-0.0413,0.0937,-0.1866,-4.69,7.41,-0.1914,-0.8438,9.4258,1.0632,0.9659,40.74,0.00,0.00,1
17.003,0.5898,0.5034,-0.0703,-0.0458,0.0937,-0.1436,-4.68,7.41,-0.2695,-0.8828,9.0820,0.9851,0.9746,40.74,0.00,0.00,1
17.020,1.1172,0.5576,0.0742,-0.0521,0.5469,-0.0964,-4.65,7.36,0.3437,-0.6914,9.8828,1.5895,1.1119,40.74,0.00,0.00,1
17.039,0.9883,0.7060,0.2969,0.0015,1.1211,0.1320,-4.62,7.32,0.2305,-0.4609,10.4570,1.4699,1.2209,40.74,0.00,0.00,1
17.054,0.9883,0.7684,-0.5508,-0.0009,0.0117,0.2621,-4.60,7.32,0.2305,-1.3008,9.3477,1.4689,1.2759,40.74,0.00,0.00,1
17.071,-0.0156,0.7505,0.4062,-0.0803,-0.5234,0.1483,-4.58,7.30,-0.7656,-0.3437,8.8164,0.4691,1.1092,40.74,0.00,0.00,1
17.093,0.5898,0.5823,0.0156,0.0256,0.0508,0.0075,-4.55,7.27,-1.3789,-0.9570,7.6289,-0.1478,0.9656,40.74,0.00,0.00,1
17.110,-0.6445,0.3113,-0.2148,-0.0283,-1.7109,-0.3701,-4.51,7.22,0.1523,-0.4219,10.0000,1.3750,0.7705,40.74,0.00,0.00,1
17.122,0.8711,0.3325,0.3125,0.0115,0.6641,-0.3021,-4.50,7.21,-0.0391,-0.8828,9.7656,1.1814,0.8885,40.74,0.00,0.00,1
17.140,0.6797,0.4429,-0.1484,-0.0052,0.4336,-0.0791,-4.48,7.18,-0.2305,-0.6914,9.1602,0.9843,0.9548,40.74,0.00,0.00,1
17.160,0.6250,0.4787,0.3437,0.0227,0.1250,-0.0538,-4.45,7.15,-0.0781,-0.3828,9.4648,1.1319,0.9973,40.74,0.00,0.00,1
17.173,0.6250,0.5012,0.3437,0.0720,0.1250,-0.0264,-4.43,7.14,0.4961,-0.7266,10.2656,1.7035,1.0635,40.74,0.00,0.00,1
17.191,-0.1875,0.5953,0.4492,0.1031,-1.1758,0.0850,-4.41,7.12,-0.8828,-0.2695,8.1602,0.3225,0.9763,40.74,0.00,0.00,1
17.210,0.7266,0.4016,0.1836,0.1999,0.3555,-0.2223,-4.39,7.10,0.0391,-0.5352,9.6914,1.2412,0.9563,40.74,0.00,0.00,1
17.232,0.1836,0.4290,-0.3164,0.1175,-0.1797,-0.1075,-4.37,7.07,-0.3828,-0.4609,8.8125,0.8141,0.9092,40.74,0.00,0.00,1
17.242,0.2969,0.4003,0.2500,0.0962,-0.5234,-0.1461,-4.36,7.06,-0.3828,-0.4609,8.8125,0.8120,0.8942,40.74,0.00,0.00,1
17.262,0.5117,0.3981,-0.0156,0.1078,0.2773,-0.1518,-4.34,7.03,0.2695,-0.8828,9.6484,1.4590,0.9639,40.74,0.00,0.00,1
17.281,0.9336,0.5237,-0.1719,0.0382,0.3164,-0.0214,-4.32,7.02,-0.0391,-0.1133,9.4219,1.1484,1.0794,40.74,0.00,0.00,1
17.293,0.6172,0.5658,0.5977,0.1099,0.0859,0.0179,-4.31,6.95,0.1914,-0.4961,9.9258,1.3666,1.1104,40.74,0.00,0.00,1
17.311,0.8477,0.6314,0.2148,0.1635,0.5859,0.1479,-4.31,6.85,-0.0391,-0.9570,9.6484,1.1201,1.1611,40.74,0.00,0.00,1
17.329,-0.0039,0.5909,0.4336,0.1304,-0.7539,0.1268,-4.31,6.80,-0.6523,-0.2695,8.5820,0.4988,1.0530,40.74,0.00,0.00,1
17.343,-0.0039,0.4995,0.4336,0.1770,-0.7539,-0.0084,-4.30,6.70,-0.2695,-0.5742,9.7695,0.8636,0.9958,40.74,0.00,0.00,1
17.361,0.3633,0.4380,0.1211,0.1806,0.4336,0.0430,-4.29,6.62,-0.6523,-0.9570,8.6602,0.4679,0.9247,40.74,0.00,0.00,1
17.380,0.8242,0.3715,0.4648,0.1099,0.6992,-0.0293,-4.28,6.56,0.1914,-0.2305,10.0312,1.3005,0.9530,40.74,0.00,0.00,1
17.394,0.8242,0.4410,0.4648,0.1644,0.6992,0.0826,-4.29,6.54,0.2305,-0.7656,10.3477,1.3364,1.0090,40.74,0.00,0.00,1
17.411,1.0078,0.5927,-0.4922,0.0813,0.2422,0.3191,-4.28,6.49,0.3828,-1.1875,9.5820,1.4803,1.1522,40.74,0.00,0.00,1
17.429,0.0039,0.6301,0.2734,-0.0201,-0.4492,0.2420,-4.27,6.42,-0.6133,-0.4219,8.8828,0.4730,1.0223,40.74,0.00,0.00,1
17.451,0.1133,0.4408,0.0820,0.0376,-0.2578,0.0487,-4.27,6.38,-0.8828,-0.9570,8.3125,0.1965,0.8423,40.74,0.00,0.00,1
17.469,0.8398,0.3101,0.4648,0.0134,0.8906,-0.1198,-4.26,6.33,0.2305,-0.2305,10.2305,1.3008,0.8666,40.74,0.00,0.00,1
17.480,0.8398,0.3915,0.4648,0.0827,0.8906,0.0354,-4.25,6.30,0.4609,-0.7656,10.4570,1.5270,0.9510,40.74,0.00,0.00,1
17.501,1.0234,0.5648,-0.4922,0.0389,0.3555,0.2677,-4.25,6.26,0.4609,-0.7656,10.4570,1.5189,1.1124,40.74,0.00,0.00,1
17.513,1.0234,0.6353,-0.4922,-0.0427,0.3555,0.2812,-4.25,6.24,-0.8438,-0.4961,8.5820,0.2111,1.0700,40.74,0.00,0.00,1
17.531,-0.2500,0.4635,0.1992,-0.0171,-0.7539,0.0567,-4.23,6.20,-0.3828,-0.7656,9.2695,0.6657,0.8619,40.74,0.00,0.00,1
17.550,-0.0664,0.3272,-0.2773,-0.0396,-0.7539,-0.0797,-4.21,6.16,-0.6523,-0.9570,8.5820,0.3893,0.7337,40.74,0.00,0.00,1
17.569,0.7617,0.2818,0.4883,-0.0457,0.7773,-0.1484,-4.20,6.10,0.1914,-0.1914,10.1094,1.2223,0.8204,40.74,0.00,0.00,1
17.581,0.8008,0.3912,-0.0859,0.0265,0.7383,0.0534,-4.20,6.08,0.2305,-0.7656,10.0742,1.2577,0.9174,40.74,0.00,0.00,1
17.600,0.8398,0.5105,-0.2773,-0.0207,0.1641,0.2017,-4.18,6.05,0.2695,-0.9570,9.5039,1.2925,1.0216,40.74,0.00,0.00,1
17.621,-0.0820,0.4187,0.2578,0.0102,-0.6406,0.0108,-4.17,6.00,-0.2695,-0.6914,9.3437,0.7444,0.8285,40.74,0.00,0.00,1
17.632,0.2852,0.3712,-0.0195,0.0261,0.0039,-0.0377,-4.16,5.97,-0.2695,-0.6914,9.3437,0.7397,0.8149,40.74,0.00,0.00,1
17.651,-0.0977,0.2571,-0.0547,0.0028,-0.8008,-0.2016,-4.14,5.94,0.1914,-0.4219,10.1094,1.1953,0.7252,40.74,0.00,0.00,1
17.670,0.7383,0.3415,0.2500,0.0539,0.7695,-0.0240,-4.13,5.89,0.4961,-1.0742,10.0352,1.4926,0.8812,40.74,0.00,0.00,1
17.683,1.0352,0.4749,-0.4023,-0.0029,0.6914,0.1396,-4.12,5.88,0.2305,-0.7656,9.6914,1.2237,0.9946,40.74,0.00,0.00,1
17.701,0.7695,0.5750,-0.1016,-0.0496,0.3477,0.2200,-4.10,5.86,-1.1094,-0.4961,8.1172,-0.1192,0.9518,40.74,0.00,0.00,1
17.720,0.3008,0.3294,0.0117,-0.0034,0.0117,-0.0831,-4.09,5.83,-0.2305,-0.6523,9.3437,0.7549,0.7800,40.74,0.00,0.00,1
17.734,0.3008,0.3250,0.0117,-0.0011,0.0117,-0.0685,-4.08,5.82,-0.4219,-0.6133,9.3086,0.5625,0.7606,40.74,0.00,0.00,1
17.751,0.8008,0.3178,0.1211,0.0184,0.2695,-0.0301,-4.05,5.79,0.2695,-0.5352,9.6094,1.2476,0.8447,40.74,0.00,0.00,1
17.770,0.6289,0.4410,0.1875,0.0528,1.1133,0.1224,-4.03,5.74,0.1133,-0.4609,10.4531,1.0833,0.9228,40.74,0.00,0.00,1
17.793,0.7070,0.5371,-0.3086,-0.0348,-0.0742,0.1757,-4.02,5.72,-0.4609,-0.3437,8.8477,0.5054,0.9635,40.74,0.00,0.00,1
17.802,0.0469,0.5104,0.3047,-0.0278,-0.4961,0.1035,-4.02,5.70,-0.4609,-0.3437,8.8477,0.5027,0.8927,40.74,0.00,0.00,1
17.823,0.3945,0.4058,0.4961,0.1149,0.2344,0.0113,-4.01,5.68,-1.2656,-0.5742,7.2344,-0.3051,0.7651,40.74,0.00,0.00,1
17.841,-0.7578,0.1476,0.0742,0.1297,-2.1055,-0.4433,-4.00,5.64,0.1914,-0.0391,10.0000,1.1444,0.5768,40.74,0.00,0.00,1
17.853,0.6914,0.1698,0.6016,0.1984,0.6562,-0.3869,-4.00,5.62,0.0391,-0.1914,9.6523,0.9894,0.6896,40.74,0.00,0.00,1
17.872,0.5312,0.2823,0.4570,0.2807,0.3086,-0.1680,-4.02,5.58,0.7656,-0.7656,9.7656,1.7079,0.8307,40.74,0.00,0.00,1
17.890,0.5234,0.5145,0.6094,0.2361,0.3086,0.0183,-4.04,5.56,0.0391,-0.0391,9.6484,0.9791,0.9682,40.74,0.00,0.00,1
17.904,0.5234,0.5158,0.6094,0.2935,0.3086,0.0629,-4.05,5.55,0.6523,-0.0781,10.2656,1.5907,1.0187,40.74,0.00,0.00,1
17.922,-0.5117,0.5621,0.2812,0.3685,-1.4844,0.1297,-4.08,5.57,-0.9961,-0.3828,7.8555,-0.0551,0.8498,40.74,0.00,0.00,1
17.941,0.2930,0.3219,0.6953,0.3769,0.4336,-0.1746,-4.12,5.48,-0.1914,0.0391,9.7695,0.7345,0.7684,40.74,0.00,0.00,1
17.962,-0.5977,0.0590,0.0898,0.3305,-1.0234,-0.3484,-4.16,5.34,-0.4609,-0.8828,8.8477,0.4402,0.4494,40.74,0.00,0.00,1
17.972,0.0156,0.0072,-0.2109,0.2695,-0.4883,-0.4093,-4.19,5.28,-0.4609,-0.8828,8.8477,0.4305,0.4465,40.74,0.00,0.00,1
17.993,0.4766,0.0808,0.1445,0.1603,0.7773,-0.2418,-4.24,5.19,0.5352,-0.9570,10.3867,1.4110,0.6101,40.74,0.00,0.00,1
18.010,1.0117,0.3115,-0.2695,0.0642,1.0469,0.1069,-4.28,5.13,-0.2695,-0.8438,9.3867,0.5966,0.7708,40.74,0.00,0.00,1
18.024,0.2070,0.3429,-0.1562,0.0077,0.0508,0.1619,-4.30,5.09,-0.0391,-0.6914,10.4180,0.8196,0.7490,40.74,0.00,0.00,1
18.041,0.4297,0.3536,0.0039,-0.0033,1.0820,0.3586,-4.34,5.00,-0.3828,-1.0742,9.5391,0.4618,0.7386,40.74,0.00,0.00,1
18.059,-0.5273,0.2330,-0.1406,-0.0888,-1.0234,0.2579,-4.37,4.94,-0.9961,-0.8438,8.3125,-0.1628,0.5058,40.74,0.00,0.00,1
18.074,-0.5273,0.1162,-0.1406,-0.0967,-1.0234,0.0610,-4.38,4.90,-0.5742,-0.8047,9.6484,0.2526,0.4358,40.74,0.00,0.00,1
18.091,0.0859,0.0302,-0.5977,-0.1403,-0.6016,-0.0021,-4.41,4.87,-0.3828,-1.3008,8.7344,0.4397,0.4143,40.74,0.00,0.00,1
18.110,0.9219,0.1161,0.0117,-0.2475,1.3906,-0.0471,-4.42,4.82,0.4609,-0.6914,10.7266,1.2748,0.6076,40.74,0.00,0.00,1
18.133,0.5469,0.3332,-0.1719,-0.1873,0.3555,0.2840,-4.45,4.80,0.1133,-1.1484,9.9609,0.9239,0.7286,40.74,0.00,0.00,1
18.142,0.5820,0.3688,-0.4375,-0.2062,0.6250,0.3166,-4.45,4.78,0.1133,-1.1484,9.9609,0.9201,0.7580,40.74,0.00,0.00,1
18.163,-0.1133,0.3347,-0.2070,-0.2496,-0.6797,0.2213,-4.45,4.73,-0.0391,-0.9570,9.9219,0.7587,0.6587,40.74,0.00,0.00,1
18.181,0.4219,0.3261,-0.2461,-0.2462,0.5859,0.2459,-4.46,4.69,-1.5703,-0.9961,7.2344,-0.7795,0.5628,40.74,0.00,0.00,1
18.194,-1.1094,0.1121,-0.2773,-0.2510,-2.0977,-0.0911,-4.46,4.67,0.0000,-0.0781,9.5820,0.7882,0.3908,40.74,0.00,0.00,1
18.211,0.4531,0.1115,0.6328,-0.0570,0.2422,-0.1423,-4.47,4.64,-0.4609,-0.3437,9.7656,0.3224,0.4652,40.74,0.00,0.00,1
18.231,0.6836,0.1525,-0.1641,0.0619,-0.0664,0.0031,-4.47,4.60,0.2305,-0.8828,9.2695,1.0063,0.5676,40.74,0.00,0.00,1
18.250,0.1406,0.2886,0.1445,0.0096,0.0195,-0.0122,-4.48,4.53,-0.3047,-0.5742,9.3477,0.4598,0.5961,40.74,0.00,0.00,1
18.261,0.1406,0.2658,0.1445,0.0303,0.0195,-0.0073,-4.48,4.50,0.3437,-1.1484,10.3828,1.1029,0.6262,40.74,0.00,0.00,1
18.279,-0.9414,0.2686,-0.6992,-0.1152,-1.9336,0.0564,-4.48,4.49,-1.3789,-1.4180,7.3906,-0.6224,0.4069,40.74,0.00,0.00,1
18.304,0.5156,0.0799,0.2227,-0.1727,0.6641,-0.2230,-4.48,4.44,-0.2305,-0.6914,9.3477,0.5186,0.4424,40.74,0.00,0.00,1
18.312,0.2070,0.1221,0.0273,-0.1276,0.0195,-0.1383,-4.49,4.42,-0.2305,-0.6914,9.3477,0.5149,0.4535,40.74,0.00,0.00,1
18.330,1.6563,0.2621,-0.0078,-0.0865,1.4375,0.0199,-4.48,4.40,1.2266,-0.7266,10.7656,1.9676,0.7924,40.74,0.00,0.00,1
18.351,0.5820,0.4997,0.2969,0.0078,-0.1328,0.1556,-4.48,4.39,0.0781,-0.6523,9.6484,0.8176,0.8205,40.74,0.00,0.00,1
18.370,-1.4414,0.3507,-0.3555,0.0050,-2.8555,-0.0794,-4.49,4.39,-1.8789,-1.0742,6.4687,-1.1390,0.5192,40.74,0.00,0.00,1
18.381,-1.4414,0.0754,-0.3555,-0.0504,-2.8555,-0.5058,-4.48,4.36,0.0000,-0.5742,9.7266,0.7340,0.4139,40.74,0.00,0.00,1
18.401,0.4219,0.0576,0.1445,-0.0262,0.4023,-0.4512,-4.47,4.31,-0.3828,-0.7656,9.4609,0.3426,0.4722,40.74,0.00,0.00,1
18.414,0.0391,0.0794,-0.0469,-0.0178,0.1328,-0.3037,-4.47,4.30,0.0781,-0.9570,9.4219,0.8020,0.4800,40.74,0.00,0.00,1
18.431,0.5000,0.1700,-0.2383,-0.0684,0.0937,-0.1885,-4.47,4.28,-0.3047,-0.4219,9.1211,0.4165,0.5401,40.74,0.00,0.00,1
18.449,0.5664,0.2083,0.2578,0.0223,1.0156,-0.0806,-4.46,4.24,0.1523,-0.4609,10.3477,0.8666,0.5973,40.74,0.00,0.00,1
18.470,-0.7344,0.2058,-0.1992,0.0525,-2.0117,-0.0119,-4.46,4.17,-1.1484,-0.9180,7.3125,-0.4454,0.3833,40.74,0.00,0.00,1
18.482,0.4062,0.0890,0.6055,0.0612,1.1680,-0.2001,-4.46,4.15,0.0000,-0.1133,10.4922,0.6982,0.4534,40.74,0.00,0.00,1
18.500,0.1289,0.1568,-0.1992,0.1512,-0.5937,0.0470,-4.47,4.12,-0.2695,-0.9180,8.7383,0.4238,0.4621,40.74,0.00,0.00,1
18.521,0.1289,0.1489,-0.1250,0.0682,0.2852,0.0598,-4.48,4.11,-0.1914,-0.5742,9.4219,0.5004,0.4572,40.74,0.00,0.00,1
18.533,0.2070,0.1520,0.1523,0.0607,0.0937,0.0791,-4.48,4.09,-0.1914,-0.5742,9.4219,0.4966,0.4633,40.74,0.00,0.00,1
18.552,0.6211,0.2892,0.0742,0.0698,0.7461,0.2691,-4.49,4.05,-0.3437,-0.4609,9.0039,0.3384,0.4609,40.74,0.00,0.00,1
18.572,0.0469,0.2563,0.2656,0.1134,-0.3242,0.1675,-4.50,3.92,0.0391,-0.3828,10.3047,0.6982,0.4526,40.74,0.00,0.00,1
18.589,0.3047,0.2819,-0.3477,0.1322,-0.0977,0.2828,-4.51,3.78,-0.0781,-1.0742,9.2266,0.5580,0.5042,40.74,0.00,0.00,1
18.602,0.3047,0.2854,-0.3477,0.0585,-0.0977,0.2244,-4.52,3.72,-1.0352,-0.7266,8.1602,-0.4088,0.4344,40.74,0.00,0.00,1
18.620,0.0000,0.0727,-0.1094,0.0114,-0.2109,-0.1124,-4.53,3.63,-0.3828,-0.8438,9.1211,0.2270,0.2874,40.74,0.00,0.00,1
18.639,-0.0781,0.0458,-0.1094,-0.0228,-0.1328,-0.1341,-4.53,3.56,-0.4609,-0.8438,9.1953,0.1371,0.2505,40.74,0.00,0.00,1
18.652,0.7969,0.0968,0.2305,-0.0089,0.5937,-0.0758,-4.53,3.56,0.4219,-0.4961,9.9258,1.0199,0.3687,40.74,0.00,0.00,1
18.670,0.5977,0.2794,0.2656,0.0618,1.1680,0.1601,-4.54,3.42,0.2305,-0.4609,10.4961,0.8044,0.5053,40.74,0.00,0.00,1
18.692,0.5977,0.3697,0.2656,0.1196,1.1680,0.4459,-4.55,3.37,-0.1914,-0.5742,9.4219,0.3739,0.5651,40.74,0.00,0.00,1
18.703,0.1836,0.3716,0.1602,0.1336,0.0937,0.4709,-4.56,3.35,-0.1914,-0.5742,9.4219,0.3702,0.5351,40.74,0.00,0.00,1
18.723,0.4062,0.3417,-0.2227,0.0838,0.2109,0.3603,-4.57,3.32,-1.3398,-0.9180,8.0078,-0.7826,0.4326,40.74,0.00,0.00,1
18.742,-0.9727,0.0548,-0.1836,0.0056,-1.3203,-0.0209,-4.57,3.27,-0.3047,-0.4609,9.5781,0.2446,0.1693,40.74,0.00,0.00,1
18.754,0.0625,-0.0136,0.2734,0.0339,0.2500,-0.0673,-4.57,3.26,-0.3828,-0.8828,9.3047,0.1643,0.1792,40.74,0.00,0.00,1
18.771,-0.0156,-0.0093,-0.1406,0.0102,-0.0195,-0.0370,-4.58,3.22,-0.2695,-0.8047,8.8828,0.2706,0.1823,40.74,0.00,0.00,1
18.790,0.2812,0.0354,0.1680,-0.0006,0.5156,-0.0741,-4.58,3.19,-0.0781,-0.5742,9.8437,0.4566,0.2537,40.74,0.00,0.00,1
18.805,0.2812,0.0731,0.1680,0.0253,0.5156,0.0165,-4.59,3.18,0.4219,-1.1094,9.8047,0.9544,0.3245,40.74,0.00,0.00,1
18.822,0.0156,0.1816,0.0898,-0.0161,-0.0977,0.1040,-4.59,3.18,-0.3437,-0.6523,9.2305,0.1889,0.3856,40.74,0.00,0.00,1
18.841,0.4453,0.1594,0.0898,0.0200,0.7461,0.1028,-4.60,3.16,0.0781,-0.6523,10.0742,0.6074,0.4106,40.74,0.00,0.00,1
18.863,0.2070,0.2203,-0.4062,-0.0324,-0.0977,0.1925,-4.59,3.15,-0.8047,-0.5352,8.3906,-0.2759,0.3602,40.74,0.00,0.00,1
18.873,-0.4453,0.1660,0.2070,-0.0408,-0.9375,0.0807,-4.59,3.13,-0.8047,-0.5352,8.3906,-0.2791,0.2620,40.74,0.00,0.00,1
18.893,-0.0703,0.0152,-0.1016,-0.0037,-0.2500,-0.1608,-4.58,3.09,-0.5352,-0.8438,9.0039,-0.0176,0.1746,40.74,0.00,0.00,1
